x (nodes),y (nodes),x (m),y (m),h + zb (m),zb (m),h (m),u (m/s),v (m/s), q (m^2/s), h analytical (m), u analytical (m/s), h analytical + zb (m) , Fx (m^2/s^2), Fy (m^2/s^2)
    1,    1,    0.00312500000000,    0.00312500000000,    2.01269718132430,    0.00000000000000,    2.01269718132430,   -0.00000252477685,    0.00000000000000,   -0.00000508161125,    2.00654487955810,    0.00000000000000,    2.00654487955810,   41.22451812404052,    0.00000000000000,
    1,    2,    0.00312500000000,    0.00937500000000,    2.01269718132430,    0.00000000000000,    2.01269718132430,   -0.00000252477685,    0.00000000000000,   -0.00000508161125,    2.00654487955810,    0.00000000000000,    2.00654487955810,   41.22451812404052,    0.00000000000000,
    1,    3,    0.00312500000000,    0.01562500000000,    2.01269718132430,    0.00000000000000,    2.01269718132430,   -0.00000252477685,    0.00000000000000,   -0.00000508161125,    2.00654487955810,    0.00000000000000,    2.00654487955810,   41.22451812404052,    0.00000000000000,
    1,    4,    0.00312500000000,    0.02187500000000,    2.01269718132430,    0.00000000000000,    2.01269718132430,   -0.00000252477685,    0.00000000000000,   -0.00000508161125,    2.00654487955810,    0.00000000000000,    2.00654487955810,   41.22451812404052,    0.00000000000000,
    1,    5,    0.00312500000000,    0.02812500000000,    2.01269718132430,    0.00000000000000,    2.01269718132430,   -0.00000252477685,    0.00000000000000,   -0.00000508161125,    2.00654487955810,    0.00000000000000,    2.00654487955810,   41.22451812404052,    0.00000000000000,
    2,    1,    0.00937500000000,    0.00312500000000,    2.02574482188656,    0.00000000000000,    2.02574482188656,   -0.00000246745616,    0.00000000000000,   -0.00000499843653,    2.01963211549864,    0.00000000000000,    2.01963211549864,   41.47739924194107,    0.00000000000000,
    2,    2,    0.00937500000000,    0.00937500000000,    2.02574482188656,    0.00000000000000,    2.02574482188656,   -0.00000246745616,    0.00000000000000,   -0.00000499843653,    2.01963211549864,    0.00000000000000,    2.01963211549864,   41.47739924194107,    0.00000000000000,
    2,    3,    0.00937500000000,    0.01562500000000,    2.02574482188656,    0.00000000000000,    2.02574482188656,   -0.00000246745616,    0.00000000000000,   -0.00000499843653,    2.01963211549864,    0.00000000000000,    2.01963211549864,   41.47739924194107,    0.00000000000000,
    2,    4,    0.00937500000000,    0.02187500000000,    2.02574482188656,    0.00000000000000,    2.02574482188656,   -0.00000246745616,    0.00000000000000,   -0.00000499843653,    2.01963211549864,    0.00000000000000,    2.01963211549864,   41.47739924194107,    0.00000000000000,
    2,    5,    0.00937500000000,    0.02812500000000,    2.02574482188656,    0.00000000000000,    2.02574482188656,   -0.00000246745616,    0.00000000000000,   -0.00000499843653,    2.01963211549864,    0.00000000000000,    2.01963211549864,   41.47739924194107,    0.00000000000000,
    3,    1,    0.01562500000000,    0.00312500000000,    2.03878542799842,    0.00000000000000,    2.03878542799842,   -0.00000241022599,    0.00000000000000,   -0.00000491393363,    2.03271178288495,    0.00000000000000,    2.03271178288495,   41.71382378419251,    0.00000000000000,
    3,    2,    0.01562500000000,    0.00937500000000,    2.03878542799842,    0.00000000000000,    2.03878542799842,   -0.00000241022599,    0.00000000000000,   -0.00000491393363,    2.03271178288495,    0.00000000000000,    2.03271178288495,   41.71382378419251,    0.00000000000000,
    3,    3,    0.01562500000000,    0.01562500000000,    2.03878542799842,    0.00000000000000,    2.03878542799842,   -0.00000241022599,    0.00000000000000,   -0.00000491393363,    2.03271178288495,    0.00000000000000,    2.03271178288495,   41.71382378419251,    0.00000000000000,
    3,    4,    0.01562500000000,    0.02187500000000,    2.03878542799842,    0.00000000000000,    2.03878542799842,   -0.00000241022599,    0.00000000000000,   -0.00000491393363,    2.03271178288495,    0.00000000000000,    2.03271178288495,   41.71382378419251,    0.00000000000000,
    3,    5,    0.01562500000000,    0.02812500000000,    2.03878542799842,    0.00000000000000,    2.03878542799842,   -0.00000241022599,    0.00000000000000,   -0.00000491393363,    2.03271178288495,    0.00000000000000,    2.03271178288495,   41.71382378419251,    0.00000000000000,
    4,    1,    0.02187500000000,    0.00312500000000,    2.05181396137060,    0.00000000000000,    2.05181396137060,   -0.00000235315313,    0.00000000000000,   -0.00000482823244,    2.04577883925625,    0.00000000000000,    2.04577883925625,   41.93339057102086,    0.00000000000000,
    4,    2,    0.02187500000000,    0.00937500000000,    2.05181396137060,    0.00000000000000,    2.05181396137060,   -0.00000235315313,    0.00000000000000,   -0.00000482823244,    2.04577883925625,    0.00000000000000,    2.04577883925625,   41.93339057102086,    0.00000000000000,
    4,    3,    0.02187500000000,    0.01562500000000,    2.05181396137060,    0.00000000000000,    2.05181396137060,   -0.00000235315313,    0.00000000000000,   -0.00000482823244,    2.04577883925625,    0.00000000000000,    2.04577883925625,   41.93339057102086,    0.00000000000000,
    4,    4,    0.02187500000000,    0.02187500000000,    2.05181396137060,    0.00000000000000,    2.05181396137060,   -0.00000235315313,    0.00000000000000,   -0.00000482823244,    2.04577883925625,    0.00000000000000,    2.04577883925625,   41.93339057102086,    0.00000000000000,
    4,    5,    0.02187500000000,    0.02812500000000,    2.05181396137060,    0.00000000000000,    2.05181396137060,   -0.00000235315313,    0.00000000000000,   -0.00000482823244,    2.04577883925625,    0.00000000000000,    2.04577883925625,   41.93339057102086,    0.00000000000000,
    5,    1,    0.02812500000000,    0.00312500000000,    2.06482538809058,    0.00000000000000,    2.06482538809058,   -0.00000229630119,    0.00000000000000,   -0.00000474146100,    2.05882824701358,    0.00000000000000,    2.05882824701358,   42.13570611860882,    0.00000000000000,
    5,    2,    0.02812500000000,    0.00937500000000,    2.06482538809058,    0.00000000000000,    2.06482538809058,   -0.00000229630119,    0.00000000000000,   -0.00000474146100,    2.05882824701358,    0.00000000000000,    2.05882824701358,   42.13570611860882,    0.00000000000000,
    5,    3,    0.02812500000000,    0.01562500000000,    2.06482538809058,    0.00000000000000,    2.06482538809058,   -0.00000229630119,    0.00000000000000,   -0.00000474146100,    2.05882824701358,    0.00000000000000,    2.05882824701358,   42.13570611860882,    0.00000000000000,
    5,    4,    0.02812500000000,    0.02187500000000,    2.06482538809058,    0.00000000000000,    2.06482538809058,   -0.00000229630119,    0.00000000000000,   -0.00000474146100,    2.05882824701358,    0.00000000000000,    2.05882824701358,   42.13570611860882,    0.00000000000000,
    5,    5,    0.02812500000000,    0.02812500000000,    2.06482538809058,    0.00000000000000,    2.06482538809058,   -0.00000229630119,    0.00000000000000,   -0.00000474146100,    2.05882824701358,    0.00000000000000,    2.05882824701358,   42.13570611860882,    0.00000000000000,
    6,    1,    0.03437500000000,    0.00312500000000,    2.07781468058801,    0.00000000000000,    2.07781468058801,   -0.00000223973070,    0.00000000000000,   -0.00000465374534,    2.07185497536184,    0.00000000000000,    2.07185497536184,   42.32038526699495,    0.00000000000000,
    6,    2,    0.03437500000000,    0.00937500000000,    2.07781468058801,    0.00000000000000,    2.07781468058801,   -0.00000223973070,    0.00000000000000,   -0.00000465374534,    2.07185497536184,    0.00000000000000,    2.07185497536184,   42.32038526699495,    0.00000000000000,
    6,    3,    0.03437500000000,    0.01562500000000,    2.07781468058801,    0.00000000000000,    2.07781468058801,   -0.00000223973070,    0.00000000000000,   -0.00000465374534,    2.07185497536184,    0.00000000000000,    2.07185497536184,   42.32038526699495,    0.00000000000000,
    6,    4,    0.03437500000000,    0.02187500000000,    2.07781468058801,    0.00000000000000,    2.07781468058801,   -0.00000223973070,    0.00000000000000,   -0.00000465374534,    2.07185497536184,    0.00000000000000,    2.07185497536184,   42.32038526699495,    0.00000000000000,
    6,    5,    0.03437500000000,    0.02812500000000,    2.07781468058801,    0.00000000000000,    2.07781468058801,   -0.00000223973070,    0.00000000000000,   -0.00000465374534,    2.07185497536184,    0.00000000000000,    2.07185497536184,   42.32038526699495,    0.00000000000000,
    7,    1,    0.04062500000000,    0.00312500000000,    2.09077681959692,    0.00000000000000,    2.09077681959692,   -0.00000218349904,    0.00000000000000,   -0.00000456520918,    2.08485400224928,    0.00000000000000,    2.08485400224928,   42.48705180218399,    0.00000000000000,
    7,    2,    0.04062500000000,    0.00937500000000,    2.09077681959692,    0.00000000000000,    2.09077681959692,   -0.00000218349904,    0.00000000000000,   -0.00000456520918,    2.08485400224928,    0.00000000000000,    2.08485400224928,   42.48705180218399,    0.00000000000000,
    7,    3,    0.04062500000000,    0.01562500000000,    2.09077681959692,    0.00000000000000,    2.09077681959692,   -0.00000218349904,    0.00000000000000,   -0.00000456520918,    2.08485400224928,    0.00000000000000,    2.08485400224928,   42.48705180218399,    0.00000000000000,
    7,    4,    0.04062500000000,    0.02187500000000,    2.09077681959692,    0.00000000000000,    2.09077681959692,   -0.00000218349904,    0.00000000000000,   -0.00000456520918,    2.08485400224928,    0.00000000000000,    2.08485400224928,   42.48705180218399,    0.00000000000000,
    7,    5,    0.04062500000000,    0.02812500000000,    2.09077681959692,    0.00000000000000,    2.09077681959692,   -0.00000218349904,    0.00000000000000,   -0.00000456520918,    2.08485400224928,    0.00000000000000,    2.08485400224928,   42.48705180218399,    0.00000000000000,
    8,    1,    0.04687500000000,    0.00312500000000,    2.10370679611420,    0.00000000000000,    2.10370679611420,   -0.00000212766050,    0.00000000000000,   -0.00000447597386,    2.09782031630357,    0.00000000000000,    2.09782031630357,   42.63533907149809,    0.00000000000000,
    8,    2,    0.04687500000000,    0.00937500000000,    2.10370679611420,    0.00000000000000,    2.10370679611420,   -0.00000212766050,    0.00000000000000,   -0.00000447597386,    2.09782031630357,    0.00000000000000,    2.09782031630357,   42.63533907149809,    0.00000000000000,
    8,    3,    0.04687500000000,    0.01562500000000,    2.10370679611420,    0.00000000000000,    2.10370679611420,   -0.00000212766050,    0.00000000000000,   -0.00000447597386,    2.09782031630357,    0.00000000000000,    2.09782031630357,   42.63533907149809,    0.00000000000000,
    8,    4,    0.04687500000000,    0.02187500000000,    2.10370679611420,    0.00000000000000,    2.10370679611420,   -0.00000212766050,    0.00000000000000,   -0.00000447597386,    2.09782031630357,    0.00000000000000,    2.09782031630357,   42.63533907149809,    0.00000000000000,
    8,    5,    0.04687500000000,    0.02812500000000,    2.10370679611420,    0.00000000000000,    2.10370679611420,   -0.00000212766050,    0.00000000000000,   -0.00000447597386,    2.09782031630357,    0.00000000000000,    2.09782031630357,   42.63533907149809,    0.00000000000000,
    9,    1,    0.05312500000000,    0.00312500000000,    2.11659961335306,    0.00000000000000,    2.11659961335306,   -0.00000207226631,    0.00000000000000,   -0.00000438615807,    2.11074891876384,    0.00000000000000,    2.11074891876384,   42.76489059120662,    0.00000000000000,
    9,    2,    0.05312500000000,    0.00937500000000,    2.11659961335306,    0.00000000000000,    2.11659961335306,   -0.00000207226631,    0.00000000000000,   -0.00000438615807,    2.11074891876384,    0.00000000000000,    2.11074891876384,   42.76489059120662,    0.00000000000000,
    9,    3,    0.05312500000000,    0.01562500000000,    2.11659961335306,    0.00000000000000,    2.11659961335306,   -0.00000207226631,    0.00000000000000,   -0.00000438615807,    2.11074891876384,    0.00000000000000,    2.11074891876384,   42.76489059120662,    0.00000000000000,
    9,    4,    0.05312500000000,    0.02187500000000,    2.11659961335306,    0.00000000000000,    2.11659961335306,   -0.00000207226631,    0.00000000000000,   -0.00000438615807,    2.11074891876384,    0.00000000000000,    2.11074891876384,   42.76489059120662,    0.00000000000000,
    9,    5,    0.05312500000000,    0.02812500000000,    2.11659961335306,    0.00000000000000,    2.11659961335306,   -0.00000207226631,    0.00000000000000,   -0.00000438615807,    2.11074891876384,    0.00000000000000,    2.11074891876384,   42.76489059120662,    0.00000000000000,
   10,    1,    0.05937500000000,    0.00312500000000,    2.12945028869124,    0.00000000000000,    2.12945028869124,   -0.00000201736465,    0.00000000000000,   -0.00000429587773,    2.12363482540773,    0.00000000000000,    2.12363482540773,   42.87536064548118,    0.00000000000000,
   10,    2,    0.05937500000000,    0.00937500000000,    2.12945028869124,    0.00000000000000,    2.12945028869124,   -0.00000201736465,    0.00000000000000,   -0.00000429587773,    2.12363482540773,    0.00000000000000,    2.12363482540773,   42.87536064548118,    0.00000000000000,
   10,    3,    0.05937500000000,    0.01562500000000,    2.12945028869124,    0.00000000000000,    2.12945028869124,   -0.00000201736465,    0.00000000000000,   -0.00000429587773,    2.12363482540773,    0.00000000000000,    2.12363482540773,   42.87536064548118,    0.00000000000000,
   10,    4,    0.05937500000000,    0.02187500000000,    2.12945028869124,    0.00000000000000,    2.12945028869124,   -0.00000201736465,    0.00000000000000,   -0.00000429587773,    2.12363482540773,    0.00000000000000,    2.12363482540773,   42.87536064548118,    0.00000000000000,
   10,    5,    0.05937500000000,    0.02812500000000,    2.12945028869124,    0.00000000000000,    2.12945028869124,   -0.00000201736465,    0.00000000000000,   -0.00000429587773,    2.12363482540773,    0.00000000000000,    2.12363482540773,   42.87536064548118,    0.00000000000000,
   11,    1,    0.06562500000000,    0.00312500000000,    2.14225385561297,    0.00000000000000,    2.14225385561297,   -0.00000196300069,    0.00000000000000,   -0.00000420524581,    2.13647306847292,    0.00000000000000,    2.13647306847292,   42.96641487573362,    0.00000000000000,
   11,    2,    0.06562500000000,    0.00937500000000,    2.14225385561297,    0.00000000000000,    2.14225385561297,   -0.00000196300069,    0.00000000000000,   -0.00000420524581,    2.13647306847292,    0.00000000000000,    2.13647306847292,   42.96641487573362,    0.00000000000000,
   11,    3,    0.06562500000000,    0.01562500000000,    2.14225385561297,    0.00000000000000,    2.14225385561297,   -0.00000196300069,    0.00000000000000,   -0.00000420524581,    2.13647306847292,    0.00000000000000,    2.13647306847292,   42.96641487573362,    0.00000000000000,
   11,    4,    0.06562500000000,    0.02187500000000,    2.14225385561297,    0.00000000000000,    2.14225385561297,   -0.00000196300069,    0.00000000000000,   -0.00000420524581,    2.13647306847292,    0.00000000000000,    2.13647306847292,   42.96641487573362,    0.00000000000000,
   11,    5,    0.06562500000000,    0.02812500000000,    2.14225385561297,    0.00000000000000,    2.14225385561297,   -0.00000196300069,    0.00000000000000,   -0.00000420524581,    2.13647306847292,    0.00000000000000,    2.13647306847292,   42.96641487573362,    0.00000000000000,
   12,    1,    0.07187500000000,    0.00312500000000,    2.15500536564393,    0.00000000000000,    2.15500536564393,   -0.00000190921670,    0.00000000000000,   -0.00000411437222,    2.14925869857233,    0.00000000000000,    2.14925869857233,   43.03773085940614,    0.00000000000000,
   12,    2,    0.07187500000000,    0.00937500000000,    2.15500536564393,    0.00000000000000,    2.15500536564393,   -0.00000190921670,    0.00000000000000,   -0.00000411437222,    2.14925869857233,    0.00000000000000,    2.14925869857233,   43.03773085940614,    0.00000000000000,
   12,    3,    0.07187500000000,    0.01562500000000,    2.15500536564393,    0.00000000000000,    2.15500536564393,   -0.00000190921670,    0.00000000000000,   -0.00000411437222,    2.14925869857233,    0.00000000000000,    2.14925869857233,   43.03773085940614,    0.00000000000000,
   12,    4,    0.07187500000000,    0.02187500000000,    2.15500536564393,    0.00000000000000,    2.15500536564393,   -0.00000190921670,    0.00000000000000,   -0.00000411437222,    2.14925869857233,    0.00000000000000,    2.14925869857233,   43.03773085940614,    0.00000000000000,
   12,    5,    0.07187500000000,    0.02812500000000,    2.15500536564393,    0.00000000000000,    2.15500536564393,   -0.00000190921670,    0.00000000000000,   -0.00000411437222,    2.14925869857233,    0.00000000000000,    2.14925869857233,   43.03773085940614,    0.00000000000000,
   13,    1,    0.07812500000000,    0.00312500000000,    2.16769989027847,    0.00000000000000,    2.16769989027847,   -0.00000185605198,    0.00000000000000,   -0.00000402336368,    2.16198678660218,    0.00000000000000,    2.16198678660218,   43.08899867729707,    0.00000000000000,
   13,    2,    0.07812500000000,    0.00937500000000,    2.16769989027847,    0.00000000000000,    2.16769989027847,   -0.00000185605198,    0.00000000000000,   -0.00000402336368,    2.16198678660218,    0.00000000000000,    2.16198678660218,   43.08899867729707,    0.00000000000000,
   13,    3,    0.07812500000000,    0.01562500000000,    2.16769989027847,    0.00000000000000,    2.16769989027847,   -0.00000185605198,    0.00000000000000,   -0.00000402336368,    2.16198678660218,    0.00000000000000,    2.16198678660218,   43.08899867729707,    0.00000000000000,
   13,    4,    0.07812500000000,    0.02187500000000,    2.16769989027847,    0.00000000000000,    2.16769989027847,   -0.00000185605198,    0.00000000000000,   -0.00000402336368,    2.16198678660218,    0.00000000000000,    2.16198678660218,   43.08899867729707,    0.00000000000000,
   13,    5,    0.07812500000000,    0.02812500000000,    2.16769989027847,    0.00000000000000,    2.16769989027847,   -0.00000185605198,    0.00000000000000,   -0.00000402336368,    2.16198678660218,    0.00000000000000,    2.16198678660218,   43.08899867729707,    0.00000000000000,
   14,    1,    0.08437500000000,    0.00312500000000,    2.18033252289854,    0.00000000000000,    2.18033252289854,   -0.00000180354304,    0.00000000000000,   -0.00000393232355,    2.17465242564223,    0.00000000000000,    2.17465242564223,   43.11992146852034,    0.00000000000000,
   14,    2,    0.08437500000000,    0.00937500000000,    2.18033252289854,    0.00000000000000,    2.18033252289854,   -0.00000180354304,    0.00000000000000,   -0.00000393232355,    2.17465242564223,    0.00000000000000,    2.17465242564223,   43.11992146852034,    0.00000000000000,
   14,    3,    0.08437500000000,    0.01562500000000,    2.18033252289854,    0.00000000000000,    2.18033252289854,   -0.00000180354304,    0.00000000000000,   -0.00000393232355,    2.17465242564223,    0.00000000000000,    2.17465242564223,   43.11992146852034,    0.00000000000000,
   14,    4,    0.08437500000000,    0.02187500000000,    2.18033252289854,    0.00000000000000,    2.18033252289854,   -0.00000180354304,    0.00000000000000,   -0.00000393232355,    2.17465242564223,    0.00000000000000,    2.17465242564223,   43.11992146852034,    0.00000000000000,
   14,    5,    0.08437500000000,    0.02812500000000,    2.18033252289854,    0.00000000000000,    2.18033252289854,   -0.00000180354304,    0.00000000000000,   -0.00000393232355,    2.17465242564223,    0.00000000000000,    2.17465242564223,   43.11992146852034,    0.00000000000000,
   15,    1,    0.09062500000000,    0.00312500000000,    2.19289838068331,    0.00000000000000,    2.19289838068331,   -0.00000175172357,    0.00000000000000,   -0.00000384135179,    2.18725073284753,    0.00000000000000,    2.18725073284753,   43.13021597221321,    0.00000000000000,
   15,    2,    0.09062500000000,    0.00937500000000,    2.19289838068331,    0.00000000000000,    2.19289838068331,   -0.00000175172357,    0.00000000000000,   -0.00000384135179,    2.18725073284753,    0.00000000000000,    2.18725073284753,   43.13021597221321,    0.00000000000000,
   15,    3,    0.09062500000000,    0.01562500000000,    2.19289838068331,    0.00000000000000,    2.19289838068331,   -0.00000175172357,    0.00000000000000,   -0.00000384135179,    2.18725073284753,    0.00000000000000,    2.18725073284753,   43.13021597221321,    0.00000000000000,
   15,    4,    0.09062500000000,    0.02187500000000,    2.19289838068331,    0.00000000000000,    2.19289838068331,   -0.00000175172357,    0.00000000000000,   -0.00000384135179,    2.18725073284753,    0.00000000000000,    2.18725073284753,   43.13021597221321,    0.00000000000000,
   15,    5,    0.09062500000000,    0.02812500000000,    2.19289838068331,    0.00000000000000,    2.19289838068331,   -0.00000175172357,    0.00000000000000,   -0.00000384135179,    2.18725073284753,    0.00000000000000,    2.18725073284753,   43.13021597221321,    0.00000000000000,
   16,    1,    0.09687500000000,    0.00312500000000,    2.20539260650895,    0.00000000000000,    2.20539260650895,   -0.00000170062457,    0.00000000000000,   -0.00000375054485,    2.19977685133084,    0.00000000000000,    2.19977685133084,   43.11961305512458,    0.00000000000000,
   16,    2,    0.09687500000000,    0.00937500000000,    2.20539260650895,    0.00000000000000,    2.20539260650895,   -0.00000170062457,    0.00000000000000,   -0.00000375054485,    2.19977685133084,    0.00000000000000,    2.19977685133084,   43.11961305512458,    0.00000000000000,
   16,    3,    0.09687500000000,    0.01562500000000,    2.20539260650895,    0.00000000000000,    2.20539260650895,   -0.00000170062457,    0.00000000000000,   -0.00000375054485,    2.19977685133084,    0.00000000000000,    2.19977685133084,   43.11961305512458,    0.00000000000000,
   16,    4,    0.09687500000000,    0.02187500000000,    2.20539260650895,    0.00000000000000,    2.20539260650895,   -0.00000170062457,    0.00000000000000,   -0.00000375054485,    2.19977685133084,    0.00000000000000,    2.19977685133084,   43.11961305512458,    0.00000000000000,
   16,    5,    0.09687500000000,    0.02812500000000,    2.20539260650895,    0.00000000000000,    2.20539260650895,   -0.00000170062457,    0.00000000000000,   -0.00000375054485,    2.19977685133084,    0.00000000000000,    2.19977685133084,   43.11961305512458,    0.00000000000000,
   17,    1,    0.10312500000000,    0.00312500000000,    2.21781037083778,    0.00000000000000,    2.21781037083778,   -0.00000165027434,   -0.00000000000000,   -0.00000365999555,    2.21222595203503,    0.00000000000000,    2.21222595203503,   43.08785822423553,    0.00000000000000,
   17,    2,    0.10312500000000,    0.00937500000000,    2.21781037083778,    0.00000000000000,    2.21781037083778,   -0.00000165027434,   -0.00000000000000,   -0.00000365999555,    2.21222595203503,    0.00000000000000,    2.21222595203503,   43.08785822423553,    0.00000000000000,
   17,    3,    0.10312500000000,    0.01562500000000,    2.21781037083778,    0.00000000000000,    2.21781037083778,   -0.00000165027434,   -0.00000000000000,   -0.00000365999555,    2.21222595203503,    0.00000000000000,    2.21222595203503,   43.08785822423553,    0.00000000000000,
   17,    4,    0.10312500000000,    0.02187500000000,    2.21781037083778,    0.00000000000000,    2.21781037083778,   -0.00000165027434,   -0.00000000000000,   -0.00000365999555,    2.21222595203503,    0.00000000000000,    2.21222595203503,   43.08785822423553,    0.00000000000000,
   17,    5,    0.10312500000000,    0.02812500000000,    2.21781037083778,    0.00000000000000,    2.21781037083778,   -0.00000165027434,   -0.00000000000000,   -0.00000365999555,    2.21222595203503,    0.00000000000000,    2.21222595203503,   43.08785822423553,    0.00000000000000,
   18,    1,    0.10937500000000,    0.00312500000000,    2.23014687359619,    0.00000000000000,    2.23014687359619,   -0.00000160069864,    0.00000000000000,   -0.00000356979307,    2.22459323559481,    0.00000000000000,    2.22459323559481,   43.03471212358377,    0.00000000000000,
   18,    2,    0.10937500000000,    0.00937500000000,    2.23014687359619,    0.00000000000000,    2.23014687359619,   -0.00000160069864,    0.00000000000000,   -0.00000356979307,    2.22459323559481,    0.00000000000000,    2.22459323559481,   43.03471212358377,    0.00000000000000,
   18,    3,    0.10937500000000,    0.01562500000000,    2.23014687359619,    0.00000000000000,    2.23014687359619,   -0.00000160069864,    0.00000000000000,   -0.00000356979307,    2.22459323559481,    0.00000000000000,    2.22459323559481,   43.03471212358377,    0.00000000000000,
   18,    4,    0.10937500000000,    0.02187500000000,    2.23014687359619,    0.00000000000000,    2.23014687359619,   -0.00000160069864,    0.00000000000000,   -0.00000356979307,    2.22459323559481,    0.00000000000000,    2.22459323559481,   43.03471212358377,    0.00000000000000,
   18,    5,    0.10937500000000,    0.02812500000000,    2.23014687359619,    0.00000000000000,    2.23014687359619,   -0.00000160069864,    0.00000000000000,   -0.00000356979307,    2.22459323559481,    0.00000000000000,    2.22459323559481,   43.03471212358377,    0.00000000000000,
   19,    1,    0.11562500000000,    0.00312500000000,    2.24239734604033,    0.00000000000000,    2.24239734604033,   -0.00000155192069,    0.00000000000000,   -0.00000348002285,    2.23687393418694,    0.00000000000000,    2.23687393418694,   42.95995101448592,    0.00000000000000,
   19,    2,    0.11562500000000,    0.00937500000000,    2.24239734604033,    0.00000000000000,    2.24239734604033,   -0.00000155192069,    0.00000000000000,   -0.00000348002285,    2.23687393418694,    0.00000000000000,    2.23687393418694,   42.95995101448592,    0.00000000000000,
   19,    3,    0.11562500000000,    0.01562500000000,    2.24239734604033,    0.00000000000000,    2.24239734604033,   -0.00000155192069,    0.00000000000000,   -0.00000348002285,    2.23687393418694,    0.00000000000000,    2.23687393418694,   42.95995101448592,    0.00000000000000,
   19,    4,    0.11562500000000,    0.02187500000000,    2.24239734604033,    0.00000000000000,    2.24239734604033,   -0.00000155192069,    0.00000000000000,   -0.00000348002285,    2.23687393418694,    0.00000000000000,    2.23687393418694,   42.95995101448592,    0.00000000000000,
   19,    5,    0.11562500000000,    0.02812500000000,    2.24239734604033,    0.00000000000000,    2.24239734604033,   -0.00000155192069,    0.00000000000000,   -0.00000348002285,    2.23687393418694,    0.00000000000000,    2.23687393418694,   42.95995101448592,    0.00000000000000,
   20,    1,    0.12187500000000,    0.00312500000000,    2.25455705260926,    0.00000000000000,    2.25455705260926,   -0.00000150396130,    0.00000000000000,   -0.00000339076655,    2.24906331336834,    0.00000000000000,    2.24906331336834,   42.86336723837415,    0.00000000000000,
   20,    2,    0.12187500000000,    0.00937500000000,    2.25455705260926,    0.00000000000000,    2.25455705260926,   -0.00000150396130,    0.00000000000000,   -0.00000339076655,    2.24906331336834,    0.00000000000000,    2.24906331336834,   42.86336723837415,    0.00000000000000,
   20,    3,    0.12187500000000,    0.01562500000000,    2.25455705260926,    0.00000000000000,    2.25455705260926,   -0.00000150396130,    0.00000000000000,   -0.00000339076655,    2.24906331336834,    0.00000000000000,    2.24906331336834,   42.86336723837415,    0.00000000000000,
   20,    4,    0.12187500000000,    0.02187500000000,    2.25455705260926,    0.00000000000000,    2.25455705260926,   -0.00000150396130,    0.00000000000000,   -0.00000339076655,    2.24906331336834,    0.00000000000000,    2.24906331336834,   42.86336723837415,    0.00000000000000,
   20,    5,    0.12187500000000,    0.02812500000000,    2.25455705260926,    0.00000000000000,    2.25455705260926,   -0.00000150396130,    0.00000000000000,   -0.00000339076655,    2.24906331336834,    0.00000000000000,    2.24906331336834,   42.86336723837415,    0.00000000000000,
   21,    1,    0.12812500000000,    0.00312500000000,    2.26662129276450,    0.00000000000000,    2.26662129276450,   -0.00000145683887,    0.00000000000000,   -0.00000330210201,    2.26115667390130,    0.00000000000000,    2.26115667390130,   42.74476966148814,    0.00000000000000,
   21,    2,    0.12812500000000,    0.00937500000000,    2.26662129276450,    0.00000000000000,    2.26662129276450,   -0.00000145683887,    0.00000000000000,   -0.00000330210201,    2.26115667390130,    0.00000000000000,    2.26115667390130,   42.74476966148814,    0.00000000000000,
   21,    3,    0.12812500000000,    0.01562500000000,    2.26662129276450,    0.00000000000000,    2.26662129276450,   -0.00000145683887,    0.00000000000000,   -0.00000330210201,    2.26115667390130,    0.00000000000000,    2.26115667390130,   42.74476966148814,    0.00000000000000,
   21,    4,    0.12812500000000,    0.02187500000000,    2.26662129276450,    0.00000000000000,    2.26662129276450,   -0.00000145683887,    0.00000000000000,   -0.00000330210201,    2.26115667390130,    0.00000000000000,    2.26115667390130,   42.74476966148814,    0.00000000000000,
   21,    5,    0.12812500000000,    0.02812500000000,    2.26662129276450,    0.00000000000000,    2.26662129276450,   -0.00000145683887,    0.00000000000000,   -0.00000330210201,    2.26115667390130,    0.00000000000000,    2.26115667390130,   42.74476966148814,    0.00000000000000,
   22,    1,    0.13437500000000,    0.00312500000000,    2.27858540281556,    0.00000000000000,    2.27858540281556,   -0.00000141056958,   -0.00000000000000,   -0.00000321410325,    2.27314935356513,    0.00000000000000,    2.27314935356513,   42.60398410068869,    0.00000000000000,
   22,    2,    0.13437500000000,    0.00937500000000,    2.27858540281556,    0.00000000000000,    2.27858540281556,   -0.00000141056958,   -0.00000000000000,   -0.00000321410325,    2.27314935356513,    0.00000000000000,    2.27314935356513,   42.60398410068869,    0.00000000000000,
   22,    3,    0.13437500000000,    0.01562500000000,    2.27858540281556,    0.00000000000000,    2.27858540281556,   -0.00000141056958,   -0.00000000000000,   -0.00000321410325,    2.27314935356513,    0.00000000000000,    2.27314935356513,   42.60398410068869,    0.00000000000000,
   22,    4,    0.13437500000000,    0.02187500000000,    2.27858540281556,    0.00000000000000,    2.27858540281556,   -0.00000141056958,   -0.00000000000000,   -0.00000321410325,    2.27314935356513,    0.00000000000000,    2.27314935356513,   42.60398410068869,    0.00000000000000,
   22,    5,    0.13437500000000,    0.02812500000000,    2.27858540281556,    0.00000000000000,    2.27858540281556,   -0.00000141056958,   -0.00000000000000,   -0.00000321410325,    2.27314935356513,    0.00000000000000,    2.27314935356513,   42.60398410068869,    0.00000000000000,
   23,    1,    0.14062500000000,    0.00312500000000,    2.29044475773054,    0.00000000000000,    2.29044475773054,   -0.00000136516735,    0.00000000000000,   -0.00000312684040,    2.28503672895352,    0.00000000000000,    2.28503672895352,   42.44085372968584,    0.00000000000000,
   23,    2,    0.14062500000000,    0.00937500000000,    2.29044475773054,    0.00000000000000,    2.29044475773054,   -0.00000136516735,    0.00000000000000,   -0.00000312684040,    2.28503672895352,    0.00000000000000,    2.28503672895352,   42.44085372968584,    0.00000000000000,
   23,    3,    0.14062500000000,    0.01562500000000,    2.29044475773054,    0.00000000000000,    2.29044475773054,   -0.00000136516735,    0.00000000000000,   -0.00000312684040,    2.28503672895352,    0.00000000000000,    2.28503672895352,   42.44085372968584,    0.00000000000000,
   23,    4,    0.14062500000000,    0.02187500000000,    2.29044475773054,    0.00000000000000,    2.29044475773054,   -0.00000136516735,    0.00000000000000,   -0.00000312684040,    2.28503672895352,    0.00000000000000,    2.28503672895352,   42.44085372968584,    0.00000000000000,
   23,    5,    0.14062500000000,    0.02812500000000,    2.29044475773054,    0.00000000000000,    2.29044475773054,   -0.00000136516735,    0.00000000000000,   -0.00000312684040,    2.28503672895352,    0.00000000000000,    2.28503672895352,   42.44085372968584,    0.00000000000000,
   24,    1,    0.14687500000000,    0.00312500000000,    2.30219477293145,    0.00000000000000,    2.30219477293145,   -0.00000132064401,    0.00000000000000,   -0.00000304037974,    2.29681421725698,    0.00000000000000,    2.29681421725698,   42.25523946500207,    0.00000000000000,
   24,    2,    0.14687500000000,    0.00937500000000,    2.30219477293145,    0.00000000000000,    2.30219477293145,   -0.00000132064401,    0.00000000000000,   -0.00000304037974,    2.29681421725698,    0.00000000000000,    2.29681421725698,   42.25523946500207,    0.00000000000000,
   24,    3,    0.14687500000000,    0.01562500000000,    2.30219477293145,    0.00000000000000,    2.30219477293145,   -0.00000132064401,    0.00000000000000,   -0.00000304037974,    2.29681421725698,    0.00000000000000,    2.29681421725698,   42.25523946500207,    0.00000000000000,
   24,    4,    0.14687500000000,    0.02187500000000,    2.30219477293145,    0.00000000000000,    2.30219477293145,   -0.00000132064401,    0.00000000000000,   -0.00000304037974,    2.29681421725698,    0.00000000000000,    2.29681421725698,   42.25523946500207,    0.00000000000000,
   24,    5,    0.14687500000000,    0.02812500000000,    2.30219477293145,    0.00000000000000,    2.30219477293145,   -0.00000132064401,    0.00000000000000,   -0.00000304037974,    2.29681421725698,    0.00000000000000,    2.29681421725698,   42.25523946500207,    0.00000000000000,
   25,    1,    0.15312500000000,    0.00312500000000,    2.31383090607302,    0.00000000000000,    2.31383090607302,   -0.00000127700934,    0.00000000000000,   -0.00000295478368,    2.30847727802957,    0.00000000000000,    2.30847727802957,   42.04702033101986,    0.00000000000000,
   25,    2,    0.15312500000000,    0.00937500000000,    2.31383090607302,    0.00000000000000,    2.31383090607302,   -0.00000127700934,    0.00000000000000,   -0.00000295478368,    2.30847727802957,    0.00000000000000,    2.30847727802957,   42.04702033101986,    0.00000000000000,
   25,    3,    0.15312500000000,    0.01562500000000,    2.31383090607302,    0.00000000000000,    2.31383090607302,   -0.00000127700934,    0.00000000000000,   -0.00000295478368,    2.30847727802957,    0.00000000000000,    2.30847727802957,   42.04702033101986,    0.00000000000000,
   25,    4,    0.15312500000000,    0.02187500000000,    2.31383090607302,    0.00000000000000,    2.31383090607302,   -0.00000127700934,    0.00000000000000,   -0.00000295478368,    2.30847727802957,    0.00000000000000,    2.30847727802957,   42.04702033101986,    0.00000000000000,
   25,    5,    0.15312500000000,    0.02812500000000,    2.31383090607302,    0.00000000000000,    2.31383090607302,   -0.00000127700934,    0.00000000000000,   -0.00000295478368,    2.30847727802957,    0.00000000000000,    2.30847727802957,   42.04702033101986,    0.00000000000000,
   26,    1,    0.15937500000000,    0.00312500000000,    2.32534865880490,    0.00000000000000,    2.32534865880490,   -0.00000123427115,   -0.00000000000000,   -0.00000287011075,    2.32002141493934,    0.00000000000000,    2.32002141493934,   41.81609380349276,    0.00000000000000,
   26,    2,    0.15937500000000,    0.00937500000000,    2.32534865880490,    0.00000000000000,    2.32534865880490,   -0.00000123427115,   -0.00000000000000,   -0.00000287011075,    2.32002141493934,    0.00000000000000,    2.32002141493934,   41.81609380349276,    0.00000000000000,
   26,    3,    0.15937500000000,    0.01562500000000,    2.32534865880490,    0.00000000000000,    2.32534865880490,   -0.00000123427115,   -0.00000000000000,   -0.00000287011075,    2.32002141493934,    0.00000000000000,    2.32002141493934,   41.81609380349276,    0.00000000000000,
   26,    4,    0.15937500000000,    0.02187500000000,    2.32534865880490,    0.00000000000000,    2.32534865880490,   -0.00000123427115,   -0.00000000000000,   -0.00000287011075,    2.32002141493934,    0.00000000000000,    2.32002141493934,   41.81609380349276,    0.00000000000000,
   26,    5,    0.15937500000000,    0.02812500000000,    2.32534865880490,    0.00000000000000,    2.32534865880490,   -0.00000123427115,   -0.00000000000000,   -0.00000287011075,    2.32002141493934,    0.00000000000000,    2.32002141493934,   41.81609380349276,    0.00000000000000,
   27,    1,    0.16562500000000,    0.00312500000000,    2.33674357851641,    0.00000000000000,    2.33674357851641,   -0.00000119243535,    0.00000000000000,   -0.00000278641566,    2.33144217750177,    0.00000000000000,    2.33144217750177,   41.56237613092961,    0.00000000000000,
   27,    2,    0.16562500000000,    0.00937500000000,    2.33674357851641,    0.00000000000000,    2.33674357851641,   -0.00000119243535,    0.00000000000000,   -0.00000278641566,    2.33144217750177,    0.00000000000000,    2.33144217750177,   41.56237613092961,    0.00000000000000,
   27,    3,    0.16562500000000,    0.01562500000000,    2.33674357851641,    0.00000000000000,    2.33674357851641,   -0.00000119243535,    0.00000000000000,   -0.00000278641566,    2.33144217750177,    0.00000000000000,    2.33144217750177,   41.56237613092961,    0.00000000000000,
   27,    4,    0.16562500000000,    0.02187500000000,    2.33674357851641,    0.00000000000000,    2.33674357851641,   -0.00000119243535,    0.00000000000000,   -0.00000278641566,    2.33144217750177,    0.00000000000000,    2.33144217750177,   41.56237613092961,    0.00000000000000,
   27,    5,    0.16562500000000,    0.02812500000000,    2.33674357851641,    0.00000000000000,    2.33674357851641,   -0.00000119243535,    0.00000000000000,   -0.00000278641566,    2.33144217750177,    0.00000000000000,    2.33144217750177,   41.56237613092961,    0.00000000000000,
   28,    1,    0.17187500000000,    0.00312500000000,    2.34801126006291,    0.00000000000000,    2.34801126006291,   -0.00000115150609,   -0.00000000000000,   -0.00000270374926,    2.34273516279548,    0.00000000000000,    2.34273516279548,   41.28580263329371,    0.00000000000000,
   28,    2,    0.17187500000000,    0.00937500000000,    2.34801126006291,    0.00000000000000,    2.34801126006291,   -0.00000115150609,   -0.00000000000000,   -0.00000270374926,    2.34273516279548,    0.00000000000000,    2.34273516279548,   41.28580263329371,    0.00000000000000,
   28,    3,    0.17187500000000,    0.01562500000000,    2.34801126006291,    0.00000000000000,    2.34801126006291,   -0.00000115150609,   -0.00000000000000,   -0.00000270374926,    2.34273516279548,    0.00000000000000,    2.34273516279548,   41.28580263329371,    0.00000000000000,
   28,    4,    0.17187500000000,    0.02187500000000,    2.34801126006291,    0.00000000000000,    2.34801126006291,   -0.00000115150609,   -0.00000000000000,   -0.00000270374926,    2.34273516279548,    0.00000000000000,    2.34273516279548,   41.28580263329371,    0.00000000000000,
   28,    5,    0.17187500000000,    0.02812500000000,    2.34801126006291,    0.00000000000000,    2.34801126006291,   -0.00000115150609,   -0.00000000000000,   -0.00000270374926,    2.34273516279548,    0.00000000000000,    2.34273516279548,   41.28580263329371,    0.00000000000000,
   29,    1,    0.17812500000000,    0.00312500000000,    2.35914734747350,    0.00000000000000,    2.35914734747350,   -0.00000111148574,   -0.00000000000000,   -0.00000262215865,    2.35389601715967,    0.00000000000000,    2.35389601715967,   40.98632797749053,    0.00000000000000,
   29,    2,    0.17812500000000,    0.00937500000000,    2.35914734747350,    0.00000000000000,    2.35914734747350,   -0.00000111148574,   -0.00000000000000,   -0.00000262215865,    2.35389601715967,    0.00000000000000,    2.35389601715967,   40.98632797749053,    0.00000000000000,
   29,    3,    0.17812500000000,    0.01562500000000,    2.35914734747350,    0.00000000000000,    2.35914734747350,   -0.00000111148574,   -0.00000000000000,   -0.00000262215865,    2.35389601715967,    0.00000000000000,    2.35389601715967,   40.98632797749053,    0.00000000000000,
   29,    4,    0.17812500000000,    0.02187500000000,    2.35914734747350,    0.00000000000000,    2.35914734747350,   -0.00000111148574,   -0.00000000000000,   -0.00000262215865,    2.35389601715967,    0.00000000000000,    2.35389601715967,   40.98632797749053,    0.00000000000000,
   29,    5,    0.17812500000000,    0.02812500000000,    2.35914734747350,    0.00000000000000,    2.35914734747350,   -0.00000111148574,   -0.00000000000000,   -0.00000262215865,    2.35389601715967,    0.00000000000000,    2.35389601715967,   40.98632797749053,    0.00000000000000,
   30,    1,    0.18437500000000,    0.00312500000000,    2.37014753563933,    0.00000000000000,    2.37014753563933,   -0.00000107237507,   -0.00000000000000,   -0.00000254168713,    2.36492043787253,    0.00000000000000,    2.36492043787253,   40.66392642915191,    0.00000000000000,
   30,    2,    0.18437500000000,    0.00937500000000,    2.37014753563933,    0.00000000000000,    2.37014753563933,   -0.00000107237507,   -0.00000000000000,   -0.00000254168713,    2.36492043787253,    0.00000000000000,    2.36492043787253,   40.66392642915191,    0.00000000000000,
   30,    3,    0.18437500000000,    0.01562500000000,    2.37014753563933,    0.00000000000000,    2.37014753563933,   -0.00000107237507,   -0.00000000000000,   -0.00000254168713,    2.36492043787253,    0.00000000000000,    2.36492043787253,   40.66392642915191,    0.00000000000000,
   30,    4,    0.18437500000000,    0.02187500000000,    2.37014753563933,    0.00000000000000,    2.37014753563933,   -0.00000107237507,   -0.00000000000000,   -0.00000254168713,    2.36492043787253,    0.00000000000000,    2.36492043787253,   40.66392642915191,    0.00000000000000,
   30,    5,    0.18437500000000,    0.02812500000000,    2.37014753563933,    0.00000000000000,    2.37014753563933,   -0.00000107237507,   -0.00000000000000,   -0.00000254168713,    2.36492043787253,    0.00000000000000,    2.36492043787253,   40.66392642915191,    0.00000000000000,
   31,    1,    0.19062500000000,    0.00312500000000,    2.38100757198170,    0.00000000000000,    2.38100757198170,   -0.00000103417324,    0.00000000000000,   -0.00000246237432,    2.37580417481001,    0.00000000000000,    2.37580417481001,   40.31859208025818,    0.00000000000000,
   31,    2,    0.19062500000000,    0.00937500000000,    2.38100757198170,    0.00000000000000,    2.38100757198170,   -0.00000103417324,    0.00000000000000,   -0.00000246237432,    2.37580417481001,    0.00000000000000,    2.37580417481001,   40.31859208025818,    0.00000000000000,
   31,    3,    0.19062500000000,    0.01562500000000,    2.38100757198170,    0.00000000000000,    2.38100757198170,   -0.00000103417324,    0.00000000000000,   -0.00000246237432,    2.37580417481001,    0.00000000000000,    2.37580417481001,   40.31859208025818,    0.00000000000000,
   31,    4,    0.19062500000000,    0.02187500000000,    2.38100757198170,    0.00000000000000,    2.38100757198170,   -0.00000103417324,    0.00000000000000,   -0.00000246237432,    2.37580417481001,    0.00000000000000,    2.37580417481001,   40.31859208025818,    0.00000000000000,
   31,    5,    0.19062500000000,    0.02812500000000,    2.38100757198170,    0.00000000000000,    2.38100757198170,   -0.00000103417324,    0.00000000000000,   -0.00000246237432,    2.37580417481001,    0.00000000000000,    2.37580417481001,   40.31859208025818,    0.00000000000000,
   32,    1,    0.19687500000000,    0.00312500000000,    2.39172325809952,    0.00000000000000,    2.39172325809952,   -0.00000099687795,    0.00000000000000,   -0.00000238425617,    2.38654303208434,    0.00000000000000,    2.38654303208434,   39.95033905217457,    0.00000000000000,
   32,    2,    0.19687500000000,    0.00937500000000,    2.39172325809952,    0.00000000000000,    2.39172325809952,   -0.00000099687795,    0.00000000000000,   -0.00000238425617,    2.38654303208434,    0.00000000000000,    2.38654303208434,   39.95033905217457,    0.00000000000000,
   32,    3,    0.19687500000000,    0.01562500000000,    2.39172325809952,    0.00000000000000,    2.39172325809952,   -0.00000099687795,    0.00000000000000,   -0.00000238425617,    2.38654303208434,    0.00000000000000,    2.38654303208434,   39.95033905217457,    0.00000000000000,
   32,    4,    0.19687500000000,    0.02187500000000,    2.39172325809952,    0.00000000000000,    2.39172325809952,   -0.00000099687795,    0.00000000000000,   -0.00000238425617,    2.38654303208434,    0.00000000000000,    2.38654303208434,   39.95033905217457,    0.00000000000000,
   32,    5,    0.19687500000000,    0.02812500000000,    2.39172325809952,    0.00000000000000,    2.39172325809952,   -0.00000099687795,    0.00000000000000,   -0.00000238425617,    2.38654303208434,    0.00000000000000,    2.38654303208434,   39.95033905217457,    0.00000000000000,
   33,    1,    0.20312500000000,    0.00312500000000,    2.40229045139548,    0.00000000000000,    2.40229045139548,   -0.00000096048543,   -0.00000000000000,   -0.00000230736498,    2.39713286966162,    0.00000000000000,    2.39713286966162,   39.55920167371453,    0.00000000000000,
   33,    2,    0.20312500000000,    0.00937500000000,    2.40229045139548,    0.00000000000000,    2.40229045139548,   -0.00000096048543,   -0.00000000000000,   -0.00000230736498,    2.39713286966162,    0.00000000000000,    2.39713286966162,   39.55920167371453,    0.00000000000000,
   33,    3,    0.20312500000000,    0.01562500000000,    2.40229045139548,    0.00000000000000,    2.40229045139548,   -0.00000096048543,   -0.00000000000000,   -0.00000230736498,    2.39713286966162,    0.00000000000000,    2.39713286966162,   39.55920167371453,    0.00000000000000,
   33,    4,    0.20312500000000,    0.02187500000000,    2.40229045139548,    0.00000000000000,    2.40229045139548,   -0.00000096048543,   -0.00000000000000,   -0.00000230736498,    2.39713286966162,    0.00000000000000,    2.39713286966162,   39.55920167371453,    0.00000000000000,
   33,    5,    0.20312500000000,    0.02812500000000,    2.40229045139548,    0.00000000000000,    2.40229045139548,   -0.00000096048543,   -0.00000000000000,   -0.00000230736498,    2.39713286966162,    0.00000000000000,    2.39713286966162,   39.55920167371453,    0.00000000000000,
   34,    1,    0.20937500000000,    0.00312500000000,    2.41270506668023,    0.00000000000000,    2.41270506668023,   -0.00000092499062,    0.00000000000000,   -0.00000223172955,    2.40756960495788,    0.00000000000000,    2.40756960495788,   39.14523463387795,    0.00000000000000,
   34,    2,    0.20937500000000,    0.00937500000000,    2.41270506668023,    0.00000000000000,    2.41270506668023,   -0.00000092499062,    0.00000000000000,   -0.00000223172955,    2.40756960495788,    0.00000000000000,    2.40756960495788,   39.14523463387795,    0.00000000000000,
   34,    3,    0.20937500000000,    0.01562500000000,    2.41270506668023,    0.00000000000000,    2.41270506668023,   -0.00000092499062,    0.00000000000000,   -0.00000223172955,    2.40756960495788,    0.00000000000000,    2.40756960495788,   39.14523463387795,    0.00000000000000,
   34,    4,    0.20937500000000,    0.02187500000000,    2.41270506668023,    0.00000000000000,    2.41270506668023,   -0.00000092499062,    0.00000000000000,   -0.00000223172955,    2.40756960495788,    0.00000000000000,    2.40756960495788,   39.14523463387795,    0.00000000000000,
   34,    5,    0.20937500000000,    0.02812500000000,    2.41270506668023,    0.00000000000000,    2.41270506668023,   -0.00000092499062,    0.00000000000000,   -0.00000223172955,    2.40756960495788,    0.00000000000000,    2.40756960495788,   39.14523463387795,    0.00000000000000,
   35,    1,    0.21562500000000,    0.00312500000000,    2.42296307775409,    0.00000000000000,    2.42296307775409,   -0.00000089038713,    0.00000000000000,   -0.00000215737515,    2.41784921441298,    0.00000000000000,    2.41784921441298,   38.70851310894970,    0.00000000000000,
   35,    2,    0.21562500000000,    0.00937500000000,    2.42296307775409,    0.00000000000000,    2.42296307775409,   -0.00000089038713,    0.00000000000000,   -0.00000215737515,    2.41784921441298,    0.00000000000000,    2.41784921441298,   38.70851310894970,    0.00000000000000,
   35,    3,    0.21562500000000,    0.01562500000000,    2.42296307775409,    0.00000000000000,    2.42296307775409,   -0.00000089038713,    0.00000000000000,   -0.00000215737515,    2.41784921441298,    0.00000000000000,    2.41784921441298,   38.70851310894970,    0.00000000000000,
   35,    4,    0.21562500000000,    0.02187500000000,    2.42296307775409,    0.00000000000000,    2.42296307775409,   -0.00000089038713,    0.00000000000000,   -0.00000215737515,    2.41784921441298,    0.00000000000000,    2.41784921441298,   38.70851310894970,    0.00000000000000,
   35,    5,    0.21562500000000,    0.02812500000000,    2.42296307775409,    0.00000000000000,    2.42296307775409,   -0.00000089038713,    0.00000000000000,   -0.00000215737515,    2.41784921441298,    0.00000000000000,    2.41784921441298,   38.70851310894970,    0.00000000000000,
   36,    1,    0.22187500000000,    0.00312500000000,    2.43306051896553,    0.00000000000000,    2.43306051896553,   -0.00000085666740,    0.00000000000000,   -0.00000208432362,    2.42796773504180,    0.00000000000000,    2.42796773504180,   38.24913286368085,    0.00000000000000,
   36,    2,    0.22187500000000,    0.00937500000000,    2.43306051896553,    0.00000000000000,    2.43306051896553,   -0.00000085666740,    0.00000000000000,   -0.00000208432362,    2.42796773504180,    0.00000000000000,    2.42796773504180,   38.24913286368085,    0.00000000000000,
   36,    3,    0.22187500000000,    0.01562500000000,    2.43306051896553,    0.00000000000000,    2.43306051896553,   -0.00000085666740,    0.00000000000000,   -0.00000208432362,    2.42796773504180,    0.00000000000000,    2.42796773504180,   38.24913286368085,    0.00000000000000,
   36,    4,    0.22187500000000,    0.02187500000000,    2.43306051896553,    0.00000000000000,    2.43306051896553,   -0.00000085666740,    0.00000000000000,   -0.00000208432362,    2.42796773504180,    0.00000000000000,    2.42796773504180,   38.24913286368085,    0.00000000000000,
   36,    5,    0.22187500000000,    0.02812500000000,    2.43306051896553,    0.00000000000000,    2.43306051896553,   -0.00000085666740,    0.00000000000000,   -0.00000208432362,    2.42796773504180,    0.00000000000000,    2.42796773504180,   38.24913286368085,    0.00000000000000,
   37,    1,    0.22812500000000,    0.00312500000000,    2.44299348674611,    0.00000000000000,    2.44299348674611,   -0.00000082382269,   -0.00000000000000,   -0.00000201259347,    2.43792126596203,    0.00000000000000,    2.43792126596203,   37.76721032631315,    0.00000000000000,
   37,    2,    0.22812500000000,    0.00937500000000,    2.44299348674611,    0.00000000000000,    2.44299348674611,   -0.00000082382269,   -0.00000000000000,   -0.00000201259347,    2.43792126596203,    0.00000000000000,    2.43792126596203,   37.76721032631315,    0.00000000000000,
   37,    3,    0.22812500000000,    0.01562500000000,    2.44299348674611,    0.00000000000000,    2.44299348674611,   -0.00000082382269,   -0.00000000000000,   -0.00000201259347,    2.43792126596203,    0.00000000000000,    2.43792126596203,   37.76721032631315,    0.00000000000000,
   37,    4,    0.22812500000000,    0.02187500000000,    2.44299348674611,    0.00000000000000,    2.44299348674611,   -0.00000082382269,   -0.00000000000000,   -0.00000201259347,    2.43792126596203,    0.00000000000000,    2.43792126596203,   37.76721032631315,    0.00000000000000,
   37,    5,    0.22812500000000,    0.02812500000000,    2.44299348674611,    0.00000000000000,    2.44299348674611,   -0.00000082382269,   -0.00000000000000,   -0.00000201259347,    2.43792126596203,    0.00000000000000,    2.43792126596203,   37.76721032631315,    0.00000000000000,
   38,    1,    0.23437500000000,    0.00312500000000,    2.45275814112100,    0.00000000000000,    2.45275814112100,   -0.00000079184322,   -0.00000000000000,   -0.00000194219990,    2.44770596989801,    0.00000000000000,    2.44770596989801,   37.26288263724482,    0.00000000000000,
   38,    2,    0.23437500000000,    0.00937500000000,    2.45275814112100,    0.00000000000000,    2.45275814112100,   -0.00000079184322,   -0.00000000000000,   -0.00000194219990,    2.44770596989801,    0.00000000000000,    2.44770596989801,   37.26288263724482,    0.00000000000000,
   38,    3,    0.23437500000000,    0.01562500000000,    2.45275814112100,    0.00000000000000,    2.45275814112100,   -0.00000079184322,   -0.00000000000000,   -0.00000194219990,    2.44770596989801,    0.00000000000000,    2.44770596989801,   37.26288263724482,    0.00000000000000,
   38,    4,    0.23437500000000,    0.02187500000000,    2.45275814112100,    0.00000000000000,    2.45275814112100,   -0.00000079184322,   -0.00000000000000,   -0.00000194219990,    2.44770596989801,    0.00000000000000,    2.44770596989801,   37.26288263724482,    0.00000000000000,
   38,    5,    0.23437500000000,    0.02812500000000,    2.45275814112100,    0.00000000000000,    2.45275814112100,   -0.00000079184322,   -0.00000000000000,   -0.00000194219990,    2.44770596989801,    0.00000000000000,    2.44770596989801,   37.26288263724482,    0.00000000000000,
   39,    1,    0.24062500000000,    0.00312500000000,    2.46235070719464,    0.00000000000000,    2.46235070719464,   -0.00000076071816,   -0.00000000000000,   -0.00000187315491,    2.45731807466013,    0.00000000000000,    2.45731807466013,   36.73630767117498,    0.00000000000000,
   39,    2,    0.24062500000000,    0.00937500000000,    2.46235070719464,    0.00000000000000,    2.46235070719464,   -0.00000076071816,   -0.00000000000000,   -0.00000187315491,    2.45731807466013,    0.00000000000000,    2.45731807466013,   36.73630767117498,    0.00000000000000,
   39,    3,    0.24062500000000,    0.01562500000000,    2.46235070719464,    0.00000000000000,    2.46235070719464,   -0.00000076071816,   -0.00000000000000,   -0.00000187315491,    2.45731807466013,    0.00000000000000,    2.45731807466013,   36.73630767117498,    0.00000000000000,
   39,    4,    0.24062500000000,    0.02187500000000,    2.46235070719464,    0.00000000000000,    2.46235070719464,   -0.00000076071816,   -0.00000000000000,   -0.00000187315491,    2.45731807466013,    0.00000000000000,    2.45731807466013,   36.73630767117498,    0.00000000000000,
   39,    5,    0.24062500000000,    0.02812500000000,    2.46235070719464,    0.00000000000000,    2.46235070719464,   -0.00000076071816,   -0.00000000000000,   -0.00000187315491,    2.45731807466013,    0.00000000000000,    2.45731807466013,   36.73630767117498,    0.00000000000000,
   40,    1,    0.24687500000000,    0.00312500000000,    2.47176747661110,    0.00000000000000,    2.47176747661110,   -0.00000073043577,   -0.00000000000000,   -0.00000180546737,    2.46675387459902,    0.00000000000000,    2.46675387459902,   36.18766403260243,    0.00000000000000,
   40,    2,    0.24687500000000,    0.00937500000000,    2.47176747661110,    0.00000000000000,    2.47176747661110,   -0.00000073043577,   -0.00000000000000,   -0.00000180546737,    2.46675387459902,    0.00000000000000,    2.46675387459902,   36.18766403260243,    0.00000000000000,
   40,    3,    0.24687500000000,    0.01562500000000,    2.47176747661110,    0.00000000000000,    2.47176747661110,   -0.00000073043577,   -0.00000000000000,   -0.00000180546737,    2.46675387459902,    0.00000000000000,    2.46675387459902,   36.18766403260243,    0.00000000000000,
   40,    4,    0.24687500000000,    0.02187500000000,    2.47176747661110,    0.00000000000000,    2.47176747661110,   -0.00000073043577,   -0.00000000000000,   -0.00000180546737,    2.46675387459902,    0.00000000000000,    2.46675387459902,   36.18766403260243,    0.00000000000000,
   40,    5,    0.24687500000000,    0.02812500000000,    2.47176747661110,    0.00000000000000,    2.47176747661110,   -0.00000073043577,   -0.00000000000000,   -0.00000180546737,    2.46675387459902,    0.00000000000000,    2.46675387459902,   36.18766403260243,    0.00000000000000,
   41,    1,    0.25312500000000,    0.00312500000000,    2.48100480898842,    0.00000000000000,    2.48100480898842,   -0.00000070098336,   -0.00000000000000,   -0.00000173914308,    2.47600973203418,    0.00000000000000,    2.47600973203418,   35.61715102459341,    0.00000000000000,
   41,    2,    0.25312500000000,    0.00937500000000,    2.48100480898842,    0.00000000000000,    2.48100480898842,   -0.00000070098336,   -0.00000000000000,   -0.00000173914308,    2.47600973203418,    0.00000000000000,    2.47600973203418,   35.61715102459341,    0.00000000000000,
   41,    3,    0.25312500000000,    0.01562500000000,    2.48100480898842,    0.00000000000000,    2.48100480898842,   -0.00000070098336,   -0.00000000000000,   -0.00000173914308,    2.47600973203418,    0.00000000000000,    2.47600973203418,   35.61715102459341,    0.00000000000000,
   41,    4,    0.25312500000000,    0.02187500000000,    2.48100480898842,    0.00000000000000,    2.48100480898842,   -0.00000070098336,   -0.00000000000000,   -0.00000173914308,    2.47600973203418,    0.00000000000000,    2.47600973203418,   35.61715102459341,    0.00000000000000,
   41,    5,    0.25312500000000,    0.02812500000000,    2.48100480898842,    0.00000000000000,    2.48100480898842,   -0.00000070098336,   -0.00000000000000,   -0.00000173914308,    2.47600973203418,    0.00000000000000,    2.47600973203418,   35.61715102459341,    0.00000000000000,
   42,    1,    0.25937500000000,    0.00312500000000,    2.49005913332644,    0.00000000000000,    2.49005913332644,   -0.00000067234745,   -0.00000000000000,   -0.00000167418490,    2.48508207865638,    0.00000000000000,    2.48508207865638,   35.02498859077271,    0.00000000000000,
   42,    2,    0.25937500000000,    0.00937500000000,    2.49005913332644,    0.00000000000000,    2.49005913332644,   -0.00000067234745,   -0.00000000000000,   -0.00000167418490,    2.48508207865638,    0.00000000000000,    2.48508207865638,   35.02498859077271,    0.00000000000000,
   42,    3,    0.25937500000000,    0.01562500000000,    2.49005913332644,    0.00000000000000,    2.49005913332644,   -0.00000067234745,   -0.00000000000000,   -0.00000167418490,    2.48508207865638,    0.00000000000000,    2.48508207865638,   35.02498859077271,    0.00000000000000,
   42,    4,    0.25937500000000,    0.02187500000000,    2.49005913332644,    0.00000000000000,    2.49005913332644,   -0.00000067234745,   -0.00000000000000,   -0.00000167418490,    2.48508207865638,    0.00000000000000,    2.48508207865638,   35.02498859077271,    0.00000000000000,
   42,    5,    0.25937500000000,    0.02812500000000,    2.49005913332644,    0.00000000000000,    2.49005913332644,   -0.00000067234745,   -0.00000000000000,   -0.00000167418490,    2.48508207865638,    0.00000000000000,    2.48508207865638,   35.02498859077271,    0.00000000000000,
   43,    1,    0.26562500000000,    0.00312500000000,    2.49892694938762,    0.00000000000000,    2.49892694938762,   -0.00000064451374,   -0.00000000000000,   -0.00000161059276,    2.49396741690331,    0.00000000000000,    2.49396741690331,   34.41141723053124,    0.00000000000000,
   43,    2,    0.26562500000000,    0.00937500000000,    2.49892694938762,    0.00000000000000,    2.49892694938762,   -0.00000064451374,   -0.00000000000000,   -0.00000161059276,    2.49396741690331,    0.00000000000000,    2.49396741690331,   34.41141723053124,    0.00000000000000,
   43,    3,    0.26562500000000,    0.01562500000000,    2.49892694938762,    0.00000000000000,    2.49892694938762,   -0.00000064451374,   -0.00000000000000,   -0.00000161059276,    2.49396741690331,    0.00000000000000,    2.49396741690331,   34.41141723053124,    0.00000000000000,
   43,    4,    0.26562500000000,    0.02187500000000,    2.49892694938762,    0.00000000000000,    2.49892694938762,   -0.00000064451374,   -0.00000000000000,   -0.00000161059276,    2.49396741690331,    0.00000000000000,    2.49396741690331,   34.41141723053124,    0.00000000000000,
   43,    5,    0.26562500000000,    0.02812500000000,    2.49892694938762,    0.00000000000000,    2.49892694938762,   -0.00000064451374,   -0.00000000000000,   -0.00000161059276,    2.49396741690331,    0.00000000000000,    2.49396741690331,   34.41141723053124,    0.00000000000000,
   44,    1,    0.27187500000000,    0.00312500000000,    2.50760482905035,    0.00000000000000,    2.50760482905035,   -0.00000061746723,   -0.00000000000000,   -0.00000154836381,    2.50266232130791,    0.00000000000000,    2.50266232130791,   33.77669788748268,    0.00000000000000,
   44,    2,    0.27187500000000,    0.00937500000000,    2.50760482905035,    0.00000000000000,    2.50760482905035,   -0.00000061746723,   -0.00000000000000,   -0.00000154836381,    2.50266232130791,    0.00000000000000,    2.50266232130791,   33.77669788748268,    0.00000000000000,
   44,    3,    0.27187500000000,    0.01562500000000,    2.50760482905035,    0.00000000000000,    2.50760482905035,   -0.00000061746723,   -0.00000000000000,   -0.00000154836381,    2.50266232130791,    0.00000000000000,    2.50266232130791,   33.77669788748268,    0.00000000000000,
   44,    4,    0.27187500000000,    0.02187500000000,    2.50760482905035,    0.00000000000000,    2.50760482905035,   -0.00000061746723,   -0.00000000000000,   -0.00000154836381,    2.50266232130791,    0.00000000000000,    2.50266232130791,   33.77669788748268,    0.00000000000000,
   44,    5,    0.27187500000000,    0.02812500000000,    2.50760482905035,    0.00000000000000,    2.50760482905035,   -0.00000061746723,   -0.00000000000000,   -0.00000154836381,    2.50266232130791,    0.00000000000000,    2.50266232130791,   33.77669788748268,    0.00000000000000,
   45,    1,    0.27812500000000,    0.00312500000000,    2.51608941763412,    0.00000000000000,    2.51608941763412,   -0.00000059119221,   -0.00000000000000,   -0.00000148749247,    2.51116343981904,    0.00000000000000,    2.51116343981904,   33.12111181124153,    0.00000000000000,
   45,    2,    0.27812500000000,    0.00937500000000,    2.51608941763412,    0.00000000000000,    2.51608941763412,   -0.00000059119221,   -0.00000000000000,   -0.00000148749247,    2.51116343981904,    0.00000000000000,    2.51116343981904,   33.12111181124153,    0.00000000000000,
   45,    3,    0.27812500000000,    0.01562500000000,    2.51608941763412,    0.00000000000000,    2.51608941763412,   -0.00000059119221,   -0.00000000000000,   -0.00000148749247,    2.51116343981904,    0.00000000000000,    2.51116343981904,   33.12111181124153,    0.00000000000000,
   45,    4,    0.27812500000000,    0.02187500000000,    2.51608941763412,    0.00000000000000,    2.51608941763412,   -0.00000059119221,   -0.00000000000000,   -0.00000148749247,    2.51116343981904,    0.00000000000000,    2.51116343981904,   33.12111181124153,    0.00000000000000,
   45,    5,    0.27812500000000,    0.02812500000000,    2.51608941763412,    0.00000000000000,    2.51608941763412,   -0.00000059119221,   -0.00000000000000,   -0.00000148749247,    2.51116343981904,    0.00000000000000,    2.51116343981904,   33.12111181124153,    0.00000000000000,
   46,    1,    0.28437500000000,    0.00312500000000,    2.52437743519629,    0.00000000000000,    2.52437743519629,   -0.00000056567236,   -0.00000000000000,   -0.00000142797053,    2.51946749509368,    0.00000000000000,    2.51946749509368,   32.44496039263360,    0.00000000000000,
   46,    2,    0.28437500000000,    0.00937500000000,    2.52437743519629,    0.00000000000000,    2.52437743519629,   -0.00000056567236,   -0.00000000000000,   -0.00000142797053,    2.51946749509368,    0.00000000000000,    2.51946749509368,   32.44496039263360,    0.00000000000000,
   46,    3,    0.28437500000000,    0.01562500000000,    2.52437743519629,    0.00000000000000,    2.52437743519629,   -0.00000056567236,   -0.00000000000000,   -0.00000142797053,    2.51946749509368,    0.00000000000000,    2.51946749509368,   32.44496039263360,    0.00000000000000,
   46,    4,    0.28437500000000,    0.02187500000000,    2.52437743519629,    0.00000000000000,    2.52437743519629,   -0.00000056567236,   -0.00000000000000,   -0.00000142797053,    2.51946749509368,    0.00000000000000,    2.51946749509368,   32.44496039263360,    0.00000000000000,
   46,    5,    0.28437500000000,    0.02812500000000,    2.52437743519629,    0.00000000000000,    2.52437743519629,   -0.00000056567236,   -0.00000000000000,   -0.00000142797053,    2.51946749509368,    0.00000000000000,    2.51946749509368,   32.44496039263360,    0.00000000000000,
   47,    1,    0.29062500000000,    0.00312500000000,    2.53246567779968,    0.00000000000000,    2.53246567779968,   -0.00000054089073,   -0.00000000000000,   -0.00000136978722,    2.52757128576044,    0.00000000000000,    2.52757128576044,   31.74856497248939,    0.00000000000000,
   47,    2,    0.29062500000000,    0.00937500000000,    2.53246567779968,    0.00000000000000,    2.53246567779968,   -0.00000054089073,   -0.00000000000000,   -0.00000136978722,    2.52757128576044,    0.00000000000000,    2.52757128576044,   31.74856497248939,    0.00000000000000,
   47,    3,    0.29062500000000,    0.01562500000000,    2.53246567779968,    0.00000000000000,    2.53246567779968,   -0.00000054089073,   -0.00000000000000,   -0.00000136978722,    2.52757128576044,    0.00000000000000,    2.52757128576044,   31.74856497248939,    0.00000000000000,
   47,    4,    0.29062500000000,    0.02187500000000,    2.53246567779968,    0.00000000000000,    2.53246567779968,   -0.00000054089073,   -0.00000000000000,   -0.00000136978722,    2.52757128576044,    0.00000000000000,    2.52757128576044,   31.74856497248939,    0.00000000000000,
   47,    5,    0.29062500000000,    0.02812500000000,    2.53246567779968,    0.00000000000000,    2.53246567779968,   -0.00000054089073,   -0.00000000000000,   -0.00000136978722,    2.52757128576044,    0.00000000000000,    2.52757128576044,   31.74856497248939,    0.00000000000000,
   48,    1,    0.29687500000000,    0.00312500000000,    2.54035101875066,    0.00000000000000,    2.54035101875066,   -0.00000051682988,   -0.00000000000000,   -0.00000131292930,    2.53547168765376,    0.00000000000000,    2.53547168765376,   31.03226662421001,    0.00000000000000,
   48,    2,    0.29687500000000,    0.00937500000000,    2.54035101875066,    0.00000000000000,    2.54035101875066,   -0.00000051682988,   -0.00000000000000,   -0.00000131292930,    2.53547168765376,    0.00000000000000,    2.53547168765376,   31.03226662421001,    0.00000000000000,
   48,    3,    0.29687500000000,    0.01562500000000,    2.54035101875066,    0.00000000000000,    2.54035101875066,   -0.00000051682988,   -0.00000000000000,   -0.00000131292930,    2.53547168765376,    0.00000000000000,    2.53547168765376,   31.03226662421001,    0.00000000000000,
   48,    4,    0.29687500000000,    0.02187500000000,    2.54035101875066,    0.00000000000000,    2.54035101875066,   -0.00000051682988,   -0.00000000000000,   -0.00000131292930,    2.53547168765376,    0.00000000000000,    2.53547168765376,   31.03226662421001,    0.00000000000000,
   48,    5,    0.29687500000000,    0.02812500000000,    2.54035101875066,    0.00000000000000,    2.54035101875066,   -0.00000051682988,   -0.00000000000000,   -0.00000131292930,    2.53547168765376,    0.00000000000000,    2.53547168765376,   31.03226662421001,    0.00000000000000,
   49,    1,    0.30312500000000,    0.00312500000000,    2.54803040980743,    0.00000000000000,    2.54803040980743,   -0.00000049347180,   -0.00000000000000,   -0.00000125738116,    2.54316565501833,    0.00000000000000,    2.54316565501833,   30.29642591033329,    0.00000000000000,
   49,    2,    0.30312500000000,    0.00937500000000,    2.54803040980743,    0.00000000000000,    2.54803040980743,   -0.00000049347180,   -0.00000000000000,   -0.00000125738116,    2.54316565501833,    0.00000000000000,    2.54316565501833,   30.29642591033329,    0.00000000000000,
   49,    3,    0.30312500000000,    0.01562500000000,    2.54803040980743,    0.00000000000000,    2.54803040980743,   -0.00000049347180,   -0.00000000000000,   -0.00000125738116,    2.54316565501833,    0.00000000000000,    2.54316565501833,   30.29642591033329,    0.00000000000000,
   49,    4,    0.30312500000000,    0.02187500000000,    2.54803040980743,    0.00000000000000,    2.54803040980743,   -0.00000049347180,   -0.00000000000000,   -0.00000125738116,    2.54316565501833,    0.00000000000000,    2.54316565501833,   30.29642591033329,    0.00000000000000,
   49,    5,    0.30312500000000,    0.02812500000000,    2.54803040980743,    0.00000000000000,    2.54803040980743,   -0.00000049347180,   -0.00000000000000,   -0.00000125738116,    2.54316565501833,    0.00000000000000,    2.54316565501833,   30.29642591033329,    0.00000000000000,
   50,    1,    0.30937500000000,    0.00312500000000,    2.55550088235760,    0.00000000000000,    2.55550088235760,   -0.00000047079808,   -0.00000000000000,   -0.00000120312490,    2.55065022168325,    0.00000000000000,    2.55065022168325,   29.54142261336697,    0.00000000000000,
   50,    2,    0.30937500000000,    0.00937500000000,    2.55550088235760,    0.00000000000000,    2.55550088235760,   -0.00000047079808,   -0.00000000000000,   -0.00000120312490,    2.55065022168325,    0.00000000000000,    2.55065022168325,   29.54142261336697,    0.00000000000000,
   50,    3,    0.30937500000000,    0.01562500000000,    2.55550088235760,    0.00000000000000,    2.55550088235760,   -0.00000047079808,   -0.00000000000000,   -0.00000120312490,    2.55065022168325,    0.00000000000000,    2.55065022168325,   29.54142261336697,    0.00000000000000,
   50,    4,    0.30937500000000,    0.02187500000000,    2.55550088235760,    0.00000000000000,    2.55550088235760,   -0.00000047079808,   -0.00000000000000,   -0.00000120312490,    2.55065022168325,    0.00000000000000,    2.55065022168325,   29.54142261336697,    0.00000000000000,
   50,    5,    0.30937500000000,    0.02812500000000,    2.55550088235760,    0.00000000000000,    2.55550088235760,   -0.00000047079808,   -0.00000000000000,   -0.00000120312490,    2.55065022168325,    0.00000000000000,    2.55065022168325,   29.54142261336697,    0.00000000000000,
   51,    1,    0.31562500000000,    0.00312500000000,    2.56275954856506,    0.00000000000000,    2.56275954856506,   -0.00000044878982,   -0.00000000000000,   -0.00000115014039,    2.55792250220561,    0.00000000000000,    2.55792250220561,   28.76765544119306,    0.00000000000000,
   51,    2,    0.31562500000000,    0.00937500000000,    2.56275954856506,    0.00000000000000,    2.56275954856506,   -0.00000044878982,   -0.00000000000000,   -0.00000115014039,    2.55792250220561,    0.00000000000000,    2.55792250220561,   28.76765544119306,    0.00000000000000,
   51,    3,    0.31562500000000,    0.01562500000000,    2.56275954856506,    0.00000000000000,    2.56275954856506,   -0.00000044878982,   -0.00000000000000,   -0.00000115014039,    2.55792250220561,    0.00000000000000,    2.55792250220561,   28.76765544119306,    0.00000000000000,
   51,    4,    0.31562500000000,    0.02187500000000,    2.56275954856506,    0.00000000000000,    2.56275954856506,   -0.00000044878982,   -0.00000000000000,   -0.00000115014039,    2.55792250220561,    0.00000000000000,    2.55792250220561,   28.76765544119306,    0.00000000000000,
   51,    5,    0.31562500000000,    0.02812500000000,    2.56275954856506,    0.00000000000000,    2.56275954856506,   -0.00000044878982,   -0.00000000000000,   -0.00000115014039,    2.55792250220561,    0.00000000000000,    2.55792250220561,   28.76765544119306,    0.00000000000000,
   52,    1,    0.32187500000000,    0.00312500000000,    2.56980360248557,    0.00000000000000,    2.56980360248557,   -0.00000042742775,   -0.00000000000000,   -0.00000109840538,    2.56497969298282,    0.00000000000000,    2.56497969298282,   27.97554170738576,    0.00000000000000,
   52,    2,    0.32187500000000,    0.00937500000000,    2.56980360248557,    0.00000000000000,    2.56980360248557,   -0.00000042742775,   -0.00000000000000,   -0.00000109840538,    2.56497969298282,    0.00000000000000,    2.56497969298282,   27.97554170738576,    0.00000000000000,
   52,    3,    0.32187500000000,    0.01562500000000,    2.56980360248557,    0.00000000000000,    2.56980360248557,   -0.00000042742775,   -0.00000000000000,   -0.00000109840538,    2.56497969298282,    0.00000000000000,    2.56497969298282,   27.97554170738576,    0.00000000000000,
   52,    4,    0.32187500000000,    0.02187500000000,    2.56980360248557,    0.00000000000000,    2.56980360248557,   -0.00000042742775,   -0.00000000000000,   -0.00000109840538,    2.56497969298282,    0.00000000000000,    2.56497969298282,   27.97554170738576,    0.00000000000000,
   52,    5,    0.32187500000000,    0.02812500000000,    2.56980360248557,    0.00000000000000,    2.56980360248557,   -0.00000042742775,   -0.00000000000000,   -0.00000109840538,    2.56497969298282,    0.00000000000000,    2.56497969298282,   27.97554170738576,    0.00000000000000,
   53,    1,    0.32812500000000,    0.00312500000000,    2.57663032115053,    0.00000000000000,    2.57663032115053,   -0.00000040669226,   -0.00000000000000,   -0.00000104789560,    2.57181907333351,    0.00000000000000,    2.57181907333351,   27.16551698682180,    0.00000000000000,
   53,    2,    0.32812500000000,    0.00937500000000,    2.57663032115053,    0.00000000000000,    2.57663032115053,   -0.00000040669226,   -0.00000000000000,   -0.00000104789560,    2.57181907333351,    0.00000000000000,    2.57181907333351,   27.16551698682180,    0.00000000000000,
   53,    3,    0.32812500000000,    0.01562500000000,    2.57663032115053,    0.00000000000000,    2.57663032115053,   -0.00000040669226,   -0.00000000000000,   -0.00000104789560,    2.57181907333351,    0.00000000000000,    2.57181907333351,   27.16551698682180,    0.00000000000000,
   53,    4,    0.32812500000000,    0.02187500000000,    2.57663032115053,    0.00000000000000,    2.57663032115053,   -0.00000040669226,   -0.00000000000000,   -0.00000104789560,    2.57181907333351,    0.00000000000000,    2.57181907333351,   27.16551698682180,    0.00000000000000,
   53,    5,    0.32812500000000,    0.02812500000000,    2.57663032115053,    0.00000000000000,    2.57663032115053,   -0.00000040669226,   -0.00000000000000,   -0.00000104789560,    2.57181907333351,    0.00000000000000,    2.57181907333351,   27.16551698682180,    0.00000000000000,
   54,    1,    0.33437500000000,    0.00312500000000,    2.58323706561860,    0.00000000000000,    2.58323706561860,   -0.00000038656336,   -0.00000000000000,   -0.00000099858480,    2.57843800654636,    0.00000000000000,    2.57843800654636,   26.33803474699920,    0.00000000000000,
   54,    2,    0.33437500000000,    0.00937500000000,    2.58323706561860,    0.00000000000000,    2.58323706561860,   -0.00000038656336,   -0.00000000000000,   -0.00000099858480,    2.57843800654636,    0.00000000000000,    2.57843800654636,   26.33803474699920,    0.00000000000000,
   54,    3,    0.33437500000000,    0.01562500000000,    2.58323706561860,    0.00000000000000,    2.58323706561860,   -0.00000038656336,   -0.00000000000000,   -0.00000099858480,    2.57843800654636,    0.00000000000000,    2.57843800654636,   26.33803474699920,    0.00000000000000,
   54,    4,    0.33437500000000,    0.02187500000000,    2.58323706561860,    0.00000000000000,    2.58323706561860,   -0.00000038656336,   -0.00000000000000,   -0.00000099858480,    2.57843800654636,    0.00000000000000,    2.57843800654636,   26.33803474699920,    0.00000000000000,
   54,    5,    0.33437500000000,    0.02812500000000,    2.58323706561860,    0.00000000000000,    2.58323706561860,   -0.00000038656336,   -0.00000000000000,   -0.00000099858480,    2.57843800654636,    0.00000000000000,    2.57843800654636,   26.33803474699920,    0.00000000000000,
   55,    1,    0.34062500000000,    0.00312500000000,    2.58962128199484,    0.00000000000000,    2.58962128199484,   -0.00000036702079,   -0.00000000000000,   -0.00000095044485,    2.58483394089662,    0.00000000000000,    2.58483394089662,   25.49356595551592,    0.00000000000000,
   55,    2,    0.34062500000000,    0.00937500000000,    2.58962128199484,    0.00000000000000,    2.58962128199484,   -0.00000036702079,   -0.00000000000000,   -0.00000095044485,    2.58483394089662,    0.00000000000000,    2.58483394089662,   25.49356595551592,    0.00000000000000,
   55,    3,    0.34062500000000,    0.01562500000000,    2.58962128199484,    0.00000000000000,    2.58962128199484,   -0.00000036702079,   -0.00000000000000,   -0.00000095044485,    2.58483394089662,    0.00000000000000,    2.58483394089662,   25.49356595551592,    0.00000000000000,
   55,    4,    0.34062500000000,    0.02187500000000,    2.58962128199484,    0.00000000000000,    2.58962128199484,   -0.00000036702079,   -0.00000000000000,   -0.00000095044485,    2.58483394089662,    0.00000000000000,    2.58483394089662,   25.49356595551592,    0.00000000000000,
   55,    5,    0.34062500000000,    0.02812500000000,    2.58962128199484,    0.00000000000000,    2.58962128199484,   -0.00000036702079,   -0.00000000000000,   -0.00000095044485,    2.58483394089662,    0.00000000000000,    2.58483394089662,   25.49356595551592,    0.00000000000000,
   56,    1,    0.34687500000000,    0.00312500000000,    2.59578050241697,    0.00000000000000,    2.59578050241697,   -0.00000034804401,   -0.00000000000000,   -0.00000090344585,    2.59100441062983,    0.00000000000000,    2.59100441062983,   24.63259866419553,    0.00000000000000,
   56,    2,    0.34687500000000,    0.00937500000000,    2.59578050241697,    0.00000000000000,    2.59578050241697,   -0.00000034804401,   -0.00000000000000,   -0.00000090344585,    2.59100441062983,    0.00000000000000,    2.59100441062983,   24.63259866419553,    0.00000000000000,
   56,    3,    0.34687500000000,    0.01562500000000,    2.59578050241697,    0.00000000000000,    2.59578050241697,   -0.00000034804401,   -0.00000000000000,   -0.00000090344585,    2.59100441062983,    0.00000000000000,    2.59100441062983,   24.63259866419553,    0.00000000000000,
   56,    4,    0.34687500000000,    0.02187500000000,    2.59578050241697,    0.00000000000000,    2.59578050241697,   -0.00000034804401,   -0.00000000000000,   -0.00000090344585,    2.59100441062983,    0.00000000000000,    2.59100441062983,   24.63259866419553,    0.00000000000000,
   56,    5,    0.34687500000000,    0.02812500000000,    2.59578050241697,    0.00000000000000,    2.59578050241697,   -0.00000034804401,   -0.00000000000000,   -0.00000090344585,    2.59100441062983,    0.00000000000000,    2.59100441062983,   24.63259866419553,    0.00000000000000,
   57,    1,    0.35312500000000,    0.00312500000000,    2.60171234600814,    0.00000000000000,    2.60171234600814,   -0.00000032961221,   -0.00000000000000,   -0.00000085755615,    2.59694703691246,    0.00000000000000,    2.59694703691246,   23.75563757038148,    0.00000000000000,
   57,    2,    0.35312500000000,    0.00937500000000,    2.60171234600814,    0.00000000000000,    2.60171234600814,   -0.00000032961221,   -0.00000000000000,   -0.00000085755615,    2.59694703691246,    0.00000000000000,    2.59694703691246,   23.75563757038148,    0.00000000000000,
   57,    3,    0.35312500000000,    0.01562500000000,    2.60171234600814,    0.00000000000000,    2.60171234600814,   -0.00000032961221,   -0.00000000000000,   -0.00000085755615,    2.59694703691246,    0.00000000000000,    2.59694703691246,   23.75563757038148,    0.00000000000000,
   57,    4,    0.35312500000000,    0.02187500000000,    2.60171234600814,    0.00000000000000,    2.60171234600814,   -0.00000032961221,   -0.00000000000000,   -0.00000085755615,    2.59694703691246,    0.00000000000000,    2.59694703691246,   23.75563757038148,    0.00000000000000,
   57,    5,    0.35312500000000,    0.02812500000000,    2.60171234600814,    0.00000000000000,    2.60171234600814,   -0.00000032961221,   -0.00000000000000,   -0.00000085755615,    2.59694703691246,    0.00000000000000,    2.59694703691246,   23.75563757038148,    0.00000000000000,
   58,    1,    0.35937500000000,    0.00312500000000,    2.60741451979641,    0.00000000000000,    2.60741451979641,   -0.00000031170437,   -0.00000000000000,   -0.00000081274250,    2.60265952874896,    0.00000000000000,    2.60265952874896,   22.86320355595539,    0.00000000000000,
   58,    2,    0.35937500000000,    0.00937500000000,    2.60741451979641,    0.00000000000000,    2.60741451979641,   -0.00000031170437,   -0.00000000000000,   -0.00000081274250,    2.60265952874896,    0.00000000000000,    2.60265952874896,   22.86320355595539,    0.00000000000000,
   58,    3,    0.35937500000000,    0.01562500000000,    2.60741451979641,    0.00000000000000,    2.60741451979641,   -0.00000031170437,   -0.00000000000000,   -0.00000081274250,    2.60265952874896,    0.00000000000000,    2.60265952874896,   22.86320355595539,    0.00000000000000,
   58,    4,    0.35937500000000,    0.02187500000000,    2.60741451979641,    0.00000000000000,    2.60741451979641,   -0.00000031170437,   -0.00000000000000,   -0.00000081274250,    2.60265952874896,    0.00000000000000,    2.60265952874896,   22.86320355595539,    0.00000000000000,
   58,    5,    0.35937500000000,    0.02812500000000,    2.60741451979641,    0.00000000000000,    2.60741451979641,   -0.00000031170437,   -0.00000000000000,   -0.00000081274250,    2.60265952874896,    0.00000000000000,    2.60265952874896,   22.86320355595539,    0.00000000000000,
   59,    1,    0.36562500000000,    0.00312500000000,    2.61288481959974,    0.00000000000000,    2.61288481959974,   -0.00000029429926,   -0.00000000000000,   -0.00000076897006,    2.60813968386498,    0.00000000000000,    2.60813968386498,   21.95583320466795,    0.00000000000000,
   59,    2,    0.36562500000000,    0.00937500000000,    2.61288481959974,    0.00000000000000,    2.61288481959974,   -0.00000029429926,   -0.00000000000000,   -0.00000076897006,    2.60813968386498,    0.00000000000000,    2.60813968386498,   21.95583320466795,    0.00000000000000,
   59,    3,    0.36562500000000,    0.01562500000000,    2.61288481959974,    0.00000000000000,    2.61288481959974,   -0.00000029429926,   -0.00000000000000,   -0.00000076897006,    2.60813968386498,    0.00000000000000,    2.60813968386498,   21.95583320466795,    0.00000000000000,
   59,    4,    0.36562500000000,    0.02187500000000,    2.61288481959974,    0.00000000000000,    2.61288481959974,   -0.00000029429926,   -0.00000000000000,   -0.00000076897006,    2.60813968386498,    0.00000000000000,    2.60813968386498,   21.95583320466795,    0.00000000000000,
   59,    5,    0.36562500000000,    0.02812500000000,    2.61288481959974,    0.00000000000000,    2.61288481959974,   -0.00000029429926,   -0.00000000000000,   -0.00000076897006,    2.60813968386498,    0.00000000000000,    2.60813968386498,   21.95583320466795,    0.00000000000000,
   60,    1,    0.37187500000000,    0.00312500000000,    2.61812113087719,    0.00000000000000,    2.61812113087719,   -0.00000027737546,   -0.00000000000000,   -0.00000072620255,    2.61338538955640,    0.00000000000000,    2.61338538955640,   21.03407829840306,    0.00000000000000,
   60,    2,    0.37187500000000,    0.00937500000000,    2.61812113087719,    0.00000000000000,    2.61812113087719,   -0.00000027737546,   -0.00000000000000,   -0.00000072620255,    2.61338538955640,    0.00000000000000,    2.61338538955640,   21.03407829840306,    0.00000000000000,
   60,    3,    0.37187500000000,    0.01562500000000,    2.61812113087719,    0.00000000000000,    2.61812113087719,   -0.00000027737546,   -0.00000000000000,   -0.00000072620255,    2.61338538955640,    0.00000000000000,    2.61338538955640,   21.03407829840306,    0.00000000000000,
   60,    4,    0.37187500000000,    0.02187500000000,    2.61812113087719,    0.00000000000000,    2.61812113087719,   -0.00000027737546,   -0.00000000000000,   -0.00000072620255,    2.61338538955640,    0.00000000000000,    2.61338538955640,   21.03407829840306,    0.00000000000000,
   60,    5,    0.37187500000000,    0.02812500000000,    2.61812113087719,    0.00000000000000,    2.61812113087719,   -0.00000027737546,   -0.00000000000000,   -0.00000072620255,    2.61338538955640,    0.00000000000000,    2.61338538955640,   21.03407829840306,    0.00000000000000,
   61,    1,    0.37812500000000,    0.00312500000000,    2.62312142954497,    0.00000000000000,    2.62312142954497,   -0.00000026091139,   -0.00000000000000,   -0.00000068440225,    2.61839462350382,    0.00000000000000,    2.61839462350382,   20.09850529302710,    0.00000000000000,
   61,    2,    0.37812500000000,    0.00937500000000,    2.62312142954497,    0.00000000000000,    2.62312142954497,   -0.00000026091139,   -0.00000000000000,   -0.00000068440225,    2.61839462350382,    0.00000000000000,    2.61839462350382,   20.09850529302710,    0.00000000000000,
   61,    3,    0.37812500000000,    0.01562500000000,    2.62312142954497,    0.00000000000000,    2.62312142954497,   -0.00000026091139,   -0.00000000000000,   -0.00000068440225,    2.61839462350382,    0.00000000000000,    2.61839462350382,   20.09850529302710,    0.00000000000000,
   61,    4,    0.37812500000000,    0.02187500000000,    2.62312142954497,    0.00000000000000,    2.62312142954497,   -0.00000026091139,   -0.00000000000000,   -0.00000068440225,    2.61839462350382,    0.00000000000000,    2.61839462350382,   20.09850529302710,    0.00000000000000,
   61,    5,    0.37812500000000,    0.02812500000000,    2.62312142954497,    0.00000000000000,    2.62312142954497,   -0.00000026091139,   -0.00000000000000,   -0.00000068440225,    2.61839462350382,    0.00000000000000,    2.61839462350382,   20.09850529302710,    0.00000000000000,
   62,    1,    0.38437500000000,    0.00312500000000,    2.62788378275788,    0.00000000000000,    2.62788378275788,   -0.00000024488530,   -0.00000000000000,   -0.00000064353012,    2.62316545455220,    0.00000000000000,    2.62316545455220,   19.14969477450578,    0.00000000000000,
   62,    2,    0.38437500000000,    0.00937500000000,    2.62788378275788,    0.00000000000000,    2.62788378275788,   -0.00000024488530,   -0.00000000000000,   -0.00000064353012,    2.62316545455220,    0.00000000000000,    2.62316545455220,   19.14969477450578,    0.00000000000000,
   62,    3,    0.38437500000000,    0.01562500000000,    2.62788378275788,    0.00000000000000,    2.62788378275788,   -0.00000024488530,   -0.00000000000000,   -0.00000064353012,    2.62316545455220,    0.00000000000000,    2.62316545455220,   19.14969477450578,    0.00000000000000,
   62,    4,    0.38437500000000,    0.02187500000000,    2.62788378275788,    0.00000000000000,    2.62788378275788,   -0.00000024488530,   -0.00000000000000,   -0.00000064353012,    2.62316545455220,    0.00000000000000,    2.62316545455220,   19.14969477450578,    0.00000000000000,
   62,    5,    0.38437500000000,    0.02812500000000,    2.62788378275788,    0.00000000000000,    2.62788378275788,   -0.00000024488530,   -0.00000000000000,   -0.00000064353012,    2.62316545455220,    0.00000000000000,    2.62316545455220,   19.14969477450578,    0.00000000000000,
   63,    1,    0.39062500000000,    0.00312500000000,    2.63240634965534,    0.00000000000000,    2.63240634965534,   -0.00000022927535,   -0.00000000000000,   -0.00000060354588,    2.62769604345535,    0.00000000000000,    2.62769604345535,   18.18824089600002,    0.00000000000000,
   63,    2,    0.39062500000000,    0.00937500000000,    2.63240634965534,    0.00000000000000,    2.63240634965534,   -0.00000022927535,   -0.00000000000000,   -0.00000060354588,    2.62769604345535,    0.00000000000000,    2.62769604345535,   18.18824089600002,    0.00000000000000,
   63,    3,    0.39062500000000,    0.01562500000000,    2.63240634965534,    0.00000000000000,    2.63240634965534,   -0.00000022927535,   -0.00000000000000,   -0.00000060354588,    2.62769604345535,    0.00000000000000,    2.62769604345535,   18.18824089600002,    0.00000000000000,
   63,    4,    0.39062500000000,    0.02187500000000,    2.63240634965534,    0.00000000000000,    2.63240634965534,   -0.00000022927535,   -0.00000000000000,   -0.00000060354588,    2.62769604345535,    0.00000000000000,    2.62769604345535,   18.18824089600002,    0.00000000000000,
   63,    5,    0.39062500000000,    0.02812500000000,    2.63240634965534,    0.00000000000000,    2.63240634965534,   -0.00000022927535,   -0.00000000000000,   -0.00000060354588,    2.62769604345535,    0.00000000000000,    2.62769604345535,   18.18824089600002,    0.00000000000000,
   64,    1,    0.39687500000000,    0.00312500000000,    2.63668738207183,    0.00000000000000,    2.63668738207183,   -0.00000021405953,   -0.00000000000000,   -0.00000056440805,    2.63198464358501,    0.00000000000000,    2.63198464358501,   17.21475079668059,    0.00000000000000,
   64,    2,    0.39687500000000,    0.00937500000000,    2.63668738207183,    0.00000000000000,    2.63668738207183,   -0.00000021405953,   -0.00000000000000,   -0.00000056440805,    2.63198464358501,    0.00000000000000,    2.63198464358501,   17.21475079668059,    0.00000000000000,
   64,    3,    0.39687500000000,    0.01562500000000,    2.63668738207183,    0.00000000000000,    2.63668738207183,   -0.00000021405953,   -0.00000000000000,   -0.00000056440805,    2.63198464358501,    0.00000000000000,    2.63198464358501,   17.21475079668059,    0.00000000000000,
   64,    4,    0.39687500000000,    0.02187500000000,    2.63668738207183,    0.00000000000000,    2.63668738207183,   -0.00000021405953,   -0.00000000000000,   -0.00000056440805,    2.63198464358501,    0.00000000000000,    2.63198464358501,   17.21475079668059,    0.00000000000000,
   64,    5,    0.39687500000000,    0.02812500000000,    2.63668738207183,    0.00000000000000,    2.63668738207183,   -0.00000021405953,   -0.00000000000000,   -0.00000056440805,    2.63198464358501,    0.00000000000000,    2.63198464358501,   17.21475079668059,    0.00000000000000,
   65,    1,    0.40312500000000,    0.00312500000000,    2.64072522521173,    0.00000000000000,    2.64072522521173,   -0.00000019921575,   -0.00000000000000,   -0.00000052607406,    2.63602960160419,    0.00000000000000,    2.63602960160419,   16.22984400302891,    0.00000000000000,
   65,    2,    0.40312500000000,    0.00937500000000,    2.64072522521173,    0.00000000000000,    2.64072522521173,   -0.00000019921575,   -0.00000000000000,   -0.00000052607406,    2.63602960160419,    0.00000000000000,    2.63602960160419,   16.22984400302891,    0.00000000000000,
   65,    3,    0.40312500000000,    0.01562500000000,    2.64072522521173,    0.00000000000000,    2.64072522521173,   -0.00000019921575,   -0.00000000000000,   -0.00000052607406,    2.63602960160419,    0.00000000000000,    2.63602960160419,   16.22984400302891,    0.00000000000000,
   65,    4,    0.40312500000000,    0.02187500000000,    2.64072522521173,    0.00000000000000,    2.64072522521173,   -0.00000019921575,   -0.00000000000000,   -0.00000052607406,    2.63602960160419,    0.00000000000000,    2.63602960160419,   16.22984400302891,    0.00000000000000,
   65,    5,    0.40312500000000,    0.02812500000000,    2.64072522521173,    0.00000000000000,    2.64072522521173,   -0.00000019921575,   -0.00000000000000,   -0.00000052607406,    2.63602960160419,    0.00000000000000,    2.63602960160419,   16.22984400302891,    0.00000000000000,
   66,    1,    0.40937500000000,    0.00312500000000,    2.64451831828783,    0.00000000000000,    2.64451831828783,   -0.00000018472183,   -0.00000000000000,   -0.00000048850026,    2.63982935810457,    0.00000000000000,    2.63982935810457,   15.23415181341652,    0.00000000000000,
   66,    2,    0.40937500000000,    0.00937500000000,    2.64451831828783,    0.00000000000000,    2.64451831828783,   -0.00000018472183,   -0.00000000000000,   -0.00000048850026,    2.63982935810457,    0.00000000000000,    2.63982935810457,   15.23415181341652,    0.00000000000000,
   66,    3,    0.40937500000000,    0.01562500000000,    2.64451831828783,    0.00000000000000,    2.64451831828783,   -0.00000018472183,   -0.00000000000000,   -0.00000048850026,    2.63982935810457,    0.00000000000000,    2.63982935810457,   15.23415181341652,    0.00000000000000,
   66,    4,    0.40937500000000,    0.02187500000000,    2.64451831828783,    0.00000000000000,    2.64451831828783,   -0.00000018472183,   -0.00000000000000,   -0.00000048850026,    2.63982935810457,    0.00000000000000,    2.63982935810457,   15.23415181341652,    0.00000000000000,
   66,    5,    0.40937500000000,    0.02812500000000,    2.64451831828783,    0.00000000000000,    2.64451831828783,   -0.00000018472183,   -0.00000000000000,   -0.00000048850026,    2.63982935810457,    0.00000000000000,    2.63982935810457,   15.23415181341652,    0.00000000000000,
   67,    1,    0.41562500000000,    0.00312500000000,    2.64806519512369,    0.00000000000000,    2.64806519512369,   -0.00000017055550,   -0.00000000000000,   -0.00000045164207,    2.64338244820770,    0.00000000000000,    2.64338244820770,   14.22831666678174,    0.00000000000000,
   67,    2,    0.41562500000000,    0.00937500000000,    2.64806519512369,    0.00000000000000,    2.64806519512369,   -0.00000017055550,   -0.00000000000000,   -0.00000045164207,    2.64338244820770,    0.00000000000000,    2.64338244820770,   14.22831666678174,    0.00000000000000,
   67,    3,    0.41562500000000,    0.01562500000000,    2.64806519512369,    0.00000000000000,    2.64806519512369,   -0.00000017055550,   -0.00000000000000,   -0.00000045164207,    2.64338244820770,    0.00000000000000,    2.64338244820770,   14.22831666678174,    0.00000000000000,
   67,    4,    0.41562500000000,    0.02187500000000,    2.64806519512369,    0.00000000000000,    2.64806519512369,   -0.00000017055550,   -0.00000000000000,   -0.00000045164207,    2.64338244820770,    0.00000000000000,    2.64338244820770,   14.22831666678174,    0.00000000000000,
   67,    5,    0.41562500000000,    0.02812500000000,    2.64806519512369,    0.00000000000000,    2.64806519512369,   -0.00000017055550,   -0.00000000000000,   -0.00000045164207,    2.64338244820770,    0.00000000000000,    2.64338244820770,   14.22831666678174,    0.00000000000000,
   68,    1,    0.42187500000000,    0.00312500000000,    2.65136448471951,    0.00000000000000,    2.65136448471951,   -0.00000015669441,   -0.00000000000000,   -0.00000041545399,    2.64668750212970,    0.00000000000000,    2.64668750212970,   13.21299149624445,    0.00000000000000,
   68,    2,    0.42187500000000,    0.00937500000000,    2.65136448471951,    0.00000000000000,    2.65136448471951,   -0.00000015669441,   -0.00000000000000,   -0.00000041545399,    2.64668750212970,    0.00000000000000,    2.64668750212970,   13.21299149624445,    0.00000000000000,
   68,    3,    0.42187500000000,    0.01562500000000,    2.65136448471951,    0.00000000000000,    2.65136448471951,   -0.00000015669441,   -0.00000000000000,   -0.00000041545399,    2.64668750212970,    0.00000000000000,    2.64668750212970,   13.21299149624445,    0.00000000000000,
   68,    4,    0.42187500000000,    0.02187500000000,    2.65136448471951,    0.00000000000000,    2.65136448471951,   -0.00000015669441,   -0.00000000000000,   -0.00000041545399,    2.64668750212970,    0.00000000000000,    2.64668750212970,   13.21299149624445,    0.00000000000000,
   68,    5,    0.42187500000000,    0.02812500000000,    2.65136448471951,    0.00000000000000,    2.65136448471951,   -0.00000015669441,   -0.00000000000000,   -0.00000041545399,    2.64668750212970,    0.00000000000000,    2.64668750212970,   13.21299149624445,    0.00000000000000,
   69,    1,    0.42812500000000,    0.00312500000000,    2.65441491178115,    0.00000000000000,    2.65441491178115,   -0.00000014311616,   -0.00000000000000,   -0.00000037988967,    2.64974324570936,    0.00000000000000,    2.64974324570936,   12.18883906852359,    0.00000000000000,
   69,    2,    0.42812500000000,    0.00937500000000,    2.65441491178115,    0.00000000000000,    2.65441491178115,   -0.00000014311616,   -0.00000000000000,   -0.00000037988967,    2.64974324570936,    0.00000000000000,    2.64974324570936,   12.18883906852359,    0.00000000000000,
   69,    3,    0.42812500000000,    0.01562500000000,    2.65441491178115,    0.00000000000000,    2.65441491178115,   -0.00000014311616,   -0.00000000000000,   -0.00000037988967,    2.64974324570936,    0.00000000000000,    2.64974324570936,   12.18883906852359,    0.00000000000000,
   69,    4,    0.42812500000000,    0.02187500000000,    2.65441491178115,    0.00000000000000,    2.65441491178115,   -0.00000014311616,   -0.00000000000000,   -0.00000037988967,    2.64974324570936,    0.00000000000000,    2.64974324570936,   12.18883906852359,    0.00000000000000,
   69,    5,    0.42812500000000,    0.02812500000000,    2.65441491178115,    0.00000000000000,    2.65441491178115,   -0.00000014311616,   -0.00000000000000,   -0.00000037988967,    2.64974324570936,    0.00000000000000,    2.64974324570936,   12.18883906852359,    0.00000000000000,
   70,    1,    0.43437500000000,    0.00312500000000,    2.65721529721213,    0.00000000000000,    2.65721529721213,   -0.00000012979829,   -0.00000000000000,   -0.00000034490201,    2.65254850089938,    0.00000000000000,    2.65254850089938,   11.15653131004205,    0.00000000000000,
   70,    2,    0.43437500000000,    0.00937500000000,    2.65721529721213,    0.00000000000000,    2.65721529721213,   -0.00000012979829,   -0.00000000000000,   -0.00000034490201,    2.65254850089938,    0.00000000000000,    2.65254850089938,   11.15653131004205,    0.00000000000000,
   70,    3,    0.43437500000000,    0.01562500000000,    2.65721529721213,    0.00000000000000,    2.65721529721213,   -0.00000012979829,   -0.00000000000000,   -0.00000034490201,    2.65254850089938,    0.00000000000000,    2.65254850089938,   11.15653131004205,    0.00000000000000,
   70,    4,    0.43437500000000,    0.02187500000000,    2.65721529721213,    0.00000000000000,    2.65721529721213,   -0.00000012979829,   -0.00000000000000,   -0.00000034490201,    2.65254850089938,    0.00000000000000,    2.65254850089938,   11.15653131004205,    0.00000000000000,
   70,    5,    0.43437500000000,    0.02812500000000,    2.65721529721213,    0.00000000000000,    2.65721529721213,   -0.00000012979829,   -0.00000000000000,   -0.00000034490201,    2.65254850089938,    0.00000000000000,    2.65254850089938,   11.15653131004205,    0.00000000000000,
   71,    1,    0.44062500000000,    0.00312500000000,    2.65976455856878,    0.00000000000000,    2.65976455856878,   -0.00000011671830,   -0.00000000000000,   -0.00000031044319,    2.65510218622047,    0.00000000000000,    2.65510218622047,   10.11674862062395,    0.00000000000000,
   71,    2,    0.44062500000000,    0.00937500000000,    2.65976455856878,    0.00000000000000,    2.65976455856878,   -0.00000011671830,   -0.00000000000000,   -0.00000031044319,    2.65510218622047,    0.00000000000000,    2.65510218622047,   10.11674862062395,    0.00000000000000,
   71,    3,    0.44062500000000,    0.01562500000000,    2.65976455856878,    0.00000000000000,    2.65976455856878,   -0.00000011671830,   -0.00000000000000,   -0.00000031044319,    2.65510218622047,    0.00000000000000,    2.65510218622047,   10.11674862062395,    0.00000000000000,
   71,    4,    0.44062500000000,    0.02187500000000,    2.65976455856878,    0.00000000000000,    2.65976455856878,   -0.00000011671830,   -0.00000000000000,   -0.00000031044319,    2.65510218622047,    0.00000000000000,    2.65510218622047,   10.11674862062395,    0.00000000000000,
   71,    5,    0.44062500000000,    0.02812500000000,    2.65976455856878,    0.00000000000000,    2.65976455856878,   -0.00000011671830,   -0.00000000000000,   -0.00000031044319,    2.65510218622047,    0.00000000000000,    2.65510218622047,   10.11674862062395,    0.00000000000000,
   72,    1,    0.44687500000000,    0.00312500000000,    2.66206171047779,    0.00000000000000,    2.66206171047779,   -0.00000010385363,   -0.00000000000000,   -0.00000027646477,    2.65740331717834,    0.00000000000000,    2.65740331717834,    9.07017917570801,    0.00000000000000,
   72,    2,    0.44687500000000,    0.00937500000000,    2.66206171047779,    0.00000000000000,    2.66206171047779,   -0.00000010385363,   -0.00000000000000,   -0.00000027646477,    2.65740331717834,    0.00000000000000,    2.65740331717834,    9.07017917570801,    0.00000000000000,
   72,    3,    0.44687500000000,    0.01562500000000,    2.66206171047779,    0.00000000000000,    2.66206171047779,   -0.00000010385363,   -0.00000000000000,   -0.00000027646477,    2.65740331717834,    0.00000000000000,    2.65740331717834,    9.07017917570801,    0.00000000000000,
   72,    4,    0.44687500000000,    0.02187500000000,    2.66206171047779,    0.00000000000000,    2.66206171047779,   -0.00000010385363,   -0.00000000000000,   -0.00000027646477,    2.65740331717834,    0.00000000000000,    2.65740331717834,    9.07017917570801,    0.00000000000000,
   72,    5,    0.44687500000000,    0.02812500000000,    2.66206171047779,    0.00000000000000,    2.66206171047779,   -0.00000010385363,   -0.00000000000000,   -0.00000027646477,    2.65740331717834,    0.00000000000000,    2.65740331717834,    9.07017917570801,    0.00000000000000,
   73,    1,    0.45312500000000,    0.00312500000000,    2.66410586501646,    0.00000000000000,    2.66410586501646,   -0.00000009118170,   -0.00000000000000,   -0.00000024291770,    2.65945100664319,    0.00000000000000,    2.65945100664319,    8.01751821801696,    0.00000000000000,
   73,    2,    0.45312500000000,    0.00937500000000,    2.66410586501646,    0.00000000000000,    2.66410586501646,   -0.00000009118170,   -0.00000000000000,   -0.00000024291770,    2.65945100664319,    0.00000000000000,    2.65945100664319,    8.01751821801696,    0.00000000000000,
   73,    3,    0.45312500000000,    0.01562500000000,    2.66410586501646,    0.00000000000000,    2.66410586501646,   -0.00000009118170,   -0.00000000000000,   -0.00000024291770,    2.65945100664319,    0.00000000000000,    2.65945100664319,    8.01751821801696,    0.00000000000000,
   73,    4,    0.45312500000000,    0.02187500000000,    2.66410586501646,    0.00000000000000,    2.66410586501646,   -0.00000009118170,   -0.00000000000000,   -0.00000024291770,    2.65945100664319,    0.00000000000000,    2.65945100664319,    8.01751821801696,    0.00000000000000,
   73,    5,    0.45312500000000,    0.02812500000000,    2.66410586501646,    0.00000000000000,    2.66410586501646,   -0.00000009118170,   -0.00000000000000,   -0.00000024291770,    2.65945100664319,    0.00000000000000,    2.65945100664319,    8.01751821801696,    0.00000000000000,
   74,    1,    0.45937500000000,    0.00312500000000,    2.66589623205525,    0.00000000000000,    2.66589623205525,   -0.00000007867990,   -0.00000000000000,   -0.00000020975245,    2.66124446519175,    0.00000000000000,    2.66124446519175,    6.95946733963968,    0.00000000000000,
   74,    2,    0.45937500000000,    0.00937500000000,    2.66589623205525,    0.00000000000000,    2.66589623205525,   -0.00000007867990,   -0.00000000000000,   -0.00000020975245,    2.66124446519175,    0.00000000000000,    2.66124446519175,    6.95946733963968,    0.00000000000000,
   74,    3,    0.45937500000000,    0.01562500000000,    2.66589623205525,    0.00000000000000,    2.66589623205525,   -0.00000007867990,   -0.00000000000000,   -0.00000020975245,    2.66124446519175,    0.00000000000000,    2.66124446519175,    6.95946733963968,    0.00000000000000,
   74,    4,    0.45937500000000,    0.02187500000000,    2.66589623205525,    0.00000000000000,    2.66589623205525,   -0.00000007867990,   -0.00000000000000,   -0.00000020975245,    2.66124446519175,    0.00000000000000,    2.66124446519175,    6.95946733963968,    0.00000000000000,
   74,    5,    0.45937500000000,    0.02812500000000,    2.66589623205525,    0.00000000000000,    2.66589623205525,   -0.00000007867990,   -0.00000000000000,   -0.00000020975245,    2.66124446519175,    0.00000000000000,    2.66124446519175,    6.95946733963968,    0.00000000000000,
   75,    1,    0.46562500000000,    0.00312500000000,    2.66743211956257,    0.00000000000000,    2.66743211956257,   -0.00000006632559,   -0.00000000000000,   -0.00000017691900,    2.66278300141162,    0.00000000000000,    2.66278300141162,    5.89673375549626,    0.00000000000000,
   75,    2,    0.46562500000000,    0.00937500000000,    2.66743211956257,    0.00000000000000,    2.66743211956257,   -0.00000006632559,   -0.00000000000000,   -0.00000017691900,    2.66278300141162,    0.00000000000000,    2.66278300141162,    5.89673375549626,    0.00000000000000,
   75,    3,    0.46562500000000,    0.01562500000000,    2.66743211956257,    0.00000000000000,    2.66743211956257,   -0.00000006632559,   -0.00000000000000,   -0.00000017691900,    2.66278300141162,    0.00000000000000,    2.66278300141162,    5.89673375549626,    0.00000000000000,
   75,    4,    0.46562500000000,    0.02187500000000,    2.66743211956257,    0.00000000000000,    2.66743211956257,   -0.00000006632559,   -0.00000000000000,   -0.00000017691900,    2.66278300141162,    0.00000000000000,    2.66278300141162,    5.89673375549626,    0.00000000000000,
   75,    5,    0.46562500000000,    0.02812500000000,    2.66743211956257,    0.00000000000000,    2.66743211956257,   -0.00000006632559,   -0.00000000000000,   -0.00000017691900,    2.66278300141162,    0.00000000000000,    2.66278300141162,    5.89673375549626,    0.00000000000000,
   76,    1,    0.47187500000000,    0.00312500000000,    2.66871293387202,    0.00000000000000,    2.66871293387202,   -0.00000005409611,   -0.00000000000000,   -0.00000014436699,    2.66406602216779,    0.00000000000000,    2.66406602216779,    4.83002956916933,    0.00000000000000,
   76,    2,    0.47187500000000,    0.00937500000000,    2.66871293387202,    0.00000000000000,    2.66871293387202,   -0.00000005409611,   -0.00000000000000,   -0.00000014436699,    2.66406602216779,    0.00000000000000,    2.66406602216779,    4.83002956916933,    0.00000000000000,
   76,    3,    0.47187500000000,    0.01562500000000,    2.66871293387202,    0.00000000000000,    2.66871293387202,   -0.00000005409611,   -0.00000000000000,   -0.00000014436699,    2.66406602216779,    0.00000000000000,    2.66406602216779,    4.83002956916933,    0.00000000000000,
   76,    4,    0.47187500000000,    0.02187500000000,    2.66871293387202,    0.00000000000000,    2.66871293387202,   -0.00000005409611,   -0.00000000000000,   -0.00000014436699,    2.66406602216779,    0.00000000000000,    2.66406602216779,    4.83002956916933,    0.00000000000000,
   76,    5,    0.47187500000000,    0.02812500000000,    2.66871293387202,    0.00000000000000,    2.66871293387202,   -0.00000005409611,   -0.00000000000000,   -0.00000014436699,    2.66406602216779,    0.00000000000000,    2.66406602216779,    4.83002956916933,    0.00000000000000,
   77,    1,    0.47812500000000,    0.00312500000000,    2.66973817991118,    0.00000000000000,    2.66973817991118,   -0.00000004196879,   -0.00000000000000,   -0.00000011204568,    2.66509303283134,    0.00000000000000,    2.66509303283134,    3.76007103209641,    0.00000000000000,
   77,    2,    0.47812500000000,    0.00937500000000,    2.66973817991118,    0.00000000000000,    2.66973817991118,   -0.00000004196879,   -0.00000000000000,   -0.00000011204568,    2.66509303283134,    0.00000000000000,    2.66509303283134,    3.76007103209641,    0.00000000000000,
   77,    3,    0.47812500000000,    0.01562500000000,    2.66973817991118,    0.00000000000000,    2.66973817991118,   -0.00000004196879,   -0.00000000000000,   -0.00000011204568,    2.66509303283134,    0.00000000000000,    2.66509303283134,    3.76007103209641,    0.00000000000000,
   77,    4,    0.47812500000000,    0.02187500000000,    2.66973817991118,    0.00000000000000,    2.66973817991118,   -0.00000004196879,   -0.00000000000000,   -0.00000011204568,    2.66509303283134,    0.00000000000000,    2.66509303283134,    3.76007103209641,    0.00000000000000,
   77,    5,    0.47812500000000,    0.02812500000000,    2.66973817991118,    0.00000000000000,    2.66973817991118,   -0.00000004196879,   -0.00000000000000,   -0.00000011204568,    2.66509303283134,    0.00000000000000,    2.66509303283134,    3.76007103209641,    0.00000000000000,
   78,    1,    0.48437500000000,    0.00312500000000,    2.67050746139276,    0.00000000000000,    2.67050746139276,   -0.00000002992093,   -0.00000000000000,   -0.00000007990408,    2.66586363747011,    0.00000000000000,    2.66586363747011,    2.68757779712773,    0.00000000000000,
   78,    2,    0.48437500000000,    0.00937500000000,    2.67050746139276,    0.00000000000000,    2.67050746139276,   -0.00000002992093,   -0.00000000000000,   -0.00000007990408,    2.66586363747011,    0.00000000000000,    2.66586363747011,    2.68757779712773,    0.00000000000000,
   78,    3,    0.48437500000000,    0.01562500000000,    2.67050746139276,    0.00000000000000,    2.67050746139276,   -0.00000002992093,   -0.00000000000000,   -0.00000007990408,    2.66586363747011,    0.00000000000000,    2.66586363747011,    2.68757779712773,    0.00000000000000,
   78,    4,    0.48437500000000,    0.02187500000000,    2.67050746139276,    0.00000000000000,    2.67050746139276,   -0.00000002992093,   -0.00000000000000,   -0.00000007990408,    2.66586363747011,    0.00000000000000,    2.66586363747011,    2.68757779712773,    0.00000000000000,
   78,    5,    0.48437500000000,    0.02812500000000,    2.67050746139276,    0.00000000000000,    2.67050746139276,   -0.00000002992093,   -0.00000000000000,   -0.00000007990408,    2.66586363747011,    0.00000000000000,    2.66586363747011,    2.68757779712773,    0.00000000000000,
   79,    1,    0.49062500000000,    0.00312500000000,    2.67102048096738,    0.00000000000000,    2.67102048096738,   -0.00000001792985,   -0.00000000000000,   -0.00000004789100,    2.66637753900135,    0.00000000000000,    2.66637753900135,    1.61327216746252,    0.00000000000000,
   79,    2,    0.49062500000000,    0.00937500000000,    2.67102048096738,    0.00000000000000,    2.67102048096738,   -0.00000001792985,   -0.00000000000000,   -0.00000004789100,    2.66637753900135,    0.00000000000000,    2.66637753900135,    1.61327216746252,    0.00000000000000,
   79,    3,    0.49062500000000,    0.01562500000000,    2.67102048096738,    0.00000000000000,    2.67102048096738,   -0.00000001792985,   -0.00000000000000,   -0.00000004789100,    2.66637753900135,    0.00000000000000,    2.66637753900135,    1.61327216746252,    0.00000000000000,
   79,    4,    0.49062500000000,    0.02187500000000,    2.67102048096738,    0.00000000000000,    2.67102048096738,   -0.00000001792985,   -0.00000000000000,   -0.00000004789100,    2.66637753900135,    0.00000000000000,    2.66637753900135,    1.61327216746252,    0.00000000000000,
   79,    5,    0.49062500000000,    0.02812500000000,    2.67102048096738,    0.00000000000000,    2.67102048096738,   -0.00000001792985,   -0.00000000000000,   -0.00000004789100,    2.66637753900135,    0.00000000000000,    2.66637753900135,    1.61327216746252,    0.00000000000000,
   80,    1,    0.49687500000000,    0.00312500000000,    2.67127704033841,    0.00000000000000,    2.67127704033841,   -0.00000000597283,   -0.00000000000000,   -0.00000001595509,    2.66663453930622,    0.00000000000000,    2.66663453930622,    0.53787834198376,    0.00000000000000,
   80,    2,    0.49687500000000,    0.00937500000000,    2.67127704033841,    0.00000000000000,    2.67127704033841,   -0.00000000597283,   -0.00000000000000,   -0.00000001595509,    2.66663453930622,    0.00000000000000,    2.66663453930622,    0.53787834198376,    0.00000000000000,
   80,    3,    0.49687500000000,    0.01562500000000,    2.67127704033841,    0.00000000000000,    2.67127704033841,   -0.00000000597283,   -0.00000000000000,   -0.00000001595509,    2.66663453930622,    0.00000000000000,    2.66663453930622,    0.53787834198376,    0.00000000000000,
   80,    4,    0.49687500000000,    0.02187500000000,    2.67127704033841,    0.00000000000000,    2.67127704033841,   -0.00000000597283,   -0.00000000000000,   -0.00000001595509,    2.66663453930622,    0.00000000000000,    2.66663453930622,    0.53787834198376,    0.00000000000000,
   80,    5,    0.49687500000000,    0.02812500000000,    2.67127704033841,    0.00000000000000,    2.67127704033841,   -0.00000000597283,   -0.00000000000000,   -0.00000001595509,    2.66663453930622,    0.00000000000000,    2.66663453930622,    0.53787834198376,    0.00000000000000,
   81,    1,    0.50312500000000,    0.00312500000000,    2.67127704033841,    0.00000000000000,    2.67127704033841,    0.00000000597283,   -0.00000000000000,    0.00000001595509,    2.66663453930622,    0.00000000000000,    2.66663453930622,   -0.53787834198375,    0.00000000000000,
   81,    2,    0.50312500000000,    0.00937500000000,    2.67127704033841,    0.00000000000000,    2.67127704033841,    0.00000000597283,   -0.00000000000000,    0.00000001595509,    2.66663453930622,    0.00000000000000,    2.66663453930622,   -0.53787834198375,    0.00000000000000,
   81,    3,    0.50312500000000,    0.01562500000000,    2.67127704033841,    0.00000000000000,    2.67127704033841,    0.00000000597283,   -0.00000000000000,    0.00000001595509,    2.66663453930622,    0.00000000000000,    2.66663453930622,   -0.53787834198375,    0.00000000000000,
   81,    4,    0.50312500000000,    0.02187500000000,    2.67127704033841,    0.00000000000000,    2.67127704033841,    0.00000000597283,   -0.00000000000000,    0.00000001595509,    2.66663453930622,    0.00000000000000,    2.66663453930622,   -0.53787834198375,    0.00000000000000,
   81,    5,    0.50312500000000,    0.02812500000000,    2.67127704033841,    0.00000000000000,    2.67127704033841,    0.00000000597283,   -0.00000000000000,    0.00000001595509,    2.66663453930622,    0.00000000000000,    2.66663453930622,   -0.53787834198375,    0.00000000000000,
   82,    1,    0.50937500000000,    0.00312500000000,    2.67102048096738,    0.00000000000000,    2.67102048096738,    0.00000001792985,   -0.00000000000000,    0.00000004789100,    2.66637753900135,    0.00000000000000,    2.66637753900135,   -1.61327216746252,    0.00000000000000,
   82,    2,    0.50937500000000,    0.00937500000000,    2.67102048096738,    0.00000000000000,    2.67102048096738,    0.00000001792985,   -0.00000000000000,    0.00000004789100,    2.66637753900135,    0.00000000000000,    2.66637753900135,   -1.61327216746252,    0.00000000000000,
   82,    3,    0.50937500000000,    0.01562500000000,    2.67102048096738,    0.00000000000000,    2.67102048096738,    0.00000001792985,   -0.00000000000000,    0.00000004789100,    2.66637753900135,    0.00000000000000,    2.66637753900135,   -1.61327216746252,    0.00000000000000,
   82,    4,    0.50937500000000,    0.02187500000000,    2.67102048096738,    0.00000000000000,    2.67102048096738,    0.00000001792985,   -0.00000000000000,    0.00000004789100,    2.66637753900135,    0.00000000000000,    2.66637753900135,   -1.61327216746252,    0.00000000000000,
   82,    5,    0.50937500000000,    0.02812500000000,    2.67102048096738,    0.00000000000000,    2.67102048096738,    0.00000001792985,   -0.00000000000000,    0.00000004789100,    2.66637753900135,    0.00000000000000,    2.66637753900135,   -1.61327216746252,    0.00000000000000,
   83,    1,    0.51562500000000,    0.00312500000000,    2.67050746139276,    0.00000000000000,    2.67050746139276,    0.00000002992093,   -0.00000000000000,    0.00000007990408,    2.66586363747011,    0.00000000000000,    2.66586363747011,   -2.68757779712772,    0.00000000000000,
   83,    2,    0.51562500000000,    0.00937500000000,    2.67050746139276,    0.00000000000000,    2.67050746139276,    0.00000002992093,   -0.00000000000000,    0.00000007990408,    2.66586363747011,    0.00000000000000,    2.66586363747011,   -2.68757779712772,    0.00000000000000,
   83,    3,    0.51562500000000,    0.01562500000000,    2.67050746139276,    0.00000000000000,    2.67050746139276,    0.00000002992093,   -0.00000000000000,    0.00000007990408,    2.66586363747011,    0.00000000000000,    2.66586363747011,   -2.68757779712772,    0.00000000000000,
   83,    4,    0.51562500000000,    0.02187500000000,    2.67050746139276,    0.00000000000000,    2.67050746139276,    0.00000002992093,   -0.00000000000000,    0.00000007990408,    2.66586363747011,    0.00000000000000,    2.66586363747011,   -2.68757779712772,    0.00000000000000,
   83,    5,    0.51562500000000,    0.02812500000000,    2.67050746139276,    0.00000000000000,    2.67050746139276,    0.00000002992093,   -0.00000000000000,    0.00000007990408,    2.66586363747011,    0.00000000000000,    2.66586363747011,   -2.68757779712772,    0.00000000000000,
   84,    1,    0.52187500000000,    0.00312500000000,    2.66973817991118,    0.00000000000000,    2.66973817991118,    0.00000004196879,   -0.00000000000000,    0.00000011204567,    2.66509303283134,    0.00000000000000,    2.66509303283134,   -3.76007103209641,    0.00000000000000,
   84,    2,    0.52187500000000,    0.00937500000000,    2.66973817991118,    0.00000000000000,    2.66973817991118,    0.00000004196879,   -0.00000000000000,    0.00000011204567,    2.66509303283134,    0.00000000000000,    2.66509303283134,   -3.76007103209641,    0.00000000000000,
   84,    3,    0.52187500000000,    0.01562500000000,    2.66973817991118,    0.00000000000000,    2.66973817991118,    0.00000004196879,   -0.00000000000000,    0.00000011204567,    2.66509303283134,    0.00000000000000,    2.66509303283134,   -3.76007103209641,    0.00000000000000,
   84,    4,    0.52187500000000,    0.02187500000000,    2.66973817991118,    0.00000000000000,    2.66973817991118,    0.00000004196879,   -0.00000000000000,    0.00000011204567,    2.66509303283134,    0.00000000000000,    2.66509303283134,   -3.76007103209641,    0.00000000000000,
   84,    5,    0.52187500000000,    0.02812500000000,    2.66973817991118,    0.00000000000000,    2.66973817991118,    0.00000004196879,   -0.00000000000000,    0.00000011204567,    2.66509303283134,    0.00000000000000,    2.66509303283134,   -3.76007103209641,    0.00000000000000,
   85,    1,    0.52812500000000,    0.00312500000000,    2.66871293387202,    0.00000000000000,    2.66871293387202,    0.00000005409611,   -0.00000000000000,    0.00000014436699,    2.66406602216779,    0.00000000000000,    2.66406602216779,   -4.83002956916935,    0.00000000000000,
   85,    2,    0.52812500000000,    0.00937500000000,    2.66871293387202,    0.00000000000000,    2.66871293387202,    0.00000005409611,   -0.00000000000000,    0.00000014436699,    2.66406602216779,    0.00000000000000,    2.66406602216779,   -4.83002956916935,    0.00000000000000,
   85,    3,    0.52812500000000,    0.01562500000000,    2.66871293387202,    0.00000000000000,    2.66871293387202,    0.00000005409611,   -0.00000000000000,    0.00000014436699,    2.66406602216779,    0.00000000000000,    2.66406602216779,   -4.83002956916935,    0.00000000000000,
   85,    4,    0.52812500000000,    0.02187500000000,    2.66871293387202,    0.00000000000000,    2.66871293387202,    0.00000005409611,   -0.00000000000000,    0.00000014436699,    2.66406602216779,    0.00000000000000,    2.66406602216779,   -4.83002956916935,    0.00000000000000,
   85,    5,    0.52812500000000,    0.02812500000000,    2.66871293387202,    0.00000000000000,    2.66871293387202,    0.00000005409611,   -0.00000000000000,    0.00000014436699,    2.66406602216779,    0.00000000000000,    2.66406602216779,   -4.83002956916935,    0.00000000000000,
   86,    1,    0.53437500000000,    0.00312500000000,    2.66743211956257,    0.00000000000000,    2.66743211956257,    0.00000006632559,   -0.00000000000000,    0.00000017691900,    2.66278300141162,    0.00000000000000,    2.66278300141162,   -5.89673375549627,    0.00000000000000,
   86,    2,    0.53437500000000,    0.00937500000000,    2.66743211956257,    0.00000000000000,    2.66743211956257,    0.00000006632559,   -0.00000000000000,    0.00000017691900,    2.66278300141162,    0.00000000000000,    2.66278300141162,   -5.89673375549627,    0.00000000000000,
   86,    3,    0.53437500000000,    0.01562500000000,    2.66743211956257,    0.00000000000000,    2.66743211956257,    0.00000006632559,   -0.00000000000000,    0.00000017691900,    2.66278300141162,    0.00000000000000,    2.66278300141162,   -5.89673375549627,    0.00000000000000,
   86,    4,    0.53437500000000,    0.02187500000000,    2.66743211956257,    0.00000000000000,    2.66743211956257,    0.00000006632559,   -0.00000000000000,    0.00000017691900,    2.66278300141162,    0.00000000000000,    2.66278300141162,   -5.89673375549627,    0.00000000000000,
   86,    5,    0.53437500000000,    0.02812500000000,    2.66743211956257,    0.00000000000000,    2.66743211956257,    0.00000006632559,   -0.00000000000000,    0.00000017691900,    2.66278300141162,    0.00000000000000,    2.66278300141162,   -5.89673375549627,    0.00000000000000,
   87,    1,    0.54062500000000,    0.00312500000000,    2.66589623205525,    0.00000000000000,    2.66589623205525,    0.00000007867990,   -0.00000000000000,    0.00000020975244,    2.66124446519175,    0.00000000000000,    2.66124446519175,   -6.95946733963968,    0.00000000000000,
   87,    2,    0.54062500000000,    0.00937500000000,    2.66589623205525,    0.00000000000000,    2.66589623205525,    0.00000007867990,   -0.00000000000000,    0.00000020975244,    2.66124446519175,    0.00000000000000,    2.66124446519175,   -6.95946733963968,    0.00000000000000,
   87,    3,    0.54062500000000,    0.01562500000000,    2.66589623205525,    0.00000000000000,    2.66589623205525,    0.00000007867990,   -0.00000000000000,    0.00000020975244,    2.66124446519175,    0.00000000000000,    2.66124446519175,   -6.95946733963968,    0.00000000000000,
   87,    4,    0.54062500000000,    0.02187500000000,    2.66589623205525,    0.00000000000000,    2.66589623205525,    0.00000007867990,   -0.00000000000000,    0.00000020975244,    2.66124446519175,    0.00000000000000,    2.66124446519175,   -6.95946733963968,    0.00000000000000,
   87,    5,    0.54062500000000,    0.02812500000000,    2.66589623205525,    0.00000000000000,    2.66589623205525,    0.00000007867990,   -0.00000000000000,    0.00000020975244,    2.66124446519175,    0.00000000000000,    2.66124446519175,   -6.95946733963968,    0.00000000000000,
   88,    1,    0.54687500000000,    0.00312500000000,    2.66410586501646,    0.00000000000000,    2.66410586501646,    0.00000009118170,   -0.00000000000000,    0.00000024291770,    2.65945100664319,    0.00000000000000,    2.65945100664319,   -8.01751821801695,    0.00000000000000,
   88,    2,    0.54687500000000,    0.00937500000000,    2.66410586501646,    0.00000000000000,    2.66410586501646,    0.00000009118170,   -0.00000000000000,    0.00000024291770,    2.65945100664319,    0.00000000000000,    2.65945100664319,   -8.01751821801695,    0.00000000000000,
   88,    3,    0.54687500000000,    0.01562500000000,    2.66410586501646,    0.00000000000000,    2.66410586501646,    0.00000009118170,   -0.00000000000000,    0.00000024291770,    2.65945100664319,    0.00000000000000,    2.65945100664319,   -8.01751821801695,    0.00000000000000,
   88,    4,    0.54687500000000,    0.02187500000000,    2.66410586501646,    0.00000000000000,    2.66410586501646,    0.00000009118170,   -0.00000000000000,    0.00000024291770,    2.65945100664319,    0.00000000000000,    2.65945100664319,   -8.01751821801695,    0.00000000000000,
   88,    5,    0.54687500000000,    0.02812500000000,    2.66410586501646,    0.00000000000000,    2.66410586501646,    0.00000009118170,   -0.00000000000000,    0.00000024291770,    2.65945100664319,    0.00000000000000,    2.65945100664319,   -8.01751821801695,    0.00000000000000,
   89,    1,    0.55312500000000,    0.00312500000000,    2.66206171047779,    0.00000000000000,    2.66206171047779,    0.00000010385363,   -0.00000000000000,    0.00000027646476,    2.65740331717834,    0.00000000000000,    2.65740331717834,   -9.07017917570800,    0.00000000000000,
   89,    2,    0.55312500000000,    0.00937500000000,    2.66206171047779,    0.00000000000000,    2.66206171047779,    0.00000010385363,   -0.00000000000000,    0.00000027646476,    2.65740331717834,    0.00000000000000,    2.65740331717834,   -9.07017917570800,    0.00000000000000,
   89,    3,    0.55312500000000,    0.01562500000000,    2.66206171047779,    0.00000000000000,    2.66206171047779,    0.00000010385363,   -0.00000000000000,    0.00000027646476,    2.65740331717834,    0.00000000000000,    2.65740331717834,   -9.07017917570800,    0.00000000000000,
   89,    4,    0.55312500000000,    0.02187500000000,    2.66206171047779,    0.00000000000000,    2.66206171047779,    0.00000010385363,   -0.00000000000000,    0.00000027646476,    2.65740331717834,    0.00000000000000,    2.65740331717834,   -9.07017917570800,    0.00000000000000,
   89,    5,    0.55312500000000,    0.02812500000000,    2.66206171047779,    0.00000000000000,    2.66206171047779,    0.00000010385363,   -0.00000000000000,    0.00000027646476,    2.65740331717834,    0.00000000000000,    2.65740331717834,   -9.07017917570800,    0.00000000000000,
   90,    1,    0.55937500000000,    0.00312500000000,    2.65976455856878,    0.00000000000000,    2.65976455856878,    0.00000011671830,   -0.00000000000000,    0.00000031044319,    2.65510218622047,    0.00000000000000,    2.65510218622047,  -10.11674862062396,    0.00000000000000,
   90,    2,    0.55937500000000,    0.00937500000000,    2.65976455856878,    0.00000000000000,    2.65976455856878,    0.00000011671830,   -0.00000000000000,    0.00000031044319,    2.65510218622047,    0.00000000000000,    2.65510218622047,  -10.11674862062396,    0.00000000000000,
   90,    3,    0.55937500000000,    0.01562500000000,    2.65976455856878,    0.00000000000000,    2.65976455856878,    0.00000011671830,   -0.00000000000000,    0.00000031044319,    2.65510218622047,    0.00000000000000,    2.65510218622047,  -10.11674862062396,    0.00000000000000,
   90,    4,    0.55937500000000,    0.02187500000000,    2.65976455856878,    0.00000000000000,    2.65976455856878,    0.00000011671830,   -0.00000000000000,    0.00000031044319,    2.65510218622047,    0.00000000000000,    2.65510218622047,  -10.11674862062396,    0.00000000000000,
   90,    5,    0.55937500000000,    0.02812500000000,    2.65976455856878,    0.00000000000000,    2.65976455856878,    0.00000011671830,   -0.00000000000000,    0.00000031044319,    2.65510218622047,    0.00000000000000,    2.65510218622047,  -10.11674862062396,    0.00000000000000,
   91,    1,    0.56562500000000,    0.00312500000000,    2.65721529721213,    0.00000000000000,    2.65721529721213,    0.00000012979829,   -0.00000000000000,    0.00000034490200,    2.65254850089938,    0.00000000000000,    2.65254850089938,  -11.15653131004204,    0.00000000000000,
   91,    2,    0.56562500000000,    0.00937500000000,    2.65721529721213,    0.00000000000000,    2.65721529721213,    0.00000012979829,   -0.00000000000000,    0.00000034490200,    2.65254850089938,    0.00000000000000,    2.65254850089938,  -11.15653131004204,    0.00000000000000,
   91,    3,    0.56562500000000,    0.01562500000000,    2.65721529721213,    0.00000000000000,    2.65721529721213,    0.00000012979829,   -0.00000000000000,    0.00000034490200,    2.65254850089938,    0.00000000000000,    2.65254850089938,  -11.15653131004204,    0.00000000000000,
   91,    4,    0.56562500000000,    0.02187500000000,    2.65721529721213,    0.00000000000000,    2.65721529721213,    0.00000012979829,   -0.00000000000000,    0.00000034490200,    2.65254850089938,    0.00000000000000,    2.65254850089938,  -11.15653131004204,    0.00000000000000,
   91,    5,    0.56562500000000,    0.02812500000000,    2.65721529721213,    0.00000000000000,    2.65721529721213,    0.00000012979829,   -0.00000000000000,    0.00000034490200,    2.65254850089938,    0.00000000000000,    2.65254850089938,  -11.15653131004204,    0.00000000000000,
   92,    1,    0.57187500000000,    0.00312500000000,    2.65441491178115,    0.00000000000000,    2.65441491178115,    0.00000014311616,   -0.00000000000000,    0.00000037988966,    2.64974324570936,    0.00000000000000,    2.64974324570936,  -12.18883906852360,    0.00000000000000,
   92,    2,    0.57187500000000,    0.00937500000000,    2.65441491178115,    0.00000000000000,    2.65441491178115,    0.00000014311616,   -0.00000000000000,    0.00000037988966,    2.64974324570936,    0.00000000000000,    2.64974324570936,  -12.18883906852360,    0.00000000000000,
   92,    3,    0.57187500000000,    0.01562500000000,    2.65441491178115,    0.00000000000000,    2.65441491178115,    0.00000014311616,   -0.00000000000000,    0.00000037988966,    2.64974324570936,    0.00000000000000,    2.64974324570936,  -12.18883906852360,    0.00000000000000,
   92,    4,    0.57187500000000,    0.02187500000000,    2.65441491178115,    0.00000000000000,    2.65441491178115,    0.00000014311616,   -0.00000000000000,    0.00000037988966,    2.64974324570936,    0.00000000000000,    2.64974324570936,  -12.18883906852360,    0.00000000000000,
   92,    5,    0.57187500000000,    0.02812500000000,    2.65441491178115,    0.00000000000000,    2.65441491178115,    0.00000014311616,   -0.00000000000000,    0.00000037988966,    2.64974324570936,    0.00000000000000,    2.64974324570936,  -12.18883906852360,    0.00000000000000,
   93,    1,    0.57812500000000,    0.00312500000000,    2.65136448471951,    0.00000000000000,    2.65136448471951,    0.00000015669441,   -0.00000000000000,    0.00000041545398,    2.64668750212970,    0.00000000000000,    2.64668750212970,  -13.21299149624445,    0.00000000000000,
   93,    2,    0.57812500000000,    0.00937500000000,    2.65136448471951,    0.00000000000000,    2.65136448471951,    0.00000015669441,   -0.00000000000000,    0.00000041545398,    2.64668750212970,    0.00000000000000,    2.64668750212970,  -13.21299149624445,    0.00000000000000,
   93,    3,    0.57812500000000,    0.01562500000000,    2.65136448471951,    0.00000000000000,    2.65136448471951,    0.00000015669441,   -0.00000000000000,    0.00000041545398,    2.64668750212970,    0.00000000000000,    2.64668750212970,  -13.21299149624445,    0.00000000000000,
   93,    4,    0.57812500000000,    0.02187500000000,    2.65136448471951,    0.00000000000000,    2.65136448471951,    0.00000015669441,   -0.00000000000000,    0.00000041545398,    2.64668750212970,    0.00000000000000,    2.64668750212970,  -13.21299149624445,    0.00000000000000,
   93,    5,    0.57812500000000,    0.02812500000000,    2.65136448471951,    0.00000000000000,    2.65136448471951,    0.00000015669441,   -0.00000000000000,    0.00000041545398,    2.64668750212970,    0.00000000000000,    2.64668750212970,  -13.21299149624445,    0.00000000000000,
   94,    1,    0.58437500000000,    0.00312500000000,    2.64806519512369,    0.00000000000000,    2.64806519512369,    0.00000017055549,   -0.00000000000000,    0.00000045164207,    2.64338244820770,    0.00000000000000,    2.64338244820770,  -14.22831666678173,    0.00000000000000,
   94,    2,    0.58437500000000,    0.00937500000000,    2.64806519512369,    0.00000000000000,    2.64806519512369,    0.00000017055549,   -0.00000000000000,    0.00000045164207,    2.64338244820770,    0.00000000000000,    2.64338244820770,  -14.22831666678173,    0.00000000000000,
   94,    3,    0.58437500000000,    0.01562500000000,    2.64806519512369,    0.00000000000000,    2.64806519512369,    0.00000017055549,   -0.00000000000000,    0.00000045164207,    2.64338244820770,    0.00000000000000,    2.64338244820770,  -14.22831666678173,    0.00000000000000,
   94,    4,    0.58437500000000,    0.02187500000000,    2.64806519512369,    0.00000000000000,    2.64806519512369,    0.00000017055549,   -0.00000000000000,    0.00000045164207,    2.64338244820770,    0.00000000000000,    2.64338244820770,  -14.22831666678173,    0.00000000000000,
   94,    5,    0.58437500000000,    0.02812500000000,    2.64806519512369,    0.00000000000000,    2.64806519512369,    0.00000017055549,   -0.00000000000000,    0.00000045164207,    2.64338244820770,    0.00000000000000,    2.64338244820770,  -14.22831666678173,    0.00000000000000,
   95,    1,    0.59062500000000,    0.00312500000000,    2.64451831828783,    0.00000000000000,    2.64451831828783,    0.00000018472183,   -0.00000000000000,    0.00000048850026,    2.63982935810457,    0.00000000000000,    2.63982935810457,  -15.23415181341654,    0.00000000000000,
   95,    2,    0.59062500000000,    0.00937500000000,    2.64451831828783,    0.00000000000000,    2.64451831828783,    0.00000018472183,   -0.00000000000000,    0.00000048850026,    2.63982935810457,    0.00000000000000,    2.63982935810457,  -15.23415181341654,    0.00000000000000,
   95,    3,    0.59062500000000,    0.01562500000000,    2.64451831828783,    0.00000000000000,    2.64451831828783,    0.00000018472183,   -0.00000000000000,    0.00000048850026,    2.63982935810457,    0.00000000000000,    2.63982935810457,  -15.23415181341654,    0.00000000000000,
   95,    4,    0.59062500000000,    0.02187500000000,    2.64451831828783,    0.00000000000000,    2.64451831828783,    0.00000018472183,   -0.00000000000000,    0.00000048850026,    2.63982935810457,    0.00000000000000,    2.63982935810457,  -15.23415181341654,    0.00000000000000,
   95,    5,    0.59062500000000,    0.02812500000000,    2.64451831828783,    0.00000000000000,    2.64451831828783,    0.00000018472183,   -0.00000000000000,    0.00000048850026,    2.63982935810457,    0.00000000000000,    2.63982935810457,  -15.23415181341654,    0.00000000000000,
   96,    1,    0.59687500000000,    0.00312500000000,    2.64072522521173,    0.00000000000000,    2.64072522521173,    0.00000019921575,   -0.00000000000000,    0.00000052607405,    2.63602960160419,    0.00000000000000,    2.63602960160419,  -16.22984400302891,    0.00000000000000,
   96,    2,    0.59687500000000,    0.00937500000000,    2.64072522521173,    0.00000000000000,    2.64072522521173,    0.00000019921575,   -0.00000000000000,    0.00000052607405,    2.63602960160419,    0.00000000000000,    2.63602960160419,  -16.22984400302891,    0.00000000000000,
   96,    3,    0.59687500000000,    0.01562500000000,    2.64072522521173,    0.00000000000000,    2.64072522521173,    0.00000019921575,   -0.00000000000000,    0.00000052607405,    2.63602960160419,    0.00000000000000,    2.63602960160419,  -16.22984400302891,    0.00000000000000,
   96,    4,    0.59687500000000,    0.02187500000000,    2.64072522521173,    0.00000000000000,    2.64072522521173,    0.00000019921575,   -0.00000000000000,    0.00000052607405,    2.63602960160419,    0.00000000000000,    2.63602960160419,  -16.22984400302891,    0.00000000000000,
   96,    5,    0.59687500000000,    0.02812500000000,    2.64072522521173,    0.00000000000000,    2.64072522521173,    0.00000019921575,   -0.00000000000000,    0.00000052607405,    2.63602960160419,    0.00000000000000,    2.63602960160419,  -16.22984400302891,    0.00000000000000,
   97,    1,    0.60312500000000,    0.00312500000000,    2.63668738207183,    0.00000000000000,    2.63668738207183,    0.00000021405953,   -0.00000000000000,    0.00000056440805,    2.63198464358501,    0.00000000000000,    2.63198464358501,  -17.21475079668060,    0.00000000000000,
   97,    2,    0.60312500000000,    0.00937500000000,    2.63668738207183,    0.00000000000000,    2.63668738207183,    0.00000021405953,   -0.00000000000000,    0.00000056440805,    2.63198464358501,    0.00000000000000,    2.63198464358501,  -17.21475079668060,    0.00000000000000,
   97,    3,    0.60312500000000,    0.01562500000000,    2.63668738207183,    0.00000000000000,    2.63668738207183,    0.00000021405953,   -0.00000000000000,    0.00000056440805,    2.63198464358501,    0.00000000000000,    2.63198464358501,  -17.21475079668060,    0.00000000000000,
   97,    4,    0.60312500000000,    0.02187500000000,    2.63668738207183,    0.00000000000000,    2.63668738207183,    0.00000021405953,   -0.00000000000000,    0.00000056440805,    2.63198464358501,    0.00000000000000,    2.63198464358501,  -17.21475079668060,    0.00000000000000,
   97,    5,    0.60312500000000,    0.02812500000000,    2.63668738207183,    0.00000000000000,    2.63668738207183,    0.00000021405953,   -0.00000000000000,    0.00000056440805,    2.63198464358501,    0.00000000000000,    2.63198464358501,  -17.21475079668060,    0.00000000000000,
   98,    1,    0.60937500000000,    0.00312500000000,    2.63240634965534,    0.00000000000000,    2.63240634965534,    0.00000022927535,   -0.00000000000000,    0.00000060354588,    2.62769604345535,    0.00000000000000,    2.62769604345535,  -18.18824089600001,    0.00000000000000,
   98,    2,    0.60937500000000,    0.00937500000000,    2.63240634965534,    0.00000000000000,    2.63240634965534,    0.00000022927535,   -0.00000000000000,    0.00000060354588,    2.62769604345535,    0.00000000000000,    2.62769604345535,  -18.18824089600001,    0.00000000000000,
   98,    3,    0.60937500000000,    0.01562500000000,    2.63240634965534,    0.00000000000000,    2.63240634965534,    0.00000022927535,   -0.00000000000000,    0.00000060354588,    2.62769604345535,    0.00000000000000,    2.62769604345535,  -18.18824089600001,    0.00000000000000,
   98,    4,    0.60937500000000,    0.02187500000000,    2.63240634965534,    0.00000000000000,    2.63240634965534,    0.00000022927535,   -0.00000000000000,    0.00000060354588,    2.62769604345535,    0.00000000000000,    2.62769604345535,  -18.18824089600001,    0.00000000000000,
   98,    5,    0.60937500000000,    0.02812500000000,    2.63240634965534,    0.00000000000000,    2.63240634965534,    0.00000022927535,   -0.00000000000000,    0.00000060354588,    2.62769604345535,    0.00000000000000,    2.62769604345535,  -18.18824089600001,    0.00000000000000,
   99,    1,    0.61562500000000,    0.00312500000000,    2.62788378275788,    0.00000000000000,    2.62788378275788,    0.00000024488530,   -0.00000000000000,    0.00000064353012,    2.62316545455219,    0.00000000000000,    2.62316545455219,  -19.14969477450580,    0.00000000000000,
   99,    2,    0.61562500000000,    0.00937500000000,    2.62788378275788,    0.00000000000000,    2.62788378275788,    0.00000024488530,   -0.00000000000000,    0.00000064353012,    2.62316545455219,    0.00000000000000,    2.62316545455219,  -19.14969477450580,    0.00000000000000,
   99,    3,    0.61562500000000,    0.01562500000000,    2.62788378275788,    0.00000000000000,    2.62788378275788,    0.00000024488530,   -0.00000000000000,    0.00000064353012,    2.62316545455219,    0.00000000000000,    2.62316545455219,  -19.14969477450580,    0.00000000000000,
   99,    4,    0.61562500000000,    0.02187500000000,    2.62788378275788,    0.00000000000000,    2.62788378275788,    0.00000024488530,   -0.00000000000000,    0.00000064353012,    2.62316545455219,    0.00000000000000,    2.62316545455219,  -19.14969477450580,    0.00000000000000,
   99,    5,    0.61562500000000,    0.02812500000000,    2.62788378275788,    0.00000000000000,    2.62788378275788,    0.00000024488530,   -0.00000000000000,    0.00000064353012,    2.62316545455219,    0.00000000000000,    2.62316545455219,  -19.14969477450580,    0.00000000000000,
  100,    1,    0.62187500000000,    0.00312500000000,    2.62312142954497,    0.00000000000000,    2.62312142954497,    0.00000026091138,   -0.00000000000000,    0.00000068440224,    2.61839462350382,    0.00000000000000,    2.61839462350382,  -20.09850529302710,    0.00000000000000,
  100,    2,    0.62187500000000,    0.00937500000000,    2.62312142954497,    0.00000000000000,    2.62312142954497,    0.00000026091138,   -0.00000000000000,    0.00000068440224,    2.61839462350382,    0.00000000000000,    2.61839462350382,  -20.09850529302710,    0.00000000000000,
  100,    3,    0.62187500000000,    0.01562500000000,    2.62312142954497,    0.00000000000000,    2.62312142954497,    0.00000026091138,   -0.00000000000000,    0.00000068440224,    2.61839462350382,    0.00000000000000,    2.61839462350382,  -20.09850529302710,    0.00000000000000,
  100,    4,    0.62187500000000,    0.02187500000000,    2.62312142954497,    0.00000000000000,    2.62312142954497,    0.00000026091138,   -0.00000000000000,    0.00000068440224,    2.61839462350382,    0.00000000000000,    2.61839462350382,  -20.09850529302710,    0.00000000000000,
  100,    5,    0.62187500000000,    0.02812500000000,    2.62312142954497,    0.00000000000000,    2.62312142954497,    0.00000026091138,   -0.00000000000000,    0.00000068440224,    2.61839462350382,    0.00000000000000,    2.61839462350382,  -20.09850529302710,    0.00000000000000,
  101,    1,    0.62812500000000,    0.00312500000000,    2.61812113087719,    0.00000000000000,    2.61812113087719,    0.00000027737546,   -0.00000000000000,    0.00000072620255,    2.61338538955640,    0.00000000000000,    2.61338538955640,  -21.03407829840306,    0.00000000000000,
  101,    2,    0.62812500000000,    0.00937500000000,    2.61812113087719,    0.00000000000000,    2.61812113087719,    0.00000027737546,   -0.00000000000000,    0.00000072620255,    2.61338538955640,    0.00000000000000,    2.61338538955640,  -21.03407829840306,    0.00000000000000,
  101,    3,    0.62812500000000,    0.01562500000000,    2.61812113087719,    0.00000000000000,    2.61812113087719,    0.00000027737546,   -0.00000000000000,    0.00000072620255,    2.61338538955640,    0.00000000000000,    2.61338538955640,  -21.03407829840306,    0.00000000000000,
  101,    4,    0.62812500000000,    0.02187500000000,    2.61812113087719,    0.00000000000000,    2.61812113087719,    0.00000027737546,   -0.00000000000000,    0.00000072620255,    2.61338538955640,    0.00000000000000,    2.61338538955640,  -21.03407829840306,    0.00000000000000,
  101,    5,    0.62812500000000,    0.02812500000000,    2.61812113087719,    0.00000000000000,    2.61812113087719,    0.00000027737546,   -0.00000000000000,    0.00000072620255,    2.61338538955640,    0.00000000000000,    2.61338538955640,  -21.03407829840306,    0.00000000000000,
  102,    1,    0.63437500000000,    0.00312500000000,    2.61288481959974,    0.00000000000000,    2.61288481959974,    0.00000029429926,   -0.00000000000000,    0.00000076897006,    2.60813968386498,    0.00000000000000,    2.60813968386498,  -21.95583320466796,    0.00000000000000,
  102,    2,    0.63437500000000,    0.00937500000000,    2.61288481959974,    0.00000000000000,    2.61288481959974,    0.00000029429926,   -0.00000000000000,    0.00000076897006,    2.60813968386498,    0.00000000000000,    2.60813968386498,  -21.95583320466796,    0.00000000000000,
  102,    3,    0.63437500000000,    0.01562500000000,    2.61288481959974,    0.00000000000000,    2.61288481959974,    0.00000029429926,   -0.00000000000000,    0.00000076897006,    2.60813968386498,    0.00000000000000,    2.60813968386498,  -21.95583320466796,    0.00000000000000,
  102,    4,    0.63437500000000,    0.02187500000000,    2.61288481959974,    0.00000000000000,    2.61288481959974,    0.00000029429926,   -0.00000000000000,    0.00000076897006,    2.60813968386498,    0.00000000000000,    2.60813968386498,  -21.95583320466796,    0.00000000000000,
  102,    5,    0.63437500000000,    0.02812500000000,    2.61288481959974,    0.00000000000000,    2.61288481959974,    0.00000029429926,   -0.00000000000000,    0.00000076897006,    2.60813968386498,    0.00000000000000,    2.60813968386498,  -21.95583320466796,    0.00000000000000,
  103,    1,    0.64062500000000,    0.00312500000000,    2.60741451979641,    0.00000000000000,    2.60741451979641,    0.00000031170437,   -0.00000000000000,    0.00000081274250,    2.60265952874896,    0.00000000000000,    2.60265952874896,  -22.86320355595538,    0.00000000000000,
  103,    2,    0.64062500000000,    0.00937500000000,    2.60741451979641,    0.00000000000000,    2.60741451979641,    0.00000031170437,   -0.00000000000000,    0.00000081274250,    2.60265952874896,    0.00000000000000,    2.60265952874896,  -22.86320355595538,    0.00000000000000,
  103,    3,    0.64062500000000,    0.01562500000000,    2.60741451979641,    0.00000000000000,    2.60741451979641,    0.00000031170437,   -0.00000000000000,    0.00000081274250,    2.60265952874896,    0.00000000000000,    2.60265952874896,  -22.86320355595538,    0.00000000000000,
  103,    4,    0.64062500000000,    0.02187500000000,    2.60741451979641,    0.00000000000000,    2.60741451979641,    0.00000031170437,   -0.00000000000000,    0.00000081274250,    2.60265952874896,    0.00000000000000,    2.60265952874896,  -22.86320355595538,    0.00000000000000,
  103,    5,    0.64062500000000,    0.02812500000000,    2.60741451979641,    0.00000000000000,    2.60741451979641,    0.00000031170437,   -0.00000000000000,    0.00000081274250,    2.60265952874896,    0.00000000000000,    2.60265952874896,  -22.86320355595538,    0.00000000000000,
  104,    1,    0.64687500000000,    0.00312500000000,    2.60171234600814,    0.00000000000000,    2.60171234600814,    0.00000032961221,   -0.00000000000000,    0.00000085755615,    2.59694703691246,    0.00000000000000,    2.59694703691246,  -23.75563757038149,    0.00000000000000,
  104,    2,    0.64687500000000,    0.00937500000000,    2.60171234600814,    0.00000000000000,    2.60171234600814,    0.00000032961221,   -0.00000000000000,    0.00000085755615,    2.59694703691246,    0.00000000000000,    2.59694703691246,  -23.75563757038149,    0.00000000000000,
  104,    3,    0.64687500000000,    0.01562500000000,    2.60171234600814,    0.00000000000000,    2.60171234600814,    0.00000032961221,   -0.00000000000000,    0.00000085755615,    2.59694703691246,    0.00000000000000,    2.59694703691246,  -23.75563757038149,    0.00000000000000,
  104,    4,    0.64687500000000,    0.02187500000000,    2.60171234600814,    0.00000000000000,    2.60171234600814,    0.00000032961221,   -0.00000000000000,    0.00000085755615,    2.59694703691246,    0.00000000000000,    2.59694703691246,  -23.75563757038149,    0.00000000000000,
  104,    5,    0.64687500000000,    0.02812500000000,    2.60171234600814,    0.00000000000000,    2.60171234600814,    0.00000032961221,   -0.00000000000000,    0.00000085755615,    2.59694703691246,    0.00000000000000,    2.59694703691246,  -23.75563757038149,    0.00000000000000,
  105,    1,    0.65312500000000,    0.00312500000000,    2.59578050241697,    0.00000000000000,    2.59578050241697,    0.00000034804401,   -0.00000000000000,    0.00000090344585,    2.59100441062983,    0.00000000000000,    2.59100441062983,  -24.63259866419553,    0.00000000000000,
  105,    2,    0.65312500000000,    0.00937500000000,    2.59578050241697,    0.00000000000000,    2.59578050241697,    0.00000034804401,   -0.00000000000000,    0.00000090344585,    2.59100441062983,    0.00000000000000,    2.59100441062983,  -24.63259866419553,    0.00000000000000,
  105,    3,    0.65312500000000,    0.01562500000000,    2.59578050241697,    0.00000000000000,    2.59578050241697,    0.00000034804401,   -0.00000000000000,    0.00000090344585,    2.59100441062983,    0.00000000000000,    2.59100441062983,  -24.63259866419553,    0.00000000000000,
  105,    4,    0.65312500000000,    0.02187500000000,    2.59578050241697,    0.00000000000000,    2.59578050241697,    0.00000034804401,   -0.00000000000000,    0.00000090344585,    2.59100441062983,    0.00000000000000,    2.59100441062983,  -24.63259866419553,    0.00000000000000,
  105,    5,    0.65312500000000,    0.02812500000000,    2.59578050241697,    0.00000000000000,    2.59578050241697,    0.00000034804401,   -0.00000000000000,    0.00000090344585,    2.59100441062983,    0.00000000000000,    2.59100441062983,  -24.63259866419553,    0.00000000000000,
  106,    1,    0.65937500000000,    0.00312500000000,    2.58962128199484,    0.00000000000000,    2.58962128199484,    0.00000036702079,   -0.00000000000000,    0.00000095044485,    2.58483394089662,    0.00000000000000,    2.58483394089662,  -25.49356595551592,    0.00000000000000,
  106,    2,    0.65937500000000,    0.00937500000000,    2.58962128199484,    0.00000000000000,    2.58962128199484,    0.00000036702079,   -0.00000000000000,    0.00000095044485,    2.58483394089662,    0.00000000000000,    2.58483394089662,  -25.49356595551592,    0.00000000000000,
  106,    3,    0.65937500000000,    0.01562500000000,    2.58962128199484,    0.00000000000000,    2.58962128199484,    0.00000036702079,   -0.00000000000000,    0.00000095044485,    2.58483394089662,    0.00000000000000,    2.58483394089662,  -25.49356595551592,    0.00000000000000,
  106,    4,    0.65937500000000,    0.02187500000000,    2.58962128199484,    0.00000000000000,    2.58962128199484,    0.00000036702079,   -0.00000000000000,    0.00000095044485,    2.58483394089662,    0.00000000000000,    2.58483394089662,  -25.49356595551592,    0.00000000000000,
  106,    5,    0.65937500000000,    0.02812500000000,    2.58962128199484,    0.00000000000000,    2.58962128199484,    0.00000036702079,   -0.00000000000000,    0.00000095044485,    2.58483394089662,    0.00000000000000,    2.58483394089662,  -25.49356595551592,    0.00000000000000,
  107,    1,    0.66562500000000,    0.00312500000000,    2.58323706561860,    0.00000000000000,    2.58323706561860,    0.00000038656336,   -0.00000000000000,    0.00000099858480,    2.57843800654636,    0.00000000000000,    2.57843800654636,  -26.33803474699921,    0.00000000000000,
  107,    2,    0.66562500000000,    0.00937500000000,    2.58323706561860,    0.00000000000000,    2.58323706561860,    0.00000038656336,   -0.00000000000000,    0.00000099858480,    2.57843800654636,    0.00000000000000,    2.57843800654636,  -26.33803474699921,    0.00000000000000,
  107,    3,    0.66562500000000,    0.01562500000000,    2.58323706561860,    0.00000000000000,    2.58323706561860,    0.00000038656336,   -0.00000000000000,    0.00000099858480,    2.57843800654636,    0.00000000000000,    2.57843800654636,  -26.33803474699921,    0.00000000000000,
  107,    4,    0.66562500000000,    0.02187500000000,    2.58323706561860,    0.00000000000000,    2.58323706561860,    0.00000038656336,   -0.00000000000000,    0.00000099858480,    2.57843800654636,    0.00000000000000,    2.57843800654636,  -26.33803474699921,    0.00000000000000,
  107,    5,    0.66562500000000,    0.02812500000000,    2.58323706561860,    0.00000000000000,    2.58323706561860,    0.00000038656336,   -0.00000000000000,    0.00000099858480,    2.57843800654636,    0.00000000000000,    2.57843800654636,  -26.33803474699921,    0.00000000000000,
  108,    1,    0.67187500000000,    0.00312500000000,    2.57663032115053,    0.00000000000000,    2.57663032115053,    0.00000040669226,   -0.00000000000000,    0.00000104789560,    2.57181907333351,    0.00000000000000,    2.57181907333351,  -27.16551698682180,    0.00000000000000,
  108,    2,    0.67187500000000,    0.00937500000000,    2.57663032115053,    0.00000000000000,    2.57663032115053,    0.00000040669226,   -0.00000000000000,    0.00000104789560,    2.57181907333351,    0.00000000000000,    2.57181907333351,  -27.16551698682180,    0.00000000000000,
  108,    3,    0.67187500000000,    0.01562500000000,    2.57663032115053,    0.00000000000000,    2.57663032115053,    0.00000040669226,   -0.00000000000000,    0.00000104789560,    2.57181907333351,    0.00000000000000,    2.57181907333351,  -27.16551698682180,    0.00000000000000,
  108,    4,    0.67187500000000,    0.02187500000000,    2.57663032115053,    0.00000000000000,    2.57663032115053,    0.00000040669226,   -0.00000000000000,    0.00000104789560,    2.57181907333351,    0.00000000000000,    2.57181907333351,  -27.16551698682180,    0.00000000000000,
  108,    5,    0.67187500000000,    0.02812500000000,    2.57663032115053,    0.00000000000000,    2.57663032115053,    0.00000040669226,   -0.00000000000000,    0.00000104789560,    2.57181907333351,    0.00000000000000,    2.57181907333351,  -27.16551698682180,    0.00000000000000,
  109,    1,    0.67812500000000,    0.00312500000000,    2.56980360248557,    0.00000000000000,    2.56980360248557,    0.00000042742775,   -0.00000000000000,    0.00000109840538,    2.56497969298282,    0.00000000000000,    2.56497969298282,  -27.97554170738578,    0.00000000000000,
  109,    2,    0.67812500000000,    0.00937500000000,    2.56980360248557,    0.00000000000000,    2.56980360248557,    0.00000042742775,   -0.00000000000000,    0.00000109840538,    2.56497969298282,    0.00000000000000,    2.56497969298282,  -27.97554170738578,    0.00000000000000,
  109,    3,    0.67812500000000,    0.01562500000000,    2.56980360248557,    0.00000000000000,    2.56980360248557,    0.00000042742775,   -0.00000000000000,    0.00000109840538,    2.56497969298282,    0.00000000000000,    2.56497969298282,  -27.97554170738578,    0.00000000000000,
  109,    4,    0.67812500000000,    0.02187500000000,    2.56980360248557,    0.00000000000000,    2.56980360248557,    0.00000042742775,   -0.00000000000000,    0.00000109840538,    2.56497969298282,    0.00000000000000,    2.56497969298282,  -27.97554170738578,    0.00000000000000,
  109,    5,    0.67812500000000,    0.02812500000000,    2.56980360248557,    0.00000000000000,    2.56980360248557,    0.00000042742775,   -0.00000000000000,    0.00000109840538,    2.56497969298282,    0.00000000000000,    2.56497969298282,  -27.97554170738578,    0.00000000000000,
  110,    1,    0.68437500000000,    0.00312500000000,    2.56275954856506,    0.00000000000000,    2.56275954856506,    0.00000044878981,   -0.00000000000000,    0.00000115014038,    2.55792250220561,    0.00000000000000,    2.55792250220561,  -28.76765544119307,    0.00000000000000,
  110,    2,    0.68437500000000,    0.00937500000000,    2.56275954856506,    0.00000000000000,    2.56275954856506,    0.00000044878981,   -0.00000000000000,    0.00000115014038,    2.55792250220561,    0.00000000000000,    2.55792250220561,  -28.76765544119307,    0.00000000000000,
  110,    3,    0.68437500000000,    0.01562500000000,    2.56275954856506,    0.00000000000000,    2.56275954856506,    0.00000044878981,   -0.00000000000000,    0.00000115014038,    2.55792250220561,    0.00000000000000,    2.55792250220561,  -28.76765544119307,    0.00000000000000,
  110,    4,    0.68437500000000,    0.02187500000000,    2.56275954856506,    0.00000000000000,    2.56275954856506,    0.00000044878981,   -0.00000000000000,    0.00000115014038,    2.55792250220561,    0.00000000000000,    2.55792250220561,  -28.76765544119307,    0.00000000000000,
  110,    5,    0.68437500000000,    0.02812500000000,    2.56275954856506,    0.00000000000000,    2.56275954856506,    0.00000044878981,   -0.00000000000000,    0.00000115014038,    2.55792250220561,    0.00000000000000,    2.55792250220561,  -28.76765544119307,    0.00000000000000,
  111,    1,    0.69062500000000,    0.00312500000000,    2.55550088235760,    0.00000000000000,    2.55550088235760,    0.00000047079808,   -0.00000000000000,    0.00000120312490,    2.55065022168325,    0.00000000000000,    2.55065022168325,  -29.54142261336698,    0.00000000000000,
  111,    2,    0.69062500000000,    0.00937500000000,    2.55550088235760,    0.00000000000000,    2.55550088235760,    0.00000047079808,   -0.00000000000000,    0.00000120312490,    2.55065022168325,    0.00000000000000,    2.55065022168325,  -29.54142261336698,    0.00000000000000,
  111,    3,    0.69062500000000,    0.01562500000000,    2.55550088235760,    0.00000000000000,    2.55550088235760,    0.00000047079808,   -0.00000000000000,    0.00000120312490,    2.55065022168325,    0.00000000000000,    2.55065022168325,  -29.54142261336698,    0.00000000000000,
  111,    4,    0.69062500000000,    0.02187500000000,    2.55550088235760,    0.00000000000000,    2.55550088235760,    0.00000047079808,   -0.00000000000000,    0.00000120312490,    2.55065022168325,    0.00000000000000,    2.55065022168325,  -29.54142261336698,    0.00000000000000,
  111,    5,    0.69062500000000,    0.02812500000000,    2.55550088235760,    0.00000000000000,    2.55550088235760,    0.00000047079808,   -0.00000000000000,    0.00000120312490,    2.55065022168325,    0.00000000000000,    2.55065022168325,  -29.54142261336698,    0.00000000000000,
  112,    1,    0.69687500000000,    0.00312500000000,    2.54803040980743,    0.00000000000000,    2.54803040980743,    0.00000049347180,   -0.00000000000000,    0.00000125738116,    2.54316565501833,    0.00000000000000,    2.54316565501833,  -30.29642591033329,    0.00000000000000,
  112,    2,    0.69687500000000,    0.00937500000000,    2.54803040980743,    0.00000000000000,    2.54803040980743,    0.00000049347180,   -0.00000000000000,    0.00000125738116,    2.54316565501833,    0.00000000000000,    2.54316565501833,  -30.29642591033329,    0.00000000000000,
  112,    3,    0.69687500000000,    0.01562500000000,    2.54803040980743,    0.00000000000000,    2.54803040980743,    0.00000049347180,   -0.00000000000000,    0.00000125738116,    2.54316565501833,    0.00000000000000,    2.54316565501833,  -30.29642591033329,    0.00000000000000,
  112,    4,    0.69687500000000,    0.02187500000000,    2.54803040980743,    0.00000000000000,    2.54803040980743,    0.00000049347180,   -0.00000000000000,    0.00000125738116,    2.54316565501833,    0.00000000000000,    2.54316565501833,  -30.29642591033329,    0.00000000000000,
  112,    5,    0.69687500000000,    0.02812500000000,    2.54803040980743,    0.00000000000000,    2.54803040980743,    0.00000049347180,   -0.00000000000000,    0.00000125738116,    2.54316565501833,    0.00000000000000,    2.54316565501833,  -30.29642591033329,    0.00000000000000,
  113,    1,    0.70312500000000,    0.00312500000000,    2.54035101875066,    0.00000000000000,    2.54035101875066,    0.00000051682987,   -0.00000000000000,    0.00000131292930,    2.53547168765376,    0.00000000000000,    2.53547168765376,  -31.03226662421000,    0.00000000000000,
  113,    2,    0.70312500000000,    0.00937500000000,    2.54035101875066,    0.00000000000000,    2.54035101875066,    0.00000051682987,   -0.00000000000000,    0.00000131292930,    2.53547168765376,    0.00000000000000,    2.53547168765376,  -31.03226662421000,    0.00000000000000,
  113,    3,    0.70312500000000,    0.01562500000000,    2.54035101875066,    0.00000000000000,    2.54035101875066,    0.00000051682987,   -0.00000000000000,    0.00000131292930,    2.53547168765376,    0.00000000000000,    2.53547168765376,  -31.03226662421000,    0.00000000000000,
  113,    4,    0.70312500000000,    0.02187500000000,    2.54035101875066,    0.00000000000000,    2.54035101875066,    0.00000051682987,   -0.00000000000000,    0.00000131292930,    2.53547168765376,    0.00000000000000,    2.53547168765376,  -31.03226662421000,    0.00000000000000,
  113,    5,    0.70312500000000,    0.02812500000000,    2.54035101875066,    0.00000000000000,    2.54035101875066,    0.00000051682987,   -0.00000000000000,    0.00000131292930,    2.53547168765376,    0.00000000000000,    2.53547168765376,  -31.03226662421000,    0.00000000000000,
  114,    1,    0.70937500000000,    0.00312500000000,    2.53246567779968,    0.00000000000000,    2.53246567779968,    0.00000054089073,   -0.00000000000000,    0.00000136978722,    2.52757128576044,    0.00000000000000,    2.52757128576044,  -31.74856497248939,    0.00000000000000,
  114,    2,    0.70937500000000,    0.00937500000000,    2.53246567779968,    0.00000000000000,    2.53246567779968,    0.00000054089073,   -0.00000000000000,    0.00000136978722,    2.52757128576044,    0.00000000000000,    2.52757128576044,  -31.74856497248939,    0.00000000000000,
  114,    3,    0.70937500000000,    0.01562500000000,    2.53246567779968,    0.00000000000000,    2.53246567779968,    0.00000054089073,   -0.00000000000000,    0.00000136978722,    2.52757128576044,    0.00000000000000,    2.52757128576044,  -31.74856497248939,    0.00000000000000,
  114,    4,    0.70937500000000,    0.02187500000000,    2.53246567779968,    0.00000000000000,    2.53246567779968,    0.00000054089073,   -0.00000000000000,    0.00000136978722,    2.52757128576044,    0.00000000000000,    2.52757128576044,  -31.74856497248939,    0.00000000000000,
  114,    5,    0.70937500000000,    0.02812500000000,    2.53246567779968,    0.00000000000000,    2.53246567779968,    0.00000054089073,   -0.00000000000000,    0.00000136978722,    2.52757128576044,    0.00000000000000,    2.52757128576044,  -31.74856497248939,    0.00000000000000,
  115,    1,    0.71562500000000,    0.00312500000000,    2.52437743519629,    0.00000000000000,    2.52437743519629,    0.00000056567236,    0.00000000000000,    0.00000142797053,    2.51946749509368,    0.00000000000000,    2.51946749509368,  -32.44496039263360,    0.00000000000000,
  115,    2,    0.71562500000000,    0.00937500000000,    2.52437743519629,    0.00000000000000,    2.52437743519629,    0.00000056567236,    0.00000000000000,    0.00000142797053,    2.51946749509368,    0.00000000000000,    2.51946749509368,  -32.44496039263360,    0.00000000000000,
  115,    3,    0.71562500000000,    0.01562500000000,    2.52437743519629,    0.00000000000000,    2.52437743519629,    0.00000056567236,    0.00000000000000,    0.00000142797053,    2.51946749509368,    0.00000000000000,    2.51946749509368,  -32.44496039263360,    0.00000000000000,
  115,    4,    0.71562500000000,    0.02187500000000,    2.52437743519629,    0.00000000000000,    2.52437743519629,    0.00000056567236,    0.00000000000000,    0.00000142797053,    2.51946749509368,    0.00000000000000,    2.51946749509368,  -32.44496039263360,    0.00000000000000,
  115,    5,    0.71562500000000,    0.02812500000000,    2.52437743519629,    0.00000000000000,    2.52437743519629,    0.00000056567236,    0.00000000000000,    0.00000142797053,    2.51946749509368,    0.00000000000000,    2.51946749509368,  -32.44496039263360,    0.00000000000000,
  116,    1,    0.72187500000000,    0.00312500000000,    2.51608941763412,    0.00000000000000,    2.51608941763412,    0.00000059119221,   -0.00000000000000,    0.00000148749247,    2.51116343981904,    0.00000000000000,    2.51116343981904,  -33.12111181124153,    0.00000000000000,
  116,    2,    0.72187500000000,    0.00937500000000,    2.51608941763412,    0.00000000000000,    2.51608941763412,    0.00000059119221,   -0.00000000000000,    0.00000148749247,    2.51116343981904,    0.00000000000000,    2.51116343981904,  -33.12111181124153,    0.00000000000000,
  116,    3,    0.72187500000000,    0.01562500000000,    2.51608941763412,    0.00000000000000,    2.51608941763412,    0.00000059119221,   -0.00000000000000,    0.00000148749247,    2.51116343981904,    0.00000000000000,    2.51116343981904,  -33.12111181124153,    0.00000000000000,
  116,    4,    0.72187500000000,    0.02187500000000,    2.51608941763412,    0.00000000000000,    2.51608941763412,    0.00000059119221,   -0.00000000000000,    0.00000148749247,    2.51116343981904,    0.00000000000000,    2.51116343981904,  -33.12111181124153,    0.00000000000000,
  116,    5,    0.72187500000000,    0.02812500000000,    2.51608941763412,    0.00000000000000,    2.51608941763412,    0.00000059119221,   -0.00000000000000,    0.00000148749247,    2.51116343981904,    0.00000000000000,    2.51116343981904,  -33.12111181124153,    0.00000000000000,
  117,    1,    0.72812500000000,    0.00312500000000,    2.50760482905035,    0.00000000000000,    2.50760482905035,    0.00000061746723,    0.00000000000000,    0.00000154836381,    2.50266232130791,    0.00000000000000,    2.50266232130791,  -33.77669788748268,    0.00000000000000,
  117,    2,    0.72812500000000,    0.00937500000000,    2.50760482905035,    0.00000000000000,    2.50760482905035,    0.00000061746723,    0.00000000000000,    0.00000154836381,    2.50266232130791,    0.00000000000000,    2.50266232130791,  -33.77669788748268,    0.00000000000000,
  117,    3,    0.72812500000000,    0.01562500000000,    2.50760482905035,    0.00000000000000,    2.50760482905035,    0.00000061746723,    0.00000000000000,    0.00000154836381,    2.50266232130791,    0.00000000000000,    2.50266232130791,  -33.77669788748268,    0.00000000000000,
  117,    4,    0.72812500000000,    0.02187500000000,    2.50760482905035,    0.00000000000000,    2.50760482905035,    0.00000061746723,    0.00000000000000,    0.00000154836381,    2.50266232130791,    0.00000000000000,    2.50266232130791,  -33.77669788748268,    0.00000000000000,
  117,    5,    0.72812500000000,    0.02812500000000,    2.50760482905035,    0.00000000000000,    2.50760482905035,    0.00000061746723,    0.00000000000000,    0.00000154836381,    2.50266232130791,    0.00000000000000,    2.50266232130791,  -33.77669788748268,    0.00000000000000,
  118,    1,    0.73437500000000,    0.00312500000000,    2.49892694938762,    0.00000000000000,    2.49892694938762,    0.00000064451374,   -0.00000000000000,    0.00000161059276,    2.49396741690331,    0.00000000000000,    2.49396741690331,  -34.41141723053124,    0.00000000000000,
  118,    2,    0.73437500000000,    0.00937500000000,    2.49892694938762,    0.00000000000000,    2.49892694938762,    0.00000064451374,   -0.00000000000000,    0.00000161059276,    2.49396741690331,    0.00000000000000,    2.49396741690331,  -34.41141723053124,    0.00000000000000,
  118,    3,    0.73437500000000,    0.01562500000000,    2.49892694938762,    0.00000000000000,    2.49892694938762,    0.00000064451374,   -0.00000000000000,    0.00000161059276,    2.49396741690331,    0.00000000000000,    2.49396741690331,  -34.41141723053124,    0.00000000000000,
  118,    4,    0.73437500000000,    0.02187500000000,    2.49892694938762,    0.00000000000000,    2.49892694938762,    0.00000064451374,   -0.00000000000000,    0.00000161059276,    2.49396741690331,    0.00000000000000,    2.49396741690331,  -34.41141723053124,    0.00000000000000,
  118,    5,    0.73437500000000,    0.02812500000000,    2.49892694938762,    0.00000000000000,    2.49892694938762,    0.00000064451374,   -0.00000000000000,    0.00000161059276,    2.49396741690331,    0.00000000000000,    2.49396741690331,  -34.41141723053124,    0.00000000000000,
  119,    1,    0.74062500000000,    0.00312500000000,    2.49005913332644,    0.00000000000000,    2.49005913332644,    0.00000067234744,   -0.00000000000000,    0.00000167418490,    2.48508207865638,    0.00000000000000,    2.48508207865638,  -35.02498859077272,    0.00000000000000,
  119,    2,    0.74062500000000,    0.00937500000000,    2.49005913332644,    0.00000000000000,    2.49005913332644,    0.00000067234744,   -0.00000000000000,    0.00000167418490,    2.48508207865638,    0.00000000000000,    2.48508207865638,  -35.02498859077272,    0.00000000000000,
  119,    3,    0.74062500000000,    0.01562500000000,    2.49005913332644,    0.00000000000000,    2.49005913332644,    0.00000067234744,   -0.00000000000000,    0.00000167418490,    2.48508207865638,    0.00000000000000,    2.48508207865638,  -35.02498859077272,    0.00000000000000,
  119,    4,    0.74062500000000,    0.02187500000000,    2.49005913332644,    0.00000000000000,    2.49005913332644,    0.00000067234744,   -0.00000000000000,    0.00000167418490,    2.48508207865638,    0.00000000000000,    2.48508207865638,  -35.02498859077272,    0.00000000000000,
  119,    5,    0.74062500000000,    0.02812500000000,    2.49005913332644,    0.00000000000000,    2.49005913332644,    0.00000067234744,   -0.00000000000000,    0.00000167418490,    2.48508207865638,    0.00000000000000,    2.48508207865638,  -35.02498859077272,    0.00000000000000,
  120,    1,    0.74687500000000,    0.00312500000000,    2.48100480898842,    0.00000000000000,    2.48100480898842,    0.00000070098336,   -0.00000000000000,    0.00000173914308,    2.47600973203418,    0.00000000000000,    2.47600973203418,  -35.61715102459341,    0.00000000000000,
  120,    2,    0.74687500000000,    0.00937500000000,    2.48100480898842,    0.00000000000000,    2.48100480898842,    0.00000070098336,   -0.00000000000000,    0.00000173914308,    2.47600973203418,    0.00000000000000,    2.47600973203418,  -35.61715102459341,    0.00000000000000,
  120,    3,    0.74687500000000,    0.01562500000000,    2.48100480898842,    0.00000000000000,    2.48100480898842,    0.00000070098336,   -0.00000000000000,    0.00000173914308,    2.47600973203418,    0.00000000000000,    2.47600973203418,  -35.61715102459341,    0.00000000000000,
  120,    4,    0.74687500000000,    0.02187500000000,    2.48100480898842,    0.00000000000000,    2.48100480898842,    0.00000070098336,   -0.00000000000000,    0.00000173914308,    2.47600973203418,    0.00000000000000,    2.47600973203418,  -35.61715102459341,    0.00000000000000,
  120,    5,    0.74687500000000,    0.02812500000000,    2.48100480898842,    0.00000000000000,    2.48100480898842,    0.00000070098336,   -0.00000000000000,    0.00000173914308,    2.47600973203418,    0.00000000000000,    2.47600973203418,  -35.61715102459341,    0.00000000000000,
  121,    1,    0.75312500000000,    0.00312500000000,    2.47176747661110,    0.00000000000000,    2.47176747661110,    0.00000073043576,   -0.00000000000000,    0.00000180546737,    2.46675387459902,    0.00000000000000,    2.46675387459902,  -36.18766403260243,    0.00000000000000,
  121,    2,    0.75312500000000,    0.00937500000000,    2.47176747661110,    0.00000000000000,    2.47176747661110,    0.00000073043576,   -0.00000000000000,    0.00000180546737,    2.46675387459902,    0.00000000000000,    2.46675387459902,  -36.18766403260243,    0.00000000000000,
  121,    3,    0.75312500000000,    0.01562500000000,    2.47176747661110,    0.00000000000000,    2.47176747661110,    0.00000073043576,   -0.00000000000000,    0.00000180546737,    2.46675387459902,    0.00000000000000,    2.46675387459902,  -36.18766403260243,    0.00000000000000,
  121,    4,    0.75312500000000,    0.02187500000000,    2.47176747661110,    0.00000000000000,    2.47176747661110,    0.00000073043576,   -0.00000000000000,    0.00000180546737,    2.46675387459902,    0.00000000000000,    2.46675387459902,  -36.18766403260243,    0.00000000000000,
  121,    5,    0.75312500000000,    0.02812500000000,    2.47176747661110,    0.00000000000000,    2.47176747661110,    0.00000073043576,   -0.00000000000000,    0.00000180546737,    2.46675387459902,    0.00000000000000,    2.46675387459902,  -36.18766403260243,    0.00000000000000,
  122,    1,    0.75937500000000,    0.00312500000000,    2.46235070719464,    0.00000000000000,    2.46235070719464,    0.00000076071816,    0.00000000000000,    0.00000187315491,    2.45731807466013,    0.00000000000000,    2.45731807466013,  -36.73630767117499,    0.00000000000000,
  122,    2,    0.75937500000000,    0.00937500000000,    2.46235070719464,    0.00000000000000,    2.46235070719464,    0.00000076071816,    0.00000000000000,    0.00000187315491,    2.45731807466013,    0.00000000000000,    2.45731807466013,  -36.73630767117499,    0.00000000000000,
  122,    3,    0.75937500000000,    0.01562500000000,    2.46235070719464,    0.00000000000000,    2.46235070719464,    0.00000076071816,    0.00000000000000,    0.00000187315491,    2.45731807466013,    0.00000000000000,    2.45731807466013,  -36.73630767117499,    0.00000000000000,
  122,    4,    0.75937500000000,    0.02187500000000,    2.46235070719464,    0.00000000000000,    2.46235070719464,    0.00000076071816,    0.00000000000000,    0.00000187315491,    2.45731807466013,    0.00000000000000,    2.45731807466013,  -36.73630767117499,    0.00000000000000,
  122,    5,    0.75937500000000,    0.02812500000000,    2.46235070719464,    0.00000000000000,    2.46235070719464,    0.00000076071816,    0.00000000000000,    0.00000187315491,    2.45731807466013,    0.00000000000000,    2.45731807466013,  -36.73630767117499,    0.00000000000000,
  123,    1,    0.76562500000000,    0.00312500000000,    2.45275814112100,    0.00000000000000,    2.45275814112100,    0.00000079184322,    0.00000000000000,    0.00000194219990,    2.44770596989801,    0.00000000000000,    2.44770596989801,  -37.26288263724481,    0.00000000000000,
  123,    2,    0.76562500000000,    0.00937500000000,    2.45275814112100,    0.00000000000000,    2.45275814112100,    0.00000079184322,    0.00000000000000,    0.00000194219990,    2.44770596989801,    0.00000000000000,    2.44770596989801,  -37.26288263724481,    0.00000000000000,
  123,    3,    0.76562500000000,    0.01562500000000,    2.45275814112100,    0.00000000000000,    2.45275814112100,    0.00000079184322,    0.00000000000000,    0.00000194219990,    2.44770596989801,    0.00000000000000,    2.44770596989801,  -37.26288263724481,    0.00000000000000,
  123,    4,    0.76562500000000,    0.02187500000000,    2.45275814112100,    0.00000000000000,    2.45275814112100,    0.00000079184322,    0.00000000000000,    0.00000194219990,    2.44770596989801,    0.00000000000000,    2.44770596989801,  -37.26288263724481,    0.00000000000000,
  123,    5,    0.76562500000000,    0.02812500000000,    2.45275814112100,    0.00000000000000,    2.45275814112100,    0.00000079184322,    0.00000000000000,    0.00000194219990,    2.44770596989801,    0.00000000000000,    2.44770596989801,  -37.26288263724481,    0.00000000000000,
  124,    1,    0.77187500000000,    0.00312500000000,    2.44299348674611,    0.00000000000000,    2.44299348674611,    0.00000082382269,   -0.00000000000000,    0.00000201259347,    2.43792126596203,    0.00000000000000,    2.43792126596203,  -37.76721032631315,    0.00000000000000,
  124,    2,    0.77187500000000,    0.00937500000000,    2.44299348674611,    0.00000000000000,    2.44299348674611,    0.00000082382269,   -0.00000000000000,    0.00000201259347,    2.43792126596203,    0.00000000000000,    2.43792126596203,  -37.76721032631315,    0.00000000000000,
  124,    3,    0.77187500000000,    0.01562500000000,    2.44299348674611,    0.00000000000000,    2.44299348674611,    0.00000082382269,   -0.00000000000000,    0.00000201259347,    2.43792126596203,    0.00000000000000,    2.43792126596203,  -37.76721032631315,    0.00000000000000,
  124,    4,    0.77187500000000,    0.02187500000000,    2.44299348674611,    0.00000000000000,    2.44299348674611,    0.00000082382269,   -0.00000000000000,    0.00000201259347,    2.43792126596203,    0.00000000000000,    2.43792126596203,  -37.76721032631315,    0.00000000000000,
  124,    5,    0.77187500000000,    0.02812500000000,    2.44299348674611,    0.00000000000000,    2.44299348674611,    0.00000082382269,   -0.00000000000000,    0.00000201259347,    2.43792126596203,    0.00000000000000,    2.43792126596203,  -37.76721032631315,    0.00000000000000,
  125,    1,    0.77812500000000,    0.00312500000000,    2.43306051896553,    0.00000000000000,    2.43306051896553,    0.00000085666740,   -0.00000000000000,    0.00000208432362,    2.42796773504180,    0.00000000000000,    2.42796773504180,  -38.24913286368085,    0.00000000000000,
  125,    2,    0.77812500000000,    0.00937500000000,    2.43306051896553,    0.00000000000000,    2.43306051896553,    0.00000085666740,   -0.00000000000000,    0.00000208432362,    2.42796773504180,    0.00000000000000,    2.42796773504180,  -38.24913286368085,    0.00000000000000,
  125,    3,    0.77812500000000,    0.01562500000000,    2.43306051896553,    0.00000000000000,    2.43306051896553,    0.00000085666740,   -0.00000000000000,    0.00000208432362,    2.42796773504180,    0.00000000000000,    2.42796773504180,  -38.24913286368085,    0.00000000000000,
  125,    4,    0.77812500000000,    0.02187500000000,    2.43306051896553,    0.00000000000000,    2.43306051896553,    0.00000085666740,   -0.00000000000000,    0.00000208432362,    2.42796773504180,    0.00000000000000,    2.42796773504180,  -38.24913286368085,    0.00000000000000,
  125,    5,    0.77812500000000,    0.02812500000000,    2.43306051896553,    0.00000000000000,    2.43306051896553,    0.00000085666740,   -0.00000000000000,    0.00000208432362,    2.42796773504180,    0.00000000000000,    2.42796773504180,  -38.24913286368085,    0.00000000000000,
  126,    1,    0.78437500000000,    0.00312500000000,    2.42296307775409,    0.00000000000000,    2.42296307775409,    0.00000089038713,    0.00000000000000,    0.00000215737514,    2.41784921441298,    0.00000000000000,    2.41784921441298,  -38.70851310894970,    0.00000000000000,
  126,    2,    0.78437500000000,    0.00937500000000,    2.42296307775409,    0.00000000000000,    2.42296307775409,    0.00000089038713,    0.00000000000000,    0.00000215737514,    2.41784921441298,    0.00000000000000,    2.41784921441298,  -38.70851310894970,    0.00000000000000,
  126,    3,    0.78437500000000,    0.01562500000000,    2.42296307775409,    0.00000000000000,    2.42296307775409,    0.00000089038713,    0.00000000000000,    0.00000215737514,    2.41784921441298,    0.00000000000000,    2.41784921441298,  -38.70851310894970,    0.00000000000000,
  126,    4,    0.78437500000000,    0.02187500000000,    2.42296307775409,    0.00000000000000,    2.42296307775409,    0.00000089038713,    0.00000000000000,    0.00000215737514,    2.41784921441298,    0.00000000000000,    2.41784921441298,  -38.70851310894970,    0.00000000000000,
  126,    5,    0.78437500000000,    0.02812500000000,    2.42296307775409,    0.00000000000000,    2.42296307775409,    0.00000089038713,    0.00000000000000,    0.00000215737514,    2.41784921441298,    0.00000000000000,    2.41784921441298,  -38.70851310894970,    0.00000000000000,
  127,    1,    0.79062500000000,    0.00312500000000,    2.41270506668023,    0.00000000000000,    2.41270506668023,    0.00000092499062,   -0.00000000000000,    0.00000223172955,    2.40756960495788,    0.00000000000000,    2.40756960495788,  -39.14523463387796,    0.00000000000000,
  127,    2,    0.79062500000000,    0.00937500000000,    2.41270506668023,    0.00000000000000,    2.41270506668023,    0.00000092499062,   -0.00000000000000,    0.00000223172955,    2.40756960495788,    0.00000000000000,    2.40756960495788,  -39.14523463387796,    0.00000000000000,
  127,    3,    0.79062500000000,    0.01562500000000,    2.41270506668023,    0.00000000000000,    2.41270506668023,    0.00000092499062,   -0.00000000000000,    0.00000223172955,    2.40756960495788,    0.00000000000000,    2.40756960495788,  -39.14523463387796,    0.00000000000000,
  127,    4,    0.79062500000000,    0.02187500000000,    2.41270506668023,    0.00000000000000,    2.41270506668023,    0.00000092499062,   -0.00000000000000,    0.00000223172955,    2.40756960495788,    0.00000000000000,    2.40756960495788,  -39.14523463387796,    0.00000000000000,
  127,    5,    0.79062500000000,    0.02812500000000,    2.41270506668023,    0.00000000000000,    2.41270506668023,    0.00000092499062,   -0.00000000000000,    0.00000223172955,    2.40756960495788,    0.00000000000000,    2.40756960495788,  -39.14523463387796,    0.00000000000000,
  128,    1,    0.79687500000000,    0.00312500000000,    2.40229045139548,    0.00000000000000,    2.40229045139548,    0.00000096048543,   -0.00000000000000,    0.00000230736498,    2.39713286966162,    0.00000000000000,    2.39713286966162,  -39.55920167371453,    0.00000000000000,
  128,    2,    0.79687500000000,    0.00937500000000,    2.40229045139548,    0.00000000000000,    2.40229045139548,    0.00000096048543,   -0.00000000000000,    0.00000230736498,    2.39713286966162,    0.00000000000000,    2.39713286966162,  -39.55920167371453,    0.00000000000000,
  128,    3,    0.79687500000000,    0.01562500000000,    2.40229045139548,    0.00000000000000,    2.40229045139548,    0.00000096048543,   -0.00000000000000,    0.00000230736498,    2.39713286966162,    0.00000000000000,    2.39713286966162,  -39.55920167371453,    0.00000000000000,
  128,    4,    0.79687500000000,    0.02187500000000,    2.40229045139548,    0.00000000000000,    2.40229045139548,    0.00000096048543,   -0.00000000000000,    0.00000230736498,    2.39713286966162,    0.00000000000000,    2.39713286966162,  -39.55920167371453,    0.00000000000000,
  128,    5,    0.79687500000000,    0.02812500000000,    2.40229045139548,    0.00000000000000,    2.40229045139548,    0.00000096048543,   -0.00000000000000,    0.00000230736498,    2.39713286966162,    0.00000000000000,    2.39713286966162,  -39.55920167371453,    0.00000000000000,
  129,    1,    0.80312500000000,    0.00312500000000,    2.39172325809952,    0.00000000000000,    2.39172325809952,    0.00000099687794,   -0.00000000000000,    0.00000238425616,    2.38654303208434,    0.00000000000000,    2.38654303208434,  -39.95033905217458,    0.00000000000000,
  129,    2,    0.80312500000000,    0.00937500000000,    2.39172325809952,    0.00000000000000,    2.39172325809952,    0.00000099687794,   -0.00000000000000,    0.00000238425616,    2.38654303208434,    0.00000000000000,    2.38654303208434,  -39.95033905217458,    0.00000000000000,
  129,    3,    0.80312500000000,    0.01562500000000,    2.39172325809952,    0.00000000000000,    2.39172325809952,    0.00000099687794,   -0.00000000000000,    0.00000238425616,    2.38654303208434,    0.00000000000000,    2.38654303208434,  -39.95033905217458,    0.00000000000000,
  129,    4,    0.80312500000000,    0.02187500000000,    2.39172325809952,    0.00000000000000,    2.39172325809952,    0.00000099687794,   -0.00000000000000,    0.00000238425616,    2.38654303208434,    0.00000000000000,    2.38654303208434,  -39.95033905217458,    0.00000000000000,
  129,    5,    0.80312500000000,    0.02812500000000,    2.39172325809952,    0.00000000000000,    2.39172325809952,    0.00000099687794,   -0.00000000000000,    0.00000238425616,    2.38654303208434,    0.00000000000000,    2.38654303208434,  -39.95033905217458,    0.00000000000000,
  130,    1,    0.80937500000000,    0.00312500000000,    2.38100757198170,    0.00000000000000,    2.38100757198170,    0.00000103417324,    0.00000000000000,    0.00000246237432,    2.37580417481001,    0.00000000000000,    2.37580417481001,  -40.31859208025818,    0.00000000000000,
  130,    2,    0.80937500000000,    0.00937500000000,    2.38100757198170,    0.00000000000000,    2.38100757198170,    0.00000103417324,    0.00000000000000,    0.00000246237432,    2.37580417481001,    0.00000000000000,    2.37580417481001,  -40.31859208025818,    0.00000000000000,
  130,    3,    0.80937500000000,    0.01562500000000,    2.38100757198170,    0.00000000000000,    2.38100757198170,    0.00000103417324,    0.00000000000000,    0.00000246237432,    2.37580417481001,    0.00000000000000,    2.37580417481001,  -40.31859208025818,    0.00000000000000,
  130,    4,    0.80937500000000,    0.02187500000000,    2.38100757198170,    0.00000000000000,    2.38100757198170,    0.00000103417324,    0.00000000000000,    0.00000246237432,    2.37580417481001,    0.00000000000000,    2.37580417481001,  -40.31859208025818,    0.00000000000000,
  130,    5,    0.80937500000000,    0.02812500000000,    2.38100757198170,    0.00000000000000,    2.38100757198170,    0.00000103417324,    0.00000000000000,    0.00000246237432,    2.37580417481001,    0.00000000000000,    2.37580417481001,  -40.31859208025818,    0.00000000000000,
  131,    1,    0.81562500000000,    0.00312500000000,    2.37014753563933,    0.00000000000000,    2.37014753563933,    0.00000107237507,    0.00000000000000,    0.00000254168713,    2.36492043787253,    0.00000000000000,    2.36492043787253,  -40.66392642915191,    0.00000000000000,
  131,    2,    0.81562500000000,    0.00937500000000,    2.37014753563933,    0.00000000000000,    2.37014753563933,    0.00000107237507,    0.00000000000000,    0.00000254168713,    2.36492043787253,    0.00000000000000,    2.36492043787253,  -40.66392642915191,    0.00000000000000,
  131,    3,    0.81562500000000,    0.01562500000000,    2.37014753563933,    0.00000000000000,    2.37014753563933,    0.00000107237507,    0.00000000000000,    0.00000254168713,    2.36492043787253,    0.00000000000000,    2.36492043787253,  -40.66392642915191,    0.00000000000000,
  131,    4,    0.81562500000000,    0.02187500000000,    2.37014753563933,    0.00000000000000,    2.37014753563933,    0.00000107237507,    0.00000000000000,    0.00000254168713,    2.36492043787253,    0.00000000000000,    2.36492043787253,  -40.66392642915191,    0.00000000000000,
  131,    5,    0.81562500000000,    0.02812500000000,    2.37014753563933,    0.00000000000000,    2.37014753563933,    0.00000107237507,    0.00000000000000,    0.00000254168713,    2.36492043787253,    0.00000000000000,    2.36492043787253,  -40.66392642915191,    0.00000000000000,
  132,    1,    0.82187500000000,    0.00312500000000,    2.35914734747350,    0.00000000000000,    2.35914734747350,    0.00000111148574,    0.00000000000000,    0.00000262215864,    2.35389601715967,    0.00000000000000,    2.35389601715967,  -40.98632797749053,    0.00000000000000,
  132,    2,    0.82187500000000,    0.00937500000000,    2.35914734747350,    0.00000000000000,    2.35914734747350,    0.00000111148574,    0.00000000000000,    0.00000262215864,    2.35389601715967,    0.00000000000000,    2.35389601715967,  -40.98632797749053,    0.00000000000000,
  132,    3,    0.82187500000000,    0.01562500000000,    2.35914734747350,    0.00000000000000,    2.35914734747350,    0.00000111148574,    0.00000000000000,    0.00000262215864,    2.35389601715967,    0.00000000000000,    2.35389601715967,  -40.98632797749053,    0.00000000000000,
  132,    4,    0.82187500000000,    0.02187500000000,    2.35914734747350,    0.00000000000000,    2.35914734747350,    0.00000111148574,    0.00000000000000,    0.00000262215864,    2.35389601715967,    0.00000000000000,    2.35389601715967,  -40.98632797749053,    0.00000000000000,
  132,    5,    0.82187500000000,    0.02812500000000,    2.35914734747350,    0.00000000000000,    2.35914734747350,    0.00000111148574,    0.00000000000000,    0.00000262215864,    2.35389601715967,    0.00000000000000,    2.35389601715967,  -40.98632797749053,    0.00000000000000,
  133,    1,    0.82812500000000,    0.00312500000000,    2.34801126006291,    0.00000000000000,    2.34801126006291,    0.00000115150609,   -0.00000000000000,    0.00000270374926,    2.34273516279548,    0.00000000000000,    2.34273516279548,  -41.28580263329371,    0.00000000000000,
  133,    2,    0.82812500000000,    0.00937500000000,    2.34801126006291,    0.00000000000000,    2.34801126006291,    0.00000115150609,   -0.00000000000000,    0.00000270374926,    2.34273516279548,    0.00000000000000,    2.34273516279548,  -41.28580263329371,    0.00000000000000,
  133,    3,    0.82812500000000,    0.01562500000000,    2.34801126006291,    0.00000000000000,    2.34801126006291,    0.00000115150609,   -0.00000000000000,    0.00000270374926,    2.34273516279548,    0.00000000000000,    2.34273516279548,  -41.28580263329371,    0.00000000000000,
  133,    4,    0.82812500000000,    0.02187500000000,    2.34801126006291,    0.00000000000000,    2.34801126006291,    0.00000115150609,   -0.00000000000000,    0.00000270374926,    2.34273516279548,    0.00000000000000,    2.34273516279548,  -41.28580263329371,    0.00000000000000,
  133,    5,    0.82812500000000,    0.02812500000000,    2.34801126006291,    0.00000000000000,    2.34801126006291,    0.00000115150609,   -0.00000000000000,    0.00000270374926,    2.34273516279548,    0.00000000000000,    2.34273516279548,  -41.28580263329371,    0.00000000000000,
  134,    1,    0.83437500000000,    0.00312500000000,    2.33674357851641,    0.00000000000000,    2.33674357851641,    0.00000119243535,    0.00000000000000,    0.00000278641565,    2.33144217750177,    0.00000000000000,    2.33144217750177,  -41.56237613092962,    0.00000000000000,
  134,    2,    0.83437500000000,    0.00937500000000,    2.33674357851641,    0.00000000000000,    2.33674357851641,    0.00000119243535,    0.00000000000000,    0.00000278641565,    2.33144217750177,    0.00000000000000,    2.33144217750177,  -41.56237613092962,    0.00000000000000,
  134,    3,    0.83437500000000,    0.01562500000000,    2.33674357851641,    0.00000000000000,    2.33674357851641,    0.00000119243535,    0.00000000000000,    0.00000278641565,    2.33144217750177,    0.00000000000000,    2.33144217750177,  -41.56237613092962,    0.00000000000000,
  134,    4,    0.83437500000000,    0.02187500000000,    2.33674357851641,    0.00000000000000,    2.33674357851641,    0.00000119243535,    0.00000000000000,    0.00000278641565,    2.33144217750177,    0.00000000000000,    2.33144217750177,  -41.56237613092962,    0.00000000000000,
  134,    5,    0.83437500000000,    0.02812500000000,    2.33674357851641,    0.00000000000000,    2.33674357851641,    0.00000119243535,    0.00000000000000,    0.00000278641565,    2.33144217750177,    0.00000000000000,    2.33144217750177,  -41.56237613092962,    0.00000000000000,
  135,    1,    0.84062500000000,    0.00312500000000,    2.32534865880490,    0.00000000000000,    2.32534865880490,    0.00000123427114,   -0.00000000000000,    0.00000287011075,    2.32002141493934,    0.00000000000000,    2.32002141493934,  -41.81609380349276,    0.00000000000000,
  135,    2,    0.84062500000000,    0.00937500000000,    2.32534865880490,    0.00000000000000,    2.32534865880490,    0.00000123427114,   -0.00000000000000,    0.00000287011075,    2.32002141493934,    0.00000000000000,    2.32002141493934,  -41.81609380349276,    0.00000000000000,
  135,    3,    0.84062500000000,    0.01562500000000,    2.32534865880490,    0.00000000000000,    2.32534865880490,    0.00000123427114,   -0.00000000000000,    0.00000287011075,    2.32002141493934,    0.00000000000000,    2.32002141493934,  -41.81609380349276,    0.00000000000000,
  135,    4,    0.84062500000000,    0.02187500000000,    2.32534865880490,    0.00000000000000,    2.32534865880490,    0.00000123427114,   -0.00000000000000,    0.00000287011075,    2.32002141493934,    0.00000000000000,    2.32002141493934,  -41.81609380349276,    0.00000000000000,
  135,    5,    0.84062500000000,    0.02812500000000,    2.32534865880490,    0.00000000000000,    2.32534865880490,    0.00000123427114,   -0.00000000000000,    0.00000287011075,    2.32002141493934,    0.00000000000000,    2.32002141493934,  -41.81609380349276,    0.00000000000000,
  136,    1,    0.84687500000000,    0.00312500000000,    2.31383090607302,    0.00000000000000,    2.31383090607302,    0.00000127700934,    0.00000000000000,    0.00000295478368,    2.30847727802957,    0.00000000000000,    2.30847727802957,  -42.04702033101985,    0.00000000000000,
  136,    2,    0.84687500000000,    0.00937500000000,    2.31383090607302,    0.00000000000000,    2.31383090607302,    0.00000127700934,    0.00000000000000,    0.00000295478368,    2.30847727802957,    0.00000000000000,    2.30847727802957,  -42.04702033101985,    0.00000000000000,
  136,    3,    0.84687500000000,    0.01562500000000,    2.31383090607302,    0.00000000000000,    2.31383090607302,    0.00000127700934,    0.00000000000000,    0.00000295478368,    2.30847727802957,    0.00000000000000,    2.30847727802957,  -42.04702033101985,    0.00000000000000,
  136,    4,    0.84687500000000,    0.02187500000000,    2.31383090607302,    0.00000000000000,    2.31383090607302,    0.00000127700934,    0.00000000000000,    0.00000295478368,    2.30847727802957,    0.00000000000000,    2.30847727802957,  -42.04702033101985,    0.00000000000000,
  136,    5,    0.84687500000000,    0.02812500000000,    2.31383090607302,    0.00000000000000,    2.31383090607302,    0.00000127700934,    0.00000000000000,    0.00000295478368,    2.30847727802957,    0.00000000000000,    2.30847727802957,  -42.04702033101985,    0.00000000000000,
  137,    1,    0.85312500000000,    0.00312500000000,    2.30219477293145,    0.00000000000000,    2.30219477293145,    0.00000132064401,    0.00000000000000,    0.00000304037974,    2.29681421725698,    0.00000000000000,    2.29681421725698,  -42.25523946500206,    0.00000000000000,
  137,    2,    0.85312500000000,    0.00937500000000,    2.30219477293145,    0.00000000000000,    2.30219477293145,    0.00000132064401,    0.00000000000000,    0.00000304037974,    2.29681421725698,    0.00000000000000,    2.29681421725698,  -42.25523946500206,    0.00000000000000,
  137,    3,    0.85312500000000,    0.01562500000000,    2.30219477293145,    0.00000000000000,    2.30219477293145,    0.00000132064401,    0.00000000000000,    0.00000304037974,    2.29681421725698,    0.00000000000000,    2.29681421725698,  -42.25523946500206,    0.00000000000000,
  137,    4,    0.85312500000000,    0.02187500000000,    2.30219477293145,    0.00000000000000,    2.30219477293145,    0.00000132064401,    0.00000000000000,    0.00000304037974,    2.29681421725698,    0.00000000000000,    2.29681421725698,  -42.25523946500206,    0.00000000000000,
  137,    5,    0.85312500000000,    0.02812500000000,    2.30219477293145,    0.00000000000000,    2.30219477293145,    0.00000132064401,    0.00000000000000,    0.00000304037974,    2.29681421725698,    0.00000000000000,    2.29681421725698,  -42.25523946500206,    0.00000000000000,
  138,    1,    0.85937500000000,    0.00312500000000,    2.29044475773054,    0.00000000000000,    2.29044475773054,    0.00000136516735,   -0.00000000000000,    0.00000312684039,    2.28503672895352,    0.00000000000000,    2.28503672895352,  -42.44085372968584,    0.00000000000000,
  138,    2,    0.85937500000000,    0.00937500000000,    2.29044475773054,    0.00000000000000,    2.29044475773054,    0.00000136516735,   -0.00000000000000,    0.00000312684039,    2.28503672895352,    0.00000000000000,    2.28503672895352,  -42.44085372968584,    0.00000000000000,
  138,    3,    0.85937500000000,    0.01562500000000,    2.29044475773054,    0.00000000000000,    2.29044475773054,    0.00000136516735,   -0.00000000000000,    0.00000312684039,    2.28503672895352,    0.00000000000000,    2.28503672895352,  -42.44085372968584,    0.00000000000000,
  138,    4,    0.85937500000000,    0.02187500000000,    2.29044475773054,    0.00000000000000,    2.29044475773054,    0.00000136516735,   -0.00000000000000,    0.00000312684039,    2.28503672895352,    0.00000000000000,    2.28503672895352,  -42.44085372968584,    0.00000000000000,
  138,    5,    0.85937500000000,    0.02812500000000,    2.29044475773054,    0.00000000000000,    2.29044475773054,    0.00000136516735,   -0.00000000000000,    0.00000312684039,    2.28503672895352,    0.00000000000000,    2.28503672895352,  -42.44085372968584,    0.00000000000000,
  139,    1,    0.86562500000000,    0.00312500000000,    2.27858540281556,    0.00000000000000,    2.27858540281556,    0.00000141056958,    0.00000000000000,    0.00000321410324,    2.27314935356513,    0.00000000000000,    2.27314935356513,  -42.60398410068869,    0.00000000000000,
  139,    2,    0.86562500000000,    0.00937500000000,    2.27858540281556,    0.00000000000000,    2.27858540281556,    0.00000141056958,    0.00000000000000,    0.00000321410324,    2.27314935356513,    0.00000000000000,    2.27314935356513,  -42.60398410068869,    0.00000000000000,
  139,    3,    0.86562500000000,    0.01562500000000,    2.27858540281556,    0.00000000000000,    2.27858540281556,    0.00000141056958,    0.00000000000000,    0.00000321410324,    2.27314935356513,    0.00000000000000,    2.27314935356513,  -42.60398410068869,    0.00000000000000,
  139,    4,    0.86562500000000,    0.02187500000000,    2.27858540281556,    0.00000000000000,    2.27858540281556,    0.00000141056958,    0.00000000000000,    0.00000321410324,    2.27314935356513,    0.00000000000000,    2.27314935356513,  -42.60398410068869,    0.00000000000000,
  139,    5,    0.86562500000000,    0.02812500000000,    2.27858540281556,    0.00000000000000,    2.27858540281556,    0.00000141056958,    0.00000000000000,    0.00000321410324,    2.27314935356513,    0.00000000000000,    2.27314935356513,  -42.60398410068869,    0.00000000000000,
  140,    1,    0.87187500000000,    0.00312500000000,    2.26662129276450,    0.00000000000000,    2.26662129276450,    0.00000145683887,    0.00000000000000,    0.00000330210201,    2.26115667390130,    0.00000000000000,    2.26115667390130,  -42.74476966148814,    0.00000000000000,
  140,    2,    0.87187500000000,    0.00937500000000,    2.26662129276450,    0.00000000000000,    2.26662129276450,    0.00000145683887,    0.00000000000000,    0.00000330210201,    2.26115667390130,    0.00000000000000,    2.26115667390130,  -42.74476966148814,    0.00000000000000,
  140,    3,    0.87187500000000,    0.01562500000000,    2.26662129276450,    0.00000000000000,    2.26662129276450,    0.00000145683887,    0.00000000000000,    0.00000330210201,    2.26115667390130,    0.00000000000000,    2.26115667390130,  -42.74476966148814,    0.00000000000000,
  140,    4,    0.87187500000000,    0.02187500000000,    2.26662129276450,    0.00000000000000,    2.26662129276450,    0.00000145683887,    0.00000000000000,    0.00000330210201,    2.26115667390130,    0.00000000000000,    2.26115667390130,  -42.74476966148814,    0.00000000000000,
  140,    5,    0.87187500000000,    0.02812500000000,    2.26662129276450,    0.00000000000000,    2.26662129276450,    0.00000145683887,    0.00000000000000,    0.00000330210201,    2.26115667390130,    0.00000000000000,    2.26115667390130,  -42.74476966148814,    0.00000000000000,
  141,    1,    0.87812500000000,    0.00312500000000,    2.25455705260926,    0.00000000000000,    2.25455705260926,    0.00000150396129,    0.00000000000000,    0.00000339076654,    2.24906331336834,    0.00000000000000,    2.24906331336834,  -42.86336723837415,    0.00000000000000,
  141,    2,    0.87812500000000,    0.00937500000000,    2.25455705260926,    0.00000000000000,    2.25455705260926,    0.00000150396129,    0.00000000000000,    0.00000339076654,    2.24906331336834,    0.00000000000000,    2.24906331336834,  -42.86336723837415,    0.00000000000000,
  141,    3,    0.87812500000000,    0.01562500000000,    2.25455705260926,    0.00000000000000,    2.25455705260926,    0.00000150396129,    0.00000000000000,    0.00000339076654,    2.24906331336834,    0.00000000000000,    2.24906331336834,  -42.86336723837415,    0.00000000000000,
  141,    4,    0.87812500000000,    0.02187500000000,    2.25455705260926,    0.00000000000000,    2.25455705260926,    0.00000150396129,    0.00000000000000,    0.00000339076654,    2.24906331336834,    0.00000000000000,    2.24906331336834,  -42.86336723837415,    0.00000000000000,
  141,    5,    0.87812500000000,    0.02812500000000,    2.25455705260926,    0.00000000000000,    2.25455705260926,    0.00000150396129,    0.00000000000000,    0.00000339076654,    2.24906331336834,    0.00000000000000,    2.24906331336834,  -42.86336723837415,    0.00000000000000,
  142,    1,    0.88437500000000,    0.00312500000000,    2.24239734604033,    0.00000000000000,    2.24239734604033,    0.00000155192069,    0.00000000000000,    0.00000348002284,    2.23687393418694,    0.00000000000000,    2.23687393418694,  -42.95995101448592,    0.00000000000000,
  142,    2,    0.88437500000000,    0.00937500000000,    2.24239734604033,    0.00000000000000,    2.24239734604033,    0.00000155192069,    0.00000000000000,    0.00000348002284,    2.23687393418694,    0.00000000000000,    2.23687393418694,  -42.95995101448592,    0.00000000000000,
  142,    3,    0.88437500000000,    0.01562500000000,    2.24239734604033,    0.00000000000000,    2.24239734604033,    0.00000155192069,    0.00000000000000,    0.00000348002284,    2.23687393418694,    0.00000000000000,    2.23687393418694,  -42.95995101448592,    0.00000000000000,
  142,    4,    0.88437500000000,    0.02187500000000,    2.24239734604033,    0.00000000000000,    2.24239734604033,    0.00000155192069,    0.00000000000000,    0.00000348002284,    2.23687393418694,    0.00000000000000,    2.23687393418694,  -42.95995101448592,    0.00000000000000,
  142,    5,    0.88437500000000,    0.02812500000000,    2.24239734604033,    0.00000000000000,    2.24239734604033,    0.00000155192069,    0.00000000000000,    0.00000348002284,    2.23687393418694,    0.00000000000000,    2.23687393418694,  -42.95995101448592,    0.00000000000000,
  143,    1,    0.89062500000000,    0.00312500000000,    2.23014687359619,    0.00000000000000,    2.23014687359619,    0.00000160069864,    0.00000000000000,    0.00000356979307,    2.22459323559481,    0.00000000000000,    2.22459323559481,  -43.03471212358377,    0.00000000000000,
  143,    2,    0.89062500000000,    0.00937500000000,    2.23014687359619,    0.00000000000000,    2.23014687359619,    0.00000160069864,    0.00000000000000,    0.00000356979307,    2.22459323559481,    0.00000000000000,    2.22459323559481,  -43.03471212358377,    0.00000000000000,
  143,    3,    0.89062500000000,    0.01562500000000,    2.23014687359619,    0.00000000000000,    2.23014687359619,    0.00000160069864,    0.00000000000000,    0.00000356979307,    2.22459323559481,    0.00000000000000,    2.22459323559481,  -43.03471212358377,    0.00000000000000,
  143,    4,    0.89062500000000,    0.02187500000000,    2.23014687359619,    0.00000000000000,    2.23014687359619,    0.00000160069864,    0.00000000000000,    0.00000356979307,    2.22459323559481,    0.00000000000000,    2.22459323559481,  -43.03471212358377,    0.00000000000000,
  143,    5,    0.89062500000000,    0.02812500000000,    2.23014687359619,    0.00000000000000,    2.23014687359619,    0.00000160069864,    0.00000000000000,    0.00000356979307,    2.22459323559481,    0.00000000000000,    2.22459323559481,  -43.03471212358377,    0.00000000000000,
  144,    1,    0.89687500000000,    0.00312500000000,    2.21781037083778,    0.00000000000000,    2.21781037083778,    0.00000165027434,   -0.00000000000000,    0.00000365999554,    2.21222595203503,    0.00000000000000,    2.21222595203503,  -43.08785822423553,    0.00000000000000,
  144,    2,    0.89687500000000,    0.00937500000000,    2.21781037083778,    0.00000000000000,    2.21781037083778,    0.00000165027434,   -0.00000000000000,    0.00000365999554,    2.21222595203503,    0.00000000000000,    2.21222595203503,  -43.08785822423553,    0.00000000000000,
  144,    3,    0.89687500000000,    0.01562500000000,    2.21781037083778,    0.00000000000000,    2.21781037083778,    0.00000165027434,   -0.00000000000000,    0.00000365999554,    2.21222595203503,    0.00000000000000,    2.21222595203503,  -43.08785822423553,    0.00000000000000,
  144,    4,    0.89687500000000,    0.02187500000000,    2.21781037083778,    0.00000000000000,    2.21781037083778,    0.00000165027434,   -0.00000000000000,    0.00000365999554,    2.21222595203503,    0.00000000000000,    2.21222595203503,  -43.08785822423553,    0.00000000000000,
  144,    5,    0.89687500000000,    0.02812500000000,    2.21781037083778,    0.00000000000000,    2.21781037083778,    0.00000165027434,   -0.00000000000000,    0.00000365999554,    2.21222595203503,    0.00000000000000,    2.21222595203503,  -43.08785822423553,    0.00000000000000,
  145,    1,    0.90312500000000,    0.00312500000000,    2.20539260650895,    0.00000000000000,    2.20539260650895,    0.00000170062457,   -0.00000000000000,    0.00000375054484,    2.19977685133084,    0.00000000000000,    2.19977685133084,  -43.11961305512458,    0.00000000000000,
  145,    2,    0.90312500000000,    0.00937500000000,    2.20539260650895,    0.00000000000000,    2.20539260650895,    0.00000170062457,   -0.00000000000000,    0.00000375054484,    2.19977685133084,    0.00000000000000,    2.19977685133084,  -43.11961305512458,    0.00000000000000,
  145,    3,    0.90312500000000,    0.01562500000000,    2.20539260650895,    0.00000000000000,    2.20539260650895,    0.00000170062457,   -0.00000000000000,    0.00000375054484,    2.19977685133084,    0.00000000000000,    2.19977685133084,  -43.11961305512458,    0.00000000000000,
  145,    4,    0.90312500000000,    0.02187500000000,    2.20539260650895,    0.00000000000000,    2.20539260650895,    0.00000170062457,   -0.00000000000000,    0.00000375054484,    2.19977685133084,    0.00000000000000,    2.19977685133084,  -43.11961305512458,    0.00000000000000,
  145,    5,    0.90312500000000,    0.02812500000000,    2.20539260650895,    0.00000000000000,    2.20539260650895,    0.00000170062457,   -0.00000000000000,    0.00000375054484,    2.19977685133084,    0.00000000000000,    2.19977685133084,  -43.11961305512458,    0.00000000000000,
  146,    1,    0.90937500000000,    0.00312500000000,    2.19289838068331,    0.00000000000000,    2.19289838068331,    0.00000175172357,    0.00000000000000,    0.00000384135179,    2.18725073284753,    0.00000000000000,    2.18725073284753,  -43.13021597221321,    0.00000000000000,
  146,    2,    0.90937500000000,    0.00937500000000,    2.19289838068331,    0.00000000000000,    2.19289838068331,    0.00000175172357,    0.00000000000000,    0.00000384135179,    2.18725073284753,    0.00000000000000,    2.18725073284753,  -43.13021597221321,    0.00000000000000,
  146,    3,    0.90937500000000,    0.01562500000000,    2.19289838068331,    0.00000000000000,    2.19289838068331,    0.00000175172357,    0.00000000000000,    0.00000384135179,    2.18725073284753,    0.00000000000000,    2.18725073284753,  -43.13021597221321,    0.00000000000000,
  146,    4,    0.90937500000000,    0.02187500000000,    2.19289838068331,    0.00000000000000,    2.19289838068331,    0.00000175172357,    0.00000000000000,    0.00000384135179,    2.18725073284753,    0.00000000000000,    2.18725073284753,  -43.13021597221321,    0.00000000000000,
  146,    5,    0.90937500000000,    0.02812500000000,    2.19289838068331,    0.00000000000000,    2.19289838068331,    0.00000175172357,    0.00000000000000,    0.00000384135179,    2.18725073284753,    0.00000000000000,    2.18725073284753,  -43.13021597221321,    0.00000000000000,
  147,    1,    0.91562500000000,    0.00312500000000,    2.18033252289854,    0.00000000000000,    2.18033252289854,    0.00000180354304,    0.00000000000000,    0.00000393232354,    2.17465242564223,    0.00000000000000,    2.17465242564223,  -43.11992146852034,    0.00000000000000,
  147,    2,    0.91562500000000,    0.00937500000000,    2.18033252289854,    0.00000000000000,    2.18033252289854,    0.00000180354304,    0.00000000000000,    0.00000393232354,    2.17465242564223,    0.00000000000000,    2.17465242564223,  -43.11992146852034,    0.00000000000000,
  147,    3,    0.91562500000000,    0.01562500000000,    2.18033252289854,    0.00000000000000,    2.18033252289854,    0.00000180354304,    0.00000000000000,    0.00000393232354,    2.17465242564223,    0.00000000000000,    2.17465242564223,  -43.11992146852034,    0.00000000000000,
  147,    4,    0.91562500000000,    0.02187500000000,    2.18033252289854,    0.00000000000000,    2.18033252289854,    0.00000180354304,    0.00000000000000,    0.00000393232354,    2.17465242564223,    0.00000000000000,    2.17465242564223,  -43.11992146852034,    0.00000000000000,
  147,    5,    0.91562500000000,    0.02812500000000,    2.18033252289854,    0.00000000000000,    2.18033252289854,    0.00000180354304,    0.00000000000000,    0.00000393232354,    2.17465242564223,    0.00000000000000,    2.17465242564223,  -43.11992146852034,    0.00000000000000,
  148,    1,    0.92187500000000,    0.00312500000000,    2.16769989027847,    0.00000000000000,    2.16769989027847,    0.00000185605198,    0.00000000000000,    0.00000402336367,    2.16198678660218,    0.00000000000000,    2.16198678660218,  -43.08899867729707,    0.00000000000000,
  148,    2,    0.92187500000000,    0.00937500000000,    2.16769989027847,    0.00000000000000,    2.16769989027847,    0.00000185605198,    0.00000000000000,    0.00000402336367,    2.16198678660218,    0.00000000000000,    2.16198678660218,  -43.08899867729707,    0.00000000000000,
  148,    3,    0.92187500000000,    0.01562500000000,    2.16769989027847,    0.00000000000000,    2.16769989027847,    0.00000185605198,    0.00000000000000,    0.00000402336367,    2.16198678660218,    0.00000000000000,    2.16198678660218,  -43.08899867729707,    0.00000000000000,
  148,    4,    0.92187500000000,    0.02187500000000,    2.16769989027847,    0.00000000000000,    2.16769989027847,    0.00000185605198,    0.00000000000000,    0.00000402336367,    2.16198678660218,    0.00000000000000,    2.16198678660218,  -43.08899867729707,    0.00000000000000,
  148,    5,    0.92187500000000,    0.02812500000000,    2.16769989027847,    0.00000000000000,    2.16769989027847,    0.00000185605198,    0.00000000000000,    0.00000402336367,    2.16198678660218,    0.00000000000000,    2.16198678660218,  -43.08899867729707,    0.00000000000000,
  149,    1,    0.92812500000000,    0.00312500000000,    2.15500536564393,    0.00000000000000,    2.15500536564393,    0.00000190921669,    0.00000000000000,    0.00000411437222,    2.14925869857233,    0.00000000000000,    2.14925869857233,  -43.03773085940614,    0.00000000000000,
  149,    2,    0.92812500000000,    0.00937500000000,    2.15500536564393,    0.00000000000000,    2.15500536564393,    0.00000190921669,    0.00000000000000,    0.00000411437222,    2.14925869857233,    0.00000000000000,    2.14925869857233,  -43.03773085940614,    0.00000000000000,
  149,    3,    0.92812500000000,    0.01562500000000,    2.15500536564393,    0.00000000000000,    2.15500536564393,    0.00000190921669,    0.00000000000000,    0.00000411437222,    2.14925869857233,    0.00000000000000,    2.14925869857233,  -43.03773085940614,    0.00000000000000,
  149,    4,    0.92812500000000,    0.02187500000000,    2.15500536564393,    0.00000000000000,    2.15500536564393,    0.00000190921669,    0.00000000000000,    0.00000411437222,    2.14925869857233,    0.00000000000000,    2.14925869857233,  -43.03773085940614,    0.00000000000000,
  149,    5,    0.92812500000000,    0.02812500000000,    2.15500536564393,    0.00000000000000,    2.15500536564393,    0.00000190921669,    0.00000000000000,    0.00000411437222,    2.14925869857233,    0.00000000000000,    2.14925869857233,  -43.03773085940614,    0.00000000000000,
  150,    1,    0.93437500000000,    0.00312500000000,    2.14225385561297,    0.00000000000000,    2.14225385561297,    0.00000196300069,    0.00000000000000,    0.00000420524580,    2.13647306847292,    0.00000000000000,    2.13647306847292,  -42.96641487573362,    0.00000000000000,
  150,    2,    0.93437500000000,    0.00937500000000,    2.14225385561297,    0.00000000000000,    2.14225385561297,    0.00000196300069,    0.00000000000000,    0.00000420524580,    2.13647306847292,    0.00000000000000,    2.13647306847292,  -42.96641487573362,    0.00000000000000,
  150,    3,    0.93437500000000,    0.01562500000000,    2.14225385561297,    0.00000000000000,    2.14225385561297,    0.00000196300069,    0.00000000000000,    0.00000420524580,    2.13647306847292,    0.00000000000000,    2.13647306847292,  -42.96641487573362,    0.00000000000000,
  150,    4,    0.93437500000000,    0.02187500000000,    2.14225385561297,    0.00000000000000,    2.14225385561297,    0.00000196300069,    0.00000000000000,    0.00000420524580,    2.13647306847292,    0.00000000000000,    2.13647306847292,  -42.96641487573362,    0.00000000000000,
  150,    5,    0.93437500000000,    0.02812500000000,    2.14225385561297,    0.00000000000000,    2.14225385561297,    0.00000196300069,    0.00000000000000,    0.00000420524580,    2.13647306847292,    0.00000000000000,    2.13647306847292,  -42.96641487573362,    0.00000000000000,
  151,    1,    0.94062500000000,    0.00312500000000,    2.12945028869124,    0.00000000000000,    2.12945028869124,    0.00000201736464,    0.00000000000000,    0.00000429587772,    2.12363482540773,    0.00000000000000,    2.12363482540773,  -42.87536064548117,    0.00000000000000,
  151,    2,    0.94062500000000,    0.00937500000000,    2.12945028869124,    0.00000000000000,    2.12945028869124,    0.00000201736464,    0.00000000000000,    0.00000429587772,    2.12363482540773,    0.00000000000000,    2.12363482540773,  -42.87536064548117,    0.00000000000000,
  151,    3,    0.94062500000000,    0.01562500000000,    2.12945028869124,    0.00000000000000,    2.12945028869124,    0.00000201736464,    0.00000000000000,    0.00000429587772,    2.12363482540773,    0.00000000000000,    2.12363482540773,  -42.87536064548117,    0.00000000000000,
  151,    4,    0.94062500000000,    0.02187500000000,    2.12945028869124,    0.00000000000000,    2.12945028869124,    0.00000201736464,    0.00000000000000,    0.00000429587772,    2.12363482540773,    0.00000000000000,    2.12363482540773,  -42.87536064548117,    0.00000000000000,
  151,    5,    0.94062500000000,    0.02812500000000,    2.12945028869124,    0.00000000000000,    2.12945028869124,    0.00000201736464,    0.00000000000000,    0.00000429587772,    2.12363482540773,    0.00000000000000,    2.12363482540773,  -42.87536064548117,    0.00000000000000,
  152,    1,    0.94687500000000,    0.00312500000000,    2.11659961335306,    0.00000000000000,    2.11659961335306,    0.00000207226631,    0.00000000000000,    0.00000438615807,    2.11074891876384,    0.00000000000000,    2.11074891876384,  -42.76489059120661,    0.00000000000000,
  152,    2,    0.94687500000000,    0.00937500000000,    2.11659961335306,    0.00000000000000,    2.11659961335306,    0.00000207226631,    0.00000000000000,    0.00000438615807,    2.11074891876384,    0.00000000000000,    2.11074891876384,  -42.76489059120661,    0.00000000000000,
  152,    3,    0.94687500000000,    0.01562500000000,    2.11659961335306,    0.00000000000000,    2.11659961335306,    0.00000207226631,    0.00000000000000,    0.00000438615807,    2.11074891876384,    0.00000000000000,    2.11074891876384,  -42.76489059120661,    0.00000000000000,
  152,    4,    0.94687500000000,    0.02187500000000,    2.11659961335306,    0.00000000000000,    2.11659961335306,    0.00000207226631,    0.00000000000000,    0.00000438615807,    2.11074891876384,    0.00000000000000,    2.11074891876384,  -42.76489059120661,    0.00000000000000,
  152,    5,    0.94687500000000,    0.02812500000000,    2.11659961335306,    0.00000000000000,    2.11659961335306,    0.00000207226631,    0.00000000000000,    0.00000438615807,    2.11074891876384,    0.00000000000000,    2.11074891876384,  -42.76489059120661,    0.00000000000000,
  153,    1,    0.95312500000000,    0.00312500000000,    2.10370679611420,    0.00000000000000,    2.10370679611420,    0.00000212766050,    0.00000000000000,    0.00000447597386,    2.09782031630357,    0.00000000000000,    2.09782031630357,  -42.63533907149809,    0.00000000000000,
  153,    2,    0.95312500000000,    0.00937500000000,    2.10370679611420,    0.00000000000000,    2.10370679611420,    0.00000212766050,    0.00000000000000,    0.00000447597386,    2.09782031630357,    0.00000000000000,    2.09782031630357,  -42.63533907149809,    0.00000000000000,
  153,    3,    0.95312500000000,    0.01562500000000,    2.10370679611420,    0.00000000000000,    2.10370679611420,    0.00000212766050,    0.00000000000000,    0.00000447597386,    2.09782031630357,    0.00000000000000,    2.09782031630357,  -42.63533907149809,    0.00000000000000,
  153,    4,    0.95312500000000,    0.02187500000000,    2.10370679611420,    0.00000000000000,    2.10370679611420,    0.00000212766050,    0.00000000000000,    0.00000447597386,    2.09782031630357,    0.00000000000000,    2.09782031630357,  -42.63533907149809,    0.00000000000000,
  153,    5,    0.95312500000000,    0.02812500000000,    2.10370679611420,    0.00000000000000,    2.10370679611420,    0.00000212766050,    0.00000000000000,    0.00000447597386,    2.09782031630357,    0.00000000000000,    2.09782031630357,  -42.63533907149809,    0.00000000000000,
  154,    1,    0.95937500000000,    0.00312500000000,    2.09077681959692,    0.00000000000000,    2.09077681959692,    0.00000218349904,    0.00000000000000,    0.00000456520918,    2.08485400224928,    0.00000000000000,    2.08485400224928,  -42.48705180218399,    0.00000000000000,
  154,    2,    0.95937500000000,    0.00937500000000,    2.09077681959692,    0.00000000000000,    2.09077681959692,    0.00000218349904,    0.00000000000000,    0.00000456520918,    2.08485400224928,    0.00000000000000,    2.08485400224928,  -42.48705180218399,    0.00000000000000,
  154,    3,    0.95937500000000,    0.01562500000000,    2.09077681959692,    0.00000000000000,    2.09077681959692,    0.00000218349904,    0.00000000000000,    0.00000456520918,    2.08485400224928,    0.00000000000000,    2.08485400224928,  -42.48705180218399,    0.00000000000000,
  154,    4,    0.95937500000000,    0.02187500000000,    2.09077681959692,    0.00000000000000,    2.09077681959692,    0.00000218349904,    0.00000000000000,    0.00000456520918,    2.08485400224928,    0.00000000000000,    2.08485400224928,  -42.48705180218399,    0.00000000000000,
  154,    5,    0.95937500000000,    0.02812500000000,    2.09077681959692,    0.00000000000000,    2.09077681959692,    0.00000218349904,    0.00000000000000,    0.00000456520918,    2.08485400224928,    0.00000000000000,    2.08485400224928,  -42.48705180218399,    0.00000000000000,
  155,    1,    0.96562500000000,    0.00312500000000,    2.07781468058801,    0.00000000000000,    2.07781468058801,    0.00000223973070,    0.00000000000000,    0.00000465374533,    2.07185497536184,    0.00000000000000,    2.07185497536184,  -42.32038526699495,    0.00000000000000,
  155,    2,    0.96562500000000,    0.00937500000000,    2.07781468058801,    0.00000000000000,    2.07781468058801,    0.00000223973070,    0.00000000000000,    0.00000465374533,    2.07185497536184,    0.00000000000000,    2.07185497536184,  -42.32038526699495,    0.00000000000000,
  155,    3,    0.96562500000000,    0.01562500000000,    2.07781468058801,    0.00000000000000,    2.07781468058801,    0.00000223973070,    0.00000000000000,    0.00000465374533,    2.07185497536184,    0.00000000000000,    2.07185497536184,  -42.32038526699495,    0.00000000000000,
  155,    4,    0.96562500000000,    0.02187500000000,    2.07781468058801,    0.00000000000000,    2.07781468058801,    0.00000223973070,    0.00000000000000,    0.00000465374533,    2.07185497536184,    0.00000000000000,    2.07185497536184,  -42.32038526699495,    0.00000000000000,
  155,    5,    0.96562500000000,    0.02812500000000,    2.07781468058801,    0.00000000000000,    2.07781468058801,    0.00000223973070,    0.00000000000000,    0.00000465374533,    2.07185497536184,    0.00000000000000,    2.07185497536184,  -42.32038526699495,    0.00000000000000,
  156,    1,    0.97187500000000,    0.00312500000000,    2.06482538809058,    0.00000000000000,    2.06482538809058,    0.00000229630119,    0.00000000000000,    0.00000474146100,    2.05882824701358,    0.00000000000000,    2.05882824701358,  -42.13570611860882,    0.00000000000000,
  156,    2,    0.97187500000000,    0.00937500000000,    2.06482538809058,    0.00000000000000,    2.06482538809058,    0.00000229630119,    0.00000000000000,    0.00000474146100,    2.05882824701358,    0.00000000000000,    2.05882824701358,  -42.13570611860882,    0.00000000000000,
  156,    3,    0.97187500000000,    0.01562500000000,    2.06482538809058,    0.00000000000000,    2.06482538809058,    0.00000229630119,    0.00000000000000,    0.00000474146100,    2.05882824701358,    0.00000000000000,    2.05882824701358,  -42.13570611860882,    0.00000000000000,
  156,    4,    0.97187500000000,    0.02187500000000,    2.06482538809058,    0.00000000000000,    2.06482538809058,    0.00000229630119,    0.00000000000000,    0.00000474146100,    2.05882824701358,    0.00000000000000,    2.05882824701358,  -42.13570611860882,    0.00000000000000,
  156,    5,    0.97187500000000,    0.02812500000000,    2.06482538809058,    0.00000000000000,    2.06482538809058,    0.00000229630119,    0.00000000000000,    0.00000474146100,    2.05882824701358,    0.00000000000000,    2.05882824701358,  -42.13570611860882,    0.00000000000000,
  157,    1,    0.97812500000000,    0.00312500000000,    2.05181396137060,    0.00000000000000,    2.05181396137060,    0.00000235315313,    0.00000000000000,    0.00000482823244,    2.04577883925625,    0.00000000000000,    2.04577883925625,  -41.93339057102086,    0.00000000000000,
  157,    2,    0.97812500000000,    0.00937500000000,    2.05181396137060,    0.00000000000000,    2.05181396137060,    0.00000235315313,    0.00000000000000,    0.00000482823244,    2.04577883925625,    0.00000000000000,    2.04577883925625,  -41.93339057102086,    0.00000000000000,
  157,    3,    0.97812500000000,    0.01562500000000,    2.05181396137060,    0.00000000000000,    2.05181396137060,    0.00000235315313,    0.00000000000000,    0.00000482823244,    2.04577883925625,    0.00000000000000,    2.04577883925625,  -41.93339057102086,    0.00000000000000,
  157,    4,    0.97812500000000,    0.02187500000000,    2.05181396137060,    0.00000000000000,    2.05181396137060,    0.00000235315313,    0.00000000000000,    0.00000482823244,    2.04577883925625,    0.00000000000000,    2.04577883925625,  -41.93339057102086,    0.00000000000000,
  157,    5,    0.97812500000000,    0.02812500000000,    2.05181396137060,    0.00000000000000,    2.05181396137060,    0.00000235315313,    0.00000000000000,    0.00000482823244,    2.04577883925625,    0.00000000000000,    2.04577883925625,  -41.93339057102086,    0.00000000000000,
  158,    1,    0.98437500000000,    0.00312500000000,    2.03878542799842,    0.00000000000000,    2.03878542799842,    0.00000241022599,    0.00000000000000,    0.00000491393363,    2.03271178288495,    0.00000000000000,    2.03271178288495,  -41.71382378419251,    0.00000000000000,
  158,    2,    0.98437500000000,    0.00937500000000,    2.03878542799842,    0.00000000000000,    2.03878542799842,    0.00000241022599,    0.00000000000000,    0.00000491393363,    2.03271178288495,    0.00000000000000,    2.03271178288495,  -41.71382378419251,    0.00000000000000,
  158,    3,    0.98437500000000,    0.01562500000000,    2.03878542799842,    0.00000000000000,    2.03878542799842,    0.00000241022599,    0.00000000000000,    0.00000491393363,    2.03271178288495,    0.00000000000000,    2.03271178288495,  -41.71382378419251,    0.00000000000000,
  158,    4,    0.98437500000000,    0.02187500000000,    2.03878542799842,    0.00000000000000,    2.03878542799842,    0.00000241022599,    0.00000000000000,    0.00000491393363,    2.03271178288495,    0.00000000000000,    2.03271178288495,  -41.71382378419251,    0.00000000000000,
  158,    5,    0.98437500000000,    0.02812500000000,    2.03878542799842,    0.00000000000000,    2.03878542799842,    0.00000241022599,    0.00000000000000,    0.00000491393363,    2.03271178288495,    0.00000000000000,    2.03271178288495,  -41.71382378419251,    0.00000000000000,
  159,    1,    0.99062500000000,    0.00312500000000,    2.02574482188656,    0.00000000000000,    2.02574482188656,    0.00000246745616,    0.00000000000000,    0.00000499843653,    2.01963211549864,    0.00000000000000,    2.01963211549864,  -41.47739924194107,    0.00000000000000,
  159,    2,    0.99062500000000,    0.00937500000000,    2.02574482188656,    0.00000000000000,    2.02574482188656,    0.00000246745616,    0.00000000000000,    0.00000499843653,    2.01963211549864,    0.00000000000000,    2.01963211549864,  -41.47739924194107,    0.00000000000000,
  159,    3,    0.99062500000000,    0.01562500000000,    2.02574482188656,    0.00000000000000,    2.02574482188656,    0.00000246745616,    0.00000000000000,    0.00000499843653,    2.01963211549864,    0.00000000000000,    2.01963211549864,  -41.47739924194107,    0.00000000000000,
  159,    4,    0.99062500000000,    0.02187500000000,    2.02574482188656,    0.00000000000000,    2.02574482188656,    0.00000246745616,    0.00000000000000,    0.00000499843653,    2.01963211549864,    0.00000000000000,    2.01963211549864,  -41.47739924194107,    0.00000000000000,
  159,    5,    0.99062500000000,    0.02812500000000,    2.02574482188656,    0.00000000000000,    2.02574482188656,    0.00000246745616,    0.00000000000000,    0.00000499843653,    2.01963211549864,    0.00000000000000,    2.01963211549864,  -41.47739924194107,    0.00000000000000,
  160,    1,    0.99687500000000,    0.00312500000000,    2.01269718132430,    0.00000000000000,    2.01269718132430,    0.00000252477685,    0.00000000000000,    0.00000508161124,    2.00654487955810,    0.00000000000000,    2.00654487955810,  -41.22451812404051,    0.00000000000000,
  160,    2,    0.99687500000000,    0.00937500000000,    2.01269718132430,    0.00000000000000,    2.01269718132430,    0.00000252477685,    0.00000000000000,    0.00000508161124,    2.00654487955810,    0.00000000000000,    2.00654487955810,  -41.22451812404051,    0.00000000000000,
  160,    3,    0.99687500000000,    0.01562500000000,    2.01269718132430,    0.00000000000000,    2.01269718132430,    0.00000252477685,    0.00000000000000,    0.00000508161124,    2.00654487955810,    0.00000000000000,    2.00654487955810,  -41.22451812404051,    0.00000000000000,
  160,    4,    0.99687500000000,    0.02187500000000,    2.01269718132430,    0.00000000000000,    2.01269718132430,    0.00000252477685,    0.00000000000000,    0.00000508161124,    2.00654487955810,    0.00000000000000,    2.00654487955810,  -41.22451812404051,    0.00000000000000,
  160,    5,    0.99687500000000,    0.02812500000000,    2.01269718132430,    0.00000000000000,    2.01269718132430,    0.00000252477685,    0.00000000000000,    0.00000508161124,    2.00654487955810,    0.00000000000000,    2.00654487955810,  -41.22451812404051,    0.00000000000000,
  161,    1,    1.00312500000000,    0.00312500000000,    1.99964754700981,    0.00000000000000,    1.99964754700981,    0.00000258211817,    0.00000000000000,    0.00000516332626,    1.99345512044190,    0.00000000000000,    1.99345512044190,  -40.95558867350966,    0.00000000000000,
  161,    2,    1.00312500000000,    0.00937500000000,    1.99964754700981,    0.00000000000000,    1.99964754700981,    0.00000258211817,    0.00000000000000,    0.00000516332626,    1.99345512044190,    0.00000000000000,    1.99345512044190,  -40.95558867350966,    0.00000000000000,
  161,    3,    1.00312500000000,    0.01562500000000,    1.99964754700981,    0.00000000000000,    1.99964754700981,    0.00000258211817,    0.00000000000000,    0.00000516332626,    1.99345512044190,    0.00000000000000,    1.99345512044190,  -40.95558867350966,    0.00000000000000,
  161,    4,    1.00312500000000,    0.02187500000000,    1.99964754700981,    0.00000000000000,    1.99964754700981,    0.00000258211817,    0.00000000000000,    0.00000516332626,    1.99345512044190,    0.00000000000000,    1.99345512044190,  -40.95558867350966,    0.00000000000000,
  161,    5,    1.00312500000000,    0.02812500000000,    1.99964754700981,    0.00000000000000,    1.99964754700981,    0.00000258211817,    0.00000000000000,    0.00000516332626,    1.99345512044190,    0.00000000000000,    1.99345512044190,  -40.95558867350966,    0.00000000000000,
  162,    1,    1.00937500000000,    0.00312500000000,    1.98660096008057,    0.00000000000000,    1.98660096008057,    0.00000263940710,    0.00000000000000,    0.00000524344869,    1.98036788450136,    0.00000000000000,    1.98036788450136,  -40.67102556006878,    0.00000000000000,
  162,    2,    1.00937500000000,    0.00937500000000,    1.98660096008057,    0.00000000000000,    1.98660096008057,    0.00000263940710,    0.00000000000000,    0.00000524344869,    1.98036788450136,    0.00000000000000,    1.98036788450136,  -40.67102556006878,    0.00000000000000,
  162,    3,    1.00937500000000,    0.01562500000000,    1.98660096008057,    0.00000000000000,    1.98660096008057,    0.00000263940710,    0.00000000000000,    0.00000524344869,    1.98036788450136,    0.00000000000000,    1.98036788450136,  -40.67102556006878,    0.00000000000000,
  162,    4,    1.00937500000000,    0.02187500000000,    1.98660096008057,    0.00000000000000,    1.98660096008057,    0.00000263940710,    0.00000000000000,    0.00000524344869,    1.98036788450136,    0.00000000000000,    1.98036788450136,  -40.67102556006878,    0.00000000000000,
  162,    5,    1.00937500000000,    0.02812500000000,    1.98660096008057,    0.00000000000000,    1.98660096008057,    0.00000263940710,    0.00000000000000,    0.00000524344869,    1.98036788450136,    0.00000000000000,    1.98036788450136,  -40.67102556006878,    0.00000000000000,
  163,    1,    1.01562500000000,    0.00312500000000,    1.97356246014308,    0.00000000000000,    1.97356246014308,    0.00000269656755,    0.00000000000000,    0.00000532184449,    1.96728821711505,    0.00000000000000,    1.96728821711505,  -40.37124924074912,    0.00000000000000,
  163,    2,    1.01562500000000,    0.00937500000000,    1.97356246014308,    0.00000000000000,    1.97356246014308,    0.00000269656755,    0.00000000000000,    0.00000532184449,    1.96728821711505,    0.00000000000000,    1.96728821711505,  -40.37124924074912,    0.00000000000000,
  163,    3,    1.01562500000000,    0.01562500000000,    1.97356246014308,    0.00000000000000,    1.97356246014308,    0.00000269656755,    0.00000000000000,    0.00000532184449,    1.96728821711505,    0.00000000000000,    1.96728821711505,  -40.37124924074912,    0.00000000000000,
  163,    4,    1.01562500000000,    0.02187500000000,    1.97356246014308,    0.00000000000000,    1.97356246014308,    0.00000269656755,    0.00000000000000,    0.00000532184449,    1.96728821711505,    0.00000000000000,    1.96728821711505,  -40.37124924074912,    0.00000000000000,
  163,    5,    1.01562500000000,    0.02812500000000,    1.97356246014308,    0.00000000000000,    1.97356246014308,    0.00000269656755,    0.00000000000000,    0.00000532184449,    1.96728821711505,    0.00000000000000,    1.96728821711505,  -40.37124924074912,    0.00000000000000,
  164,    1,    1.02187500000000,    0.00312500000000,    1.96053708330243,    0.00000000000000,    1.96053708330243,    0.00000275352034,    0.00000000000000,    0.00000539837874,    1.95422116074375,    0.00000000000000,    1.95422116074375,  -40.05668531864061,    0.00000000000000,
  164,    2,    1.02187500000000,    0.00937500000000,    1.96053708330243,    0.00000000000000,    1.96053708330243,    0.00000275352034,    0.00000000000000,    0.00000539837874,    1.95422116074375,    0.00000000000000,    1.95422116074375,  -40.05668531864061,    0.00000000000000,
  164,    3,    1.02187500000000,    0.01562500000000,    1.96053708330243,    0.00000000000000,    1.96053708330243,    0.00000275352034,    0.00000000000000,    0.00000539837874,    1.95422116074375,    0.00000000000000,    1.95422116074375,  -40.05668531864061,    0.00000000000000,
  164,    4,    1.02187500000000,    0.02187500000000,    1.96053708330243,    0.00000000000000,    1.96053708330243,    0.00000275352034,    0.00000000000000,    0.00000539837874,    1.95422116074375,    0.00000000000000,    1.95422116074375,  -40.05668531864061,    0.00000000000000,
  164,    5,    1.02187500000000,    0.02812500000000,    1.96053708330243,    0.00000000000000,    1.96053708330243,    0.00000275352034,    0.00000000000000,    0.00000539837874,    1.95422116074375,    0.00000000000000,    1.95422116074375,  -40.05668531864061,    0.00000000000000,
  165,    1,    1.02812500000000,    0.00312500000000,    1.94752986019258,    0.00000000000000,    1.94752986019258,    0.00000281018331,    0.00000000000000,    0.00000547291590,    1.94117175298642,    0.00000000000000,    1.94117175298642,  -39.72776390076457,    0.00000000000000,
  165,    2,    1.02812500000000,    0.00937500000000,    1.94752986019258,    0.00000000000000,    1.94752986019258,    0.00000281018331,    0.00000000000000,    0.00000547291590,    1.94117175298642,    0.00000000000000,    1.94117175298642,  -39.72776390076457,    0.00000000000000,
  165,    3,    1.02812500000000,    0.01562500000000,    1.94752986019258,    0.00000000000000,    1.94752986019258,    0.00000281018331,    0.00000000000000,    0.00000547291590,    1.94117175298642,    0.00000000000000,    1.94117175298642,  -39.72776390076457,    0.00000000000000,
  165,    4,    1.02812500000000,    0.02187500000000,    1.94752986019258,    0.00000000000000,    1.94752986019258,    0.00000281018331,    0.00000000000000,    0.00000547291590,    1.94117175298642,    0.00000000000000,    1.94117175298642,  -39.72776390076457,    0.00000000000000,
  165,    5,    1.02812500000000,    0.02812500000000,    1.94752986019258,    0.00000000000000,    1.94752986019258,    0.00000281018331,    0.00000000000000,    0.00000547291590,    1.94117175298642,    0.00000000000000,    1.94117175298642,  -39.72776390076457,    0.00000000000000,
  166,    1,    1.03437500000000,    0.00312500000000,    1.93454581400811,    0.00000000000000,    1.93454581400811,    0.00000286647130,    0.00000000000000,    0.00000554532005,    1.92814502463816,    0.00000000000000,    1.92814502463816,  -39.38491895605550,    0.00000000000000,
  166,    2,    1.03437500000000,    0.00937500000000,    1.93454581400811,    0.00000000000000,    1.93454581400811,    0.00000286647130,    0.00000000000000,    0.00000554532005,    1.92814502463816,    0.00000000000000,    1.92814502463816,  -39.38491895605550,    0.00000000000000,
  166,    3,    1.03437500000000,    0.01562500000000,    1.93454581400811,    0.00000000000000,    1.93454581400811,    0.00000286647130,    0.00000000000000,    0.00000554532005,    1.92814502463816,    0.00000000000000,    1.92814502463816,  -39.38491895605550,    0.00000000000000,
  166,    4,    1.03437500000000,    0.02187500000000,    1.93454581400811,    0.00000000000000,    1.93454581400811,    0.00000286647130,    0.00000000000000,    0.00000554532005,    1.92814502463816,    0.00000000000000,    1.92814502463816,  -39.38491895605550,    0.00000000000000,
  166,    5,    1.03437500000000,    0.02812500000000,    1.93454581400811,    0.00000000000000,    1.93454581400811,    0.00000286647130,    0.00000000000000,    0.00000554532005,    1.92814502463816,    0.00000000000000,    1.92814502463816,  -39.38491895605550,    0.00000000000000,
  167,    1,    1.04062500000000,    0.00312500000000,    1.92158995853841,    0.00000000000000,    1.92158995853841,    0.00000292229628,    0.00000000000000,    0.00000561545519,    1.91514599775072,    0.00000000000000,    1.91514599775072,  -39.02858767443396,    0.00000000000000,
  167,    2,    1.04062500000000,    0.00937500000000,    1.92158995853841,    0.00000000000000,    1.92158995853841,    0.00000292229628,    0.00000000000000,    0.00000561545519,    1.91514599775072,    0.00000000000000,    1.91514599775072,  -39.02858767443396,    0.00000000000000,
  167,    3,    1.04062500000000,    0.01562500000000,    1.92158995853841,    0.00000000000000,    1.92158995853841,    0.00000292229628,    0.00000000000000,    0.00000561545519,    1.91514599775072,    0.00000000000000,    1.91514599775072,  -39.02858767443396,    0.00000000000000,
  167,    4,    1.04062500000000,    0.02187500000000,    1.92158995853841,    0.00000000000000,    1.92158995853841,    0.00000292229628,    0.00000000000000,    0.00000561545519,    1.91514599775072,    0.00000000000000,    1.91514599775072,  -39.02858767443396,    0.00000000000000,
  167,    5,    1.04062500000000,    0.02812500000000,    1.92158995853841,    0.00000000000000,    1.92158995853841,    0.00000292229628,    0.00000000000000,    0.00000561545519,    1.91514599775072,    0.00000000000000,    1.91514599775072,  -39.02858767443396,    0.00000000000000,
  168,    1,    1.04687500000000,    0.00312500000000,    1.90866729620480,    0.00000000000000,    1.90866729620480,    0.00000297756740,    0.00000000000000,    0.00000568318553,    1.90217968369643,    0.00000000000000,    1.90217968369643,  -38.65920982794800,    0.00000000000000,
  168,    2,    1.04687500000000,    0.00937500000000,    1.90866729620480,    0.00000000000000,    1.90866729620480,    0.00000297756740,    0.00000000000000,    0.00000568318553,    1.90217968369643,    0.00000000000000,    1.90217968369643,  -38.65920982794800,    0.00000000000000,
  168,    3,    1.04687500000000,    0.01562500000000,    1.90866729620480,    0.00000000000000,    1.90866729620480,    0.00000297756740,    0.00000000000000,    0.00000568318553,    1.90217968369643,    0.00000000000000,    1.90217968369643,  -38.65920982794800,    0.00000000000000,
  168,    4,    1.04687500000000,    0.02187500000000,    1.90866729620480,    0.00000000000000,    1.90866729620480,    0.00000297756740,    0.00000000000000,    0.00000568318553,    1.90217968369643,    0.00000000000000,    1.90217968369643,  -38.65920982794800,    0.00000000000000,
  168,    5,    1.04687500000000,    0.02812500000000,    1.90866729620480,    0.00000000000000,    1.90866729620480,    0.00000297756740,    0.00000000000000,    0.00000568318553,    1.90217968369643,    0.00000000000000,    1.90217968369643,  -38.65920982794800,    0.00000000000000,
  169,    1,    1.05312500000000,    0.00312500000000,    1.89578281610181,    0.00000000000000,    1.89578281610181,    0.00000303219108,    0.00000000000000,    0.00000574837574,    1.88925108123616,    0.00000000000000,    1.88925108123616,  -38.27722713495437,    0.00000000000000,
  169,    2,    1.05312500000000,    0.00937500000000,    1.89578281610181,    0.00000000000000,    1.89578281610181,    0.00000303219108,    0.00000000000000,    0.00000574837574,    1.88925108123616,    0.00000000000000,    1.88925108123616,  -38.27722713495437,    0.00000000000000,
  169,    3,    1.05312500000000,    0.01562500000000,    1.89578281610181,    0.00000000000000,    1.89578281610181,    0.00000303219108,    0.00000000000000,    0.00000574837574,    1.88925108123616,    0.00000000000000,    1.88925108123616,  -38.27722713495437,    0.00000000000000,
  169,    4,    1.05312500000000,    0.02187500000000,    1.89578281610181,    0.00000000000000,    1.89578281610181,    0.00000303219108,    0.00000000000000,    0.00000574837574,    1.88925108123616,    0.00000000000000,    1.88925108123616,  -38.27722713495437,    0.00000000000000,
  169,    5,    1.05312500000000,    0.02812500000000,    1.89578281610181,    0.00000000000000,    1.89578281610181,    0.00000303219108,    0.00000000000000,    0.00000574837574,    1.88925108123616,    0.00000000000000,    1.88925108123616,  -38.27722713495437,    0.00000000000000,
  170,    1,    1.05937500000000,    0.00312500000000,    1.88294149204290,    0.00000000000000,    1.88294149204290,    0.00000308607109,    0.00000000000000,    0.00000581089130,    1.87636517459227,    0.00000000000000,    1.87636517459227,  -37.88308262830404,    0.00000000000000,
  170,    2,    1.05937500000000,    0.00937500000000,    1.88294149204290,    0.00000000000000,    1.88294149204290,    0.00000308607109,    0.00000000000000,    0.00000581089130,    1.87636517459227,    0.00000000000000,    1.87636517459227,  -37.88308262830404,    0.00000000000000,
  170,    3,    1.05937500000000,    0.01562500000000,    1.88294149204290,    0.00000000000000,    1.88294149204290,    0.00000308607109,    0.00000000000000,    0.00000581089130,    1.87636517459227,    0.00000000000000,    1.87636517459227,  -37.88308262830404,    0.00000000000000,
  170,    4,    1.05937500000000,    0.02187500000000,    1.88294149204290,    0.00000000000000,    1.88294149204290,    0.00000308607109,    0.00000000000000,    0.00000581089130,    1.87636517459227,    0.00000000000000,    1.87636517459227,  -37.88308262830404,    0.00000000000000,
  170,    5,    1.05937500000000,    0.02812500000000,    1.88294149204290,    0.00000000000000,    1.88294149204290,    0.00000308607109,    0.00000000000000,    0.00000581089130,    1.87636517459227,    0.00000000000000,    1.87636517459227,  -37.88308262830404,    0.00000000000000,
  171,    1,    1.06562500000000,    0.00312500000000,    1.87014828061206,    0.00000000000000,    1.87014828061206,    0.00000313910870,    0.00000000000000,    0.00000587059874,    1.86352693152708,    0.00000000000000,    1.86352693152708,  -37.47722002848653,    0.00000000000000,
  171,    2,    1.06562500000000,    0.00937500000000,    1.87014828061206,    0.00000000000000,    1.87014828061206,    0.00000313910870,    0.00000000000000,    0.00000587059874,    1.86352693152708,    0.00000000000000,    1.86352693152708,  -37.47722002848653,    0.00000000000000,
  171,    3,    1.06562500000000,    0.01562500000000,    1.87014828061206,    0.00000000000000,    1.87014828061206,    0.00000313910870,    0.00000000000000,    0.00000587059874,    1.86352693152708,    0.00000000000000,    1.86352693152708,  -37.47722002848653,    0.00000000000000,
  171,    4,    1.06562500000000,    0.02187500000000,    1.87014828061206,    0.00000000000000,    1.87014828061206,    0.00000313910870,    0.00000000000000,    0.00000587059874,    1.86352693152708,    0.00000000000000,    1.86352693152708,  -37.47722002848653,    0.00000000000000,
  171,    5,    1.06562500000000,    0.02812500000000,    1.87014828061206,    0.00000000000000,    1.87014828061206,    0.00000313910870,    0.00000000000000,    0.00000587059874,    1.86352693152708,    0.00000000000000,    1.86352693152708,  -37.47722002848653,    0.00000000000000,
  172,    1,    1.07187500000000,    0.00312500000000,    1.85740811922151,    0.00000000000000,    1.85740811922151,    0.00000319120279,    0.00000000000000,    0.00000592736597,    1.85074130142767,    0.00000000000000,    1.85074130142767,  -37.06008312267875,    0.00000000000000,
  172,    2,    1.07187500000000,    0.00937500000000,    1.85740811922151,    0.00000000000000,    1.85740811922151,    0.00000319120279,    0.00000000000000,    0.00000592736597,    1.85074130142767,    0.00000000000000,    1.85074130142767,  -37.06008312267875,    0.00000000000000,
  172,    3,    1.07187500000000,    0.01562500000000,    1.85740811922151,    0.00000000000000,    1.85740811922151,    0.00000319120279,    0.00000000000000,    0.00000592736597,    1.85074130142767,    0.00000000000000,    1.85074130142767,  -37.06008312267875,    0.00000000000000,
  172,    4,    1.07187500000000,    0.02187500000000,    1.85740811922151,    0.00000000000000,    1.85740811922151,    0.00000319120279,    0.00000000000000,    0.00000592736597,    1.85074130142767,    0.00000000000000,    1.85074130142767,  -37.06008312267875,    0.00000000000000,
  172,    5,    1.07187500000000,    0.02812500000000,    1.85740811922151,    0.00000000000000,    1.85740811922151,    0.00000319120279,    0.00000000000000,    0.00000592736597,    1.85074130142767,    0.00000000000000,    1.85074130142767,  -37.06008312267875,    0.00000000000000,
  173,    1,    1.07812500000000,    0.00312500000000,    1.84472592417683,    0.00000000000000,    1.84472592417683,    0.00000324224996,    0.00000000000000,    0.00000598106255,    1.83801321339782,    0.00000000000000,    1.83801321339782,  -36.63211515063089,    0.00000000000000,
  173,    2,    1.07812500000000,    0.00937500000000,    1.84472592417683,    0.00000000000000,    1.84472592417683,    0.00000324224996,    0.00000000000000,    0.00000598106255,    1.83801321339782,    0.00000000000000,    1.83801321339782,  -36.63211515063089,    0.00000000000000,
  173,    3,    1.07812500000000,    0.01562500000000,    1.84472592417683,    0.00000000000000,    1.84472592417683,    0.00000324224996,    0.00000000000000,    0.00000598106255,    1.83801321339782,    0.00000000000000,    1.83801321339782,  -36.63211515063089,    0.00000000000000,
  173,    4,    1.07812500000000,    0.02187500000000,    1.84472592417683,    0.00000000000000,    1.84472592417683,    0.00000324224996,    0.00000000000000,    0.00000598106255,    1.83801321339782,    0.00000000000000,    1.83801321339782,  -36.63211515063089,    0.00000000000000,
  173,    5,    1.07812500000000,    0.02812500000000,    1.84472592417683,    0.00000000000000,    1.84472592417683,    0.00000324224996,    0.00000000000000,    0.00000598106255,    1.83801321339782,    0.00000000000000,    1.83801321339782,  -36.63211515063089,    0.00000000000000,
  174,    1,    1.08437500000000,    0.00312500000000,    1.83210658874999,    0.00000000000000,    1.83210658874999,    0.00000329214472,    0.00000000000000,    0.00000603156004,    1.82534757435777,    0.00000000000000,    1.82534757435777,  -36.19375819830924,    0.00000000000000,
  174,    2,    1.08437500000000,    0.00937500000000,    1.83210658874999,    0.00000000000000,    1.83210658874999,    0.00000329214472,    0.00000000000000,    0.00000603156004,    1.82534757435777,    0.00000000000000,    1.82534757435777,  -36.19375819830924,    0.00000000000000,
  174,    3,    1.08437500000000,    0.01562500000000,    1.83210658874999,    0.00000000000000,    1.83210658874999,    0.00000329214472,    0.00000000000000,    0.00000603156004,    1.82534757435777,    0.00000000000000,    1.82534757435777,  -36.19375819830924,    0.00000000000000,
  174,    4,    1.08437500000000,    0.02187500000000,    1.83210658874999,    0.00000000000000,    1.83210658874999,    0.00000329214472,    0.00000000000000,    0.00000603156004,    1.82534757435777,    0.00000000000000,    1.82534757435777,  -36.19375819830924,    0.00000000000000,
  174,    5,    1.08437500000000,    0.02812500000000,    1.83210658874999,    0.00000000000000,    1.83210658874999,    0.00000329214472,    0.00000000000000,    0.00000603156004,    1.82534757435777,    0.00000000000000,    1.82534757435777,  -36.19375819830924,    0.00000000000000,
  175,    1,    1.09062500000000,    0.00312500000000,    1.81955498126135,    0.00000000000000,    1.81955498126135,    0.00000334077965,    0.00000000000000,    0.00000607873226,    1.81274926715247,    0.00000000000000,    1.81274926715247,  -35.74545260020152,    0.00000000000000,
  175,    2,    1.09062500000000,    0.00937500000000,    1.81955498126135,    0.00000000000000,    1.81955498126135,    0.00000334077965,    0.00000000000000,    0.00000607873226,    1.81274926715247,    0.00000000000000,    1.81274926715247,  -35.74545260020152,    0.00000000000000,
  175,    3,    1.09062500000000,    0.01562500000000,    1.81955498126135,    0.00000000000000,    1.81955498126135,    0.00000334077965,    0.00000000000000,    0.00000607873226,    1.81274926715247,    0.00000000000000,    1.81274926715247,  -35.74545260020152,    0.00000000000000,
  175,    4,    1.09062500000000,    0.02187500000000,    1.81955498126135,    0.00000000000000,    1.81955498126135,    0.00000334077965,    0.00000000000000,    0.00000607873226,    1.81274926715247,    0.00000000000000,    1.81274926715247,  -35.74545260020152,    0.00000000000000,
  175,    5,    1.09062500000000,    0.02812500000000,    1.81955498126135,    0.00000000000000,    1.81955498126135,    0.00000334077965,    0.00000000000000,    0.00000607873226,    1.81274926715247,    0.00000000000000,    1.81274926715247,  -35.74545260020152,    0.00000000000000,
  176,    1,    1.09687500000000,    0.00312500000000,    1.80707594317134,    0.00000000000000,    1.80707594317134,    0.00000338804554,    0.00000000000000,    0.00000612245558,    1.80022314866916,    0.00000000000000,    1.80022314866916,  -35.28763635117361,    0.00000000000000,
  176,    2,    1.09687500000000,    0.00937500000000,    1.80707594317134,    0.00000000000000,    1.80707594317134,    0.00000338804554,    0.00000000000000,    0.00000612245558,    1.80022314866916,    0.00000000000000,    1.80022314866916,  -35.28763635117361,    0.00000000000000,
  176,    3,    1.09687500000000,    0.01562500000000,    1.80707594317134,    0.00000000000000,    1.80707594317134,    0.00000338804554,    0.00000000000000,    0.00000612245558,    1.80022314866916,    0.00000000000000,    1.80022314866916,  -35.28763635117361,    0.00000000000000,
  176,    4,    1.09687500000000,    0.02187500000000,    1.80707594317134,    0.00000000000000,    1.80707594317134,    0.00000338804554,    0.00000000000000,    0.00000612245558,    1.80022314866916,    0.00000000000000,    1.80022314866916,  -35.28763635117361,    0.00000000000000,
  176,    5,    1.09687500000000,    0.02812500000000,    1.80707594317134,    0.00000000000000,    1.80707594317134,    0.00000338804554,    0.00000000000000,    0.00000612245558,    1.80022314866916,    0.00000000000000,    1.80022314866916,  -35.28763635117361,    0.00000000000000,
  177,    1,    1.10312500000000,    0.00312500000000,    1.79467428718280,    0.00000000000000,    1.79467428718280,    0.00000343383160,    0.00000000000000,    0.00000616260928,    1.78777404796497,    0.00000000000000,    1.78777404796497,  -34.82074452874976,    0.00000000000000,
  177,    2,    1.10312500000000,    0.00937500000000,    1.79467428718280,    0.00000000000000,    1.79467428718280,    0.00000343383160,    0.00000000000000,    0.00000616260928,    1.78777404796497,    0.00000000000000,    1.78777404796497,  -34.82074452874976,    0.00000000000000,
  177,    3,    1.10312500000000,    0.01562500000000,    1.79467428718280,    0.00000000000000,    1.79467428718280,    0.00000343383160,    0.00000000000000,    0.00000616260928,    1.78777404796497,    0.00000000000000,    1.78777404796497,  -34.82074452874976,    0.00000000000000,
  177,    4,    1.10312500000000,    0.02187500000000,    1.79467428718280,    0.00000000000000,    1.79467428718280,    0.00000343383160,    0.00000000000000,    0.00000616260928,    1.78777404796497,    0.00000000000000,    1.78777404796497,  -34.82074452874976,    0.00000000000000,
  177,    5,    1.10312500000000,    0.02812500000000,    1.79467428718280,    0.00000000000000,    1.79467428718280,    0.00000343383160,    0.00000000000000,    0.00000616260928,    1.78777404796497,    0.00000000000000,    1.78777404796497,  -34.82074452874976,    0.00000000000000,
  178,    1,    1.10937500000000,    0.00312500000000,    1.78235479535460,    0.00000000000000,    1.78235479535460,    0.00000347802567,    0.00000000000000,    0.00000619907574,    1.77540676440519,    0.00000000000000,    1.77540676440519,  -34.34520872666931,    0.00000000000000,
  178,    2,    1.10937500000000,    0.00937500000000,    1.78235479535460,    0.00000000000000,    1.78235479535460,    0.00000347802567,    0.00000000000000,    0.00000619907574,    1.77540676440519,    0.00000000000000,    1.77540676440519,  -34.34520872666931,    0.00000000000000,
  178,    3,    1.10937500000000,    0.01562500000000,    1.78235479535460,    0.00000000000000,    1.78235479535460,    0.00000347802567,    0.00000000000000,    0.00000619907574,    1.77540676440519,    0.00000000000000,    1.77540676440519,  -34.34520872666931,    0.00000000000000,
  178,    4,    1.10937500000000,    0.02187500000000,    1.78235479535460,    0.00000000000000,    1.78235479535460,    0.00000347802567,    0.00000000000000,    0.00000619907574,    1.77540676440519,    0.00000000000000,    1.77540676440519,  -34.34520872666931,    0.00000000000000,
  178,    5,    1.10937500000000,    0.02812500000000,    1.78235479535460,    0.00000000000000,    1.78235479535460,    0.00000347802567,    0.00000000000000,    0.00000619907574,    1.77540676440519,    0.00000000000000,    1.77540676440519,  -34.34520872666931,    0.00000000000000,
  179,    1,    1.11562500000000,    0.00312500000000,    1.77012221722777,    0.00000000000000,    1.77012221722777,    0.00000352051445,    0.00000000000000,    0.00000623174084,    1.76312606581306,    0.00000000000000,    1.76312606581306,  -33.86145650055304,    0.00000000000000,
  179,    2,    1.11562500000000,    0.00937500000000,    1.77012221722777,    0.00000000000000,    1.77012221722777,    0.00000352051445,    0.00000000000000,    0.00000623174084,    1.76312606581306,    0.00000000000000,    1.76312606581306,  -33.86145650055304,    0.00000000000000,
  179,    3,    1.11562500000000,    0.01562500000000,    1.77012221722777,    0.00000000000000,    1.77012221722777,    0.00000352051445,    0.00000000000000,    0.00000623174084,    1.76312606581306,    0.00000000000000,    1.76312606581306,  -33.86145650055304,    0.00000000000000,
  179,    4,    1.11562500000000,    0.02187500000000,    1.77012221722777,    0.00000000000000,    1.77012221722777,    0.00000352051445,    0.00000000000000,    0.00000623174084,    1.76312606581306,    0.00000000000000,    1.76312606581306,  -33.86145650055304,    0.00000000000000,
  179,    5,    1.11562500000000,    0.02812500000000,    1.77012221722777,    0.00000000000000,    1.77012221722777,    0.00000352051445,    0.00000000000000,    0.00000623174084,    1.76312606581306,    0.00000000000000,    1.76312606581306,  -33.86145650055304,    0.00000000000000,
  180,    1,    1.12187500000000,    0.00312500000000,    1.75798126796459,    0.00000000000000,    1.75798126796459,    0.00000356118365,    0.00000000000000,    0.00000626049414,    1.75093668663166,    0.00000000000000,    1.75093668663166,  -33.36991082649129,    0.00000000000000,
  180,    2,    1.12187500000000,    0.00937500000000,    1.75798126796459,    0.00000000000000,    1.75798126796459,    0.00000356118365,    0.00000000000000,    0.00000626049414,    1.75093668663166,    0.00000000000000,    1.75093668663166,  -33.36991082649129,    0.00000000000000,
  180,    3,    1.12187500000000,    0.01562500000000,    1.75798126796459,    0.00000000000000,    1.75798126796459,    0.00000356118365,    0.00000000000000,    0.00000626049414,    1.75093668663166,    0.00000000000000,    1.75093668663166,  -33.36991082649129,    0.00000000000000,
  180,    4,    1.12187500000000,    0.02187500000000,    1.75798126796459,    0.00000000000000,    1.75798126796459,    0.00000356118365,    0.00000000000000,    0.00000626049414,    1.75093668663166,    0.00000000000000,    1.75093668663166,  -33.36991082649129,    0.00000000000000,
  180,    5,    1.12187500000000,    0.02812500000000,    1.75798126796459,    0.00000000000000,    1.75798126796459,    0.00000356118365,    0.00000000000000,    0.00000626049414,    1.75093668663166,    0.00000000000000,    1.75093668663166,  -33.36991082649129,    0.00000000000000,
  181,    1,    1.12812500000000,    0.00312500000000,    1.74593662650179,    0.00000000000000,    1.74593662650179,    0.00000359991833,    0.00000000000000,    0.00000628522926,    1.73884332609870,    0.00000000000000,    1.73884332609870,  -32.87098957334298,    0.00000000000000,
  181,    2,    1.12812500000000,    0.00937500000000,    1.74593662650179,    0.00000000000000,    1.74593662650179,    0.00000359991833,    0.00000000000000,    0.00000628522926,    1.73884332609870,    0.00000000000000,    1.73884332609870,  -32.87098957334298,    0.00000000000000,
  181,    3,    1.12812500000000,    0.01562500000000,    1.74593662650179,    0.00000000000000,    1.74593662650179,    0.00000359991833,    0.00000000000000,    0.00000628522926,    1.73884332609870,    0.00000000000000,    1.73884332609870,  -32.87098957334298,    0.00000000000000,
  181,    4,    1.12812500000000,    0.02187500000000,    1.74593662650179,    0.00000000000000,    1.74593662650179,    0.00000359991833,    0.00000000000000,    0.00000628522926,    1.73884332609870,    0.00000000000000,    1.73884332609870,  -32.87098957334298,    0.00000000000000,
  181,    5,    1.12812500000000,    0.02812500000000,    1.74593662650179,    0.00000000000000,    1.74593662650179,    0.00000359991833,    0.00000000000000,    0.00000628522926,    1.73884332609870,    0.00000000000000,    1.73884332609870,  -32.87098957334298,    0.00000000000000,
  182,    1,    1.13437500000000,    0.00312500000000,    1.73399293371864,    0.00000000000000,    1.73399293371864,    0.00000363660308,    0.00000000000000,    0.00000630584404,    1.72685064643487,    0.00000000000000,    1.72685064643487,  -32.36510498951129,    0.00000000000000,
  182,    2,    1.13437500000000,    0.00937500000000,    1.73399293371864,    0.00000000000000,    1.73399293371864,    0.00000363660308,    0.00000000000000,    0.00000630584404,    1.72685064643487,    0.00000000000000,    1.72685064643487,  -32.36510498951129,    0.00000000000000,
  182,    3,    1.13437500000000,    0.01562500000000,    1.73399293371864,    0.00000000000000,    1.73399293371864,    0.00000363660308,    0.00000000000000,    0.00000630584404,    1.72685064643487,    0.00000000000000,    1.72685064643487,  -32.36510498951129,    0.00000000000000,
  182,    4,    1.13437500000000,    0.02187500000000,    1.73399293371864,    0.00000000000000,    1.73399293371864,    0.00000363660308,    0.00000000000000,    0.00000630584404,    1.72685064643487,    0.00000000000000,    1.72685064643487,  -32.36510498951129,    0.00000000000000,
  182,    5,    1.13437500000000,    0.02812500000000,    1.73399293371864,    0.00000000000000,    1.73399293371864,    0.00000363660308,    0.00000000000000,    0.00000630584404,    1.72685064643487,    0.00000000000000,    1.72685064643487,  -32.36510498951129,    0.00000000000000,
  183,    1,    1.14062500000000,    0.00312500000000,    1.72215479062077,    0.00000000000000,    1.72215479062077,    0.00000367112231,    0.00000000000000,    0.00000632224088,    1.71496327104648,    0.00000000000000,    1.71496327104648,  -31.85266320493690,    0.00000000000000,
  183,    2,    1.14062500000000,    0.00937500000000,    1.72215479062077,    0.00000000000000,    1.72215479062077,    0.00000367112231,    0.00000000000000,    0.00000632224088,    1.71496327104648,    0.00000000000000,    1.71496327104648,  -31.85266320493690,    0.00000000000000,
  183,    3,    1.14062500000000,    0.01562500000000,    1.72215479062077,    0.00000000000000,    1.72215479062077,    0.00000367112231,    0.00000000000000,    0.00000632224088,    1.71496327104648,    0.00000000000000,    1.71496327104648,  -31.85266320493690,    0.00000000000000,
  183,    4,    1.14062500000000,    0.02187500000000,    1.72215479062077,    0.00000000000000,    1.72215479062077,    0.00000367112231,    0.00000000000000,    0.00000632224088,    1.71496327104648,    0.00000000000000,    1.71496327104648,  -31.85266320493690,    0.00000000000000,
  183,    5,    1.14062500000000,    0.02812500000000,    1.72215479062077,    0.00000000000000,    1.72215479062077,    0.00000367112231,    0.00000000000000,    0.00000632224088,    1.71496327104648,    0.00000000000000,    1.71496327104648,  -31.85266320493690,    0.00000000000000,
  184,    1,    1.14687500000000,    0.00312500000000,    1.71042675654059,    0.00000000000000,    1.71042675654059,    0.00000370336055,    0.00000000000000,    0.00000633432697,    1.70318578274302,    0.00000000000000,    1.70318578274302,  -31.33406374902334,    0.00000000000000,
  184,    2,    1.14687500000000,    0.00937500000000,    1.71042675654059,    0.00000000000000,    1.71042675654059,    0.00000370336055,    0.00000000000000,    0.00000633432697,    1.70318578274302,    0.00000000000000,    1.70318578274302,  -31.33406374902334,    0.00000000000000,
  184,    3,    1.14687500000000,    0.01562500000000,    1.71042675654059,    0.00000000000000,    1.71042675654059,    0.00000370336055,    0.00000000000000,    0.00000633432697,    1.70318578274302,    0.00000000000000,    1.70318578274302,  -31.33406374902334,    0.00000000000000,
  184,    4,    1.14687500000000,    0.02187500000000,    1.71042675654059,    0.00000000000000,    1.71042675654059,    0.00000370336055,    0.00000000000000,    0.00000633432697,    1.70318578274302,    0.00000000000000,    1.70318578274302,  -31.33406374902334,    0.00000000000000,
  184,    5,    1.14687500000000,    0.02812500000000,    1.71042675654059,    0.00000000000000,    1.71042675654059,    0.00000370336055,    0.00000000000000,    0.00000633432697,    1.70318578274302,    0.00000000000000,    1.70318578274302,  -31.33406374902334,    0.00000000000000,
  185,    1,    1.15312500000000,    0.00312500000000,    1.69881334735537,    0.00000000000000,    1.69881334735537,    0.00000373320267,    0.00000000000000,    0.00000634201453,    1.69152272197043,    0.00000000000000,    1.69152272197043,  -30.80969908518282,    0.00000000000000,
  185,    2,    1.15312500000000,    0.00937500000000,    1.69881334735537,    0.00000000000000,    1.69881334735537,    0.00000373320267,    0.00000000000000,    0.00000634201453,    1.69152272197043,    0.00000000000000,    1.69152272197043,  -30.80969908518282,    0.00000000000000,
  185,    3,    1.15312500000000,    0.01562500000000,    1.69881334735537,    0.00000000000000,    1.69881334735537,    0.00000373320267,    0.00000000000000,    0.00000634201453,    1.69152272197043,    0.00000000000000,    1.69152272197043,  -30.80969908518282,    0.00000000000000,
  185,    4,    1.15312500000000,    0.02187500000000,    1.69881334735537,    0.00000000000000,    1.69881334735537,    0.00000373320267,    0.00000000000000,    0.00000634201453,    1.69152272197043,    0.00000000000000,    1.69152272197043,  -30.80969908518282,    0.00000000000000,
  185,    5,    1.15312500000000,    0.02812500000000,    1.69881334735537,    0.00000000000000,    1.69881334735537,    0.00000373320267,    0.00000000000000,    0.00000634201453,    1.69152272197043,    0.00000000000000,    1.69152272197043,  -30.80969908518282,    0.00000000000000,
  186,    1,    1.15937500000000,    0.00312500000000,    1.68731903372347,    0.00000000000000,    1.68731903372347,    0.00000376053425,    0.00000000000000,    0.00000634522101,    1.67997858506066,    0.00000000000000,    1.67997858506066,  -30.27995416266116,    0.00000000000000,
  186,    2,    1.15937500000000,    0.00937500000000,    1.68731903372347,    0.00000000000000,    1.68731903372347,    0.00000376053425,    0.00000000000000,    0.00000634522101,    1.67997858506066,    0.00000000000000,    1.67997858506066,  -30.27995416266116,    0.00000000000000,
  186,    3,    1.15937500000000,    0.01562500000000,    1.68731903372347,    0.00000000000000,    1.68731903372347,    0.00000376053425,    0.00000000000000,    0.00000634522101,    1.67997858506066,    0.00000000000000,    1.67997858506066,  -30.27995416266116,    0.00000000000000,
  186,    4,    1.15937500000000,    0.02187500000000,    1.68731903372347,    0.00000000000000,    1.68731903372347,    0.00000376053425,    0.00000000000000,    0.00000634522101,    1.67997858506066,    0.00000000000000,    1.67997858506066,  -30.27995416266116,    0.00000000000000,
  186,    5,    1.15937500000000,    0.02812500000000,    1.68731903372347,    0.00000000000000,    1.68731903372347,    0.00000376053425,    0.00000000000000,    0.00000634522101,    1.67997858506066,    0.00000000000000,    1.67997858506066,  -30.27995416266116,    0.00000000000000,
  187,    1,    1.16562500000000,    0.00312500000000,    1.67594823933997,    0.00000000000000,    1.67594823933997,    0.00000378524184,    0.00000000000000,    0.00000634386939,    1.66855782249823,    0.00000000000000,    1.66855782249823,  -29.74520598627358,    0.00000000000000,
  187,    2,    1.16562500000000,    0.00937500000000,    1.67594823933997,    0.00000000000000,    1.67594823933997,    0.00000378524184,    0.00000000000000,    0.00000634386939,    1.66855782249823,    0.00000000000000,    1.66855782249823,  -29.74520598627358,    0.00000000000000,
  187,    3,    1.16562500000000,    0.01562500000000,    1.67594823933997,    0.00000000000000,    1.67594823933997,    0.00000378524184,    0.00000000000000,    0.00000634386939,    1.66855782249823,    0.00000000000000,    1.66855782249823,  -29.74520598627358,    0.00000000000000,
  187,    4,    1.16562500000000,    0.02187500000000,    1.67594823933997,    0.00000000000000,    1.67594823933997,    0.00000378524184,    0.00000000000000,    0.00000634386939,    1.66855782249823,    0.00000000000000,    1.66855782249823,  -29.74520598627358,    0.00000000000000,
  187,    5,    1.16562500000000,    0.02812500000000,    1.67594823933997,    0.00000000000000,    1.67594823933997,    0.00000378524184,    0.00000000000000,    0.00000634386939,    1.66855782249823,    0.00000000000000,    1.66855782249823,  -29.74520598627358,    0.00000000000000,
  188,    1,    1.17187500000000,    0.00312500000000,    1.66470533921243,    0.00000000000000,    1.66470533921243,    0.00000380721330,    0.00000000000000,    0.00000633788831,    1.65726483720452,    0.00000000000000,    1.65726483720452,  -29.20582320465071,    0.00000000000000,
  188,    2,    1.17187500000000,    0.00937500000000,    1.66470533921243,    0.00000000000000,    1.66470533921243,    0.00000380721330,    0.00000000000000,    0.00000633788831,    1.65726483720452,    0.00000000000000,    1.65726483720452,  -29.20582320465071,    0.00000000000000,
  188,    3,    1.17187500000000,    0.01562500000000,    1.66470533921243,    0.00000000000000,    1.66470533921243,    0.00000380721330,    0.00000000000000,    0.00000633788831,    1.65726483720452,    0.00000000000000,    1.65726483720452,  -29.20582320465071,    0.00000000000000,
  188,    4,    1.17187500000000,    0.02187500000000,    1.66470533921243,    0.00000000000000,    1.66470533921243,    0.00000380721330,    0.00000000000000,    0.00000633788831,    1.65726483720452,    0.00000000000000,    1.65726483720452,  -29.20582320465071,    0.00000000000000,
  188,    5,    1.17187500000000,    0.02812500000000,    1.66470533921243,    0.00000000000000,    1.66470533921243,    0.00000380721330,    0.00000000000000,    0.00000633788831,    1.65726483720452,    0.00000000000000,    1.65726483720452,  -29.20582320465071,    0.00000000000000,
  189,    1,    1.17812500000000,    0.00312500000000,    1.65359465795757,    0.00000000000000,    1.65359465795757,    0.00000382633814,    0.00000000000000,    0.00000632721230,    1.64610398284033,    0.00000000000000,    1.64610398284033,  -28.66216571756512,    0.00000000000000,
  189,    2,    1.17812500000000,    0.00937500000000,    1.65359465795757,    0.00000000000000,    1.65359465795757,    0.00000382633814,    0.00000000000000,    0.00000632721230,    1.64610398284033,    0.00000000000000,    1.64610398284033,  -28.66216571756512,    0.00000000000000,
  189,    3,    1.17812500000000,    0.01562500000000,    1.65359465795757,    0.00000000000000,    1.65359465795757,    0.00000382633814,    0.00000000000000,    0.00000632721230,    1.64610398284033,    0.00000000000000,    1.64610398284033,  -28.66216571756512,    0.00000000000000,
  189,    4,    1.17812500000000,    0.02187500000000,    1.65359465795757,    0.00000000000000,    1.65359465795757,    0.00000382633814,    0.00000000000000,    0.00000632721230,    1.64610398284033,    0.00000000000000,    1.64610398284033,  -28.66216571756512,    0.00000000000000,
  189,    5,    1.17812500000000,    0.02812500000000,    1.65359465795757,    0.00000000000000,    1.65359465795757,    0.00000382633814,    0.00000000000000,    0.00000632721230,    1.64610398284033,    0.00000000000000,    1.64610398284033,  -28.66216571756512,    0.00000000000000,
  190,    1,    1.18437500000000,    0.00312500000000,    1.64262046811984,    0.00000000000000,    1.64262046811984,    0.00000384250782,   -0.00000000000000,    0.00000631178199,    1.63507956212747,    0.00000000000000,    1.63507956212747,  -28.11458430287585,    0.00000000000000,
  190,    2,    1.18437500000000,    0.00937500000000,    1.64262046811984,    0.00000000000000,    1.64262046811984,    0.00000384250782,   -0.00000000000000,    0.00000631178199,    1.63507956212747,    0.00000000000000,    1.63507956212747,  -28.11458430287585,    0.00000000000000,
  190,    3,    1.18437500000000,    0.01562500000000,    1.64262046811984,    0.00000000000000,    1.64262046811984,    0.00000384250782,   -0.00000000000000,    0.00000631178199,    1.63507956212747,    0.00000000000000,    1.63507956212747,  -28.11458430287585,    0.00000000000000,
  190,    4,    1.18437500000000,    0.02187500000000,    1.64262046811984,    0.00000000000000,    1.64262046811984,    0.00000384250782,   -0.00000000000000,    0.00000631178199,    1.63507956212747,    0.00000000000000,    1.63507956212747,  -28.11458430287585,    0.00000000000000,
  190,    5,    1.18437500000000,    0.02812500000000,    1.64262046811984,    0.00000000000000,    1.64262046811984,    0.00000384250782,   -0.00000000000000,    0.00000631178199,    1.63507956212747,    0.00000000000000,    1.63507956212747,  -28.11458430287585,    0.00000000000000,
  191,    1,    1.19062500000000,    0.00312500000000,    1.63178698851273,    0.00000000000000,    1.63178698851273,    0.00000385561612,    0.00000000000000,    0.00000629154422,    1.62419582518999,    0.00000000000000,    1.62419582518999,  -27.56342026359568,    0.00000000000000,
  191,    2,    1.19062500000000,    0.00937500000000,    1.63178698851273,    0.00000000000000,    1.63178698851273,    0.00000385561612,    0.00000000000000,    0.00000629154422,    1.62419582518999,    0.00000000000000,    1.62419582518999,  -27.56342026359568,    0.00000000000000,
  191,    3,    1.19062500000000,    0.01562500000000,    1.63178698851273,    0.00000000000000,    1.63178698851273,    0.00000385561612,    0.00000000000000,    0.00000629154422,    1.62419582518999,    0.00000000000000,    1.62419582518999,  -27.56342026359568,    0.00000000000000,
  191,    4,    1.19062500000000,    0.02187500000000,    1.63178698851273,    0.00000000000000,    1.63178698851273,    0.00000385561612,    0.00000000000000,    0.00000629154422,    1.62419582518999,    0.00000000000000,    1.62419582518999,  -27.56342026359568,    0.00000000000000,
  191,    5,    1.19062500000000,    0.02812500000000,    1.63178698851273,    0.00000000000000,    1.63178698851273,    0.00000385561612,    0.00000000000000,    0.00000629154422,    1.62419582518999,    0.00000000000000,    1.62419582518999,  -27.56342026359568,    0.00000000000000,
  192,    1,    1.19687500000000,    0.00312500000000,    1.62109838258359,    0.00000000000000,    1.62109838258359,    0.00000386555950,    0.00000000000000,    0.00000626645226,    1.61345696791566,    0.00000000000000,    1.61345696791566,  -27.00900509555365,    0.00000000000000,
  192,    2,    1.19687500000000,    0.00937500000000,    1.62109838258359,    0.00000000000000,    1.62109838258359,    0.00000386555950,    0.00000000000000,    0.00000626645226,    1.61345696791566,    0.00000000000000,    1.61345696791566,  -27.00900509555365,    0.00000000000000,
  192,    3,    1.19687500000000,    0.01562500000000,    1.62109838258359,    0.00000000000000,    1.62109838258359,    0.00000386555950,    0.00000000000000,    0.00000626645226,    1.61345696791566,    0.00000000000000,    1.61345696791566,  -27.00900509555365,    0.00000000000000,
  192,    4,    1.19687500000000,    0.02187500000000,    1.62109838258359,    0.00000000000000,    1.62109838258359,    0.00000386555950,    0.00000000000000,    0.00000626645226,    1.61345696791566,    0.00000000000000,    1.61345696791566,  -27.00900509555365,    0.00000000000000,
  192,    5,    1.19687500000000,    0.02812500000000,    1.62109838258359,    0.00000000000000,    1.62109838258359,    0.00000386555950,    0.00000000000000,    0.00000626645226,    1.61345696791566,    0.00000000000000,    1.61345696791566,  -27.00900509555365,    0.00000000000000,
  193,    1,    1.20312500000000,    0.00312500000000,    1.61055875680293,    0.00000000000000,    1.61055875680293,    0.00000387223744,    0.00000000000000,    0.00000623646592,    1.60286713033838,    0.00000000000000,    1.60286713033838,  -26.45166017608971,    0.00000000000000,
  193,    2,    1.20312500000000,    0.00937500000000,    1.61055875680293,    0.00000000000000,    1.61055875680293,    0.00000387223744,    0.00000000000000,    0.00000623646592,    1.60286713033838,    0.00000000000000,    1.60286713033838,  -26.45166017608971,    0.00000000000000,
  193,    3,    1.20312500000000,    0.01562500000000,    1.61055875680293,    0.00000000000000,    1.61055875680293,    0.00000387223744,    0.00000000000000,    0.00000623646592,    1.60286713033838,    0.00000000000000,    1.60286713033838,  -26.45166017608971,    0.00000000000000,
  193,    4,    1.20312500000000,    0.02187500000000,    1.61055875680293,    0.00000000000000,    1.61055875680293,    0.00000387223744,    0.00000000000000,    0.00000623646592,    1.60286713033838,    0.00000000000000,    1.60286713033838,  -26.45166017608971,    0.00000000000000,
  193,    5,    1.20312500000000,    0.02812500000000,    1.61055875680293,    0.00000000000000,    1.61055875680293,    0.00000387223744,    0.00000000000000,    0.00000623646592,    1.60286713033838,    0.00000000000000,    1.60286713033838,  -26.45166017608971,    0.00000000000000,
  194,    1,    1.20937500000000,    0.00312500000000,    1.60017215907897,    0.00000000000000,    1.60017215907897,    0.00000387555280,   -0.00000000000000,    0.00000620155169,    1.59243039504212,    0.00000000000000,    1.59243039504212,  -25.89169647418500,    0.00000000000000,
  194,    2,    1.20937500000000,    0.00937500000000,    1.60017215907897,    0.00000000000000,    1.60017215907897,    0.00000387555280,   -0.00000000000000,    0.00000620155169,    1.59243039504212,    0.00000000000000,    1.59243039504212,  -25.89169647418500,    0.00000000000000,
  194,    3,    1.20937500000000,    0.01562500000000,    1.60017215907897,    0.00000000000000,    1.60017215907897,    0.00000387555280,   -0.00000000000000,    0.00000620155169,    1.59243039504212,    0.00000000000000,    1.59243039504212,  -25.89169647418500,    0.00000000000000,
  194,    4,    1.20937500000000,    0.02187500000000,    1.60017215907897,    0.00000000000000,    1.60017215907897,    0.00000387555280,   -0.00000000000000,    0.00000620155169,    1.59243039504212,    0.00000000000000,    1.59243039504212,  -25.89169647418500,    0.00000000000000,
  194,    5,    1.20937500000000,    0.02812500000000,    1.60017215907897,    0.00000000000000,    1.60017215907897,    0.00000387555280,   -0.00000000000000,    0.00000620155169,    1.59243039504212,    0.00000000000000,    1.59243039504212,  -25.89169647418500,    0.00000000000000,
  195,    1,    1.21562500000000,    0.00312500000000,    1.58994257719809,    0.00000000000000,    1.58994257719809,    0.00000387541221,    0.00000000000000,    0.00000616168288,    1.58215078558702,    0.00000000000000,    1.58215078558702,  -25.32941428239522,    0.00000000000000,
  195,    2,    1.21562500000000,    0.00937500000000,    1.58994257719809,    0.00000000000000,    1.58994257719809,    0.00000387541221,    0.00000000000000,    0.00000616168288,    1.58215078558702,    0.00000000000000,    1.58215078558702,  -25.32941428239522,    0.00000000000000,
  195,    3,    1.21562500000000,    0.01562500000000,    1.58994257719809,    0.00000000000000,    1.58994257719809,    0.00000387541221,    0.00000000000000,    0.00000616168288,    1.58215078558702,    0.00000000000000,    1.58215078558702,  -25.32941428239522,    0.00000000000000,
  195,    4,    1.21562500000000,    0.02187500000000,    1.58994257719809,    0.00000000000000,    1.58994257719809,    0.00000387541221,    0.00000000000000,    0.00000616168288,    1.58215078558702,    0.00000000000000,    1.58215078558702,  -25.32941428239522,    0.00000000000000,
  195,    5,    1.21562500000000,    0.02812500000000,    1.58994257719809,    0.00000000000000,    1.58994257719809,    0.00000387541221,    0.00000000000000,    0.00000616168288,    1.58215078558702,    0.00000000000000,    1.58215078558702,  -25.32941428239522,    0.00000000000000,
  196,    1,    1.22187500000000,    0.00312500000000,    1.57987393729243,    0.00000000000000,    1.57987393729243,    0.00000387172641,    0.00000000000000,    0.00000611683965,    1.57203226495820,    0.00000000000000,    1.57203226495820,  -24.76510297091902,    0.00000000000000,
  196,    2,    1.22187500000000,    0.00937500000000,    1.57987393729243,    0.00000000000000,    1.57987393729243,    0.00000387172641,    0.00000000000000,    0.00000611683965,    1.57203226495820,    0.00000000000000,    1.57203226495820,  -24.76510297091902,    0.00000000000000,
  196,    3,    1.22187500000000,    0.01562500000000,    1.57987393729243,    0.00000000000000,    1.57987393729243,    0.00000387172641,    0.00000000000000,    0.00000611683965,    1.57203226495820,    0.00000000000000,    1.57203226495820,  -24.76510297091902,    0.00000000000000,
  196,    4,    1.22187500000000,    0.02187500000000,    1.57987393729243,    0.00000000000000,    1.57987393729243,    0.00000387172641,    0.00000000000000,    0.00000611683965,    1.57203226495820,    0.00000000000000,    1.57203226495820,  -24.76510297091902,    0.00000000000000,
  196,    5,    1.22187500000000,    0.02812500000000,    1.57987393729243,    0.00000000000000,    1.57987393729243,    0.00000387172641,    0.00000000000000,    0.00000611683965,    1.57203226495820,    0.00000000000000,    1.57203226495820,  -24.76510297091902,    0.00000000000000,
  197,    1,    1.22812500000000,    0.00312500000000,    1.56997010233486,    0.00000000000000,    1.56997010233486,    0.00000386441066,    0.00000000000000,    0.00000606700919,    1.56207873403797,    0.00000000000000,    1.56207873403797,  -24.19904076409658,    0.00000000000000,
  197,    2,    1.22812500000000,    0.00937500000000,    1.56997010233486,    0.00000000000000,    1.56997010233486,    0.00000386441066,    0.00000000000000,    0.00000606700919,    1.56207873403797,    0.00000000000000,    1.56207873403797,  -24.19904076409658,    0.00000000000000,
  197,    3,    1.22812500000000,    0.01562500000000,    1.56997010233486,    0.00000000000000,    1.56997010233486,    0.00000386441066,    0.00000000000000,    0.00000606700919,    1.56207873403797,    0.00000000000000,    1.56207873403797,  -24.19904076409658,    0.00000000000000,
  197,    4,    1.22812500000000,    0.02187500000000,    1.56997010233486,    0.00000000000000,    1.56997010233486,    0.00000386441066,    0.00000000000000,    0.00000606700919,    1.56207873403797,    0.00000000000000,    1.56207873403797,  -24.19904076409658,    0.00000000000000,
  197,    5,    1.22812500000000,    0.02812500000000,    1.56997010233486,    0.00000000000000,    1.56997010233486,    0.00000386441066,    0.00000000000000,    0.00000606700919,    1.56207873403797,    0.00000000000000,    1.56207873403797,  -24.19904076409658,    0.00000000000000,
  198,    1,    1.23437500000000,    0.00312500000000,    1.56023487066260,    0.00000000000000,    1.56023487066260,    0.00000385338505,    0.00000000000000,    0.00000601218573,    1.55229403010199,    0.00000000000000,    1.55229403010199,  -23.63149453959793,    0.00000000000000,
  198,    2,    1.23437500000000,    0.00937500000000,    1.56023487066260,    0.00000000000000,    1.56023487066260,    0.00000385338505,    0.00000000000000,    0.00000601218573,    1.55229403010199,    0.00000000000000,    1.55229403010199,  -23.63149453959793,    0.00000000000000,
  198,    3,    1.23437500000000,    0.01562500000000,    1.56023487066260,    0.00000000000000,    1.56023487066260,    0.00000385338505,    0.00000000000000,    0.00000601218573,    1.55229403010199,    0.00000000000000,    1.55229403010199,  -23.63149453959793,    0.00000000000000,
  198,    4,    1.23437500000000,    0.02187500000000,    1.56023487066260,    0.00000000000000,    1.56023487066260,    0.00000385338505,    0.00000000000000,    0.00000601218573,    1.55229403010199,    0.00000000000000,    1.55229403010199,  -23.63149453959793,    0.00000000000000,
  198,    5,    1.23437500000000,    0.02812500000000,    1.56023487066260,    0.00000000000000,    1.56023487066260,    0.00000385338505,    0.00000000000000,    0.00000601218573,    1.55229403010199,    0.00000000000000,    1.55229403010199,  -23.63149453959793,    0.00000000000000,
  199,    1,    1.24062500000000,    0.00312500000000,    1.55067197452987,    0.00000000000000,    1.55067197452987,    0.00000383857495,    0.00000000000000,    0.00000595237059,    1.54268192533987,    0.00000000000000,    1.54268192533987,  -23.06271965052163,    0.00000000000000,
  199,    2,    1.24062500000000,    0.00937500000000,    1.55067197452987,    0.00000000000000,    1.55067197452987,    0.00000383857495,    0.00000000000000,    0.00000595237059,    1.54268192533987,    0.00000000000000,    1.54268192533987,  -23.06271965052163,    0.00000000000000,
  199,    3,    1.24062500000000,    0.01562500000000,    1.55067197452987,    0.00000000000000,    1.55067197452987,    0.00000383857495,    0.00000000000000,    0.00000595237059,    1.54268192533987,    0.00000000000000,    1.54268192533987,  -23.06271965052163,    0.00000000000000,
  199,    4,    1.24062500000000,    0.02187500000000,    1.55067197452987,    0.00000000000000,    1.55067197452987,    0.00000383857495,    0.00000000000000,    0.00000595237059,    1.54268192533987,    0.00000000000000,    1.54268192533987,  -23.06271965052163,    0.00000000000000,
  199,    5,    1.24062500000000,    0.02812500000000,    1.55067197452987,    0.00000000000000,    1.55067197452987,    0.00000383857495,    0.00000000000000,    0.00000595237059,    1.54268192533987,    0.00000000000000,    1.54268192533987,  -23.06271965052163,    0.00000000000000,
  200,    1,    1.24687500000000,    0.00312500000000,    1.54128507869049,    0.00000000000000,    1.54128507869049,    0.00000381991129,   -0.00000000000000,    0.00000588757227,    1.53324612540098,    0.00000000000000,    1.53324612540098,  -22.49295977058901,    0.00000000000000,
  200,    2,    1.24687500000000,    0.00937500000000,    1.54128507869049,    0.00000000000000,    1.54128507869049,    0.00000381991129,   -0.00000000000000,    0.00000588757227,    1.53324612540098,    0.00000000000000,    1.53324612540098,  -22.49295977058901,    0.00000000000000,
  200,    3,    1.24687500000000,    0.01562500000000,    1.54128507869049,    0.00000000000000,    1.54128507869049,    0.00000381991129,   -0.00000000000000,    0.00000588757227,    1.53324612540098,    0.00000000000000,    1.53324612540098,  -22.49295977058901,    0.00000000000000,
  200,    4,    1.24687500000000,    0.02187500000000,    1.54128507869049,    0.00000000000000,    1.54128507869049,    0.00000381991129,   -0.00000000000000,    0.00000588757227,    1.53324612540098,    0.00000000000000,    1.53324612540098,  -22.49295977058901,    0.00000000000000,
  200,    5,    1.24687500000000,    0.02812500000000,    1.54128507869049,    0.00000000000000,    1.54128507869049,    0.00000381991129,   -0.00000000000000,    0.00000588757227,    1.53324612540098,    0.00000000000000,    1.53324612540098,  -22.49295977058901,    0.00000000000000,
  201,    1,    1.25312500000000,    0.00312500000000,    1.53207777901114,    0.00000000000000,    1.53207777901114,    0.00000379733098,    0.00000000000000,    0.00000581780642,    1.52399026796582,    0.00000000000000,    1.52399026796582,  -21.92244676257999,    0.00000000000000,
  201,    2,    1.25312500000000,    0.00937500000000,    1.53207777901114,    0.00000000000000,    1.53207777901114,    0.00000379733098,    0.00000000000000,    0.00000581780642,    1.52399026796582,    0.00000000000000,    1.52399026796582,  -21.92244676257999,    0.00000000000000,
  201,    3,    1.25312500000000,    0.01562500000000,    1.53207777901114,    0.00000000000000,    1.53207777901114,    0.00000379733098,    0.00000000000000,    0.00000581780642,    1.52399026796582,    0.00000000000000,    1.52399026796582,  -21.92244676257999,    0.00000000000000,
  201,    4,    1.25312500000000,    0.02187500000000,    1.53207777901114,    0.00000000000000,    1.53207777901114,    0.00000379733098,    0.00000000000000,    0.00000581780642,    1.52399026796582,    0.00000000000000,    1.52399026796582,  -21.92244676257999,    0.00000000000000,
  201,    5,    1.25312500000000,    0.02812500000000,    1.53207777901114,    0.00000000000000,    1.53207777901114,    0.00000379733098,    0.00000000000000,    0.00000581780642,    1.52399026796582,    0.00000000000000,    1.52399026796582,  -21.92244676257999,    0.00000000000000,
  202,    1,    1.25937500000000,    0.00312500000000,    1.52305360111569,    0.00000000000000,    1.52305360111569,    0.00000377077725,    0.00000000000000,    0.00000574309586,    1.51491792134362,    0.00000000000000,    1.51491792134362,  -21.35140057011934,    0.00000000000000,
  202,    2,    1.25937500000000,    0.00937500000000,    1.52305360111569,    0.00000000000000,    1.52305360111569,    0.00000377077725,    0.00000000000000,    0.00000574309586,    1.51491792134362,    0.00000000000000,    1.51491792134362,  -21.35140057011934,    0.00000000000000,
  202,    3,    1.25937500000000,    0.01562500000000,    1.52305360111569,    0.00000000000000,    1.52305360111569,    0.00000377077725,    0.00000000000000,    0.00000574309586,    1.51491792134362,    0.00000000000000,    1.51491792134362,  -21.35140057011934,    0.00000000000000,
  202,    4,    1.25937500000000,    0.02187500000000,    1.52305360111569,    0.00000000000000,    1.52305360111569,    0.00000377077725,    0.00000000000000,    0.00000574309586,    1.51491792134362,    0.00000000000000,    1.51491792134362,  -21.35140057011934,    0.00000000000000,
  202,    5,    1.25937500000000,    0.02812500000000,    1.52305360111569,    0.00000000000000,    1.52305360111569,    0.00000377077725,    0.00000000000000,    0.00000574309586,    1.51491792134362,    0.00000000000000,    1.51491792134362,  -21.35140057011934,    0.00000000000000,
  203,    1,    1.26562500000000,    0.00312500000000,    1.51421599906168,    0.00000000000000,    1.51421599906168,    0.00000374019995,    0.00000000000000,    0.00000566347061,    1.50603258309669,    0.00000000000000,    1.50603258309669,  -20.78002913288437,    0.00000000000000,
  203,    2,    1.26562500000000,    0.00937500000000,    1.51421599906168,    0.00000000000000,    1.51421599906168,    0.00000374019995,    0.00000000000000,    0.00000566347061,    1.50603258309669,    0.00000000000000,    1.50603258309669,  -20.78002913288437,    0.00000000000000,
  203,    3,    1.26562500000000,    0.01562500000000,    1.51421599906168,    0.00000000000000,    1.51421599906168,    0.00000374019995,    0.00000000000000,    0.00000566347061,    1.50603258309669,    0.00000000000000,    1.50603258309669,  -20.78002913288437,    0.00000000000000,
  203,    4,    1.26562500000000,    0.02187500000000,    1.51421599906168,    0.00000000000000,    1.51421599906168,    0.00000374019995,    0.00000000000000,    0.00000566347061,    1.50603258309669,    0.00000000000000,    1.50603258309669,  -20.78002913288437,    0.00000000000000,
  203,    5,    1.26562500000000,    0.02812500000000,    1.51421599906168,    0.00000000000000,    1.51421599906168,    0.00000374019995,    0.00000000000000,    0.00000566347061,    1.50603258309669,    0.00000000000000,    1.50603258309669,  -20.78002913288437,    0.00000000000000,
  204,    1,    1.27187500000000,    0.00312500000000,    1.50556835404913,    0.00000000000000,    1.50556835404913,    0.00000370555596,    0.00000000000000,    0.00000557896778,    1.49733767869209,    0.00000000000000,    1.49733767869209,  -20.20852832526612,    0.00000000000000,
  204,    2,    1.27187500000000,    0.00937500000000,    1.50556835404913,    0.00000000000000,    1.50556835404913,    0.00000370555596,    0.00000000000000,    0.00000557896778,    1.49733767869209,    0.00000000000000,    1.49733767869209,  -20.20852832526612,    0.00000000000000,
  204,    3,    1.27187500000000,    0.01562500000000,    1.50556835404913,    0.00000000000000,    1.50556835404913,    0.00000370555596,    0.00000000000000,    0.00000557896778,    1.49733767869209,    0.00000000000000,    1.49733767869209,  -20.20852832526612,    0.00000000000000,
  204,    4,    1.27187500000000,    0.02187500000000,    1.50556835404913,    0.00000000000000,    1.50556835404913,    0.00000370555596,    0.00000000000000,    0.00000557896778,    1.49733767869209,    0.00000000000000,    1.49733767869209,  -20.20852832526612,    0.00000000000000,
  204,    5,    1.27187500000000,    0.02812500000000,    1.50556835404913,    0.00000000000000,    1.50556835404913,    0.00000370555596,    0.00000000000000,    0.00000557896778,    1.49733767869209,    0.00000000000000,    1.49733767869209,  -20.20852832526612,    0.00000000000000,
  205,    1,    1.27812500000000,    0.00312500000000,    1.49711397316244,    0.00000000000000,    1.49711397316244,    0.00000366680940,    0.00000000000000,    0.00000548963160,    1.48883656018096,    0.00000000000000,    1.48883656018096,  -19.63708191847968,    0.00000000000000,
  205,    2,    1.27812500000000,    0.00937500000000,    1.49711397316244,    0.00000000000000,    1.49711397316244,    0.00000366680940,    0.00000000000000,    0.00000548963160,    1.48883656018096,    0.00000000000000,    1.48883656018096,  -19.63708191847968,    0.00000000000000,
  205,    3,    1.27812500000000,    0.01562500000000,    1.49711397316244,    0.00000000000000,    1.49711397316244,    0.00000366680940,    0.00000000000000,    0.00000548963160,    1.48883656018096,    0.00000000000000,    1.48883656018096,  -19.63708191847968,    0.00000000000000,
  205,    4,    1.27812500000000,    0.02187500000000,    1.49711397316244,    0.00000000000000,    1.49711397316244,    0.00000366680940,    0.00000000000000,    0.00000548963160,    1.48883656018096,    0.00000000000000,    1.48883656018096,  -19.63708191847968,    0.00000000000000,
  205,    5,    1.27812500000000,    0.02812500000000,    1.49711397316244,    0.00000000000000,    1.49711397316244,    0.00000366680940,    0.00000000000000,    0.00000548963160,    1.48883656018096,    0.00000000000000,    1.48883656018096,  -19.63708191847968,    0.00000000000000,
  206,    1,    1.28437500000000,    0.00312500000000,    1.48885608814593,    0.00000000000000,    1.48885608814593,    0.00000362393205,    0.00000000000000,    0.00000539551329,    1.48053250490632,    0.00000000000000,    1.48053250490632,  -19.06586156607914,    0.00000000000000,
  206,    2,    1.28437500000000,    0.00937500000000,    1.48885608814593,    0.00000000000000,    1.48885608814593,    0.00000362393205,    0.00000000000000,    0.00000539551329,    1.48053250490632,    0.00000000000000,    1.48053250490632,  -19.06586156607914,    0.00000000000000,
  206,    3,    1.28437500000000,    0.01562500000000,    1.48885608814593,    0.00000000000000,    1.48885608814593,    0.00000362393205,    0.00000000000000,    0.00000539551329,    1.48053250490632,    0.00000000000000,    1.48053250490632,  -19.06586156607914,    0.00000000000000,
  206,    4,    1.28437500000000,    0.02187500000000,    1.48885608814593,    0.00000000000000,    1.48885608814593,    0.00000362393205,    0.00000000000000,    0.00000539551329,    1.48053250490632,    0.00000000000000,    1.48053250490632,  -19.06586156607914,    0.00000000000000,
  206,    5,    1.28437500000000,    0.02812500000000,    1.48885608814593,    0.00000000000000,    1.48885608814593,    0.00000362393205,    0.00000000000000,    0.00000539551329,    1.48053250490632,    0.00000000000000,    1.48053250490632,  -19.06586156607914,    0.00000000000000,
  207,    1,    1.29062500000000,    0.00312500000000,    1.48079785421354,    0.00000000000000,    1.48079785421354,    0.00000357690351,   -0.00000000000000,    0.00000529667104,    1.47242871423956,    0.00000000000000,    1.47242871423956,  -18.49502681279642,    0.00000000000000,
  207,    2,    1.29062500000000,    0.00937500000000,    1.48079785421354,    0.00000000000000,    1.48079785421354,    0.00000357690351,   -0.00000000000000,    0.00000529667104,    1.47242871423956,    0.00000000000000,    1.47242871423956,  -18.49502681279642,    0.00000000000000,
  207,    3,    1.29062500000000,    0.01562500000000,    1.48079785421354,    0.00000000000000,    1.48079785421354,    0.00000357690351,   -0.00000000000000,    0.00000529667104,    1.47242871423956,    0.00000000000000,    1.47242871423956,  -18.49502681279642,    0.00000000000000,
  207,    4,    1.29062500000000,    0.02187500000000,    1.48079785421354,    0.00000000000000,    1.48079785421354,    0.00000357690351,   -0.00000000000000,    0.00000529667104,    1.47242871423956,    0.00000000000000,    1.47242871423956,  -18.49502681279642,    0.00000000000000,
  207,    5,    1.29062500000000,    0.02812500000000,    1.48079785421354,    0.00000000000000,    1.48079785421354,    0.00000357690351,   -0.00000000000000,    0.00000529667104,    1.47242871423956,    0.00000000000000,    1.47242871423956,  -18.49502681279642,    0.00000000000000,
  208,    1,    1.29687500000000,    0.00312500000000,    1.47294234889276,    0.00000000000000,    1.47294234889276,    0.00000352571156,   -0.00000000000000,    0.00000519316986,    1.46452831234624,    0.00000000000000,    1.46452831234624,  -17.92472512658517,    0.00000000000000,
  208,    2,    1.29687500000000,    0.00937500000000,    1.47294234889276,    0.00000000000000,    1.47294234889276,    0.00000352571156,   -0.00000000000000,    0.00000519316986,    1.46452831234624,    0.00000000000000,    1.46452831234624,  -17.92472512658517,    0.00000000000000,
  208,    3,    1.29687500000000,    0.01562500000000,    1.47294234889276,    0.00000000000000,    1.47294234889276,    0.00000352571156,   -0.00000000000000,    0.00000519316986,    1.46452831234624,    0.00000000000000,    1.46452831234624,  -17.92472512658517,    0.00000000000000,
  208,    4,    1.29687500000000,    0.02187500000000,    1.47294234889276,    0.00000000000000,    1.47294234889276,    0.00000352571156,   -0.00000000000000,    0.00000519316986,    1.46452831234624,    0.00000000000000,    1.46452831234624,  -17.92472512658517,    0.00000000000000,
  208,    5,    1.29687500000000,    0.02812500000000,    1.47294234889276,    0.00000000000000,    1.47294234889276,    0.00000352571156,   -0.00000000000000,    0.00000519316986,    1.46452831234624,    0.00000000000000,    1.46452831234624,  -17.92472512658517,    0.00000000000000,
  209,    1,    1.30312500000000,    0.00312500000000,    1.46529257090387,    0.00000000000000,    1.46529257090387,    0.00000347035232,    0.00000000000000,    0.00000508508147,    1.45683434498167,    0.00000000000000,    1.45683434498167,  -17.35509195371236,    0.00000000000000,
  209,    2,    1.30312500000000,    0.00937500000000,    1.46529257090387,    0.00000000000000,    1.46529257090387,    0.00000347035232,    0.00000000000000,    0.00000508508147,    1.45683434498167,    0.00000000000000,    1.45683434498167,  -17.35509195371236,    0.00000000000000,
  209,    3,    1.30312500000000,    0.01562500000000,    1.46529257090387,    0.00000000000000,    1.46529257090387,    0.00000347035232,    0.00000000000000,    0.00000508508147,    1.45683434498167,    0.00000000000000,    1.45683434498167,  -17.35509195371236,    0.00000000000000,
  209,    4,    1.30312500000000,    0.02187500000000,    1.46529257090387,    0.00000000000000,    1.46529257090387,    0.00000347035232,    0.00000000000000,    0.00000508508147,    1.45683434498167,    0.00000000000000,    1.45683434498167,  -17.35509195371236,    0.00000000000000,
  209,    5,    1.30312500000000,    0.02812500000000,    1.46529257090387,    0.00000000000000,    1.46529257090387,    0.00000347035232,    0.00000000000000,    0.00000508508147,    1.45683434498167,    0.00000000000000,    1.45683434498167,  -17.35509195371236,    0.00000000000000,
  210,    1,    1.30937500000000,    0.00312500000000,    1.45785143907416,    0.00000000000000,    1.45785143907416,    0.00000341083051,    0.00000000000000,    0.00000497248417,    1.44934977831675,    0.00000000000000,    1.44934977831675,  -16.78625079670446,    0.00000000000000,
  210,    2,    1.30937500000000,    0.00937500000000,    1.45785143907416,    0.00000000000000,    1.45785143907416,    0.00000341083051,    0.00000000000000,    0.00000497248417,    1.44934977831675,    0.00000000000000,    1.44934977831675,  -16.78625079670446,    0.00000000000000,
  210,    3,    1.30937500000000,    0.01562500000000,    1.45785143907416,    0.00000000000000,    1.45785143907416,    0.00000341083051,    0.00000000000000,    0.00000497248417,    1.44934977831675,    0.00000000000000,    1.44934977831675,  -16.78625079670446,    0.00000000000000,
  210,    4,    1.30937500000000,    0.02187500000000,    1.45785143907416,    0.00000000000000,    1.45785143907416,    0.00000341083051,    0.00000000000000,    0.00000497248417,    1.44934977831675,    0.00000000000000,    1.44934977831675,  -16.78625079670446,    0.00000000000000,
  210,    5,    1.30937500000000,    0.02812500000000,    1.45785143907416,    0.00000000000000,    1.45785143907416,    0.00000341083051,    0.00000000000000,    0.00000497248417,    1.44934977831675,    0.00000000000000,    1.44934977831675,  -16.78625079670446,    0.00000000000000,
  211,    1,    1.31562500000000,    0.00312500000000,    1.45062179128782,    0.00000000000000,    1.45062179128782,    0.00000334715962,    0.00000000000000,    0.00000485546269,    1.44207749779439,    0.00000000000000,    1.44207749779439,  -16.21831331491700,    0.00000000000000,
  211,    2,    1.31562500000000,    0.00937500000000,    1.45062179128782,    0.00000000000000,    1.45062179128782,    0.00000334715962,    0.00000000000000,    0.00000485546269,    1.44207749779439,    0.00000000000000,    1.44207749779439,  -16.21831331491700,    0.00000000000000,
  211,    3,    1.31562500000000,    0.01562500000000,    1.45062179128782,    0.00000000000000,    1.45062179128782,    0.00000334715962,    0.00000000000000,    0.00000485546269,    1.44207749779439,    0.00000000000000,    1.44207749779439,  -16.21831331491700,    0.00000000000000,
  211,    4,    1.31562500000000,    0.02187500000000,    1.45062179128782,    0.00000000000000,    1.45062179128782,    0.00000334715962,    0.00000000000000,    0.00000485546269,    1.44207749779439,    0.00000000000000,    1.44207749779439,  -16.21831331491700,    0.00000000000000,
  211,    5,    1.31562500000000,    0.02812500000000,    1.45062179128782,    0.00000000000000,    1.45062179128782,    0.00000334715962,    0.00000000000000,    0.00000485546269,    1.44207749779439,    0.00000000000000,    1.44207749779439,  -16.21831331491700,    0.00000000000000,
  212,    1,    1.32187500000000,    0.00312500000000,    1.44360638347170,    0.00000000000000,    1.44360638347170,    0.00000327936204,   -0.00000000000000,    0.00000473410797,    1.43502030701718,    0.00000000000000,    1.43502030701718,  -15.65137944746034,    0.00000000000000,
  212,    2,    1.32187500000000,    0.00937500000000,    1.44360638347170,    0.00000000000000,    1.44360638347170,    0.00000327936204,   -0.00000000000000,    0.00000473410797,    1.43502030701718,    0.00000000000000,    1.43502030701718,  -15.65137944746034,    0.00000000000000,
  212,    3,    1.32187500000000,    0.01562500000000,    1.44360638347170,    0.00000000000000,    1.44360638347170,    0.00000327936204,   -0.00000000000000,    0.00000473410797,    1.43502030701718,    0.00000000000000,    1.43502030701718,  -15.65137944746034,    0.00000000000000,
  212,    4,    1.32187500000000,    0.02187500000000,    1.44360638347170,    0.00000000000000,    1.44360638347170,    0.00000327936204,   -0.00000000000000,    0.00000473410797,    1.43502030701718,    0.00000000000000,    1.43502030701718,  -15.65137944746034,    0.00000000000000,
  212,    5,    1.32187500000000,    0.02812500000000,    1.44360638347170,    0.00000000000000,    1.44360638347170,    0.00000327936204,   -0.00000000000000,    0.00000473410797,    1.43502030701718,    0.00000000000000,    1.43502030701718,  -15.65137944746034,    0.00000000000000,
  213,    1,    1.32812500000000,    0.00312500000000,    1.43680788861692,    0.00000000000000,    1.43680788861692,    0.00000320746919,    0.00000000000000,    0.00000460851704,    1.42818092666649,    0.00000000000000,    1.42818092666649,  -15.08553755817879,    0.00000000000000,
  213,    2,    1.32812500000000,    0.00937500000000,    1.43680788861692,    0.00000000000000,    1.43680788861692,    0.00000320746919,    0.00000000000000,    0.00000460851704,    1.42818092666649,    0.00000000000000,    1.42818092666649,  -15.08553755817879,    0.00000000000000,
  213,    3,    1.32812500000000,    0.01562500000000,    1.43680788861692,    0.00000000000000,    1.43680788861692,    0.00000320746919,    0.00000000000000,    0.00000460851704,    1.42818092666649,    0.00000000000000,    1.42818092666649,  -15.08553755817879,    0.00000000000000,
  213,    4,    1.32812500000000,    0.02187500000000,    1.43680788861692,    0.00000000000000,    1.43680788861692,    0.00000320746919,    0.00000000000000,    0.00000460851704,    1.42818092666649,    0.00000000000000,    1.42818092666649,  -15.08553755817879,    0.00000000000000,
  213,    5,    1.32812500000000,    0.02812500000000,    1.43680788861692,    0.00000000000000,    1.43680788861692,    0.00000320746919,    0.00000000000000,    0.00000460851704,    1.42818092666649,    0.00000000000000,    1.42818092666649,  -15.08553755817879,    0.00000000000000,
  214,    1,    1.33437500000000,    0.00312500000000,    1.43022889583687,    0.00000000000000,    1.43022889583687,    0.00000313152164,    0.00000000000000,    0.00000447879274,    1.42156199345364,    0.00000000000000,    1.42156199345364,  -14.52086460234317,    0.00000000000000,
  214,    2,    1.33437500000000,    0.00937500000000,    1.43022889583687,    0.00000000000000,    1.43022889583687,    0.00000313152164,    0.00000000000000,    0.00000447879274,    1.42156199345364,    0.00000000000000,    1.42156199345364,  -14.52086460234317,    0.00000000000000,
  214,    3,    1.33437500000000,    0.01562500000000,    1.43022889583687,    0.00000000000000,    1.43022889583687,    0.00000313152164,    0.00000000000000,    0.00000447879274,    1.42156199345364,    0.00000000000000,    1.42156199345364,  -14.52086460234317,    0.00000000000000,
  214,    4,    1.33437500000000,    0.02187500000000,    1.43022889583687,    0.00000000000000,    1.43022889583687,    0.00000313152164,    0.00000000000000,    0.00000447879274,    1.42156199345364,    0.00000000000000,    1.42156199345364,  -14.52086460234317,    0.00000000000000,
  214,    5,    1.33437500000000,    0.02812500000000,    1.43022889583687,    0.00000000000000,    1.43022889583687,    0.00000313152164,    0.00000000000000,    0.00000447879274,    1.42156199345364,    0.00000000000000,    1.42156199345364,  -14.52086460234317,    0.00000000000000,
  215,    1,    1.34062500000000,    0.00312500000000,    1.42387190946115,    0.00000000000000,    1.42387190946115,    0.00000305156912,    0.00000000000000,    0.00000434504355,    1.41516605910338,    0.00000000000000,    1.41516605910338,  -13.95742631468434,    0.00000000000000,
  215,    2,    1.34062500000000,    0.00937500000000,    1.42387190946115,    0.00000000000000,    1.42387190946115,    0.00000305156912,    0.00000000000000,    0.00000434504355,    1.41516605910338,    0.00000000000000,    1.41516605910338,  -13.95742631468434,    0.00000000000000,
  215,    3,    1.34062500000000,    0.01562500000000,    1.42387190946115,    0.00000000000000,    1.42387190946115,    0.00000305156912,    0.00000000000000,    0.00000434504355,    1.41516605910338,    0.00000000000000,    1.41516605910338,  -13.95742631468434,    0.00000000000000,
  215,    4,    1.34062500000000,    0.02187500000000,    1.42387190946115,    0.00000000000000,    1.42387190946115,    0.00000305156912,    0.00000000000000,    0.00000434504355,    1.41516605910338,    0.00000000000000,    1.41516605910338,  -13.95742631468434,    0.00000000000000,
  215,    5,    1.34062500000000,    0.02812500000000,    1.42387190946115,    0.00000000000000,    1.42387190946115,    0.00000305156912,    0.00000000000000,    0.00000434504355,    1.41516605910338,    0.00000000000000,    1.41516605910338,  -13.95742631468434,    0.00000000000000,
  216,    1,    1.34687500000000,    0.00312500000000,    1.41773934816610,    0.00000000000000,    1.41773934816610,    0.00000296767055,    0.00000000000000,    0.00000420738331,    1.40899558937017,    0.00000000000000,    1.40899558937017,  -13.39527741835848,    0.00000000000000,
  216,    2,    1.34687500000000,    0.00937500000000,    1.41773934816610,    0.00000000000000,    1.41773934816610,    0.00000296767055,    0.00000000000000,    0.00000420738331,    1.40899558937017,    0.00000000000000,    1.40899558937017,  -13.39527741835848,    0.00000000000000,
  216,    3,    1.34687500000000,    0.01562500000000,    1.41773934816610,    0.00000000000000,    1.41773934816610,    0.00000296767055,    0.00000000000000,    0.00000420738331,    1.40899558937017,    0.00000000000000,    1.40899558937017,  -13.39527741835848,    0.00000000000000,
  216,    4,    1.34687500000000,    0.02187500000000,    1.41773934816610,    0.00000000000000,    1.41773934816610,    0.00000296767055,    0.00000000000000,    0.00000420738331,    1.40899558937017,    0.00000000000000,    1.40899558937017,  -13.39527741835848,    0.00000000000000,
  216,    5,    1.34687500000000,    0.02812500000000,    1.41773934816610,    0.00000000000000,    1.41773934816610,    0.00000296767055,    0.00000000000000,    0.00000420738331,    1.40899558937017,    0.00000000000000,    1.40899558937017,  -13.39527741835848,    0.00000000000000,
  217,    1,    1.35312500000000,    0.00312500000000,    1.41183354414136,    0.00000000000000,    1.41183354414136,    0.00000287989402,    0.00000000000000,    0.00000406593099,    1.40305296308754,    0.00000000000000,    1.40305296308754,  -12.83446185440275,    0.00000000000000,
  217,    2,    1.35312500000000,    0.00937500000000,    1.41183354414136,    0.00000000000000,    1.41183354414136,    0.00000287989402,    0.00000000000000,    0.00000406593099,    1.40305296308754,    0.00000000000000,    1.40305296308754,  -12.83446185440275,    0.00000000000000,
  217,    3,    1.35312500000000,    0.01562500000000,    1.41183354414136,    0.00000000000000,    1.41183354414136,    0.00000287989402,    0.00000000000000,    0.00000406593099,    1.40305296308754,    0.00000000000000,    1.40305296308754,  -12.83446185440275,    0.00000000000000,
  217,    4,    1.35312500000000,    0.02187500000000,    1.41183354414136,    0.00000000000000,    1.41183354414136,    0.00000287989402,    0.00000000000000,    0.00000406593099,    1.40305296308754,    0.00000000000000,    1.40305296308754,  -12.83446185440275,    0.00000000000000,
  217,    5,    1.35312500000000,    0.02812500000000,    1.41183354414136,    0.00000000000000,    1.41183354414136,    0.00000287989402,    0.00000000000000,    0.00000406593099,    1.40305296308754,    0.00000000000000,    1.40305296308754,  -12.83446185440275,    0.00000000000000,
  218,    1,    1.35937500000000,    0.00312500000000,    1.40615674229281,    0.00000000000000,    1.40615674229281,    0.00000278831677,    0.00000000000000,    0.00000392081043,    1.39734047125104,    0.00000000000000,    1.39734047125104,  -12.27501303120644,    0.00000000000000,
  218,    2,    1.35937500000000,    0.00937500000000,    1.40615674229281,    0.00000000000000,    1.40615674229281,    0.00000278831677,    0.00000000000000,    0.00000392081043,    1.39734047125104,    0.00000000000000,    1.39734047125104,  -12.27501303120644,    0.00000000000000,
  218,    3,    1.35937500000000,    0.01562500000000,    1.40615674229281,    0.00000000000000,    1.40615674229281,    0.00000278831677,    0.00000000000000,    0.00000392081043,    1.39734047125104,    0.00000000000000,    1.39734047125104,  -12.27501303120644,    0.00000000000000,
  218,    4,    1.35937500000000,    0.02187500000000,    1.40615674229281,    0.00000000000000,    1.40615674229281,    0.00000278831677,    0.00000000000000,    0.00000392081043,    1.39734047125104,    0.00000000000000,    1.39734047125104,  -12.27501303120644,    0.00000000000000,
  218,    5,    1.35937500000000,    0.02812500000000,    1.40615674229281,    0.00000000000000,    1.40615674229281,    0.00000278831677,    0.00000000000000,    0.00000392081043,    1.39734047125104,    0.00000000000000,    1.39734047125104,  -12.27501303120644,    0.00000000000000,
  219,    1,    1.36562500000000,    0.00312500000000,    1.40071109948136,    0.00000000000000,    1.40071109948136,    0.00000269302504,    0.00000000000000,    0.00000377215006,    1.39186031613502,    0.00000000000000,    1.39186031613502,  -11.71695409349054,    0.00000000000000,
  219,    2,    1.36562500000000,    0.00937500000000,    1.40071109948136,    0.00000000000000,    1.40071109948136,    0.00000269302504,    0.00000000000000,    0.00000377215006,    1.39186031613502,    0.00000000000000,    1.39186031613502,  -11.71695409349054,    0.00000000000000,
  219,    3,    1.36562500000000,    0.01562500000000,    1.40071109948136,    0.00000000000000,    1.40071109948136,    0.00000269302504,    0.00000000000000,    0.00000377215006,    1.39186031613502,    0.00000000000000,    1.39186031613502,  -11.71695409349054,    0.00000000000000,
  219,    4,    1.36562500000000,    0.02187500000000,    1.40071109948136,    0.00000000000000,    1.40071109948136,    0.00000269302504,    0.00000000000000,    0.00000377215006,    1.39186031613502,    0.00000000000000,    1.39186031613502,  -11.71695409349054,    0.00000000000000,
  219,    5,    1.36562500000000,    0.02812500000000,    1.40071109948136,    0.00000000000000,    1.40071109948136,    0.00000269302504,    0.00000000000000,    0.00000377215006,    1.39186031613502,    0.00000000000000,    1.39186031613502,  -11.71695409349054,    0.00000000000000,
  220,    1,    1.37187500000000,    0.00312500000000,    1.39549868379788,    0.00000000000000,    1.39549868379788,    0.00000259411396,    0.00000000000000,    0.00000362008261,    1.38661461044360,    0.00000000000000,    1.38661461044360,  -11.16029821025788,    0.00000000000000,
  220,    2,    1.37187500000000,    0.00937500000000,    1.39549868379788,    0.00000000000000,    1.39549868379788,    0.00000259411396,    0.00000000000000,    0.00000362008261,    1.38661461044360,    0.00000000000000,    1.38661461044360,  -11.16029821025788,    0.00000000000000,
  220,    3,    1.37187500000000,    0.01562500000000,    1.39549868379788,    0.00000000000000,    1.39549868379788,    0.00000259411396,    0.00000000000000,    0.00000362008261,    1.38661461044360,    0.00000000000000,    1.38661461044360,  -11.16029821025788,    0.00000000000000,
  220,    4,    1.37187500000000,    0.02187500000000,    1.39549868379788,    0.00000000000000,    1.39549868379788,    0.00000259411396,    0.00000000000000,    0.00000362008261,    1.38661461044360,    0.00000000000000,    1.38661461044360,  -11.16029821025788,    0.00000000000000,
  220,    5,    1.37187500000000,    0.02812500000000,    1.39549868379788,    0.00000000000000,    1.39549868379788,    0.00000259411396,    0.00000000000000,    0.00000362008261,    1.38661461044360,    0.00000000000000,    1.38661461044360,  -11.16029821025788,    0.00000000000000,
  221,    1,    1.37812500000000,    0.00312500000000,    1.39052147387361,    0.00000000000000,    1.39052147387361,    0.00000249168742,    0.00000000000000,    0.00000346474486,    1.38160537649618,    0.00000000000000,    1.38160537649618,  -10.60504888114425,    0.00000000000000,
  221,    2,    1.37812500000000,    0.00937500000000,    1.39052147387361,    0.00000000000000,    1.39052147387361,    0.00000249168742,    0.00000000000000,    0.00000346474486,    1.38160537649618,    0.00000000000000,    1.38160537649618,  -10.60504888114425,    0.00000000000000,
  221,    3,    1.37812500000000,    0.01562500000000,    1.39052147387361,    0.00000000000000,    1.39052147387361,    0.00000249168742,    0.00000000000000,    0.00000346474486,    1.38160537649618,    0.00000000000000,    1.38160537649618,  -10.60504888114425,    0.00000000000000,
  221,    4,    1.37812500000000,    0.02187500000000,    1.39052147387361,    0.00000000000000,    1.39052147387361,    0.00000249168742,    0.00000000000000,    0.00000346474486,    1.38160537649618,    0.00000000000000,    1.38160537649618,  -10.60504888114425,    0.00000000000000,
  221,    5,    1.37812500000000,    0.02812500000000,    1.39052147387361,    0.00000000000000,    1.39052147387361,    0.00000249168742,    0.00000000000000,    0.00000346474486,    1.38160537649618,    0.00000000000000,    1.38160537649618,  -10.60504888114425,    0.00000000000000,
  222,    1,    1.38437500000000,    0.00312500000000,    1.38578135822615,    0.00000000000000,    1.38578135822615,    0.00000238585782,    0.00000000000000,    0.00000330627729,    1.37683454544781,    0.00000000000000,    1.37683454544781,  -10.05120026057291,    0.00000000000000,
  222,    2,    1.38437500000000,    0.00937500000000,    1.38578135822615,    0.00000000000000,    1.38578135822615,    0.00000238585782,    0.00000000000000,    0.00000330627729,    1.37683454544781,    0.00000000000000,    1.37683454544781,  -10.05120026057291,    0.00000000000000,
  222,    3,    1.38437500000000,    0.01562500000000,    1.38578135822615,    0.00000000000000,    1.38578135822615,    0.00000238585782,    0.00000000000000,    0.00000330627729,    1.37683454544781,    0.00000000000000,    1.37683454544781,  -10.05120026057291,    0.00000000000000,
  222,    4,    1.38437500000000,    0.02187500000000,    1.38578135822615,    0.00000000000000,    1.38578135822615,    0.00000238585782,    0.00000000000000,    0.00000330627729,    1.37683454544781,    0.00000000000000,    1.37683454544781,  -10.05120026057291,    0.00000000000000,
  222,    5,    1.38437500000000,    0.02812500000000,    1.38578135822615,    0.00000000000000,    1.38578135822615,    0.00000238585782,    0.00000000000000,    0.00000330627729,    1.37683454544781,    0.00000000000000,    1.37683454544781,  -10.05120026057291,    0.00000000000000,
  223,    1,    1.39062500000000,    0.00312500000000,    1.38128013464055,    0.00000000000000,    1.38128013464055,    0.00000227674588,    0.00000000000000,    0.00000314482386,    1.37230395654465,    0.00000000000000,    1.37230395654465,   -9.49873749908557,    0.00000000000000,
  223,    2,    1.39062500000000,    0.00937500000000,    1.38128013464055,    0.00000000000000,    1.38128013464055,    0.00000227674588,    0.00000000000000,    0.00000314482386,    1.37230395654465,    0.00000000000000,    1.37230395654465,   -9.49873749908557,    0.00000000000000,
  223,    3,    1.39062500000000,    0.01562500000000,    1.38128013464055,    0.00000000000000,    1.38128013464055,    0.00000227674588,    0.00000000000000,    0.00000314482386,    1.37230395654465,    0.00000000000000,    1.37230395654465,   -9.49873749908557,    0.00000000000000,
  223,    4,    1.39062500000000,    0.02187500000000,    1.38128013464055,    0.00000000000000,    1.38128013464055,    0.00000227674588,    0.00000000000000,    0.00000314482386,    1.37230395654465,    0.00000000000000,    1.37230395654465,   -9.49873749908557,    0.00000000000000,
  223,    5,    1.39062500000000,    0.02812500000000,    1.38128013464055,    0.00000000000000,    1.38128013464055,    0.00000227674588,    0.00000000000000,    0.00000314482386,    1.37230395654465,    0.00000000000000,    1.37230395654465,   -9.49873749908557,    0.00000000000000,
  224,    1,    1.39687500000000,    0.00312500000000,    1.37701950958496,    0.00000000000000,    1.37701950958496,    0.00000216448035,    0.00000000000000,    0.00000298053167,    1.36801535641499,    0.00000000000000,    1.36801535641499,   -8.94763710119484,    0.00000000000000,
  224,    2,    1.39687500000000,    0.00937500000000,    1.37701950958496,    0.00000000000000,    1.37701950958496,    0.00000216448035,    0.00000000000000,    0.00000298053167,    1.36801535641499,    0.00000000000000,    1.36801535641499,   -8.94763710119484,    0.00000000000000,
  224,    3,    1.39687500000000,    0.01562500000000,    1.37701950958496,    0.00000000000000,    1.37701950958496,    0.00000216448035,    0.00000000000000,    0.00000298053167,    1.36801535641499,    0.00000000000000,    1.36801535641499,   -8.94763710119484,    0.00000000000000,
  224,    4,    1.39687500000000,    0.02187500000000,    1.37701950958496,    0.00000000000000,    1.37701950958496,    0.00000216448035,    0.00000000000000,    0.00000298053167,    1.36801535641499,    0.00000000000000,    1.36801535641499,   -8.94763710119484,    0.00000000000000,
  224,    5,    1.39687500000000,    0.02812500000000,    1.37701950958496,    0.00000000000000,    1.37701950958496,    0.00000216448035,    0.00000000000000,    0.00000298053167,    1.36801535641499,    0.00000000000000,    1.36801535641499,   -8.94763710119484,    0.00000000000000,
  225,    1,    1.40312500000000,    0.00312500000000,    1.37300109766110,    0.00000000000000,    1.37300109766110,    0.00000204919772,    0.00000000000000,    0.00000281355072,    1.36397039839581,    0.00000000000000,    1.36397039839581,   -8.39786729907792,    0.00000000000000,
  225,    2,    1.40312500000000,    0.00937500000000,    1.37300109766110,    0.00000000000000,    1.37300109766110,    0.00000204919772,    0.00000000000000,    0.00000281355072,    1.36397039839581,    0.00000000000000,    1.36397039839581,   -8.39786729907792,    0.00000000000000,
  225,    3,    1.40312500000000,    0.01562500000000,    1.37300109766110,    0.00000000000000,    1.37300109766110,    0.00000204919772,    0.00000000000000,    0.00000281355072,    1.36397039839581,    0.00000000000000,    1.36397039839581,   -8.39786729907792,    0.00000000000000,
  225,    4,    1.40312500000000,    0.02187500000000,    1.37300109766110,    0.00000000000000,    1.37300109766110,    0.00000204919772,    0.00000000000000,    0.00000281355072,    1.36397039839581,    0.00000000000000,    1.36397039839581,   -8.39786729907792,    0.00000000000000,
  225,    5,    1.40312500000000,    0.02812500000000,    1.37300109766110,    0.00000000000000,    1.37300109766110,    0.00000204919772,    0.00000000000000,    0.00000281355072,    1.36397039839581,    0.00000000000000,    1.36397039839581,   -8.39786729907792,    0.00000000000000,
  226,    1,    1.40937500000000,    0.00312500000000,    1.36922642108826,    0.00000000000000,    1.36922642108826,    0.00000193104190,    0.00000000000000,    0.00000264403359,    1.36017064189543,    0.00000000000000,    1.36017064189543,   -7.84938844140485,    0.00000000000000,
  226,    2,    1.40937500000000,    0.00937500000000,    1.36922642108826,    0.00000000000000,    1.36922642108826,    0.00000193104190,    0.00000000000000,    0.00000264403359,    1.36017064189543,    0.00000000000000,    1.36017064189543,   -7.84938844140485,    0.00000000000000,
  226,    3,    1.40937500000000,    0.01562500000000,    1.36922642108826,    0.00000000000000,    1.36922642108826,    0.00000193104190,    0.00000000000000,    0.00000264403359,    1.36017064189543,    0.00000000000000,    1.36017064189543,   -7.84938844140485,    0.00000000000000,
  226,    4,    1.40937500000000,    0.02187500000000,    1.36922642108826,    0.00000000000000,    1.36922642108826,    0.00000193104190,    0.00000000000000,    0.00000264403359,    1.36017064189543,    0.00000000000000,    1.36017064189543,   -7.84938844140485,    0.00000000000000,
  226,    5,    1.40937500000000,    0.02812500000000,    1.36922642108826,    0.00000000000000,    1.36922642108826,    0.00000193104190,    0.00000000000000,    0.00000264403359,    1.36017064189543,    0.00000000000000,    1.36017064189543,   -7.84938844140485,    0.00000000000000,
  227,    1,    1.41562500000000,    0.00312500000000,    1.36569690922131,    0.00000000000000,    1.36569690922131,    0.00000181016386,    0.00000000000000,    0.00000247213519,    1.35661755179230,    0.00000000000000,    1.35661755179230,   -7.30215339657062,    0.00000000000000,
  227,    2,    1.41562500000000,    0.00937500000000,    1.36569690922131,    0.00000000000000,    1.36569690922131,    0.00000181016386,    0.00000000000000,    0.00000247213519,    1.35661755179230,    0.00000000000000,    1.35661755179230,   -7.30215339657062,    0.00000000000000,
  227,    3,    1.41562500000000,    0.01562500000000,    1.36569690922131,    0.00000000000000,    1.36569690922131,    0.00000181016386,    0.00000000000000,    0.00000247213519,    1.35661755179230,    0.00000000000000,    1.35661755179230,   -7.30215339657062,    0.00000000000000,
  227,    4,    1.41562500000000,    0.02187500000000,    1.36569690922131,    0.00000000000000,    1.36569690922131,    0.00000181016386,    0.00000000000000,    0.00000247213519,    1.35661755179230,    0.00000000000000,    1.35661755179230,   -7.30215339657062,    0.00000000000000,
  227,    5,    1.41562500000000,    0.02812500000000,    1.36569690922131,    0.00000000000000,    1.36569690922131,    0.00000181016386,    0.00000000000000,    0.00000247213519,    1.35661755179230,    0.00000000000000,    1.35661755179230,   -7.30215339657062,    0.00000000000000,
  228,    1,    1.42187500000000,    0.00312500000000,    1.36241389810155,    0.00000000000000,    1.36241389810155,    0.00000168672130,    0.00000000000000,    0.00000229801254,    1.35331249787030,    0.00000000000000,    1.35331249787030,   -6.75610796957828,    0.00000000000000,
  228,    2,    1.42187500000000,    0.00937500000000,    1.36241389810155,    0.00000000000000,    1.36241389810155,    0.00000168672130,    0.00000000000000,    0.00000229801254,    1.35331249787030,    0.00000000000000,    1.35331249787030,   -6.75610796957828,    0.00000000000000,
  228,    3,    1.42187500000000,    0.01562500000000,    1.36241389810155,    0.00000000000000,    1.36241389810155,    0.00000168672130,    0.00000000000000,    0.00000229801254,    1.35331249787030,    0.00000000000000,    1.35331249787030,   -6.75610796957828,    0.00000000000000,
  228,    4,    1.42187500000000,    0.02187500000000,    1.36241389810155,    0.00000000000000,    1.36241389810155,    0.00000168672130,    0.00000000000000,    0.00000229801254,    1.35331249787030,    0.00000000000000,    1.35331249787030,   -6.75610796957828,    0.00000000000000,
  228,    5,    1.42187500000000,    0.02812500000000,    1.36241389810155,    0.00000000000000,    1.36241389810155,    0.00000168672130,    0.00000000000000,    0.00000229801254,    1.35331249787030,    0.00000000000000,    1.35331249787030,   -6.75610796957828,    0.00000000000000,
  229,    1,    1.42812500000000,    0.00312500000000,    1.35937863004036,    0.00000000000000,    1.35937863004036,    0.00000156087819,    0.00000000000000,    0.00000212182446,    1.35025675429064,    0.00000000000000,    1.35025675429064,   -6.21119133179622,    0.00000000000000,
  229,    2,    1.42812500000000,    0.00937500000000,    1.35937863004036,    0.00000000000000,    1.35937863004036,    0.00000156087819,    0.00000000000000,    0.00000212182446,    1.35025675429064,    0.00000000000000,    1.35025675429064,   -6.21119133179622,    0.00000000000000,
  229,    3,    1.42812500000000,    0.01562500000000,    1.35937863004036,    0.00000000000000,    1.35937863004036,    0.00000156087819,    0.00000000000000,    0.00000212182446,    1.35025675429064,    0.00000000000000,    1.35025675429064,   -6.21119133179622,    0.00000000000000,
  229,    4,    1.42812500000000,    0.02187500000000,    1.35937863004036,    0.00000000000000,    1.35937863004036,    0.00000156087819,    0.00000000000000,    0.00000212182446,    1.35025675429064,    0.00000000000000,    1.35025675429064,   -6.21119133179622,    0.00000000000000,
  229,    5,    1.42812500000000,    0.02812500000000,    1.35937863004036,    0.00000000000000,    1.35937863004036,    0.00000156087819,    0.00000000000000,    0.00000212182446,    1.35025675429064,    0.00000000000000,    1.35025675429064,   -6.21119133179622,    0.00000000000000,
  230,    1,    1.43437500000000,    0.00312500000000,    1.35659225323502,    0.00000000000000,    1.35659225323502,    0.00000143280443,    0.00000000000000,    0.00000194373139,    1.34745149910062,    0.00000000000000,    1.34745149910062,   -5.66733646279495,    0.00000000000000,
  230,    2,    1.43437500000000,    0.00937500000000,    1.35659225323502,    0.00000000000000,    1.35659225323502,    0.00000143280443,    0.00000000000000,    0.00000194373139,    1.34745149910062,    0.00000000000000,    1.34745149910062,   -5.66733646279495,    0.00000000000000,
  230,    3,    1.43437500000000,    0.01562500000000,    1.35659225323502,    0.00000000000000,    1.35659225323502,    0.00000143280443,    0.00000000000000,    0.00000194373139,    1.34745149910062,    0.00000000000000,    1.34745149910062,   -5.66733646279495,    0.00000000000000,
  230,    4,    1.43437500000000,    0.02187500000000,    1.35659225323502,    0.00000000000000,    1.35659225323502,    0.00000143280443,    0.00000000000000,    0.00000194373139,    1.34745149910062,    0.00000000000000,    1.34745149910062,   -5.66733646279495,    0.00000000000000,
  230,    5,    1.43437500000000,    0.02812500000000,    1.35659225323502,    0.00000000000000,    1.35659225323502,    0.00000143280443,    0.00000000000000,    0.00000194373139,    1.34745149910062,    0.00000000000000,    1.34745149910062,   -5.66733646279495,    0.00000000000000,
  231,    1,    1.44062500000000,    0.00312500000000,    1.35405582141632,    0.00000000000000,    1.35405582141632,    0.00000130267536,    0.00000000000000,    0.00000176389515,    1.34489781377953,    0.00000000000000,    1.34489781377953,   -5.12447060344681,    0.00000000000000,
  231,    2,    1.44062500000000,    0.00937500000000,    1.35405582141632,    0.00000000000000,    1.35405582141632,    0.00000130267536,    0.00000000000000,    0.00000176389515,    1.34489781377953,    0.00000000000000,    1.34489781377953,   -5.12447060344681,    0.00000000000000,
  231,    3,    1.44062500000000,    0.01562500000000,    1.35405582141632,    0.00000000000000,    1.35405582141632,    0.00000130267536,    0.00000000000000,    0.00000176389515,    1.34489781377953,    0.00000000000000,    1.34489781377953,   -5.12447060344681,    0.00000000000000,
  231,    4,    1.44062500000000,    0.02187500000000,    1.35405582141632,    0.00000000000000,    1.35405582141632,    0.00000130267536,    0.00000000000000,    0.00000176389515,    1.34489781377953,    0.00000000000000,    1.34489781377953,   -5.12447060344681,    0.00000000000000,
  231,    5,    1.44062500000000,    0.02812500000000,    1.35405582141632,    0.00000000000000,    1.35405582141632,    0.00000130267536,    0.00000000000000,    0.00000176389515,    1.34489781377953,    0.00000000000000,    1.34489781377953,   -5.12447060344681,    0.00000000000000,
  232,    1,    1.44687500000000,    0.00312500000000,    1.35177029352733,    0.00000000000000,    1.35177029352733,    0.00000117067136,    0.00000000000000,    0.00000158247877,    1.34259668282166,    0.00000000000000,    1.34259668282166,   -4.58251571945578,    0.00000000000000,
  232,    2,    1.44687500000000,    0.00937500000000,    1.35177029352733,    0.00000000000000,    1.35177029352733,    0.00000117067136,    0.00000000000000,    0.00000158247877,    1.34259668282166,    0.00000000000000,    1.34259668282166,   -4.58251571945578,    0.00000000000000,
  232,    3,    1.44687500000000,    0.01562500000000,    1.35177029352733,    0.00000000000000,    1.35177029352733,    0.00000117067136,    0.00000000000000,    0.00000158247877,    1.34259668282166,    0.00000000000000,    1.34259668282166,   -4.58251571945578,    0.00000000000000,
  232,    4,    1.44687500000000,    0.02187500000000,    1.35177029352733,    0.00000000000000,    1.35177029352733,    0.00000117067136,    0.00000000000000,    0.00000158247877,    1.34259668282166,    0.00000000000000,    1.34259668282166,   -4.58251571945578,    0.00000000000000,
  232,    5,    1.44687500000000,    0.02812500000000,    1.35177029352733,    0.00000000000000,    1.35177029352733,    0.00000117067136,    0.00000000000000,    0.00000158247877,    1.34259668282166,    0.00000000000000,    1.34259668282166,   -4.58251571945578,    0.00000000000000,
  233,    1,    1.45312500000000,    0.00312500000000,    1.34973653343332,    0.00000000000000,    1.34973653343332,    0.00000103697739,    0.00000000000000,    0.00000139964627,    1.34054899335681,    0.00000000000000,    1.34054899335681,   -4.04138897446686,    0.00000000000000,
  233,    2,    1.45312500000000,    0.00937500000000,    1.34973653343332,    0.00000000000000,    1.34973653343332,    0.00000103697739,    0.00000000000000,    0.00000139964627,    1.34054899335681,    0.00000000000000,    1.34054899335681,   -4.04138897446686,    0.00000000000000,
  233,    3,    1.45312500000000,    0.01562500000000,    1.34973653343332,    0.00000000000000,    1.34973653343332,    0.00000103697739,    0.00000000000000,    0.00000139964627,    1.34054899335681,    0.00000000000000,    1.34054899335681,   -4.04138897446686,    0.00000000000000,
  233,    4,    1.45312500000000,    0.02187500000000,    1.34973653343332,    0.00000000000000,    1.34973653343332,    0.00000103697739,    0.00000000000000,    0.00000139964627,    1.34054899335681,    0.00000000000000,    1.34054899335681,   -4.04138897446686,    0.00000000000000,
  233,    5,    1.45312500000000,    0.02812500000000,    1.34973653343332,    0.00000000000000,    1.34973653343332,    0.00000103697739,    0.00000000000000,    0.00000139964627,    1.34054899335681,    0.00000000000000,    1.34054899335681,   -4.04138897446686,    0.00000000000000,
  234,    1,    1.45937500000000,    0.00312500000000,    1.34795530966165,    0.00000000000000,    1.34795530966165,    0.00000090178252,    0.00000000000000,    0.00000121556254,    1.33875553480825,    0.00000000000000,    1.33875553480825,   -3.50100321188964,    0.00000000000000,
  234,    2,    1.45937500000000,    0.00937500000000,    1.34795530966165,    0.00000000000000,    1.34795530966165,    0.00000090178252,    0.00000000000000,    0.00000121556254,    1.33875553480825,    0.00000000000000,    1.33875553480825,   -3.50100321188964,    0.00000000000000,
  234,    3,    1.45937500000000,    0.01562500000000,    1.34795530966165,    0.00000000000000,    1.34795530966165,    0.00000090178252,    0.00000000000000,    0.00000121556254,    1.33875553480825,    0.00000000000000,    1.33875553480825,   -3.50100321188964,    0.00000000000000,
  234,    4,    1.45937500000000,    0.02187500000000,    1.34795530966165,    0.00000000000000,    1.34795530966165,    0.00000090178252,    0.00000000000000,    0.00000121556254,    1.33875553480825,    0.00000000000000,    1.33875553480825,   -3.50100321188964,    0.00000000000000,
  234,    5,    1.45937500000000,    0.02812500000000,    1.34795530966165,    0.00000000000000,    1.34795530966165,    0.00000090178252,    0.00000000000000,    0.00000121556254,    1.33875553480825,    0.00000000000000,    1.33875553480825,   -3.50100321188964,    0.00000000000000,
  235,    1,    1.46562500000000,    0.00312500000000,    1.34642729517202,    0.00000000000000,    1.34642729517202,    0.00000076527946,    0.00000000000000,    0.00000103039316,    1.33721699858838,    0.00000000000000,    1.33721699858838,   -2.96126744455680,    0.00000000000000,
  235,    2,    1.46562500000000,    0.00937500000000,    1.34642729517202,    0.00000000000000,    1.34642729517202,    0.00000076527946,    0.00000000000000,    0.00000103039316,    1.33721699858838,    0.00000000000000,    1.33721699858838,   -2.96126744455680,    0.00000000000000,
  235,    3,    1.46562500000000,    0.01562500000000,    1.34642729517202,    0.00000000000000,    1.34642729517202,    0.00000076527946,    0.00000000000000,    0.00000103039316,    1.33721699858838,    0.00000000000000,    1.33721699858838,   -2.96126744455680,    0.00000000000000,
  235,    4,    1.46562500000000,    0.02187500000000,    1.34642729517202,    0.00000000000000,    1.34642729517202,    0.00000076527946,    0.00000000000000,    0.00000103039316,    1.33721699858838,    0.00000000000000,    1.33721699858838,   -2.96126744455680,    0.00000000000000,
  235,    5,    1.46562500000000,    0.02812500000000,    1.34642729517202,    0.00000000000000,    1.34642729517202,    0.00000076527946,    0.00000000000000,    0.00000103039316,    1.33721699858838,    0.00000000000000,    1.33721699858838,   -2.96126744455680,    0.00000000000000,
  236,    1,    1.47187500000000,    0.00312500000000,    1.34515306715619,    0.00000000000000,    1.34515306715619,    0.00000062766408,    0.00000000000000,    0.00000084430427,    1.33593397783221,    0.00000000000000,    1.33593397783221,   -2.42208735132511,    0.00000000000000,
  236,    2,    1.47187500000000,    0.00937500000000,    1.34515306715619,    0.00000000000000,    1.34515306715619,    0.00000062766408,    0.00000000000000,    0.00000084430427,    1.33593397783221,    0.00000000000000,    1.33593397783221,   -2.42208735132511,    0.00000000000000,
  236,    3,    1.47187500000000,    0.01562500000000,    1.34515306715619,    0.00000000000000,    1.34515306715619,    0.00000062766408,    0.00000000000000,    0.00000084430427,    1.33593397783221,    0.00000000000000,    1.33593397783221,   -2.42208735132511,    0.00000000000000,
  236,    4,    1.47187500000000,    0.02187500000000,    1.34515306715619,    0.00000000000000,    1.34515306715619,    0.00000062766408,    0.00000000000000,    0.00000084430427,    1.33593397783221,    0.00000000000000,    1.33593397783221,   -2.42208735132511,    0.00000000000000,
  236,    5,    1.47187500000000,    0.02812500000000,    1.34515306715619,    0.00000000000000,    1.34515306715619,    0.00000062766408,    0.00000000000000,    0.00000084430427,    1.33593397783221,    0.00000000000000,    1.33593397783221,   -2.42208735132511,    0.00000000000000,
  237,    1,    1.47812500000000,    0.00312500000000,    1.34413310686713,    0.00000000000000,    1.34413310686713,    0.00000048913496,    0.00000000000000,    0.00000065746250,    1.33490696716866,    0.00000000000000,    1.33490696716866,   -1.88336577971618,    0.00000000000000,
  237,    2,    1.47812500000000,    0.00937500000000,    1.34413310686713,    0.00000000000000,    1.34413310686713,    0.00000048913496,    0.00000000000000,    0.00000065746250,    1.33490696716866,    0.00000000000000,    1.33490696716866,   -1.88336577971618,    0.00000000000000,
  237,    3,    1.47812500000000,    0.01562500000000,    1.34413310686713,    0.00000000000000,    1.34413310686713,    0.00000048913496,    0.00000000000000,    0.00000065746250,    1.33490696716866,    0.00000000000000,    1.33490696716866,   -1.88336577971618,    0.00000000000000,
  237,    4,    1.47812500000000,    0.02187500000000,    1.34413310686713,    0.00000000000000,    1.34413310686713,    0.00000048913496,    0.00000000000000,    0.00000065746250,    1.33490696716866,    0.00000000000000,    1.33490696716866,   -1.88336577971618,    0.00000000000000,
  237,    5,    1.47812500000000,    0.02812500000000,    1.34413310686713,    0.00000000000000,    1.34413310686713,    0.00000048913496,    0.00000000000000,    0.00000065746250,    1.33490696716866,    0.00000000000000,    1.33490696716866,   -1.88336577971618,    0.00000000000000,
  238,    1,    1.48437500000000,    0.00312500000000,    1.34336779947656,    0.00000000000000,    1.34336779947656,    0.00000034989286,    0.00000000000000,    0.00000047003480,    1.33413636252989,    0.00000000000000,    1.33413636252989,   -1.34500325368433,    0.00000000000000,
  238,    2,    1.48437500000000,    0.00937500000000,    1.34336779947656,    0.00000000000000,    1.34336779947656,    0.00000034989286,    0.00000000000000,    0.00000047003480,    1.33413636252989,    0.00000000000000,    1.33413636252989,   -1.34500325368433,    0.00000000000000,
  238,    3,    1.48437500000000,    0.01562500000000,    1.34336779947656,    0.00000000000000,    1.34336779947656,    0.00000034989286,    0.00000000000000,    0.00000047003480,    1.33413636252989,    0.00000000000000,    1.33413636252989,   -1.34500325368433,    0.00000000000000,
  238,    4,    1.48437500000000,    0.02187500000000,    1.34336779947656,    0.00000000000000,    1.34336779947656,    0.00000034989286,    0.00000000000000,    0.00000047003480,    1.33413636252989,    0.00000000000000,    1.33413636252989,   -1.34500325368433,    0.00000000000000,
  238,    5,    1.48437500000000,    0.02812500000000,    1.34336779947656,    0.00000000000000,    1.34336779947656,    0.00000034989286,    0.00000000000000,    0.00000047003480,    1.33413636252989,    0.00000000000000,    1.33413636252989,   -1.34500325368433,    0.00000000000000,
  239,    1,    1.49062500000000,    0.00312500000000,    1.34285743396242,    0.00000000000000,    1.34285743396242,    0.00000021014026,    0.00000000000000,    0.00000028218841,    1.33362246099865,    0.00000000000000,    1.33362246099865,   -0.80689848559023,    0.00000000000000,
  239,    2,    1.49062500000000,    0.00937500000000,    1.34285743396242,    0.00000000000000,    1.34285743396242,    0.00000021014026,    0.00000000000000,    0.00000028218841,    1.33362246099865,    0.00000000000000,    1.33362246099865,   -0.80689848559023,    0.00000000000000,
  239,    3,    1.49062500000000,    0.01562500000000,    1.34285743396242,    0.00000000000000,    1.34285743396242,    0.00000021014026,    0.00000000000000,    0.00000028218841,    1.33362246099865,    0.00000000000000,    1.33362246099865,   -0.80689848559023,    0.00000000000000,
  239,    4,    1.49062500000000,    0.02187500000000,    1.34285743396242,    0.00000000000000,    1.34285743396242,    0.00000021014026,    0.00000000000000,    0.00000028218841,    1.33362246099865,    0.00000000000000,    1.33362246099865,   -0.80689848559023,    0.00000000000000,
  239,    5,    1.49062500000000,    0.02812500000000,    1.34285743396242,    0.00000000000000,    1.34285743396242,    0.00000021014026,    0.00000000000000,    0.00000028218841,    1.33362246099865,    0.00000000000000,    1.33362246099865,   -0.80689848559023,    0.00000000000000,
  240,    1,    1.49687500000000,    0.00312500000000,    1.34260220302360,    0.00000000000000,    1.34260220302360,    0.00000007008087,    0.00000000000000,    0.00000009409073,    1.33336546069378,    0.00000000000000,    1.33336546069378,   -0.26894889145288,    0.00000000000000,
  240,    2,    1.49687500000000,    0.00937500000000,    1.34260220302360,    0.00000000000000,    1.34260220302360,    0.00000007008087,    0.00000000000000,    0.00000009409073,    1.33336546069378,    0.00000000000000,    1.33336546069378,   -0.26894889145288,    0.00000000000000,
  240,    3,    1.49687500000000,    0.01562500000000,    1.34260220302360,    0.00000000000000,    1.34260220302360,    0.00000007008087,    0.00000000000000,    0.00000009409073,    1.33336546069378,    0.00000000000000,    1.33336546069378,   -0.26894889145288,    0.00000000000000,
  240,    4,    1.49687500000000,    0.02187500000000,    1.34260220302360,    0.00000000000000,    1.34260220302360,    0.00000007008087,    0.00000000000000,    0.00000009409073,    1.33336546069378,    0.00000000000000,    1.33336546069378,   -0.26894889145288,    0.00000000000000,
  240,    5,    1.49687500000000,    0.02812500000000,    1.34260220302360,    0.00000000000000,    1.34260220302360,    0.00000007008087,    0.00000000000000,    0.00000009409073,    1.33336546069378,    0.00000000000000,    1.33336546069378,   -0.26894889145288,    0.00000000000000,
  241,    1,    1.50312500000000,    0.00312500000000,    1.34260220302360,    0.00000000000000,    1.34260220302360,   -0.00000007008087,    0.00000000000000,   -0.00000009409073,    1.33336546069378,    0.00000000000000,    1.33336546069378,    0.26894889145289,    0.00000000000000,
  241,    2,    1.50312500000000,    0.00937500000000,    1.34260220302360,    0.00000000000000,    1.34260220302360,   -0.00000007008087,    0.00000000000000,   -0.00000009409073,    1.33336546069378,    0.00000000000000,    1.33336546069378,    0.26894889145289,    0.00000000000000,
  241,    3,    1.50312500000000,    0.01562500000000,    1.34260220302360,    0.00000000000000,    1.34260220302360,   -0.00000007008087,    0.00000000000000,   -0.00000009409073,    1.33336546069378,    0.00000000000000,    1.33336546069378,    0.26894889145289,    0.00000000000000,
  241,    4,    1.50312500000000,    0.02187500000000,    1.34260220302360,    0.00000000000000,    1.34260220302360,   -0.00000007008087,    0.00000000000000,   -0.00000009409073,    1.33336546069378,    0.00000000000000,    1.33336546069378,    0.26894889145289,    0.00000000000000,
  241,    5,    1.50312500000000,    0.02812500000000,    1.34260220302360,    0.00000000000000,    1.34260220302360,   -0.00000007008087,    0.00000000000000,   -0.00000009409073,    1.33336546069378,    0.00000000000000,    1.33336546069378,    0.26894889145289,    0.00000000000000,
  242,    1,    1.50937500000000,    0.00312500000000,    1.34285743396242,    0.00000000000000,    1.34285743396242,   -0.00000021014026,    0.00000000000000,   -0.00000028218841,    1.33362246099865,    0.00000000000000,    1.33362246099865,    0.80689848559024,    0.00000000000000,
  242,    2,    1.50937500000000,    0.00937500000000,    1.34285743396242,    0.00000000000000,    1.34285743396242,   -0.00000021014026,    0.00000000000000,   -0.00000028218841,    1.33362246099865,    0.00000000000000,    1.33362246099865,    0.80689848559024,    0.00000000000000,
  242,    3,    1.50937500000000,    0.01562500000000,    1.34285743396242,    0.00000000000000,    1.34285743396242,   -0.00000021014026,    0.00000000000000,   -0.00000028218841,    1.33362246099865,    0.00000000000000,    1.33362246099865,    0.80689848559024,    0.00000000000000,
  242,    4,    1.50937500000000,    0.02187500000000,    1.34285743396242,    0.00000000000000,    1.34285743396242,   -0.00000021014026,    0.00000000000000,   -0.00000028218841,    1.33362246099865,    0.00000000000000,    1.33362246099865,    0.80689848559024,    0.00000000000000,
  242,    5,    1.50937500000000,    0.02812500000000,    1.34285743396242,    0.00000000000000,    1.34285743396242,   -0.00000021014026,    0.00000000000000,   -0.00000028218841,    1.33362246099865,    0.00000000000000,    1.33362246099865,    0.80689848559024,    0.00000000000000,
  243,    1,    1.51562500000000,    0.00312500000000,    1.34336779947656,    0.00000000000000,    1.34336779947656,   -0.00000034989286,    0.00000000000000,   -0.00000047003481,    1.33413636252989,    0.00000000000000,    1.33413636252989,    1.34500325368432,    0.00000000000000,
  243,    2,    1.51562500000000,    0.00937500000000,    1.34336779947656,    0.00000000000000,    1.34336779947656,   -0.00000034989286,    0.00000000000000,   -0.00000047003481,    1.33413636252989,    0.00000000000000,    1.33413636252989,    1.34500325368432,    0.00000000000000,
  243,    3,    1.51562500000000,    0.01562500000000,    1.34336779947656,    0.00000000000000,    1.34336779947656,   -0.00000034989286,    0.00000000000000,   -0.00000047003481,    1.33413636252989,    0.00000000000000,    1.33413636252989,    1.34500325368432,    0.00000000000000,
  243,    4,    1.51562500000000,    0.02187500000000,    1.34336779947656,    0.00000000000000,    1.34336779947656,   -0.00000034989286,    0.00000000000000,   -0.00000047003481,    1.33413636252989,    0.00000000000000,    1.33413636252989,    1.34500325368432,    0.00000000000000,
  243,    5,    1.51562500000000,    0.02812500000000,    1.34336779947656,    0.00000000000000,    1.34336779947656,   -0.00000034989286,    0.00000000000000,   -0.00000047003481,    1.33413636252989,    0.00000000000000,    1.33413636252989,    1.34500325368432,    0.00000000000000,
  244,    1,    1.52187500000000,    0.00312500000000,    1.34413310686713,    0.00000000000000,    1.34413310686713,   -0.00000048913497,    0.00000000000000,   -0.00000065746250,    1.33490696716866,    0.00000000000000,    1.33490696716866,    1.88336577971617,    0.00000000000000,
  244,    2,    1.52187500000000,    0.00937500000000,    1.34413310686713,    0.00000000000000,    1.34413310686713,   -0.00000048913497,    0.00000000000000,   -0.00000065746250,    1.33490696716866,    0.00000000000000,    1.33490696716866,    1.88336577971617,    0.00000000000000,
  244,    3,    1.52187500000000,    0.01562500000000,    1.34413310686713,    0.00000000000000,    1.34413310686713,   -0.00000048913497,    0.00000000000000,   -0.00000065746250,    1.33490696716866,    0.00000000000000,    1.33490696716866,    1.88336577971617,    0.00000000000000,
  244,    4,    1.52187500000000,    0.02187500000000,    1.34413310686713,    0.00000000000000,    1.34413310686713,   -0.00000048913497,    0.00000000000000,   -0.00000065746250,    1.33490696716866,    0.00000000000000,    1.33490696716866,    1.88336577971617,    0.00000000000000,
  244,    5,    1.52187500000000,    0.02812500000000,    1.34413310686713,    0.00000000000000,    1.34413310686713,   -0.00000048913497,    0.00000000000000,   -0.00000065746250,    1.33490696716866,    0.00000000000000,    1.33490696716866,    1.88336577971617,    0.00000000000000,
  245,    1,    1.52812500000000,    0.00312500000000,    1.34515306715619,    0.00000000000000,    1.34515306715619,   -0.00000062766409,    0.00000000000000,   -0.00000084430427,    1.33593397783221,    0.00000000000000,    1.33593397783221,    2.42208735132512,    0.00000000000000,
  245,    2,    1.52812500000000,    0.00937500000000,    1.34515306715619,    0.00000000000000,    1.34515306715619,   -0.00000062766409,    0.00000000000000,   -0.00000084430427,    1.33593397783221,    0.00000000000000,    1.33593397783221,    2.42208735132512,    0.00000000000000,
  245,    3,    1.52812500000000,    0.01562500000000,    1.34515306715619,    0.00000000000000,    1.34515306715619,   -0.00000062766409,    0.00000000000000,   -0.00000084430427,    1.33593397783221,    0.00000000000000,    1.33593397783221,    2.42208735132512,    0.00000000000000,
  245,    4,    1.52812500000000,    0.02187500000000,    1.34515306715619,    0.00000000000000,    1.34515306715619,   -0.00000062766409,    0.00000000000000,   -0.00000084430427,    1.33593397783221,    0.00000000000000,    1.33593397783221,    2.42208735132512,    0.00000000000000,
  245,    5,    1.52812500000000,    0.02812500000000,    1.34515306715619,    0.00000000000000,    1.34515306715619,   -0.00000062766409,    0.00000000000000,   -0.00000084430427,    1.33593397783221,    0.00000000000000,    1.33593397783221,    2.42208735132512,    0.00000000000000,
  246,    1,    1.53437500000000,    0.00312500000000,    1.34642729517202,    0.00000000000000,    1.34642729517202,   -0.00000076527946,    0.00000000000000,   -0.00000103039316,    1.33721699858838,    0.00000000000000,    1.33721699858838,    2.96126744455681,    0.00000000000000,
  246,    2,    1.53437500000000,    0.00937500000000,    1.34642729517202,    0.00000000000000,    1.34642729517202,   -0.00000076527946,    0.00000000000000,   -0.00000103039316,    1.33721699858838,    0.00000000000000,    1.33721699858838,    2.96126744455681,    0.00000000000000,
  246,    3,    1.53437500000000,    0.01562500000000,    1.34642729517202,    0.00000000000000,    1.34642729517202,   -0.00000076527946,    0.00000000000000,   -0.00000103039316,    1.33721699858838,    0.00000000000000,    1.33721699858838,    2.96126744455681,    0.00000000000000,
  246,    4,    1.53437500000000,    0.02187500000000,    1.34642729517202,    0.00000000000000,    1.34642729517202,   -0.00000076527946,    0.00000000000000,   -0.00000103039316,    1.33721699858838,    0.00000000000000,    1.33721699858838,    2.96126744455681,    0.00000000000000,
  246,    5,    1.53437500000000,    0.02812500000000,    1.34642729517202,    0.00000000000000,    1.34642729517202,   -0.00000076527946,    0.00000000000000,   -0.00000103039316,    1.33721699858838,    0.00000000000000,    1.33721699858838,    2.96126744455681,    0.00000000000000,
  247,    1,    1.54062500000000,    0.00312500000000,    1.34795530966165,    0.00000000000000,    1.34795530966165,   -0.00000090178253,    0.00000000000000,   -0.00000121556254,    1.33875553480825,    0.00000000000000,    1.33875553480825,    3.50100321188965,    0.00000000000000,
  247,    2,    1.54062500000000,    0.00937500000000,    1.34795530966165,    0.00000000000000,    1.34795530966165,   -0.00000090178253,    0.00000000000000,   -0.00000121556254,    1.33875553480825,    0.00000000000000,    1.33875553480825,    3.50100321188965,    0.00000000000000,
  247,    3,    1.54062500000000,    0.01562500000000,    1.34795530966165,    0.00000000000000,    1.34795530966165,   -0.00000090178253,    0.00000000000000,   -0.00000121556254,    1.33875553480825,    0.00000000000000,    1.33875553480825,    3.50100321188965,    0.00000000000000,
  247,    4,    1.54062500000000,    0.02187500000000,    1.34795530966165,    0.00000000000000,    1.34795530966165,   -0.00000090178253,    0.00000000000000,   -0.00000121556254,    1.33875553480825,    0.00000000000000,    1.33875553480825,    3.50100321188965,    0.00000000000000,
  247,    5,    1.54062500000000,    0.02812500000000,    1.34795530966165,    0.00000000000000,    1.34795530966165,   -0.00000090178253,    0.00000000000000,   -0.00000121556254,    1.33875553480825,    0.00000000000000,    1.33875553480825,    3.50100321188965,    0.00000000000000,
  248,    1,    1.54687500000000,    0.00312500000000,    1.34973653343332,    0.00000000000000,    1.34973653343332,   -0.00000103697740,    0.00000000000000,   -0.00000139964628,    1.34054899335681,    0.00000000000000,    1.34054899335681,    4.04138897446686,    0.00000000000000,
  248,    2,    1.54687500000000,    0.00937500000000,    1.34973653343332,    0.00000000000000,    1.34973653343332,   -0.00000103697740,    0.00000000000000,   -0.00000139964628,    1.34054899335681,    0.00000000000000,    1.34054899335681,    4.04138897446686,    0.00000000000000,
  248,    3,    1.54687500000000,    0.01562500000000,    1.34973653343332,    0.00000000000000,    1.34973653343332,   -0.00000103697740,    0.00000000000000,   -0.00000139964628,    1.34054899335681,    0.00000000000000,    1.34054899335681,    4.04138897446686,    0.00000000000000,
  248,    4,    1.54687500000000,    0.02187500000000,    1.34973653343332,    0.00000000000000,    1.34973653343332,   -0.00000103697740,    0.00000000000000,   -0.00000139964628,    1.34054899335681,    0.00000000000000,    1.34054899335681,    4.04138897446686,    0.00000000000000,
  248,    5,    1.54687500000000,    0.02812500000000,    1.34973653343332,    0.00000000000000,    1.34973653343332,   -0.00000103697740,    0.00000000000000,   -0.00000139964628,    1.34054899335681,    0.00000000000000,    1.34054899335681,    4.04138897446686,    0.00000000000000,
  249,    1,    1.55312500000000,    0.00312500000000,    1.35177029352733,    0.00000000000000,    1.35177029352733,   -0.00000117067136,    0.00000000000000,   -0.00000158247877,    1.34259668282166,    0.00000000000000,    1.34259668282166,    4.58251571945579,    0.00000000000000,
  249,    2,    1.55312500000000,    0.00937500000000,    1.35177029352733,    0.00000000000000,    1.35177029352733,   -0.00000117067136,    0.00000000000000,   -0.00000158247877,    1.34259668282166,    0.00000000000000,    1.34259668282166,    4.58251571945579,    0.00000000000000,
  249,    3,    1.55312500000000,    0.01562500000000,    1.35177029352733,    0.00000000000000,    1.35177029352733,   -0.00000117067136,    0.00000000000000,   -0.00000158247877,    1.34259668282166,    0.00000000000000,    1.34259668282166,    4.58251571945579,    0.00000000000000,
  249,    4,    1.55312500000000,    0.02187500000000,    1.35177029352733,    0.00000000000000,    1.35177029352733,   -0.00000117067136,    0.00000000000000,   -0.00000158247877,    1.34259668282166,    0.00000000000000,    1.34259668282166,    4.58251571945579,    0.00000000000000,
  249,    5,    1.55312500000000,    0.02812500000000,    1.35177029352733,    0.00000000000000,    1.35177029352733,   -0.00000117067136,    0.00000000000000,   -0.00000158247877,    1.34259668282166,    0.00000000000000,    1.34259668282166,    4.58251571945579,    0.00000000000000,
  250,    1,    1.55937500000000,    0.00312500000000,    1.35405582141632,    0.00000000000000,    1.35405582141632,   -0.00000130267536,    0.00000000000000,   -0.00000176389516,    1.34489781377953,    0.00000000000000,    1.34489781377953,    5.12447060344682,    0.00000000000000,
  250,    2,    1.55937500000000,    0.00937500000000,    1.35405582141632,    0.00000000000000,    1.35405582141632,   -0.00000130267536,    0.00000000000000,   -0.00000176389516,    1.34489781377953,    0.00000000000000,    1.34489781377953,    5.12447060344682,    0.00000000000000,
  250,    3,    1.55937500000000,    0.01562500000000,    1.35405582141632,    0.00000000000000,    1.35405582141632,   -0.00000130267536,    0.00000000000000,   -0.00000176389516,    1.34489781377953,    0.00000000000000,    1.34489781377953,    5.12447060344682,    0.00000000000000,
  250,    4,    1.55937500000000,    0.02187500000000,    1.35405582141632,    0.00000000000000,    1.35405582141632,   -0.00000130267536,    0.00000000000000,   -0.00000176389516,    1.34489781377953,    0.00000000000000,    1.34489781377953,    5.12447060344682,    0.00000000000000,
  250,    5,    1.55937500000000,    0.02812500000000,    1.35405582141632,    0.00000000000000,    1.35405582141632,   -0.00000130267536,    0.00000000000000,   -0.00000176389516,    1.34489781377953,    0.00000000000000,    1.34489781377953,    5.12447060344682,    0.00000000000000,
  251,    1,    1.56562500000000,    0.00312500000000,    1.35659225323502,    0.00000000000000,    1.35659225323502,   -0.00000143280443,    0.00000000000000,   -0.00000194373139,    1.34745149910062,    0.00000000000000,    1.34745149910062,    5.66733646279494,    0.00000000000000,
  251,    2,    1.56562500000000,    0.00937500000000,    1.35659225323502,    0.00000000000000,    1.35659225323502,   -0.00000143280443,    0.00000000000000,   -0.00000194373139,    1.34745149910062,    0.00000000000000,    1.34745149910062,    5.66733646279494,    0.00000000000000,
  251,    3,    1.56562500000000,    0.01562500000000,    1.35659225323502,    0.00000000000000,    1.35659225323502,   -0.00000143280443,    0.00000000000000,   -0.00000194373139,    1.34745149910062,    0.00000000000000,    1.34745149910062,    5.66733646279494,    0.00000000000000,
  251,    4,    1.56562500000000,    0.02187500000000,    1.35659225323502,    0.00000000000000,    1.35659225323502,   -0.00000143280443,    0.00000000000000,   -0.00000194373139,    1.34745149910062,    0.00000000000000,    1.34745149910062,    5.66733646279494,    0.00000000000000,
  251,    5,    1.56562500000000,    0.02812500000000,    1.35659225323502,    0.00000000000000,    1.35659225323502,   -0.00000143280443,    0.00000000000000,   -0.00000194373139,    1.34745149910062,    0.00000000000000,    1.34745149910062,    5.66733646279494,    0.00000000000000,
  252,    1,    1.57187500000000,    0.00312500000000,    1.35937863004036,    0.00000000000000,    1.35937863004036,   -0.00000156087820,    0.00000000000000,   -0.00000212182446,    1.35025675429064,    0.00000000000000,    1.35025675429064,    6.21119133179624,    0.00000000000000,
  252,    2,    1.57187500000000,    0.00937500000000,    1.35937863004036,    0.00000000000000,    1.35937863004036,   -0.00000156087820,    0.00000000000000,   -0.00000212182446,    1.35025675429064,    0.00000000000000,    1.35025675429064,    6.21119133179624,    0.00000000000000,
  252,    3,    1.57187500000000,    0.01562500000000,    1.35937863004036,    0.00000000000000,    1.35937863004036,   -0.00000156087820,    0.00000000000000,   -0.00000212182446,    1.35025675429064,    0.00000000000000,    1.35025675429064,    6.21119133179624,    0.00000000000000,
  252,    4,    1.57187500000000,    0.02187500000000,    1.35937863004036,    0.00000000000000,    1.35937863004036,   -0.00000156087820,    0.00000000000000,   -0.00000212182446,    1.35025675429064,    0.00000000000000,    1.35025675429064,    6.21119133179624,    0.00000000000000,
  252,    5,    1.57187500000000,    0.02812500000000,    1.35937863004036,    0.00000000000000,    1.35937863004036,   -0.00000156087820,    0.00000000000000,   -0.00000212182446,    1.35025675429064,    0.00000000000000,    1.35025675429064,    6.21119133179624,    0.00000000000000,
  253,    1,    1.57812500000000,    0.00312500000000,    1.36241389810155,    0.00000000000000,    1.36241389810155,   -0.00000168672130,    0.00000000000000,   -0.00000229801254,    1.35331249787030,    0.00000000000000,    1.35331249787030,    6.75610796957827,    0.00000000000000,
  253,    2,    1.57812500000000,    0.00937500000000,    1.36241389810155,    0.00000000000000,    1.36241389810155,   -0.00000168672130,    0.00000000000000,   -0.00000229801254,    1.35331249787030,    0.00000000000000,    1.35331249787030,    6.75610796957827,    0.00000000000000,
  253,    3,    1.57812500000000,    0.01562500000000,    1.36241389810155,    0.00000000000000,    1.36241389810155,   -0.00000168672130,    0.00000000000000,   -0.00000229801254,    1.35331249787030,    0.00000000000000,    1.35331249787030,    6.75610796957827,    0.00000000000000,
  253,    4,    1.57812500000000,    0.02187500000000,    1.36241389810155,    0.00000000000000,    1.36241389810155,   -0.00000168672130,    0.00000000000000,   -0.00000229801254,    1.35331249787030,    0.00000000000000,    1.35331249787030,    6.75610796957827,    0.00000000000000,
  253,    5,    1.57812500000000,    0.02812500000000,    1.36241389810155,    0.00000000000000,    1.36241389810155,   -0.00000168672130,    0.00000000000000,   -0.00000229801254,    1.35331249787030,    0.00000000000000,    1.35331249787030,    6.75610796957827,    0.00000000000000,
  254,    1,    1.58437500000000,    0.00312500000000,    1.36569690922131,    0.00000000000000,    1.36569690922131,   -0.00000181016387,    0.00000000000000,   -0.00000247213520,    1.35661755179230,    0.00000000000000,    1.35661755179230,    7.30215339657063,    0.00000000000000,
  254,    2,    1.58437500000000,    0.00937500000000,    1.36569690922131,    0.00000000000000,    1.36569690922131,   -0.00000181016387,    0.00000000000000,   -0.00000247213520,    1.35661755179230,    0.00000000000000,    1.35661755179230,    7.30215339657063,    0.00000000000000,
  254,    3,    1.58437500000000,    0.01562500000000,    1.36569690922131,    0.00000000000000,    1.36569690922131,   -0.00000181016387,    0.00000000000000,   -0.00000247213520,    1.35661755179230,    0.00000000000000,    1.35661755179230,    7.30215339657063,    0.00000000000000,
  254,    4,    1.58437500000000,    0.02187500000000,    1.36569690922131,    0.00000000000000,    1.36569690922131,   -0.00000181016387,    0.00000000000000,   -0.00000247213520,    1.35661755179230,    0.00000000000000,    1.35661755179230,    7.30215339657063,    0.00000000000000,
  254,    5,    1.58437500000000,    0.02812500000000,    1.36569690922131,    0.00000000000000,    1.36569690922131,   -0.00000181016387,    0.00000000000000,   -0.00000247213520,    1.35661755179230,    0.00000000000000,    1.35661755179230,    7.30215339657063,    0.00000000000000,
  255,    1,    1.59062500000000,    0.00312500000000,    1.36922642108826,    0.00000000000000,    1.36922642108826,   -0.00000193104190,    0.00000000000000,   -0.00000264403359,    1.36017064189543,    0.00000000000000,    1.36017064189543,    7.84938844140484,    0.00000000000000,
  255,    2,    1.59062500000000,    0.00937500000000,    1.36922642108826,    0.00000000000000,    1.36922642108826,   -0.00000193104190,    0.00000000000000,   -0.00000264403359,    1.36017064189543,    0.00000000000000,    1.36017064189543,    7.84938844140484,    0.00000000000000,
  255,    3,    1.59062500000000,    0.01562500000000,    1.36922642108826,    0.00000000000000,    1.36922642108826,   -0.00000193104190,    0.00000000000000,   -0.00000264403359,    1.36017064189543,    0.00000000000000,    1.36017064189543,    7.84938844140484,    0.00000000000000,
  255,    4,    1.59062500000000,    0.02187500000000,    1.36922642108826,    0.00000000000000,    1.36922642108826,   -0.00000193104190,    0.00000000000000,   -0.00000264403359,    1.36017064189543,    0.00000000000000,    1.36017064189543,    7.84938844140484,    0.00000000000000,
  255,    5,    1.59062500000000,    0.02812500000000,    1.36922642108826,    0.00000000000000,    1.36922642108826,   -0.00000193104190,    0.00000000000000,   -0.00000264403359,    1.36017064189543,    0.00000000000000,    1.36017064189543,    7.84938844140484,    0.00000000000000,
  256,    1,    1.59687500000000,    0.00312500000000,    1.37300109766110,    0.00000000000000,    1.37300109766110,   -0.00000204919772,    0.00000000000000,   -0.00000281355072,    1.36397039839581,    0.00000000000000,    1.36397039839581,    8.39786729907794,    0.00000000000000,
  256,    2,    1.59687500000000,    0.00937500000000,    1.37300109766110,    0.00000000000000,    1.37300109766110,   -0.00000204919772,    0.00000000000000,   -0.00000281355072,    1.36397039839581,    0.00000000000000,    1.36397039839581,    8.39786729907794,    0.00000000000000,
  256,    3,    1.59687500000000,    0.01562500000000,    1.37300109766110,    0.00000000000000,    1.37300109766110,   -0.00000204919772,    0.00000000000000,   -0.00000281355072,    1.36397039839581,    0.00000000000000,    1.36397039839581,    8.39786729907794,    0.00000000000000,
  256,    4,    1.59687500000000,    0.02187500000000,    1.37300109766110,    0.00000000000000,    1.37300109766110,   -0.00000204919772,    0.00000000000000,   -0.00000281355072,    1.36397039839581,    0.00000000000000,    1.36397039839581,    8.39786729907794,    0.00000000000000,
  256,    5,    1.59687500000000,    0.02812500000000,    1.37300109766110,    0.00000000000000,    1.37300109766110,   -0.00000204919772,    0.00000000000000,   -0.00000281355072,    1.36397039839581,    0.00000000000000,    1.36397039839581,    8.39786729907794,    0.00000000000000,
  257,    1,    1.60312500000000,    0.00312500000000,    1.37701950958496,    0.00000000000000,    1.37701950958496,   -0.00000216448035,    0.00000000000000,   -0.00000298053168,    1.36801535641499,    0.00000000000000,    1.36801535641499,    8.94763710119485,    0.00000000000000,
  257,    2,    1.60312500000000,    0.00937500000000,    1.37701950958496,    0.00000000000000,    1.37701950958496,   -0.00000216448035,    0.00000000000000,   -0.00000298053168,    1.36801535641499,    0.00000000000000,    1.36801535641499,    8.94763710119485,    0.00000000000000,
  257,    3,    1.60312500000000,    0.01562500000000,    1.37701950958496,    0.00000000000000,    1.37701950958496,   -0.00000216448035,    0.00000000000000,   -0.00000298053168,    1.36801535641499,    0.00000000000000,    1.36801535641499,    8.94763710119485,    0.00000000000000,
  257,    4,    1.60312500000000,    0.02187500000000,    1.37701950958496,    0.00000000000000,    1.37701950958496,   -0.00000216448035,    0.00000000000000,   -0.00000298053168,    1.36801535641499,    0.00000000000000,    1.36801535641499,    8.94763710119485,    0.00000000000000,
  257,    5,    1.60312500000000,    0.02812500000000,    1.37701950958496,    0.00000000000000,    1.37701950958496,   -0.00000216448035,    0.00000000000000,   -0.00000298053168,    1.36801535641499,    0.00000000000000,    1.36801535641499,    8.94763710119485,    0.00000000000000,
  258,    1,    1.60937500000000,    0.00312500000000,    1.38128013464055,    0.00000000000000,    1.38128013464055,   -0.00000227674588,    0.00000000000000,   -0.00000314482386,    1.37230395654465,    0.00000000000000,    1.37230395654465,    9.49873749908555,    0.00000000000000,
  258,    2,    1.60937500000000,    0.00937500000000,    1.38128013464055,    0.00000000000000,    1.38128013464055,   -0.00000227674588,    0.00000000000000,   -0.00000314482386,    1.37230395654465,    0.00000000000000,    1.37230395654465,    9.49873749908555,    0.00000000000000,
  258,    3,    1.60937500000000,    0.01562500000000,    1.38128013464055,    0.00000000000000,    1.38128013464055,   -0.00000227674588,    0.00000000000000,   -0.00000314482386,    1.37230395654465,    0.00000000000000,    1.37230395654465,    9.49873749908555,    0.00000000000000,
  258,    4,    1.60937500000000,    0.02187500000000,    1.38128013464055,    0.00000000000000,    1.38128013464055,   -0.00000227674588,    0.00000000000000,   -0.00000314482386,    1.37230395654465,    0.00000000000000,    1.37230395654465,    9.49873749908555,    0.00000000000000,
  258,    5,    1.60937500000000,    0.02812500000000,    1.38128013464055,    0.00000000000000,    1.38128013464055,   -0.00000227674588,    0.00000000000000,   -0.00000314482386,    1.37230395654465,    0.00000000000000,    1.37230395654465,    9.49873749908555,    0.00000000000000,
  259,    1,    1.61562500000000,    0.00312500000000,    1.38578135822615,    0.00000000000000,    1.38578135822615,   -0.00000238585782,    0.00000000000000,   -0.00000330627729,    1.37683454544781,    0.00000000000000,    1.37683454544781,   10.05120026057293,    0.00000000000000,
  259,    2,    1.61562500000000,    0.00937500000000,    1.38578135822615,    0.00000000000000,    1.38578135822615,   -0.00000238585782,    0.00000000000000,   -0.00000330627729,    1.37683454544781,    0.00000000000000,    1.37683454544781,   10.05120026057293,    0.00000000000000,
  259,    3,    1.61562500000000,    0.01562500000000,    1.38578135822615,    0.00000000000000,    1.38578135822615,   -0.00000238585782,    0.00000000000000,   -0.00000330627729,    1.37683454544781,    0.00000000000000,    1.37683454544781,   10.05120026057293,    0.00000000000000,
  259,    4,    1.61562500000000,    0.02187500000000,    1.38578135822615,    0.00000000000000,    1.38578135822615,   -0.00000238585782,    0.00000000000000,   -0.00000330627729,    1.37683454544781,    0.00000000000000,    1.37683454544781,   10.05120026057293,    0.00000000000000,
  259,    5,    1.61562500000000,    0.02812500000000,    1.38578135822615,    0.00000000000000,    1.38578135822615,   -0.00000238585782,    0.00000000000000,   -0.00000330627729,    1.37683454544781,    0.00000000000000,    1.37683454544781,   10.05120026057293,    0.00000000000000,
  260,    1,    1.62187500000000,    0.00312500000000,    1.39052147387361,    0.00000000000000,    1.39052147387361,   -0.00000249168742,    0.00000000000000,   -0.00000346474486,    1.38160537649618,    0.00000000000000,    1.38160537649618,   10.60504888114426,    0.00000000000000,
  260,    2,    1.62187500000000,    0.00937500000000,    1.39052147387361,    0.00000000000000,    1.39052147387361,   -0.00000249168742,    0.00000000000000,   -0.00000346474486,    1.38160537649618,    0.00000000000000,    1.38160537649618,   10.60504888114426,    0.00000000000000,
  260,    3,    1.62187500000000,    0.01562500000000,    1.39052147387361,    0.00000000000000,    1.39052147387361,   -0.00000249168742,    0.00000000000000,   -0.00000346474486,    1.38160537649618,    0.00000000000000,    1.38160537649618,   10.60504888114426,    0.00000000000000,
  260,    4,    1.62187500000000,    0.02187500000000,    1.39052147387361,    0.00000000000000,    1.39052147387361,   -0.00000249168742,    0.00000000000000,   -0.00000346474486,    1.38160537649618,    0.00000000000000,    1.38160537649618,   10.60504888114426,    0.00000000000000,
  260,    5,    1.62187500000000,    0.02812500000000,    1.39052147387361,    0.00000000000000,    1.39052147387361,   -0.00000249168742,    0.00000000000000,   -0.00000346474486,    1.38160537649618,    0.00000000000000,    1.38160537649618,   10.60504888114426,    0.00000000000000,
  261,    1,    1.62812500000000,    0.00312500000000,    1.39549868379788,    0.00000000000000,    1.39549868379788,   -0.00000259411396,    0.00000000000000,   -0.00000362008262,    1.38661461044360,    0.00000000000000,    1.38661461044360,   11.16029821025790,    0.00000000000000,
  261,    2,    1.62812500000000,    0.00937500000000,    1.39549868379788,    0.00000000000000,    1.39549868379788,   -0.00000259411396,    0.00000000000000,   -0.00000362008262,    1.38661461044360,    0.00000000000000,    1.38661461044360,   11.16029821025790,    0.00000000000000,
  261,    3,    1.62812500000000,    0.01562500000000,    1.39549868379788,    0.00000000000000,    1.39549868379788,   -0.00000259411396,    0.00000000000000,   -0.00000362008262,    1.38661461044360,    0.00000000000000,    1.38661461044360,   11.16029821025790,    0.00000000000000,
  261,    4,    1.62812500000000,    0.02187500000000,    1.39549868379788,    0.00000000000000,    1.39549868379788,   -0.00000259411396,    0.00000000000000,   -0.00000362008262,    1.38661461044360,    0.00000000000000,    1.38661461044360,   11.16029821025790,    0.00000000000000,
  261,    5,    1.62812500000000,    0.02812500000000,    1.39549868379788,    0.00000000000000,    1.39549868379788,   -0.00000259411396,    0.00000000000000,   -0.00000362008262,    1.38661461044360,    0.00000000000000,    1.38661461044360,   11.16029821025790,    0.00000000000000,
  262,    1,    1.63437500000000,    0.00312500000000,    1.40071109948136,    0.00000000000000,    1.40071109948136,   -0.00000269302504,    0.00000000000000,   -0.00000377215006,    1.39186031613502,    0.00000000000000,    1.39186031613502,   11.71695409349056,    0.00000000000000,
  262,    2,    1.63437500000000,    0.00937500000000,    1.40071109948136,    0.00000000000000,    1.40071109948136,   -0.00000269302504,    0.00000000000000,   -0.00000377215006,    1.39186031613502,    0.00000000000000,    1.39186031613502,   11.71695409349056,    0.00000000000000,
  262,    3,    1.63437500000000,    0.01562500000000,    1.40071109948136,    0.00000000000000,    1.40071109948136,   -0.00000269302504,    0.00000000000000,   -0.00000377215006,    1.39186031613502,    0.00000000000000,    1.39186031613502,   11.71695409349056,    0.00000000000000,
  262,    4,    1.63437500000000,    0.02187500000000,    1.40071109948136,    0.00000000000000,    1.40071109948136,   -0.00000269302504,    0.00000000000000,   -0.00000377215006,    1.39186031613502,    0.00000000000000,    1.39186031613502,   11.71695409349056,    0.00000000000000,
  262,    5,    1.63437500000000,    0.02812500000000,    1.40071109948136,    0.00000000000000,    1.40071109948136,   -0.00000269302504,    0.00000000000000,   -0.00000377215006,    1.39186031613502,    0.00000000000000,    1.39186031613502,   11.71695409349056,    0.00000000000000,
  263,    1,    1.64062500000000,    0.00312500000000,    1.40615674229281,    0.00000000000000,    1.40615674229281,   -0.00000278831677,    0.00000000000000,   -0.00000392081043,    1.39734047125104,    0.00000000000000,    1.39734047125104,   12.27501303120643,    0.00000000000000,
  263,    2,    1.64062500000000,    0.00937500000000,    1.40615674229281,    0.00000000000000,    1.40615674229281,   -0.00000278831677,    0.00000000000000,   -0.00000392081043,    1.39734047125104,    0.00000000000000,    1.39734047125104,   12.27501303120643,    0.00000000000000,
  263,    3,    1.64062500000000,    0.01562500000000,    1.40615674229281,    0.00000000000000,    1.40615674229281,   -0.00000278831677,    0.00000000000000,   -0.00000392081043,    1.39734047125104,    0.00000000000000,    1.39734047125104,   12.27501303120643,    0.00000000000000,
  263,    4,    1.64062500000000,    0.02187500000000,    1.40615674229281,    0.00000000000000,    1.40615674229281,   -0.00000278831677,    0.00000000000000,   -0.00000392081043,    1.39734047125104,    0.00000000000000,    1.39734047125104,   12.27501303120643,    0.00000000000000,
  263,    5,    1.64062500000000,    0.02812500000000,    1.40615674229281,    0.00000000000000,    1.40615674229281,   -0.00000278831677,    0.00000000000000,   -0.00000392081043,    1.39734047125104,    0.00000000000000,    1.39734047125104,   12.27501303120643,    0.00000000000000,
  264,    1,    1.64687500000000,    0.00312500000000,    1.41183354414136,    0.00000000000000,    1.41183354414136,   -0.00000287989403,    0.00000000000000,   -0.00000406593099,    1.40305296308754,    0.00000000000000,    1.40305296308754,   12.83446185440277,    0.00000000000000,
  264,    2,    1.64687500000000,    0.00937500000000,    1.41183354414136,    0.00000000000000,    1.41183354414136,   -0.00000287989403,    0.00000000000000,   -0.00000406593099,    1.40305296308754,    0.00000000000000,    1.40305296308754,   12.83446185440277,    0.00000000000000,
  264,    3,    1.64687500000000,    0.01562500000000,    1.41183354414136,    0.00000000000000,    1.41183354414136,   -0.00000287989403,    0.00000000000000,   -0.00000406593099,    1.40305296308754,    0.00000000000000,    1.40305296308754,   12.83446185440277,    0.00000000000000,
  264,    4,    1.64687500000000,    0.02187500000000,    1.41183354414136,    0.00000000000000,    1.41183354414136,   -0.00000287989403,    0.00000000000000,   -0.00000406593099,    1.40305296308754,    0.00000000000000,    1.40305296308754,   12.83446185440277,    0.00000000000000,
  264,    5,    1.64687500000000,    0.02812500000000,    1.41183354414136,    0.00000000000000,    1.41183354414136,   -0.00000287989403,    0.00000000000000,   -0.00000406593099,    1.40305296308754,    0.00000000000000,    1.40305296308754,   12.83446185440277,    0.00000000000000,
  265,    1,    1.65312500000000,    0.00312500000000,    1.41773934816610,    0.00000000000000,    1.41773934816610,   -0.00000296767055,    0.00000000000000,   -0.00000420738331,    1.40899558937017,    0.00000000000000,    1.40899558937017,   13.39527741835850,    0.00000000000000,
  265,    2,    1.65312500000000,    0.00937500000000,    1.41773934816610,    0.00000000000000,    1.41773934816610,   -0.00000296767055,    0.00000000000000,   -0.00000420738331,    1.40899558937017,    0.00000000000000,    1.40899558937017,   13.39527741835850,    0.00000000000000,
  265,    3,    1.65312500000000,    0.01562500000000,    1.41773934816610,    0.00000000000000,    1.41773934816610,   -0.00000296767055,    0.00000000000000,   -0.00000420738331,    1.40899558937017,    0.00000000000000,    1.40899558937017,   13.39527741835850,    0.00000000000000,
  265,    4,    1.65312500000000,    0.02187500000000,    1.41773934816610,    0.00000000000000,    1.41773934816610,   -0.00000296767055,    0.00000000000000,   -0.00000420738331,    1.40899558937017,    0.00000000000000,    1.40899558937017,   13.39527741835850,    0.00000000000000,
  265,    5,    1.65312500000000,    0.02812500000000,    1.41773934816610,    0.00000000000000,    1.41773934816610,   -0.00000296767055,    0.00000000000000,   -0.00000420738331,    1.40899558937017,    0.00000000000000,    1.40899558937017,   13.39527741835850,    0.00000000000000,
  266,    1,    1.65937500000000,    0.00312500000000,    1.42387190946115,    0.00000000000000,    1.42387190946115,   -0.00000305156912,    0.00000000000000,   -0.00000434504355,    1.41516605910338,    0.00000000000000,    1.41516605910338,   13.95742631468433,    0.00000000000000,
  266,    2,    1.65937500000000,    0.00937500000000,    1.42387190946115,    0.00000000000000,    1.42387190946115,   -0.00000305156912,    0.00000000000000,   -0.00000434504355,    1.41516605910338,    0.00000000000000,    1.41516605910338,   13.95742631468433,    0.00000000000000,
  266,    3,    1.65937500000000,    0.01562500000000,    1.42387190946115,    0.00000000000000,    1.42387190946115,   -0.00000305156912,    0.00000000000000,   -0.00000434504355,    1.41516605910338,    0.00000000000000,    1.41516605910338,   13.95742631468433,    0.00000000000000,
  266,    4,    1.65937500000000,    0.02187500000000,    1.42387190946115,    0.00000000000000,    1.42387190946115,   -0.00000305156912,    0.00000000000000,   -0.00000434504355,    1.41516605910338,    0.00000000000000,    1.41516605910338,   13.95742631468433,    0.00000000000000,
  266,    5,    1.65937500000000,    0.02812500000000,    1.42387190946115,    0.00000000000000,    1.42387190946115,   -0.00000305156912,    0.00000000000000,   -0.00000434504355,    1.41516605910338,    0.00000000000000,    1.41516605910338,   13.95742631468433,    0.00000000000000,
  267,    1,    1.66562500000000,    0.00312500000000,    1.43022889583687,    0.00000000000000,    1.43022889583687,   -0.00000313152164,    0.00000000000000,   -0.00000447879274,    1.42156199345364,    0.00000000000000,    1.42156199345364,   14.52086460234318,    0.00000000000000,
  267,    2,    1.66562500000000,    0.00937500000000,    1.43022889583687,    0.00000000000000,    1.43022889583687,   -0.00000313152164,    0.00000000000000,   -0.00000447879274,    1.42156199345364,    0.00000000000000,    1.42156199345364,   14.52086460234318,    0.00000000000000,
  267,    3,    1.66562500000000,    0.01562500000000,    1.43022889583687,    0.00000000000000,    1.43022889583687,   -0.00000313152164,    0.00000000000000,   -0.00000447879274,    1.42156199345364,    0.00000000000000,    1.42156199345364,   14.52086460234318,    0.00000000000000,
  267,    4,    1.66562500000000,    0.02187500000000,    1.43022889583687,    0.00000000000000,    1.43022889583687,   -0.00000313152164,    0.00000000000000,   -0.00000447879274,    1.42156199345364,    0.00000000000000,    1.42156199345364,   14.52086460234318,    0.00000000000000,
  267,    5,    1.66562500000000,    0.02812500000000,    1.43022889583687,    0.00000000000000,    1.43022889583687,   -0.00000313152164,    0.00000000000000,   -0.00000447879274,    1.42156199345364,    0.00000000000000,    1.42156199345364,   14.52086460234318,    0.00000000000000,
  268,    1,    1.67187500000000,    0.00312500000000,    1.43680788861692,    0.00000000000000,    1.43680788861692,   -0.00000320746920,    0.00000000000000,   -0.00000460851704,    1.42818092666649,    0.00000000000000,    1.42818092666649,   15.08553755817878,    0.00000000000000,
  268,    2,    1.67187500000000,    0.00937500000000,    1.43680788861692,    0.00000000000000,    1.43680788861692,   -0.00000320746920,    0.00000000000000,   -0.00000460851704,    1.42818092666649,    0.00000000000000,    1.42818092666649,   15.08553755817878,    0.00000000000000,
  268,    3,    1.67187500000000,    0.01562500000000,    1.43680788861692,    0.00000000000000,    1.43680788861692,   -0.00000320746920,    0.00000000000000,   -0.00000460851704,    1.42818092666649,    0.00000000000000,    1.42818092666649,   15.08553755817878,    0.00000000000000,
  268,    4,    1.67187500000000,    0.02187500000000,    1.43680788861692,    0.00000000000000,    1.43680788861692,   -0.00000320746920,    0.00000000000000,   -0.00000460851704,    1.42818092666649,    0.00000000000000,    1.42818092666649,   15.08553755817878,    0.00000000000000,
  268,    5,    1.67187500000000,    0.02812500000000,    1.43680788861692,    0.00000000000000,    1.43680788861692,   -0.00000320746920,    0.00000000000000,   -0.00000460851704,    1.42818092666649,    0.00000000000000,    1.42818092666649,   15.08553755817878,    0.00000000000000,
  269,    1,    1.67812500000000,    0.00312500000000,    1.44360638347170,    0.00000000000000,    1.44360638347170,   -0.00000327936204,    0.00000000000000,   -0.00000473410798,    1.43502030701718,    0.00000000000000,    1.43502030701718,   15.65137944746036,    0.00000000000000,
  269,    2,    1.67812500000000,    0.00937500000000,    1.44360638347170,    0.00000000000000,    1.44360638347170,   -0.00000327936204,    0.00000000000000,   -0.00000473410798,    1.43502030701718,    0.00000000000000,    1.43502030701718,   15.65137944746036,    0.00000000000000,
  269,    3,    1.67812500000000,    0.01562500000000,    1.44360638347170,    0.00000000000000,    1.44360638347170,   -0.00000327936204,    0.00000000000000,   -0.00000473410798,    1.43502030701718,    0.00000000000000,    1.43502030701718,   15.65137944746036,    0.00000000000000,
  269,    4,    1.67812500000000,    0.02187500000000,    1.44360638347170,    0.00000000000000,    1.44360638347170,   -0.00000327936204,    0.00000000000000,   -0.00000473410798,    1.43502030701718,    0.00000000000000,    1.43502030701718,   15.65137944746036,    0.00000000000000,
  269,    5,    1.67812500000000,    0.02812500000000,    1.44360638347170,    0.00000000000000,    1.44360638347170,   -0.00000327936204,    0.00000000000000,   -0.00000473410798,    1.43502030701718,    0.00000000000000,    1.43502030701718,   15.65137944746036,    0.00000000000000,
  270,    1,    1.68437500000000,    0.00312500000000,    1.45062179128782,    0.00000000000000,    1.45062179128782,   -0.00000334715963,    0.00000000000000,   -0.00000485546269,    1.44207749779439,    0.00000000000000,    1.44207749779439,   16.21831331491699,    0.00000000000000,
  270,    2,    1.68437500000000,    0.00937500000000,    1.45062179128782,    0.00000000000000,    1.45062179128782,   -0.00000334715963,    0.00000000000000,   -0.00000485546269,    1.44207749779439,    0.00000000000000,    1.44207749779439,   16.21831331491699,    0.00000000000000,
  270,    3,    1.68437500000000,    0.01562500000000,    1.45062179128782,    0.00000000000000,    1.45062179128782,   -0.00000334715963,    0.00000000000000,   -0.00000485546269,    1.44207749779439,    0.00000000000000,    1.44207749779439,   16.21831331491699,    0.00000000000000,
  270,    4,    1.68437500000000,    0.02187500000000,    1.45062179128782,    0.00000000000000,    1.45062179128782,   -0.00000334715963,    0.00000000000000,   -0.00000485546269,    1.44207749779439,    0.00000000000000,    1.44207749779439,   16.21831331491699,    0.00000000000000,
  270,    5,    1.68437500000000,    0.02812500000000,    1.45062179128782,    0.00000000000000,    1.45062179128782,   -0.00000334715963,    0.00000000000000,   -0.00000485546269,    1.44207749779439,    0.00000000000000,    1.44207749779439,   16.21831331491699,    0.00000000000000,
  271,    1,    1.69062500000000,    0.00312500000000,    1.45785143907416,    0.00000000000000,    1.45785143907416,   -0.00000341083052,    0.00000000000000,   -0.00000497248418,    1.44934977831675,    0.00000000000000,    1.44934977831675,   16.78625079670448,    0.00000000000000,
  271,    2,    1.69062500000000,    0.00937500000000,    1.45785143907416,    0.00000000000000,    1.45785143907416,   -0.00000341083052,    0.00000000000000,   -0.00000497248418,    1.44934977831675,    0.00000000000000,    1.44934977831675,   16.78625079670448,    0.00000000000000,
  271,    3,    1.69062500000000,    0.01562500000000,    1.45785143907416,    0.00000000000000,    1.45785143907416,   -0.00000341083052,    0.00000000000000,   -0.00000497248418,    1.44934977831675,    0.00000000000000,    1.44934977831675,   16.78625079670448,    0.00000000000000,
  271,    4,    1.69062500000000,    0.02187500000000,    1.45785143907416,    0.00000000000000,    1.45785143907416,   -0.00000341083052,    0.00000000000000,   -0.00000497248418,    1.44934977831675,    0.00000000000000,    1.44934977831675,   16.78625079670448,    0.00000000000000,
  271,    5,    1.69062500000000,    0.02812500000000,    1.45785143907416,    0.00000000000000,    1.45785143907416,   -0.00000341083052,    0.00000000000000,   -0.00000497248418,    1.44934977831675,    0.00000000000000,    1.44934977831675,   16.78625079670448,    0.00000000000000,
  272,    1,    1.69687500000000,    0.00312500000000,    1.46529257090387,    0.00000000000000,    1.46529257090387,   -0.00000347035232,    0.00000000000000,   -0.00000508508147,    1.45683434498167,    0.00000000000000,    1.45683434498167,   17.35509195371237,    0.00000000000000,
  272,    2,    1.69687500000000,    0.00937500000000,    1.46529257090387,    0.00000000000000,    1.46529257090387,   -0.00000347035232,    0.00000000000000,   -0.00000508508147,    1.45683434498167,    0.00000000000000,    1.45683434498167,   17.35509195371237,    0.00000000000000,
  272,    3,    1.69687500000000,    0.01562500000000,    1.46529257090387,    0.00000000000000,    1.46529257090387,   -0.00000347035232,    0.00000000000000,   -0.00000508508147,    1.45683434498167,    0.00000000000000,    1.45683434498167,   17.35509195371237,    0.00000000000000,
  272,    4,    1.69687500000000,    0.02187500000000,    1.46529257090387,    0.00000000000000,    1.46529257090387,   -0.00000347035232,    0.00000000000000,   -0.00000508508147,    1.45683434498167,    0.00000000000000,    1.45683434498167,   17.35509195371237,    0.00000000000000,
  272,    5,    1.69687500000000,    0.02812500000000,    1.46529257090387,    0.00000000000000,    1.46529257090387,   -0.00000347035232,    0.00000000000000,   -0.00000508508147,    1.45683434498167,    0.00000000000000,    1.45683434498167,   17.35509195371237,    0.00000000000000,
  273,    1,    1.70312500000000,    0.00312500000000,    1.47294234889276,    0.00000000000000,    1.47294234889276,   -0.00000352571156,    0.00000000000000,   -0.00000519316986,    1.46452831234624,    0.00000000000000,    1.46452831234624,   17.92472512658516,    0.00000000000000,
  273,    2,    1.70312500000000,    0.00937500000000,    1.47294234889276,    0.00000000000000,    1.47294234889276,   -0.00000352571156,    0.00000000000000,   -0.00000519316986,    1.46452831234624,    0.00000000000000,    1.46452831234624,   17.92472512658516,    0.00000000000000,
  273,    3,    1.70312500000000,    0.01562500000000,    1.47294234889276,    0.00000000000000,    1.47294234889276,   -0.00000352571156,    0.00000000000000,   -0.00000519316986,    1.46452831234624,    0.00000000000000,    1.46452831234624,   17.92472512658516,    0.00000000000000,
  273,    4,    1.70312500000000,    0.02187500000000,    1.47294234889276,    0.00000000000000,    1.47294234889276,   -0.00000352571156,    0.00000000000000,   -0.00000519316986,    1.46452831234624,    0.00000000000000,    1.46452831234624,   17.92472512658516,    0.00000000000000,
  273,    5,    1.70312500000000,    0.02812500000000,    1.47294234889276,    0.00000000000000,    1.47294234889276,   -0.00000352571156,    0.00000000000000,   -0.00000519316986,    1.46452831234624,    0.00000000000000,    1.46452831234624,   17.92472512658516,    0.00000000000000,
  274,    1,    1.70937500000000,    0.00312500000000,    1.48079785421354,    0.00000000000000,    1.48079785421354,   -0.00000357690351,    0.00000000000000,   -0.00000529667105,    1.47242871423956,    0.00000000000000,    1.47242871423956,   18.49502681279644,    0.00000000000000,
  274,    2,    1.70937500000000,    0.00937500000000,    1.48079785421354,    0.00000000000000,    1.48079785421354,   -0.00000357690351,    0.00000000000000,   -0.00000529667105,    1.47242871423956,    0.00000000000000,    1.47242871423956,   18.49502681279644,    0.00000000000000,
  274,    3,    1.70937500000000,    0.01562500000000,    1.48079785421354,    0.00000000000000,    1.48079785421354,   -0.00000357690351,    0.00000000000000,   -0.00000529667105,    1.47242871423956,    0.00000000000000,    1.47242871423956,   18.49502681279644,    0.00000000000000,
  274,    4,    1.70937500000000,    0.02187500000000,    1.48079785421354,    0.00000000000000,    1.48079785421354,   -0.00000357690351,    0.00000000000000,   -0.00000529667105,    1.47242871423956,    0.00000000000000,    1.47242871423956,   18.49502681279644,    0.00000000000000,
  274,    5,    1.70937500000000,    0.02812500000000,    1.48079785421354,    0.00000000000000,    1.48079785421354,   -0.00000357690351,    0.00000000000000,   -0.00000529667105,    1.47242871423956,    0.00000000000000,    1.47242871423956,   18.49502681279644,    0.00000000000000,
  275,    1,    1.71562500000000,    0.00312500000000,    1.48885608814593,    0.00000000000000,    1.48885608814593,   -0.00000362393205,    0.00000000000000,   -0.00000539551329,    1.48053250490632,    0.00000000000000,    1.48053250490632,   19.06586156607915,    0.00000000000000,
  275,    2,    1.71562500000000,    0.00937500000000,    1.48885608814593,    0.00000000000000,    1.48885608814593,   -0.00000362393205,    0.00000000000000,   -0.00000539551329,    1.48053250490632,    0.00000000000000,    1.48053250490632,   19.06586156607915,    0.00000000000000,
  275,    3,    1.71562500000000,    0.01562500000000,    1.48885608814593,    0.00000000000000,    1.48885608814593,   -0.00000362393205,    0.00000000000000,   -0.00000539551329,    1.48053250490632,    0.00000000000000,    1.48053250490632,   19.06586156607915,    0.00000000000000,
  275,    4,    1.71562500000000,    0.02187500000000,    1.48885608814593,    0.00000000000000,    1.48885608814593,   -0.00000362393205,    0.00000000000000,   -0.00000539551329,    1.48053250490632,    0.00000000000000,    1.48053250490632,   19.06586156607915,    0.00000000000000,
  275,    5,    1.71562500000000,    0.02812500000000,    1.48885608814593,    0.00000000000000,    1.48885608814593,   -0.00000362393205,    0.00000000000000,   -0.00000539551329,    1.48053250490632,    0.00000000000000,    1.48053250490632,   19.06586156607915,    0.00000000000000,
  276,    1,    1.72187500000000,    0.00312500000000,    1.49711397316244,    0.00000000000000,    1.49711397316244,   -0.00000366680941,    0.00000000000000,   -0.00000548963160,    1.48883656018096,    0.00000000000000,    1.48883656018096,   19.63708191847969,    0.00000000000000,
  276,    2,    1.72187500000000,    0.00937500000000,    1.49711397316244,    0.00000000000000,    1.49711397316244,   -0.00000366680941,    0.00000000000000,   -0.00000548963160,    1.48883656018096,    0.00000000000000,    1.48883656018096,   19.63708191847969,    0.00000000000000,
  276,    3,    1.72187500000000,    0.01562500000000,    1.49711397316244,    0.00000000000000,    1.49711397316244,   -0.00000366680941,    0.00000000000000,   -0.00000548963160,    1.48883656018096,    0.00000000000000,    1.48883656018096,   19.63708191847969,    0.00000000000000,
  276,    4,    1.72187500000000,    0.02187500000000,    1.49711397316244,    0.00000000000000,    1.49711397316244,   -0.00000366680941,    0.00000000000000,   -0.00000548963160,    1.48883656018096,    0.00000000000000,    1.48883656018096,   19.63708191847969,    0.00000000000000,
  276,    5,    1.72187500000000,    0.02812500000000,    1.49711397316244,    0.00000000000000,    1.49711397316244,   -0.00000366680941,    0.00000000000000,   -0.00000548963160,    1.48883656018096,    0.00000000000000,    1.48883656018096,   19.63708191847969,    0.00000000000000,
  277,    1,    1.72812500000000,    0.00312500000000,    1.50556835404913,    0.00000000000000,    1.50556835404913,   -0.00000370555596,    0.00000000000000,   -0.00000557896778,    1.49733767869209,    0.00000000000000,    1.49733767869209,   20.20852832526612,    0.00000000000000,
  277,    2,    1.72812500000000,    0.00937500000000,    1.50556835404913,    0.00000000000000,    1.50556835404913,   -0.00000370555596,    0.00000000000000,   -0.00000557896778,    1.49733767869209,    0.00000000000000,    1.49733767869209,   20.20852832526612,    0.00000000000000,
  277,    3,    1.72812500000000,    0.01562500000000,    1.50556835404913,    0.00000000000000,    1.50556835404913,   -0.00000370555596,    0.00000000000000,   -0.00000557896778,    1.49733767869209,    0.00000000000000,    1.49733767869209,   20.20852832526612,    0.00000000000000,
  277,    4,    1.72812500000000,    0.02187500000000,    1.50556835404913,    0.00000000000000,    1.50556835404913,   -0.00000370555596,    0.00000000000000,   -0.00000557896778,    1.49733767869209,    0.00000000000000,    1.49733767869209,   20.20852832526612,    0.00000000000000,
  277,    5,    1.72812500000000,    0.02812500000000,    1.50556835404913,    0.00000000000000,    1.50556835404913,   -0.00000370555596,    0.00000000000000,   -0.00000557896778,    1.49733767869209,    0.00000000000000,    1.49733767869209,   20.20852832526612,    0.00000000000000,
  278,    1,    1.73437500000000,    0.00312500000000,    1.51421599906168,    0.00000000000000,    1.51421599906168,   -0.00000374019996,    0.00000000000000,   -0.00000566347061,    1.50603258309669,    0.00000000000000,    1.50603258309669,   20.78002913288435,    0.00000000000000,
  278,    2,    1.73437500000000,    0.00937500000000,    1.51421599906168,    0.00000000000000,    1.51421599906168,   -0.00000374019996,    0.00000000000000,   -0.00000566347061,    1.50603258309669,    0.00000000000000,    1.50603258309669,   20.78002913288435,    0.00000000000000,
  278,    3,    1.73437500000000,    0.01562500000000,    1.51421599906168,    0.00000000000000,    1.51421599906168,   -0.00000374019996,    0.00000000000000,   -0.00000566347061,    1.50603258309669,    0.00000000000000,    1.50603258309669,   20.78002913288435,    0.00000000000000,
  278,    4,    1.73437500000000,    0.02187500000000,    1.51421599906168,    0.00000000000000,    1.51421599906168,   -0.00000374019996,    0.00000000000000,   -0.00000566347061,    1.50603258309669,    0.00000000000000,    1.50603258309669,   20.78002913288435,    0.00000000000000,
  278,    5,    1.73437500000000,    0.02812500000000,    1.51421599906168,    0.00000000000000,    1.51421599906168,   -0.00000374019996,    0.00000000000000,   -0.00000566347061,    1.50603258309669,    0.00000000000000,    1.50603258309669,   20.78002913288435,    0.00000000000000,
  279,    1,    1.74062500000000,    0.00312500000000,    1.52305360111569,    0.00000000000000,    1.52305360111569,   -0.00000377077725,   -0.00000000000000,   -0.00000574309587,    1.51491792134362,    0.00000000000000,    1.51491792134362,   21.35140057011936,    0.00000000000000,
  279,    2,    1.74062500000000,    0.00937500000000,    1.52305360111569,    0.00000000000000,    1.52305360111569,   -0.00000377077725,   -0.00000000000000,   -0.00000574309587,    1.51491792134362,    0.00000000000000,    1.51491792134362,   21.35140057011936,    0.00000000000000,
  279,    3,    1.74062500000000,    0.01562500000000,    1.52305360111569,    0.00000000000000,    1.52305360111569,   -0.00000377077725,   -0.00000000000000,   -0.00000574309587,    1.51491792134362,    0.00000000000000,    1.51491792134362,   21.35140057011936,    0.00000000000000,
  279,    4,    1.74062500000000,    0.02187500000000,    1.52305360111569,    0.00000000000000,    1.52305360111569,   -0.00000377077725,   -0.00000000000000,   -0.00000574309587,    1.51491792134362,    0.00000000000000,    1.51491792134362,   21.35140057011936,    0.00000000000000,
  279,    5,    1.74062500000000,    0.02812500000000,    1.52305360111569,    0.00000000000000,    1.52305360111569,   -0.00000377077725,   -0.00000000000000,   -0.00000574309587,    1.51491792134362,    0.00000000000000,    1.51491792134362,   21.35140057011936,    0.00000000000000,
  280,    1,    1.74687500000000,    0.00312500000000,    1.53207777901114,    0.00000000000000,    1.53207777901114,   -0.00000379733098,    0.00000000000000,   -0.00000581780642,    1.52399026796582,    0.00000000000000,    1.52399026796582,   21.92244676257999,    0.00000000000000,
  280,    2,    1.74687500000000,    0.00937500000000,    1.53207777901114,    0.00000000000000,    1.53207777901114,   -0.00000379733098,    0.00000000000000,   -0.00000581780642,    1.52399026796582,    0.00000000000000,    1.52399026796582,   21.92244676257999,    0.00000000000000,
  280,    3,    1.74687500000000,    0.01562500000000,    1.53207777901114,    0.00000000000000,    1.53207777901114,   -0.00000379733098,    0.00000000000000,   -0.00000581780642,    1.52399026796582,    0.00000000000000,    1.52399026796582,   21.92244676257999,    0.00000000000000,
  280,    4,    1.74687500000000,    0.02187500000000,    1.53207777901114,    0.00000000000000,    1.53207777901114,   -0.00000379733098,    0.00000000000000,   -0.00000581780642,    1.52399026796582,    0.00000000000000,    1.52399026796582,   21.92244676257999,    0.00000000000000,
  280,    5,    1.74687500000000,    0.02812500000000,    1.53207777901114,    0.00000000000000,    1.53207777901114,   -0.00000379733098,    0.00000000000000,   -0.00000581780642,    1.52399026796582,    0.00000000000000,    1.52399026796582,   21.92244676257999,    0.00000000000000,
  281,    1,    1.75312500000000,    0.00312500000000,    1.54128507869049,    0.00000000000000,    1.54128507869049,   -0.00000381991129,    0.00000000000000,   -0.00000588757227,    1.53324612540098,    0.00000000000000,    1.53324612540098,   22.49295977058902,    0.00000000000000,
  281,    2,    1.75312500000000,    0.00937500000000,    1.54128507869049,    0.00000000000000,    1.54128507869049,   -0.00000381991129,    0.00000000000000,   -0.00000588757227,    1.53324612540098,    0.00000000000000,    1.53324612540098,   22.49295977058902,    0.00000000000000,
  281,    3,    1.75312500000000,    0.01562500000000,    1.54128507869049,    0.00000000000000,    1.54128507869049,   -0.00000381991129,    0.00000000000000,   -0.00000588757227,    1.53324612540098,    0.00000000000000,    1.53324612540098,   22.49295977058902,    0.00000000000000,
  281,    4,    1.75312500000000,    0.02187500000000,    1.54128507869049,    0.00000000000000,    1.54128507869049,   -0.00000381991129,    0.00000000000000,   -0.00000588757227,    1.53324612540098,    0.00000000000000,    1.53324612540098,   22.49295977058902,    0.00000000000000,
  281,    5,    1.75312500000000,    0.02812500000000,    1.54128507869049,    0.00000000000000,    1.54128507869049,   -0.00000381991129,    0.00000000000000,   -0.00000588757227,    1.53324612540098,    0.00000000000000,    1.53324612540098,   22.49295977058902,    0.00000000000000,
  282,    1,    1.75937500000000,    0.00312500000000,    1.55067197452987,    0.00000000000000,    1.55067197452987,   -0.00000383857495,    0.00000000000000,   -0.00000595237059,    1.54268192533987,    0.00000000000000,    1.54268192533987,   23.06271965052164,    0.00000000000000,
  282,    2,    1.75937500000000,    0.00937500000000,    1.55067197452987,    0.00000000000000,    1.55067197452987,   -0.00000383857495,    0.00000000000000,   -0.00000595237059,    1.54268192533987,    0.00000000000000,    1.54268192533987,   23.06271965052164,    0.00000000000000,
  282,    3,    1.75937500000000,    0.01562500000000,    1.55067197452987,    0.00000000000000,    1.55067197452987,   -0.00000383857495,    0.00000000000000,   -0.00000595237059,    1.54268192533987,    0.00000000000000,    1.54268192533987,   23.06271965052164,    0.00000000000000,
  282,    4,    1.75937500000000,    0.02187500000000,    1.55067197452987,    0.00000000000000,    1.55067197452987,   -0.00000383857495,    0.00000000000000,   -0.00000595237059,    1.54268192533987,    0.00000000000000,    1.54268192533987,   23.06271965052164,    0.00000000000000,
  282,    5,    1.75937500000000,    0.02812500000000,    1.55067197452987,    0.00000000000000,    1.55067197452987,   -0.00000383857495,    0.00000000000000,   -0.00000595237059,    1.54268192533987,    0.00000000000000,    1.54268192533987,   23.06271965052164,    0.00000000000000,
  283,    1,    1.76562500000000,    0.00312500000000,    1.56023487066260,    0.00000000000000,    1.56023487066260,   -0.00000385338505,    0.00000000000000,   -0.00000601218573,    1.55229403010199,    0.00000000000000,    1.55229403010199,   23.63149453959793,    0.00000000000000,
  283,    2,    1.76562500000000,    0.00937500000000,    1.56023487066260,    0.00000000000000,    1.56023487066260,   -0.00000385338505,    0.00000000000000,   -0.00000601218573,    1.55229403010199,    0.00000000000000,    1.55229403010199,   23.63149453959793,    0.00000000000000,
  283,    3,    1.76562500000000,    0.01562500000000,    1.56023487066260,    0.00000000000000,    1.56023487066260,   -0.00000385338505,    0.00000000000000,   -0.00000601218573,    1.55229403010199,    0.00000000000000,    1.55229403010199,   23.63149453959793,    0.00000000000000,
  283,    4,    1.76562500000000,    0.02187500000000,    1.56023487066260,    0.00000000000000,    1.56023487066260,   -0.00000385338505,    0.00000000000000,   -0.00000601218573,    1.55229403010199,    0.00000000000000,    1.55229403010199,   23.63149453959793,    0.00000000000000,
  283,    5,    1.76562500000000,    0.02812500000000,    1.56023487066260,    0.00000000000000,    1.56023487066260,   -0.00000385338505,    0.00000000000000,   -0.00000601218573,    1.55229403010199,    0.00000000000000,    1.55229403010199,   23.63149453959793,    0.00000000000000,
  284,    1,    1.77187500000000,    0.00312500000000,    1.56997010233486,    0.00000000000000,    1.56997010233486,   -0.00000386441066,    0.00000000000000,   -0.00000606700920,    1.56207873403797,    0.00000000000000,    1.56207873403797,   24.19904076409659,    0.00000000000000,
  284,    2,    1.77187500000000,    0.00937500000000,    1.56997010233486,    0.00000000000000,    1.56997010233486,   -0.00000386441066,    0.00000000000000,   -0.00000606700920,    1.56207873403797,    0.00000000000000,    1.56207873403797,   24.19904076409659,    0.00000000000000,
  284,    3,    1.77187500000000,    0.01562500000000,    1.56997010233486,    0.00000000000000,    1.56997010233486,   -0.00000386441066,    0.00000000000000,   -0.00000606700920,    1.56207873403797,    0.00000000000000,    1.56207873403797,   24.19904076409659,    0.00000000000000,
  284,    4,    1.77187500000000,    0.02187500000000,    1.56997010233486,    0.00000000000000,    1.56997010233486,   -0.00000386441066,    0.00000000000000,   -0.00000606700920,    1.56207873403797,    0.00000000000000,    1.56207873403797,   24.19904076409659,    0.00000000000000,
  284,    5,    1.77187500000000,    0.02812500000000,    1.56997010233486,    0.00000000000000,    1.56997010233486,   -0.00000386441066,    0.00000000000000,   -0.00000606700920,    1.56207873403797,    0.00000000000000,    1.56207873403797,   24.19904076409659,    0.00000000000000,
  285,    1,    1.77812500000000,    0.00312500000000,    1.57987393729243,    0.00000000000000,    1.57987393729243,   -0.00000387172641,    0.00000000000000,   -0.00000611683965,    1.57203226495820,    0.00000000000000,    1.57203226495820,   24.76510297091904,    0.00000000000000,
  285,    2,    1.77812500000000,    0.00937500000000,    1.57987393729243,    0.00000000000000,    1.57987393729243,   -0.00000387172641,    0.00000000000000,   -0.00000611683965,    1.57203226495820,    0.00000000000000,    1.57203226495820,   24.76510297091904,    0.00000000000000,
  285,    3,    1.77812500000000,    0.01562500000000,    1.57987393729243,    0.00000000000000,    1.57987393729243,   -0.00000387172641,    0.00000000000000,   -0.00000611683965,    1.57203226495820,    0.00000000000000,    1.57203226495820,   24.76510297091904,    0.00000000000000,
  285,    4,    1.77812500000000,    0.02187500000000,    1.57987393729243,    0.00000000000000,    1.57987393729243,   -0.00000387172641,    0.00000000000000,   -0.00000611683965,    1.57203226495820,    0.00000000000000,    1.57203226495820,   24.76510297091904,    0.00000000000000,
  285,    5,    1.77812500000000,    0.02812500000000,    1.57987393729243,    0.00000000000000,    1.57987393729243,   -0.00000387172641,    0.00000000000000,   -0.00000611683965,    1.57203226495820,    0.00000000000000,    1.57203226495820,   24.76510297091904,    0.00000000000000,
  286,    1,    1.78437500000000,    0.00312500000000,    1.58994257719809,    0.00000000000000,    1.58994257719809,   -0.00000387541221,    0.00000000000000,   -0.00000616168288,    1.58215078558702,    0.00000000000000,    1.58215078558702,   25.32941428239524,    0.00000000000000,
  286,    2,    1.78437500000000,    0.00937500000000,    1.58994257719809,    0.00000000000000,    1.58994257719809,   -0.00000387541221,    0.00000000000000,   -0.00000616168288,    1.58215078558702,    0.00000000000000,    1.58215078558702,   25.32941428239524,    0.00000000000000,
  286,    3,    1.78437500000000,    0.01562500000000,    1.58994257719809,    0.00000000000000,    1.58994257719809,   -0.00000387541221,    0.00000000000000,   -0.00000616168288,    1.58215078558702,    0.00000000000000,    1.58215078558702,   25.32941428239524,    0.00000000000000,
  286,    4,    1.78437500000000,    0.02187500000000,    1.58994257719809,    0.00000000000000,    1.58994257719809,   -0.00000387541221,    0.00000000000000,   -0.00000616168288,    1.58215078558702,    0.00000000000000,    1.58215078558702,   25.32941428239524,    0.00000000000000,
  286,    5,    1.78437500000000,    0.02812500000000,    1.58994257719809,    0.00000000000000,    1.58994257719809,   -0.00000387541221,    0.00000000000000,   -0.00000616168288,    1.58215078558702,    0.00000000000000,    1.58215078558702,   25.32941428239524,    0.00000000000000,
  287,    1,    1.79062500000000,    0.00312500000000,    1.60017215907897,    0.00000000000000,    1.60017215907897,   -0.00000387555280,   -0.00000000000000,   -0.00000620155170,    1.59243039504212,    0.00000000000000,    1.59243039504212,   25.89169647418500,    0.00000000000000,
  287,    2,    1.79062500000000,    0.00937500000000,    1.60017215907897,    0.00000000000000,    1.60017215907897,   -0.00000387555280,   -0.00000000000000,   -0.00000620155170,    1.59243039504212,    0.00000000000000,    1.59243039504212,   25.89169647418500,    0.00000000000000,
  287,    3,    1.79062500000000,    0.01562500000000,    1.60017215907897,    0.00000000000000,    1.60017215907897,   -0.00000387555280,   -0.00000000000000,   -0.00000620155170,    1.59243039504212,    0.00000000000000,    1.59243039504212,   25.89169647418500,    0.00000000000000,
  287,    4,    1.79062500000000,    0.02187500000000,    1.60017215907897,    0.00000000000000,    1.60017215907897,   -0.00000387555280,   -0.00000000000000,   -0.00000620155170,    1.59243039504212,    0.00000000000000,    1.59243039504212,   25.89169647418500,    0.00000000000000,
  287,    5,    1.79062500000000,    0.02812500000000,    1.60017215907897,    0.00000000000000,    1.60017215907897,   -0.00000387555280,   -0.00000000000000,   -0.00000620155170,    1.59243039504212,    0.00000000000000,    1.59243039504212,   25.89169647418500,    0.00000000000000,
  288,    1,    1.79687500000000,    0.00312500000000,    1.61055875680293,    0.00000000000000,    1.61055875680293,   -0.00000387223744,    0.00000000000000,   -0.00000623646592,    1.60286713033838,    0.00000000000000,    1.60286713033838,   26.45166017608971,    0.00000000000000,
  288,    2,    1.79687500000000,    0.00937500000000,    1.61055875680293,    0.00000000000000,    1.61055875680293,   -0.00000387223744,    0.00000000000000,   -0.00000623646592,    1.60286713033838,    0.00000000000000,    1.60286713033838,   26.45166017608971,    0.00000000000000,
  288,    3,    1.79687500000000,    0.01562500000000,    1.61055875680293,    0.00000000000000,    1.61055875680293,   -0.00000387223744,    0.00000000000000,   -0.00000623646592,    1.60286713033838,    0.00000000000000,    1.60286713033838,   26.45166017608971,    0.00000000000000,
  288,    4,    1.79687500000000,    0.02187500000000,    1.61055875680293,    0.00000000000000,    1.61055875680293,   -0.00000387223744,    0.00000000000000,   -0.00000623646592,    1.60286713033838,    0.00000000000000,    1.60286713033838,   26.45166017608971,    0.00000000000000,
  288,    5,    1.79687500000000,    0.02812500000000,    1.61055875680293,    0.00000000000000,    1.61055875680293,   -0.00000387223744,    0.00000000000000,   -0.00000623646592,    1.60286713033838,    0.00000000000000,    1.60286713033838,   26.45166017608971,    0.00000000000000,
  289,    1,    1.80312500000000,    0.00312500000000,    1.62109838258359,    0.00000000000000,    1.62109838258359,   -0.00000386555950,    0.00000000000000,   -0.00000626645226,    1.61345696791566,    0.00000000000000,    1.61345696791566,   27.00900509555366,    0.00000000000000,
  289,    2,    1.80312500000000,    0.00937500000000,    1.62109838258359,    0.00000000000000,    1.62109838258359,   -0.00000386555950,    0.00000000000000,   -0.00000626645226,    1.61345696791566,    0.00000000000000,    1.61345696791566,   27.00900509555366,    0.00000000000000,
  289,    3,    1.80312500000000,    0.01562500000000,    1.62109838258359,    0.00000000000000,    1.62109838258359,   -0.00000386555950,    0.00000000000000,   -0.00000626645226,    1.61345696791566,    0.00000000000000,    1.61345696791566,   27.00900509555366,    0.00000000000000,
  289,    4,    1.80312500000000,    0.02187500000000,    1.62109838258359,    0.00000000000000,    1.62109838258359,   -0.00000386555950,    0.00000000000000,   -0.00000626645226,    1.61345696791566,    0.00000000000000,    1.61345696791566,   27.00900509555366,    0.00000000000000,
  289,    5,    1.80312500000000,    0.02812500000000,    1.62109838258359,    0.00000000000000,    1.62109838258359,   -0.00000386555950,    0.00000000000000,   -0.00000626645226,    1.61345696791566,    0.00000000000000,    1.61345696791566,   27.00900509555366,    0.00000000000000,
  290,    1,    1.80937500000000,    0.00312500000000,    1.63178698851273,    0.00000000000000,    1.63178698851273,   -0.00000385561612,    0.00000000000000,   -0.00000629154422,    1.62419582518999,    0.00000000000000,    1.62419582518999,   27.56342026359569,    0.00000000000000,
  290,    2,    1.80937500000000,    0.00937500000000,    1.63178698851273,    0.00000000000000,    1.63178698851273,   -0.00000385561612,    0.00000000000000,   -0.00000629154422,    1.62419582518999,    0.00000000000000,    1.62419582518999,   27.56342026359569,    0.00000000000000,
  290,    3,    1.80937500000000,    0.01562500000000,    1.63178698851273,    0.00000000000000,    1.63178698851273,   -0.00000385561612,    0.00000000000000,   -0.00000629154422,    1.62419582518999,    0.00000000000000,    1.62419582518999,   27.56342026359569,    0.00000000000000,
  290,    4,    1.80937500000000,    0.02187500000000,    1.63178698851273,    0.00000000000000,    1.63178698851273,   -0.00000385561612,    0.00000000000000,   -0.00000629154422,    1.62419582518999,    0.00000000000000,    1.62419582518999,   27.56342026359569,    0.00000000000000,
  290,    5,    1.80937500000000,    0.02812500000000,    1.63178698851273,    0.00000000000000,    1.63178698851273,   -0.00000385561612,    0.00000000000000,   -0.00000629154422,    1.62419582518999,    0.00000000000000,    1.62419582518999,   27.56342026359569,    0.00000000000000,
  291,    1,    1.81562500000000,    0.00312500000000,    1.64262046811984,    0.00000000000000,    1.64262046811984,   -0.00000384250782,    0.00000000000000,   -0.00000631178199,    1.63507956212747,    0.00000000000000,    1.63507956212747,   28.11458430287583,    0.00000000000000,
  291,    2,    1.81562500000000,    0.00937500000000,    1.64262046811984,    0.00000000000000,    1.64262046811984,   -0.00000384250782,    0.00000000000000,   -0.00000631178199,    1.63507956212747,    0.00000000000000,    1.63507956212747,   28.11458430287583,    0.00000000000000,
  291,    3,    1.81562500000000,    0.01562500000000,    1.64262046811984,    0.00000000000000,    1.64262046811984,   -0.00000384250782,    0.00000000000000,   -0.00000631178199,    1.63507956212747,    0.00000000000000,    1.63507956212747,   28.11458430287583,    0.00000000000000,
  291,    4,    1.81562500000000,    0.02187500000000,    1.64262046811984,    0.00000000000000,    1.64262046811984,   -0.00000384250782,    0.00000000000000,   -0.00000631178199,    1.63507956212747,    0.00000000000000,    1.63507956212747,   28.11458430287583,    0.00000000000000,
  291,    5,    1.81562500000000,    0.02812500000000,    1.64262046811984,    0.00000000000000,    1.64262046811984,   -0.00000384250782,    0.00000000000000,   -0.00000631178199,    1.63507956212747,    0.00000000000000,    1.63507956212747,   28.11458430287583,    0.00000000000000,
  292,    1,    1.82187500000000,    0.00312500000000,    1.65359465795757,    0.00000000000000,    1.65359465795757,   -0.00000382633814,    0.00000000000000,   -0.00000632721231,    1.64610398284033,    0.00000000000000,    1.64610398284033,   28.66216571756515,    0.00000000000000,
  292,    2,    1.82187500000000,    0.00937500000000,    1.65359465795757,    0.00000000000000,    1.65359465795757,   -0.00000382633814,    0.00000000000000,   -0.00000632721231,    1.64610398284033,    0.00000000000000,    1.64610398284033,   28.66216571756515,    0.00000000000000,
  292,    3,    1.82187500000000,    0.01562500000000,    1.65359465795757,    0.00000000000000,    1.65359465795757,   -0.00000382633814,    0.00000000000000,   -0.00000632721231,    1.64610398284033,    0.00000000000000,    1.64610398284033,   28.66216571756515,    0.00000000000000,
  292,    4,    1.82187500000000,    0.02187500000000,    1.65359465795757,    0.00000000000000,    1.65359465795757,   -0.00000382633814,    0.00000000000000,   -0.00000632721231,    1.64610398284033,    0.00000000000000,    1.64610398284033,   28.66216571756515,    0.00000000000000,
  292,    5,    1.82187500000000,    0.02812500000000,    1.65359465795757,    0.00000000000000,    1.65359465795757,   -0.00000382633814,    0.00000000000000,   -0.00000632721231,    1.64610398284033,    0.00000000000000,    1.64610398284033,   28.66216571756515,    0.00000000000000,
  293,    1,    1.82812500000000,    0.00312500000000,    1.66470533921243,    0.00000000000000,    1.66470533921243,   -0.00000380721330,    0.00000000000000,   -0.00000633788831,    1.65726483720452,    0.00000000000000,    1.65726483720452,   29.20582320465070,    0.00000000000000,
  293,    2,    1.82812500000000,    0.00937500000000,    1.66470533921243,    0.00000000000000,    1.66470533921243,   -0.00000380721330,    0.00000000000000,   -0.00000633788831,    1.65726483720452,    0.00000000000000,    1.65726483720452,   29.20582320465070,    0.00000000000000,
  293,    3,    1.82812500000000,    0.01562500000000,    1.66470533921243,    0.00000000000000,    1.66470533921243,   -0.00000380721330,    0.00000000000000,   -0.00000633788831,    1.65726483720452,    0.00000000000000,    1.65726483720452,   29.20582320465070,    0.00000000000000,
  293,    4,    1.82812500000000,    0.02187500000000,    1.66470533921243,    0.00000000000000,    1.66470533921243,   -0.00000380721330,    0.00000000000000,   -0.00000633788831,    1.65726483720452,    0.00000000000000,    1.65726483720452,   29.20582320465070,    0.00000000000000,
  293,    5,    1.82812500000000,    0.02812500000000,    1.66470533921243,    0.00000000000000,    1.66470533921243,   -0.00000380721330,    0.00000000000000,   -0.00000633788831,    1.65726483720452,    0.00000000000000,    1.65726483720452,   29.20582320465070,    0.00000000000000,
  294,    1,    1.83437500000000,    0.00312500000000,    1.67594823933997,    0.00000000000000,    1.67594823933997,   -0.00000378524184,    0.00000000000000,   -0.00000634386939,    1.66855782249823,    0.00000000000000,    1.66855782249823,   29.74520598627358,    0.00000000000000,
  294,    2,    1.83437500000000,    0.00937500000000,    1.67594823933997,    0.00000000000000,    1.67594823933997,   -0.00000378524184,    0.00000000000000,   -0.00000634386939,    1.66855782249823,    0.00000000000000,    1.66855782249823,   29.74520598627358,    0.00000000000000,
  294,    3,    1.83437500000000,    0.01562500000000,    1.67594823933997,    0.00000000000000,    1.67594823933997,   -0.00000378524184,    0.00000000000000,   -0.00000634386939,    1.66855782249823,    0.00000000000000,    1.66855782249823,   29.74520598627358,    0.00000000000000,
  294,    4,    1.83437500000000,    0.02187500000000,    1.67594823933997,    0.00000000000000,    1.67594823933997,   -0.00000378524184,    0.00000000000000,   -0.00000634386939,    1.66855782249823,    0.00000000000000,    1.66855782249823,   29.74520598627358,    0.00000000000000,
  294,    5,    1.83437500000000,    0.02812500000000,    1.67594823933997,    0.00000000000000,    1.67594823933997,   -0.00000378524184,    0.00000000000000,   -0.00000634386939,    1.66855782249823,    0.00000000000000,    1.66855782249823,   29.74520598627358,    0.00000000000000,
  295,    1,    1.84062500000000,    0.00312500000000,    1.68731903372347,    0.00000000000000,    1.68731903372347,   -0.00000376053425,    0.00000000000000,   -0.00000634522101,    1.67997858506066,    0.00000000000000,    1.67997858506066,   30.27995416266117,    0.00000000000000,
  295,    2,    1.84062500000000,    0.00937500000000,    1.68731903372347,    0.00000000000000,    1.68731903372347,   -0.00000376053425,    0.00000000000000,   -0.00000634522101,    1.67997858506066,    0.00000000000000,    1.67997858506066,   30.27995416266117,    0.00000000000000,
  295,    3,    1.84062500000000,    0.01562500000000,    1.68731903372347,    0.00000000000000,    1.68731903372347,   -0.00000376053425,    0.00000000000000,   -0.00000634522101,    1.67997858506066,    0.00000000000000,    1.67997858506066,   30.27995416266117,    0.00000000000000,
  295,    4,    1.84062500000000,    0.02187500000000,    1.68731903372347,    0.00000000000000,    1.68731903372347,   -0.00000376053425,    0.00000000000000,   -0.00000634522101,    1.67997858506066,    0.00000000000000,    1.67997858506066,   30.27995416266117,    0.00000000000000,
  295,    5,    1.84062500000000,    0.02812500000000,    1.68731903372347,    0.00000000000000,    1.68731903372347,   -0.00000376053425,    0.00000000000000,   -0.00000634522101,    1.67997858506066,    0.00000000000000,    1.67997858506066,   30.27995416266117,    0.00000000000000,
  296,    1,    1.84687500000000,    0.00312500000000,    1.69881334735537,    0.00000000000000,    1.69881334735537,   -0.00000373320267,    0.00000000000000,   -0.00000634201453,    1.69152272197043,    0.00000000000000,    1.69152272197043,   30.80969908518282,    0.00000000000000,
  296,    2,    1.84687500000000,    0.00937500000000,    1.69881334735537,    0.00000000000000,    1.69881334735537,   -0.00000373320267,    0.00000000000000,   -0.00000634201453,    1.69152272197043,    0.00000000000000,    1.69152272197043,   30.80969908518282,    0.00000000000000,
  296,    3,    1.84687500000000,    0.01562500000000,    1.69881334735537,    0.00000000000000,    1.69881334735537,   -0.00000373320267,    0.00000000000000,   -0.00000634201453,    1.69152272197043,    0.00000000000000,    1.69152272197043,   30.80969908518282,    0.00000000000000,
  296,    4,    1.84687500000000,    0.02187500000000,    1.69881334735537,    0.00000000000000,    1.69881334735537,   -0.00000373320267,    0.00000000000000,   -0.00000634201453,    1.69152272197043,    0.00000000000000,    1.69152272197043,   30.80969908518282,    0.00000000000000,
  296,    5,    1.84687500000000,    0.02812500000000,    1.69881334735537,    0.00000000000000,    1.69881334735537,   -0.00000373320267,    0.00000000000000,   -0.00000634201453,    1.69152272197043,    0.00000000000000,    1.69152272197043,   30.80969908518282,    0.00000000000000,
  297,    1,    1.85312500000000,    0.00312500000000,    1.71042675654059,    0.00000000000000,    1.71042675654059,   -0.00000370336055,    0.00000000000000,   -0.00000633432697,    1.70318578274302,    0.00000000000000,    1.70318578274302,   31.33406374902336,    0.00000000000000,
  297,    2,    1.85312500000000,    0.00937500000000,    1.71042675654059,    0.00000000000000,    1.71042675654059,   -0.00000370336055,    0.00000000000000,   -0.00000633432697,    1.70318578274302,    0.00000000000000,    1.70318578274302,   31.33406374902336,    0.00000000000000,
  297,    3,    1.85312500000000,    0.01562500000000,    1.71042675654059,    0.00000000000000,    1.71042675654059,   -0.00000370336055,    0.00000000000000,   -0.00000633432697,    1.70318578274302,    0.00000000000000,    1.70318578274302,   31.33406374902336,    0.00000000000000,
  297,    4,    1.85312500000000,    0.02187500000000,    1.71042675654059,    0.00000000000000,    1.71042675654059,   -0.00000370336055,    0.00000000000000,   -0.00000633432697,    1.70318578274302,    0.00000000000000,    1.70318578274302,   31.33406374902336,    0.00000000000000,
  297,    5,    1.85312500000000,    0.02812500000000,    1.71042675654059,    0.00000000000000,    1.71042675654059,   -0.00000370336055,    0.00000000000000,   -0.00000633432697,    1.70318578274302,    0.00000000000000,    1.70318578274302,   31.33406374902336,    0.00000000000000,
  298,    1,    1.85937500000000,    0.00312500000000,    1.72215479062077,    0.00000000000000,    1.72215479062077,   -0.00000367112232,    0.00000000000000,   -0.00000632224088,    1.71496327104648,    0.00000000000000,    1.71496327104648,   31.85266320493687,    0.00000000000000,
  298,    2,    1.85937500000000,    0.00937500000000,    1.72215479062077,    0.00000000000000,    1.72215479062077,   -0.00000367112232,    0.00000000000000,   -0.00000632224088,    1.71496327104648,    0.00000000000000,    1.71496327104648,   31.85266320493687,    0.00000000000000,
  298,    3,    1.85937500000000,    0.01562500000000,    1.72215479062077,    0.00000000000000,    1.72215479062077,   -0.00000367112232,    0.00000000000000,   -0.00000632224088,    1.71496327104648,    0.00000000000000,    1.71496327104648,   31.85266320493687,    0.00000000000000,
  298,    4,    1.85937500000000,    0.02187500000000,    1.72215479062077,    0.00000000000000,    1.72215479062077,   -0.00000367112232,    0.00000000000000,   -0.00000632224088,    1.71496327104648,    0.00000000000000,    1.71496327104648,   31.85266320493687,    0.00000000000000,
  298,    5,    1.85937500000000,    0.02812500000000,    1.72215479062077,    0.00000000000000,    1.72215479062077,   -0.00000367112232,    0.00000000000000,   -0.00000632224088,    1.71496327104648,    0.00000000000000,    1.71496327104648,   31.85266320493687,    0.00000000000000,
  299,    1,    1.86562500000000,    0.00312500000000,    1.73399293371864,    0.00000000000000,    1.73399293371864,   -0.00000363660308,    0.00000000000000,   -0.00000630584404,    1.72685064643487,    0.00000000000000,    1.72685064643487,   32.36510498951132,    0.00000000000000,
  299,    2,    1.86562500000000,    0.00937500000000,    1.73399293371864,    0.00000000000000,    1.73399293371864,   -0.00000363660308,    0.00000000000000,   -0.00000630584404,    1.72685064643487,    0.00000000000000,    1.72685064643487,   32.36510498951132,    0.00000000000000,
  299,    3,    1.86562500000000,    0.01562500000000,    1.73399293371864,    0.00000000000000,    1.73399293371864,   -0.00000363660308,    0.00000000000000,   -0.00000630584404,    1.72685064643487,    0.00000000000000,    1.72685064643487,   32.36510498951132,    0.00000000000000,
  299,    4,    1.86562500000000,    0.02187500000000,    1.73399293371864,    0.00000000000000,    1.73399293371864,   -0.00000363660308,    0.00000000000000,   -0.00000630584404,    1.72685064643487,    0.00000000000000,    1.72685064643487,   32.36510498951132,    0.00000000000000,
  299,    5,    1.86562500000000,    0.02812500000000,    1.73399293371864,    0.00000000000000,    1.73399293371864,   -0.00000363660308,    0.00000000000000,   -0.00000630584404,    1.72685064643487,    0.00000000000000,    1.72685064643487,   32.36510498951132,    0.00000000000000,
  300,    1,    1.87187500000000,    0.00312500000000,    1.74593662650179,    0.00000000000000,    1.74593662650179,   -0.00000359991833,    0.00000000000000,   -0.00000628522926,    1.73884332609870,    0.00000000000000,    1.73884332609870,   32.87098957334300,    0.00000000000000,
  300,    2,    1.87187500000000,    0.00937500000000,    1.74593662650179,    0.00000000000000,    1.74593662650179,   -0.00000359991833,    0.00000000000000,   -0.00000628522926,    1.73884332609870,    0.00000000000000,    1.73884332609870,   32.87098957334300,    0.00000000000000,
  300,    3,    1.87187500000000,    0.01562500000000,    1.74593662650179,    0.00000000000000,    1.74593662650179,   -0.00000359991833,    0.00000000000000,   -0.00000628522926,    1.73884332609870,    0.00000000000000,    1.73884332609870,   32.87098957334300,    0.00000000000000,
  300,    4,    1.87187500000000,    0.02187500000000,    1.74593662650179,    0.00000000000000,    1.74593662650179,   -0.00000359991833,    0.00000000000000,   -0.00000628522926,    1.73884332609870,    0.00000000000000,    1.73884332609870,   32.87098957334300,    0.00000000000000,
  300,    5,    1.87187500000000,    0.02812500000000,    1.74593662650179,    0.00000000000000,    1.74593662650179,   -0.00000359991833,    0.00000000000000,   -0.00000628522926,    1.73884332609870,    0.00000000000000,    1.73884332609870,   32.87098957334300,    0.00000000000000,
  301,    1,    1.87812500000000,    0.00312500000000,    1.75798126796459,    0.00000000000000,    1.75798126796459,   -0.00000356118365,    0.00000000000000,   -0.00000626049415,    1.75093668663166,    0.00000000000000,    1.75093668663166,   33.36991082649129,    0.00000000000000,
  301,    2,    1.87812500000000,    0.00937500000000,    1.75798126796459,    0.00000000000000,    1.75798126796459,   -0.00000356118365,    0.00000000000000,   -0.00000626049415,    1.75093668663166,    0.00000000000000,    1.75093668663166,   33.36991082649129,    0.00000000000000,
  301,    3,    1.87812500000000,    0.01562500000000,    1.75798126796459,    0.00000000000000,    1.75798126796459,   -0.00000356118365,    0.00000000000000,   -0.00000626049415,    1.75093668663166,    0.00000000000000,    1.75093668663166,   33.36991082649129,    0.00000000000000,
  301,    4,    1.87812500000000,    0.02187500000000,    1.75798126796459,    0.00000000000000,    1.75798126796459,   -0.00000356118365,    0.00000000000000,   -0.00000626049415,    1.75093668663166,    0.00000000000000,    1.75093668663166,   33.36991082649129,    0.00000000000000,
  301,    5,    1.87812500000000,    0.02812500000000,    1.75798126796459,    0.00000000000000,    1.75798126796459,   -0.00000356118365,    0.00000000000000,   -0.00000626049415,    1.75093668663166,    0.00000000000000,    1.75093668663166,   33.36991082649129,    0.00000000000000,
  302,    1,    1.88437500000000,    0.00312500000000,    1.77012221722777,    0.00000000000000,    1.77012221722777,   -0.00000352051445,    0.00000000000000,   -0.00000623174084,    1.76312606581306,    0.00000000000000,    1.76312606581306,   33.86145650055304,    0.00000000000000,
  302,    2,    1.88437500000000,    0.00937500000000,    1.77012221722777,    0.00000000000000,    1.77012221722777,   -0.00000352051445,    0.00000000000000,   -0.00000623174084,    1.76312606581306,    0.00000000000000,    1.76312606581306,   33.86145650055304,    0.00000000000000,
  302,    3,    1.88437500000000,    0.01562500000000,    1.77012221722777,    0.00000000000000,    1.77012221722777,   -0.00000352051445,    0.00000000000000,   -0.00000623174084,    1.76312606581306,    0.00000000000000,    1.76312606581306,   33.86145650055304,    0.00000000000000,
  302,    4,    1.88437500000000,    0.02187500000000,    1.77012221722777,    0.00000000000000,    1.77012221722777,   -0.00000352051445,    0.00000000000000,   -0.00000623174084,    1.76312606581306,    0.00000000000000,    1.76312606581306,   33.86145650055304,    0.00000000000000,
  302,    5,    1.88437500000000,    0.02812500000000,    1.77012221722777,    0.00000000000000,    1.77012221722777,   -0.00000352051445,    0.00000000000000,   -0.00000623174084,    1.76312606581306,    0.00000000000000,    1.76312606581306,   33.86145650055304,    0.00000000000000,
  303,    1,    1.89062500000000,    0.00312500000000,    1.78235479535460,    0.00000000000000,    1.78235479535460,   -0.00000347802568,    0.00000000000000,   -0.00000619907574,    1.77540676440519,    0.00000000000000,    1.77540676440519,   34.34520872666931,    0.00000000000000,
  303,    2,    1.89062500000000,    0.00937500000000,    1.78235479535460,    0.00000000000000,    1.78235479535460,   -0.00000347802568,    0.00000000000000,   -0.00000619907574,    1.77540676440519,    0.00000000000000,    1.77540676440519,   34.34520872666931,    0.00000000000000,
  303,    3,    1.89062500000000,    0.01562500000000,    1.78235479535460,    0.00000000000000,    1.78235479535460,   -0.00000347802568,    0.00000000000000,   -0.00000619907574,    1.77540676440519,    0.00000000000000,    1.77540676440519,   34.34520872666931,    0.00000000000000,
  303,    4,    1.89062500000000,    0.02187500000000,    1.78235479535460,    0.00000000000000,    1.78235479535460,   -0.00000347802568,    0.00000000000000,   -0.00000619907574,    1.77540676440519,    0.00000000000000,    1.77540676440519,   34.34520872666931,    0.00000000000000,
  303,    5,    1.89062500000000,    0.02812500000000,    1.78235479535460,    0.00000000000000,    1.78235479535460,   -0.00000347802568,    0.00000000000000,   -0.00000619907574,    1.77540676440519,    0.00000000000000,    1.77540676440519,   34.34520872666931,    0.00000000000000,
  304,    1,    1.89687500000000,    0.00312500000000,    1.79467428718280,    0.00000000000000,    1.79467428718280,   -0.00000343383160,    0.00000000000000,   -0.00000616260928,    1.78777404796497,    0.00000000000000,    1.78777404796497,   34.82074452874977,    0.00000000000000,
  304,    2,    1.89687500000000,    0.00937500000000,    1.79467428718280,    0.00000000000000,    1.79467428718280,   -0.00000343383160,    0.00000000000000,   -0.00000616260928,    1.78777404796497,    0.00000000000000,    1.78777404796497,   34.82074452874977,    0.00000000000000,
  304,    3,    1.89687500000000,    0.01562500000000,    1.79467428718280,    0.00000000000000,    1.79467428718280,   -0.00000343383160,    0.00000000000000,   -0.00000616260928,    1.78777404796497,    0.00000000000000,    1.78777404796497,   34.82074452874977,    0.00000000000000,
  304,    4,    1.89687500000000,    0.02187500000000,    1.79467428718280,    0.00000000000000,    1.79467428718280,   -0.00000343383160,    0.00000000000000,   -0.00000616260928,    1.78777404796497,    0.00000000000000,    1.78777404796497,   34.82074452874977,    0.00000000000000,
  304,    5,    1.89687500000000,    0.02812500000000,    1.79467428718280,    0.00000000000000,    1.79467428718280,   -0.00000343383160,    0.00000000000000,   -0.00000616260928,    1.78777404796497,    0.00000000000000,    1.78777404796497,   34.82074452874977,    0.00000000000000,
  305,    1,    1.90312500000000,    0.00312500000000,    1.80707594317134,    0.00000000000000,    1.80707594317134,   -0.00000338804554,    0.00000000000000,   -0.00000612245559,    1.80022314866916,    0.00000000000000,    1.80022314866916,   35.28763635117361,    0.00000000000000,
  305,    2,    1.90312500000000,    0.00937500000000,    1.80707594317134,    0.00000000000000,    1.80707594317134,   -0.00000338804554,    0.00000000000000,   -0.00000612245559,    1.80022314866916,    0.00000000000000,    1.80022314866916,   35.28763635117361,    0.00000000000000,
  305,    3,    1.90312500000000,    0.01562500000000,    1.80707594317134,    0.00000000000000,    1.80707594317134,   -0.00000338804554,    0.00000000000000,   -0.00000612245559,    1.80022314866916,    0.00000000000000,    1.80022314866916,   35.28763635117361,    0.00000000000000,
  305,    4,    1.90312500000000,    0.02187500000000,    1.80707594317134,    0.00000000000000,    1.80707594317134,   -0.00000338804554,    0.00000000000000,   -0.00000612245559,    1.80022314866916,    0.00000000000000,    1.80022314866916,   35.28763635117361,    0.00000000000000,
  305,    5,    1.90312500000000,    0.02812500000000,    1.80707594317134,    0.00000000000000,    1.80707594317134,   -0.00000338804554,    0.00000000000000,   -0.00000612245559,    1.80022314866916,    0.00000000000000,    1.80022314866916,   35.28763635117361,    0.00000000000000,
  306,    1,    1.90937500000000,    0.00312500000000,    1.81955498126135,    0.00000000000000,    1.81955498126135,   -0.00000334077965,    0.00000000000000,   -0.00000607873226,    1.81274926715247,    0.00000000000000,    1.81274926715247,   35.74545260020150,    0.00000000000000,
  306,    2,    1.90937500000000,    0.00937500000000,    1.81955498126135,    0.00000000000000,    1.81955498126135,   -0.00000334077965,    0.00000000000000,   -0.00000607873226,    1.81274926715247,    0.00000000000000,    1.81274926715247,   35.74545260020150,    0.00000000000000,
  306,    3,    1.90937500000000,    0.01562500000000,    1.81955498126135,    0.00000000000000,    1.81955498126135,   -0.00000334077965,    0.00000000000000,   -0.00000607873226,    1.81274926715247,    0.00000000000000,    1.81274926715247,   35.74545260020150,    0.00000000000000,
  306,    4,    1.90937500000000,    0.02187500000000,    1.81955498126135,    0.00000000000000,    1.81955498126135,   -0.00000334077965,    0.00000000000000,   -0.00000607873226,    1.81274926715247,    0.00000000000000,    1.81274926715247,   35.74545260020150,    0.00000000000000,
  306,    5,    1.90937500000000,    0.02812500000000,    1.81955498126135,    0.00000000000000,    1.81955498126135,   -0.00000334077965,    0.00000000000000,   -0.00000607873226,    1.81274926715247,    0.00000000000000,    1.81274926715247,   35.74545260020150,    0.00000000000000,
  307,    1,    1.91562500000000,    0.00312500000000,    1.83210658874999,    0.00000000000000,    1.83210658874999,   -0.00000329214473,    0.00000000000000,   -0.00000603156004,    1.82534757435778,    0.00000000000000,    1.82534757435778,   36.19375819830925,    0.00000000000000,
  307,    2,    1.91562500000000,    0.00937500000000,    1.83210658874999,    0.00000000000000,    1.83210658874999,   -0.00000329214473,    0.00000000000000,   -0.00000603156004,    1.82534757435778,    0.00000000000000,    1.82534757435778,   36.19375819830925,    0.00000000000000,
  307,    3,    1.91562500000000,    0.01562500000000,    1.83210658874999,    0.00000000000000,    1.83210658874999,   -0.00000329214473,    0.00000000000000,   -0.00000603156004,    1.82534757435778,    0.00000000000000,    1.82534757435778,   36.19375819830925,    0.00000000000000,
  307,    4,    1.91562500000000,    0.02187500000000,    1.83210658874999,    0.00000000000000,    1.83210658874999,   -0.00000329214473,    0.00000000000000,   -0.00000603156004,    1.82534757435778,    0.00000000000000,    1.82534757435778,   36.19375819830925,    0.00000000000000,
  307,    5,    1.91562500000000,    0.02812500000000,    1.83210658874999,    0.00000000000000,    1.83210658874999,   -0.00000329214473,    0.00000000000000,   -0.00000603156004,    1.82534757435778,    0.00000000000000,    1.82534757435778,   36.19375819830925,    0.00000000000000,
  308,    1,    1.92187500000000,    0.00312500000000,    1.84472592417683,    0.00000000000000,    1.84472592417683,   -0.00000324224996,    0.00000000000000,   -0.00000598106255,    1.83801321339782,    0.00000000000000,    1.83801321339782,   36.63211515063089,    0.00000000000000,
  308,    2,    1.92187500000000,    0.00937500000000,    1.84472592417683,    0.00000000000000,    1.84472592417683,   -0.00000324224996,    0.00000000000000,   -0.00000598106255,    1.83801321339782,    0.00000000000000,    1.83801321339782,   36.63211515063089,    0.00000000000000,
  308,    3,    1.92187500000000,    0.01562500000000,    1.84472592417683,    0.00000000000000,    1.84472592417683,   -0.00000324224996,    0.00000000000000,   -0.00000598106255,    1.83801321339782,    0.00000000000000,    1.83801321339782,   36.63211515063089,    0.00000000000000,
  308,    4,    1.92187500000000,    0.02187500000000,    1.84472592417683,    0.00000000000000,    1.84472592417683,   -0.00000324224996,    0.00000000000000,   -0.00000598106255,    1.83801321339782,    0.00000000000000,    1.83801321339782,   36.63211515063089,    0.00000000000000,
  308,    5,    1.92187500000000,    0.02812500000000,    1.84472592417683,    0.00000000000000,    1.84472592417683,   -0.00000324224996,    0.00000000000000,   -0.00000598106255,    1.83801321339782,    0.00000000000000,    1.83801321339782,   36.63211515063089,    0.00000000000000,
  309,    1,    1.92812500000000,    0.00312500000000,    1.85740811922151,    0.00000000000000,    1.85740811922151,   -0.00000319120279,    0.00000000000000,   -0.00000592736597,    1.85074130142767,    0.00000000000000,    1.85074130142767,   37.06008312267875,    0.00000000000000,
  309,    2,    1.92812500000000,    0.00937500000000,    1.85740811922151,    0.00000000000000,    1.85740811922151,   -0.00000319120279,    0.00000000000000,   -0.00000592736597,    1.85074130142767,    0.00000000000000,    1.85074130142767,   37.06008312267875,    0.00000000000000,
  309,    3,    1.92812500000000,    0.01562500000000,    1.85740811922151,    0.00000000000000,    1.85740811922151,   -0.00000319120279,    0.00000000000000,   -0.00000592736597,    1.85074130142767,    0.00000000000000,    1.85074130142767,   37.06008312267875,    0.00000000000000,
  309,    4,    1.92812500000000,    0.02187500000000,    1.85740811922151,    0.00000000000000,    1.85740811922151,   -0.00000319120279,    0.00000000000000,   -0.00000592736597,    1.85074130142767,    0.00000000000000,    1.85074130142767,   37.06008312267875,    0.00000000000000,
  309,    5,    1.92812500000000,    0.02812500000000,    1.85740811922151,    0.00000000000000,    1.85740811922151,   -0.00000319120279,    0.00000000000000,   -0.00000592736597,    1.85074130142767,    0.00000000000000,    1.85074130142767,   37.06008312267875,    0.00000000000000,
  310,    1,    1.93437500000000,    0.00312500000000,    1.87014828061206,    0.00000000000000,    1.87014828061206,   -0.00000313910870,    0.00000000000000,   -0.00000587059875,    1.86352693152708,    0.00000000000000,    1.86352693152708,   37.47722002848653,    0.00000000000000,
  310,    2,    1.93437500000000,    0.00937500000000,    1.87014828061206,    0.00000000000000,    1.87014828061206,   -0.00000313910870,    0.00000000000000,   -0.00000587059875,    1.86352693152708,    0.00000000000000,    1.86352693152708,   37.47722002848653,    0.00000000000000,
  310,    3,    1.93437500000000,    0.01562500000000,    1.87014828061206,    0.00000000000000,    1.87014828061206,   -0.00000313910870,    0.00000000000000,   -0.00000587059875,    1.86352693152708,    0.00000000000000,    1.86352693152708,   37.47722002848653,    0.00000000000000,
  310,    4,    1.93437500000000,    0.02187500000000,    1.87014828061206,    0.00000000000000,    1.87014828061206,   -0.00000313910870,    0.00000000000000,   -0.00000587059875,    1.86352693152708,    0.00000000000000,    1.86352693152708,   37.47722002848653,    0.00000000000000,
  310,    5,    1.93437500000000,    0.02812500000000,    1.87014828061206,    0.00000000000000,    1.87014828061206,   -0.00000313910870,    0.00000000000000,   -0.00000587059875,    1.86352693152708,    0.00000000000000,    1.86352693152708,   37.47722002848653,    0.00000000000000,
  311,    1,    1.94062500000000,    0.00312500000000,    1.88294149204290,    0.00000000000000,    1.88294149204290,   -0.00000308607109,    0.00000000000000,   -0.00000581089131,    1.87636517459227,    0.00000000000000,    1.87636517459227,   37.88308262830403,    0.00000000000000,
  311,    2,    1.94062500000000,    0.00937500000000,    1.88294149204290,    0.00000000000000,    1.88294149204290,   -0.00000308607109,    0.00000000000000,   -0.00000581089131,    1.87636517459227,    0.00000000000000,    1.87636517459227,   37.88308262830403,    0.00000000000000,
  311,    3,    1.94062500000000,    0.01562500000000,    1.88294149204290,    0.00000000000000,    1.88294149204290,   -0.00000308607109,    0.00000000000000,   -0.00000581089131,    1.87636517459227,    0.00000000000000,    1.87636517459227,   37.88308262830403,    0.00000000000000,
  311,    4,    1.94062500000000,    0.02187500000000,    1.88294149204290,    0.00000000000000,    1.88294149204290,   -0.00000308607109,    0.00000000000000,   -0.00000581089131,    1.87636517459227,    0.00000000000000,    1.87636517459227,   37.88308262830403,    0.00000000000000,
  311,    5,    1.94062500000000,    0.02812500000000,    1.88294149204290,    0.00000000000000,    1.88294149204290,   -0.00000308607109,    0.00000000000000,   -0.00000581089131,    1.87636517459227,    0.00000000000000,    1.87636517459227,   37.88308262830403,    0.00000000000000,
  312,    1,    1.94687500000000,    0.00312500000000,    1.89578281610181,    0.00000000000000,    1.89578281610181,   -0.00000303219108,    0.00000000000000,   -0.00000574837575,    1.88925108123616,    0.00000000000000,    1.88925108123616,   38.27722713495438,    0.00000000000000,
  312,    2,    1.94687500000000,    0.00937500000000,    1.89578281610181,    0.00000000000000,    1.89578281610181,   -0.00000303219108,    0.00000000000000,   -0.00000574837575,    1.88925108123616,    0.00000000000000,    1.88925108123616,   38.27722713495438,    0.00000000000000,
  312,    3,    1.94687500000000,    0.01562500000000,    1.89578281610181,    0.00000000000000,    1.89578281610181,   -0.00000303219108,    0.00000000000000,   -0.00000574837575,    1.88925108123616,    0.00000000000000,    1.88925108123616,   38.27722713495438,    0.00000000000000,
  312,    4,    1.94687500000000,    0.02187500000000,    1.89578281610181,    0.00000000000000,    1.89578281610181,   -0.00000303219108,    0.00000000000000,   -0.00000574837575,    1.88925108123616,    0.00000000000000,    1.88925108123616,   38.27722713495438,    0.00000000000000,
  312,    5,    1.94687500000000,    0.02812500000000,    1.89578281610181,    0.00000000000000,    1.89578281610181,   -0.00000303219108,    0.00000000000000,   -0.00000574837575,    1.88925108123616,    0.00000000000000,    1.88925108123616,   38.27722713495438,    0.00000000000000,
  313,    1,    1.95312500000000,    0.00312500000000,    1.90866729620480,    0.00000000000000,    1.90866729620480,   -0.00000297756741,    0.00000000000000,   -0.00000568318553,    1.90217968369643,    0.00000000000000,    1.90217968369643,   38.65920982794798,    0.00000000000000,
  313,    2,    1.95312500000000,    0.00937500000000,    1.90866729620480,    0.00000000000000,    1.90866729620480,   -0.00000297756741,    0.00000000000000,   -0.00000568318553,    1.90217968369643,    0.00000000000000,    1.90217968369643,   38.65920982794798,    0.00000000000000,
  313,    3,    1.95312500000000,    0.01562500000000,    1.90866729620480,    0.00000000000000,    1.90866729620480,   -0.00000297756741,    0.00000000000000,   -0.00000568318553,    1.90217968369643,    0.00000000000000,    1.90217968369643,   38.65920982794798,    0.00000000000000,
  313,    4,    1.95312500000000,    0.02187500000000,    1.90866729620480,    0.00000000000000,    1.90866729620480,   -0.00000297756741,    0.00000000000000,   -0.00000568318553,    1.90217968369643,    0.00000000000000,    1.90217968369643,   38.65920982794798,    0.00000000000000,
  313,    5,    1.95312500000000,    0.02812500000000,    1.90866729620480,    0.00000000000000,    1.90866729620480,   -0.00000297756741,    0.00000000000000,   -0.00000568318553,    1.90217968369643,    0.00000000000000,    1.90217968369643,   38.65920982794798,    0.00000000000000,
  314,    1,    1.95937500000000,    0.00312500000000,    1.92158995853841,    0.00000000000000,    1.92158995853841,   -0.00000292229628,    0.00000000000000,   -0.00000561545519,    1.91514599775072,    0.00000000000000,    1.91514599775072,   39.02858767443397,    0.00000000000000,
  314,    2,    1.95937500000000,    0.00937500000000,    1.92158995853841,    0.00000000000000,    1.92158995853841,   -0.00000292229628,    0.00000000000000,   -0.00000561545519,    1.91514599775072,    0.00000000000000,    1.91514599775072,   39.02858767443397,    0.00000000000000,
  314,    3,    1.95937500000000,    0.01562500000000,    1.92158995853841,    0.00000000000000,    1.92158995853841,   -0.00000292229628,    0.00000000000000,   -0.00000561545519,    1.91514599775072,    0.00000000000000,    1.91514599775072,   39.02858767443397,    0.00000000000000,
  314,    4,    1.95937500000000,    0.02187500000000,    1.92158995853841,    0.00000000000000,    1.92158995853841,   -0.00000292229628,    0.00000000000000,   -0.00000561545519,    1.91514599775072,    0.00000000000000,    1.91514599775072,   39.02858767443397,    0.00000000000000,
  314,    5,    1.95937500000000,    0.02812500000000,    1.92158995853841,    0.00000000000000,    1.92158995853841,   -0.00000292229628,    0.00000000000000,   -0.00000561545519,    1.91514599775072,    0.00000000000000,    1.91514599775072,   39.02858767443397,    0.00000000000000,
  315,    1,    1.96562500000000,    0.00312500000000,    1.93454581400811,    0.00000000000000,    1.93454581400811,   -0.00000286647130,    0.00000000000000,   -0.00000554532005,    1.92814502463816,    0.00000000000000,    1.92814502463816,   39.38491895605551,    0.00000000000000,
  315,    2,    1.96562500000000,    0.00937500000000,    1.93454581400811,    0.00000000000000,    1.93454581400811,   -0.00000286647130,    0.00000000000000,   -0.00000554532005,    1.92814502463816,    0.00000000000000,    1.92814502463816,   39.38491895605551,    0.00000000000000,
  315,    3,    1.96562500000000,    0.01562500000000,    1.93454581400811,    0.00000000000000,    1.93454581400811,   -0.00000286647130,    0.00000000000000,   -0.00000554532005,    1.92814502463816,    0.00000000000000,    1.92814502463816,   39.38491895605551,    0.00000000000000,
  315,    4,    1.96562500000000,    0.02187500000000,    1.93454581400811,    0.00000000000000,    1.93454581400811,   -0.00000286647130,    0.00000000000000,   -0.00000554532005,    1.92814502463816,    0.00000000000000,    1.92814502463816,   39.38491895605551,    0.00000000000000,
  315,    5,    1.96562500000000,    0.02812500000000,    1.93454581400811,    0.00000000000000,    1.93454581400811,   -0.00000286647130,    0.00000000000000,   -0.00000554532005,    1.92814502463816,    0.00000000000000,    1.92814502463816,   39.38491895605551,    0.00000000000000,
  316,    1,    1.97187500000000,    0.00312500000000,    1.94752986019258,    0.00000000000000,    1.94752986019258,   -0.00000281018331,    0.00000000000000,   -0.00000547291591,    1.94117175298642,    0.00000000000000,    1.94117175298642,   39.72776390076457,    0.00000000000000,
  316,    2,    1.97187500000000,    0.00937500000000,    1.94752986019258,    0.00000000000000,    1.94752986019258,   -0.00000281018331,    0.00000000000000,   -0.00000547291591,    1.94117175298642,    0.00000000000000,    1.94117175298642,   39.72776390076457,    0.00000000000000,
  316,    3,    1.97187500000000,    0.01562500000000,    1.94752986019258,    0.00000000000000,    1.94752986019258,   -0.00000281018331,    0.00000000000000,   -0.00000547291591,    1.94117175298642,    0.00000000000000,    1.94117175298642,   39.72776390076457,    0.00000000000000,
  316,    4,    1.97187500000000,    0.02187500000000,    1.94752986019258,    0.00000000000000,    1.94752986019258,   -0.00000281018331,    0.00000000000000,   -0.00000547291591,    1.94117175298642,    0.00000000000000,    1.94117175298642,   39.72776390076457,    0.00000000000000,
  316,    5,    1.97187500000000,    0.02812500000000,    1.94752986019258,    0.00000000000000,    1.94752986019258,   -0.00000281018331,    0.00000000000000,   -0.00000547291591,    1.94117175298642,    0.00000000000000,    1.94117175298642,   39.72776390076457,    0.00000000000000,
  317,    1,    1.97812500000000,    0.00312500000000,    1.96053708330243,    0.00000000000000,    1.96053708330243,   -0.00000275352035,    0.00000000000000,   -0.00000539837875,    1.95422116074375,    0.00000000000000,    1.95422116074375,   40.05668531864061,    0.00000000000000,
  317,    2,    1.97812500000000,    0.00937500000000,    1.96053708330243,    0.00000000000000,    1.96053708330243,   -0.00000275352035,    0.00000000000000,   -0.00000539837875,    1.95422116074375,    0.00000000000000,    1.95422116074375,   40.05668531864061,    0.00000000000000,
  317,    3,    1.97812500000000,    0.01562500000000,    1.96053708330243,    0.00000000000000,    1.96053708330243,   -0.00000275352035,    0.00000000000000,   -0.00000539837875,    1.95422116074375,    0.00000000000000,    1.95422116074375,   40.05668531864061,    0.00000000000000,
  317,    4,    1.97812500000000,    0.02187500000000,    1.96053708330243,    0.00000000000000,    1.96053708330243,   -0.00000275352035,    0.00000000000000,   -0.00000539837875,    1.95422116074375,    0.00000000000000,    1.95422116074375,   40.05668531864061,    0.00000000000000,
  317,    5,    1.97812500000000,    0.02812500000000,    1.96053708330243,    0.00000000000000,    1.96053708330243,   -0.00000275352035,    0.00000000000000,   -0.00000539837875,    1.95422116074375,    0.00000000000000,    1.95422116074375,   40.05668531864061,    0.00000000000000,
  318,    1,    1.98437500000000,    0.00312500000000,    1.97356246014308,    0.00000000000000,    1.97356246014308,   -0.00000269656755,    0.00000000000000,   -0.00000532184449,    1.96728821711505,    0.00000000000000,    1.96728821711505,   40.37124924074912,    0.00000000000000,
  318,    2,    1.98437500000000,    0.00937500000000,    1.97356246014308,    0.00000000000000,    1.97356246014308,   -0.00000269656755,    0.00000000000000,   -0.00000532184449,    1.96728821711505,    0.00000000000000,    1.96728821711505,   40.37124924074912,    0.00000000000000,
  318,    3,    1.98437500000000,    0.01562500000000,    1.97356246014308,    0.00000000000000,    1.97356246014308,   -0.00000269656755,    0.00000000000000,   -0.00000532184449,    1.96728821711505,    0.00000000000000,    1.96728821711505,   40.37124924074912,    0.00000000000000,
  318,    4,    1.98437500000000,    0.02187500000000,    1.97356246014308,    0.00000000000000,    1.97356246014308,   -0.00000269656755,    0.00000000000000,   -0.00000532184449,    1.96728821711505,    0.00000000000000,    1.96728821711505,   40.37124924074912,    0.00000000000000,
  318,    5,    1.98437500000000,    0.02812500000000,    1.97356246014308,    0.00000000000000,    1.97356246014308,   -0.00000269656755,    0.00000000000000,   -0.00000532184449,    1.96728821711505,    0.00000000000000,    1.96728821711505,   40.37124924074912,    0.00000000000000,
  319,    1,    1.99062500000000,    0.00312500000000,    1.98660096008057,    0.00000000000000,    1.98660096008057,   -0.00000263940710,    0.00000000000000,   -0.00000524344869,    1.98036788450136,    0.00000000000000,    1.98036788450136,   40.67102556006879,    0.00000000000000,
  319,    2,    1.99062500000000,    0.00937500000000,    1.98660096008057,    0.00000000000000,    1.98660096008057,   -0.00000263940710,    0.00000000000000,   -0.00000524344869,    1.98036788450136,    0.00000000000000,    1.98036788450136,   40.67102556006879,    0.00000000000000,
  319,    3,    1.99062500000000,    0.01562500000000,    1.98660096008057,    0.00000000000000,    1.98660096008057,   -0.00000263940710,    0.00000000000000,   -0.00000524344869,    1.98036788450136,    0.00000000000000,    1.98036788450136,   40.67102556006879,    0.00000000000000,
  319,    4,    1.99062500000000,    0.02187500000000,    1.98660096008057,    0.00000000000000,    1.98660096008057,   -0.00000263940710,    0.00000000000000,   -0.00000524344869,    1.98036788450136,    0.00000000000000,    1.98036788450136,   40.67102556006879,    0.00000000000000,
  319,    5,    1.99062500000000,    0.02812500000000,    1.98660096008057,    0.00000000000000,    1.98660096008057,   -0.00000263940710,    0.00000000000000,   -0.00000524344869,    1.98036788450136,    0.00000000000000,    1.98036788450136,   40.67102556006879,    0.00000000000000,
  320,    1,    1.99687500000000,    0.00312500000000,    1.99964754700981,    0.00000000000000,    1.99964754700981,   -0.00000258211817,    0.00000000000000,   -0.00000516332626,    1.99345512044190,    0.00000000000000,    1.99345512044190,   40.95558867350966,    0.00000000000000,
  320,    2,    1.99687500000000,    0.00937500000000,    1.99964754700981,    0.00000000000000,    1.99964754700981,   -0.00000258211817,    0.00000000000000,   -0.00000516332626,    1.99345512044190,    0.00000000000000,    1.99345512044190,   40.95558867350966,    0.00000000000000,
  320,    3,    1.99687500000000,    0.01562500000000,    1.99964754700981,    0.00000000000000,    1.99964754700981,   -0.00000258211817,    0.00000000000000,   -0.00000516332626,    1.99345512044190,    0.00000000000000,    1.99345512044190,   40.95558867350966,    0.00000000000000,
  320,    4,    1.99687500000000,    0.02187500000000,    1.99964754700981,    0.00000000000000,    1.99964754700981,   -0.00000258211817,    0.00000000000000,   -0.00000516332626,    1.99345512044190,    0.00000000000000,    1.99345512044190,   40.95558867350966,    0.00000000000000,
  320,    5,    1.99687500000000,    0.02812500000000,    1.99964754700981,    0.00000000000000,    1.99964754700981,   -0.00000258211817,    0.00000000000000,   -0.00000516332626,    1.99345512044190,    0.00000000000000,    1.99345512044190,   40.95558867350966,    0.00000000000000,
