x (nodes),y (nodes),x (m),y (m),h + zb (m),zb (m),h (m),u (m/s),v (m/s), q (m^2/s), h analytical (m), u analytical (m/s), h analytical + zb (m) , Fx (m^2/s^2), Fy (m^2/s^2)
    1,    1,    0.00156250000000,    0.00156250000000,    2.00635294009483,    0.00000000000000,    2.00635294009483,   -0.00000580145996,   -0.00000000000000,   -0.00001163977625,    2.00327247920533,    0.00000000000000,    2.00327247920533,   41.15877419947851,    0.00000000000000,
    1,    2,    0.00156250000000,    0.00468750000000,    2.00635294009483,    0.00000000000000,    2.00635294009483,   -0.00000580145996,   -0.00000000000000,   -0.00001163977625,    2.00327247920533,    0.00000000000000,    2.00327247920533,   41.15877419947851,    0.00000000000000,
    1,    3,    0.00156250000000,    0.00781250000000,    2.00635294009483,    0.00000000000000,    2.00635294009483,   -0.00000580145996,   -0.00000000000000,   -0.00001163977625,    2.00327247920533,    0.00000000000000,    2.00327247920533,   41.15877419947851,    0.00000000000000,
    1,    4,    0.00156250000000,    0.01093750000000,    2.00635294009483,    0.00000000000000,    2.00635294009483,   -0.00000580145996,   -0.00000000000000,   -0.00001163977625,    2.00327247920533,    0.00000000000000,    2.00327247920533,   41.15877419947851,    0.00000000000000,
    1,    5,    0.00156250000000,    0.01406250000000,    2.00635294009483,    0.00000000000000,    2.00635294009483,   -0.00000580145996,   -0.00000000000000,   -0.00001163977625,    2.00327247920533,    0.00000000000000,    2.00327247920533,   41.15877419947851,    0.00000000000000,
    2,    1,    0.00468750000000,    0.00156250000000,    2.01288784323003,    0.00000000000000,    2.01288784323003,   -0.00000588925727,   -0.00000000000000,   -0.00001185441437,    2.00981712220764,    0.00000000000000,    2.00981712220764,   41.28925899643094,    0.00000000000000,
    2,    2,    0.00468750000000,    0.00468750000000,    2.01288784323003,    0.00000000000000,    2.01288784323003,   -0.00000588925727,   -0.00000000000000,   -0.00001185441437,    2.00981712220764,    0.00000000000000,    2.00981712220764,   41.28925899643094,    0.00000000000000,
    2,    3,    0.00468750000000,    0.00781250000000,    2.01288784323003,    0.00000000000000,    2.01288784323003,   -0.00000588925727,   -0.00000000000000,   -0.00001185441437,    2.00981712220764,    0.00000000000000,    2.00981712220764,   41.28925899643094,    0.00000000000000,
    2,    4,    0.00468750000000,    0.01093750000000,    2.01288784323003,    0.00000000000000,    2.01288784323003,   -0.00000588925727,   -0.00000000000000,   -0.00001185441437,    2.00981712220764,    0.00000000000000,    2.00981712220764,   41.28925899643094,    0.00000000000000,
    2,    5,    0.00468750000000,    0.01406250000000,    2.01288784323003,    0.00000000000000,    2.01288784323003,   -0.00000588925727,   -0.00000000000000,   -0.00001185441437,    2.00981712220764,    0.00000000000000,    2.00981712220764,   41.28925899643094,    0.00000000000000,
    3,    1,    0.00781250000000,    0.00156250000000,    2.01942186652301,    0.00000000000000,    2.01942186652301,   -0.00000597537254,   -0.00000000000000,   -0.00001206679797,    2.01636081901527,    0.00000000000000,    2.01636081901527,   41.41570593526648,    0.00000000000000,
    3,    2,    0.00781250000000,    0.00468750000000,    2.01942186652301,    0.00000000000000,    2.01942186652301,   -0.00000597537254,   -0.00000000000000,   -0.00001206679797,    2.01636081901527,    0.00000000000000,    2.01636081901527,   41.41570593526648,    0.00000000000000,
    3,    3,    0.00781250000000,    0.00781250000000,    2.01942186652301,    0.00000000000000,    2.01942186652301,   -0.00000597537254,   -0.00000000000000,   -0.00001206679797,    2.01636081901527,    0.00000000000000,    2.01636081901527,   41.41570593526648,    0.00000000000000,
    3,    4,    0.00781250000000,    0.01093750000000,    2.01942186652301,    0.00000000000000,    2.01942186652301,   -0.00000597537254,   -0.00000000000000,   -0.00001206679797,    2.01636081901527,    0.00000000000000,    2.01636081901527,   41.41570593526648,    0.00000000000000,
    3,    5,    0.00781250000000,    0.01406250000000,    2.01942186652301,    0.00000000000000,    2.01942186652301,   -0.00000597537254,   -0.00000000000000,   -0.00001206679797,    2.01636081901527,    0.00000000000000,    2.01636081901527,   41.41570593526648,    0.00000000000000,
    4,    1,    0.01093750000000,    0.00156250000000,    2.02595437952171,    0.00000000000000,    2.02595437952171,   -0.00000605978317,   -0.00000000000000,   -0.00001227684425,    2.02290293893312,    0.00000000000000,    2.02290293893312,   41.53806397814665,    0.00000000000000,
    4,    2,    0.01093750000000,    0.00468750000000,    2.02595437952171,    0.00000000000000,    2.02595437952171,   -0.00000605978317,   -0.00000000000000,   -0.00001227684425,    2.02290293893312,    0.00000000000000,    2.02290293893312,   41.53806397814665,    0.00000000000000,
    4,    3,    0.01093750000000,    0.00781250000000,    2.02595437952171,    0.00000000000000,    2.02595437952171,   -0.00000605978317,   -0.00000000000000,   -0.00001227684425,    2.02290293893312,    0.00000000000000,    2.02290293893312,   41.53806397814665,    0.00000000000000,
    4,    4,    0.01093750000000,    0.01093750000000,    2.02595437952171,    0.00000000000000,    2.02595437952171,   -0.00000605978317,   -0.00000000000000,   -0.00001227684425,    2.02290293893312,    0.00000000000000,    2.02290293893312,   41.53806397814665,    0.00000000000000,
    4,    5,    0.01093750000000,    0.01406250000000,    2.02595437952171,    0.00000000000000,    2.02595437952171,   -0.00000605978317,   -0.00000000000000,   -0.00001227684425,    2.02290293893312,    0.00000000000000,    2.02290293893312,   41.53806397814665,    0.00000000000000,
    5,    1,    0.01406250000000,    0.00156250000000,    2.03248475191039,    0.00000000000000,    2.03248475191039,   -0.00000614246757,   -0.00000000000000,   -0.00001248447167,    2.02944285141804,    0.00000000000000,    2.02944285141804,   41.65628251878788,    0.00000000000000,
    5,    2,    0.01406250000000,    0.00468750000000,    2.03248475191039,    0.00000000000000,    2.03248475191039,   -0.00000614246757,   -0.00000000000000,   -0.00001248447167,    2.02944285141804,    0.00000000000000,    2.02944285141804,   41.65628251878788,    0.00000000000000,
    5,    3,    0.01406250000000,    0.00781250000000,    2.03248475191039,    0.00000000000000,    2.03248475191039,   -0.00000614246757,   -0.00000000000000,   -0.00001248447167,    2.02944285141804,    0.00000000000000,    2.02944285141804,   41.65628251878788,    0.00000000000000,
    5,    4,    0.01406250000000,    0.01093750000000,    2.03248475191039,    0.00000000000000,    2.03248475191039,   -0.00000614246757,   -0.00000000000000,   -0.00001248447167,    2.02944285141804,    0.00000000000000,    2.02944285141804,   41.65628251878788,    0.00000000000000,
    5,    5,    0.01406250000000,    0.01406250000000,    2.03248475191039,    0.00000000000000,    2.03248475191039,   -0.00000614246757,   -0.00000000000000,   -0.00001248447167,    2.02944285141804,    0.00000000000000,    2.02944285141804,   41.65628251878788,    0.00000000000000,
    6,    1,    0.01718750000000,    0.00156250000000,    2.03901235357073,    0.00000000000000,    2.03901235357073,   -0.00000622340514,   -0.00000000000000,   -0.00001268959997,    2.03597992613967,    0.00000000000000,    2.03597992613967,   41.77031140230221,    0.00000000000000,
    6,    2,    0.01718750000000,    0.00468750000000,    2.03901235357073,    0.00000000000000,    2.03901235357073,   -0.00000622340514,   -0.00000000000000,   -0.00001268959997,    2.03597992613967,    0.00000000000000,    2.03597992613967,   41.77031140230221,    0.00000000000000,
    6,    3,    0.01718750000000,    0.00781250000000,    2.03901235357073,    0.00000000000000,    2.03901235357073,   -0.00000622340514,   -0.00000000000000,   -0.00001268959997,    2.03597992613967,    0.00000000000000,    2.03597992613967,   41.77031140230221,    0.00000000000000,
    6,    4,    0.01718750000000,    0.01093750000000,    2.03901235357073,    0.00000000000000,    2.03901235357073,   -0.00000622340514,   -0.00000000000000,   -0.00001268959997,    2.03597992613967,    0.00000000000000,    2.03597992613967,   41.77031140230221,    0.00000000000000,
    6,    5,    0.01718750000000,    0.01406250000000,    2.03901235357073,    0.00000000000000,    2.03901235357073,   -0.00000622340514,   -0.00000000000000,   -0.00001268959997,    2.03597992613967,    0.00000000000000,    2.03597992613967,   41.77031140230221,    0.00000000000000,
    7,    1,    0.02031250000000,    0.00156250000000,    2.04553655464312,    0.00000000000000,    2.04553655464312,   -0.00000630257631,   -0.00000000000000,   -0.00001289215022,    2.04251353304112,    0.00000000000000,    2.04251353304112,   41.88010094497433,    0.00000000000000,
    7,    2,    0.02031250000000,    0.00468750000000,    2.04553655464312,    0.00000000000000,    2.04553655464312,   -0.00000630257631,   -0.00000000000000,   -0.00001289215022,    2.04251353304112,    0.00000000000000,    2.04251353304112,   41.88010094497433,    0.00000000000000,
    7,    3,    0.02031250000000,    0.00781250000000,    2.04553655464312,    0.00000000000000,    2.04553655464312,   -0.00000630257631,   -0.00000000000000,   -0.00001289215022,    2.04251353304112,    0.00000000000000,    2.04251353304112,   41.88010094497433,    0.00000000000000,
    7,    4,    0.02031250000000,    0.01093750000000,    2.04553655464312,    0.00000000000000,    2.04553655464312,   -0.00000630257631,   -0.00000000000000,   -0.00001289215022,    2.04251353304112,    0.00000000000000,    2.04251353304112,   41.88010094497433,    0.00000000000000,
    7,    5,    0.02031250000000,    0.01406250000000,    2.04553655464312,    0.00000000000000,    2.04553655464312,   -0.00000630257631,   -0.00000000000000,   -0.00001289215022,    2.04251353304112,    0.00000000000000,    2.04251353304112,   41.88010094497433,    0.00000000000000,
    8,    1,    0.02343750000000,    0.00156250000000,    2.05205672558754,    0.00000000000000,    2.05205672558754,   -0.00000637996245,   -0.00000000000000,   -0.00001309204486,    2.04904304239978,    0.00000000000000,    2.04904304239978,   41.98560195396731,    0.00000000000000,
    8,    2,    0.02343750000000,    0.00468750000000,    2.05205672558754,    0.00000000000000,    2.05205672558754,   -0.00000637996245,   -0.00000000000000,   -0.00001309204486,    2.04904304239978,    0.00000000000000,    2.04904304239978,   41.98560195396731,    0.00000000000000,
    8,    3,    0.02343750000000,    0.00781250000000,    2.05205672558754,    0.00000000000000,    2.05205672558754,   -0.00000637996245,   -0.00000000000000,   -0.00001309204486,    2.04904304239978,    0.00000000000000,    2.04904304239978,   41.98560195396731,    0.00000000000000,
    8,    4,    0.02343750000000,    0.01093750000000,    2.05205672558754,    0.00000000000000,    2.05205672558754,   -0.00000637996245,   -0.00000000000000,   -0.00001309204486,    2.04904304239978,    0.00000000000000,    2.04904304239978,   41.98560195396731,    0.00000000000000,
    8,    5,    0.02343750000000,    0.01406250000000,    2.05205672558754,    0.00000000000000,    2.05205672558754,   -0.00000637996245,   -0.00000000000000,   -0.00001309204486,    2.04904304239978,    0.00000000000000,    2.04904304239978,   41.98560195396731,    0.00000000000000,
    9,    1,    0.02656250000000,    0.00156250000000,    2.05857223724494,    0.00000000000000,    2.05857223724494,   -0.00000645554596,   -0.00000000000000,   -0.00001328920768,    2.05556782488793,    0.00000000000000,    2.05556782488793,   42.08676574694910,    0.00000000000000,
    9,    2,    0.02656250000000,    0.00468750000000,    2.05857223724494,    0.00000000000000,    2.05857223724494,   -0.00000645554596,   -0.00000000000000,   -0.00001328920768,    2.05556782488793,    0.00000000000000,    2.05556782488793,   42.08676574694910,    0.00000000000000,
    9,    3,    0.02656250000000,    0.00781250000000,    2.05857223724494,    0.00000000000000,    2.05857223724494,   -0.00000645554596,   -0.00000000000000,   -0.00001328920768,    2.05556782488793,    0.00000000000000,    2.05556782488793,   42.08676574694910,    0.00000000000000,
    9,    4,    0.02656250000000,    0.01093750000000,    2.05857223724494,    0.00000000000000,    2.05857223724494,   -0.00000645554596,   -0.00000000000000,   -0.00001328920768,    2.05556782488793,    0.00000000000000,    2.05556782488793,   42.08676574694910,    0.00000000000000,
    9,    5,    0.02656250000000,    0.01406250000000,    2.05857223724494,    0.00000000000000,    2.05857223724494,   -0.00000645554596,   -0.00000000000000,   -0.00001328920768,    2.05556782488793,    0.00000000000000,    2.05556782488793,   42.08676574694910,    0.00000000000000,
   10,    1,    0.02968750000000,    0.00156250000000,    2.06508246089791,    0.00000000000000,    2.06508246089791,   -0.00000652931017,   -0.00000000000000,   -0.00001348356391,    2.06208725163347,    0.00000000000000,    2.06208725163347,   42.18354417163260,    0.00000000000000,
   10,    2,    0.02968750000000,    0.00468750000000,    2.06508246089791,    0.00000000000000,    2.06508246089791,   -0.00000652931017,   -0.00000000000000,   -0.00001348356391,    2.06208725163347,    0.00000000000000,    2.06208725163347,   42.18354417163260,    0.00000000000000,
   10,    3,    0.02968750000000,    0.00781250000000,    2.06508246089791,    0.00000000000000,    2.06508246089791,   -0.00000652931017,   -0.00000000000000,   -0.00001348356391,    2.06208725163347,    0.00000000000000,    2.06208725163347,   42.18354417163260,    0.00000000000000,
   10,    4,    0.02968750000000,    0.01093750000000,    2.06508246089791,    0.00000000000000,    2.06508246089791,   -0.00000652931017,   -0.00000000000000,   -0.00001348356391,    2.06208725163347,    0.00000000000000,    2.06208725163347,   42.18354417163260,    0.00000000000000,
   10,    5,    0.02968750000000,    0.01406250000000,    2.06508246089791,    0.00000000000000,    2.06508246089791,   -0.00000652931017,   -0.00000000000000,   -0.00001348356391,    2.06208725163347,    0.00000000000000,    2.06208725163347,   42.18354417163260,    0.00000000000000,
   11,    1,    0.03281250000000,    0.00156250000000,    2.07158676833209,    0.00000000000000,    2.07158676833209,   -0.00000660123939,   -0.00000000000000,   -0.00001367504018,    2.06860069428046,    0.00000000000000,    2.06860069428046,   42.27588962522120,    0.00000000000000,
   11,    2,    0.03281250000000,    0.00468750000000,    2.07158676833209,    0.00000000000000,    2.07158676833209,   -0.00000660123939,   -0.00000000000000,   -0.00001367504018,    2.06860069428046,    0.00000000000000,    2.06860069428046,   42.27588962522120,    0.00000000000000,
   11,    3,    0.03281250000000,    0.00781250000000,    2.07158676833209,    0.00000000000000,    2.07158676833209,   -0.00000660123939,   -0.00000000000000,   -0.00001367504018,    2.06860069428046,    0.00000000000000,    2.06860069428046,   42.27588962522120,    0.00000000000000,
   11,    4,    0.03281250000000,    0.01093750000000,    2.07158676833209,    0.00000000000000,    2.07158676833209,   -0.00000660123939,   -0.00000000000000,   -0.00001367504018,    2.06860069428046,    0.00000000000000,    2.06860069428046,   42.27588962522120,    0.00000000000000,
   11,    5,    0.03281250000000,    0.01406250000000,    2.07158676833209,    0.00000000000000,    2.07158676833209,   -0.00000660123939,   -0.00000000000000,   -0.00001367504018,    2.06860069428046,    0.00000000000000,    2.06860069428046,   42.27588962522120,    0.00000000000000,
   12,    1,    0.03593750000000,    0.00156250000000,    2.07808453189679,    0.00000000000000,    2.07808453189679,   -0.00000667131890,   -0.00000000000000,   -0.00001386356461,    2.07510752504977,    0.00000000000000,    2.07510752504977,   42.36375507375281,    0.00000000000000,
   12,    2,    0.03593750000000,    0.00468750000000,    2.07808453189679,    0.00000000000000,    2.07808453189679,   -0.00000667131890,   -0.00000000000000,   -0.00001386356461,    2.07510752504977,    0.00000000000000,    2.07510752504977,   42.36375507375281,    0.00000000000000,
   12,    3,    0.03593750000000,    0.00781250000000,    2.07808453189679,    0.00000000000000,    2.07808453189679,   -0.00000667131890,   -0.00000000000000,   -0.00001386356461,    2.07510752504977,    0.00000000000000,    2.07510752504977,   42.36375507375281,    0.00000000000000,
   12,    4,    0.03593750000000,    0.01093750000000,    2.07808453189679,    0.00000000000000,    2.07808453189679,   -0.00000667131890,   -0.00000000000000,   -0.00001386356461,    2.07510752504977,    0.00000000000000,    2.07510752504977,   42.36375507375281,    0.00000000000000,
   12,    5,    0.03593750000000,    0.01406250000000,    2.07808453189679,    0.00000000000000,    2.07808453189679,   -0.00000667131890,   -0.00000000000000,   -0.00001386356461,    2.07510752504977,    0.00000000000000,    2.07510752504977,   42.36375507375281,    0.00000000000000,
   13,    1,    0.03906250000000,    0.00156250000000,    2.08457512456600,    0.00000000000000,    2.08457512456600,   -0.00000673953489,   -0.00000000000000,   -0.00001404906677,    2.08160711679948,    0.00000000000000,    2.08160711679948,   42.44709407133409,    0.00000000000000,
   13,    2,    0.03906250000000,    0.00468750000000,    2.08457512456600,    0.00000000000000,    2.08457512456600,   -0.00000673953489,   -0.00000000000000,   -0.00001404906677,    2.08160711679948,    0.00000000000000,    2.08160711679948,   42.44709407133409,    0.00000000000000,
   13,    3,    0.03906250000000,    0.00781250000000,    2.08457512456600,    0.00000000000000,    2.08457512456600,   -0.00000673953489,   -0.00000000000000,   -0.00001404906677,    2.08160711679948,    0.00000000000000,    2.08160711679948,   42.44709407133409,    0.00000000000000,
   13,    4,    0.03906250000000,    0.01093750000000,    2.08457512456600,    0.00000000000000,    2.08457512456600,   -0.00000673953489,   -0.00000000000000,   -0.00001404906677,    2.08160711679948,    0.00000000000000,    2.08160711679948,   42.44709407133409,    0.00000000000000,
   13,    5,    0.03906250000000,    0.01406250000000,    2.08457512456600,    0.00000000000000,    2.08457512456600,   -0.00000673953489,   -0.00000000000000,   -0.00001404906677,    2.08160711679948,    0.00000000000000,    2.08160711679948,   42.44709407133409,    0.00000000000000,
   14,    1,    0.04218750000000,    0.00156250000000,    2.09105791999924,    0.00000000000000,    2.09105791999924,   -0.00000680587449,    0.00000000000000,   -0.00001423147776,    2.08809884308542,    0.00000000000000,    2.08809884308542,   42.52586077925810,    0.00000000000000,
   14,    2,    0.04218750000000,    0.00468750000000,    2.09105791999924,    0.00000000000000,    2.09105791999924,   -0.00000680587449,    0.00000000000000,   -0.00001423147776,    2.08809884308542,    0.00000000000000,    2.08809884308542,   42.52586077925810,    0.00000000000000,
   14,    3,    0.04218750000000,    0.00781250000000,    2.09105791999924,    0.00000000000000,    2.09105791999924,   -0.00000680587449,    0.00000000000000,   -0.00001423147776,    2.08809884308542,    0.00000000000000,    2.08809884308542,   42.52586077925810,    0.00000000000000,
   14,    4,    0.04218750000000,    0.01093750000000,    2.09105791999924,    0.00000000000000,    2.09105791999924,   -0.00000680587449,    0.00000000000000,   -0.00001423147776,    2.08809884308542,    0.00000000000000,    2.08809884308542,   42.52586077925810,    0.00000000000000,
   14,    5,    0.04218750000000,    0.01406250000000,    2.09105791999924,    0.00000000000000,    2.09105791999924,   -0.00000680587449,    0.00000000000000,   -0.00001423147776,    2.08809884308542,    0.00000000000000,    2.08809884308542,   42.52586077925810,    0.00000000000000,
   15,    1,    0.04531250000000,    0.00156250000000,    2.09753229260215,    0.00000000000000,    2.09753229260215,   -0.00000687032577,    0.00000000000000,   -0.00001441073016,    2.09458207822150,    0.00000000000000,    2.09458207822150,   42.60000998499728,    0.00000000000000,
   15,    2,    0.04531250000000,    0.00468750000000,    2.09753229260215,    0.00000000000000,    2.09753229260215,   -0.00000687032577,    0.00000000000000,   -0.00001441073016,    2.09458207822150,    0.00000000000000,    2.09458207822150,   42.60000998499728,    0.00000000000000,
   15,    3,    0.04531250000000,    0.00781250000000,    2.09753229260215,    0.00000000000000,    2.09753229260215,   -0.00000687032577,    0.00000000000000,   -0.00001441073016,    2.09458207822150,    0.00000000000000,    2.09458207822150,   42.60000998499728,    0.00000000000000,
   15,    4,    0.04531250000000,    0.01093750000000,    2.09753229260215,    0.00000000000000,    2.09753229260215,   -0.00000687032577,    0.00000000000000,   -0.00001441073016,    2.09458207822150,    0.00000000000000,    2.09458207822150,   42.60000998499728,    0.00000000000000,
   15,    5,    0.04531250000000,    0.01406250000000,    2.09753229260215,    0.00000000000000,    2.09753229260215,   -0.00000687032577,    0.00000000000000,   -0.00001441073016,    2.09458207822150,    0.00000000000000,    2.09458207822150,   42.60000998499728,    0.00000000000000,
   16,    1,    0.04843750000000,    0.00156250000000,    2.10399761758730,    0.00000000000000,    2.10399761758730,   -0.00000693287768,   -0.00000000000000,   -0.00001458675813,    2.10105619734003,    0.00000000000000,    2.10105619734003,   42.66949712106475,    0.00000000000000,
   16,    2,    0.04843750000000,    0.00468750000000,    2.10399761758730,    0.00000000000000,    2.10399761758730,   -0.00000693287768,   -0.00000000000000,   -0.00001458675813,    2.10105619734003,    0.00000000000000,    2.10105619734003,   42.66949712106475,    0.00000000000000,
   16,    3,    0.04843750000000,    0.00781250000000,    2.10399761758730,    0.00000000000000,    2.10399761758730,   -0.00000693287768,   -0.00000000000000,   -0.00001458675813,    2.10105619734003,    0.00000000000000,    2.10105619734003,   42.66949712106475,    0.00000000000000,
   16,    4,    0.04843750000000,    0.01093750000000,    2.10399761758730,    0.00000000000000,    2.10399761758730,   -0.00000693287768,   -0.00000000000000,   -0.00001458675813,    2.10105619734003,    0.00000000000000,    2.10105619734003,   42.66949712106475,    0.00000000000000,
   16,    5,    0.04843750000000,    0.01406250000000,    2.10399761758730,    0.00000000000000,    2.10399761758730,   -0.00000693287768,   -0.00000000000000,   -0.00001458675813,    2.10105619734003,    0.00000000000000,    2.10105619734003,   42.66949712106475,    0.00000000000000,
   17,    1,    0.05156250000000,    0.00156250000000,    2.11045327103461,    0.00000000000000,    2.11045327103461,   -0.00000699352009,   -0.00000000000000,   -0.00001475949735,    2.10752057645192,    0.00000000000000,    2.10752057645192,   42.73427828373623,    0.00000000000000,
   17,    2,    0.05156250000000,    0.00468750000000,    2.11045327103461,    0.00000000000000,    2.11045327103461,   -0.00000699352009,   -0.00000000000000,   -0.00001475949735,    2.10752057645192,    0.00000000000000,    2.10752057645192,   42.73427828373623,    0.00000000000000,
   17,    3,    0.05156250000000,    0.00781250000000,    2.11045327103461,    0.00000000000000,    2.11045327103461,   -0.00000699352009,   -0.00000000000000,   -0.00001475949735,    2.10752057645192,    0.00000000000000,    2.10752057645192,   42.73427828373623,    0.00000000000000,
   17,    4,    0.05156250000000,    0.01093750000000,    2.11045327103461,    0.00000000000000,    2.11045327103461,   -0.00000699352009,   -0.00000000000000,   -0.00001475949735,    2.10752057645192,    0.00000000000000,    2.10752057645192,   42.73427828373623,    0.00000000000000,
   17,    5,    0.05156250000000,    0.01406250000000,    2.11045327103461,    0.00000000000000,    2.11045327103461,   -0.00000699352009,   -0.00000000000000,   -0.00001475949735,    2.10752057645192,    0.00000000000000,    2.10752057645192,   42.73427828373623,    0.00000000000000,
   18,    1,    0.05468750000000,    0.00156250000000,    2.11689862995197,    0.00000000000000,    2.11689862995197,   -0.00000705224374,    0.00000000000000,   -0.00001492888512,    2.11397459250687,    0.00000000000000,    2.11397459250687,   42.79431025162532,    0.00000000000000,
   18,    2,    0.05468750000000,    0.00468750000000,    2.11689862995197,    0.00000000000000,    2.11689862995197,   -0.00000705224374,    0.00000000000000,   -0.00001492888512,    2.11397459250687,    0.00000000000000,    2.11397459250687,   42.79431025162532,    0.00000000000000,
   18,    3,    0.05468750000000,    0.00781250000000,    2.11689862995197,    0.00000000000000,    2.11689862995197,   -0.00000705224374,    0.00000000000000,   -0.00001492888512,    2.11397459250687,    0.00000000000000,    2.11397459250687,   42.79431025162532,    0.00000000000000,
   18,    4,    0.05468750000000,    0.01093750000000,    2.11689862995197,    0.00000000000000,    2.11689862995197,   -0.00000705224374,    0.00000000000000,   -0.00001492888512,    2.11397459250687,    0.00000000000000,    2.11397459250687,   42.79431025162532,    0.00000000000000,
   18,    5,    0.05468750000000,    0.01406250000000,    2.11689862995197,    0.00000000000000,    2.11689862995197,   -0.00000705224374,    0.00000000000000,   -0.00001492888512,    2.11397459250687,    0.00000000000000,    2.11397459250687,   42.79431025162532,    0.00000000000000,
   19,    1,    0.05781250000000,    0.00156250000000,    2.12333307233559,    0.00000000000000,    2.12333307233559,   -0.00000710904025,   -0.00000000000000,   -0.00001509486027,    2.12041762345337,    0.00000000000000,    2.12041762345337,   42.84955050410492,    0.00000000000000,
   19,    2,    0.05781250000000,    0.00468750000000,    2.12333307233559,    0.00000000000000,    2.12333307233559,   -0.00000710904025,   -0.00000000000000,   -0.00001509486027,    2.12041762345337,    0.00000000000000,    2.12041762345337,   42.84955050410492,    0.00000000000000,
   19,    3,    0.05781250000000,    0.00781250000000,    2.12333307233559,    0.00000000000000,    2.12333307233559,   -0.00000710904025,   -0.00000000000000,   -0.00001509486027,    2.12041762345337,    0.00000000000000,    2.12041762345337,   42.84955050410492,    0.00000000000000,
   19,    4,    0.05781250000000,    0.01093750000000,    2.12333307233559,    0.00000000000000,    2.12333307233559,   -0.00000710904025,   -0.00000000000000,   -0.00001509486027,    2.12041762345337,    0.00000000000000,    2.12041762345337,   42.84955050410492,    0.00000000000000,
   19,    5,    0.05781250000000,    0.01406250000000,    2.12333307233559,    0.00000000000000,    2.12333307233559,   -0.00000710904025,   -0.00000000000000,   -0.00001509486027,    2.12041762345337,    0.00000000000000,    2.12041762345337,   42.84955050410492,    0.00000000000000,
   20,    1,    0.06093750000000,    0.00156250000000,    2.12975597723020,    0.00000000000000,    2.12975597723020,   -0.00000716390209,    0.00000000000000,   -0.00001525736329,    2.12684904829869,    0.00000000000000,    2.12684904829869,   42.89995723956730,    0.00000000000000,
   20,    2,    0.06093750000000,    0.00468750000000,    2.12975597723020,    0.00000000000000,    2.12975597723020,   -0.00000716390209,    0.00000000000000,   -0.00001525736329,    2.12684904829869,    0.00000000000000,    2.12684904829869,   42.89995723956730,    0.00000000000000,
   20,    3,    0.06093750000000,    0.00781250000000,    2.12975597723020,    0.00000000000000,    2.12975597723020,   -0.00000716390209,    0.00000000000000,   -0.00001525736329,    2.12684904829869,    0.00000000000000,    2.12684904829869,   42.89995723956730,    0.00000000000000,
   20,    4,    0.06093750000000,    0.01093750000000,    2.12975597723020,    0.00000000000000,    2.12975597723020,   -0.00000716390209,    0.00000000000000,   -0.00001525736329,    2.12684904829869,    0.00000000000000,    2.12684904829869,   42.89995723956730,    0.00000000000000,
   20,    5,    0.06093750000000,    0.01406250000000,    2.12975597723020,    0.00000000000000,    2.12975597723020,   -0.00000716390209,    0.00000000000000,   -0.00001525736329,    2.12684904829869,    0.00000000000000,    2.12684904829869,   42.89995723956730,    0.00000000000000,
   21,    1,    0.06406250000000,    0.00156250000000,    2.13616672478940,    0.00000000000000,    2.13616672478940,   -0.00000721682257,    0.00000000000000,   -0.00001541633623,    2.13326824716872,    0.00000000000000,    2.13326824716872,   42.94548939351576,    0.00000000000000,
   21,    2,    0.06406250000000,    0.00468750000000,    2.13616672478940,    0.00000000000000,    2.13616672478940,   -0.00000721682257,    0.00000000000000,   -0.00001541633623,    2.13326824716872,    0.00000000000000,    2.13326824716872,   42.94548939351576,    0.00000000000000,
   21,    3,    0.06406250000000,    0.00781250000000,    2.13616672478940,    0.00000000000000,    2.13616672478940,   -0.00000721682257,    0.00000000000000,   -0.00001541633623,    2.13326824716872,    0.00000000000000,    2.13326824716872,   42.94548939351576,    0.00000000000000,
   21,    4,    0.06406250000000,    0.01093750000000,    2.13616672478940,    0.00000000000000,    2.13616672478940,   -0.00000721682257,    0.00000000000000,   -0.00001541633623,    2.13326824716872,    0.00000000000000,    2.13326824716872,   42.94548939351576,    0.00000000000000,
   21,    5,    0.06406250000000,    0.01406250000000,    2.13616672478940,    0.00000000000000,    2.13616672478940,   -0.00000721682257,    0.00000000000000,   -0.00001541633623,    2.13326824716872,    0.00000000000000,    2.13326824716872,   42.94548939351576,    0.00000000000000,
   22,    1,    0.06718750000000,    0.00156250000000,    2.14256469633548,    0.00000000000000,    2.14256469633548,   -0.00000726779585,    0.00000000000000,   -0.00001557172282,    2.13967460136771,    0.00000000000000,    2.13967460136771,   42.98610665648076,    0.00000000000000,
   22,    2,    0.06718750000000,    0.00468750000000,    2.14256469633548,    0.00000000000000,    2.14256469633548,   -0.00000726779585,    0.00000000000000,   -0.00001557172282,    2.13967460136771,    0.00000000000000,    2.13967460136771,   42.98610665648076,    0.00000000000000,
   22,    3,    0.06718750000000,    0.00781250000000,    2.14256469633548,    0.00000000000000,    2.14256469633548,   -0.00000726779585,    0.00000000000000,   -0.00001557172282,    2.13967460136771,    0.00000000000000,    2.13967460136771,   42.98610665648076,    0.00000000000000,
   22,    4,    0.06718750000000,    0.01093750000000,    2.14256469633548,    0.00000000000000,    2.14256469633548,   -0.00000726779585,    0.00000000000000,   -0.00001557172282,    2.13967460136771,    0.00000000000000,    2.13967460136771,   42.98610665648076,    0.00000000000000,
   22,    5,    0.06718750000000,    0.01406250000000,    2.14256469633548,    0.00000000000000,    2.14256469633548,   -0.00000726779585,    0.00000000000000,   -0.00001557172282,    2.13967460136771,    0.00000000000000,    2.13967460136771,   42.98610665648076,    0.00000000000000,
   23,    1,    0.07031250000000,    0.00156250000000,    2.14894927441963,    0.00000000000000,    2.14894927441963,   -0.00000731681690,    0.00000000000000,   -0.00001572346836,    2.14606749343791,    0.00000000000000,    2.14606749343791,   43.02176949175318,    0.00000000000000,
   23,    2,    0.07031250000000,    0.00468750000000,    2.14894927441963,    0.00000000000000,    2.14894927441963,   -0.00000731681690,    0.00000000000000,   -0.00001572346836,    2.14606749343791,    0.00000000000000,    2.14606749343791,   43.02176949175318,    0.00000000000000,
   23,    3,    0.07031250000000,    0.00781250000000,    2.14894927441963,    0.00000000000000,    2.14894927441963,   -0.00000731681690,    0.00000000000000,   -0.00001572346836,    2.14606749343791,    0.00000000000000,    2.14606749343791,   43.02176949175318,    0.00000000000000,
   23,    4,    0.07031250000000,    0.01093750000000,    2.14894927441963,    0.00000000000000,    2.14894927441963,   -0.00000731681690,    0.00000000000000,   -0.00001572346836,    2.14606749343791,    0.00000000000000,    2.14606749343791,   43.02176949175318,    0.00000000000000,
   23,    5,    0.07031250000000,    0.01406250000000,    2.14894927441963,    0.00000000000000,    2.14894927441963,   -0.00000731681690,    0.00000000000000,   -0.00001572346836,    2.14606749343791,    0.00000000000000,    2.14606749343791,   43.02176949175318,    0.00000000000000,
   24,    1,    0.07343750000000,    0.00156250000000,    2.15531984288152,    0.00000000000000,    2.15531984288152,   -0.00000736388148,    0.00000000000000,   -0.00001587151987,    2.15244630721908,    0.00000000000000,    2.15244630721908,   43.05243915292793,    0.00000000000000,
   24,    2,    0.07343750000000,    0.00468750000000,    2.15531984288152,    0.00000000000000,    2.15531984288152,   -0.00000736388148,    0.00000000000000,   -0.00001587151987,    2.15244630721908,    0.00000000000000,    2.15244630721908,   43.05243915292793,    0.00000000000000,
   24,    3,    0.07343750000000,    0.00781250000000,    2.15531984288152,    0.00000000000000,    2.15531984288152,   -0.00000736388148,    0.00000000000000,   -0.00001587151987,    2.15244630721908,    0.00000000000000,    2.15244630721908,   43.05243915292793,    0.00000000000000,
   24,    4,    0.07343750000000,    0.01093750000000,    2.15531984288152,    0.00000000000000,    2.15531984288152,   -0.00000736388148,    0.00000000000000,   -0.00001587151987,    2.15244630721908,    0.00000000000000,    2.15244630721908,   43.05243915292793,    0.00000000000000,
   24,    5,    0.07343750000000,    0.01406250000000,    2.15531984288152,    0.00000000000000,    2.15531984288152,   -0.00000736388148,    0.00000000000000,   -0.00001587151987,    2.15244630721908,    0.00000000000000,    2.15244630721908,   43.05243915292793,    0.00000000000000,
   25,    1,    0.07656250000000,    0.00156250000000,    2.16167578690914,    0.00000000000000,    2.16167578690914,   -0.00000740898614,    0.00000000000000,   -0.00001601582595,    2.15881042790786,    0.00000000000000,    2.15881042790786,   43.07807770125073,    0.00000000000000,
   25,    2,    0.07656250000000,    0.00468750000000,    2.16167578690914,    0.00000000000000,    2.16167578690914,   -0.00000740898614,    0.00000000000000,   -0.00001601582595,    2.15881042790786,    0.00000000000000,    2.15881042790786,   43.07807770125073,    0.00000000000000,
   25,    3,    0.07656250000000,    0.00781250000000,    2.16167578690914,    0.00000000000000,    2.16167578690914,   -0.00000740898614,    0.00000000000000,   -0.00001601582595,    2.15881042790786,    0.00000000000000,    2.15881042790786,   43.07807770125073,    0.00000000000000,
   25,    4,    0.07656250000000,    0.01093750000000,    2.16167578690914,    0.00000000000000,    2.16167578690914,   -0.00000740898614,    0.00000000000000,   -0.00001601582595,    2.15881042790786,    0.00000000000000,    2.15881042790786,   43.07807770125073,    0.00000000000000,
   25,    5,    0.07656250000000,    0.01406250000000,    2.16167578690914,    0.00000000000000,    2.16167578690914,   -0.00000740898614,    0.00000000000000,   -0.00001601582595,    2.15881042790786,    0.00000000000000,    2.15881042790786,   43.07807770125073,    0.00000000000000,
   26,    1,    0.07968750000000,    0.00156250000000,    2.16801649309832,    0.00000000000000,    2.16801649309832,   -0.00000745212823,    0.00000000000000,   -0.00001615633691,    2.16515924211707,    0.00000000000000,    2.16515924211707,   43.09864802276125,    0.00000000000000,
   26,    2,    0.07968750000000,    0.00468750000000,    2.16801649309832,    0.00000000000000,    2.16801649309832,   -0.00000745212823,    0.00000000000000,   -0.00001615633691,    2.16515924211707,    0.00000000000000,    2.16515924211707,   43.09864802276125,    0.00000000000000,
   26,    3,    0.07968750000000,    0.00781250000000,    2.16801649309832,    0.00000000000000,    2.16801649309832,   -0.00000745212823,    0.00000000000000,   -0.00001615633691,    2.16515924211707,    0.00000000000000,    2.16515924211707,   43.09864802276125,    0.00000000000000,
   26,    4,    0.07968750000000,    0.01093750000000,    2.16801649309832,    0.00000000000000,    2.16801649309832,   -0.00000745212823,    0.00000000000000,   -0.00001615633691,    2.16515924211707,    0.00000000000000,    2.16515924211707,   43.09864802276125,    0.00000000000000,
   26,    5,    0.07968750000000,    0.01406250000000,    2.16801649309832,    0.00000000000000,    2.16801649309832,   -0.00000745212823,    0.00000000000000,   -0.00001615633691,    2.16515924211707,    0.00000000000000,    2.16515924211707,   43.09864802276125,    0.00000000000000,
   27,    1,    0.08281250000000,    0.00156250000000,    2.17434134951207,    0.00000000000000,    2.17434134951207,   -0.00000749330582,    0.00000000000000,   -0.00001629300470,    2.17149213793476,    0.00000000000000,    2.17149213793476,   43.11411384522572,    0.00000000000000,
   27,    2,    0.08281250000000,    0.00468750000000,    2.17434134951207,    0.00000000000000,    2.17434134951207,   -0.00000749330582,    0.00000000000000,   -0.00001629300470,    2.17149213793476,    0.00000000000000,    2.17149213793476,   43.11411384522572,    0.00000000000000,
   27,    3,    0.08281250000000,    0.00781250000000,    2.17434134951207,    0.00000000000000,    2.17434134951207,   -0.00000749330582,    0.00000000000000,   -0.00001629300470,    2.17149213793476,    0.00000000000000,    2.17149213793476,   43.11411384522572,    0.00000000000000,
   27,    4,    0.08281250000000,    0.01093750000000,    2.17434134951207,    0.00000000000000,    2.17434134951207,   -0.00000749330582,    0.00000000000000,   -0.00001629300470,    2.17149213793476,    0.00000000000000,    2.17149213793476,   43.11411384522572,    0.00000000000000,
   27,    5,    0.08281250000000,    0.01406250000000,    2.17434134951207,    0.00000000000000,    2.17434134951207,   -0.00000749330582,    0.00000000000000,   -0.00001629300470,    2.17149213793476,    0.00000000000000,    2.17149213793476,   43.11411384522572,    0.00000000000000,
   28,    1,    0.08593750000000,    0.00156250000000,    2.18064974573993,    0.00000000000000,    2.18064974573993,   -0.00000753251776,    0.00000000000000,   -0.00001642578295,    2.17780850498327,    0.00000000000000,    2.17780850498327,   43.12443975485223,    0.00000000000000,
   28,    2,    0.08593750000000,    0.00468750000000,    2.18064974573993,    0.00000000000000,    2.18064974573993,   -0.00000753251776,    0.00000000000000,   -0.00001642578295,    2.17780850498327,    0.00000000000000,    2.17780850498327,   43.12443975485223,    0.00000000000000,
   28,    3,    0.08593750000000,    0.00781250000000,    2.18064974573993,    0.00000000000000,    2.18064974573993,   -0.00000753251776,    0.00000000000000,   -0.00001642578295,    2.17780850498327,    0.00000000000000,    2.17780850498327,   43.12443975485223,    0.00000000000000,
   28,    4,    0.08593750000000,    0.01093750000000,    2.18064974573993,    0.00000000000000,    2.18064974573993,   -0.00000753251776,    0.00000000000000,   -0.00001642578295,    2.17780850498327,    0.00000000000000,    2.17780850498327,   43.12443975485223,    0.00000000000000,
   28,    5,    0.08593750000000,    0.01406250000000,    2.18064974573993,    0.00000000000000,    2.18064974573993,   -0.00000753251776,    0.00000000000000,   -0.00001642578295,    2.17780850498327,    0.00000000000000,    2.17780850498327,   43.12443975485223,    0.00000000000000,
   29,    1,    0.08906250000000,    0.00156250000000,    2.18694107295704,    0.00000000000000,    2.18694107295704,   -0.00000756976361,   -0.00000000000000,   -0.00001655462695,    2.18410773447798,    0.00000000000000,    2.18410773447798,   43.12959121278197,    0.00000000000000,
   29,    2,    0.08906250000000,    0.00468750000000,    2.18694107295704,    0.00000000000000,    2.18694107295704,   -0.00000756976361,   -0.00000000000000,   -0.00001655462695,    2.18410773447798,    0.00000000000000,    2.18410773447798,   43.12959121278197,    0.00000000000000,
   29,    3,    0.08906250000000,    0.00781250000000,    2.18694107295704,    0.00000000000000,    2.18694107295704,   -0.00000756976361,   -0.00000000000000,   -0.00001655462695,    2.18410773447798,    0.00000000000000,    2.18410773447798,   43.12959121278197,    0.00000000000000,
   29,    4,    0.08906250000000,    0.01093750000000,    2.18694107295704,    0.00000000000000,    2.18694107295704,   -0.00000756976361,   -0.00000000000000,   -0.00001655462695,    2.18410773447798,    0.00000000000000,    2.18410773447798,   43.12959121278197,    0.00000000000000,
   29,    5,    0.08906250000000,    0.01406250000000,    2.18694107295704,    0.00000000000000,    2.18694107295704,   -0.00000756976361,   -0.00000000000000,   -0.00001655462695,    2.18410773447798,    0.00000000000000,    2.18410773447798,   43.12959121278197,    0.00000000000000,
   30,    1,    0.09218750000000,    0.00156250000000,    2.19321472398309,    0.00000000000000,    2.19321472398309,   -0.00000760504363,    0.00000000000000,   -0.00001667949368,    2.19038921928605,    0.00000000000000,    2.19038921928605,   43.12953457134995,    0.00000000000000,
   30,    2,    0.09218750000000,    0.00468750000000,    2.19321472398309,    0.00000000000000,    2.19321472398309,   -0.00000760504363,    0.00000000000000,   -0.00001667949368,    2.19038921928605,    0.00000000000000,    2.19038921928605,   43.12953457134995,    0.00000000000000,
   30,    3,    0.09218750000000,    0.00781250000000,    2.19321472398309,    0.00000000000000,    2.19321472398309,   -0.00000760504363,    0.00000000000000,   -0.00001667949368,    2.19038921928605,    0.00000000000000,    2.19038921928605,   43.12953457134995,    0.00000000000000,
   30,    4,    0.09218750000000,    0.01093750000000,    2.19321472398309,    0.00000000000000,    2.19321472398309,   -0.00000760504363,    0.00000000000000,   -0.00001667949368,    2.19038921928605,    0.00000000000000,    2.19038921928605,   43.12953457134995,    0.00000000000000,
   30,    5,    0.09218750000000,    0.01406250000000,    2.19321472398309,    0.00000000000000,    2.19321472398309,   -0.00000760504363,    0.00000000000000,   -0.00001667949368,    2.19038921928605,    0.00000000000000,    2.19038921928605,   43.12953457134995,    0.00000000000000,
   31,    1,    0.09531250000000,    0.00156250000000,    2.19947009334108,    0.00000000000000,    2.19947009334108,   -0.00000763835881,    0.00000000000000,   -0.00001680034177,    2.19665235398491,    0.00000000000000,    2.19665235398491,   43.12423709010832,    0.00000000000000,
   31,    2,    0.09531250000000,    0.00468750000000,    2.19947009334108,    0.00000000000000,    2.19947009334108,   -0.00000763835881,    0.00000000000000,   -0.00001680034177,    2.19665235398491,    0.00000000000000,    2.19665235398491,   43.12423709010832,    0.00000000000000,
   31,    3,    0.09531250000000,    0.00781250000000,    2.19947009334108,    0.00000000000000,    2.19947009334108,   -0.00000763835881,    0.00000000000000,   -0.00001680034177,    2.19665235398491,    0.00000000000000,    2.19665235398491,   43.12423709010832,    0.00000000000000,
   31,    4,    0.09531250000000,    0.01093750000000,    2.19947009334108,    0.00000000000000,    2.19947009334108,   -0.00000763835881,    0.00000000000000,   -0.00001680034177,    2.19665235398491,    0.00000000000000,    2.19665235398491,   43.12423709010832,    0.00000000000000,
   31,    5,    0.09531250000000,    0.01406250000000,    2.19947009334108,    0.00000000000000,    2.19947009334108,   -0.00000763835881,    0.00000000000000,   -0.00001680034177,    2.19665235398491,    0.00000000000000,    2.19665235398491,   43.12423709010832,    0.00000000000000,
   32,    1,    0.09843750000000,    0.00156250000000,    2.20570657731597,    0.00000000000000,    2.20570657731597,   -0.00000766971080,    0.00000000000000,   -0.00001691713156,    2.20289653492059,    0.00000000000000,    2.20289653492059,   43.11366695160625,    0.00000000000000,
   32,    2,    0.09843750000000,    0.00468750000000,    2.20570657731597,    0.00000000000000,    2.20570657731597,   -0.00000766971080,    0.00000000000000,   -0.00001691713156,    2.20289653492059,    0.00000000000000,    2.20289653492059,   43.11366695160625,    0.00000000000000,
   32,    3,    0.09843750000000,    0.00781250000000,    2.20570657731597,    0.00000000000000,    2.20570657731597,   -0.00000766971080,    0.00000000000000,   -0.00001691713156,    2.20289653492059,    0.00000000000000,    2.20289653492059,   43.11366695160625,    0.00000000000000,
   32,    4,    0.09843750000000,    0.01093750000000,    2.20570657731597,    0.00000000000000,    2.20570657731597,   -0.00000766971080,    0.00000000000000,   -0.00001691713156,    2.20289653492059,    0.00000000000000,    2.20289653492059,   43.11366695160625,    0.00000000000000,
   32,    5,    0.09843750000000,    0.01406250000000,    2.20570657731597,    0.00000000000000,    2.20570657731597,   -0.00000766971080,    0.00000000000000,   -0.00001691713156,    2.20289653492059,    0.00000000000000,    2.20289653492059,   43.11366695160625,    0.00000000000000,
   33,    1,    0.10156250000000,    0.00156250000000,    2.21192357401308,    0.00000000000000,    2.21192357401308,   -0.00000769910192,    0.00000000000000,   -0.00001702982504,    2.20912116026593,    0.00000000000000,    2.20912116026593,   43.09779327691952,    0.00000000000000,
   33,    2,    0.10156250000000,    0.00468750000000,    2.21192357401308,    0.00000000000000,    2.21192357401308,   -0.00000769910192,    0.00000000000000,   -0.00001702982504,    2.20912116026593,    0.00000000000000,    2.20912116026593,   43.09779327691952,    0.00000000000000,
   33,    3,    0.10156250000000,    0.00781250000000,    2.21192357401308,    0.00000000000000,    2.21192357401308,   -0.00000769910192,    0.00000000000000,   -0.00001702982504,    2.20912116026593,    0.00000000000000,    2.20912116026593,   43.09779327691952,    0.00000000000000,
   33,    4,    0.10156250000000,    0.01093750000000,    2.21192357401308,    0.00000000000000,    2.21192357401308,   -0.00000769910192,    0.00000000000000,   -0.00001702982504,    2.20912116026593,    0.00000000000000,    2.20912116026593,   43.09779327691952,    0.00000000000000,
   33,    5,    0.10156250000000,    0.01406250000000,    2.21192357401308,    0.00000000000000,    2.21192357401308,   -0.00000769910192,    0.00000000000000,   -0.00001702982504,    2.20912116026593,    0.00000000000000,    2.20912116026593,   43.09779327691952,    0.00000000000000,
   34,    1,    0.10468750000000,    0.00156250000000,    2.21812048341636,    0.00000000000000,    2.21812048341636,   -0.00000772653515,   -0.00000000000000,   -0.00001713838589,    2.21532563007859,    0.00000000000000,    2.21532563007859,   43.07658614092396,    0.00000000000000,
   34,    2,    0.10468750000000,    0.00468750000000,    2.21812048341636,    0.00000000000000,    2.21812048341636,   -0.00000772653515,   -0.00000000000000,   -0.00001713838589,    2.21532563007859,    0.00000000000000,    2.21532563007859,   43.07658614092396,    0.00000000000000,
   34,    3,    0.10468750000000,    0.00781250000000,    2.21812048341636,    0.00000000000000,    2.21812048341636,   -0.00000772653515,   -0.00000000000000,   -0.00001713838589,    2.21532563007859,    0.00000000000000,    2.21532563007859,   43.07658614092396,    0.00000000000000,
   34,    4,    0.10468750000000,    0.01093750000000,    2.21812048341636,    0.00000000000000,    2.21812048341636,   -0.00000772653515,   -0.00000000000000,   -0.00001713838589,    2.21532563007859,    0.00000000000000,    2.21532563007859,   43.07658614092396,    0.00000000000000,
   34,    5,    0.10468750000000,    0.01406250000000,    2.21812048341636,    0.00000000000000,    2.21812048341636,   -0.00000772653515,   -0.00000000000000,   -0.00001713838589,    2.21532563007859,    0.00000000000000,    2.21532563007859,   43.07658614092396,    0.00000000000000,
   35,    1,    0.10781250000000,    0.00156250000000,    2.22429670744655,    0.00000000000000,    2.22429670744655,   -0.00000775201410,   -0.00000000000000,   -0.00001724277944,    2.22150934635886,    0.00000000000000,    2.22150934635886,   43.05001658730619,    0.00000000000000,
   35,    2,    0.10781250000000,    0.00468750000000,    2.22429670744655,    0.00000000000000,    2.22429670744655,   -0.00000775201410,   -0.00000000000000,   -0.00001724277944,    2.22150934635886,    0.00000000000000,    2.22150934635886,   43.05001658730619,    0.00000000000000,
   35,    3,    0.10781250000000,    0.00781250000000,    2.22429670744655,    0.00000000000000,    2.22429670744655,   -0.00000775201410,   -0.00000000000000,   -0.00001724277944,    2.22150934635886,    0.00000000000000,    2.22150934635886,   43.05001658730619,    0.00000000000000,
   35,    4,    0.10781250000000,    0.01093750000000,    2.22429670744655,    0.00000000000000,    2.22429670744655,   -0.00000775201410,   -0.00000000000000,   -0.00001724277944,    2.22150934635886,    0.00000000000000,    2.22150934635886,   43.05001658730619,    0.00000000000000,
   35,    5,    0.10781250000000,    0.01406250000000,    2.22429670744655,    0.00000000000000,    2.22429670744655,   -0.00000775201410,   -0.00000000000000,   -0.00001724277944,    2.22150934635886,    0.00000000000000,    2.22150934635886,   43.05001658730619,    0.00000000000000,
   36,    1,    0.11093750000000,    0.00156250000000,    2.23045165001878,    0.00000000000000,    2.23045165001878,   -0.00000777554300,   -0.00000000000000,   -0.00001734297271,    2.22767171310729,    0.00000000000000,    2.22767171310729,   43.01805664330564,    0.00000000000000,
   36,    2,    0.11093750000000,    0.00468750000000,    2.23045165001878,    0.00000000000000,    2.23045165001878,   -0.00000777554300,   -0.00000000000000,   -0.00001734297271,    2.22767171310729,    0.00000000000000,    2.22767171310729,   43.01805664330564,    0.00000000000000,
   36,    3,    0.11093750000000,    0.00781250000000,    2.23045165001878,    0.00000000000000,    2.23045165001878,   -0.00000777554300,   -0.00000000000000,   -0.00001734297271,    2.22767171310729,    0.00000000000000,    2.22767171310729,   43.01805664330564,    0.00000000000000,
   36,    4,    0.11093750000000,    0.01093750000000,    2.23045165001878,    0.00000000000000,    2.23045165001878,   -0.00000777554300,   -0.00000000000000,   -0.00001734297271,    2.22767171310729,    0.00000000000000,    2.22767171310729,   43.01805664330564,    0.00000000000000,
   36,    5,    0.11093750000000,    0.01406250000000,    2.23045165001878,    0.00000000000000,    2.23045165001878,   -0.00000777554300,   -0.00000000000000,   -0.00001734297271,    2.22767171310729,    0.00000000000000,    2.22767171310729,   43.01805664330564,    0.00000000000000,
   37,    1,    0.11406250000000,    0.00156250000000,    2.23658471710066,    0.00000000000000,    2.23658471710066,   -0.00000779712668,   -0.00000000000000,   -0.00001743893437,    2.23381213638215,    0.00000000000000,    2.23381213638215,   42.98067933418200,    0.00000000000000,
   37,    2,    0.11406250000000,    0.00468750000000,    2.23658471710066,    0.00000000000000,    2.23658471710066,   -0.00000779712668,   -0.00000000000000,   -0.00001743893437,    2.23381213638215,    0.00000000000000,    2.23381213638215,   42.98067933418200,    0.00000000000000,
   37,    3,    0.11406250000000,    0.00781250000000,    2.23658471710066,    0.00000000000000,    2.23658471710066,   -0.00000779712668,   -0.00000000000000,   -0.00001743893437,    2.23381213638215,    0.00000000000000,    2.23381213638215,   42.98067933418200,    0.00000000000000,
   37,    4,    0.11406250000000,    0.01093750000000,    2.23658471710066,    0.00000000000000,    2.23658471710066,   -0.00000779712668,   -0.00000000000000,   -0.00001743893437,    2.23381213638215,    0.00000000000000,    2.23381213638215,   42.98067933418200,    0.00000000000000,
   37,    5,    0.11406250000000,    0.01406250000000,    2.23658471710066,    0.00000000000000,    2.23658471710066,   -0.00000779712668,   -0.00000000000000,   -0.00001743893437,    2.23381213638215,    0.00000000000000,    2.23381213638215,   42.98067933418200,    0.00000000000000,
   38,    1,    0.11718750000000,    0.00156250000000,    2.24269531676938,    0.00000000000000,    2.24269531676938,   -0.00000781677057,    0.00000000000000,   -0.00001753063475,    2.23993002435666,    0.00000000000000,    2.23993002435666,   42.93785869740184,    0.00000000000000,
   38,    2,    0.11718750000000,    0.00468750000000,    2.24269531676938,    0.00000000000000,    2.24269531676938,   -0.00000781677057,    0.00000000000000,   -0.00001753063475,    2.23993002435666,    0.00000000000000,    2.23993002435666,   42.93785869740184,    0.00000000000000,
   38,    3,    0.11718750000000,    0.00781250000000,    2.24269531676938,    0.00000000000000,    2.24269531676938,   -0.00000781677057,    0.00000000000000,   -0.00001753063475,    2.23993002435666,    0.00000000000000,    2.23993002435666,   42.93785869740184,    0.00000000000000,
   38,    4,    0.11718750000000,    0.01093750000000,    2.24269531676938,    0.00000000000000,    2.24269531676938,   -0.00000781677057,    0.00000000000000,   -0.00001753063475,    2.23993002435666,    0.00000000000000,    2.23993002435666,   42.93785869740184,    0.00000000000000,
   38,    5,    0.11718750000000,    0.01406250000000,    2.24269531676938,    0.00000000000000,    2.24269531676938,   -0.00000781677057,    0.00000000000000,   -0.00001753063475,    2.23993002435666,    0.00000000000000,    2.23993002435666,   42.93785869740184,    0.00000000000000,
   39,    1,    0.12031250000000,    0.00156250000000,    2.24878285926920,    0.00000000000000,    2.24878285926920,   -0.00000783448066,   -0.00000000000000,   -0.00001761804583,    2.24602478737604,    0.00000000000000,    2.24602478737604,   42.88956979653883,    0.00000000000000,
   39,    2,    0.12031250000000,    0.00468750000000,    2.24878285926920,    0.00000000000000,    2.24878285926920,   -0.00000783448066,   -0.00000000000000,   -0.00001761804583,    2.24602478737604,    0.00000000000000,    2.24602478737604,   42.88956979653883,    0.00000000000000,
   39,    3,    0.12031250000000,    0.00781250000000,    2.24878285926920,    0.00000000000000,    2.24878285926920,   -0.00000783448066,   -0.00000000000000,   -0.00001761804583,    2.24602478737604,    0.00000000000000,    2.24602478737604,   42.88956979653883,    0.00000000000000,
   39,    4,    0.12031250000000,    0.01093750000000,    2.24878285926920,    0.00000000000000,    2.24878285926920,   -0.00000783448066,   -0.00000000000000,   -0.00001761804583,    2.24602478737604,    0.00000000000000,    2.24602478737604,   42.88956979653883,    0.00000000000000,
   39,    5,    0.12031250000000,    0.01406250000000,    2.24878285926920,    0.00000000000000,    2.24878285926920,   -0.00000783448066,   -0.00000000000000,   -0.00001761804583,    2.24602478737604,    0.00000000000000,    2.24602478737604,   42.88956979653883,    0.00000000000000,
   40,    1,    0.12343750000000,    0.00156250000000,    2.25484675706833,    0.00000000000000,    2.25484675706833,   -0.00000785026352,    0.00000000000000,   -0.00001770114124,    2.25209583801436,    0.00000000000000,    2.25209583801436,   42.83578873488181,    0.00000000000000,
   40,    2,    0.12343750000000,    0.00468750000000,    2.25484675706833,    0.00000000000000,    2.25484675706833,   -0.00000785026352,    0.00000000000000,   -0.00001770114124,    2.25209583801436,    0.00000000000000,    2.25209583801436,   42.83578873488181,    0.00000000000000,
   40,    3,    0.12343750000000,    0.00781250000000,    2.25484675706833,    0.00000000000000,    2.25484675706833,   -0.00000785026352,    0.00000000000000,   -0.00001770114124,    2.25209583801436,    0.00000000000000,    2.25209583801436,   42.83578873488181,    0.00000000000000,
   40,    4,    0.12343750000000,    0.01093750000000,    2.25484675706833,    0.00000000000000,    2.25484675706833,   -0.00000785026352,    0.00000000000000,   -0.00001770114124,    2.25209583801436,    0.00000000000000,    2.25209583801436,   42.83578873488181,    0.00000000000000,
   40,    5,    0.12343750000000,    0.01406250000000,    2.25484675706833,    0.00000000000000,    2.25484675706833,   -0.00000785026352,    0.00000000000000,   -0.00001770114124,    2.25209583801436,    0.00000000000000,    2.25209583801436,   42.83578873488181,    0.00000000000000,
   41,    1,    0.12656250000000,    0.00156250000000,    2.26088642491598,    0.00000000000000,    2.26088642491598,   -0.00000786412623,   -0.00000000000000,   -0.00001777989624,    2.25814259113111,    0.00000000000000,    2.25814259113111,   42.77649266874476,    0.00000000000000,
   41,    2,    0.12656250000000,    0.00468750000000,    2.26088642491598,    0.00000000000000,    2.26088642491598,   -0.00000786412623,   -0.00000000000000,   -0.00001777989624,    2.25814259113111,    0.00000000000000,    2.25814259113111,   42.77649266874476,    0.00000000000000,
   41,    3,    0.12656250000000,    0.00781250000000,    2.26088642491598,    0.00000000000000,    2.26088642491598,   -0.00000786412623,   -0.00000000000000,   -0.00001777989624,    2.25814259113111,    0.00000000000000,    2.25814259113111,   42.77649266874476,    0.00000000000000,
   41,    4,    0.12656250000000,    0.01093750000000,    2.26088642491598,    0.00000000000000,    2.26088642491598,   -0.00000786412623,   -0.00000000000000,   -0.00001777989624,    2.25814259113111,    0.00000000000000,    2.25814259113111,   42.77649266874476,    0.00000000000000,
   41,    5,    0.12656250000000,    0.01406250000000,    2.26088642491598,    0.00000000000000,    2.26088642491598,   -0.00000786412623,   -0.00000000000000,   -0.00001777989624,    2.25814259113111,    0.00000000000000,    2.25814259113111,   42.77649266874476,    0.00000000000000,
   42,    1,    0.12968750000000,    0.00156250000000,    2.26690127989876,    0.00000000000000,    2.26690127989876,   -0.00000787607642,   -0.00000000000000,   -0.00001785428773,    2.26416446392764,    0.00000000000000,    2.26416446392764,   42.71165982047369,    0.00000000000000,
   42,    2,    0.12968750000000,    0.00468750000000,    2.26690127989876,    0.00000000000000,    2.26690127989876,   -0.00000787607642,   -0.00000000000000,   -0.00001785428773,    2.26416446392764,    0.00000000000000,    2.26416446392764,   42.71165982047369,    0.00000000000000,
   42,    3,    0.12968750000000,    0.00781250000000,    2.26690127989876,    0.00000000000000,    2.26690127989876,   -0.00000787607642,   -0.00000000000000,   -0.00001785428773,    2.26416446392764,    0.00000000000000,    2.26416446392764,   42.71165982047369,    0.00000000000000,
   42,    4,    0.12968750000000,    0.01093750000000,    2.26690127989876,    0.00000000000000,    2.26690127989876,   -0.00000787607642,   -0.00000000000000,   -0.00001785428773,    2.26416446392764,    0.00000000000000,    2.26416446392764,   42.71165982047369,    0.00000000000000,
   42,    5,    0.12968750000000,    0.01406250000000,    2.26690127989876,    0.00000000000000,    2.26690127989876,   -0.00000787607642,   -0.00000000000000,   -0.00001785428773,    2.26416446392764,    0.00000000000000,    2.26416446392764,   42.71165982047369,    0.00000000000000,
   43,    1,    0.13281250000000,    0.00156250000000,    2.27289074149712,    0.00000000000000,    2.27289074149712,   -0.00000788612223,    0.00000000000000,   -0.00001792429421,    2.27016087600333,    0.00000000000000,    2.27016087600333,   42.64126949114452,    0.00000000000000,
   43,    2,    0.13281250000000,    0.00468750000000,    2.27289074149712,    0.00000000000000,    2.27289074149712,   -0.00000788612223,    0.00000000000000,   -0.00001792429421,    2.27016087600333,    0.00000000000000,    2.27016087600333,   42.64126949114452,    0.00000000000000,
   43,    3,    0.13281250000000,    0.00781250000000,    2.27289074149712,    0.00000000000000,    2.27289074149712,   -0.00000788612223,    0.00000000000000,   -0.00001792429421,    2.27016087600333,    0.00000000000000,    2.27016087600333,   42.64126949114452,    0.00000000000000,
   43,    4,    0.13281250000000,    0.01093750000000,    2.27289074149712,    0.00000000000000,    2.27289074149712,   -0.00000788612223,    0.00000000000000,   -0.00001792429421,    2.27016087600333,    0.00000000000000,    2.27016087600333,   42.64126949114452,    0.00000000000000,
   43,    5,    0.13281250000000,    0.01406250000000,    2.27289074149712,    0.00000000000000,    2.27289074149712,   -0.00000788612223,    0.00000000000000,   -0.00001792429421,    2.27016087600333,    0.00000000000000,    2.27016087600333,   42.64126949114452,    0.00000000000000,
   44,    1,    0.13593750000000,    0.00156250000000,    2.27885423164154,    0.00000000000000,    2.27885423164154,   -0.00000789427230,   -0.00000000000000,   -0.00001798989583,    2.27613124941148,    0.00000000000000,    2.27613124941148,   42.56530207294691,    0.00000000000000,
   44,    2,    0.13593750000000,    0.00468750000000,    2.27885423164154,    0.00000000000000,    2.27885423164154,   -0.00000789427230,   -0.00000000000000,   -0.00001798989583,    2.27613124941148,    0.00000000000000,    2.27613124941148,   42.56530207294691,    0.00000000000000,
   44,    3,    0.13593750000000,    0.00781250000000,    2.27885423164154,    0.00000000000000,    2.27885423164154,   -0.00000789427230,   -0.00000000000000,   -0.00001798989583,    2.27613124941148,    0.00000000000000,    2.27613124941148,   42.56530207294691,    0.00000000000000,
   44,    4,    0.13593750000000,    0.01093750000000,    2.27885423164154,    0.00000000000000,    2.27885423164154,   -0.00000789427230,   -0.00000000000000,   -0.00001798989583,    2.27613124941148,    0.00000000000000,    2.27613124941148,   42.56530207294691,    0.00000000000000,
   44,    5,    0.13593750000000,    0.01406250000000,    2.27885423164154,    0.00000000000000,    2.27885423164154,   -0.00000789427230,   -0.00000000000000,   -0.00001798989583,    2.27613124941148,    0.00000000000000,    2.27613124941148,   42.56530207294691,    0.00000000000000,
   45,    1,    0.13906250000000,    0.00156250000000,    2.28479117476841,    0.00000000000000,    2.28479117476841,   -0.00000790053572,    0.00000000000000,   -0.00001805107428,    2.28207500871510,    0.00000000000000,    2.28207500871510,   42.48373906124885,    0.00000000000000,
   45,    2,    0.13906250000000,    0.00468750000000,    2.28479117476841,    0.00000000000000,    2.28479117476841,   -0.00000790053572,    0.00000000000000,   -0.00001805107428,    2.28207500871510,    0.00000000000000,    2.28207500871510,   42.48373906124885,    0.00000000000000,
   45,    3,    0.13906250000000,    0.00781250000000,    2.28479117476841,    0.00000000000000,    2.28479117476841,   -0.00000790053572,    0.00000000000000,   -0.00001805107428,    2.28207500871510,    0.00000000000000,    2.28207500871510,   42.48373906124885,    0.00000000000000,
   45,    4,    0.13906250000000,    0.01093750000000,    2.28479117476841,    0.00000000000000,    2.28479117476841,   -0.00000790053572,    0.00000000000000,   -0.00001805107428,    2.28207500871510,    0.00000000000000,    2.28207500871510,   42.48373906124885,    0.00000000000000,
   45,    5,    0.13906250000000,    0.01406250000000,    2.28479117476841,    0.00000000000000,    2.28479117476841,   -0.00000790053572,    0.00000000000000,   -0.00001805107428,    2.28207500871510,    0.00000000000000,    2.28207500871510,   42.48373906124885,    0.00000000000000,
   46,    1,    0.14218750000000,    0.00156250000000,    2.29070099787563,    0.00000000000000,    2.29070099787563,   -0.00000790492208,   -0.00000000000000,   -0.00001810781290,    2.28799158104227,    0.00000000000000,    2.28799158104227,   42.39656306633669,    0.00000000000000,
   46,    2,    0.14218750000000,    0.00468750000000,    2.29070099787563,    0.00000000000000,    2.29070099787563,   -0.00000790492208,   -0.00000000000000,   -0.00001810781290,    2.28799158104227,    0.00000000000000,    2.28799158104227,   42.39656306633669,    0.00000000000000,
   46,    3,    0.14218750000000,    0.00781250000000,    2.29070099787563,    0.00000000000000,    2.29070099787563,   -0.00000790492208,   -0.00000000000000,   -0.00001810781290,    2.28799158104227,    0.00000000000000,    2.28799158104227,   42.39656306633669,    0.00000000000000,
   46,    4,    0.14218750000000,    0.01093750000000,    2.29070099787563,    0.00000000000000,    2.29070099787563,   -0.00000790492208,   -0.00000000000000,   -0.00001810781290,    2.28799158104227,    0.00000000000000,    2.28799158104227,   42.39656306633669,    0.00000000000000,
   46,    5,    0.14218750000000,    0.01406250000000,    2.29070099787563,    0.00000000000000,    2.29070099787563,   -0.00000790492208,   -0.00000000000000,   -0.00001810781290,    2.28799158104227,    0.00000000000000,    2.28799158104227,   42.39656306633669,    0.00000000000000,
   47,    1,    0.14531250000000,    0.00156250000000,    2.29658313057805,    0.00000000000000,    2.29658313057805,   -0.00000790744141,   -0.00000000000000,   -0.00001816009655,    2.29388039614146,    0.00000000000000,    2.29388039614146,   42.30375782482603,    0.00000000000000,
   47,    2,    0.14531250000000,    0.00468750000000,    2.29658313057805,    0.00000000000000,    2.29658313057805,   -0.00000790744141,   -0.00000000000000,   -0.00001816009655,    2.29388039614146,    0.00000000000000,    2.29388039614146,   42.30375782482603,    0.00000000000000,
   47,    3,    0.14531250000000,    0.00781250000000,    2.29658313057805,    0.00000000000000,    2.29658313057805,   -0.00000790744141,   -0.00000000000000,   -0.00001816009655,    2.29388039614146,    0.00000000000000,    2.29388039614146,   42.30375782482603,    0.00000000000000,
   47,    4,    0.14531250000000,    0.01093750000000,    2.29658313057805,    0.00000000000000,    2.29658313057805,   -0.00000790744141,   -0.00000000000000,   -0.00001816009655,    2.29388039614146,    0.00000000000000,    2.29388039614146,   42.30375782482603,    0.00000000000000,
   47,    5,    0.14531250000000,    0.01406250000000,    2.29658313057805,    0.00000000000000,    2.29658313057805,   -0.00000790744141,   -0.00000000000000,   -0.00001816009655,    2.29388039614146,    0.00000000000000,    2.29388039614146,   42.30375782482603,    0.00000000000000,
   48,    1,    0.14843750000000,    0.00156250000000,    2.30243700516256,    0.00000000000000,    2.30243700516256,   -0.00000790810418,   -0.00000000000000,   -0.00001820791171,    2.29974088643640,    0.00000000000000,    2.29974088643640,   42.20530821073818,    0.00000000000000,
   48,    2,    0.14843750000000,    0.00468750000000,    2.30243700516256,    0.00000000000000,    2.30243700516256,   -0.00000790810418,   -0.00000000000000,   -0.00001820791171,    2.29974088643640,    0.00000000000000,    2.29974088643640,   42.20530821073818,    0.00000000000000,
   48,    3,    0.14843750000000,    0.00781250000000,    2.30243700516256,    0.00000000000000,    2.30243700516256,   -0.00000790810418,   -0.00000000000000,   -0.00001820791171,    2.29974088643640,    0.00000000000000,    2.29974088643640,   42.20530821073818,    0.00000000000000,
   48,    4,    0.14843750000000,    0.01093750000000,    2.30243700516256,    0.00000000000000,    2.30243700516256,   -0.00000790810418,   -0.00000000000000,   -0.00001820791171,    2.29974088643640,    0.00000000000000,    2.29974088643640,   42.20530821073818,    0.00000000000000,
   48,    5,    0.14843750000000,    0.01406250000000,    2.30243700516256,    0.00000000000000,    2.30243700516256,   -0.00000790810418,   -0.00000000000000,   -0.00001820791171,    2.29974088643640,    0.00000000000000,    2.29974088643640,   42.20530821073818,    0.00000000000000,
   49,    1,    0.15156250000000,    0.00156250000000,    2.30826205664313,    0.00000000000000,    2.30826205664313,   -0.00000790692127,   -0.00000000000000,   -0.00001825124636,    2.30557248708085,    0.00000000000000,    2.30557248708085,   42.10120024623782,    0.00000000000000,
   49,    2,    0.15156250000000,    0.00468750000000,    2.30826205664313,    0.00000000000000,    2.30826205664313,   -0.00000790692127,   -0.00000000000000,   -0.00001825124636,    2.30557248708085,    0.00000000000000,    2.30557248708085,   42.10120024623782,    0.00000000000000,
   49,    3,    0.15156250000000,    0.00781250000000,    2.30826205664313,    0.00000000000000,    2.30826205664313,   -0.00000790692127,   -0.00000000000000,   -0.00001825124636,    2.30557248708085,    0.00000000000000,    2.30557248708085,   42.10120024623782,    0.00000000000000,
   49,    4,    0.15156250000000,    0.01093750000000,    2.30826205664313,    0.00000000000000,    2.30826205664313,   -0.00000790692127,   -0.00000000000000,   -0.00001825124636,    2.30557248708085,    0.00000000000000,    2.30557248708085,   42.10120024623782,    0.00000000000000,
   49,    5,    0.15156250000000,    0.01406250000000,    2.30826205664313,    0.00000000000000,    2.30826205664313,   -0.00000790692127,   -0.00000000000000,   -0.00001825124636,    2.30557248708085,    0.00000000000000,    2.30557248708085,   42.10120024623782,    0.00000000000000,
   50,    1,    0.15468750000000,    0.00156250000000,    2.31405772281514,    0.00000000000000,    2.31405772281514,   -0.00000790390398,    0.00000000000000,   -0.00001829009005,    2.31137463601298,    0.00000000000000,    2.31137463601298,   41.99142111202696,    0.00000000000000,
   50,    2,    0.15468750000000,    0.00468750000000,    2.31405772281514,    0.00000000000000,    2.31405772281514,   -0.00000790390398,    0.00000000000000,   -0.00001829009005,    2.31137463601298,    0.00000000000000,    2.31137463601298,   41.99142111202696,    0.00000000000000,
   50,    3,    0.15468750000000,    0.00781250000000,    2.31405772281514,    0.00000000000000,    2.31405772281514,   -0.00000790390398,    0.00000000000000,   -0.00001829009005,    2.31137463601298,    0.00000000000000,    2.31137463601298,   41.99142111202696,    0.00000000000000,
   50,    4,    0.15468750000000,    0.01093750000000,    2.31405772281514,    0.00000000000000,    2.31405772281514,   -0.00000790390398,    0.00000000000000,   -0.00001829009005,    2.31137463601298,    0.00000000000000,    2.31137463601298,   41.99142111202696,    0.00000000000000,
   50,    5,    0.15468750000000,    0.01406250000000,    2.31405772281514,    0.00000000000000,    2.31405772281514,   -0.00000790390398,    0.00000000000000,   -0.00001829009005,    2.31137463601298,    0.00000000000000,    2.31137463601298,   41.99142111202696,    0.00000000000000,
   51,    1,    0.15781250000000,    0.00156250000000,    2.31982344431000,    0.00000000000000,    2.31982344431000,   -0.00000789906400,   -0.00000000000000,   -0.00001832443385,    2.31714677400962,    0.00000000000000,    2.31714677400962,   41.87595915739106,    0.00000000000000,
   51,    2,    0.15781250000000,    0.00468750000000,    2.31982344431000,    0.00000000000000,    2.31982344431000,   -0.00000789906400,   -0.00000000000000,   -0.00001832443385,    2.31714677400962,    0.00000000000000,    2.31714677400962,   41.87595915739106,    0.00000000000000,
   51,    3,    0.15781250000000,    0.00781250000000,    2.31982344431000,    0.00000000000000,    2.31982344431000,   -0.00000789906400,   -0.00000000000000,   -0.00001832443385,    2.31714677400962,    0.00000000000000,    2.31714677400962,   41.87595915739106,    0.00000000000000,
   51,    4,    0.15781250000000,    0.01093750000000,    2.31982344431000,    0.00000000000000,    2.31982344431000,   -0.00000789906400,   -0.00000000000000,   -0.00001832443385,    2.31714677400962,    0.00000000000000,    2.31714677400962,   41.87595915739106,    0.00000000000000,
   51,    5,    0.15781250000000,    0.01406250000000,    2.31982344431000,    0.00000000000000,    2.31982344431000,   -0.00000789906400,   -0.00000000000000,   -0.00001832443385,    2.31714677400962,    0.00000000000000,    2.31714677400962,   41.87595915739106,    0.00000000000000,
   52,    1,    0.16093750000000,    0.00156250000000,    2.32555866464906,    0.00000000000000,    2.32555866464906,   -0.00000789241339,   -0.00000000000000,   -0.00001835427034,    2.32288834474009,    0.00000000000000,    2.32288834474009,   41.75480390989247,    0.00000000000000,
   52,    2,    0.16093750000000,    0.00468750000000,    2.32555866464906,    0.00000000000000,    2.32555866464906,   -0.00000789241339,   -0.00000000000000,   -0.00001835427034,    2.32288834474009,    0.00000000000000,    2.32288834474009,   41.75480390989247,    0.00000000000000,
   52,    3,    0.16093750000000,    0.00781250000000,    2.32555866464906,    0.00000000000000,    2.32555866464906,   -0.00000789241339,   -0.00000000000000,   -0.00001835427034,    2.32288834474009,    0.00000000000000,    2.32288834474009,   41.75480390989247,    0.00000000000000,
   52,    4,    0.16093750000000,    0.01093750000000,    2.32555866464906,    0.00000000000000,    2.32555866464906,   -0.00000789241339,   -0.00000000000000,   -0.00001835427034,    2.32288834474009,    0.00000000000000,    2.32288834474009,   41.75480390989247,    0.00000000000000,
   52,    5,    0.16093750000000,    0.01406250000000,    2.32555866464906,    0.00000000000000,    2.32555866464906,   -0.00000789241339,   -0.00000000000000,   -0.00001835427034,    2.32288834474009,    0.00000000000000,    2.32288834474009,   41.75480390989247,    0.00000000000000,
   53,    1,    0.16406250000000,    0.00156250000000,    2.33126283029743,    0.00000000000000,    2.33126283029743,   -0.00000788396458,    0.00000000000000,   -0.00001837959357,    2.32859879481986,    0.00000000000000,    2.32859879481986,   41.62794608470741,    0.00000000000000,
   53,    2,    0.16406250000000,    0.00468750000000,    2.33126283029743,    0.00000000000000,    2.33126283029743,   -0.00000788396458,    0.00000000000000,   -0.00001837959357,    2.32859879481986,    0.00000000000000,    2.32859879481986,   41.62794608470741,    0.00000000000000,
   53,    3,    0.16406250000000,    0.00781250000000,    2.33126283029743,    0.00000000000000,    2.33126283029743,   -0.00000788396458,    0.00000000000000,   -0.00001837959357,    2.32859879481986,    0.00000000000000,    2.32859879481986,   41.62794608470741,    0.00000000000000,
   53,    4,    0.16406250000000,    0.01093750000000,    2.33126283029743,    0.00000000000000,    2.33126283029743,   -0.00000788396458,    0.00000000000000,   -0.00001837959357,    2.32859879481986,    0.00000000000000,    2.32859879481986,   41.62794608470741,    0.00000000000000,
   53,    5,    0.16406250000000,    0.01406250000000,    2.33126283029743,    0.00000000000000,    2.33126283029743,   -0.00000788396458,    0.00000000000000,   -0.00001837959357,    2.32859879481986,    0.00000000000000,    2.32859879481986,   41.62794608470741,    0.00000000000000,
   54,    1,    0.16718750000000,    0.00156250000000,    2.33693539071747,    0.00000000000000,    2.33693539071747,   -0.00000787373035,    0.00000000000000,   -0.00001840039912,    2.33427757386385,    0.00000000000000,    2.33427757386385,   41.49537759360209,    0.00000000000000,
   54,    2,    0.16718750000000,    0.00468750000000,    2.33693539071747,    0.00000000000000,    2.33693539071747,   -0.00000787373035,    0.00000000000000,   -0.00001840039912,    2.33427757386385,    0.00000000000000,    2.33427757386385,   41.49537759360209,    0.00000000000000,
   54,    3,    0.16718750000000,    0.00781250000000,    2.33693539071747,    0.00000000000000,    2.33693539071747,   -0.00000787373035,    0.00000000000000,   -0.00001840039912,    2.33427757386385,    0.00000000000000,    2.33427757386385,   41.49537759360209,    0.00000000000000,
   54,    4,    0.16718750000000,    0.01093750000000,    2.33693539071747,    0.00000000000000,    2.33693539071747,   -0.00000787373035,    0.00000000000000,   -0.00001840039912,    2.33427757386385,    0.00000000000000,    2.33427757386385,   41.49537759360209,    0.00000000000000,
   54,    5,    0.16718750000000,    0.01406250000000,    2.33693539071747,    0.00000000000000,    2.33693539071747,   -0.00000787373035,    0.00000000000000,   -0.00001840039912,    2.33427757386385,    0.00000000000000,    2.33427757386385,   41.49537759360209,    0.00000000000000,
   55,    1,    0.17031250000000,    0.00156250000000,    2.34257579842191,    0.00000000000000,    2.34257579842191,   -0.00000786172383,    0.00000000000000,   -0.00001841668398,    2.33992413453952,    0.00000000000000,    2.33992413453952,   41.35709155354416,    0.00000000000000,
   55,    2,    0.17031250000000,    0.00468750000000,    2.34257579842191,    0.00000000000000,    2.34257579842191,   -0.00000786172383,    0.00000000000000,   -0.00001841668398,    2.33992413453952,    0.00000000000000,    2.33992413453952,   41.35709155354416,    0.00000000000000,
   55,    3,    0.17031250000000,    0.00781250000000,    2.34257579842191,    0.00000000000000,    2.34257579842191,   -0.00000786172383,    0.00000000000000,   -0.00001841668398,    2.33992413453952,    0.00000000000000,    2.33992413453952,   41.35709155354416,    0.00000000000000,
   55,    4,    0.17031250000000,    0.01093750000000,    2.34257579842191,    0.00000000000000,    2.34257579842191,   -0.00000786172383,    0.00000000000000,   -0.00001841668398,    2.33992413453952,    0.00000000000000,    2.33992413453952,   41.35709155354416,    0.00000000000000,
   55,    5,    0.17031250000000,    0.01406250000000,    2.34257579842191,    0.00000000000000,    2.34257579842191,   -0.00000786172383,    0.00000000000000,   -0.00001841668398,    2.33992413453952,    0.00000000000000,    2.33992413453952,   41.35709155354416,    0.00000000000000,
   56,    1,    0.17343750000000,    0.00156250000000,    2.34818350902695,    0.00000000000000,    2.34818350902695,   -0.00000784795845,    0.00000000000000,   -0.00001842844662,    2.34553793261961,    0.00000000000000,    2.34553793261961,   41.21308229494543,    0.00000000000000,
   56,    2,    0.17343750000000,    0.00468750000000,    2.34818350902695,    0.00000000000000,    2.34818350902695,   -0.00000784795845,    0.00000000000000,   -0.00001842844662,    2.34553793261961,    0.00000000000000,    2.34553793261961,   41.21308229494543,    0.00000000000000,
   56,    3,    0.17343750000000,    0.00781250000000,    2.34818350902695,    0.00000000000000,    2.34818350902695,   -0.00000784795845,    0.00000000000000,   -0.00001842844662,    2.34553793261961,    0.00000000000000,    2.34553793261961,   41.21308229494543,    0.00000000000000,
   56,    4,    0.17343750000000,    0.01093750000000,    2.34818350902695,    0.00000000000000,    2.34818350902695,   -0.00000784795845,    0.00000000000000,   -0.00001842844662,    2.34553793261961,    0.00000000000000,    2.34553793261961,   41.21308229494543,    0.00000000000000,
   56,    5,    0.17343750000000,    0.01406250000000,    2.34818350902695,    0.00000000000000,    2.34818350902695,   -0.00000784795845,    0.00000000000000,   -0.00001842844662,    2.34553793261961,    0.00000000000000,    2.34553793261961,   41.21308229494543,    0.00000000000000,
   57,    1,    0.17656250000000,    0.00156250000000,    2.35375798130462,    0.00000000000000,    2.35375798130462,   -0.00000783244798,   -0.00000000000000,   -0.00001843568694,    2.35111842703457,    0.00000000000000,    2.35111842703457,   41.06334536953244,    0.00000000000000,
   57,    2,    0.17656250000000,    0.00468750000000,    2.35375798130462,    0.00000000000000,    2.35375798130462,   -0.00000783244798,   -0.00000000000000,   -0.00001843568694,    2.35111842703457,    0.00000000000000,    2.35111842703457,   41.06334536953244,    0.00000000000000,
   57,    3,    0.17656250000000,    0.00781250000000,    2.35375798130462,    0.00000000000000,    2.35375798130462,   -0.00000783244798,   -0.00000000000000,   -0.00001843568694,    2.35111842703457,    0.00000000000000,    2.35111842703457,   41.06334536953244,    0.00000000000000,
   57,    4,    0.17656250000000,    0.01093750000000,    2.35375798130462,    0.00000000000000,    2.35375798130462,   -0.00000783244798,   -0.00000000000000,   -0.00001843568694,    2.35111842703457,    0.00000000000000,    2.35111842703457,   41.06334536953244,    0.00000000000000,
   57,    5,    0.17656250000000,    0.01406250000000,    2.35375798130462,    0.00000000000000,    2.35375798130462,   -0.00000783244798,   -0.00000000000000,   -0.00001843568694,    2.35111842703457,    0.00000000000000,    2.35111842703457,   41.06334536953244,    0.00000000000000,
   58,    1,    0.17968750000000,    0.00156250000000,    2.35929867723516,    0.00000000000000,    2.35929867723516,   -0.00000781520645,    0.00000000000000,   -0.00001843840625,    2.35666507992473,    0.00000000000000,    2.35666507992473,   40.90787755784105,    0.00000000000000,
   58,    2,    0.17968750000000,    0.00468750000000,    2.35929867723516,    0.00000000000000,    2.35929867723516,   -0.00000781520645,    0.00000000000000,   -0.00001843840625,    2.35666507992473,    0.00000000000000,    2.35666507992473,   40.90787755784105,    0.00000000000000,
   58,    3,    0.17968750000000,    0.00781250000000,    2.35929867723516,    0.00000000000000,    2.35929867723516,   -0.00000781520645,    0.00000000000000,   -0.00001843840625,    2.35666507992473,    0.00000000000000,    2.35666507992473,   40.90787755784105,    0.00000000000000,
   58,    4,    0.17968750000000,    0.01093750000000,    2.35929867723516,    0.00000000000000,    2.35929867723516,   -0.00000781520645,    0.00000000000000,   -0.00001843840625,    2.35666507992473,    0.00000000000000,    2.35666507992473,   40.90787755784105,    0.00000000000000,
   58,    5,    0.17968750000000,    0.01406250000000,    2.35929867723516,    0.00000000000000,    2.35929867723516,   -0.00000781520645,    0.00000000000000,   -0.00001843840625,    2.35666507992473,    0.00000000000000,    2.35666507992473,   40.90787755784105,    0.00000000000000,
   59,    1,    0.18281250000000,    0.00156250000000,    2.36480506205917,    0.00000000000000,    2.36480506205917,   -0.00000779624822,   -0.00000000000000,   -0.00001843660725,    2.36217735669215,    0.00000000000000,    2.36217735669215,   40.74667687633163,    0.00000000000000,
   59,    2,    0.18281250000000,    0.00468750000000,    2.36480506205917,    0.00000000000000,    2.36480506205917,   -0.00000779624822,   -0.00000000000000,   -0.00001843660725,    2.36217735669215,    0.00000000000000,    2.36217735669215,   40.74667687633163,    0.00000000000000,
   59,    3,    0.18281250000000,    0.00781250000000,    2.36480506205917,    0.00000000000000,    2.36480506205917,   -0.00000779624822,   -0.00000000000000,   -0.00001843660725,    2.36217735669215,    0.00000000000000,    2.36217735669215,   40.74667687633163,    0.00000000000000,
   59,    4,    0.18281250000000,    0.01093750000000,    2.36480506205917,    0.00000000000000,    2.36480506205917,   -0.00000779624822,   -0.00000000000000,   -0.00001843660725,    2.36217735669215,    0.00000000000000,    2.36217735669215,   40.74667687633163,    0.00000000000000,
   59,    5,    0.18281250000000,    0.01406250000000,    2.36480506205917,    0.00000000000000,    2.36480506205917,   -0.00000779624822,   -0.00000000000000,   -0.00001843660725,    2.36217735669215,    0.00000000000000,    2.36217735669215,   40.74667687633163,    0.00000000000000,
   60,    1,    0.18593750000000,    0.00156250000000,    2.37027660432890,    0.00000000000000,    2.37027660432890,   -0.00000777558788,   -0.00000000000000,   -0.00001843029403,    2.36765472605211,    0.00000000000000,    2.36765472605211,   40.57974258412176,    0.00000000000000,
   60,    2,    0.18593750000000,    0.00468750000000,    2.37027660432890,    0.00000000000000,    2.37027660432890,   -0.00000777558788,   -0.00000000000000,   -0.00001843029403,    2.36765472605211,    0.00000000000000,    2.36765472605211,   40.57974258412176,    0.00000000000000,
   60,    3,    0.18593750000000,    0.00781250000000,    2.37027660432890,    0.00000000000000,    2.37027660432890,   -0.00000777558788,   -0.00000000000000,   -0.00001843029403,    2.36765472605211,    0.00000000000000,    2.36765472605211,   40.57974258412176,    0.00000000000000,
   60,    4,    0.18593750000000,    0.01093750000000,    2.37027660432890,    0.00000000000000,    2.37027660432890,   -0.00000777558788,   -0.00000000000000,   -0.00001843029403,    2.36765472605211,    0.00000000000000,    2.36765472605211,   40.57974258412176,    0.00000000000000,
   60,    5,    0.18593750000000,    0.01406250000000,    2.37027660432890,    0.00000000000000,    2.37027660432890,   -0.00000777558788,   -0.00000000000000,   -0.00001843029403,    2.36765472605211,    0.00000000000000,    2.36765472605211,   40.57974258412176,    0.00000000000000,
   61,    1,    0.18906250000000,    0.00156250000000,    2.37571277595990,    0.00000000000000,    2.37571277595990,   -0.00000775324031,    0.00000000000000,   -0.00001841947205,    2.37309666008436,    0.00000000000000,    2.37309666008436,   40.40707518933296,    0.00000000000000,
   61,    2,    0.18906250000000,    0.00468750000000,    2.37571277595990,    0.00000000000000,    2.37571277595990,   -0.00000775324031,    0.00000000000000,   -0.00001841947205,    2.37309666008436,    0.00000000000000,    2.37309666008436,   40.40707518933296,    0.00000000000000,
   61,    3,    0.18906250000000,    0.00781250000000,    2.37571277595990,    0.00000000000000,    2.37571277595990,   -0.00000775324031,    0.00000000000000,   -0.00001841947205,    2.37309666008436,    0.00000000000000,    2.37309666008436,   40.40707518933296,    0.00000000000000,
   61,    4,    0.18906250000000,    0.01093750000000,    2.37571277595990,    0.00000000000000,    2.37571277595990,   -0.00000775324031,    0.00000000000000,   -0.00001841947205,    2.37309666008436,    0.00000000000000,    2.37309666008436,   40.40707518933296,    0.00000000000000,
   61,    5,    0.18906250000000,    0.01406250000000,    2.37571277595990,    0.00000000000000,    2.37571277595990,   -0.00000775324031,    0.00000000000000,   -0.00001841947205,    2.37309666008436,    0.00000000000000,    2.37309666008436,   40.40707518933296,    0.00000000000000,
   62,    1,    0.19218750000000,    0.00156250000000,    2.38111305228192,    0.00000000000000,    2.38111305228192,   -0.00000772922062,   -0.00000000000000,   -0.00001840414810,    2.37850263428397,    0.00000000000000,    2.37850263428397,   40.22867645504861,    0.00000000000000,
   62,    2,    0.19218750000000,    0.00468750000000,    2.38111305228192,    0.00000000000000,    2.38111305228192,   -0.00000772922062,   -0.00000000000000,   -0.00001840414810,    2.37850263428397,    0.00000000000000,    2.37850263428397,   40.22867645504861,    0.00000000000000,
   62,    3,    0.19218750000000,    0.00781250000000,    2.38111305228192,    0.00000000000000,    2.38111305228192,   -0.00000772922062,   -0.00000000000000,   -0.00001840414810,    2.37850263428397,    0.00000000000000,    2.37850263428397,   40.22867645504861,    0.00000000000000,
   62,    4,    0.19218750000000,    0.01093750000000,    2.38111305228192,    0.00000000000000,    2.38111305228192,   -0.00000772922062,   -0.00000000000000,   -0.00001840414810,    2.37850263428397,    0.00000000000000,    2.37850263428397,   40.22867645504861,    0.00000000000000,
   62,    5,    0.19218750000000,    0.01406250000000,    2.38111305228192,    0.00000000000000,    2.38111305228192,   -0.00000772922062,   -0.00000000000000,   -0.00001840414810,    2.37850263428397,    0.00000000000000,    2.37850263428397,   40.22867645504861,    0.00000000000000,
   63,    1,    0.19531250000000,    0.00156250000000,    2.38647691208953,    0.00000000000000,    2.38647691208953,   -0.00000770354417,   -0.00000000000000,   -0.00001838433029,    2.38387212761190,    0.00000000000000,    2.38387212761190,   40.04454940488021,    0.00000000000000,
   63,    2,    0.19531250000000,    0.00468750000000,    2.38647691208953,    0.00000000000000,    2.38647691208953,   -0.00000770354417,   -0.00000000000000,   -0.00001838433029,    2.38387212761190,    0.00000000000000,    2.38387212761190,   40.04454940488021,    0.00000000000000,
   63,    3,    0.19531250000000,    0.00781250000000,    2.38647691208953,    0.00000000000000,    2.38647691208953,   -0.00000770354417,   -0.00000000000000,   -0.00001838433029,    2.38387212761190,    0.00000000000000,    2.38387212761190,   40.04454940488021,    0.00000000000000,
   63,    4,    0.19531250000000,    0.01093750000000,    2.38647691208953,    0.00000000000000,    2.38647691208953,   -0.00000770354417,   -0.00000000000000,   -0.00001838433029,    2.38387212761190,    0.00000000000000,    2.38387212761190,   40.04454940488021,    0.00000000000000,
   63,    5,    0.19531250000000,    0.01406250000000,    2.38647691208953,    0.00000000000000,    2.38647691208953,   -0.00000770354417,   -0.00000000000000,   -0.00001838433029,    2.38387212761190,    0.00000000000000,    2.38387212761190,   40.04454940488021,    0.00000000000000,
   64,    1,    0.19843750000000,    0.00156250000000,    2.39180383769258,    0.00000000000000,    2.39180383769258,   -0.00000767622653,    0.00000000000000,   -0.00001836002808,    2.38920462254519,    0.00000000000000,    2.38920462254519,   39.85469832813899,    0.00000000000000,
   64,    2,    0.19843750000000,    0.00468750000000,    2.39180383769258,    0.00000000000000,    2.39180383769258,   -0.00000767622653,    0.00000000000000,   -0.00001836002808,    2.38920462254519,    0.00000000000000,    2.38920462254519,   39.85469832813899,    0.00000000000000,
   64,    3,    0.19843750000000,    0.00781250000000,    2.39180383769258,    0.00000000000000,    2.39180383769258,   -0.00000767622653,    0.00000000000000,   -0.00001836002808,    2.38920462254519,    0.00000000000000,    2.38920462254519,   39.85469832813899,    0.00000000000000,
   64,    4,    0.19843750000000,    0.01093750000000,    2.39180383769258,    0.00000000000000,    2.39180383769258,   -0.00000767622653,    0.00000000000000,   -0.00001836002808,    2.38920462254519,    0.00000000000000,    2.38920462254519,   39.85469832813899,    0.00000000000000,
   64,    5,    0.19843750000000,    0.01406250000000,    2.39180383769258,    0.00000000000000,    2.39180383769258,   -0.00000767622653,    0.00000000000000,   -0.00001836002808,    2.38920462254519,    0.00000000000000,    2.38920462254519,   39.85469832813899,    0.00000000000000,
   65,    1,    0.20156250000000,    0.00156250000000,    2.39709331496605,    0.00000000000000,    2.39709331496605,   -0.00000764728350,    0.00000000000000,   -0.00001833125216,    2.39449960512690,    0.00000000000000,    2.39449960512690,   39.65912878461064,    0.00000000000000,
   65,    2,    0.20156250000000,    0.00468750000000,    2.39709331496605,    0.00000000000000,    2.39709331496605,   -0.00000764728350,    0.00000000000000,   -0.00001833125216,    2.39449960512690,    0.00000000000000,    2.39449960512690,   39.65912878461064,    0.00000000000000,
   65,    3,    0.20156250000000,    0.00781250000000,    2.39709331496605,    0.00000000000000,    2.39709331496605,   -0.00000764728350,    0.00000000000000,   -0.00001833125216,    2.39449960512690,    0.00000000000000,    2.39449960512690,   39.65912878461064,    0.00000000000000,
   65,    4,    0.20156250000000,    0.01093750000000,    2.39709331496605,    0.00000000000000,    2.39709331496605,   -0.00000764728350,    0.00000000000000,   -0.00001833125216,    2.39449960512690,    0.00000000000000,    2.39449960512690,   39.65912878461064,    0.00000000000000,
   65,    5,    0.20156250000000,    0.01406250000000,    2.39709331496605,    0.00000000000000,    2.39709331496605,   -0.00000764728350,    0.00000000000000,   -0.00001833125216,    2.39449960512690,    0.00000000000000,    2.39449960512690,   39.65912878461064,    0.00000000000000,
   66,    1,    0.20468750000000,    0.00156250000000,    2.40234483339977,    0.00000000000000,    2.40234483339977,   -0.00000761673108,    0.00000000000000,   -0.00001829801456,    2.39975656501557,    0.00000000000000,    2.39975656501557,   39.45784760893022,    0.00000000000000,
   66,    2,    0.20468750000000,    0.00468750000000,    2.40234483339977,    0.00000000000000,    2.40234483339977,   -0.00000761673108,    0.00000000000000,   -0.00001829801456,    2.39975656501557,    0.00000000000000,    2.39975656501557,   39.45784760893022,    0.00000000000000,
   66,    3,    0.20468750000000,    0.00781250000000,    2.40234483339977,    0.00000000000000,    2.40234483339977,   -0.00000761673108,    0.00000000000000,   -0.00001829801456,    2.39975656501557,    0.00000000000000,    2.39975656501557,   39.45784760893022,    0.00000000000000,
   66,    4,    0.20468750000000,    0.01093750000000,    2.40234483339977,    0.00000000000000,    2.40234483339977,   -0.00000761673108,    0.00000000000000,   -0.00001829801456,    2.39975656501557,    0.00000000000000,    2.39975656501557,   39.45784760893022,    0.00000000000000,
   66,    5,    0.20468750000000,    0.01406250000000,    2.40234483339977,    0.00000000000000,    2.40234483339977,   -0.00000761673108,    0.00000000000000,   -0.00001829801456,    2.39975656501557,    0.00000000000000,    2.39975656501557,   39.45784760893022,    0.00000000000000,
   67,    1,    0.20781250000000,    0.00156250000000,    2.40755788614777,    0.00000000000000,    2.40755788614777,   -0.00000758458544,   -0.00000000000000,   -0.00001826032849,    2.40497499553447,    0.00000000000000,    2.40497499553447,   39.25086291455546,    0.00000000000000,
   67,    2,    0.20781250000000,    0.00468750000000,    2.40755788614777,    0.00000000000000,    2.40755788614777,   -0.00000758458544,   -0.00000000000000,   -0.00001826032849,    2.40497499553447,    0.00000000000000,    2.40497499553447,   39.25086291455546,    0.00000000000000,
   67,    3,    0.20781250000000,    0.00781250000000,    2.40755788614777,    0.00000000000000,    2.40755788614777,   -0.00000758458544,   -0.00000000000000,   -0.00001826032849,    2.40497499553447,    0.00000000000000,    2.40497499553447,   39.25086291455546,    0.00000000000000,
   67,    4,    0.20781250000000,    0.01093750000000,    2.40755788614777,    0.00000000000000,    2.40755788614777,   -0.00000758458544,   -0.00000000000000,   -0.00001826032849,    2.40497499553447,    0.00000000000000,    2.40497499553447,   39.25086291455546,    0.00000000000000,
   67,    5,    0.20781250000000,    0.01406250000000,    2.40755788614777,    0.00000000000000,    2.40755788614777,   -0.00000758458544,   -0.00000000000000,   -0.00001826032849,    2.40497499553447,    0.00000000000000,    2.40497499553447,   39.25086291455546,    0.00000000000000,
   68,    1,    0.21093750000000,    0.00156250000000,    2.41273197007713,    0.00000000000000,    2.41273197007713,   -0.00000755086296,   -0.00000000000000,   -0.00001821820846,    2.41015439372042,    0.00000000000000,    2.41015439372042,   39.03818409733584,    0.00000000000000,
   68,    2,    0.21093750000000,    0.00468750000000,    2.41273197007713,    0.00000000000000,    2.41273197007713,   -0.00000755086296,   -0.00000000000000,   -0.00001821820846,    2.41015439372042,    0.00000000000000,    2.41015439372042,   39.03818409733584,    0.00000000000000,
   68,    3,    0.21093750000000,    0.00781250000000,    2.41273197007713,    0.00000000000000,    2.41273197007713,   -0.00000755086296,   -0.00000000000000,   -0.00001821820846,    2.41015439372042,    0.00000000000000,    2.41015439372042,   39.03818409733584,    0.00000000000000,
   68,    4,    0.21093750000000,    0.01093750000000,    2.41273197007713,    0.00000000000000,    2.41273197007713,   -0.00000755086296,   -0.00000000000000,   -0.00001821820846,    2.41015439372042,    0.00000000000000,    2.41015439372042,   39.03818409733584,    0.00000000000000,
   68,    5,    0.21093750000000,    0.01406250000000,    2.41273197007713,    0.00000000000000,    2.41273197007713,   -0.00000755086296,   -0.00000000000000,   -0.00001821820846,    2.41015439372042,    0.00000000000000,    2.41015439372042,   39.03818409733584,    0.00000000000000,
   69,    1,    0.21406250000000,    0.00156250000000,    2.41786658581657,    0.00000000000000,    2.41786658581657,   -0.00000751558016,   -0.00000000000000,   -0.00001817167015,    2.41529426037222,    0.00000000000000,    2.41529426037222,   38.81982183867575,    0.00000000000000,
   69,    2,    0.21406250000000,    0.00468750000000,    2.41786658581657,    0.00000000000000,    2.41786658581657,   -0.00000751558016,   -0.00000000000000,   -0.00001817167015,    2.41529426037222,    0.00000000000000,    2.41529426037222,   38.81982183867575,    0.00000000000000,
   69,    3,    0.21406250000000,    0.00781250000000,    2.41786658581657,    0.00000000000000,    2.41786658581657,   -0.00000751558016,   -0.00000000000000,   -0.00001817167015,    2.41529426037222,    0.00000000000000,    2.41529426037222,   38.81982183867575,    0.00000000000000,
   69,    4,    0.21406250000000,    0.01093750000000,    2.41786658581657,    0.00000000000000,    2.41786658581657,   -0.00000751558016,   -0.00000000000000,   -0.00001817167015,    2.41529426037222,    0.00000000000000,    2.41529426037222,   38.81982183867575,    0.00000000000000,
   69,    5,    0.21406250000000,    0.01406250000000,    2.41786658581657,    0.00000000000000,    2.41786658581657,   -0.00000751558016,   -0.00000000000000,   -0.00001817167015,    2.41529426037222,    0.00000000000000,    2.41529426037222,   38.81982183867575,    0.00000000000000,
   70,    1,    0.21718750000000,    0.00156250000000,    2.42296123780473,    0.00000000000000,    2.42296123780473,   -0.00000747875376,   -0.00000000000000,   -0.00001812073047,    2.42039410009884,    0.00000000000000,    2.42039410009884,   38.59578810828952,    0.00000000000000,
   70,    2,    0.21718750000000,    0.00468750000000,    2.42296123780473,    0.00000000000000,    2.42296123780473,   -0.00000747875376,   -0.00000000000000,   -0.00001812073047,    2.42039410009884,    0.00000000000000,    2.42039410009884,   38.59578810828952,    0.00000000000000,
   70,    3,    0.21718750000000,    0.00781250000000,    2.42296123780473,    0.00000000000000,    2.42296123780473,   -0.00000747875376,   -0.00000000000000,   -0.00001812073047,    2.42039410009884,    0.00000000000000,    2.42039410009884,   38.59578810828952,    0.00000000000000,
   70,    4,    0.21718750000000,    0.01093750000000,    2.42296123780473,    0.00000000000000,    2.42296123780473,   -0.00000747875376,   -0.00000000000000,   -0.00001812073047,    2.42039410009884,    0.00000000000000,    2.42039410009884,   38.59578810828952,    0.00000000000000,
   70,    5,    0.21718750000000,    0.01406250000000,    2.42296123780473,    0.00000000000000,    2.42296123780473,   -0.00000747875376,   -0.00000000000000,   -0.00001812073047,    2.42039410009884,    0.00000000000000,    2.42039410009884,   38.59578810828952,    0.00000000000000,
   71,    1,    0.22031250000000,    0.00156250000000,    2.42801543433793,    0.00000000000000,    2.42801543433793,   -0.00000744040059,   -0.00000000000000,   -0.00001806540746,    2.42545342136711,    0.00000000000000,    2.42545342136711,   38.36609616654702,    0.00000000000000,
   71,    2,    0.22031250000000,    0.00468750000000,    2.42801543433793,    0.00000000000000,    2.42801543433793,   -0.00000744040059,   -0.00000000000000,   -0.00001806540746,    2.42545342136711,    0.00000000000000,    2.42545342136711,   38.36609616654702,    0.00000000000000,
   71,    3,    0.22031250000000,    0.00781250000000,    2.42801543433793,    0.00000000000000,    2.42801543433793,   -0.00000744040059,   -0.00000000000000,   -0.00001806540746,    2.42545342136711,    0.00000000000000,    2.42545342136711,   38.36609616654702,    0.00000000000000,
   71,    4,    0.22031250000000,    0.01093750000000,    2.42801543433793,    0.00000000000000,    2.42801543433793,   -0.00000744040059,   -0.00000000000000,   -0.00001806540746,    2.42545342136711,    0.00000000000000,    2.42545342136711,   38.36609616654702,    0.00000000000000,
   71,    5,    0.22031250000000,    0.01406250000000,    2.42801543433793,    0.00000000000000,    2.42801543433793,   -0.00000744040059,   -0.00000000000000,   -0.00001806540746,    2.42545342136711,    0.00000000000000,    2.42545342136711,   38.36609616654702,    0.00000000000000,
   72,    1,    0.22343750000000,    0.00156250000000,    2.43302868761770,    0.00000000000000,    2.43302868761770,   -0.00000740053764,    0.00000000000000,   -0.00001800572037,    2.43047173654911,    0.00000000000000,    2.43047173654911,   38.13076056640792,    0.00000000000000,
   72,    2,    0.22343750000000,    0.00468750000000,    2.43302868761770,    0.00000000000000,    2.43302868761770,   -0.00000740053764,    0.00000000000000,   -0.00001800572037,    2.43047173654911,    0.00000000000000,    2.43047173654911,   38.13076056640792,    0.00000000000000,
   72,    3,    0.22343750000000,    0.00781250000000,    2.43302868761770,    0.00000000000000,    2.43302868761770,   -0.00000740053764,    0.00000000000000,   -0.00001800572037,    2.43047173654911,    0.00000000000000,    2.43047173654911,   38.13076056640792,    0.00000000000000,
   72,    4,    0.22343750000000,    0.01093750000000,    2.43302868761770,    0.00000000000000,    2.43302868761770,   -0.00000740053764,    0.00000000000000,   -0.00001800572037,    2.43047173654911,    0.00000000000000,    2.43047173654911,   38.13076056640792,    0.00000000000000,
   72,    5,    0.22343750000000,    0.01406250000000,    2.43302868761770,    0.00000000000000,    2.43302868761770,   -0.00000740053764,    0.00000000000000,   -0.00001800572037,    2.43047173654911,    0.00000000000000,    2.43047173654911,   38.13076056640792,    0.00000000000000,
   73,    1,    0.22656250000000,    0.00156250000000,    2.43800051379787,    0.00000000000000,    2.43800051379787,   -0.00000735918202,    0.00000000000000,   -0.00001794168955,    2.43544856196918,    0.00000000000000,    2.43544856196918,   37.88979715494322,    0.00000000000000,
   73,    2,    0.22656250000000,    0.00468750000000,    2.43800051379787,    0.00000000000000,    2.43800051379787,   -0.00000735918202,    0.00000000000000,   -0.00001794168955,    2.43544856196918,    0.00000000000000,    2.43544856196918,   37.88979715494322,    0.00000000000000,
   73,    3,    0.22656250000000,    0.00781250000000,    2.43800051379787,    0.00000000000000,    2.43800051379787,   -0.00000735918202,    0.00000000000000,   -0.00001794168955,    2.43544856196918,    0.00000000000000,    2.43544856196918,   37.88979715494322,    0.00000000000000,
   73,    4,    0.22656250000000,    0.01093750000000,    2.43800051379787,    0.00000000000000,    2.43800051379787,   -0.00000735918202,    0.00000000000000,   -0.00001794168955,    2.43544856196918,    0.00000000000000,    2.43544856196918,   37.88979715494322,    0.00000000000000,
   73,    5,    0.22656250000000,    0.01406250000000,    2.43800051379787,    0.00000000000000,    2.43800051379787,   -0.00000735918202,    0.00000000000000,   -0.00001794168955,    2.43544856196918,    0.00000000000000,    2.43544856196918,   37.88979715494322,    0.00000000000000,
   74,    1,    0.22968750000000,    0.00156250000000,    2.44293043303115,    0.00000000000000,    2.44293043303115,   -0.00000731635100,    0.00000000000000,   -0.00001787333651,    2.44038341795054,    0.00000000000000,    2.44038341795054,   37.64322307444300,    0.00000000000000,
   74,    2,    0.22968750000000,    0.00468750000000,    2.44293043303115,    0.00000000000000,    2.44293043303115,   -0.00000731635100,    0.00000000000000,   -0.00001787333651,    2.44038341795054,    0.00000000000000,    2.44038341795054,   37.64322307444300,    0.00000000000000,
   74,    3,    0.22968750000000,    0.00781250000000,    2.44293043303115,    0.00000000000000,    2.44293043303115,   -0.00000731635100,    0.00000000000000,   -0.00001787333651,    2.44038341795054,    0.00000000000000,    2.44038341795054,   37.64322307444300,    0.00000000000000,
   74,    4,    0.22968750000000,    0.01093750000000,    2.44293043303115,    0.00000000000000,    2.44293043303115,   -0.00000731635100,    0.00000000000000,   -0.00001787333651,    2.44038341795054,    0.00000000000000,    2.44038341795054,   37.64322307444300,    0.00000000000000,
   74,    5,    0.22968750000000,    0.01406250000000,    2.44293043303115,    0.00000000000000,    2.44293043303115,   -0.00000731635100,    0.00000000000000,   -0.00001787333651,    2.44038341795054,    0.00000000000000,    2.44038341795054,   37.64322307444300,    0.00000000000000,
   75,    1,    0.23281250000000,    0.00156250000000,    2.44781796951568,    0.00000000000000,    2.44781796951568,   -0.00000727206190,    0.00000000000000,   -0.00001780068380,    2.44527582886148,    0.00000000000000,    2.44527582886148,   37.39105676310899,    0.00000000000000,
   75,    2,    0.23281250000000,    0.00468750000000,    2.44781796951568,    0.00000000000000,    2.44781796951568,   -0.00000727206190,    0.00000000000000,   -0.00001780068380,    2.44527582886148,    0.00000000000000,    2.44527582886148,   37.39105676310899,    0.00000000000000,
   75,    3,    0.23281250000000,    0.00781250000000,    2.44781796951568,    0.00000000000000,    2.44781796951568,   -0.00000727206190,    0.00000000000000,   -0.00001780068380,    2.44527582886148,    0.00000000000000,    2.44527582886148,   37.39105676310899,    0.00000000000000,
   75,    4,    0.23281250000000,    0.01093750000000,    2.44781796951568,    0.00000000000000,    2.44781796951568,   -0.00000727206190,    0.00000000000000,   -0.00001780068380,    2.44527582886148,    0.00000000000000,    2.44527582886148,   37.39105676310899,    0.00000000000000,
   75,    5,    0.23281250000000,    0.01406250000000,    2.44781796951568,    0.00000000000000,    2.44781796951568,   -0.00000727206190,    0.00000000000000,   -0.00001780068380,    2.44527582886148,    0.00000000000000,    2.44527582886148,   37.39105676310899,    0.00000000000000,
   76,    1,    0.23593750000000,    0.00156250000000,    2.45266265154074,    0.00000000000000,    2.45266265154074,   -0.00000722633220,    0.00000000000000,   -0.00001772375510,    2.45012532316126,    0.00000000000000,    2.45012532316126,   37.13331795533119,    0.00000000000000,
   76,    2,    0.23593750000000,    0.00468750000000,    2.45266265154074,    0.00000000000000,    2.45266265154074,   -0.00000722633220,    0.00000000000000,   -0.00001772375510,    2.45012532316126,    0.00000000000000,    2.45012532316126,   37.13331795533119,    0.00000000000000,
   76,    3,    0.23593750000000,    0.00781250000000,    2.45266265154074,    0.00000000000000,    2.45266265154074,   -0.00000722633220,    0.00000000000000,   -0.00001772375510,    2.45012532316126,    0.00000000000000,    2.45012532316126,   37.13331795533119,    0.00000000000000,
   76,    4,    0.23593750000000,    0.01093750000000,    2.45266265154074,    0.00000000000000,    2.45266265154074,   -0.00000722633220,    0.00000000000000,   -0.00001772375510,    2.45012532316126,    0.00000000000000,    2.45012532316126,   37.13331795533119,    0.00000000000000,
   76,    5,    0.23593750000000,    0.01406250000000,    2.45266265154074,    0.00000000000000,    2.45266265154074,   -0.00000722633220,    0.00000000000000,   -0.00001772375510,    2.45012532316126,    0.00000000000000,    2.45012532316126,   37.13331795533119,    0.00000000000000,
   77,    1,    0.23906250000000,    0.00156250000000,    2.45746401153237,    0.00000000000000,    2.45746401153237,   -0.00000717917946,    0.00000000000000,   -0.00001764257514,    2.45493143344553,    0.00000000000000,    2.45493143344553,   36.87002768154762,    0.00000000000000,
   77,    2,    0.23906250000000,    0.00468750000000,    2.45746401153237,    0.00000000000000,    2.45746401153237,   -0.00000717917946,    0.00000000000000,   -0.00001764257514,    2.45493143344553,    0.00000000000000,    2.45493143344553,   36.87002768154762,    0.00000000000000,
   77,    3,    0.23906250000000,    0.00781250000000,    2.45746401153237,    0.00000000000000,    2.45746401153237,   -0.00000717917946,    0.00000000000000,   -0.00001764257514,    2.45493143344553,    0.00000000000000,    2.45493143344553,   36.87002768154762,    0.00000000000000,
   77,    4,    0.23906250000000,    0.01093750000000,    2.45746401153237,    0.00000000000000,    2.45746401153237,   -0.00000717917946,    0.00000000000000,   -0.00001764257514,    2.45493143344553,    0.00000000000000,    2.45493143344553,   36.87002768154762,    0.00000000000000,
   77,    5,    0.23906250000000,    0.01406250000000,    2.45746401153237,    0.00000000000000,    2.45746401153237,   -0.00000717917946,    0.00000000000000,   -0.00001764257514,    2.45493143344553,    0.00000000000000,    2.45493143344553,   36.87002768154762,    0.00000000000000,
   78,    1,    0.24218750000000,    0.00156250000000,    2.46222158609853,    0.00000000000000,    2.46222158609853,   -0.00000713062130,    0.00000000000000,   -0.00001755716969,    2.45969369649138,    0.00000000000000,    2.45969369649138,   36.60120826768655,    0.00000000000000,
   78,    2,    0.24218750000000,    0.00468750000000,    2.46222158609853,    0.00000000000000,    2.46222158609853,   -0.00000713062130,    0.00000000000000,   -0.00001755716969,    2.45969369649138,    0.00000000000000,    2.45969369649138,   36.60120826768655,    0.00000000000000,
   78,    3,    0.24218750000000,    0.00781250000000,    2.46222158609853,    0.00000000000000,    2.46222158609853,   -0.00000713062130,    0.00000000000000,   -0.00001755716969,    2.45969369649138,    0.00000000000000,    2.45969369649138,   36.60120826768655,    0.00000000000000,
   78,    4,    0.24218750000000,    0.01093750000000,    2.46222158609853,    0.00000000000000,    2.46222158609853,   -0.00000713062130,    0.00000000000000,   -0.00001755716969,    2.45969369649138,    0.00000000000000,    2.45969369649138,   36.60120826768655,    0.00000000000000,
   78,    5,    0.24218750000000,    0.01406250000000,    2.46222158609853,    0.00000000000000,    2.46222158609853,   -0.00000713062130,    0.00000000000000,   -0.00001755716969,    2.45969369649138,    0.00000000000000,    2.45969369649138,   36.60120826768655,    0.00000000000000,
   79,    1,    0.24531250000000,    0.00156250000000,    2.46693491607378,    0.00000000000000,    2.46693491607378,   -0.00000708067547,    0.00000000000000,   -0.00001746756554,    2.46441165330198,    0.00000000000000,    2.46441165330198,   36.32688333419073,    0.00000000000000,
   79,    2,    0.24531250000000,    0.00468750000000,    2.46693491607378,    0.00000000000000,    2.46693491607378,   -0.00000708067547,    0.00000000000000,   -0.00001746756554,    2.46441165330198,    0.00000000000000,    2.46441165330198,   36.32688333419073,    0.00000000000000,
   79,    3,    0.24531250000000,    0.00781250000000,    2.46693491607378,    0.00000000000000,    2.46693491607378,   -0.00000708067547,    0.00000000000000,   -0.00001746756554,    2.46441165330198,    0.00000000000000,    2.46441165330198,   36.32688333419073,    0.00000000000000,
   79,    4,    0.24531250000000,    0.01093750000000,    2.46693491607378,    0.00000000000000,    2.46693491607378,   -0.00000708067547,    0.00000000000000,   -0.00001746756554,    2.46441165330198,    0.00000000000000,    2.46441165330198,   36.32688333419073,    0.00000000000000,
   79,    5,    0.24531250000000,    0.01406250000000,    2.46693491607378,    0.00000000000000,    2.46693491607378,   -0.00000708067547,    0.00000000000000,   -0.00001746756554,    2.46441165330198,    0.00000000000000,    2.46441165330198,   36.32688333419073,    0.00000000000000,
   80,    1,    0.24843750000000,    0.00156250000000,    2.47160354656356,    0.00000000000000,    2.47160354656356,   -0.00000702935975,    0.00000000000000,   -0.00001737379048,    2.46908484915083,    0.00000000000000,    2.46908484915083,   36.04707779462321,    0.00000000000000,
   80,    2,    0.24843750000000,    0.00468750000000,    2.47160354656356,    0.00000000000000,    2.47160354656356,   -0.00000702935975,    0.00000000000000,   -0.00001737379048,    2.46908484915083,    0.00000000000000,    2.46908484915083,   36.04707779462321,    0.00000000000000,
   80,    3,    0.24843750000000,    0.00781250000000,    2.47160354656356,    0.00000000000000,    2.47160354656356,   -0.00000702935975,    0.00000000000000,   -0.00001737379048,    2.46908484915083,    0.00000000000000,    2.46908484915083,   36.04707779462321,    0.00000000000000,
   80,    4,    0.24843750000000,    0.01093750000000,    2.47160354656356,    0.00000000000000,    2.47160354656356,   -0.00000702935975,    0.00000000000000,   -0.00001737379048,    2.46908484915083,    0.00000000000000,    2.46908484915083,   36.04707779462321,    0.00000000000000,
   80,    5,    0.24843750000000,    0.01406250000000,    2.47160354656356,    0.00000000000000,    2.47160354656356,   -0.00000702935975,    0.00000000000000,   -0.00001737379048,    2.46908484915083,    0.00000000000000,    2.46908484915083,   36.04707779462321,    0.00000000000000,
   81,    1,    0.25156250000000,    0.00156250000000,    2.47622702698814,    0.00000000000000,    2.47622702698814,   -0.00000697669200,    0.00000000000000,   -0.00001727587328,    2.47371283362559,    0.00000000000000,    2.47371283362559,   35.76181785385464,    0.00000000000000,
   81,    2,    0.25156250000000,    0.00468750000000,    2.47622702698814,    0.00000000000000,    2.47622702698814,   -0.00000697669200,    0.00000000000000,   -0.00001727587328,    2.47371283362559,    0.00000000000000,    2.47371283362559,   35.76181785385464,    0.00000000000000,
   81,    3,    0.25156250000000,    0.00781250000000,    2.47622702698814,    0.00000000000000,    2.47622702698814,   -0.00000697669200,    0.00000000000000,   -0.00001727587328,    2.47371283362559,    0.00000000000000,    2.47371283362559,   35.76181785385464,    0.00000000000000,
   81,    4,    0.25156250000000,    0.01093750000000,    2.47622702698814,    0.00000000000000,    2.47622702698814,   -0.00000697669200,    0.00000000000000,   -0.00001727587328,    2.47371283362559,    0.00000000000000,    2.47371283362559,   35.76181785385464,    0.00000000000000,
   81,    5,    0.25156250000000,    0.01406250000000,    2.47622702698814,    0.00000000000000,    2.47622702698814,   -0.00000697669200,    0.00000000000000,   -0.00001727587328,    2.47371283362559,    0.00000000000000,    2.47371283362559,   35.76181785385464,    0.00000000000000,
   82,    1,    0.25468750000000,    0.00156250000000,    2.48080491112613,    0.00000000000000,    2.48080491112613,   -0.00000692269015,    0.00000000000000,   -0.00001717384372,    2.47829516067149,    0.00000000000000,    2.47829516067149,   35.47113100583184,    0.00000000000000,
   82,    2,    0.25468750000000,    0.00468750000000,    2.48080491112613,    0.00000000000000,    2.48080491112613,   -0.00000692269015,    0.00000000000000,   -0.00001717384372,    2.47829516067149,    0.00000000000000,    2.47829516067149,   35.47113100583184,    0.00000000000000,
   82,    3,    0.25468750000000,    0.00781250000000,    2.48080491112613,    0.00000000000000,    2.48080491112613,   -0.00000692269015,    0.00000000000000,   -0.00001717384372,    2.47829516067149,    0.00000000000000,    2.47829516067149,   35.47113100583184,    0.00000000000000,
   82,    4,    0.25468750000000,    0.01093750000000,    2.48080491112613,    0.00000000000000,    2.48080491112613,   -0.00000692269015,    0.00000000000000,   -0.00001717384372,    2.47829516067149,    0.00000000000000,    2.47829516067149,   35.47113100583184,    0.00000000000000,
   82,    5,    0.25468750000000,    0.01406250000000,    2.48080491112613,    0.00000000000000,    2.48080491112613,   -0.00000692269015,    0.00000000000000,   -0.00001717384372,    2.47829516067149,    0.00000000000000,    2.47829516067149,   35.47113100583184,    0.00000000000000,
   83,    1,    0.25781250000000,    0.00156250000000,    2.48533675715741,    0.00000000000000,    2.48533675715741,   -0.00000686737216,    0.00000000000000,   -0.00001706773245,    2.48283138863431,    0.00000000000000,    2.48283138863431,   35.17504603092787,    0.00000000000000,
   83,    2,    0.25781250000000,    0.00468750000000,    2.48533675715741,    0.00000000000000,    2.48533675715741,   -0.00000686737216,    0.00000000000000,   -0.00001706773245,    2.48283138863431,    0.00000000000000,    2.48283138863431,   35.17504603092787,    0.00000000000000,
   83,    3,    0.25781250000000,    0.00781250000000,    2.48533675715741,    0.00000000000000,    2.48533675715741,   -0.00000686737216,    0.00000000000000,   -0.00001706773245,    2.48283138863431,    0.00000000000000,    2.48283138863431,   35.17504603092787,    0.00000000000000,
   83,    4,    0.25781250000000,    0.01093750000000,    2.48533675715741,    0.00000000000000,    2.48533675715741,   -0.00000686737216,    0.00000000000000,   -0.00001706773245,    2.48283138863431,    0.00000000000000,    2.48283138863431,   35.17504603092787,    0.00000000000000,
   83,    5,    0.25781250000000,    0.01406250000000,    2.48533675715741,    0.00000000000000,    2.48533675715741,   -0.00000686737216,    0.00000000000000,   -0.00001706773245,    2.48283138863431,    0.00000000000000,    2.48283138863431,   35.17504603092787,    0.00000000000000,
   84,    1,    0.26093750000000,    0.00156250000000,    2.48982212770594,    0.00000000000000,    2.48982212770594,   -0.00000681075605,    0.00000000000000,   -0.00001695757113,    2.48732108030295,    0.00000000000000,    2.48732108030295,   34.87359299287386,    0.00000000000000,
   84,    2,    0.26093750000000,    0.00468750000000,    2.48982212770594,    0.00000000000000,    2.48982212770594,   -0.00000681075605,    0.00000000000000,   -0.00001695757113,    2.48732108030295,    0.00000000000000,    2.48732108030295,   34.87359299287386,    0.00000000000000,
   84,    3,    0.26093750000000,    0.00781250000000,    2.48982212770594,    0.00000000000000,    2.48982212770594,   -0.00000681075605,    0.00000000000000,   -0.00001695757113,    2.48732108030295,    0.00000000000000,    2.48732108030295,   34.87359299287386,    0.00000000000000,
   84,    4,    0.26093750000000,    0.01093750000000,    2.48982212770594,    0.00000000000000,    2.48982212770594,   -0.00000681075605,    0.00000000000000,   -0.00001695757113,    2.48732108030295,    0.00000000000000,    2.48732108030295,   34.87359299287386,    0.00000000000000,
   84,    5,    0.26093750000000,    0.01406250000000,    2.48982212770594,    0.00000000000000,    2.48982212770594,   -0.00000681075605,    0.00000000000000,   -0.00001695757113,    2.48732108030295,    0.00000000000000,    2.48732108030295,   34.87359299287386,    0.00000000000000,
   85,    1,    0.26406250000000,    0.00156250000000,    2.49426058988181,    0.00000000000000,    2.49426058988181,   -0.00000675285988,    0.00000000000000,   -0.00001684339227,    2.49176380295160,    0.00000000000000,    2.49176380295160,   34.56680323527290,    0.00000000000000,
   85,    2,    0.26406250000000,    0.00468750000000,    2.49426058988181,    0.00000000000000,    2.49426058988181,   -0.00000675285988,    0.00000000000000,   -0.00001684339227,    2.49176380295160,    0.00000000000000,    2.49176380295160,   34.56680323527290,    0.00000000000000,
   85,    3,    0.26406250000000,    0.00781250000000,    2.49426058988181,    0.00000000000000,    2.49426058988181,   -0.00000675285988,    0.00000000000000,   -0.00001684339227,    2.49176380295160,    0.00000000000000,    2.49176380295160,   34.56680323527290,    0.00000000000000,
   85,    4,    0.26406250000000,    0.01093750000000,    2.49426058988181,    0.00000000000000,    2.49426058988181,   -0.00000675285988,    0.00000000000000,   -0.00001684339227,    2.49176380295160,    0.00000000000000,    2.49176380295160,   34.56680323527290,    0.00000000000000,
   85,    5,    0.26406250000000,    0.01406250000000,    2.49426058988181,    0.00000000000000,    2.49426058988181,   -0.00000675285988,    0.00000000000000,   -0.00001684339227,    2.49176380295160,    0.00000000000000,    2.49176380295160,   34.56680323527290,    0.00000000000000,
   86,    1,    0.26718750000000,    0.00156250000000,    2.49865171532307,    0.00000000000000,    2.49865171532307,   -0.00000669370172,    0.00000000000000,   -0.00001672522929,    2.49615912838138,    0.00000000000000,    2.49615912838138,   34.25470937769670,    0.00000000000000,
   86,    2,    0.26718750000000,    0.00468750000000,    2.49865171532307,    0.00000000000000,    2.49865171532307,   -0.00000669370172,    0.00000000000000,   -0.00001672522929,    2.49615912838138,    0.00000000000000,    2.49615912838138,   34.25470937769670,    0.00000000000000,
   86,    3,    0.26718750000000,    0.00781250000000,    2.49865171532307,    0.00000000000000,    2.49865171532307,   -0.00000669370172,    0.00000000000000,   -0.00001672522929,    2.49615912838138,    0.00000000000000,    2.49615912838138,   34.25470937769670,    0.00000000000000,
   86,    4,    0.26718750000000,    0.01093750000000,    2.49865171532307,    0.00000000000000,    2.49865171532307,   -0.00000669370172,    0.00000000000000,   -0.00001672522929,    2.49615912838138,    0.00000000000000,    2.49615912838138,   34.25470937769670,    0.00000000000000,
   86,    5,    0.26718750000000,    0.01406250000000,    2.49865171532307,    0.00000000000000,    2.49865171532307,   -0.00000669370172,    0.00000000000000,   -0.00001672522929,    2.49615912838138,    0.00000000000000,    2.49615912838138,   34.25470937769670,    0.00000000000000,
   87,    1,    0.27031250000000,    0.00156250000000,    2.50299508023713,    0.00000000000000,    2.50299508023713,   -0.00000663329969,    0.00000000000000,   -0.00001660311650,    2.50050663296169,    0.00000000000000,    2.50050663296169,   33.93734531136553,    0.00000000000000,
   87,    2,    0.27031250000000,    0.00468750000000,    2.50299508023713,    0.00000000000000,    2.50299508023713,   -0.00000663329969,    0.00000000000000,   -0.00001660311650,    2.50050663296169,    0.00000000000000,    2.50050663296169,   33.93734531136553,    0.00000000000000,
   87,    3,    0.27031250000000,    0.00781250000000,    2.50299508023713,    0.00000000000000,    2.50299508023713,   -0.00000663329969,    0.00000000000000,   -0.00001660311650,    2.50050663296169,    0.00000000000000,    2.50050663296169,   33.93734531136553,    0.00000000000000,
   87,    4,    0.27031250000000,    0.01093750000000,    2.50299508023713,    0.00000000000000,    2.50299508023713,   -0.00000663329969,    0.00000000000000,   -0.00001660311650,    2.50050663296169,    0.00000000000000,    2.50050663296169,   33.93734531136553,    0.00000000000000,
   87,    5,    0.27031250000000,    0.01406250000000,    2.50299508023713,    0.00000000000000,    2.50299508023713,   -0.00000663329969,    0.00000000000000,   -0.00001660311650,    2.50050663296169,    0.00000000000000,    2.50050663296169,   33.93734531136553,    0.00000000000000,
   88,    1,    0.27343750000000,    0.00156250000000,    2.50729026544145,    0.00000000000000,    2.50729026544145,   -0.00000657167192,    0.00000000000000,   -0.00001647708904,    2.50480589767099,    0.00000000000000,    2.50480589767099,   33.61474619441260,    0.00000000000000,
   88,    2,    0.27343750000000,    0.00468750000000,    2.50729026544145,    0.00000000000000,    2.50729026544145,   -0.00000657167192,    0.00000000000000,   -0.00001647708904,    2.50480589767099,    0.00000000000000,    2.50480589767099,   33.61474619441260,    0.00000000000000,
   88,    3,    0.27343750000000,    0.00781250000000,    2.50729026544145,    0.00000000000000,    2.50729026544145,   -0.00000657167192,    0.00000000000000,   -0.00001647708904,    2.50480589767099,    0.00000000000000,    2.50480589767099,   33.61474619441260,    0.00000000000000,
   88,    4,    0.27343750000000,    0.01093750000000,    2.50729026544145,    0.00000000000000,    2.50729026544145,   -0.00000657167192,    0.00000000000000,   -0.00001647708904,    2.50480589767099,    0.00000000000000,    2.50480589767099,   33.61474619441260,    0.00000000000000,
   88,    5,    0.27343750000000,    0.01406250000000,    2.50729026544145,    0.00000000000000,    2.50729026544145,   -0.00000657167192,    0.00000000000000,   -0.00001647708904,    2.50480589767099,    0.00000000000000,    2.50480589767099,   33.61474619441260,    0.00000000000000,
   89,    1,    0.27656250000000,    0.00156250000000,    2.51153685640428,    0.00000000000000,    2.51153685640428,   -0.00000650883655,    0.00000000000000,   -0.00001634718290,    2.50905650813720,    0.00000000000000,    2.50905650813720,   33.28694844673356,    0.00000000000000,
   89,    2,    0.27656250000000,    0.00468750000000,    2.51153685640428,    0.00000000000000,    2.51153685640428,   -0.00000650883655,    0.00000000000000,   -0.00001634718290,    2.50905650813720,    0.00000000000000,    2.50905650813720,   33.28694844673356,    0.00000000000000,
   89,    3,    0.27656250000000,    0.00781250000000,    2.51153685640428,    0.00000000000000,    2.51153685640428,   -0.00000650883655,    0.00000000000000,   -0.00001634718290,    2.50905650813720,    0.00000000000000,    2.50905650813720,   33.28694844673356,    0.00000000000000,
   89,    4,    0.27656250000000,    0.01093750000000,    2.51153685640428,    0.00000000000000,    2.51153685640428,   -0.00000650883655,    0.00000000000000,   -0.00001634718290,    2.50905650813720,    0.00000000000000,    2.50905650813720,   33.28694844673356,    0.00000000000000,
   89,    5,    0.27656250000000,    0.01406250000000,    2.51153685640428,    0.00000000000000,    2.51153685640428,   -0.00000650883655,    0.00000000000000,   -0.00001634718290,    2.50905650813720,    0.00000000000000,    2.50905650813720,   33.28694844673356,    0.00000000000000,
   90,    1,    0.27968750000000,    0.00156250000000,    2.51573444328427,    0.00000000000000,    2.51573444328427,   -0.00000644481174,    0.00000000000000,   -0.00001621343488,    2.51325805467763,    0.00000000000000,    2.51325805467763,   32.95398974442265,    0.00000000000000,
   90,    2,    0.27968750000000,    0.00468750000000,    2.51573444328427,    0.00000000000000,    2.51573444328427,   -0.00000644481174,    0.00000000000000,   -0.00001621343488,    2.51325805467763,    0.00000000000000,    2.51325805467763,   32.95398974442265,    0.00000000000000,
   90,    3,    0.27968750000000,    0.00781250000000,    2.51573444328427,    0.00000000000000,    2.51573444328427,   -0.00000644481174,    0.00000000000000,   -0.00001621343488,    2.51325805467763,    0.00000000000000,    2.51325805467763,   32.95398974442265,    0.00000000000000,
   90,    4,    0.27968750000000,    0.01093750000000,    2.51573444328427,    0.00000000000000,    2.51573444328427,   -0.00000644481174,    0.00000000000000,   -0.00001621343488,    2.51325805467763,    0.00000000000000,    2.51325805467763,   32.95398974442265,    0.00000000000000,
   90,    5,    0.27968750000000,    0.01406250000000,    2.51573444328427,    0.00000000000000,    2.51573444328427,   -0.00000644481174,    0.00000000000000,   -0.00001621343488,    2.51325805467763,    0.00000000000000,    2.51325805467763,   32.95398974442265,    0.00000000000000,
   91,    1,    0.28281250000000,    0.00156250000000,    2.51988262097048,    0.00000000000000,    2.51988262097048,   -0.00000637961564,    0.00000000000000,   -0.00001607588259,    2.51741013233848,    0.00000000000000,    2.51741013233848,   32.61590901379655,    0.00000000000000,
   91,    2,    0.28281250000000,    0.00468750000000,    2.51988262097048,    0.00000000000000,    2.51988262097048,   -0.00000637961564,    0.00000000000000,   -0.00001607588259,    2.51741013233848,    0.00000000000000,    2.51741013233848,   32.61590901379655,    0.00000000000000,
   91,    3,    0.28281250000000,    0.00781250000000,    2.51988262097048,    0.00000000000000,    2.51988262097048,   -0.00000637961564,    0.00000000000000,   -0.00001607588259,    2.51741013233848,    0.00000000000000,    2.51741013233848,   32.61590901379655,    0.00000000000000,
   91,    4,    0.28281250000000,    0.01093750000000,    2.51988262097048,    0.00000000000000,    2.51988262097048,   -0.00000637961564,    0.00000000000000,   -0.00001607588259,    2.51741013233848,    0.00000000000000,    2.51741013233848,   32.61590901379655,    0.00000000000000,
   91,    5,    0.28281250000000,    0.01406250000000,    2.51988262097048,    0.00000000000000,    2.51988262097048,   -0.00000637961564,    0.00000000000000,   -0.00001607588259,    2.51741013233848,    0.00000000000000,    2.51741013233848,   32.61590901379655,    0.00000000000000,
   92,    1,    0.28593750000000,    0.00156250000000,    2.52398098912092,    0.00000000000000,    2.52398098912092,   -0.00000631326642,    0.00000000000000,   -0.00001593456442,    2.52151234093388,    0.00000000000000,    2.52151234093388,   32.27274642500751,    0.00000000000000,
   92,    2,    0.28593750000000,    0.00468750000000,    2.52398098912092,    0.00000000000000,    2.52398098912092,   -0.00000631326642,    0.00000000000000,   -0.00001593456442,    2.52151234093388,    0.00000000000000,    2.52151234093388,   32.27274642500751,    0.00000000000000,
   92,    3,    0.28593750000000,    0.00781250000000,    2.52398098912092,    0.00000000000000,    2.52398098912092,   -0.00000631326642,    0.00000000000000,   -0.00001593456442,    2.52151234093388,    0.00000000000000,    2.52151234093388,   32.27274642500751,    0.00000000000000,
   92,    4,    0.28593750000000,    0.01093750000000,    2.52398098912092,    0.00000000000000,    2.52398098912092,   -0.00000631326642,    0.00000000000000,   -0.00001593456442,    2.52151234093388,    0.00000000000000,    2.52151234093388,   32.27274642500751,    0.00000000000000,
   92,    5,    0.28593750000000,    0.01406250000000,    2.52398098912092,    0.00000000000000,    2.52398098912092,   -0.00000631326642,    0.00000000000000,   -0.00001593456442,    2.52151234093388,    0.00000000000000,    2.52151234093388,   32.27274642500751,    0.00000000000000,
   93,    1,    0.28906250000000,    0.00156250000000,    2.52802915220167,    0.00000000000000,    2.52802915220167,   -0.00000624578221,    0.00000000000000,   -0.00001578951951,    2.52556428508440,    0.00000000000000,    2.52556428508440,   31.92454338524742,    0.00000000000000,
   93,    2,    0.28906250000000,    0.00468750000000,    2.52802915220167,    0.00000000000000,    2.52802915220167,   -0.00000624578221,    0.00000000000000,   -0.00001578951951,    2.52556428508440,    0.00000000000000,    2.52556428508440,   31.92454338524742,    0.00000000000000,
   93,    3,    0.28906250000000,    0.00781250000000,    2.52802915220167,    0.00000000000000,    2.52802915220167,   -0.00000624578221,    0.00000000000000,   -0.00001578951951,    2.52556428508440,    0.00000000000000,    2.52556428508440,   31.92454338524742,    0.00000000000000,
   93,    4,    0.28906250000000,    0.01093750000000,    2.52802915220167,    0.00000000000000,    2.52802915220167,   -0.00000624578221,    0.00000000000000,   -0.00001578951951,    2.52556428508440,    0.00000000000000,    2.52556428508440,   31.92454338524742,    0.00000000000000,
   93,    5,    0.28906250000000,    0.01406250000000,    2.52802915220167,    0.00000000000000,    2.52802915220167,   -0.00000624578221,    0.00000000000000,   -0.00001578951951,    2.52556428508440,    0.00000000000000,    2.52556428508440,   31.92454338524742,    0.00000000000000,
   94,    1,    0.29218750000000,    0.00156250000000,    2.53202671952473,    0.00000000000000,    2.53202671952473,   -0.00000617718117,    0.00000000000000,   -0.00001564078778,    2.52956557425525,    0.00000000000000,    2.52956557425525,   31.57134253154461,    0.00000000000000,
   94,    2,    0.29218750000000,    0.00468750000000,    2.53202671952473,    0.00000000000000,    2.53202671952473,   -0.00000617718117,    0.00000000000000,   -0.00001564078778,    2.52956557425525,    0.00000000000000,    2.52956557425525,   31.57134253154461,    0.00000000000000,
   94,    3,    0.29218750000000,    0.00781250000000,    2.53202671952473,    0.00000000000000,    2.53202671952473,   -0.00000617718117,    0.00000000000000,   -0.00001564078778,    2.52956557425525,    0.00000000000000,    2.52956557425525,   31.57134253154461,    0.00000000000000,
   94,    4,    0.29218750000000,    0.01093750000000,    2.53202671952473,    0.00000000000000,    2.53202671952473,   -0.00000617718117,    0.00000000000000,   -0.00001564078778,    2.52956557425525,    0.00000000000000,    2.52956557425525,   31.57134253154461,    0.00000000000000,
   94,    5,    0.29218750000000,    0.01406250000000,    2.53202671952473,    0.00000000000000,    2.53202671952473,   -0.00000617718117,    0.00000000000000,   -0.00001564078778,    2.52956557425525,    0.00000000000000,    2.52956557425525,   31.57134253154461,    0.00000000000000,
   95,    1,    0.29531250000000,    0.00156250000000,    2.53597330528577,    0.00000000000000,    2.53597330528577,   -0.00000610748142,    0.00000000000000,   -0.00001548840986,    2.53351582279385,    0.00000000000000,    2.53351582279385,   31.21318772315518,    0.00000000000000,
   95,    2,    0.29531250000000,    0.00468750000000,    2.53597330528577,    0.00000000000000,    2.53597330528577,   -0.00000610748142,    0.00000000000000,   -0.00001548840986,    2.53351582279385,    0.00000000000000,    2.53351582279385,   31.21318772315518,    0.00000000000000,
   95,    3,    0.29531250000000,    0.00781250000000,    2.53597330528577,    0.00000000000000,    2.53597330528577,   -0.00000610748142,    0.00000000000000,   -0.00001548840986,    2.53351582279385,    0.00000000000000,    2.53351582279385,   31.21318772315518,    0.00000000000000,
   95,    4,    0.29531250000000,    0.01093750000000,    2.53597330528577,    0.00000000000000,    2.53597330528577,   -0.00000610748142,    0.00000000000000,   -0.00001548840986,    2.53351582279385,    0.00000000000000,    2.53351582279385,   31.21318772315518,    0.00000000000000,
   95,    5,    0.29531250000000,    0.01406250000000,    2.53597330528577,    0.00000000000000,    2.53597330528577,   -0.00000610748142,    0.00000000000000,   -0.00001548840986,    2.53351582279385,    0.00000000000000,    2.53351582279385,   31.21318772315518,    0.00000000000000,
   96,    1,    0.29843750000000,    0.00156250000000,    2.53986852860143,    0.00000000000000,    2.53986852860143,   -0.00000603670108,    0.00000000000000,   -0.00001533242709,    2.53741464996701,    0.00000000000000,    2.53741464996701,   30.85012403355118,    0.00000000000000,
   96,    2,    0.29843750000000,    0.00468750000000,    2.53986852860143,    0.00000000000000,    2.53986852860143,   -0.00000603670108,    0.00000000000000,   -0.00001533242709,    2.53741464996701,    0.00000000000000,    2.53741464996701,   30.85012403355118,    0.00000000000000,
   96,    3,    0.29843750000000,    0.00781250000000,    2.53986852860143,    0.00000000000000,    2.53986852860143,   -0.00000603670108,    0.00000000000000,   -0.00001533242709,    2.53741464996701,    0.00000000000000,    2.53741464996701,   30.85012403355118,    0.00000000000000,
   96,    4,    0.29843750000000,    0.01093750000000,    2.53986852860143,    0.00000000000000,    2.53986852860143,   -0.00000603670108,    0.00000000000000,   -0.00001533242709,    2.53741464996701,    0.00000000000000,    2.53741464996701,   30.85012403355118,    0.00000000000000,
   96,    5,    0.29843750000000,    0.01406250000000,    2.53986852860143,    0.00000000000000,    2.53986852860143,   -0.00000603670108,    0.00000000000000,   -0.00001533242709,    2.53741464996701,    0.00000000000000,    2.53741464996701,   30.85012403355118,    0.00000000000000,
   97,    1,    0.30156250000000,    0.00156250000000,    2.54371201354591,    0.00000000000000,    2.54371201354591,   -0.00000596485822,    0.00000000000000,   -0.00001517288151,    2.54126167999767,    0.00000000000000,    2.54126167999767,   30.48219774200760,    0.00000000000000,
   97,    2,    0.30156250000000,    0.00468750000000,    2.54371201354591,    0.00000000000000,    2.54371201354591,   -0.00000596485822,    0.00000000000000,   -0.00001517288151,    2.54126167999767,    0.00000000000000,    2.54126167999767,   30.48219774200760,    0.00000000000000,
   97,    3,    0.30156250000000,    0.00781250000000,    2.54371201354591,    0.00000000000000,    2.54371201354591,   -0.00000596485822,    0.00000000000000,   -0.00001517288151,    2.54126167999767,    0.00000000000000,    2.54126167999767,   30.48219774200760,    0.00000000000000,
   97,    4,    0.30156250000000,    0.01093750000000,    2.54371201354591,    0.00000000000000,    2.54371201354591,   -0.00000596485822,    0.00000000000000,   -0.00001517288151,    2.54126167999767,    0.00000000000000,    2.54126167999767,   30.48219774200760,    0.00000000000000,
   97,    5,    0.30156250000000,    0.01406250000000,    2.54371201354591,    0.00000000000000,    2.54371201354591,   -0.00000596485822,    0.00000000000000,   -0.00001517288151,    2.54126167999767,    0.00000000000000,    2.54126167999767,   30.48219774200760,    0.00000000000000,
   98,    1,    0.30468750000000,    0.00156250000000,    2.54750338918744,    0.00000000000000,    2.54750338918744,   -0.00000589197091,    0.00000000000000,   -0.00001500981587,    2.54505654210106,    0.00000000000000,    2.54505654210106,   30.10945632479075,    0.00000000000000,
   98,    2,    0.30468750000000,    0.00468750000000,    2.54750338918744,    0.00000000000000,    2.54750338918744,   -0.00000589197091,    0.00000000000000,   -0.00001500981587,    2.54505654210106,    0.00000000000000,    2.54505654210106,   30.10945632479075,    0.00000000000000,
   98,    3,    0.30468750000000,    0.00781250000000,    2.54750338918744,    0.00000000000000,    2.54750338918744,   -0.00000589197091,    0.00000000000000,   -0.00001500981587,    2.54505654210106,    0.00000000000000,    2.54505654210106,   30.10945632479075,    0.00000000000000,
   98,    4,    0.30468750000000,    0.01093750000000,    2.54750338918744,    0.00000000000000,    2.54750338918744,   -0.00000589197091,    0.00000000000000,   -0.00001500981587,    2.54505654210106,    0.00000000000000,    2.54505654210106,   30.10945632479075,    0.00000000000000,
   98,    5,    0.30468750000000,    0.01406250000000,    2.54750338918744,    0.00000000000000,    2.54750338918744,   -0.00000589197091,    0.00000000000000,   -0.00001500981587,    2.54505654210106,    0.00000000000000,    2.54505654210106,   30.10945632479075,    0.00000000000000,
   99,    1,    0.30781250000000,    0.00156250000000,    2.55124228962381,    0.00000000000000,    2.55124228962381,   -0.00000581805719,    0.00000000000000,   -0.00001484327354,    2.54879887052046,    0.00000000000000,    2.54879887052046,   29.73194844595050,    0.00000000000000,
   99,    2,    0.30781250000000,    0.00468750000000,    2.55124228962381,    0.00000000000000,    2.55124228962381,   -0.00000581805719,    0.00000000000000,   -0.00001484327354,    2.54879887052046,    0.00000000000000,    2.54879887052046,   29.73194844595050,    0.00000000000000,
   99,    3,    0.30781250000000,    0.00781250000000,    2.55124228962381,    0.00000000000000,    2.55124228962381,   -0.00000581805719,    0.00000000000000,   -0.00001484327354,    2.54879887052046,    0.00000000000000,    2.54879887052046,   29.73194844595050,    0.00000000000000,
   99,    4,    0.30781250000000,    0.01093750000000,    2.55124228962381,    0.00000000000000,    2.55124228962381,   -0.00000581805719,    0.00000000000000,   -0.00001484327354,    2.54879887052046,    0.00000000000000,    2.54879887052046,   29.73194844595050,    0.00000000000000,
   99,    5,    0.30781250000000,    0.01406250000000,    2.55124228962381,    0.00000000000000,    2.55124228962381,   -0.00000581805719,    0.00000000000000,   -0.00001484327354,    2.54879887052046,    0.00000000000000,    2.54879887052046,   29.73194844595050,    0.00000000000000,
  100,    1,    0.31093750000000,    0.00156250000000,    2.55492835401789,    0.00000000000000,    2.55492835401789,   -0.00000574313505,    0.00000000000000,   -0.00001467329857,    2.55248830456249,    0.00000000000000,    2.55248830456249,   29.34972394771901,    0.00000000000000,
  100,    2,    0.31093750000000,    0.00468750000000,    2.55492835401789,    0.00000000000000,    2.55492835401789,   -0.00000574313505,    0.00000000000000,   -0.00001467329857,    2.55248830456249,    0.00000000000000,    2.55248830456249,   29.34972394771901,    0.00000000000000,
  100,    3,    0.31093750000000,    0.00781250000000,    2.55492835401789,    0.00000000000000,    2.55492835401789,   -0.00000574313505,    0.00000000000000,   -0.00001467329857,    2.55248830456249,    0.00000000000000,    2.55248830456249,   29.34972394771901,    0.00000000000000,
  100,    4,    0.31093750000000,    0.01093750000000,    2.55492835401789,    0.00000000000000,    2.55492835401789,   -0.00000574313505,    0.00000000000000,   -0.00001467329857,    2.55248830456249,    0.00000000000000,    2.55248830456249,   29.34972394771901,    0.00000000000000,
  100,    5,    0.31093750000000,    0.01406250000000,    2.55492835401789,    0.00000000000000,    2.55492835401789,   -0.00000574313505,    0.00000000000000,   -0.00001467329857,    2.55248830456249,    0.00000000000000,    2.55248830456249,   29.34972394771901,    0.00000000000000,
  101,    1,    0.31406250000000,    0.00156250000000,    2.55856122663220,    0.00000000000000,    2.55856122663220,   -0.00000566722245,    0.00000000000000,   -0.00001449993563,    2.55612448863181,    0.00000000000000,    2.55612448863181,   28.96283384051880,    0.00000000000000,
  101,    2,    0.31406250000000,    0.00468750000000,    2.55856122663220,    0.00000000000000,    2.55856122663220,   -0.00000566722245,    0.00000000000000,   -0.00001449993563,    2.55612448863181,    0.00000000000000,    2.55612448863181,   28.96283384051880,    0.00000000000000,
  101,    3,    0.31406250000000,    0.00781250000000,    2.55856122663220,    0.00000000000000,    2.55856122663220,   -0.00000566722245,    0.00000000000000,   -0.00001449993563,    2.55612448863181,    0.00000000000000,    2.55612448863181,   28.96283384051880,    0.00000000000000,
  101,    4,    0.31406250000000,    0.01093750000000,    2.55856122663220,    0.00000000000000,    2.55856122663220,   -0.00000566722245,    0.00000000000000,   -0.00001449993563,    2.55612448863181,    0.00000000000000,    2.55612448863181,   28.96283384051880,    0.00000000000000,
  101,    5,    0.31406250000000,    0.01406250000000,    2.55856122663220,    0.00000000000000,    2.55856122663220,   -0.00000566722245,    0.00000000000000,   -0.00001449993563,    2.55612448863181,    0.00000000000000,    2.55612448863181,   28.96283384051880,    0.00000000000000,
  102,    1,    0.31718750000000,    0.00156250000000,    2.56214055686350,    0.00000000000000,    2.56214055686350,   -0.00000559033733,    0.00000000000000,   -0.00001432323001,    2.55970707226542,    0.00000000000000,    2.55970707226542,   28.57133029258315,    0.00000000000000,
  102,    2,    0.31718750000000,    0.00468750000000,    2.56214055686350,    0.00000000000000,    2.56214055686350,   -0.00000559033733,    0.00000000000000,   -0.00001432323001,    2.55970707226542,    0.00000000000000,    2.55970707226542,   28.57133029258315,    0.00000000000000,
  102,    3,    0.31718750000000,    0.00781250000000,    2.56214055686350,    0.00000000000000,    2.56214055686350,   -0.00000559033733,    0.00000000000000,   -0.00001432323001,    2.55970707226542,    0.00000000000000,    2.55970707226542,   28.57133029258315,    0.00000000000000,
  102,    4,    0.31718750000000,    0.01093750000000,    2.56214055686350,    0.00000000000000,    2.56214055686350,   -0.00000559033733,    0.00000000000000,   -0.00001432323001,    2.55970707226542,    0.00000000000000,    2.55970707226542,   28.57133029258315,    0.00000000000000,
  102,    5,    0.31718750000000,    0.01406250000000,    2.56214055686350,    0.00000000000000,    2.56214055686350,   -0.00000559033733,    0.00000000000000,   -0.00001432323001,    2.55970707226542,    0.00000000000000,    2.55970707226542,   28.57133029258315,    0.00000000000000,
  103,    1,    0.32031250000000,    0.00156250000000,    2.56566599927638,    0.00000000000000,    2.56566599927638,   -0.00000551249758,    0.00000000000000,   -0.00001414322760,    2.56323571016647,    0.00000000000000,    2.56323571016647,   28.17526661919187,    0.00000000000000,
  103,    2,    0.32031250000000,    0.00468750000000,    2.56566599927638,    0.00000000000000,    2.56566599927638,   -0.00000551249758,    0.00000000000000,   -0.00001414322760,    2.56323571016647,    0.00000000000000,    2.56323571016647,   28.17526661919187,    0.00000000000000,
  103,    3,    0.32031250000000,    0.00781250000000,    2.56566599927638,    0.00000000000000,    2.56566599927638,   -0.00000551249758,    0.00000000000000,   -0.00001414322760,    2.56323571016647,    0.00000000000000,    2.56323571016647,   28.17526661919187,    0.00000000000000,
  103,    4,    0.32031250000000,    0.01093750000000,    2.56566599927638,    0.00000000000000,    2.56566599927638,   -0.00000551249758,    0.00000000000000,   -0.00001414322760,    2.56323571016647,    0.00000000000000,    2.56323571016647,   28.17526661919187,    0.00000000000000,
  103,    5,    0.32031250000000,    0.01406250000000,    2.56566599927638,    0.00000000000000,    2.56566599927638,   -0.00000551249758,    0.00000000000000,   -0.00001414322760,    2.56323571016647,    0.00000000000000,    2.56323571016647,   28.17526661919187,    0.00000000000000,
  104,    1,    0.32343750000000,    0.00156250000000,    2.56913721363656,    0.00000000000000,    2.56913721363656,   -0.00000543372102,    0.00000000000000,   -0.00001395997488,    2.56671006223749,    0.00000000000000,    2.56671006223749,   27.77469727152577,    0.00000000000000,
  104,    2,    0.32343750000000,    0.00468750000000,    2.56913721363656,    0.00000000000000,    2.56913721363656,   -0.00000543372102,    0.00000000000000,   -0.00001395997488,    2.56671006223749,    0.00000000000000,    2.56671006223749,   27.77469727152577,    0.00000000000000,
  104,    3,    0.32343750000000,    0.00781250000000,    2.56913721363656,    0.00000000000000,    2.56913721363656,   -0.00000543372102,    0.00000000000000,   -0.00001395997488,    2.56671006223749,    0.00000000000000,    2.56671006223749,   27.77469727152577,    0.00000000000000,
  104,    4,    0.32343750000000,    0.01093750000000,    2.56913721363656,    0.00000000000000,    2.56913721363656,   -0.00000543372102,    0.00000000000000,   -0.00001395997488,    2.56671006223749,    0.00000000000000,    2.56671006223749,   27.77469727152577,    0.00000000000000,
  104,    5,    0.32343750000000,    0.01406250000000,    2.56913721363656,    0.00000000000000,    2.56913721363656,   -0.00000543372102,    0.00000000000000,   -0.00001395997488,    2.56671006223749,    0.00000000000000,    2.56671006223749,   27.77469727152577,    0.00000000000000,
  105,    1,    0.32656250000000,    0.00156250000000,    2.57255386494395,    0.00000000000000,    2.57255386494395,   -0.00000535402546,    0.00000000000000,   -0.00001377351890,    2.57012979361318,    0.00000000000000,    2.57012979361318,   27.36967782514320,    0.00000000000000,
  105,    2,    0.32656250000000,    0.00468750000000,    2.57255386494395,    0.00000000000000,    2.57255386494395,   -0.00000535402546,    0.00000000000000,   -0.00001377351890,    2.57012979361318,    0.00000000000000,    2.57012979361318,   27.36967782514320,    0.00000000000000,
  105,    3,    0.32656250000000,    0.00781250000000,    2.57255386494395,    0.00000000000000,    2.57255386494395,   -0.00000535402546,    0.00000000000000,   -0.00001377351890,    2.57012979361318,    0.00000000000000,    2.57012979361318,   27.36967782514320,    0.00000000000000,
  105,    4,    0.32656250000000,    0.01093750000000,    2.57255386494395,    0.00000000000000,    2.57255386494395,   -0.00000535402546,    0.00000000000000,   -0.00001377351890,    2.57012979361318,    0.00000000000000,    2.57012979361318,   27.36967782514320,    0.00000000000000,
  105,    5,    0.32656250000000,    0.01406250000000,    2.57255386494395,    0.00000000000000,    2.57255386494395,   -0.00000535402546,    0.00000000000000,   -0.00001377351890,    2.57012979361318,    0.00000000000000,    2.57012979361318,   27.36967782514320,    0.00000000000000,
  106,    1,    0.32968750000000,    0.00156250000000,    2.57591562346473,    0.00000000000000,    2.57591562346473,   -0.00000527342866,    0.00000000000000,   -0.00001358390727,    2.57349457469274,    0.00000000000000,    2.57349457469274,   26.96026496808206,    0.00000000000000,
  106,    2,    0.32968750000000,    0.00468750000000,    2.57591562346473,    0.00000000000000,    2.57591562346473,   -0.00000527342866,    0.00000000000000,   -0.00001358390727,    2.57349457469274,    0.00000000000000,    2.57349457469274,   26.96026496808206,    0.00000000000000,
  106,    3,    0.32968750000000,    0.00781250000000,    2.57591562346473,    0.00000000000000,    2.57591562346473,   -0.00000527342866,    0.00000000000000,   -0.00001358390727,    2.57349457469274,    0.00000000000000,    2.57349457469274,   26.96026496808206,    0.00000000000000,
  106,    4,    0.32968750000000,    0.01093750000000,    2.57591562346473,    0.00000000000000,    2.57591562346473,   -0.00000527342866,    0.00000000000000,   -0.00001358390727,    2.57349457469274,    0.00000000000000,    2.57349457469274,   26.96026496808206,    0.00000000000000,
  106,    5,    0.32968750000000,    0.01406250000000,    2.57591562346473,    0.00000000000000,    2.57591562346473,   -0.00000527342866,    0.00000000000000,   -0.00001358390727,    2.57349457469274,    0.00000000000000,    2.57349457469274,   26.96026496808206,    0.00000000000000,
  107,    1,    0.33281250000000,    0.00156250000000,    2.57922216476315,    0.00000000000000,    2.57922216476315,   -0.00000519194830,    0.00000000000000,   -0.00001339118812,    2.57680408117154,    0.00000000000000,    2.57680408117154,   26.54651648859118,    0.00000000000000,
  107,    2,    0.33281250000000,    0.00468750000000,    2.57922216476315,    0.00000000000000,    2.57922216476315,   -0.00000519194830,    0.00000000000000,   -0.00001339118812,    2.57680408117154,    0.00000000000000,    2.57680408117154,   26.54651648859118,    0.00000000000000,
  107,    3,    0.33281250000000,    0.00781250000000,    2.57922216476315,    0.00000000000000,    2.57922216476315,   -0.00000519194830,    0.00000000000000,   -0.00001339118812,    2.57680408117154,    0.00000000000000,    2.57680408117154,   26.54651648859118,    0.00000000000000,
  107,    4,    0.33281250000000,    0.01093750000000,    2.57922216476315,    0.00000000000000,    2.57922216476315,   -0.00000519194830,    0.00000000000000,   -0.00001339118812,    2.57680408117154,    0.00000000000000,    2.57680408117154,   26.54651648859118,    0.00000000000000,
  107,    5,    0.33281250000000,    0.01406250000000,    2.57922216476315,    0.00000000000000,    2.57922216476315,   -0.00000519194830,    0.00000000000000,   -0.00001339118812,    2.57680408117154,    0.00000000000000,    2.57680408117154,   26.54651648859118,    0.00000000000000,
  108,    1,    0.33593750000000,    0.00156250000000,    2.58247316973295,    0.00000000000000,    2.58247316973295,   -0.00000510960203,    0.00000000000000,   -0.00001319541015,    2.58005799407247,    0.00000000000000,    2.58005799407247,   26.12849126249472,    0.00000000000000,
  108,    2,    0.33593750000000,    0.00468750000000,    2.58247316973295,    0.00000000000000,    2.58247316973295,   -0.00000510960203,    0.00000000000000,   -0.00001319541015,    2.58005799407247,    0.00000000000000,    2.58005799407247,   26.12849126249472,    0.00000000000000,
  108,    3,    0.33593750000000,    0.00781250000000,    2.58247316973295,    0.00000000000000,    2.58247316973295,   -0.00000510960203,    0.00000000000000,   -0.00001319541015,    2.58005799407247,    0.00000000000000,    2.58005799407247,   26.12849126249472,    0.00000000000000,
  108,    4,    0.33593750000000,    0.01093750000000,    2.58247316973295,    0.00000000000000,    2.58247316973295,   -0.00000510960203,    0.00000000000000,   -0.00001319541015,    2.58005799407247,    0.00000000000000,    2.58005799407247,   26.12849126249472,    0.00000000000000,
  108,    5,    0.33593750000000,    0.01406250000000,    2.58247316973295,    0.00000000000000,    2.58247316973295,   -0.00000510960203,    0.00000000000000,   -0.00001319541015,    2.58005799407247,    0.00000000000000,    2.58005799407247,   26.12849126249472,    0.00000000000000,
  109,    1,    0.33906250000000,    0.00156250000000,    2.58566832462808,    0.00000000000000,    2.58566832462808,   -0.00000502640745,    0.00000000000000,   -0.00001299662252,    2.58325599977664,    0.00000000000000,    2.58325599977664,   25.70624924019344,    0.00000000000000,
  109,    2,    0.33906250000000,    0.00468750000000,    2.58566832462808,    0.00000000000000,    2.58566832462808,   -0.00000502640745,    0.00000000000000,   -0.00001299662252,    2.58325599977664,    0.00000000000000,    2.58325599977664,   25.70624924019344,    0.00000000000000,
  109,    3,    0.33906250000000,    0.00781250000000,    2.58566832462808,    0.00000000000000,    2.58566832462808,   -0.00000502640745,    0.00000000000000,   -0.00001299662252,    2.58325599977664,    0.00000000000000,    2.58325599977664,   25.70624924019344,    0.00000000000000,
  109,    4,    0.33906250000000,    0.01093750000000,    2.58566832462808,    0.00000000000000,    2.58566832462808,   -0.00000502640745,    0.00000000000000,   -0.00001299662252,    2.58325599977664,    0.00000000000000,    2.58325599977664,   25.70624924019344,    0.00000000000000,
  109,    5,    0.33906250000000,    0.01406250000000,    2.58566832462808,    0.00000000000000,    2.58566832462808,   -0.00000502640745,    0.00000000000000,   -0.00001299662252,    2.58325599977664,    0.00000000000000,    2.58325599977664,   25.70624924019344,    0.00000000000000,
  110,    1,    0.34218750000000,    0.00156250000000,    2.58880732109289,    0.00000000000000,    2.58880732109289,   -0.00000494238209,    0.00000000000000,   -0.00001279487494,    2.58639779005359,    0.00000000000000,    2.58639779005359,   25.27985143330734,    0.00000000000000,
  110,    2,    0.34218750000000,    0.00468750000000,    2.58880732109289,    0.00000000000000,    2.58880732109289,   -0.00000494238209,    0.00000000000000,   -0.00001279487494,    2.58639779005359,    0.00000000000000,    2.58639779005359,   25.27985143330734,    0.00000000000000,
  110,    3,    0.34218750000000,    0.00781250000000,    2.58880732109289,    0.00000000000000,    2.58880732109289,   -0.00000494238209,    0.00000000000000,   -0.00001279487494,    2.58639779005359,    0.00000000000000,    2.58639779005359,   25.27985143330734,    0.00000000000000,
  110,    4,    0.34218750000000,    0.01093750000000,    2.58880732109289,    0.00000000000000,    2.58880732109289,   -0.00000494238209,    0.00000000000000,   -0.00001279487494,    2.58639779005359,    0.00000000000000,    2.58639779005359,   25.27985143330734,    0.00000000000000,
  110,    5,    0.34218750000000,    0.01406250000000,    2.58880732109289,    0.00000000000000,    2.58880732109289,   -0.00000494238209,    0.00000000000000,   -0.00001279487494,    2.58639779005359,    0.00000000000000,    2.58639779005359,   25.27985143330734,    0.00000000000000,
  111,    1,    0.34531250000000,    0.00156250000000,    2.59188985619195,    0.00000000000000,    2.59188985619195,   -0.00000485754344,    0.00000000000000,   -0.00001259021757,    2.58948306209104,    0.00000000000000,    2.58948306209104,   24.84935990096319,    0.00000000000000,
  111,    2,    0.34531250000000,    0.00468750000000,    2.59188985619195,    0.00000000000000,    2.59188985619195,   -0.00000485754344,    0.00000000000000,   -0.00001259021757,    2.58948306209104,    0.00000000000000,    2.58948306209104,   24.84935990096319,    0.00000000000000,
  111,    3,    0.34531250000000,    0.00781250000000,    2.59188985619195,    0.00000000000000,    2.59188985619195,   -0.00000485754344,    0.00000000000000,   -0.00001259021757,    2.58948306209104,    0.00000000000000,    2.58948306209104,   24.84935990096319,    0.00000000000000,
  111,    4,    0.34531250000000,    0.01093750000000,    2.59188985619195,    0.00000000000000,    2.59188985619195,   -0.00000485754344,    0.00000000000000,   -0.00001259021757,    2.58948306209104,    0.00000000000000,    2.58948306209104,   24.84935990096319,    0.00000000000000,
  111,    5,    0.34531250000000,    0.01406250000000,    2.59188985619195,    0.00000000000000,    2.59188985619195,   -0.00000485754344,    0.00000000000000,   -0.00001259021757,    2.58948306209104,    0.00000000000000,    2.58948306209104,   24.84935990096319,    0.00000000000000,
  112,    1,    0.34843750000000,    0.00156250000000,    2.59491563243918,    0.00000000000000,    2.59491563243918,   -0.00000477190892,    0.00000000000000,   -0.00001238270106,    2.59251151852405,    0.00000000000000,    2.59251151852405,   24.41483773573205,    0.00000000000000,
  112,    2,    0.34843750000000,    0.00468750000000,    2.59491563243918,    0.00000000000000,    2.59491563243918,   -0.00000477190892,    0.00000000000000,   -0.00001238270106,    2.59251151852405,    0.00000000000000,    2.59251151852405,   24.41483773573205,    0.00000000000000,
  112,    3,    0.34843750000000,    0.00781250000000,    2.59491563243918,    0.00000000000000,    2.59491563243918,   -0.00000477190892,    0.00000000000000,   -0.00001238270106,    2.59251151852405,    0.00000000000000,    2.59251151852405,   24.41483773573205,    0.00000000000000,
  112,    4,    0.34843750000000,    0.01093750000000,    2.59491563243918,    0.00000000000000,    2.59491563243918,   -0.00000477190892,    0.00000000000000,   -0.00001238270106,    2.59251151852405,    0.00000000000000,    2.59251151852405,   24.41483773573205,    0.00000000000000,
  112,    5,    0.34843750000000,    0.01406250000000,    2.59491563243918,    0.00000000000000,    2.59491563243918,   -0.00000477190892,    0.00000000000000,   -0.00001238270106,    2.59251151852405,    0.00000000000000,    2.59251151852405,   24.41483773573205,    0.00000000000000,
  113,    1,    0.35156250000000,    0.00156250000000,    2.59788435782664,    0.00000000000000,    2.59788435782664,   -0.00000468549590,    0.00000000000000,   -0.00001217237651,    2.59548286746368,    0.00000000000000,    2.59548286746368,   23.97634904922059,    0.00000000000000,
  113,    2,    0.35156250000000,    0.00468750000000,    2.59788435782664,    0.00000000000000,    2.59788435782664,   -0.00000468549590,    0.00000000000000,   -0.00001217237651,    2.59548286746368,    0.00000000000000,    2.59548286746368,   23.97634904922059,    0.00000000000000,
  113,    3,    0.35156250000000,    0.00781250000000,    2.59788435782664,    0.00000000000000,    2.59788435782664,   -0.00000468549590,    0.00000000000000,   -0.00001217237651,    2.59548286746368,    0.00000000000000,    2.59548286746368,   23.97634904922059,    0.00000000000000,
  113,    4,    0.35156250000000,    0.01093750000000,    2.59788435782664,    0.00000000000000,    2.59788435782664,   -0.00000468549590,    0.00000000000000,   -0.00001217237651,    2.59548286746368,    0.00000000000000,    2.59548286746368,   23.97634904922059,    0.00000000000000,
  113,    5,    0.35156250000000,    0.01406250000000,    2.59788435782664,    0.00000000000000,    2.59788435782664,   -0.00000468549590,    0.00000000000000,   -0.00001217237651,    2.59548286746368,    0.00000000000000,    2.59548286746368,   23.97634904922059,    0.00000000000000,
  114,    1,    0.35468750000000,    0.00156250000000,    2.60079574585258,    0.00000000000000,    2.60079574585258,   -0.00000459832168,    0.00000000000000,   -0.00001195929546,    2.59839682252514,    0.00000000000000,    2.59839682252514,   23.53395895732132,    0.00000000000000,
  114,    2,    0.35468750000000,    0.00468750000000,    2.60079574585258,    0.00000000000000,    2.60079574585258,   -0.00000459832168,    0.00000000000000,   -0.00001195929546,    2.59839682252514,    0.00000000000000,    2.59839682252514,   23.53395895732132,    0.00000000000000,
  114,    3,    0.35468750000000,    0.00781250000000,    2.60079574585258,    0.00000000000000,    2.60079574585258,   -0.00000459832168,    0.00000000000000,   -0.00001195929546,    2.59839682252514,    0.00000000000000,    2.59839682252514,   23.53395895732132,    0.00000000000000,
  114,    4,    0.35468750000000,    0.01093750000000,    2.60079574585258,    0.00000000000000,    2.60079574585258,   -0.00000459832168,    0.00000000000000,   -0.00001195929546,    2.59839682252514,    0.00000000000000,    2.59839682252514,   23.53395895732132,    0.00000000000000,
  114,    5,    0.35468750000000,    0.01406250000000,    2.60079574585258,    0.00000000000000,    2.60079574585258,   -0.00000459832168,    0.00000000000000,   -0.00001195929546,    2.59839682252514,    0.00000000000000,    2.59839682252514,   23.53395895732132,    0.00000000000000,
  115,    1,    0.35781250000000,    0.00156250000000,    2.60364951554913,    0.00000000000000,    2.60364951554913,   -0.00000451040351,    0.00000000000000,   -0.00001174350990,    2.60125310285537,    0.00000000000000,    2.60125310285537,   23.08773356512613,    0.00000000000000,
  115,    2,    0.35781250000000,    0.00468750000000,    2.60364951554913,    0.00000000000000,    2.60364951554913,   -0.00000451040351,    0.00000000000000,   -0.00001174350990,    2.60125310285537,    0.00000000000000,    2.60125310285537,   23.08773356512613,    0.00000000000000,
  115,    3,    0.35781250000000,    0.00781250000000,    2.60364951554913,    0.00000000000000,    2.60364951554913,   -0.00000451040351,    0.00000000000000,   -0.00001174350990,    2.60125310285537,    0.00000000000000,    2.60125310285537,   23.08773356512613,    0.00000000000000,
  115,    4,    0.35781250000000,    0.01093750000000,    2.60364951554913,    0.00000000000000,    2.60364951554913,   -0.00000451040351,    0.00000000000000,   -0.00001174350990,    2.60125310285537,    0.00000000000000,    2.60125310285537,   23.08773356512613,    0.00000000000000,
  115,    5,    0.35781250000000,    0.01406250000000,    2.60364951554913,    0.00000000000000,    2.60364951554913,   -0.00000451040351,    0.00000000000000,   -0.00001174350990,    2.60125310285537,    0.00000000000000,    2.60125310285537,   23.08773356512613,    0.00000000000000,
  116,    1,    0.36093750000000,    0.00156250000000,    2.60644539150945,    0.00000000000000,    2.60644539150945,   -0.00000442175857,    0.00000000000000,   -0.00001152507224,    2.60405143316014,    0.00000000000000,    2.60405143316014,   22.63773995150809,    0.00000000000000,
  116,    2,    0.36093750000000,    0.00468750000000,    2.60644539150945,    0.00000000000000,    2.60644539150945,   -0.00000442175857,    0.00000000000000,   -0.00001152507224,    2.60405143316014,    0.00000000000000,    2.60405143316014,   22.63773995150809,    0.00000000000000,
  116,    3,    0.36093750000000,    0.00781250000000,    2.60644539150945,    0.00000000000000,    2.60644539150945,   -0.00000442175857,    0.00000000000000,   -0.00001152507224,    2.60405143316014,    0.00000000000000,    2.60405143316014,   22.63773995150809,    0.00000000000000,
  116,    4,    0.36093750000000,    0.01093750000000,    2.60644539150945,    0.00000000000000,    2.60644539150945,   -0.00000442175857,    0.00000000000000,   -0.00001152507224,    2.60405143316014,    0.00000000000000,    2.60405143316014,   22.63773995150809,    0.00000000000000,
  116,    5,    0.36093750000000,    0.01406250000000,    2.60644539150945,    0.00000000000000,    2.60644539150945,   -0.00000442175857,    0.00000000000000,   -0.00001152507224,    2.60405143316014,    0.00000000000000,    2.60405143316014,   22.63773995150809,    0.00000000000000,
  117,    1,    0.36406250000000,    0.00156250000000,    2.60918310391406,    0.00000000000000,    2.60918310391406,   -0.00000433240398,    0.00000000000000,   -0.00001130403526,    2.60679154373055,    0.00000000000000,    2.60679154373055,   22.18404615337649,    0.00000000000000,
  117,    2,    0.36406250000000,    0.00468750000000,    2.60918310391406,    0.00000000000000,    2.60918310391406,   -0.00000433240398,    0.00000000000000,   -0.00001130403526,    2.60679154373055,    0.00000000000000,    2.60679154373055,   22.18404615337649,    0.00000000000000,
  117,    3,    0.36406250000000,    0.00781250000000,    2.60918310391406,    0.00000000000000,    2.60918310391406,   -0.00000433240398,    0.00000000000000,   -0.00001130403526,    2.60679154373055,    0.00000000000000,    2.60679154373055,   22.18404615337649,    0.00000000000000,
  117,    4,    0.36406250000000,    0.01093750000000,    2.60918310391406,    0.00000000000000,    2.60918310391406,   -0.00000433240398,    0.00000000000000,   -0.00001130403526,    2.60679154373055,    0.00000000000000,    2.60679154373055,   22.18404615337649,    0.00000000000000,
  117,    5,    0.36406250000000,    0.01406250000000,    2.60918310391406,    0.00000000000000,    2.60918310391406,   -0.00000433240398,    0.00000000000000,   -0.00001130403526,    2.60679154373055,    0.00000000000000,    2.60679154373055,   22.18404615337649,    0.00000000000000,
  118,    1,    0.36718750000000,    0.00156250000000,    2.61186238855715,    0.00000000000000,    2.61186238855715,   -0.00000424235681,    0.00000000000000,   -0.00001108045218,    2.60947317046902,    0.00000000000000,    2.60947317046902,   21.72672114961037,    0.00000000000000,
  118,    2,    0.36718750000000,    0.00468750000000,    2.61186238855715,    0.00000000000000,    2.61186238855715,   -0.00000424235681,    0.00000000000000,   -0.00001108045218,    2.60947317046902,    0.00000000000000,    2.60947317046902,   21.72672114961037,    0.00000000000000,
  118,    3,    0.36718750000000,    0.00781250000000,    2.61186238855715,    0.00000000000000,    2.61186238855715,   -0.00000424235681,    0.00000000000000,   -0.00001108045218,    2.60947317046902,    0.00000000000000,    2.60947317046902,   21.72672114961037,    0.00000000000000,
  118,    4,    0.36718750000000,    0.01093750000000,    2.61186238855715,    0.00000000000000,    2.61186238855715,   -0.00000424235681,    0.00000000000000,   -0.00001108045218,    2.60947317046902,    0.00000000000000,    2.60947317046902,   21.72672114961037,    0.00000000000000,
  118,    5,    0.36718750000000,    0.01406250000000,    2.61186238855715,    0.00000000000000,    2.61186238855715,   -0.00000424235681,    0.00000000000000,   -0.00001108045218,    2.60947317046902,    0.00000000000000,    2.60947317046902,   21.72672114961037,    0.00000000000000,
  119,    1,    0.37031250000000,    0.00156250000000,    2.61448298687184,    0.00000000000000,    2.61448298687184,   -0.00000415163405,    0.00000000000000,   -0.00001085437658,    2.61209605491480,    0.00000000000000,    2.61209605491480,   21.26583484467534,    0.00000000000000,
  119,    2,    0.37031250000000,    0.00468750000000,    2.61448298687184,    0.00000000000000,    2.61448298687184,   -0.00000415163405,    0.00000000000000,   -0.00001085437658,    2.61209605491480,    0.00000000000000,    2.61209605491480,   21.26583484467534,    0.00000000000000,
  119,    3,    0.37031250000000,    0.00781250000000,    2.61448298687184,    0.00000000000000,    2.61448298687184,   -0.00000415163405,    0.00000000000000,   -0.00001085437658,    2.61209605491480,    0.00000000000000,    2.61209605491480,   21.26583484467534,    0.00000000000000,
  119,    4,    0.37031250000000,    0.01093750000000,    2.61448298687184,    0.00000000000000,    2.61448298687184,   -0.00000415163405,    0.00000000000000,   -0.00001085437658,    2.61209605491480,    0.00000000000000,    2.61209605491480,   21.26583484467534,    0.00000000000000,
  119,    5,    0.37031250000000,    0.01406250000000,    2.61448298687184,    0.00000000000000,    2.61448298687184,   -0.00000415163405,    0.00000000000000,   -0.00001085437658,    2.61209605491480,    0.00000000000000,    2.61209605491480,   21.26583484467534,    0.00000000000000,
  120,    1,    0.37343750000000,    0.00156250000000,    2.61704464595523,    0.00000000000000,    2.61704464595523,   -0.00000406025264,    0.00000000000000,   -0.00001062586242,    2.61465994426883,    0.00000000000000,    2.61465994426883,   20.80145805192950,    0.00000000000000,
  120,    2,    0.37343750000000,    0.00468750000000,    2.61704464595523,    0.00000000000000,    2.61704464595523,   -0.00000406025264,    0.00000000000000,   -0.00001062586242,    2.61465994426883,    0.00000000000000,    2.61465994426883,   20.80145805192950,    0.00000000000000,
  120,    3,    0.37343750000000,    0.00781250000000,    2.61704464595523,    0.00000000000000,    2.61704464595523,   -0.00000406025264,    0.00000000000000,   -0.00001062586242,    2.61465994426883,    0.00000000000000,    2.61465994426883,   20.80145805192950,    0.00000000000000,
  120,    4,    0.37343750000000,    0.01093750000000,    2.61704464595523,    0.00000000000000,    2.61704464595523,   -0.00000406025264,    0.00000000000000,   -0.00001062586242,    2.61465994426883,    0.00000000000000,    2.61465994426883,   20.80145805192950,    0.00000000000000,
  120,    5,    0.37343750000000,    0.01406250000000,    2.61704464595523,    0.00000000000000,    2.61704464595523,   -0.00000406025264,    0.00000000000000,   -0.00001062586242,    2.61465994426883,    0.00000000000000,    2.61465994426883,   20.80145805192950,    0.00000000000000,
  121,    1,    0.37656250000000,    0.00156250000000,    2.61954711859266,    0.00000000000000,    2.61954711859266,   -0.00000396822945,    0.00000000000000,   -0.00001039496401,    2.61716459141811,    0.00000000000000,    2.61716459141811,   20.33366247662363,    0.00000000000000,
  121,    2,    0.37656250000000,    0.00468750000000,    2.61954711859266,    0.00000000000000,    2.61954711859266,   -0.00000396822945,    0.00000000000000,   -0.00001039496401,    2.61716459141811,    0.00000000000000,    2.61716459141811,   20.33366247662363,    0.00000000000000,
  121,    3,    0.37656250000000,    0.00781250000000,    2.61954711859266,    0.00000000000000,    2.61954711859266,   -0.00000396822945,    0.00000000000000,   -0.00001039496401,    2.61716459141811,    0.00000000000000,    2.61716459141811,   20.33366247662363,    0.00000000000000,
  121,    4,    0.37656250000000,    0.01093750000000,    2.61954711859266,    0.00000000000000,    2.61954711859266,   -0.00000396822945,    0.00000000000000,   -0.00001039496401,    2.61716459141811,    0.00000000000000,    2.61716459141811,   20.33366247662363,    0.00000000000000,
  121,    5,    0.37656250000000,    0.01406250000000,    2.61954711859266,    0.00000000000000,    2.61954711859266,   -0.00000396822945,    0.00000000000000,   -0.00001039496401,    2.61716459141811,    0.00000000000000,    2.61716459141811,   20.33366247662363,    0.00000000000000,
  122,    1,    0.37968750000000,    0.00156250000000,    2.62199016328167,    0.00000000000000,    2.62199016328167,   -0.00000387558129,    0.00000000000000,   -0.00001016173602,    2.61960975495954,    0.00000000000000,    2.61960975495954,   19.86252069860118,    0.00000000000000,
  122,    2,    0.37968750000000,    0.00468750000000,    2.62199016328167,    0.00000000000000,    2.62199016328167,   -0.00000387558129,    0.00000000000000,   -0.00001016173602,    2.61960975495954,    0.00000000000000,    2.61960975495954,   19.86252069860118,    0.00000000000000,
  122,    3,    0.37968750000000,    0.00781250000000,    2.62199016328167,    0.00000000000000,    2.62199016328167,   -0.00000387558129,    0.00000000000000,   -0.00001016173602,    2.61960975495954,    0.00000000000000,    2.61960975495954,   19.86252069860118,    0.00000000000000,
  122,    4,    0.37968750000000,    0.01093750000000,    2.62199016328167,    0.00000000000000,    2.62199016328167,   -0.00000387558129,    0.00000000000000,   -0.00001016173602,    2.61960975495954,    0.00000000000000,    2.61960975495954,   19.86252069860118,    0.00000000000000,
  122,    5,    0.37968750000000,    0.01406250000000,    2.62199016328167,    0.00000000000000,    2.62199016328167,   -0.00000387558129,    0.00000000000000,   -0.00001016173602,    2.61960975495954,    0.00000000000000,    2.61960975495954,   19.86252069860118,    0.00000000000000,
  123,    1,    0.38281250000000,    0.00156250000000,    2.62437354425527,    0.00000000000000,    2.62437354425527,   -0.00000378232492,    0.00000000000000,   -0.00000992623345,    2.62199519922316,    0.00000000000000,    2.62199519922316,   19.38810615470397,    0.00000000000000,
  123,    2,    0.38281250000000,    0.00468750000000,    2.62437354425527,    0.00000000000000,    2.62437354425527,   -0.00000378232492,    0.00000000000000,   -0.00000992623345,    2.62199519922316,    0.00000000000000,    2.62199519922316,   19.38810615470397,    0.00000000000000,
  123,    3,    0.38281250000000,    0.00781250000000,    2.62437354425527,    0.00000000000000,    2.62437354425527,   -0.00000378232492,    0.00000000000000,   -0.00000992623345,    2.62199519922316,    0.00000000000000,    2.62199519922316,   19.38810615470397,    0.00000000000000,
  123,    4,    0.38281250000000,    0.01093750000000,    2.62437354425527,    0.00000000000000,    2.62437354425527,   -0.00000378232492,    0.00000000000000,   -0.00000992623345,    2.62199519922316,    0.00000000000000,    2.62199519922316,   19.38810615470397,    0.00000000000000,
  123,    5,    0.38281250000000,    0.01406250000000,    2.62437354425527,    0.00000000000000,    2.62437354425527,   -0.00000378232492,    0.00000000000000,   -0.00000992623345,    2.62199519922316,    0.00000000000000,    2.62199519922316,   19.38810615470397,    0.00000000000000,
  124,    1,    0.38593750000000,    0.00156250000000,    2.62669703150461,    0.00000000000000,    2.62669703150461,   -0.00000368847701,    0.00000000000000,   -0.00000968851161,    2.62432069429490,    0.00000000000000,    2.62432069429490,   18.91049312088910,    0.00000000000000,
  124,    2,    0.38593750000000,    0.00468750000000,    2.62669703150461,    0.00000000000000,    2.62669703150461,   -0.00000368847701,    0.00000000000000,   -0.00000968851161,    2.62432069429490,    0.00000000000000,    2.62432069429490,   18.91049312088910,    0.00000000000000,
  124,    3,    0.38593750000000,    0.00781250000000,    2.62669703150461,    0.00000000000000,    2.62669703150461,   -0.00000368847701,    0.00000000000000,   -0.00000968851161,    2.62432069429490,    0.00000000000000,    2.62432069429490,   18.91049312088910,    0.00000000000000,
  124,    4,    0.38593750000000,    0.01093750000000,    2.62669703150461,    0.00000000000000,    2.62669703150461,   -0.00000368847701,    0.00000000000000,   -0.00000968851161,    2.62432069429490,    0.00000000000000,    2.62432069429490,   18.91049312088910,    0.00000000000000,
  124,    5,    0.38593750000000,    0.01406250000000,    2.62669703150461,    0.00000000000000,    2.62669703150461,   -0.00000368847701,    0.00000000000000,   -0.00000968851161,    2.62432069429490,    0.00000000000000,    2.62432069429490,   18.91049312088910,    0.00000000000000,
  125,    1,    0.38906250000000,    0.00156250000000,    2.62896040080116,    0.00000000000000,    2.62896040080116,   -0.00000359405419,    0.00000000000000,   -0.00000944862615,    2.62658601603869,    0.00000000000000,    2.62658601603869,   18.42975669406331,    0.00000000000000,
  125,    2,    0.38906250000000,    0.00468750000000,    2.62896040080116,    0.00000000000000,    2.62896040080116,   -0.00000359405419,    0.00000000000000,   -0.00000944862615,    2.62658601603869,    0.00000000000000,    2.62658601603869,   18.42975669406331,    0.00000000000000,
  125,    3,    0.38906250000000,    0.00781250000000,    2.62896040080116,    0.00000000000000,    2.62896040080116,   -0.00000359405419,    0.00000000000000,   -0.00000944862615,    2.62658601603869,    0.00000000000000,    2.62658601603869,   18.42975669406331,    0.00000000000000,
  125,    4,    0.38906250000000,    0.01093750000000,    2.62896040080116,    0.00000000000000,    2.62896040080116,   -0.00000359405419,    0.00000000000000,   -0.00000944862615,    2.62658601603869,    0.00000000000000,    2.62658601603869,   18.42975669406331,    0.00000000000000,
  125,    5,    0.38906250000000,    0.01406250000000,    2.62896040080116,    0.00000000000000,    2.62896040080116,   -0.00000359405419,    0.00000000000000,   -0.00000944862615,    2.62658601603869,    0.00000000000000,    2.62658601603869,   18.42975669406331,    0.00000000000000,
  126,    1,    0.39218750000000,    0.00156250000000,    2.63116343371840,    0.00000000000000,    2.63116343371840,   -0.00000349907303,    0.00000000000000,   -0.00000920663302,    2.62879094611812,    0.00000000000000,    2.62879094611812,   17.94597277364024,    0.00000000000000,
  126,    2,    0.39218750000000,    0.00468750000000,    2.63116343371840,    0.00000000000000,    2.63116343371840,   -0.00000349907303,    0.00000000000000,   -0.00000920663302,    2.62879094611812,    0.00000000000000,    2.62879094611812,   17.94597277364024,    0.00000000000000,
  126,    3,    0.39218750000000,    0.00781250000000,    2.63116343371840,    0.00000000000000,    2.63116343371840,   -0.00000349907303,    0.00000000000000,   -0.00000920663302,    2.62879094611812,    0.00000000000000,    2.62879094611812,   17.94597277364024,    0.00000000000000,
  126,    4,    0.39218750000000,    0.01093750000000,    2.63116343371840,    0.00000000000000,    2.63116343371840,   -0.00000349907303,    0.00000000000000,   -0.00000920663302,    2.62879094611812,    0.00000000000000,    2.62879094611812,   17.94597277364024,    0.00000000000000,
  126,    5,    0.39218750000000,    0.01406250000000,    2.63116343371840,    0.00000000000000,    2.63116343371840,   -0.00000349907303,    0.00000000000000,   -0.00000920663302,    2.62879094611812,    0.00000000000000,    2.62879094611812,   17.94597277364024,    0.00000000000000,
  127,    1,    0.39531250000000,    0.00156250000000,    2.63330591765278,    0.00000000000000,    2.63330591765278,   -0.00000340355003,    0.00000000000000,   -0.00000896258844,    2.63093527201743,    0.00000000000000,    2.63093527201743,   17.45921804282730,    0.00000000000000,
  127,    2,    0.39531250000000,    0.00468750000000,    2.63330591765278,    0.00000000000000,    2.63330591765278,   -0.00000340355003,    0.00000000000000,   -0.00000896258844,    2.63093527201743,    0.00000000000000,    2.63093527201743,   17.45921804282730,    0.00000000000000,
  127,    3,    0.39531250000000,    0.00781250000000,    2.63330591765278,    0.00000000000000,    2.63330591765278,   -0.00000340355003,    0.00000000000000,   -0.00000896258844,    2.63093527201743,    0.00000000000000,    2.63093527201743,   17.45921804282730,    0.00000000000000,
  127,    4,    0.39531250000000,    0.01093750000000,    2.63330591765278,    0.00000000000000,    2.63330591765278,   -0.00000340355003,    0.00000000000000,   -0.00000896258844,    2.63093527201743,    0.00000000000000,    2.63093527201743,   17.45921804282730,    0.00000000000000,
  127,    5,    0.39531250000000,    0.01406250000000,    2.63330591765278,    0.00000000000000,    2.63330591765278,   -0.00000340355003,    0.00000000000000,   -0.00000896258844,    2.63093527201743,    0.00000000000000,    2.63093527201743,   17.45921804282730,    0.00000000000000,
  128,    1,    0.39843750000000,    0.00156250000000,    2.63538764584430,    0.00000000000000,    2.63538764584430,   -0.00000330750163,    0.00000000000000,   -0.00000871654894,    2.63301878706202,    0.00000000000000,    2.63301878706202,   16.96956994964800,    0.00000000000000,
  128,    2,    0.39843750000000,    0.00468750000000,    2.63538764584430,    0.00000000000000,    2.63538764584430,   -0.00000330750163,    0.00000000000000,   -0.00000871654894,    2.63301878706202,    0.00000000000000,    2.63301878706202,   16.96956994964800,    0.00000000000000,
  128,    3,    0.39843750000000,    0.00781250000000,    2.63538764584430,    0.00000000000000,    2.63538764584430,   -0.00000330750163,    0.00000000000000,   -0.00000871654894,    2.63301878706202,    0.00000000000000,    2.63301878706202,   16.96956994964800,    0.00000000000000,
  128,    4,    0.39843750000000,    0.01093750000000,    2.63538764584430,    0.00000000000000,    2.63538764584430,   -0.00000330750163,    0.00000000000000,   -0.00000871654894,    2.63301878706202,    0.00000000000000,    2.63301878706202,   16.96956994964800,    0.00000000000000,
  128,    5,    0.39843750000000,    0.01406250000000,    2.63538764584430,    0.00000000000000,    2.63538764584430,   -0.00000330750163,    0.00000000000000,   -0.00000871654894,    2.63301878706202,    0.00000000000000,    2.63301878706202,   16.96956994964800,    0.00000000000000,
  129,    1,    0.40156250000000,    0.00156250000000,    2.63740841739640,    0.00000000000000,    2.63740841739640,   -0.00000321094422,    0.00000000000000,   -0.00000846857130,    2.63504129043840,    0.00000000000000,    2.63504129043840,   16.47710668770595,    0.00000000000000,
  129,    2,    0.40156250000000,    0.00468750000000,    2.63740841739640,    0.00000000000000,    2.63740841739640,   -0.00000321094422,    0.00000000000000,   -0.00000846857130,    2.63504129043840,    0.00000000000000,    2.63504129043840,   16.47710668770595,    0.00000000000000,
  129,    3,    0.40156250000000,    0.00781250000000,    2.63740841739640,    0.00000000000000,    2.63740841739640,   -0.00000321094422,    0.00000000000000,   -0.00000846857130,    2.63504129043840,    0.00000000000000,    2.63504129043840,   16.47710668770595,    0.00000000000000,
  129,    4,    0.40156250000000,    0.01093750000000,    2.63740841739640,    0.00000000000000,    2.63740841739640,   -0.00000321094422,    0.00000000000000,   -0.00000846857130,    2.63504129043840,    0.00000000000000,    2.63504129043840,   16.47710668770595,    0.00000000000000,
  129,    5,    0.40156250000000,    0.01406250000000,    2.63740841739640,    0.00000000000000,    2.63740841739640,   -0.00000321094422,    0.00000000000000,   -0.00000846857130,    2.63504129043840,    0.00000000000000,    2.63504129043840,   16.47710668770595,    0.00000000000000,
  130,    1,    0.40468750000000,    0.00156250000000,    2.63936803729538,    0.00000000000000,    2.63936803729538,   -0.00000311389411,    0.00000000000000,   -0.00000821871259,    2.63700258721346,    0.00000000000000,    2.63700258721346,   15.98190717669736,    0.00000000000000,
  130,    2,    0.40468750000000,    0.00468750000000,    2.63936803729538,    0.00000000000000,    2.63936803729538,   -0.00000311389411,    0.00000000000000,   -0.00000821871259,    2.63700258721346,    0.00000000000000,    2.63700258721346,   15.98190717669736,    0.00000000000000,
  130,    3,    0.40468750000000,    0.00781250000000,    2.63936803729538,    0.00000000000000,    2.63936803729538,   -0.00000311389411,    0.00000000000000,   -0.00000821871259,    2.63700258721346,    0.00000000000000,    2.63700258721346,   15.98190717669736,    0.00000000000000,
  130,    4,    0.40468750000000,    0.01093750000000,    2.63936803729538,    0.00000000000000,    2.63936803729538,   -0.00000311389411,    0.00000000000000,   -0.00000821871259,    2.63700258721346,    0.00000000000000,    2.63700258721346,   15.98190717669736,    0.00000000000000,
  130,    5,    0.40468750000000,    0.01406250000000,    2.63936803729538,    0.00000000000000,    2.63936803729538,   -0.00000311389411,    0.00000000000000,   -0.00000821871259,    2.63700258721346,    0.00000000000000,    2.63700258721346,   15.98190717669736,    0.00000000000000,
  131,    1,    0.40781250000000,    0.00156250000000,    2.64126631642907,    0.00000000000000,    2.64126631642907,   -0.00000301636759,    0.00000000000000,   -0.00000796703011,    2.63890248835334,    0.00000000000000,    2.63890248835334,   15.48405104267788,    0.00000000000000,
  131,    2,    0.40781250000000,    0.00468750000000,    2.64126631642907,    0.00000000000000,    2.64126631642907,   -0.00000301636759,    0.00000000000000,   -0.00000796703011,    2.63890248835334,    0.00000000000000,    2.63890248835334,   15.48405104267788,    0.00000000000000,
  131,    3,    0.40781250000000,    0.00781250000000,    2.64126631642907,    0.00000000000000,    2.64126631642907,   -0.00000301636759,    0.00000000000000,   -0.00000796703011,    2.63890248835334,    0.00000000000000,    2.63890248835334,   15.48405104267788,    0.00000000000000,
  131,    4,    0.40781250000000,    0.01093750000000,    2.64126631642907,    0.00000000000000,    2.64126631642907,   -0.00000301636759,    0.00000000000000,   -0.00000796703011,    2.63890248835334,    0.00000000000000,    2.63890248835334,   15.48405104267788,    0.00000000000000,
  131,    5,    0.40781250000000,    0.01406250000000,    2.64126631642907,    0.00000000000000,    2.64126631642907,   -0.00000301636759,    0.00000000000000,   -0.00000796703011,    2.63890248835334,    0.00000000000000,    2.63890248835334,   15.48405104267788,    0.00000000000000,
  132,    1,    0.41093750000000,    0.00156250000000,    2.64310307160524,    0.00000000000000,    2.64310307160524,   -0.00000291838086,    0.00000000000000,   -0.00000771358140,    2.64074081074162,    0.00000000000000,    2.64074081074162,   14.98361859809106,    0.00000000000000,
  132,    2,    0.41093750000000,    0.00468750000000,    2.64310307160524,    0.00000000000000,    2.64310307160524,   -0.00000291838086,    0.00000000000000,   -0.00000771358140,    2.64074081074162,    0.00000000000000,    2.64074081074162,   14.98361859809106,    0.00000000000000,
  132,    3,    0.41093750000000,    0.00781250000000,    2.64310307160524,    0.00000000000000,    2.64310307160524,   -0.00000291838086,    0.00000000000000,   -0.00000771358140,    2.64074081074162,    0.00000000000000,    2.64074081074162,   14.98361859809106,    0.00000000000000,
  132,    4,    0.41093750000000,    0.01093750000000,    2.64310307160524,    0.00000000000000,    2.64310307160524,   -0.00000291838086,    0.00000000000000,   -0.00000771358140,    2.64074081074162,    0.00000000000000,    2.64074081074162,   14.98361859809106,    0.00000000000000,
  132,    5,    0.41093750000000,    0.01406250000000,    2.64310307160524,    0.00000000000000,    2.64310307160524,   -0.00000291838086,    0.00000000000000,   -0.00000771358140,    2.64074081074162,    0.00000000000000,    2.64074081074162,   14.98361859809106,    0.00000000000000,
  133,    1,    0.41406250000000,    0.00156250000000,    2.64487812556916,    0.00000000000000,    2.64487812556916,   -0.00000281995007,    0.00000000000000,   -0.00000745842426,    2.64251737719696,    0.00000000000000,    2.64251737719696,   14.48069082156452,    0.00000000000000,
  133,    2,    0.41406250000000,    0.00468750000000,    2.64487812556916,    0.00000000000000,    2.64487812556916,   -0.00000281995007,    0.00000000000000,   -0.00000745842426,    2.64251737719696,    0.00000000000000,    2.64251737719696,   14.48069082156452,    0.00000000000000,
  133,    3,    0.41406250000000,    0.00781250000000,    2.64487812556916,    0.00000000000000,    2.64487812556916,   -0.00000281995007,    0.00000000000000,   -0.00000745842426,    2.64251737719696,    0.00000000000000,    2.64251737719696,   14.48069082156452,    0.00000000000000,
  133,    4,    0.41406250000000,    0.01093750000000,    2.64487812556916,    0.00000000000000,    2.64487812556916,   -0.00000281995007,    0.00000000000000,   -0.00000745842426,    2.64251737719696,    0.00000000000000,    2.64251737719696,   14.48069082156452,    0.00000000000000,
  133,    5,    0.41406250000000,    0.01406250000000,    2.64487812556916,    0.00000000000000,    2.64487812556916,   -0.00000281995007,    0.00000000000000,   -0.00000745842426,    2.64251737719696,    0.00000000000000,    2.64251737719696,   14.48069082156452,    0.00000000000000,
  134,    1,    0.41718750000000,    0.00156250000000,    2.64659130702066,    0.00000000000000,    2.64659130702066,   -0.00000272109134,    0.00000000000000,   -0.00000720161669,    2.64423201649018,    0.00000000000000,    2.64423201649018,   13.97534933748090,    0.00000000000000,
  134,    2,    0.41718750000000,    0.00468750000000,    2.64659130702066,    0.00000000000000,    2.64659130702066,   -0.00000272109134,    0.00000000000000,   -0.00000720161669,    2.64423201649018,    0.00000000000000,    2.64423201649018,   13.97534933748090,    0.00000000000000,
  134,    3,    0.41718750000000,    0.00781250000000,    2.64659130702066,    0.00000000000000,    2.64659130702066,   -0.00000272109134,    0.00000000000000,   -0.00000720161669,    2.64423201649018,    0.00000000000000,    2.64423201649018,   13.97534933748090,    0.00000000000000,
  134,    4,    0.41718750000000,    0.01093750000000,    2.64659130702066,    0.00000000000000,    2.64659130702066,   -0.00000272109134,    0.00000000000000,   -0.00000720161669,    2.64423201649018,    0.00000000000000,    2.64423201649018,   13.97534933748090,    0.00000000000000,
  134,    5,    0.41718750000000,    0.01406250000000,    2.64659130702066,    0.00000000000000,    2.64659130702066,   -0.00000272109134,    0.00000000000000,   -0.00000720161669,    2.64423201649018,    0.00000000000000,    2.64423201649018,   13.97534933748090,    0.00000000000000,
  135,    1,    0.42031250000000,    0.00156250000000,    2.64824245063067,    0.00000000000000,    2.64824245063067,   -0.00000262182071,    0.00000000000000,   -0.00000694321690,    2.64588456336079,    0.00000000000000,    2.64588456336079,   13.46767639533036,    0.00000000000000,
  135,    2,    0.42031250000000,    0.00468750000000,    2.64824245063067,    0.00000000000000,    2.64824245063067,   -0.00000262182071,    0.00000000000000,   -0.00000694321690,    2.64588456336079,    0.00000000000000,    2.64588456336079,   13.46767639533036,    0.00000000000000,
  135,    3,    0.42031250000000,    0.00781250000000,    2.64824245063067,    0.00000000000000,    2.64824245063067,   -0.00000262182071,    0.00000000000000,   -0.00000694321690,    2.64588456336079,    0.00000000000000,    2.64588456336079,   13.46767639533036,    0.00000000000000,
  135,    4,    0.42031250000000,    0.01093750000000,    2.64824245063067,    0.00000000000000,    2.64824245063067,   -0.00000262182071,    0.00000000000000,   -0.00000694321690,    2.64588456336079,    0.00000000000000,    2.64588456336079,   13.46767639533036,    0.00000000000000,
  135,    5,    0.42031250000000,    0.01406250000000,    2.64824245063067,    0.00000000000000,    2.64824245063067,   -0.00000262182071,    0.00000000000000,   -0.00000694321690,    2.64588456336079,    0.00000000000000,    2.64588456336079,   13.46767639533036,    0.00000000000000,
  136,    1,    0.42343750000000,    0.00156250000000,    2.64983139705726,    0.00000000000000,    2.64983139705726,   -0.00000252215418,    0.00000000000000,   -0.00000668328333,    2.64747485853287,    0.00000000000000,    2.64747485853287,   12.95775484885149,    0.00000000000000,
  136,    2,    0.42343750000000,    0.00468750000000,    2.64983139705726,    0.00000000000000,    2.64983139705726,   -0.00000252215418,    0.00000000000000,   -0.00000668328333,    2.64747485853287,    0.00000000000000,    2.64747485853287,   12.95775484885149,    0.00000000000000,
  136,    3,    0.42343750000000,    0.00781250000000,    2.64983139705726,    0.00000000000000,    2.64983139705726,   -0.00000252215418,    0.00000000000000,   -0.00000668328333,    2.64747485853287,    0.00000000000000,    2.64747485853287,   12.95775484885149,    0.00000000000000,
  136,    4,    0.42343750000000,    0.01093750000000,    2.64983139705726,    0.00000000000000,    2.64983139705726,   -0.00000252215418,    0.00000000000000,   -0.00000668328333,    2.64747485853287,    0.00000000000000,    2.64747485853287,   12.95775484885149,    0.00000000000000,
  136,    5,    0.42343750000000,    0.01406250000000,    2.64983139705726,    0.00000000000000,    2.64983139705726,   -0.00000252215418,    0.00000000000000,   -0.00000668328333,    2.64747485853287,    0.00000000000000,    2.64747485853287,   12.95775484885149,    0.00000000000000,
  137,    1,    0.42656250000000,    0.00156250000000,    2.65135799296086,    0.00000000000000,    2.65135799296086,   -0.00000242210770,    0.00000000000000,   -0.00000642187461,    2.64900274873047,    0.00000000000000,    2.64900274873047,   12.44566813496759,    0.00000000000000,
  137,    2,    0.42656250000000,    0.00468750000000,    2.65135799296086,    0.00000000000000,    2.65135799296086,   -0.00000242210770,    0.00000000000000,   -0.00000642187461,    2.64900274873047,    0.00000000000000,    2.64900274873047,   12.44566813496759,    0.00000000000000,
  137,    3,    0.42656250000000,    0.00781250000000,    2.65135799296086,    0.00000000000000,    2.65135799296086,   -0.00000242210770,    0.00000000000000,   -0.00000642187461,    2.64900274873047,    0.00000000000000,    2.64900274873047,   12.44566813496759,    0.00000000000000,
  137,    4,    0.42656250000000,    0.01093750000000,    2.65135799296086,    0.00000000000000,    2.65135799296086,   -0.00000242210770,    0.00000000000000,   -0.00000642187461,    2.64900274873047,    0.00000000000000,    2.64900274873047,   12.44566813496759,    0.00000000000000,
  137,    5,    0.42656250000000,    0.01406250000000,    2.65135799296086,    0.00000000000000,    2.65135799296086,   -0.00000242210770,    0.00000000000000,   -0.00000642187461,    2.64900274873047,    0.00000000000000,    2.64900274873047,   12.44566813496759,    0.00000000000000,
  138,    1,    0.42968750000000,    0.00156250000000,    2.65282209101908,    0.00000000000000,    2.65282209101908,   -0.00000232169717,    0.00000000000000,   -0.00000615904954,    2.65046808669235,    0.00000000000000,    2.65046808669235,   11.93150025252566,    0.00000000000000,
  138,    2,    0.42968750000000,    0.00468750000000,    2.65282209101908,    0.00000000000000,    2.65282209101908,   -0.00000232169717,    0.00000000000000,   -0.00000615904954,    2.65046808669235,    0.00000000000000,    2.65046808669235,   11.93150025252566,    0.00000000000000,
  138,    3,    0.42968750000000,    0.00781250000000,    2.65282209101908,    0.00000000000000,    2.65282209101908,   -0.00000232169717,    0.00000000000000,   -0.00000615904954,    2.65046808669235,    0.00000000000000,    2.65046808669235,   11.93150025252566,    0.00000000000000,
  138,    4,    0.42968750000000,    0.01093750000000,    2.65282209101908,    0.00000000000000,    2.65282209101908,   -0.00000232169717,    0.00000000000000,   -0.00000615904954,    2.65046808669235,    0.00000000000000,    2.65046808669235,   11.93150025252566,    0.00000000000000,
  138,    5,    0.42968750000000,    0.01406250000000,    2.65282209101908,    0.00000000000000,    2.65282209101908,   -0.00000232169717,    0.00000000000000,   -0.00000615904954,    2.65046808669235,    0.00000000000000,    2.65046808669235,   11.93150025252566,    0.00000000000000,
  139,    1,    0.43281250000000,    0.00156250000000,    2.65422354994098,    0.00000000000000,    2.65422354994098,   -0.00000222093844,    0.00000000000000,   -0.00000589486711,    2.65187073118619,    0.00000000000000,    2.65187073118619,   11.41533574084489,    0.00000000000000,
  139,    2,    0.43281250000000,    0.00468750000000,    2.65422354994098,    0.00000000000000,    2.65422354994098,   -0.00000222093844,    0.00000000000000,   -0.00000589486711,    2.65187073118619,    0.00000000000000,    2.65187073118619,   11.41533574084489,    0.00000000000000,
  139,    3,    0.43281250000000,    0.00781250000000,    2.65422354994098,    0.00000000000000,    2.65422354994098,   -0.00000222093844,    0.00000000000000,   -0.00000589486711,    2.65187073118619,    0.00000000000000,    2.65187073118619,   11.41533574084489,    0.00000000000000,
  139,    4,    0.43281250000000,    0.01093750000000,    2.65422354994098,    0.00000000000000,    2.65422354994098,   -0.00000222093844,    0.00000000000000,   -0.00000589486711,    2.65187073118619,    0.00000000000000,    2.65187073118619,   11.41533574084489,    0.00000000000000,
  139,    5,    0.43281250000000,    0.01406250000000,    2.65422354994098,    0.00000000000000,    2.65422354994098,   -0.00000222093844,    0.00000000000000,   -0.00000589486711,    2.65187073118619,    0.00000000000000,    2.65187073118619,   11.41533574084489,    0.00000000000000,
  140,    1,    0.43593750000000,    0.00156250000000,    2.65556223448057,    0.00000000000000,    2.65556223448057,   -0.00000211984732,    0.00000000000000,   -0.00000562938650,    2.65321054702218,    0.00000000000000,    2.65321054702218,   10.89725965808202,    0.00000000000000,
  140,    2,    0.43593750000000,    0.00468750000000,    2.65556223448057,    0.00000000000000,    2.65556223448057,   -0.00000211984732,    0.00000000000000,   -0.00000562938650,    2.65321054702218,    0.00000000000000,    2.65321054702218,   10.89725965808202,    0.00000000000000,
  140,    3,    0.43593750000000,    0.00781250000000,    2.65556223448057,    0.00000000000000,    2.65556223448057,   -0.00000211984732,    0.00000000000000,   -0.00000562938650,    2.65321054702218,    0.00000000000000,    2.65321054702218,   10.89725965808202,    0.00000000000000,
  140,    4,    0.43593750000000,    0.01093750000000,    2.65556223448057,    0.00000000000000,    2.65556223448057,   -0.00000211984732,    0.00000000000000,   -0.00000562938650,    2.65321054702218,    0.00000000000000,    2.65321054702218,   10.89725965808202,    0.00000000000000,
  140,    5,    0.43593750000000,    0.01406250000000,    2.65556223448057,    0.00000000000000,    2.65556223448057,   -0.00000211984732,    0.00000000000000,   -0.00000562938650,    2.65321054702218,    0.00000000000000,    2.65321054702218,   10.89725965808202,    0.00000000000000,
  141,    1,    0.43906250000000,    0.00156250000000,    2.65683801544998,    0.00000000000000,    2.65683801544998,   -0.00000201843958,    0.00000000000000,   -0.00000536266701,    2.65448740506610,    0.00000000000000,    2.65448740506610,   10.37735755942099,    0.00000000000000,
  141,    2,    0.43906250000000,    0.00468750000000,    2.65683801544998,    0.00000000000000,    2.65683801544998,   -0.00000201843958,    0.00000000000000,   -0.00000536266701,    2.65448740506610,    0.00000000000000,    2.65448740506610,   10.37735755942099,    0.00000000000000,
  141,    3,    0.43906250000000,    0.00781250000000,    2.65683801544998,    0.00000000000000,    2.65683801544998,   -0.00000201843958,    0.00000000000000,   -0.00000536266701,    2.65448740506610,    0.00000000000000,    2.65448740506610,   10.37735755942099,    0.00000000000000,
  141,    4,    0.43906250000000,    0.01093750000000,    2.65683801544998,    0.00000000000000,    2.65683801544998,   -0.00000201843958,    0.00000000000000,   -0.00000536266701,    2.65448740506610,    0.00000000000000,    2.65448740506610,   10.37735755942099,    0.00000000000000,
  141,    5,    0.43906250000000,    0.01406250000000,    2.65683801544998,    0.00000000000000,    2.65683801544998,   -0.00000201843958,    0.00000000000000,   -0.00000536266701,    2.65448740506610,    0.00000000000000,    2.65448740506610,   10.37735755942099,    0.00000000000000,
  142,    1,    0.44218750000000,    0.00156250000000,    2.65805076973185,    0.00000000000000,    2.65805076973185,   -0.00000191673094,    0.00000000000000,   -0.00000509476815,    2.65570118225171,    0.00000000000000,    2.65570118225171,    9.85571547509393,    0.00000000000000,
  142,    2,    0.44218750000000,    0.00468750000000,    2.65805076973185,    0.00000000000000,    2.65805076973185,   -0.00000191673094,    0.00000000000000,   -0.00000509476815,    2.65570118225171,    0.00000000000000,    2.65570118225171,    9.85571547509393,    0.00000000000000,
  142,    3,    0.44218750000000,    0.00781250000000,    2.65805076973185,    0.00000000000000,    2.65805076973185,   -0.00000191673094,    0.00000000000000,   -0.00000509476815,    2.65570118225171,    0.00000000000000,    2.65570118225171,    9.85571547509393,    0.00000000000000,
  142,    4,    0.44218750000000,    0.01093750000000,    2.65805076973185,    0.00000000000000,    2.65805076973185,   -0.00000191673094,    0.00000000000000,   -0.00000509476815,    2.65570118225171,    0.00000000000000,    2.65570118225171,    9.85571547509393,    0.00000000000000,
  142,    5,    0.44218750000000,    0.01406250000000,    2.65805076973185,    0.00000000000000,    2.65805076973185,   -0.00000191673094,    0.00000000000000,   -0.00000509476815,    2.65570118225171,    0.00000000000000,    2.65570118225171,    9.85571547509393,    0.00000000000000,
  143,    1,    0.44531250000000,    0.00156250000000,    2.65920038029116,    0.00000000000000,    2.65920038029116,   -0.00000181473707,    0.00000000000000,   -0.00000482574951,    2.65685176159263,    0.00000000000000,    2.65685176159263,    9.33241988824127,    0.00000000000000,
  143,    2,    0.44531250000000,    0.00468750000000,    2.65920038029116,    0.00000000000000,    2.65920038029116,   -0.00000181473707,    0.00000000000000,   -0.00000482574951,    2.65685176159263,    0.00000000000000,    2.65685176159263,    9.33241988824127,    0.00000000000000,
  143,    3,    0.44531250000000,    0.00781250000000,    2.65920038029116,    0.00000000000000,    2.65920038029116,   -0.00000181473707,    0.00000000000000,   -0.00000482574951,    2.65685176159263,    0.00000000000000,    2.65685176159263,    9.33241988824127,    0.00000000000000,
  143,    4,    0.44531250000000,    0.01093750000000,    2.65920038029116,    0.00000000000000,    2.65920038029116,   -0.00000181473707,    0.00000000000000,   -0.00000482574951,    2.65685176159263,    0.00000000000000,    2.65685176159263,    9.33241988824127,    0.00000000000000,
  143,    5,    0.44531250000000,    0.01406250000000,    2.65920038029116,    0.00000000000000,    2.65920038029116,   -0.00000181473707,    0.00000000000000,   -0.00000482574951,    2.65685176159263,    0.00000000000000,    2.65685176159263,    9.33241988824127,    0.00000000000000,
  144,    1,    0.44843750000000,    0.00156250000000,    2.66028673618655,    0.00000000000000,    2.66028673618655,   -0.00000171247362,    0.00000000000000,   -0.00000455567087,    2.65793903219363,    0.00000000000000,    2.65793903219363,    8.80755771261802,    0.00000000000000,
  144,    2,    0.44843750000000,    0.00468750000000,    2.66028673618655,    0.00000000000000,    2.66028673618655,   -0.00000171247362,    0.00000000000000,   -0.00000455567087,    2.65793903219363,    0.00000000000000,    2.65793903219363,    8.80755771261802,    0.00000000000000,
  144,    3,    0.44843750000000,    0.00781250000000,    2.66028673618655,    0.00000000000000,    2.66028673618655,   -0.00000171247362,    0.00000000000000,   -0.00000455567087,    2.65793903219363,    0.00000000000000,    2.65793903219363,    8.80755771261802,    0.00000000000000,
  144,    4,    0.44843750000000,    0.01093750000000,    2.66028673618655,    0.00000000000000,    2.66028673618655,   -0.00000171247362,    0.00000000000000,   -0.00000455567087,    2.65793903219363,    0.00000000000000,    2.65793903219363,    8.80755771261802,    0.00000000000000,
  144,    5,    0.44843750000000,    0.01406250000000,    2.66028673618655,    0.00000000000000,    2.66028673618655,   -0.00000171247362,    0.00000000000000,   -0.00000455567087,    2.65793903219363,    0.00000000000000,    2.65793903219363,    8.80755771261802,    0.00000000000000,
  145,    1,    0.45156250000000,    0.00156250000000,    2.66130973258107,    0.00000000000000,    2.66130973258107,   -0.00000160995620,    0.00000000000000,   -0.00000428459211,    2.65896288926131,    0.00000000000000,    2.65896288926131,    8.28121627015423,    0.00000000000000,
  145,    2,    0.45156250000000,    0.00468750000000,    2.66130973258107,    0.00000000000000,    2.66130973258107,   -0.00000160995620,    0.00000000000000,   -0.00000428459211,    2.65896288926131,    0.00000000000000,    2.65896288926131,    8.28121627015423,    0.00000000000000,
  145,    3,    0.45156250000000,    0.00781250000000,    2.66130973258107,    0.00000000000000,    2.66130973258107,   -0.00000160995620,    0.00000000000000,   -0.00000428459211,    2.65896288926131,    0.00000000000000,    2.65896288926131,    8.28121627015423,    0.00000000000000,
  145,    4,    0.45156250000000,    0.01093750000000,    2.66130973258107,    0.00000000000000,    2.66130973258107,   -0.00000160995620,    0.00000000000000,   -0.00000428459211,    2.65896288926131,    0.00000000000000,    2.65896288926131,    8.28121627015423,    0.00000000000000,
  145,    5,    0.45156250000000,    0.01406250000000,    2.66130973258107,    0.00000000000000,    2.66130973258107,   -0.00000160995620,    0.00000000000000,   -0.00000428459211,    2.65896288926131,    0.00000000000000,    2.65896288926131,    8.28121627015423,    0.00000000000000,
  146,    1,    0.45468750000000,    0.00156250000000,    2.66226927075214,    0.00000000000000,    2.66226927075214,   -0.00000150720038,    0.00000000000000,   -0.00000401257326,    2.65992323411420,    0.00000000000000,    2.65992323411420,    7.75348326837668,    0.00000000000000,
  146,    2,    0.45468750000000,    0.00468750000000,    2.66226927075214,    0.00000000000000,    2.66226927075214,   -0.00000150720038,    0.00000000000000,   -0.00000401257326,    2.65992323411420,    0.00000000000000,    2.65992323411420,    7.75348326837668,    0.00000000000000,
  146,    3,    0.45468750000000,    0.00781250000000,    2.66226927075214,    0.00000000000000,    2.66226927075214,   -0.00000150720038,    0.00000000000000,   -0.00000401257326,    2.65992323411420,    0.00000000000000,    2.65992323411420,    7.75348326837668,    0.00000000000000,
  146,    4,    0.45468750000000,    0.01093750000000,    2.66226927075214,    0.00000000000000,    2.66226927075214,   -0.00000150720038,    0.00000000000000,   -0.00000401257326,    2.65992323411420,    0.00000000000000,    2.65992323411420,    7.75348326837668,    0.00000000000000,
  146,    5,    0.45468750000000,    0.01406250000000,    2.66226927075214,    0.00000000000000,    2.66226927075214,   -0.00000150720038,    0.00000000000000,   -0.00000401257326,    2.65992323411420,    0.00000000000000,    2.65992323411420,    7.75348326837668,    0.00000000000000,
  147,    1,    0.45781250000000,    0.00156250000000,    2.66316525810127,    0.00000000000000,    2.66316525810127,   -0.00000140422170,    0.00000000000000,   -0.00000373967443,    2.66081997419226,    0.00000000000000,    2.66081997419226,    7.22444677769998,    0.00000000000000,
  147,    2,    0.45781250000000,    0.00468750000000,    2.66316525810127,    0.00000000000000,    2.66316525810127,   -0.00000140422170,    0.00000000000000,   -0.00000373967443,    2.66081997419226,    0.00000000000000,    2.66081997419226,    7.22444677769998,    0.00000000000000,
  147,    3,    0.45781250000000,    0.00781250000000,    2.66316525810127,    0.00000000000000,    2.66316525810127,   -0.00000140422170,    0.00000000000000,   -0.00000373967443,    2.66081997419226,    0.00000000000000,    2.66081997419226,    7.22444677769998,    0.00000000000000,
  147,    4,    0.45781250000000,    0.01093750000000,    2.66316525810127,    0.00000000000000,    2.66316525810127,   -0.00000140422170,    0.00000000000000,   -0.00000373967443,    2.66081997419226,    0.00000000000000,    2.66081997419226,    7.22444677769998,    0.00000000000000,
  147,    5,    0.45781250000000,    0.01406250000000,    2.66316525810127,    0.00000000000000,    2.66316525810127,   -0.00000140422170,    0.00000000000000,   -0.00000373967443,    2.66081997419226,    0.00000000000000,    2.66081997419226,    7.22444677769998,    0.00000000000000,
  148,    1,    0.46093750000000,    0.00156250000000,    2.66399760816280,    0.00000000000000,    2.66399760816280,   -0.00000130103565,    0.00000000000000,   -0.00000346595587,    2.66165302306581,    0.00000000000000,    2.66165302306581,    6.69419520859432,    0.00000000000000,
  148,    2,    0.46093750000000,    0.00468750000000,    2.66399760816280,    0.00000000000000,    2.66399760816280,   -0.00000130103565,    0.00000000000000,   -0.00000346595587,    2.66165302306581,    0.00000000000000,    2.66165302306581,    6.69419520859432,    0.00000000000000,
  148,    3,    0.46093750000000,    0.00781250000000,    2.66399760816280,    0.00000000000000,    2.66399760816280,   -0.00000130103565,    0.00000000000000,   -0.00000346595587,    2.66165302306581,    0.00000000000000,    2.66165302306581,    6.69419520859432,    0.00000000000000,
  148,    4,    0.46093750000000,    0.01093750000000,    2.66399760816280,    0.00000000000000,    2.66399760816280,   -0.00000130103565,    0.00000000000000,   -0.00000346595587,    2.66165302306581,    0.00000000000000,    2.66165302306581,    6.69419520859432,    0.00000000000000,
  148,    5,    0.46093750000000,    0.01406250000000,    2.66399760816280,    0.00000000000000,    2.66399760816280,   -0.00000130103565,    0.00000000000000,   -0.00000346595587,    2.66165302306581,    0.00000000000000,    2.66165302306581,    6.69419520859432,    0.00000000000000,
  149,    1,    0.46406250000000,    0.00156250000000,    2.66476624061235,    0.00000000000000,    2.66476624061235,   -0.00000119765773,    0.00000000000000,   -0.00000319147789,    2.66242230044387,    0.00000000000000,    2.66242230044387,    6.16281728863784,    0.00000000000000,
  149,    2,    0.46406250000000,    0.00468750000000,    2.66476624061235,    0.00000000000000,    2.66476624061235,   -0.00000119765773,    0.00000000000000,   -0.00000319147789,    2.66242230044387,    0.00000000000000,    2.66242230044387,    6.16281728863784,    0.00000000000000,
  149,    3,    0.46406250000000,    0.00781250000000,    2.66476624061235,    0.00000000000000,    2.66476624061235,   -0.00000119765773,    0.00000000000000,   -0.00000319147789,    2.66242230044387,    0.00000000000000,    2.66242230044387,    6.16281728863784,    0.00000000000000,
  149,    4,    0.46406250000000,    0.01093750000000,    2.66476624061235,    0.00000000000000,    2.66476624061235,   -0.00000119765773,    0.00000000000000,   -0.00000319147789,    2.66242230044387,    0.00000000000000,    2.66242230044387,    6.16281728863784,    0.00000000000000,
  149,    5,    0.46406250000000,    0.01406250000000,    2.66476624061235,    0.00000000000000,    2.66476624061235,   -0.00000119765773,    0.00000000000000,   -0.00000319147789,    2.66242230044387,    0.00000000000000,    2.66242230044387,    6.16281728863784,    0.00000000000000,
  150,    1,    0.46718750000000,    0.00156250000000,    2.66547108127448,    0.00000000000000,    2.66547108127448,   -0.00000109410338,    0.00000000000000,   -0.00000291630093,    2.66312773218188,    0.00000000000000,    2.66312773218188,    5.63040203946139,    0.00000000000000,
  150,    2,    0.46718750000000,    0.00468750000000,    2.66547108127448,    0.00000000000000,    2.66547108127448,   -0.00000109410338,    0.00000000000000,   -0.00000291630093,    2.66312773218188,    0.00000000000000,    2.66312773218188,    5.63040203946139,    0.00000000000000,
  150,    3,    0.46718750000000,    0.00781250000000,    2.66547108127448,    0.00000000000000,    2.66547108127448,   -0.00000109410338,    0.00000000000000,   -0.00000291630093,    2.66312773218188,    0.00000000000000,    2.66312773218188,    5.63040203946139,    0.00000000000000,
  150,    4,    0.46718750000000,    0.01093750000000,    2.66547108127448,    0.00000000000000,    2.66547108127448,   -0.00000109410338,    0.00000000000000,   -0.00000291630093,    2.66312773218188,    0.00000000000000,    2.66312773218188,    5.63040203946139,    0.00000000000000,
  150,    5,    0.46718750000000,    0.01406250000000,    2.66547108127448,    0.00000000000000,    2.66547108127448,   -0.00000109410338,    0.00000000000000,   -0.00000291630093,    2.66312773218188,    0.00000000000000,    2.66312773218188,    5.63040203946139,    0.00000000000000,
  151,    1,    0.47031250000000,    0.00156250000000,    2.66611206212992,    0.00000000000000,    2.66611206212992,   -0.00000099038803,    0.00000000000000,   -0.00000264048548,    2.66376925028887,    0.00000000000000,    2.66376925028887,    5.09703875359330,    0.00000000000000,
  151,    2,    0.47031250000000,    0.00468750000000,    2.66611206212992,    0.00000000000000,    2.66611206212992,   -0.00000099038803,    0.00000000000000,   -0.00000264048548,    2.66376925028887,    0.00000000000000,    2.66376925028887,    5.09703875359330,    0.00000000000000,
  151,    3,    0.47031250000000,    0.00781250000000,    2.66611206212992,    0.00000000000000,    2.66611206212992,   -0.00000099038803,    0.00000000000000,   -0.00000264048548,    2.66376925028887,    0.00000000000000,    2.66376925028887,    5.09703875359330,    0.00000000000000,
  151,    4,    0.47031250000000,    0.01093750000000,    2.66611206212992,    0.00000000000000,    2.66611206212992,   -0.00000099038803,    0.00000000000000,   -0.00000264048548,    2.66376925028887,    0.00000000000000,    2.66376925028887,    5.09703875359330,    0.00000000000000,
  151,    5,    0.47031250000000,    0.01406250000000,    2.66611206212992,    0.00000000000000,    2.66611206212992,   -0.00000099038803,    0.00000000000000,   -0.00000264048548,    2.66376925028887,    0.00000000000000,    2.66376925028887,    5.09703875359330,    0.00000000000000,
  152,    1,    0.47343750000000,    0.00156250000000,    2.66668912132209,    0.00000000000000,    2.66668912132209,   -0.00000088652708,    0.00000000000000,   -0.00000236409213,    2.66434679293398,    0.00000000000000,    2.66434679293398,    4.56281697121232,    0.00000000000000,
  152,    2,    0.47343750000000,    0.00468750000000,    2.66668912132209,    0.00000000000000,    2.66668912132209,   -0.00000088652708,    0.00000000000000,   -0.00000236409213,    2.66434679293398,    0.00000000000000,    2.66434679293398,    4.56281697121232,    0.00000000000000,
  152,    3,    0.47343750000000,    0.00781250000000,    2.66668912132209,    0.00000000000000,    2.66668912132209,   -0.00000088652708,    0.00000000000000,   -0.00000236409213,    2.66434679293398,    0.00000000000000,    2.66434679293398,    4.56281697121232,    0.00000000000000,
  152,    4,    0.47343750000000,    0.01093750000000,    2.66668912132209,    0.00000000000000,    2.66668912132209,   -0.00000088652708,    0.00000000000000,   -0.00000236409213,    2.66434679293398,    0.00000000000000,    2.66434679293398,    4.56281697121232,    0.00000000000000,
  152,    5,    0.47343750000000,    0.01406250000000,    2.66668912132209,    0.00000000000000,    2.66668912132209,   -0.00000088652708,    0.00000000000000,   -0.00000236409213,    2.66434679293398,    0.00000000000000,    2.66434679293398,    4.56281697121232,    0.00000000000000,
  153,    1,    0.47656250000000,    0.00156250000000,    2.66720220316302,    0.00000000000000,    2.66720220316302,   -0.00000078253592,    0.00000000000000,   -0.00000208718152,    2.66486030445246,    0.00000000000000,    2.66486030445246,    4.02782645681626,    0.00000000000000,
  153,    2,    0.47656250000000,    0.00468750000000,    2.66720220316302,    0.00000000000000,    2.66720220316302,   -0.00000078253592,    0.00000000000000,   -0.00000208718152,    2.66486030445246,    0.00000000000000,    2.66486030445246,    4.02782645681626,    0.00000000000000,
  153,    3,    0.47656250000000,    0.00781250000000,    2.66720220316302,    0.00000000000000,    2.66720220316302,   -0.00000078253592,    0.00000000000000,   -0.00000208718152,    2.66486030445246,    0.00000000000000,    2.66486030445246,    4.02782645681626,    0.00000000000000,
  153,    4,    0.47656250000000,    0.01093750000000,    2.66720220316302,    0.00000000000000,    2.66720220316302,   -0.00000078253592,    0.00000000000000,   -0.00000208718152,    2.66486030445246,    0.00000000000000,    2.66486030445246,    4.02782645681626,    0.00000000000000,
  153,    5,    0.47656250000000,    0.01406250000000,    2.66720220316302,    0.00000000000000,    2.66720220316302,   -0.00000078253592,    0.00000000000000,   -0.00000208718152,    2.66486030445246,    0.00000000000000,    2.66486030445246,    4.02782645681626,    0.00000000000000,
  154,    1,    0.47968750000000,    0.00156250000000,    2.66765125813880,    0.00000000000000,    2.66765125813880,   -0.00000067842990,    0.00000000000000,   -0.00000180981438,    2.66530973535099,    0.00000000000000,    2.66530973535099,    3.49215717581462,    0.00000000000000,
  154,    2,    0.47968750000000,    0.00468750000000,    2.66765125813880,    0.00000000000000,    2.66765125813880,   -0.00000067842990,    0.00000000000000,   -0.00000180981438,    2.66530973535099,    0.00000000000000,    2.66530973535099,    3.49215717581462,    0.00000000000000,
  154,    3,    0.47968750000000,    0.00781250000000,    2.66765125813880,    0.00000000000000,    2.66765125813880,   -0.00000067842990,    0.00000000000000,   -0.00000180981438,    2.66530973535099,    0.00000000000000,    2.66530973535099,    3.49215717581462,    0.00000000000000,
  154,    4,    0.47968750000000,    0.01093750000000,    2.66765125813880,    0.00000000000000,    2.66765125813880,   -0.00000067842990,    0.00000000000000,   -0.00000180981438,    2.66530973535099,    0.00000000000000,    2.66530973535099,    3.49215717581462,    0.00000000000000,
  154,    5,    0.47968750000000,    0.01406250000000,    2.66765125813880,    0.00000000000000,    2.66765125813880,   -0.00000067842990,    0.00000000000000,   -0.00000180981438,    2.66530973535099,    0.00000000000000,    2.66530973535099,    3.49215717581462,    0.00000000000000,
  155,    1,    0.48281250000000,    0.00156250000000,    2.66803624291434,    0.00000000000000,    2.66803624291434,   -0.00000057422438,    0.00000000000000,   -0.00000153205145,    2.66569504231249,    0.00000000000000,    2.66569504231249,    2.95589927105281,    0.00000000000000,
  155,    2,    0.48281250000000,    0.00468750000000,    2.66803624291434,    0.00000000000000,    2.66803624291434,   -0.00000057422438,    0.00000000000000,   -0.00000153205145,    2.66569504231249,    0.00000000000000,    2.66569504231249,    2.95589927105281,    0.00000000000000,
  155,    3,    0.48281250000000,    0.00781250000000,    2.66803624291434,    0.00000000000000,    2.66803624291434,   -0.00000057422438,    0.00000000000000,   -0.00000153205145,    2.66569504231249,    0.00000000000000,    2.66569504231249,    2.95589927105281,    0.00000000000000,
  155,    4,    0.48281250000000,    0.01093750000000,    2.66803624291434,    0.00000000000000,    2.66803624291434,   -0.00000057422438,    0.00000000000000,   -0.00000153205145,    2.66569504231249,    0.00000000000000,    2.66569504231249,    2.95589927105281,    0.00000000000000,
  155,    5,    0.48281250000000,    0.01406250000000,    2.66803624291434,    0.00000000000000,    2.66803624291434,   -0.00000057422438,    0.00000000000000,   -0.00000153205145,    2.66569504231249,    0.00000000000000,    2.66569504231249,    2.95589927105281,    0.00000000000000,
  156,    1,    0.48593750000000,    0.00156250000000,    2.66835712033742,    0.00000000000000,    2.66835712033742,   -0.00000046993468,    0.00000000000000,   -0.00000125395356,    2.66601618820027,    0.00000000000000,    2.66601618820027,    2.41914303927618,    0.00000000000000,
  156,    2,    0.48593750000000,    0.00468750000000,    2.66835712033742,    0.00000000000000,    2.66835712033742,   -0.00000046993468,    0.00000000000000,   -0.00000125395356,    2.66601618820027,    0.00000000000000,    2.66601618820027,    2.41914303927618,    0.00000000000000,
  156,    3,    0.48593750000000,    0.00781250000000,    2.66835712033742,    0.00000000000000,    2.66835712033742,   -0.00000046993468,    0.00000000000000,   -0.00000125395356,    2.66601618820027,    0.00000000000000,    2.66601618820027,    2.41914303927618,    0.00000000000000,
  156,    4,    0.48593750000000,    0.01093750000000,    2.66835712033742,    0.00000000000000,    2.66835712033742,   -0.00000046993468,    0.00000000000000,   -0.00000125395356,    2.66601618820027,    0.00000000000000,    2.66601618820027,    2.41914303927618,    0.00000000000000,
  156,    5,    0.48593750000000,    0.01406250000000,    2.66835712033742,    0.00000000000000,    2.66835712033742,   -0.00000046993468,    0.00000000000000,   -0.00000125395356,    2.66601618820027,    0.00000000000000,    2.66601618820027,    2.41914303927618,    0.00000000000000,
  157,    1,    0.48906250000000,    0.00156250000000,    2.66861385944257,    0.00000000000000,    2.66861385944257,   -0.00000036557613,    0.00000000000000,   -0.00000097558154,    2.66627314206163,    0.00000000000000,    2.66627314206163,    1.88197890754166,    0.00000000000000,
  157,    2,    0.48906250000000,    0.00468750000000,    2.66861385944257,    0.00000000000000,    2.66861385944257,   -0.00000036557613,    0.00000000000000,   -0.00000097558154,    2.66627314206163,    0.00000000000000,    2.66627314206163,    1.88197890754166,    0.00000000000000,
  157,    3,    0.48906250000000,    0.00781250000000,    2.66861385944257,    0.00000000000000,    2.66861385944257,   -0.00000036557613,    0.00000000000000,   -0.00000097558154,    2.66627314206163,    0.00000000000000,    2.66627314206163,    1.88197890754166,    0.00000000000000,
  157,    4,    0.48906250000000,    0.01093750000000,    2.66861385944257,    0.00000000000000,    2.66861385944257,   -0.00000036557613,    0.00000000000000,   -0.00000097558154,    2.66627314206163,    0.00000000000000,    2.66627314206163,    1.88197890754166,    0.00000000000000,
  157,    5,    0.48906250000000,    0.01406250000000,    2.66861385944257,    0.00000000000000,    2.66861385944257,   -0.00000036557613,    0.00000000000000,   -0.00000097558154,    2.66627314206163,    0.00000000000000,    2.66627314206163,    1.88197890754166,    0.00000000000000,
  158,    1,    0.49218750000000,    0.00156250000000,    2.66880643545354,    0.00000000000000,    2.66880643545354,   -0.00000026116405,    0.00000000000000,   -0.00000069699629,    2.66646587913080,    0.00000000000000,    2.66646587913080,    1.34449740958524,    0.00000000000000,
  158,    2,    0.49218750000000,    0.00468750000000,    2.66880643545354,    0.00000000000000,    2.66880643545354,   -0.00000026116405,    0.00000000000000,   -0.00000069699629,    2.66646587913080,    0.00000000000000,    2.66646587913080,    1.34449740958524,    0.00000000000000,
  158,    3,    0.49218750000000,    0.00781250000000,    2.66880643545354,    0.00000000000000,    2.66880643545354,   -0.00000026116405,    0.00000000000000,   -0.00000069699629,    2.66646587913080,    0.00000000000000,    2.66646587913080,    1.34449740958524,    0.00000000000000,
  158,    4,    0.49218750000000,    0.01093750000000,    2.66880643545354,    0.00000000000000,    2.66880643545354,   -0.00000026116405,    0.00000000000000,   -0.00000069699629,    2.66646587913080,    0.00000000000000,    2.66646587913080,    1.34449740958524,    0.00000000000000,
  158,    5,    0.49218750000000,    0.01406250000000,    2.66880643545354,    0.00000000000000,    2.66880643545354,   -0.00000026116405,    0.00000000000000,   -0.00000069699629,    2.66646587913080,    0.00000000000000,    2.66646587913080,    1.34449740958524,    0.00000000000000,
  159,    1,    0.49531250000000,    0.00156250000000,    2.66893482978629,    0.00000000000000,    2.66893482978629,   -0.00000015671372,    0.00000000000000,   -0.00000041825871,    2.66659438083141,    0.00000000000000,    2.66659438083141,    0.80678916215314,    0.00000000000000,
  159,    2,    0.49531250000000,    0.00468750000000,    2.66893482978629,    0.00000000000000,    2.66893482978629,   -0.00000015671372,    0.00000000000000,   -0.00000041825871,    2.66659438083141,    0.00000000000000,    2.66659438083141,    0.80678916215314,    0.00000000000000,
  159,    3,    0.49531250000000,    0.00781250000000,    2.66893482978629,    0.00000000000000,    2.66893482978629,   -0.00000015671372,    0.00000000000000,   -0.00000041825871,    2.66659438083141,    0.00000000000000,    2.66659438083141,    0.80678916215314,    0.00000000000000,
  159,    4,    0.49531250000000,    0.01093750000000,    2.66893482978629,    0.00000000000000,    2.66893482978629,   -0.00000015671372,    0.00000000000000,   -0.00000041825871,    2.66659438083141,    0.00000000000000,    2.66659438083141,    0.80678916215314,    0.00000000000000,
  159,    5,    0.49531250000000,    0.01406250000000,    2.66893482978629,    0.00000000000000,    2.66893482978629,   -0.00000015671372,    0.00000000000000,   -0.00000041825871,    2.66659438083141,    0.00000000000000,    2.66659438083141,    0.80678916215314,    0.00000000000000,
  160,    1,    0.49843750000000,    0.00156250000000,    2.66899903005043,    0.00000000000000,    2.66899903005043,   -0.00000005224046,    0.00000000000000,   -0.00000013942973,    2.66665863477817,    0.00000000000000,    2.66665863477817,    0.26894484130471,    0.00000000000000,
  160,    2,    0.49843750000000,    0.00468750000000,    2.66899903005043,    0.00000000000000,    2.66899903005043,   -0.00000005224046,    0.00000000000000,   -0.00000013942973,    2.66665863477817,    0.00000000000000,    2.66665863477817,    0.26894484130471,    0.00000000000000,
  160,    3,    0.49843750000000,    0.00781250000000,    2.66899903005043,    0.00000000000000,    2.66899903005043,   -0.00000005224046,    0.00000000000000,   -0.00000013942973,    2.66665863477817,    0.00000000000000,    2.66665863477817,    0.26894484130471,    0.00000000000000,
  160,    4,    0.49843750000000,    0.01093750000000,    2.66899903005043,    0.00000000000000,    2.66899903005043,   -0.00000005224046,    0.00000000000000,   -0.00000013942973,    2.66665863477817,    0.00000000000000,    2.66665863477817,    0.26894484130471,    0.00000000000000,
  160,    5,    0.49843750000000,    0.01406250000000,    2.66899903005043,    0.00000000000000,    2.66899903005043,   -0.00000005224046,    0.00000000000000,   -0.00000013942973,    2.66665863477817,    0.00000000000000,    2.66665863477817,    0.26894484130471,    0.00000000000000,
  161,    1,    0.50156250000000,    0.00156250000000,    2.66899903005043,    0.00000000000000,    2.66899903005043,    0.00000005224046,    0.00000000000000,    0.00000013942973,    2.66665863477817,    0.00000000000000,    2.66665863477817,   -0.26894484130471,    0.00000000000000,
  161,    2,    0.50156250000000,    0.00468750000000,    2.66899903005043,    0.00000000000000,    2.66899903005043,    0.00000005224046,    0.00000000000000,    0.00000013942973,    2.66665863477817,    0.00000000000000,    2.66665863477817,   -0.26894484130471,    0.00000000000000,
  161,    3,    0.50156250000000,    0.00781250000000,    2.66899903005043,    0.00000000000000,    2.66899903005043,    0.00000005224046,    0.00000000000000,    0.00000013942973,    2.66665863477817,    0.00000000000000,    2.66665863477817,   -0.26894484130471,    0.00000000000000,
  161,    4,    0.50156250000000,    0.01093750000000,    2.66899903005043,    0.00000000000000,    2.66899903005043,    0.00000005224046,    0.00000000000000,    0.00000013942973,    2.66665863477817,    0.00000000000000,    2.66665863477817,   -0.26894484130471,    0.00000000000000,
  161,    5,    0.50156250000000,    0.01406250000000,    2.66899903005043,    0.00000000000000,    2.66899903005043,    0.00000005224046,    0.00000000000000,    0.00000013942973,    2.66665863477817,    0.00000000000000,    2.66665863477817,   -0.26894484130471,    0.00000000000000,
  162,    1,    0.50468750000000,    0.00156250000000,    2.66893482978629,    0.00000000000000,    2.66893482978629,    0.00000015671372,    0.00000000000000,    0.00000041825871,    2.66659438083141,    0.00000000000000,    2.66659438083141,   -0.80678916215315,    0.00000000000000,
  162,    2,    0.50468750000000,    0.00468750000000,    2.66893482978629,    0.00000000000000,    2.66893482978629,    0.00000015671372,    0.00000000000000,    0.00000041825871,    2.66659438083141,    0.00000000000000,    2.66659438083141,   -0.80678916215315,    0.00000000000000,
  162,    3,    0.50468750000000,    0.00781250000000,    2.66893482978629,    0.00000000000000,    2.66893482978629,    0.00000015671372,    0.00000000000000,    0.00000041825871,    2.66659438083141,    0.00000000000000,    2.66659438083141,   -0.80678916215315,    0.00000000000000,
  162,    4,    0.50468750000000,    0.01093750000000,    2.66893482978629,    0.00000000000000,    2.66893482978629,    0.00000015671372,    0.00000000000000,    0.00000041825871,    2.66659438083141,    0.00000000000000,    2.66659438083141,   -0.80678916215315,    0.00000000000000,
  162,    5,    0.50468750000000,    0.01406250000000,    2.66893482978629,    0.00000000000000,    2.66893482978629,    0.00000015671372,    0.00000000000000,    0.00000041825871,    2.66659438083141,    0.00000000000000,    2.66659438083141,   -0.80678916215315,    0.00000000000000,
  163,    1,    0.50781250000000,    0.00156250000000,    2.66880643545354,    0.00000000000000,    2.66880643545354,    0.00000026116405,    0.00000000000000,    0.00000069699629,    2.66646587913080,    0.00000000000000,    2.66646587913080,   -1.34449740958523,    0.00000000000000,
  163,    2,    0.50781250000000,    0.00468750000000,    2.66880643545354,    0.00000000000000,    2.66880643545354,    0.00000026116405,    0.00000000000000,    0.00000069699629,    2.66646587913080,    0.00000000000000,    2.66646587913080,   -1.34449740958523,    0.00000000000000,
  163,    3,    0.50781250000000,    0.00781250000000,    2.66880643545354,    0.00000000000000,    2.66880643545354,    0.00000026116405,    0.00000000000000,    0.00000069699629,    2.66646587913080,    0.00000000000000,    2.66646587913080,   -1.34449740958523,    0.00000000000000,
  163,    4,    0.50781250000000,    0.01093750000000,    2.66880643545354,    0.00000000000000,    2.66880643545354,    0.00000026116405,    0.00000000000000,    0.00000069699629,    2.66646587913080,    0.00000000000000,    2.66646587913080,   -1.34449740958523,    0.00000000000000,
  163,    5,    0.50781250000000,    0.01406250000000,    2.66880643545354,    0.00000000000000,    2.66880643545354,    0.00000026116405,    0.00000000000000,    0.00000069699629,    2.66646587913080,    0.00000000000000,    2.66646587913080,   -1.34449740958523,    0.00000000000000,
  164,    1,    0.51093750000000,    0.00156250000000,    2.66861385944257,    0.00000000000000,    2.66861385944257,    0.00000036557613,    0.00000000000000,    0.00000097558154,    2.66627314206163,    0.00000000000000,    2.66627314206163,   -1.88197890754166,    0.00000000000000,
  164,    2,    0.51093750000000,    0.00468750000000,    2.66861385944257,    0.00000000000000,    2.66861385944257,    0.00000036557613,    0.00000000000000,    0.00000097558154,    2.66627314206163,    0.00000000000000,    2.66627314206163,   -1.88197890754166,    0.00000000000000,
  164,    3,    0.51093750000000,    0.00781250000000,    2.66861385944257,    0.00000000000000,    2.66861385944257,    0.00000036557613,    0.00000000000000,    0.00000097558154,    2.66627314206163,    0.00000000000000,    2.66627314206163,   -1.88197890754166,    0.00000000000000,
  164,    4,    0.51093750000000,    0.01093750000000,    2.66861385944257,    0.00000000000000,    2.66861385944257,    0.00000036557613,    0.00000000000000,    0.00000097558154,    2.66627314206163,    0.00000000000000,    2.66627314206163,   -1.88197890754166,    0.00000000000000,
  164,    5,    0.51093750000000,    0.01406250000000,    2.66861385944257,    0.00000000000000,    2.66861385944257,    0.00000036557613,    0.00000000000000,    0.00000097558154,    2.66627314206163,    0.00000000000000,    2.66627314206163,   -1.88197890754166,    0.00000000000000,
  165,    1,    0.51406250000000,    0.00156250000000,    2.66835712033742,    0.00000000000000,    2.66835712033742,    0.00000046993468,    0.00000000000000,    0.00000125395356,    2.66601618820027,    0.00000000000000,    2.66601618820027,   -2.41914303927617,    0.00000000000000,
  165,    2,    0.51406250000000,    0.00468750000000,    2.66835712033742,    0.00000000000000,    2.66835712033742,    0.00000046993468,    0.00000000000000,    0.00000125395356,    2.66601618820027,    0.00000000000000,    2.66601618820027,   -2.41914303927617,    0.00000000000000,
  165,    3,    0.51406250000000,    0.00781250000000,    2.66835712033742,    0.00000000000000,    2.66835712033742,    0.00000046993468,    0.00000000000000,    0.00000125395356,    2.66601618820027,    0.00000000000000,    2.66601618820027,   -2.41914303927617,    0.00000000000000,
  165,    4,    0.51406250000000,    0.01093750000000,    2.66835712033742,    0.00000000000000,    2.66835712033742,    0.00000046993468,    0.00000000000000,    0.00000125395356,    2.66601618820027,    0.00000000000000,    2.66601618820027,   -2.41914303927617,    0.00000000000000,
  165,    5,    0.51406250000000,    0.01406250000000,    2.66835712033742,    0.00000000000000,    2.66835712033742,    0.00000046993468,    0.00000000000000,    0.00000125395356,    2.66601618820027,    0.00000000000000,    2.66601618820027,   -2.41914303927617,    0.00000000000000,
  166,    1,    0.51718750000000,    0.00156250000000,    2.66803624291434,    0.00000000000000,    2.66803624291434,    0.00000057422438,    0.00000000000000,    0.00000153205145,    2.66569504231249,    0.00000000000000,    2.66569504231249,   -2.95589927105282,    0.00000000000000,
  166,    2,    0.51718750000000,    0.00468750000000,    2.66803624291434,    0.00000000000000,    2.66803624291434,    0.00000057422438,    0.00000000000000,    0.00000153205145,    2.66569504231249,    0.00000000000000,    2.66569504231249,   -2.95589927105282,    0.00000000000000,
  166,    3,    0.51718750000000,    0.00781250000000,    2.66803624291434,    0.00000000000000,    2.66803624291434,    0.00000057422438,    0.00000000000000,    0.00000153205145,    2.66569504231249,    0.00000000000000,    2.66569504231249,   -2.95589927105282,    0.00000000000000,
  166,    4,    0.51718750000000,    0.01093750000000,    2.66803624291434,    0.00000000000000,    2.66803624291434,    0.00000057422438,    0.00000000000000,    0.00000153205145,    2.66569504231249,    0.00000000000000,    2.66569504231249,   -2.95589927105282,    0.00000000000000,
  166,    5,    0.51718750000000,    0.01406250000000,    2.66803624291434,    0.00000000000000,    2.66803624291434,    0.00000057422438,    0.00000000000000,    0.00000153205145,    2.66569504231249,    0.00000000000000,    2.66569504231249,   -2.95589927105282,    0.00000000000000,
  167,    1,    0.52031250000000,    0.00156250000000,    2.66765125813880,    0.00000000000000,    2.66765125813880,    0.00000067842990,    0.00000000000000,    0.00000180981438,    2.66530973535099,    0.00000000000000,    2.66530973535099,   -3.49215717581462,    0.00000000000000,
  167,    2,    0.52031250000000,    0.00468750000000,    2.66765125813880,    0.00000000000000,    2.66765125813880,    0.00000067842990,    0.00000000000000,    0.00000180981438,    2.66530973535099,    0.00000000000000,    2.66530973535099,   -3.49215717581462,    0.00000000000000,
  167,    3,    0.52031250000000,    0.00781250000000,    2.66765125813880,    0.00000000000000,    2.66765125813880,    0.00000067842990,    0.00000000000000,    0.00000180981438,    2.66530973535099,    0.00000000000000,    2.66530973535099,   -3.49215717581462,    0.00000000000000,
  167,    4,    0.52031250000000,    0.01093750000000,    2.66765125813880,    0.00000000000000,    2.66765125813880,    0.00000067842990,    0.00000000000000,    0.00000180981438,    2.66530973535099,    0.00000000000000,    2.66530973535099,   -3.49215717581462,    0.00000000000000,
  167,    5,    0.52031250000000,    0.01406250000000,    2.66765125813880,    0.00000000000000,    2.66765125813880,    0.00000067842990,    0.00000000000000,    0.00000180981438,    2.66530973535099,    0.00000000000000,    2.66530973535099,   -3.49215717581462,    0.00000000000000,
  168,    1,    0.52343750000000,    0.00156250000000,    2.66720220316302,    0.00000000000000,    2.66720220316302,    0.00000078253592,    0.00000000000000,    0.00000208718152,    2.66486030445246,    0.00000000000000,    2.66486030445246,   -4.02782645681625,    0.00000000000000,
  168,    2,    0.52343750000000,    0.00468750000000,    2.66720220316302,    0.00000000000000,    2.66720220316302,    0.00000078253592,    0.00000000000000,    0.00000208718152,    2.66486030445246,    0.00000000000000,    2.66486030445246,   -4.02782645681625,    0.00000000000000,
  168,    3,    0.52343750000000,    0.00781250000000,    2.66720220316302,    0.00000000000000,    2.66720220316302,    0.00000078253592,    0.00000000000000,    0.00000208718152,    2.66486030445246,    0.00000000000000,    2.66486030445246,   -4.02782645681625,    0.00000000000000,
  168,    4,    0.52343750000000,    0.01093750000000,    2.66720220316302,    0.00000000000000,    2.66720220316302,    0.00000078253592,    0.00000000000000,    0.00000208718152,    2.66486030445246,    0.00000000000000,    2.66486030445246,   -4.02782645681625,    0.00000000000000,
  168,    5,    0.52343750000000,    0.01406250000000,    2.66720220316302,    0.00000000000000,    2.66720220316302,    0.00000078253592,    0.00000000000000,    0.00000208718152,    2.66486030445246,    0.00000000000000,    2.66486030445246,   -4.02782645681625,    0.00000000000000,
  169,    1,    0.52656250000000,    0.00156250000000,    2.66668912132209,    0.00000000000000,    2.66668912132209,    0.00000088652708,    0.00000000000000,    0.00000236409213,    2.66434679293398,    0.00000000000000,    2.66434679293398,   -4.56281697121233,    0.00000000000000,
  169,    2,    0.52656250000000,    0.00468750000000,    2.66668912132209,    0.00000000000000,    2.66668912132209,    0.00000088652708,    0.00000000000000,    0.00000236409213,    2.66434679293398,    0.00000000000000,    2.66434679293398,   -4.56281697121233,    0.00000000000000,
  169,    3,    0.52656250000000,    0.00781250000000,    2.66668912132209,    0.00000000000000,    2.66668912132209,    0.00000088652708,    0.00000000000000,    0.00000236409213,    2.66434679293398,    0.00000000000000,    2.66434679293398,   -4.56281697121233,    0.00000000000000,
  169,    4,    0.52656250000000,    0.01093750000000,    2.66668912132209,    0.00000000000000,    2.66668912132209,    0.00000088652708,    0.00000000000000,    0.00000236409213,    2.66434679293398,    0.00000000000000,    2.66434679293398,   -4.56281697121233,    0.00000000000000,
  169,    5,    0.52656250000000,    0.01406250000000,    2.66668912132209,    0.00000000000000,    2.66668912132209,    0.00000088652708,    0.00000000000000,    0.00000236409213,    2.66434679293398,    0.00000000000000,    2.66434679293398,   -4.56281697121233,    0.00000000000000,
  170,    1,    0.52968750000000,    0.00156250000000,    2.66611206212992,    0.00000000000000,    2.66611206212992,    0.00000099038803,    0.00000000000000,    0.00000264048548,    2.66376925028887,    0.00000000000000,    2.66376925028887,   -5.09703875359330,    0.00000000000000,
  170,    2,    0.52968750000000,    0.00468750000000,    2.66611206212992,    0.00000000000000,    2.66611206212992,    0.00000099038803,    0.00000000000000,    0.00000264048548,    2.66376925028887,    0.00000000000000,    2.66376925028887,   -5.09703875359330,    0.00000000000000,
  170,    3,    0.52968750000000,    0.00781250000000,    2.66611206212992,    0.00000000000000,    2.66611206212992,    0.00000099038803,    0.00000000000000,    0.00000264048548,    2.66376925028887,    0.00000000000000,    2.66376925028887,   -5.09703875359330,    0.00000000000000,
  170,    4,    0.52968750000000,    0.01093750000000,    2.66611206212992,    0.00000000000000,    2.66611206212992,    0.00000099038803,    0.00000000000000,    0.00000264048548,    2.66376925028887,    0.00000000000000,    2.66376925028887,   -5.09703875359330,    0.00000000000000,
  170,    5,    0.52968750000000,    0.01406250000000,    2.66611206212992,    0.00000000000000,    2.66611206212992,    0.00000099038803,    0.00000000000000,    0.00000264048548,    2.66376925028887,    0.00000000000000,    2.66376925028887,   -5.09703875359330,    0.00000000000000,
  171,    1,    0.53281250000000,    0.00156250000000,    2.66547108127448,    0.00000000000000,    2.66547108127448,    0.00000109410338,    0.00000000000000,    0.00000291630093,    2.66312773218188,    0.00000000000000,    2.66312773218188,   -5.63040203946140,    0.00000000000000,
  171,    2,    0.53281250000000,    0.00468750000000,    2.66547108127448,    0.00000000000000,    2.66547108127448,    0.00000109410338,    0.00000000000000,    0.00000291630093,    2.66312773218188,    0.00000000000000,    2.66312773218188,   -5.63040203946140,    0.00000000000000,
  171,    3,    0.53281250000000,    0.00781250000000,    2.66547108127448,    0.00000000000000,    2.66547108127448,    0.00000109410338,    0.00000000000000,    0.00000291630093,    2.66312773218188,    0.00000000000000,    2.66312773218188,   -5.63040203946140,    0.00000000000000,
  171,    4,    0.53281250000000,    0.01093750000000,    2.66547108127448,    0.00000000000000,    2.66547108127448,    0.00000109410338,    0.00000000000000,    0.00000291630093,    2.66312773218188,    0.00000000000000,    2.66312773218188,   -5.63040203946140,    0.00000000000000,
  171,    5,    0.53281250000000,    0.01406250000000,    2.66547108127448,    0.00000000000000,    2.66547108127448,    0.00000109410338,    0.00000000000000,    0.00000291630093,    2.66312773218188,    0.00000000000000,    2.66312773218188,   -5.63040203946140,    0.00000000000000,
  172,    1,    0.53593750000000,    0.00156250000000,    2.66476624061235,    0.00000000000000,    2.66476624061235,    0.00000119765773,    0.00000000000000,    0.00000319147789,    2.66242230044387,    0.00000000000000,    2.66242230044387,   -6.16281728863786,    0.00000000000000,
  172,    2,    0.53593750000000,    0.00468750000000,    2.66476624061235,    0.00000000000000,    2.66476624061235,    0.00000119765773,    0.00000000000000,    0.00000319147789,    2.66242230044387,    0.00000000000000,    2.66242230044387,   -6.16281728863786,    0.00000000000000,
  172,    3,    0.53593750000000,    0.00781250000000,    2.66476624061235,    0.00000000000000,    2.66476624061235,    0.00000119765773,    0.00000000000000,    0.00000319147789,    2.66242230044387,    0.00000000000000,    2.66242230044387,   -6.16281728863786,    0.00000000000000,
  172,    4,    0.53593750000000,    0.01093750000000,    2.66476624061235,    0.00000000000000,    2.66476624061235,    0.00000119765773,    0.00000000000000,    0.00000319147789,    2.66242230044387,    0.00000000000000,    2.66242230044387,   -6.16281728863786,    0.00000000000000,
  172,    5,    0.53593750000000,    0.01406250000000,    2.66476624061235,    0.00000000000000,    2.66476624061235,    0.00000119765773,    0.00000000000000,    0.00000319147789,    2.66242230044387,    0.00000000000000,    2.66242230044387,   -6.16281728863786,    0.00000000000000,
  173,    1,    0.53906250000000,    0.00156250000000,    2.66399760816280,    0.00000000000000,    2.66399760816280,    0.00000130103565,    0.00000000000000,    0.00000346595587,    2.66165302306581,    0.00000000000000,    2.66165302306581,   -6.69419520859432,    0.00000000000000,
  173,    2,    0.53906250000000,    0.00468750000000,    2.66399760816280,    0.00000000000000,    2.66399760816280,    0.00000130103565,    0.00000000000000,    0.00000346595587,    2.66165302306581,    0.00000000000000,    2.66165302306581,   -6.69419520859432,    0.00000000000000,
  173,    3,    0.53906250000000,    0.00781250000000,    2.66399760816280,    0.00000000000000,    2.66399760816280,    0.00000130103565,    0.00000000000000,    0.00000346595587,    2.66165302306581,    0.00000000000000,    2.66165302306581,   -6.69419520859432,    0.00000000000000,
  173,    4,    0.53906250000000,    0.01093750000000,    2.66399760816280,    0.00000000000000,    2.66399760816280,    0.00000130103565,    0.00000000000000,    0.00000346595587,    2.66165302306581,    0.00000000000000,    2.66165302306581,   -6.69419520859432,    0.00000000000000,
  173,    5,    0.53906250000000,    0.01406250000000,    2.66399760816280,    0.00000000000000,    2.66399760816280,    0.00000130103565,    0.00000000000000,    0.00000346595587,    2.66165302306581,    0.00000000000000,    2.66165302306581,   -6.69419520859432,    0.00000000000000,
  174,    1,    0.54218750000000,    0.00156250000000,    2.66316525810127,    0.00000000000000,    2.66316525810127,    0.00000140422170,    0.00000000000000,    0.00000373967444,    2.66081997419226,    0.00000000000000,    2.66081997419226,   -7.22444677769998,    0.00000000000000,
  174,    2,    0.54218750000000,    0.00468750000000,    2.66316525810127,    0.00000000000000,    2.66316525810127,    0.00000140422170,    0.00000000000000,    0.00000373967444,    2.66081997419226,    0.00000000000000,    2.66081997419226,   -7.22444677769998,    0.00000000000000,
  174,    3,    0.54218750000000,    0.00781250000000,    2.66316525810127,    0.00000000000000,    2.66316525810127,    0.00000140422170,    0.00000000000000,    0.00000373967444,    2.66081997419226,    0.00000000000000,    2.66081997419226,   -7.22444677769998,    0.00000000000000,
  174,    4,    0.54218750000000,    0.01093750000000,    2.66316525810127,    0.00000000000000,    2.66316525810127,    0.00000140422170,    0.00000000000000,    0.00000373967444,    2.66081997419226,    0.00000000000000,    2.66081997419226,   -7.22444677769998,    0.00000000000000,
  174,    5,    0.54218750000000,    0.01406250000000,    2.66316525810127,    0.00000000000000,    2.66316525810127,    0.00000140422170,    0.00000000000000,    0.00000373967444,    2.66081997419226,    0.00000000000000,    2.66081997419226,   -7.22444677769998,    0.00000000000000,
  175,    1,    0.54531250000000,    0.00156250000000,    2.66226927075214,    0.00000000000000,    2.66226927075214,    0.00000150720038,    0.00000000000000,    0.00000401257326,    2.65992323411420,    0.00000000000000,    2.65992323411420,   -7.75348326837667,    0.00000000000000,
  175,    2,    0.54531250000000,    0.00468750000000,    2.66226927075214,    0.00000000000000,    2.66226927075214,    0.00000150720038,    0.00000000000000,    0.00000401257326,    2.65992323411420,    0.00000000000000,    2.65992323411420,   -7.75348326837667,    0.00000000000000,
  175,    3,    0.54531250000000,    0.00781250000000,    2.66226927075214,    0.00000000000000,    2.66226927075214,    0.00000150720038,    0.00000000000000,    0.00000401257326,    2.65992323411420,    0.00000000000000,    2.65992323411420,   -7.75348326837667,    0.00000000000000,
  175,    4,    0.54531250000000,    0.01093750000000,    2.66226927075214,    0.00000000000000,    2.66226927075214,    0.00000150720038,    0.00000000000000,    0.00000401257326,    2.65992323411420,    0.00000000000000,    2.65992323411420,   -7.75348326837667,    0.00000000000000,
  175,    5,    0.54531250000000,    0.01406250000000,    2.66226927075214,    0.00000000000000,    2.66226927075214,    0.00000150720038,    0.00000000000000,    0.00000401257326,    2.65992323411420,    0.00000000000000,    2.65992323411420,   -7.75348326837667,    0.00000000000000,
  176,    1,    0.54843750000000,    0.00156250000000,    2.66130973258107,    0.00000000000000,    2.66130973258107,    0.00000160995620,    0.00000000000000,    0.00000428459211,    2.65896288926131,    0.00000000000000,    2.65896288926131,   -8.28121627015422,    0.00000000000000,
  176,    2,    0.54843750000000,    0.00468750000000,    2.66130973258107,    0.00000000000000,    2.66130973258107,    0.00000160995620,    0.00000000000000,    0.00000428459211,    2.65896288926131,    0.00000000000000,    2.65896288926131,   -8.28121627015422,    0.00000000000000,
  176,    3,    0.54843750000000,    0.00781250000000,    2.66130973258107,    0.00000000000000,    2.66130973258107,    0.00000160995620,    0.00000000000000,    0.00000428459211,    2.65896288926131,    0.00000000000000,    2.65896288926131,   -8.28121627015422,    0.00000000000000,
  176,    4,    0.54843750000000,    0.01093750000000,    2.66130973258107,    0.00000000000000,    2.66130973258107,    0.00000160995620,    0.00000000000000,    0.00000428459211,    2.65896288926131,    0.00000000000000,    2.65896288926131,   -8.28121627015422,    0.00000000000000,
  176,    5,    0.54843750000000,    0.01406250000000,    2.66130973258107,    0.00000000000000,    2.66130973258107,    0.00000160995620,    0.00000000000000,    0.00000428459211,    2.65896288926131,    0.00000000000000,    2.65896288926131,   -8.28121627015422,    0.00000000000000,
  177,    1,    0.55156250000000,    0.00156250000000,    2.66028673618655,    0.00000000000000,    2.66028673618655,    0.00000171247362,    0.00000000000000,    0.00000455567087,    2.65793903219363,    0.00000000000000,    2.65793903219363,   -8.80755771261803,    0.00000000000000,
  177,    2,    0.55156250000000,    0.00468750000000,    2.66028673618655,    0.00000000000000,    2.66028673618655,    0.00000171247362,    0.00000000000000,    0.00000455567087,    2.65793903219363,    0.00000000000000,    2.65793903219363,   -8.80755771261803,    0.00000000000000,
  177,    3,    0.55156250000000,    0.00781250000000,    2.66028673618655,    0.00000000000000,    2.66028673618655,    0.00000171247362,    0.00000000000000,    0.00000455567087,    2.65793903219363,    0.00000000000000,    2.65793903219363,   -8.80755771261803,    0.00000000000000,
  177,    4,    0.55156250000000,    0.01093750000000,    2.66028673618655,    0.00000000000000,    2.66028673618655,    0.00000171247362,    0.00000000000000,    0.00000455567087,    2.65793903219363,    0.00000000000000,    2.65793903219363,   -8.80755771261803,    0.00000000000000,
  177,    5,    0.55156250000000,    0.01406250000000,    2.66028673618655,    0.00000000000000,    2.66028673618655,    0.00000171247362,    0.00000000000000,    0.00000455567087,    2.65793903219363,    0.00000000000000,    2.65793903219363,   -8.80755771261803,    0.00000000000000,
  178,    1,    0.55468750000000,    0.00156250000000,    2.65920038029116,    0.00000000000000,    2.65920038029116,    0.00000181473707,    0.00000000000000,    0.00000482574951,    2.65685176159263,    0.00000000000000,    2.65685176159263,   -9.33241988824127,    0.00000000000000,
  178,    2,    0.55468750000000,    0.00468750000000,    2.65920038029116,    0.00000000000000,    2.65920038029116,    0.00000181473707,    0.00000000000000,    0.00000482574951,    2.65685176159263,    0.00000000000000,    2.65685176159263,   -9.33241988824127,    0.00000000000000,
  178,    3,    0.55468750000000,    0.00781250000000,    2.65920038029116,    0.00000000000000,    2.65920038029116,    0.00000181473707,    0.00000000000000,    0.00000482574951,    2.65685176159263,    0.00000000000000,    2.65685176159263,   -9.33241988824127,    0.00000000000000,
  178,    4,    0.55468750000000,    0.01093750000000,    2.65920038029116,    0.00000000000000,    2.65920038029116,    0.00000181473707,    0.00000000000000,    0.00000482574951,    2.65685176159263,    0.00000000000000,    2.65685176159263,   -9.33241988824127,    0.00000000000000,
  178,    5,    0.55468750000000,    0.01406250000000,    2.65920038029116,    0.00000000000000,    2.65920038029116,    0.00000181473707,    0.00000000000000,    0.00000482574951,    2.65685176159263,    0.00000000000000,    2.65685176159263,   -9.33241988824127,    0.00000000000000,
  179,    1,    0.55781250000000,    0.00156250000000,    2.65805076973185,    0.00000000000000,    2.65805076973185,    0.00000191673094,    0.00000000000000,    0.00000509476815,    2.65570118225171,    0.00000000000000,    2.65570118225171,   -9.85571547509394,    0.00000000000000,
  179,    2,    0.55781250000000,    0.00468750000000,    2.65805076973185,    0.00000000000000,    2.65805076973185,    0.00000191673094,    0.00000000000000,    0.00000509476815,    2.65570118225171,    0.00000000000000,    2.65570118225171,   -9.85571547509394,    0.00000000000000,
  179,    3,    0.55781250000000,    0.00781250000000,    2.65805076973185,    0.00000000000000,    2.65805076973185,    0.00000191673094,    0.00000000000000,    0.00000509476815,    2.65570118225171,    0.00000000000000,    2.65570118225171,   -9.85571547509394,    0.00000000000000,
  179,    4,    0.55781250000000,    0.01093750000000,    2.65805076973185,    0.00000000000000,    2.65805076973185,    0.00000191673094,    0.00000000000000,    0.00000509476815,    2.65570118225171,    0.00000000000000,    2.65570118225171,   -9.85571547509394,    0.00000000000000,
  179,    5,    0.55781250000000,    0.01406250000000,    2.65805076973185,    0.00000000000000,    2.65805076973185,    0.00000191673094,    0.00000000000000,    0.00000509476815,    2.65570118225171,    0.00000000000000,    2.65570118225171,   -9.85571547509394,    0.00000000000000,
  180,    1,    0.56093750000000,    0.00156250000000,    2.65683801544998,    0.00000000000000,    2.65683801544998,    0.00000201843958,    0.00000000000000,    0.00000536266702,    2.65448740506610,    0.00000000000000,    2.65448740506610,  -10.37735755942098,    0.00000000000000,
  180,    2,    0.56093750000000,    0.00468750000000,    2.65683801544998,    0.00000000000000,    2.65683801544998,    0.00000201843958,    0.00000000000000,    0.00000536266702,    2.65448740506610,    0.00000000000000,    2.65448740506610,  -10.37735755942098,    0.00000000000000,
  180,    3,    0.56093750000000,    0.00781250000000,    2.65683801544998,    0.00000000000000,    2.65683801544998,    0.00000201843958,    0.00000000000000,    0.00000536266702,    2.65448740506610,    0.00000000000000,    2.65448740506610,  -10.37735755942098,    0.00000000000000,
  180,    4,    0.56093750000000,    0.01093750000000,    2.65683801544998,    0.00000000000000,    2.65683801544998,    0.00000201843958,    0.00000000000000,    0.00000536266702,    2.65448740506610,    0.00000000000000,    2.65448740506610,  -10.37735755942098,    0.00000000000000,
  180,    5,    0.56093750000000,    0.01406250000000,    2.65683801544998,    0.00000000000000,    2.65683801544998,    0.00000201843958,    0.00000000000000,    0.00000536266702,    2.65448740506610,    0.00000000000000,    2.65448740506610,  -10.37735755942098,    0.00000000000000,
  181,    1,    0.56406250000000,    0.00156250000000,    2.65556223448057,    0.00000000000000,    2.65556223448057,    0.00000211984733,    0.00000000000000,    0.00000562938650,    2.65321054702218,    0.00000000000000,    2.65321054702218,  -10.89725965808203,    0.00000000000000,
  181,    2,    0.56406250000000,    0.00468750000000,    2.65556223448057,    0.00000000000000,    2.65556223448057,    0.00000211984733,    0.00000000000000,    0.00000562938650,    2.65321054702218,    0.00000000000000,    2.65321054702218,  -10.89725965808203,    0.00000000000000,
  181,    3,    0.56406250000000,    0.00781250000000,    2.65556223448057,    0.00000000000000,    2.65556223448057,    0.00000211984733,    0.00000000000000,    0.00000562938650,    2.65321054702218,    0.00000000000000,    2.65321054702218,  -10.89725965808203,    0.00000000000000,
  181,    4,    0.56406250000000,    0.01093750000000,    2.65556223448057,    0.00000000000000,    2.65556223448057,    0.00000211984733,    0.00000000000000,    0.00000562938650,    2.65321054702218,    0.00000000000000,    2.65321054702218,  -10.89725965808203,    0.00000000000000,
  181,    5,    0.56406250000000,    0.01406250000000,    2.65556223448057,    0.00000000000000,    2.65556223448057,    0.00000211984733,    0.00000000000000,    0.00000562938650,    2.65321054702218,    0.00000000000000,    2.65321054702218,  -10.89725965808203,    0.00000000000000,
  182,    1,    0.56718750000000,    0.00156250000000,    2.65422354994098,    0.00000000000000,    2.65422354994098,    0.00000222093844,    0.00000000000000,    0.00000589486711,    2.65187073118619,    0.00000000000000,    2.65187073118619,  -11.41533574084491,    0.00000000000000,
  182,    2,    0.56718750000000,    0.00468750000000,    2.65422354994098,    0.00000000000000,    2.65422354994098,    0.00000222093844,    0.00000000000000,    0.00000589486711,    2.65187073118619,    0.00000000000000,    2.65187073118619,  -11.41533574084491,    0.00000000000000,
  182,    3,    0.56718750000000,    0.00781250000000,    2.65422354994098,    0.00000000000000,    2.65422354994098,    0.00000222093844,    0.00000000000000,    0.00000589486711,    2.65187073118619,    0.00000000000000,    2.65187073118619,  -11.41533574084491,    0.00000000000000,
  182,    4,    0.56718750000000,    0.01093750000000,    2.65422354994098,    0.00000000000000,    2.65422354994098,    0.00000222093844,    0.00000000000000,    0.00000589486711,    2.65187073118619,    0.00000000000000,    2.65187073118619,  -11.41533574084491,    0.00000000000000,
  182,    5,    0.56718750000000,    0.01406250000000,    2.65422354994098,    0.00000000000000,    2.65422354994098,    0.00000222093844,    0.00000000000000,    0.00000589486711,    2.65187073118619,    0.00000000000000,    2.65187073118619,  -11.41533574084491,    0.00000000000000,
  183,    1,    0.57031250000000,    0.00156250000000,    2.65282209101908,    0.00000000000000,    2.65282209101908,    0.00000232169717,    0.00000000000000,    0.00000615904954,    2.65046808669235,    0.00000000000000,    2.65046808669235,  -11.93150025252566,    0.00000000000000,
  183,    2,    0.57031250000000,    0.00468750000000,    2.65282209101908,    0.00000000000000,    2.65282209101908,    0.00000232169717,    0.00000000000000,    0.00000615904954,    2.65046808669235,    0.00000000000000,    2.65046808669235,  -11.93150025252566,    0.00000000000000,
  183,    3,    0.57031250000000,    0.00781250000000,    2.65282209101908,    0.00000000000000,    2.65282209101908,    0.00000232169717,    0.00000000000000,    0.00000615904954,    2.65046808669235,    0.00000000000000,    2.65046808669235,  -11.93150025252566,    0.00000000000000,
  183,    4,    0.57031250000000,    0.01093750000000,    2.65282209101908,    0.00000000000000,    2.65282209101908,    0.00000232169717,    0.00000000000000,    0.00000615904954,    2.65046808669235,    0.00000000000000,    2.65046808669235,  -11.93150025252566,    0.00000000000000,
  183,    5,    0.57031250000000,    0.01406250000000,    2.65282209101908,    0.00000000000000,    2.65282209101908,    0.00000232169717,    0.00000000000000,    0.00000615904954,    2.65046808669235,    0.00000000000000,    2.65046808669235,  -11.93150025252566,    0.00000000000000,
  184,    1,    0.57343750000000,    0.00156250000000,    2.65135799296086,    0.00000000000000,    2.65135799296086,    0.00000242210770,    0.00000000000000,    0.00000642187461,    2.64900274873047,    0.00000000000000,    2.64900274873047,  -12.44566813496759,    0.00000000000000,
  184,    2,    0.57343750000000,    0.00468750000000,    2.65135799296086,    0.00000000000000,    2.65135799296086,    0.00000242210770,    0.00000000000000,    0.00000642187461,    2.64900274873047,    0.00000000000000,    2.64900274873047,  -12.44566813496759,    0.00000000000000,
  184,    3,    0.57343750000000,    0.00781250000000,    2.65135799296086,    0.00000000000000,    2.65135799296086,    0.00000242210770,    0.00000000000000,    0.00000642187461,    2.64900274873047,    0.00000000000000,    2.64900274873047,  -12.44566813496759,    0.00000000000000,
  184,    4,    0.57343750000000,    0.01093750000000,    2.65135799296086,    0.00000000000000,    2.65135799296086,    0.00000242210770,    0.00000000000000,    0.00000642187461,    2.64900274873047,    0.00000000000000,    2.64900274873047,  -12.44566813496759,    0.00000000000000,
  184,    5,    0.57343750000000,    0.01406250000000,    2.65135799296086,    0.00000000000000,    2.65135799296086,    0.00000242210770,    0.00000000000000,    0.00000642187461,    2.64900274873047,    0.00000000000000,    2.64900274873047,  -12.44566813496759,    0.00000000000000,
  185,    1,    0.57656250000000,    0.00156250000000,    2.64983139705726,    0.00000000000000,    2.64983139705726,    0.00000252215418,    0.00000000000000,    0.00000668328333,    2.64747485853287,    0.00000000000000,    2.64747485853287,  -12.95775484885148,    0.00000000000000,
  185,    2,    0.57656250000000,    0.00468750000000,    2.64983139705726,    0.00000000000000,    2.64983139705726,    0.00000252215418,    0.00000000000000,    0.00000668328333,    2.64747485853287,    0.00000000000000,    2.64747485853287,  -12.95775484885148,    0.00000000000000,
  185,    3,    0.57656250000000,    0.00781250000000,    2.64983139705726,    0.00000000000000,    2.64983139705726,    0.00000252215418,    0.00000000000000,    0.00000668328333,    2.64747485853287,    0.00000000000000,    2.64747485853287,  -12.95775484885148,    0.00000000000000,
  185,    4,    0.57656250000000,    0.01093750000000,    2.64983139705726,    0.00000000000000,    2.64983139705726,    0.00000252215418,    0.00000000000000,    0.00000668328333,    2.64747485853287,    0.00000000000000,    2.64747485853287,  -12.95775484885148,    0.00000000000000,
  185,    5,    0.57656250000000,    0.01406250000000,    2.64983139705726,    0.00000000000000,    2.64983139705726,    0.00000252215418,    0.00000000000000,    0.00000668328333,    2.64747485853287,    0.00000000000000,    2.64747485853287,  -12.95775484885148,    0.00000000000000,
  186,    1,    0.57968750000000,    0.00156250000000,    2.64824245063067,    0.00000000000000,    2.64824245063067,    0.00000262182071,    0.00000000000000,    0.00000694321690,    2.64588456336079,    0.00000000000000,    2.64588456336079,  -13.46767639533037,    0.00000000000000,
  186,    2,    0.57968750000000,    0.00468750000000,    2.64824245063067,    0.00000000000000,    2.64824245063067,    0.00000262182071,    0.00000000000000,    0.00000694321690,    2.64588456336079,    0.00000000000000,    2.64588456336079,  -13.46767639533037,    0.00000000000000,
  186,    3,    0.57968750000000,    0.00781250000000,    2.64824245063067,    0.00000000000000,    2.64824245063067,    0.00000262182071,    0.00000000000000,    0.00000694321690,    2.64588456336079,    0.00000000000000,    2.64588456336079,  -13.46767639533037,    0.00000000000000,
  186,    4,    0.57968750000000,    0.01093750000000,    2.64824245063067,    0.00000000000000,    2.64824245063067,    0.00000262182071,    0.00000000000000,    0.00000694321690,    2.64588456336079,    0.00000000000000,    2.64588456336079,  -13.46767639533037,    0.00000000000000,
  186,    5,    0.57968750000000,    0.01406250000000,    2.64824245063067,    0.00000000000000,    2.64824245063067,    0.00000262182071,    0.00000000000000,    0.00000694321690,    2.64588456336079,    0.00000000000000,    2.64588456336079,  -13.46767639533037,    0.00000000000000,
  187,    1,    0.58281250000000,    0.00156250000000,    2.64659130702066,    0.00000000000000,    2.64659130702066,    0.00000272109134,    0.00000000000000,    0.00000720161669,    2.64423201649018,    0.00000000000000,    2.64423201649018,  -13.97534933748090,    0.00000000000000,
  187,    2,    0.58281250000000,    0.00468750000000,    2.64659130702066,    0.00000000000000,    2.64659130702066,    0.00000272109134,    0.00000000000000,    0.00000720161669,    2.64423201649018,    0.00000000000000,    2.64423201649018,  -13.97534933748090,    0.00000000000000,
  187,    3,    0.58281250000000,    0.00781250000000,    2.64659130702066,    0.00000000000000,    2.64659130702066,    0.00000272109134,    0.00000000000000,    0.00000720161669,    2.64423201649018,    0.00000000000000,    2.64423201649018,  -13.97534933748090,    0.00000000000000,
  187,    4,    0.58281250000000,    0.01093750000000,    2.64659130702066,    0.00000000000000,    2.64659130702066,    0.00000272109134,    0.00000000000000,    0.00000720161669,    2.64423201649018,    0.00000000000000,    2.64423201649018,  -13.97534933748090,    0.00000000000000,
  187,    5,    0.58281250000000,    0.01406250000000,    2.64659130702066,    0.00000000000000,    2.64659130702066,    0.00000272109134,    0.00000000000000,    0.00000720161669,    2.64423201649018,    0.00000000000000,    2.64423201649018,  -13.97534933748090,    0.00000000000000,
  188,    1,    0.58593750000000,    0.00156250000000,    2.64487812556916,    0.00000000000000,    2.64487812556916,    0.00000281995007,    0.00000000000000,    0.00000745842426,    2.64251737719696,    0.00000000000000,    2.64251737719696,  -14.48069082156451,    0.00000000000000,
  188,    2,    0.58593750000000,    0.00468750000000,    2.64487812556916,    0.00000000000000,    2.64487812556916,    0.00000281995007,    0.00000000000000,    0.00000745842426,    2.64251737719696,    0.00000000000000,    2.64251737719696,  -14.48069082156451,    0.00000000000000,
  188,    3,    0.58593750000000,    0.00781250000000,    2.64487812556916,    0.00000000000000,    2.64487812556916,    0.00000281995007,    0.00000000000000,    0.00000745842426,    2.64251737719696,    0.00000000000000,    2.64251737719696,  -14.48069082156451,    0.00000000000000,
  188,    4,    0.58593750000000,    0.01093750000000,    2.64487812556916,    0.00000000000000,    2.64487812556916,    0.00000281995007,    0.00000000000000,    0.00000745842426,    2.64251737719696,    0.00000000000000,    2.64251737719696,  -14.48069082156451,    0.00000000000000,
  188,    5,    0.58593750000000,    0.01406250000000,    2.64487812556916,    0.00000000000000,    2.64487812556916,    0.00000281995007,    0.00000000000000,    0.00000745842426,    2.64251737719696,    0.00000000000000,    2.64251737719696,  -14.48069082156451,    0.00000000000000,
  189,    1,    0.58906250000000,    0.00156250000000,    2.64310307160524,    0.00000000000000,    2.64310307160524,    0.00000291838086,    0.00000000000000,    0.00000771358141,    2.64074081074162,    0.00000000000000,    2.64074081074162,  -14.98361859809107,    0.00000000000000,
  189,    2,    0.58906250000000,    0.00468750000000,    2.64310307160524,    0.00000000000000,    2.64310307160524,    0.00000291838086,    0.00000000000000,    0.00000771358141,    2.64074081074162,    0.00000000000000,    2.64074081074162,  -14.98361859809107,    0.00000000000000,
  189,    3,    0.58906250000000,    0.00781250000000,    2.64310307160524,    0.00000000000000,    2.64310307160524,    0.00000291838086,    0.00000000000000,    0.00000771358141,    2.64074081074162,    0.00000000000000,    2.64074081074162,  -14.98361859809107,    0.00000000000000,
  189,    4,    0.58906250000000,    0.01093750000000,    2.64310307160524,    0.00000000000000,    2.64310307160524,    0.00000291838086,    0.00000000000000,    0.00000771358141,    2.64074081074162,    0.00000000000000,    2.64074081074162,  -14.98361859809107,    0.00000000000000,
  189,    5,    0.58906250000000,    0.01406250000000,    2.64310307160524,    0.00000000000000,    2.64310307160524,    0.00000291838086,    0.00000000000000,    0.00000771358141,    2.64074081074162,    0.00000000000000,    2.64074081074162,  -14.98361859809107,    0.00000000000000,
  190,    1,    0.59218750000000,    0.00156250000000,    2.64126631642907,    0.00000000000000,    2.64126631642907,    0.00000301636759,    0.00000000000000,    0.00000796703011,    2.63890248835334,    0.00000000000000,    2.63890248835334,  -15.48405104267787,    0.00000000000000,
  190,    2,    0.59218750000000,    0.00468750000000,    2.64126631642907,    0.00000000000000,    2.64126631642907,    0.00000301636759,    0.00000000000000,    0.00000796703011,    2.63890248835334,    0.00000000000000,    2.63890248835334,  -15.48405104267787,    0.00000000000000,
  190,    3,    0.59218750000000,    0.00781250000000,    2.64126631642907,    0.00000000000000,    2.64126631642907,    0.00000301636759,    0.00000000000000,    0.00000796703011,    2.63890248835334,    0.00000000000000,    2.63890248835334,  -15.48405104267787,    0.00000000000000,
  190,    4,    0.59218750000000,    0.01093750000000,    2.64126631642907,    0.00000000000000,    2.64126631642907,    0.00000301636759,    0.00000000000000,    0.00000796703011,    2.63890248835334,    0.00000000000000,    2.63890248835334,  -15.48405104267787,    0.00000000000000,
  190,    5,    0.59218750000000,    0.01406250000000,    2.64126631642907,    0.00000000000000,    2.64126631642907,    0.00000301636759,    0.00000000000000,    0.00000796703011,    2.63890248835334,    0.00000000000000,    2.63890248835334,  -15.48405104267787,    0.00000000000000,
  191,    1,    0.59531250000000,    0.00156250000000,    2.63936803729538,    0.00000000000000,    2.63936803729538,    0.00000311389411,    0.00000000000000,    0.00000821871259,    2.63700258721346,    0.00000000000000,    2.63700258721346,  -15.98190717669736,    0.00000000000000,
  191,    2,    0.59531250000000,    0.00468750000000,    2.63936803729538,    0.00000000000000,    2.63936803729538,    0.00000311389411,    0.00000000000000,    0.00000821871259,    2.63700258721346,    0.00000000000000,    2.63700258721346,  -15.98190717669736,    0.00000000000000,
  191,    3,    0.59531250000000,    0.00781250000000,    2.63936803729538,    0.00000000000000,    2.63936803729538,    0.00000311389411,    0.00000000000000,    0.00000821871259,    2.63700258721346,    0.00000000000000,    2.63700258721346,  -15.98190717669736,    0.00000000000000,
  191,    4,    0.59531250000000,    0.01093750000000,    2.63936803729538,    0.00000000000000,    2.63936803729538,    0.00000311389411,    0.00000000000000,    0.00000821871259,    2.63700258721346,    0.00000000000000,    2.63700258721346,  -15.98190717669736,    0.00000000000000,
  191,    5,    0.59531250000000,    0.01406250000000,    2.63936803729538,    0.00000000000000,    2.63936803729538,    0.00000311389411,    0.00000000000000,    0.00000821871259,    2.63700258721346,    0.00000000000000,    2.63700258721346,  -15.98190717669736,    0.00000000000000,
  192,    1,    0.59843750000000,    0.00156250000000,    2.63740841739640,    0.00000000000000,    2.63740841739640,    0.00000321094422,    0.00000000000000,    0.00000846857130,    2.63504129043840,    0.00000000000000,    2.63504129043840,  -16.47710668770597,    0.00000000000000,
  192,    2,    0.59843750000000,    0.00468750000000,    2.63740841739640,    0.00000000000000,    2.63740841739640,    0.00000321094422,    0.00000000000000,    0.00000846857130,    2.63504129043840,    0.00000000000000,    2.63504129043840,  -16.47710668770597,    0.00000000000000,
  192,    3,    0.59843750000000,    0.00781250000000,    2.63740841739640,    0.00000000000000,    2.63740841739640,    0.00000321094422,    0.00000000000000,    0.00000846857130,    2.63504129043840,    0.00000000000000,    2.63504129043840,  -16.47710668770597,    0.00000000000000,
  192,    4,    0.59843750000000,    0.01093750000000,    2.63740841739640,    0.00000000000000,    2.63740841739640,    0.00000321094422,    0.00000000000000,    0.00000846857130,    2.63504129043840,    0.00000000000000,    2.63504129043840,  -16.47710668770597,    0.00000000000000,
  192,    5,    0.59843750000000,    0.01406250000000,    2.63740841739640,    0.00000000000000,    2.63740841739640,    0.00000321094422,    0.00000000000000,    0.00000846857130,    2.63504129043840,    0.00000000000000,    2.63504129043840,  -16.47710668770597,    0.00000000000000,
  193,    1,    0.60156250000000,    0.00156250000000,    2.63538764584430,    0.00000000000000,    2.63538764584430,    0.00000330750163,    0.00000000000000,    0.00000871654894,    2.63301878706202,    0.00000000000000,    2.63301878706202,  -16.96956994964799,    0.00000000000000,
  193,    2,    0.60156250000000,    0.00468750000000,    2.63538764584430,    0.00000000000000,    2.63538764584430,    0.00000330750163,    0.00000000000000,    0.00000871654894,    2.63301878706202,    0.00000000000000,    2.63301878706202,  -16.96956994964799,    0.00000000000000,
  193,    3,    0.60156250000000,    0.00781250000000,    2.63538764584430,    0.00000000000000,    2.63538764584430,    0.00000330750163,    0.00000000000000,    0.00000871654894,    2.63301878706202,    0.00000000000000,    2.63301878706202,  -16.96956994964799,    0.00000000000000,
  193,    4,    0.60156250000000,    0.01093750000000,    2.63538764584430,    0.00000000000000,    2.63538764584430,    0.00000330750163,    0.00000000000000,    0.00000871654894,    2.63301878706202,    0.00000000000000,    2.63301878706202,  -16.96956994964799,    0.00000000000000,
  193,    5,    0.60156250000000,    0.01406250000000,    2.63538764584430,    0.00000000000000,    2.63538764584430,    0.00000330750163,    0.00000000000000,    0.00000871654894,    2.63301878706202,    0.00000000000000,    2.63301878706202,  -16.96956994964799,    0.00000000000000,
  194,    1,    0.60468750000000,    0.00156250000000,    2.63330591765278,    0.00000000000000,    2.63330591765278,    0.00000340355003,    0.00000000000000,    0.00000896258844,    2.63093527201743,    0.00000000000000,    2.63093527201743,  -17.45921804282731,    0.00000000000000,
  194,    2,    0.60468750000000,    0.00468750000000,    2.63330591765278,    0.00000000000000,    2.63330591765278,    0.00000340355003,    0.00000000000000,    0.00000896258844,    2.63093527201743,    0.00000000000000,    2.63093527201743,  -17.45921804282731,    0.00000000000000,
  194,    3,    0.60468750000000,    0.00781250000000,    2.63330591765278,    0.00000000000000,    2.63330591765278,    0.00000340355003,    0.00000000000000,    0.00000896258844,    2.63093527201743,    0.00000000000000,    2.63093527201743,  -17.45921804282731,    0.00000000000000,
  194,    4,    0.60468750000000,    0.01093750000000,    2.63330591765278,    0.00000000000000,    2.63330591765278,    0.00000340355003,    0.00000000000000,    0.00000896258844,    2.63093527201743,    0.00000000000000,    2.63093527201743,  -17.45921804282731,    0.00000000000000,
  194,    5,    0.60468750000000,    0.01406250000000,    2.63330591765278,    0.00000000000000,    2.63330591765278,    0.00000340355003,    0.00000000000000,    0.00000896258844,    2.63093527201743,    0.00000000000000,    2.63093527201743,  -17.45921804282731,    0.00000000000000,
  195,    1,    0.60781250000000,    0.00156250000000,    2.63116343371840,    0.00000000000000,    2.63116343371840,    0.00000349907303,    0.00000000000000,    0.00000920663302,    2.62879094611812,    0.00000000000000,    2.62879094611812,  -17.94597277364025,    0.00000000000000,
  195,    2,    0.60781250000000,    0.00468750000000,    2.63116343371840,    0.00000000000000,    2.63116343371840,    0.00000349907303,    0.00000000000000,    0.00000920663302,    2.62879094611812,    0.00000000000000,    2.62879094611812,  -17.94597277364025,    0.00000000000000,
  195,    3,    0.60781250000000,    0.00781250000000,    2.63116343371840,    0.00000000000000,    2.63116343371840,    0.00000349907303,    0.00000000000000,    0.00000920663302,    2.62879094611812,    0.00000000000000,    2.62879094611812,  -17.94597277364025,    0.00000000000000,
  195,    4,    0.60781250000000,    0.01093750000000,    2.63116343371840,    0.00000000000000,    2.63116343371840,    0.00000349907303,    0.00000000000000,    0.00000920663302,    2.62879094611812,    0.00000000000000,    2.62879094611812,  -17.94597277364025,    0.00000000000000,
  195,    5,    0.60781250000000,    0.01406250000000,    2.63116343371840,    0.00000000000000,    2.63116343371840,    0.00000349907303,    0.00000000000000,    0.00000920663302,    2.62879094611812,    0.00000000000000,    2.62879094611812,  -17.94597277364025,    0.00000000000000,
  196,    1,    0.61093750000000,    0.00156250000000,    2.62896040080116,    0.00000000000000,    2.62896040080116,    0.00000359405419,    0.00000000000000,    0.00000944862615,    2.62658601603869,    0.00000000000000,    2.62658601603869,  -18.42975669406331,    0.00000000000000,
  196,    2,    0.61093750000000,    0.00468750000000,    2.62896040080116,    0.00000000000000,    2.62896040080116,    0.00000359405419,    0.00000000000000,    0.00000944862615,    2.62658601603869,    0.00000000000000,    2.62658601603869,  -18.42975669406331,    0.00000000000000,
  196,    3,    0.61093750000000,    0.00781250000000,    2.62896040080116,    0.00000000000000,    2.62896040080116,    0.00000359405419,    0.00000000000000,    0.00000944862615,    2.62658601603869,    0.00000000000000,    2.62658601603869,  -18.42975669406331,    0.00000000000000,
  196,    4,    0.61093750000000,    0.01093750000000,    2.62896040080116,    0.00000000000000,    2.62896040080116,    0.00000359405419,    0.00000000000000,    0.00000944862615,    2.62658601603869,    0.00000000000000,    2.62658601603869,  -18.42975669406331,    0.00000000000000,
  196,    5,    0.61093750000000,    0.01406250000000,    2.62896040080116,    0.00000000000000,    2.62896040080116,    0.00000359405419,    0.00000000000000,    0.00000944862615,    2.62658601603869,    0.00000000000000,    2.62658601603869,  -18.42975669406331,    0.00000000000000,
  197,    1,    0.61406250000000,    0.00156250000000,    2.62669703150461,    0.00000000000000,    2.62669703150461,    0.00000368847701,    0.00000000000000,    0.00000968851161,    2.62432069429489,    0.00000000000000,    2.62432069429489,  -18.91049312088912,    0.00000000000000,
  197,    2,    0.61406250000000,    0.00468750000000,    2.62669703150461,    0.00000000000000,    2.62669703150461,    0.00000368847701,    0.00000000000000,    0.00000968851161,    2.62432069429489,    0.00000000000000,    2.62432069429489,  -18.91049312088912,    0.00000000000000,
  197,    3,    0.61406250000000,    0.00781250000000,    2.62669703150461,    0.00000000000000,    2.62669703150461,    0.00000368847701,    0.00000000000000,    0.00000968851161,    2.62432069429489,    0.00000000000000,    2.62432069429489,  -18.91049312088912,    0.00000000000000,
  197,    4,    0.61406250000000,    0.01093750000000,    2.62669703150461,    0.00000000000000,    2.62669703150461,    0.00000368847701,    0.00000000000000,    0.00000968851161,    2.62432069429489,    0.00000000000000,    2.62432069429489,  -18.91049312088912,    0.00000000000000,
  197,    5,    0.61406250000000,    0.01406250000000,    2.62669703150461,    0.00000000000000,    2.62669703150461,    0.00000368847701,    0.00000000000000,    0.00000968851161,    2.62432069429489,    0.00000000000000,    2.62432069429489,  -18.91049312088912,    0.00000000000000,
  198,    1,    0.61718750000000,    0.00156250000000,    2.62437354425527,    0.00000000000000,    2.62437354425527,    0.00000378232492,    0.00000000000000,    0.00000992623345,    2.62199519922316,    0.00000000000000,    2.62199519922316,  -19.38810615470396,    0.00000000000000,
  198,    2,    0.61718750000000,    0.00468750000000,    2.62437354425527,    0.00000000000000,    2.62437354425527,    0.00000378232492,    0.00000000000000,    0.00000992623345,    2.62199519922316,    0.00000000000000,    2.62199519922316,  -19.38810615470396,    0.00000000000000,
  198,    3,    0.61718750000000,    0.00781250000000,    2.62437354425527,    0.00000000000000,    2.62437354425527,    0.00000378232492,    0.00000000000000,    0.00000992623345,    2.62199519922316,    0.00000000000000,    2.62199519922316,  -19.38810615470396,    0.00000000000000,
  198,    4,    0.61718750000000,    0.01093750000000,    2.62437354425527,    0.00000000000000,    2.62437354425527,    0.00000378232492,    0.00000000000000,    0.00000992623345,    2.62199519922316,    0.00000000000000,    2.62199519922316,  -19.38810615470396,    0.00000000000000,
  198,    5,    0.61718750000000,    0.01406250000000,    2.62437354425527,    0.00000000000000,    2.62437354425527,    0.00000378232492,    0.00000000000000,    0.00000992623345,    2.62199519922316,    0.00000000000000,    2.62199519922316,  -19.38810615470396,    0.00000000000000,
  199,    1,    0.62031250000000,    0.00156250000000,    2.62199016328167,    0.00000000000000,    2.62199016328167,    0.00000387558129,    0.00000000000000,    0.00001016173603,    2.61960975495954,    0.00000000000000,    2.61960975495954,  -19.86252069860118,    0.00000000000000,
  199,    2,    0.62031250000000,    0.00468750000000,    2.62199016328167,    0.00000000000000,    2.62199016328167,    0.00000387558129,    0.00000000000000,    0.00001016173603,    2.61960975495954,    0.00000000000000,    2.61960975495954,  -19.86252069860118,    0.00000000000000,
  199,    3,    0.62031250000000,    0.00781250000000,    2.62199016328167,    0.00000000000000,    2.62199016328167,    0.00000387558129,    0.00000000000000,    0.00001016173603,    2.61960975495954,    0.00000000000000,    2.61960975495954,  -19.86252069860118,    0.00000000000000,
  199,    4,    0.62031250000000,    0.01093750000000,    2.62199016328167,    0.00000000000000,    2.62199016328167,    0.00000387558129,    0.00000000000000,    0.00001016173603,    2.61960975495954,    0.00000000000000,    2.61960975495954,  -19.86252069860118,    0.00000000000000,
  199,    5,    0.62031250000000,    0.01406250000000,    2.62199016328167,    0.00000000000000,    2.62199016328167,    0.00000387558129,    0.00000000000000,    0.00001016173603,    2.61960975495954,    0.00000000000000,    2.61960975495954,  -19.86252069860118,    0.00000000000000,
  200,    1,    0.62343750000000,    0.00156250000000,    2.61954711859266,    0.00000000000000,    2.61954711859266,    0.00000396822945,    0.00000000000000,    0.00001039496402,    2.61716459141811,    0.00000000000000,    2.61716459141811,  -20.33366247662364,    0.00000000000000,
  200,    2,    0.62343750000000,    0.00468750000000,    2.61954711859266,    0.00000000000000,    2.61954711859266,    0.00000396822945,    0.00000000000000,    0.00001039496402,    2.61716459141811,    0.00000000000000,    2.61716459141811,  -20.33366247662364,    0.00000000000000,
  200,    3,    0.62343750000000,    0.00781250000000,    2.61954711859266,    0.00000000000000,    2.61954711859266,    0.00000396822945,    0.00000000000000,    0.00001039496402,    2.61716459141811,    0.00000000000000,    2.61716459141811,  -20.33366247662364,    0.00000000000000,
  200,    4,    0.62343750000000,    0.01093750000000,    2.61954711859266,    0.00000000000000,    2.61954711859266,    0.00000396822945,    0.00000000000000,    0.00001039496402,    2.61716459141811,    0.00000000000000,    2.61716459141811,  -20.33366247662364,    0.00000000000000,
  200,    5,    0.62343750000000,    0.01406250000000,    2.61954711859266,    0.00000000000000,    2.61954711859266,    0.00000396822945,    0.00000000000000,    0.00001039496402,    2.61716459141811,    0.00000000000000,    2.61716459141811,  -20.33366247662364,    0.00000000000000,
  201,    1,    0.62656250000000,    0.00156250000000,    2.61704464595523,    0.00000000000000,    2.61704464595523,    0.00000406025264,    0.00000000000000,    0.00001062586243,    2.61465994426883,    0.00000000000000,    2.61465994426883,  -20.80145805192951,    0.00000000000000,
  201,    2,    0.62656250000000,    0.00468750000000,    2.61704464595523,    0.00000000000000,    2.61704464595523,    0.00000406025264,    0.00000000000000,    0.00001062586243,    2.61465994426883,    0.00000000000000,    2.61465994426883,  -20.80145805192951,    0.00000000000000,
  201,    3,    0.62656250000000,    0.00781250000000,    2.61704464595523,    0.00000000000000,    2.61704464595523,    0.00000406025264,    0.00000000000000,    0.00001062586243,    2.61465994426883,    0.00000000000000,    2.61465994426883,  -20.80145805192951,    0.00000000000000,
  201,    4,    0.62656250000000,    0.01093750000000,    2.61704464595523,    0.00000000000000,    2.61704464595523,    0.00000406025264,    0.00000000000000,    0.00001062586243,    2.61465994426883,    0.00000000000000,    2.61465994426883,  -20.80145805192951,    0.00000000000000,
  201,    5,    0.62656250000000,    0.01406250000000,    2.61704464595523,    0.00000000000000,    2.61704464595523,    0.00000406025264,    0.00000000000000,    0.00001062586243,    2.61465994426883,    0.00000000000000,    2.61465994426883,  -20.80145805192951,    0.00000000000000,
  202,    1,    0.62968750000000,    0.00156250000000,    2.61448298687184,    0.00000000000000,    2.61448298687184,    0.00000415163405,    0.00000000000000,    0.00001085437658,    2.61209605491480,    0.00000000000000,    2.61209605491480,  -21.26583484467535,    0.00000000000000,
  202,    2,    0.62968750000000,    0.00468750000000,    2.61448298687184,    0.00000000000000,    2.61448298687184,    0.00000415163405,    0.00000000000000,    0.00001085437658,    2.61209605491480,    0.00000000000000,    2.61209605491480,  -21.26583484467535,    0.00000000000000,
  202,    3,    0.62968750000000,    0.00781250000000,    2.61448298687184,    0.00000000000000,    2.61448298687184,    0.00000415163405,    0.00000000000000,    0.00001085437658,    2.61209605491480,    0.00000000000000,    2.61209605491480,  -21.26583484467535,    0.00000000000000,
  202,    4,    0.62968750000000,    0.01093750000000,    2.61448298687184,    0.00000000000000,    2.61448298687184,    0.00000415163405,    0.00000000000000,    0.00001085437658,    2.61209605491480,    0.00000000000000,    2.61209605491480,  -21.26583484467535,    0.00000000000000,
  202,    5,    0.62968750000000,    0.01406250000000,    2.61448298687184,    0.00000000000000,    2.61448298687184,    0.00000415163405,    0.00000000000000,    0.00001085437658,    2.61209605491480,    0.00000000000000,    2.61209605491480,  -21.26583484467535,    0.00000000000000,
  203,    1,    0.63281250000000,    0.00156250000000,    2.61186238855715,    0.00000000000000,    2.61186238855715,    0.00000424235681,    0.00000000000000,    0.00001108045218,    2.60947317046902,    0.00000000000000,    2.60947317046902,  -21.72672114961036,    0.00000000000000,
  203,    2,    0.63281250000000,    0.00468750000000,    2.61186238855715,    0.00000000000000,    2.61186238855715,    0.00000424235681,    0.00000000000000,    0.00001108045218,    2.60947317046902,    0.00000000000000,    2.60947317046902,  -21.72672114961036,    0.00000000000000,
  203,    3,    0.63281250000000,    0.00781250000000,    2.61186238855715,    0.00000000000000,    2.61186238855715,    0.00000424235681,    0.00000000000000,    0.00001108045218,    2.60947317046902,    0.00000000000000,    2.60947317046902,  -21.72672114961036,    0.00000000000000,
  203,    4,    0.63281250000000,    0.01093750000000,    2.61186238855715,    0.00000000000000,    2.61186238855715,    0.00000424235681,    0.00000000000000,    0.00001108045218,    2.60947317046902,    0.00000000000000,    2.60947317046902,  -21.72672114961036,    0.00000000000000,
  203,    5,    0.63281250000000,    0.01406250000000,    2.61186238855715,    0.00000000000000,    2.61186238855715,    0.00000424235681,    0.00000000000000,    0.00001108045218,    2.60947317046902,    0.00000000000000,    2.60947317046902,  -21.72672114961036,    0.00000000000000,
  204,    1,    0.63593750000000,    0.00156250000000,    2.60918310391406,    0.00000000000000,    2.60918310391406,    0.00000433240398,    0.00000000000000,    0.00001130403526,    2.60679154373055,    0.00000000000000,    2.60679154373055,  -22.18404615337650,    0.00000000000000,
  204,    2,    0.63593750000000,    0.00468750000000,    2.60918310391406,    0.00000000000000,    2.60918310391406,    0.00000433240398,    0.00000000000000,    0.00001130403526,    2.60679154373055,    0.00000000000000,    2.60679154373055,  -22.18404615337650,    0.00000000000000,
  204,    3,    0.63593750000000,    0.00781250000000,    2.60918310391406,    0.00000000000000,    2.60918310391406,    0.00000433240398,    0.00000000000000,    0.00001130403526,    2.60679154373055,    0.00000000000000,    2.60679154373055,  -22.18404615337650,    0.00000000000000,
  204,    4,    0.63593750000000,    0.01093750000000,    2.60918310391406,    0.00000000000000,    2.60918310391406,    0.00000433240398,    0.00000000000000,    0.00001130403526,    2.60679154373055,    0.00000000000000,    2.60679154373055,  -22.18404615337650,    0.00000000000000,
  204,    5,    0.63593750000000,    0.01406250000000,    2.60918310391406,    0.00000000000000,    2.60918310391406,    0.00000433240398,    0.00000000000000,    0.00001130403526,    2.60679154373055,    0.00000000000000,    2.60679154373055,  -22.18404615337650,    0.00000000000000,
  205,    1,    0.63906250000000,    0.00156250000000,    2.60644539150945,    0.00000000000000,    2.60644539150945,    0.00000442175857,    0.00000000000000,    0.00001152507224,    2.60405143316014,    0.00000000000000,    2.60405143316014,  -22.63773995150810,    0.00000000000000,
  205,    2,    0.63906250000000,    0.00468750000000,    2.60644539150945,    0.00000000000000,    2.60644539150945,    0.00000442175857,    0.00000000000000,    0.00001152507224,    2.60405143316014,    0.00000000000000,    2.60405143316014,  -22.63773995150810,    0.00000000000000,
  205,    3,    0.63906250000000,    0.00781250000000,    2.60644539150945,    0.00000000000000,    2.60644539150945,    0.00000442175857,    0.00000000000000,    0.00001152507224,    2.60405143316014,    0.00000000000000,    2.60405143316014,  -22.63773995150810,    0.00000000000000,
  205,    4,    0.63906250000000,    0.01093750000000,    2.60644539150945,    0.00000000000000,    2.60644539150945,    0.00000442175857,    0.00000000000000,    0.00001152507224,    2.60405143316014,    0.00000000000000,    2.60405143316014,  -22.63773995150810,    0.00000000000000,
  205,    5,    0.63906250000000,    0.01406250000000,    2.60644539150945,    0.00000000000000,    2.60644539150945,    0.00000442175857,    0.00000000000000,    0.00001152507224,    2.60405143316014,    0.00000000000000,    2.60405143316014,  -22.63773995150810,    0.00000000000000,
  206,    1,    0.64218750000000,    0.00156250000000,    2.60364951554913,    0.00000000000000,    2.60364951554913,    0.00000451040351,    0.00000000000000,    0.00001174350990,    2.60125310285537,    0.00000000000000,    2.60125310285537,  -23.08773356512614,    0.00000000000000,
  206,    2,    0.64218750000000,    0.00468750000000,    2.60364951554913,    0.00000000000000,    2.60364951554913,    0.00000451040351,    0.00000000000000,    0.00001174350990,    2.60125310285537,    0.00000000000000,    2.60125310285537,  -23.08773356512614,    0.00000000000000,
  206,    3,    0.64218750000000,    0.00781250000000,    2.60364951554913,    0.00000000000000,    2.60364951554913,    0.00000451040351,    0.00000000000000,    0.00001174350990,    2.60125310285537,    0.00000000000000,    2.60125310285537,  -23.08773356512614,    0.00000000000000,
  206,    4,    0.64218750000000,    0.01093750000000,    2.60364951554913,    0.00000000000000,    2.60364951554913,    0.00000451040351,    0.00000000000000,    0.00001174350990,    2.60125310285537,    0.00000000000000,    2.60125310285537,  -23.08773356512614,    0.00000000000000,
  206,    5,    0.64218750000000,    0.01406250000000,    2.60364951554913,    0.00000000000000,    2.60364951554913,    0.00000451040351,    0.00000000000000,    0.00001174350990,    2.60125310285537,    0.00000000000000,    2.60125310285537,  -23.08773356512614,    0.00000000000000,
  207,    1,    0.64531250000000,    0.00156250000000,    2.60079574585258,    0.00000000000000,    2.60079574585258,    0.00000459832168,    0.00000000000000,    0.00001195929547,    2.59839682252514,    0.00000000000000,    2.59839682252514,  -23.53395895732133,    0.00000000000000,
  207,    2,    0.64531250000000,    0.00468750000000,    2.60079574585258,    0.00000000000000,    2.60079574585258,    0.00000459832168,    0.00000000000000,    0.00001195929547,    2.59839682252514,    0.00000000000000,    2.59839682252514,  -23.53395895732133,    0.00000000000000,
  207,    3,    0.64531250000000,    0.00781250000000,    2.60079574585258,    0.00000000000000,    2.60079574585258,    0.00000459832168,    0.00000000000000,    0.00001195929547,    2.59839682252514,    0.00000000000000,    2.59839682252514,  -23.53395895732133,    0.00000000000000,
  207,    4,    0.64531250000000,    0.01093750000000,    2.60079574585258,    0.00000000000000,    2.60079574585258,    0.00000459832168,    0.00000000000000,    0.00001195929547,    2.59839682252514,    0.00000000000000,    2.59839682252514,  -23.53395895732133,    0.00000000000000,
  207,    5,    0.64531250000000,    0.01406250000000,    2.60079574585258,    0.00000000000000,    2.60079574585258,    0.00000459832168,    0.00000000000000,    0.00001195929547,    2.59839682252514,    0.00000000000000,    2.59839682252514,  -23.53395895732133,    0.00000000000000,
  208,    1,    0.64843750000000,    0.00156250000000,    2.59788435782664,    0.00000000000000,    2.59788435782664,    0.00000468549590,    0.00000000000000,    0.00001217237651,    2.59548286746368,    0.00000000000000,    2.59548286746368,  -23.97634904922059,    0.00000000000000,
  208,    2,    0.64843750000000,    0.00468750000000,    2.59788435782664,    0.00000000000000,    2.59788435782664,    0.00000468549590,    0.00000000000000,    0.00001217237651,    2.59548286746368,    0.00000000000000,    2.59548286746368,  -23.97634904922059,    0.00000000000000,
  208,    3,    0.64843750000000,    0.00781250000000,    2.59788435782664,    0.00000000000000,    2.59788435782664,    0.00000468549590,    0.00000000000000,    0.00001217237651,    2.59548286746368,    0.00000000000000,    2.59548286746368,  -23.97634904922059,    0.00000000000000,
  208,    4,    0.64843750000000,    0.01093750000000,    2.59788435782664,    0.00000000000000,    2.59788435782664,    0.00000468549590,    0.00000000000000,    0.00001217237651,    2.59548286746368,    0.00000000000000,    2.59548286746368,  -23.97634904922059,    0.00000000000000,
  208,    5,    0.64843750000000,    0.01406250000000,    2.59788435782664,    0.00000000000000,    2.59788435782664,    0.00000468549590,    0.00000000000000,    0.00001217237651,    2.59548286746368,    0.00000000000000,    2.59548286746368,  -23.97634904922059,    0.00000000000000,
  209,    1,    0.65156250000000,    0.00156250000000,    2.59491563243918,    0.00000000000000,    2.59491563243918,    0.00000477190892,    0.00000000000000,    0.00001238270106,    2.59251151852405,    0.00000000000000,    2.59251151852405,  -24.41483773573205,    0.00000000000000,
  209,    2,    0.65156250000000,    0.00468750000000,    2.59491563243918,    0.00000000000000,    2.59491563243918,    0.00000477190892,    0.00000000000000,    0.00001238270106,    2.59251151852405,    0.00000000000000,    2.59251151852405,  -24.41483773573205,    0.00000000000000,
  209,    3,    0.65156250000000,    0.00781250000000,    2.59491563243918,    0.00000000000000,    2.59491563243918,    0.00000477190892,    0.00000000000000,    0.00001238270106,    2.59251151852405,    0.00000000000000,    2.59251151852405,  -24.41483773573205,    0.00000000000000,
  209,    4,    0.65156250000000,    0.01093750000000,    2.59491563243918,    0.00000000000000,    2.59491563243918,    0.00000477190892,    0.00000000000000,    0.00001238270106,    2.59251151852405,    0.00000000000000,    2.59251151852405,  -24.41483773573205,    0.00000000000000,
  209,    5,    0.65156250000000,    0.01406250000000,    2.59491563243918,    0.00000000000000,    2.59491563243918,    0.00000477190892,    0.00000000000000,    0.00001238270106,    2.59251151852405,    0.00000000000000,    2.59251151852405,  -24.41483773573205,    0.00000000000000,
  210,    1,    0.65468750000000,    0.00156250000000,    2.59188985619195,    0.00000000000000,    2.59188985619195,    0.00000485754344,    0.00000000000000,    0.00001259021757,    2.58948306209104,    0.00000000000000,    2.58948306209104,  -24.84935990096320,    0.00000000000000,
  210,    2,    0.65468750000000,    0.00468750000000,    2.59188985619195,    0.00000000000000,    2.59188985619195,    0.00000485754344,    0.00000000000000,    0.00001259021757,    2.58948306209104,    0.00000000000000,    2.58948306209104,  -24.84935990096320,    0.00000000000000,
  210,    3,    0.65468750000000,    0.00781250000000,    2.59188985619195,    0.00000000000000,    2.59188985619195,    0.00000485754344,    0.00000000000000,    0.00001259021757,    2.58948306209104,    0.00000000000000,    2.58948306209104,  -24.84935990096320,    0.00000000000000,
  210,    4,    0.65468750000000,    0.01093750000000,    2.59188985619195,    0.00000000000000,    2.59188985619195,    0.00000485754344,    0.00000000000000,    0.00001259021757,    2.58948306209104,    0.00000000000000,    2.58948306209104,  -24.84935990096320,    0.00000000000000,
  210,    5,    0.65468750000000,    0.01406250000000,    2.59188985619195,    0.00000000000000,    2.59188985619195,    0.00000485754344,    0.00000000000000,    0.00001259021757,    2.58948306209104,    0.00000000000000,    2.58948306209104,  -24.84935990096320,    0.00000000000000,
  211,    1,    0.65781250000000,    0.00156250000000,    2.58880732109289,    0.00000000000000,    2.58880732109289,    0.00000494238209,    0.00000000000000,    0.00001279487495,    2.58639779005359,    0.00000000000000,    2.58639779005359,  -25.27985143330733,    0.00000000000000,
  211,    2,    0.65781250000000,    0.00468750000000,    2.58880732109289,    0.00000000000000,    2.58880732109289,    0.00000494238209,    0.00000000000000,    0.00001279487495,    2.58639779005359,    0.00000000000000,    2.58639779005359,  -25.27985143330733,    0.00000000000000,
  211,    3,    0.65781250000000,    0.00781250000000,    2.58880732109289,    0.00000000000000,    2.58880732109289,    0.00000494238209,    0.00000000000000,    0.00001279487495,    2.58639779005359,    0.00000000000000,    2.58639779005359,  -25.27985143330733,    0.00000000000000,
  211,    4,    0.65781250000000,    0.01093750000000,    2.58880732109289,    0.00000000000000,    2.58880732109289,    0.00000494238209,    0.00000000000000,    0.00001279487495,    2.58639779005359,    0.00000000000000,    2.58639779005359,  -25.27985143330733,    0.00000000000000,
  211,    5,    0.65781250000000,    0.01406250000000,    2.58880732109289,    0.00000000000000,    2.58880732109289,    0.00000494238209,    0.00000000000000,    0.00001279487495,    2.58639779005359,    0.00000000000000,    2.58639779005359,  -25.27985143330733,    0.00000000000000,
  212,    1,    0.66093750000000,    0.00156250000000,    2.58566832462808,    0.00000000000000,    2.58566832462808,    0.00000502640745,    0.00000000000000,    0.00001299662253,    2.58325599977664,    0.00000000000000,    2.58325599977664,  -25.70624924019347,    0.00000000000000,
  212,    2,    0.66093750000000,    0.00468750000000,    2.58566832462808,    0.00000000000000,    2.58566832462808,    0.00000502640745,    0.00000000000000,    0.00001299662253,    2.58325599977664,    0.00000000000000,    2.58325599977664,  -25.70624924019347,    0.00000000000000,
  212,    3,    0.66093750000000,    0.00781250000000,    2.58566832462808,    0.00000000000000,    2.58566832462808,    0.00000502640745,    0.00000000000000,    0.00001299662253,    2.58325599977664,    0.00000000000000,    2.58325599977664,  -25.70624924019347,    0.00000000000000,
  212,    4,    0.66093750000000,    0.01093750000000,    2.58566832462808,    0.00000000000000,    2.58566832462808,    0.00000502640745,    0.00000000000000,    0.00001299662253,    2.58325599977664,    0.00000000000000,    2.58325599977664,  -25.70624924019347,    0.00000000000000,
  212,    5,    0.66093750000000,    0.01406250000000,    2.58566832462808,    0.00000000000000,    2.58566832462808,    0.00000502640745,    0.00000000000000,    0.00001299662253,    2.58325599977664,    0.00000000000000,    2.58325599977664,  -25.70624924019347,    0.00000000000000,
  213,    1,    0.66406250000000,    0.00156250000000,    2.58247316973295,    0.00000000000000,    2.58247316973295,    0.00000510960203,    0.00000000000000,    0.00001319541015,    2.58005799407247,    0.00000000000000,    2.58005799407247,  -26.12849126249471,    0.00000000000000,
  213,    2,    0.66406250000000,    0.00468750000000,    2.58247316973295,    0.00000000000000,    2.58247316973295,    0.00000510960203,    0.00000000000000,    0.00001319541015,    2.58005799407247,    0.00000000000000,    2.58005799407247,  -26.12849126249471,    0.00000000000000,
  213,    3,    0.66406250000000,    0.00781250000000,    2.58247316973295,    0.00000000000000,    2.58247316973295,    0.00000510960203,    0.00000000000000,    0.00001319541015,    2.58005799407247,    0.00000000000000,    2.58005799407247,  -26.12849126249471,    0.00000000000000,
  213,    4,    0.66406250000000,    0.01093750000000,    2.58247316973295,    0.00000000000000,    2.58247316973295,    0.00000510960203,    0.00000000000000,    0.00001319541015,    2.58005799407247,    0.00000000000000,    2.58005799407247,  -26.12849126249471,    0.00000000000000,
  213,    5,    0.66406250000000,    0.01406250000000,    2.58247316973295,    0.00000000000000,    2.58247316973295,    0.00000510960203,    0.00000000000000,    0.00001319541015,    2.58005799407247,    0.00000000000000,    2.58005799407247,  -26.12849126249471,    0.00000000000000,
  214,    1,    0.66718750000000,    0.00156250000000,    2.57922216476315,    0.00000000000000,    2.57922216476315,    0.00000519194830,    0.00000000000000,    0.00001339118813,    2.57680408117154,    0.00000000000000,    2.57680408117154,  -26.54651648859119,    0.00000000000000,
  214,    2,    0.66718750000000,    0.00468750000000,    2.57922216476315,    0.00000000000000,    2.57922216476315,    0.00000519194830,    0.00000000000000,    0.00001339118813,    2.57680408117154,    0.00000000000000,    2.57680408117154,  -26.54651648859119,    0.00000000000000,
  214,    3,    0.66718750000000,    0.00781250000000,    2.57922216476315,    0.00000000000000,    2.57922216476315,    0.00000519194830,    0.00000000000000,    0.00001339118813,    2.57680408117154,    0.00000000000000,    2.57680408117154,  -26.54651648859119,    0.00000000000000,
  214,    4,    0.66718750000000,    0.01093750000000,    2.57922216476315,    0.00000000000000,    2.57922216476315,    0.00000519194830,    0.00000000000000,    0.00001339118813,    2.57680408117154,    0.00000000000000,    2.57680408117154,  -26.54651648859119,    0.00000000000000,
  214,    5,    0.66718750000000,    0.01406250000000,    2.57922216476315,    0.00000000000000,    2.57922216476315,    0.00000519194830,    0.00000000000000,    0.00001339118813,    2.57680408117154,    0.00000000000000,    2.57680408117154,  -26.54651648859119,    0.00000000000000,
  215,    1,    0.67031250000000,    0.00156250000000,    2.57591562346473,    0.00000000000000,    2.57591562346473,    0.00000527342866,    0.00000000000000,    0.00001358390727,    2.57349457469274,    0.00000000000000,    2.57349457469274,  -26.96026496808206,    0.00000000000000,
  215,    2,    0.67031250000000,    0.00468750000000,    2.57591562346473,    0.00000000000000,    2.57591562346473,    0.00000527342866,    0.00000000000000,    0.00001358390727,    2.57349457469274,    0.00000000000000,    2.57349457469274,  -26.96026496808206,    0.00000000000000,
  215,    3,    0.67031250000000,    0.00781250000000,    2.57591562346473,    0.00000000000000,    2.57591562346473,    0.00000527342866,    0.00000000000000,    0.00001358390727,    2.57349457469274,    0.00000000000000,    2.57349457469274,  -26.96026496808206,    0.00000000000000,
  215,    4,    0.67031250000000,    0.01093750000000,    2.57591562346473,    0.00000000000000,    2.57591562346473,    0.00000527342866,    0.00000000000000,    0.00001358390727,    2.57349457469274,    0.00000000000000,    2.57349457469274,  -26.96026496808206,    0.00000000000000,
  215,    5,    0.67031250000000,    0.01406250000000,    2.57591562346473,    0.00000000000000,    2.57591562346473,    0.00000527342866,    0.00000000000000,    0.00001358390727,    2.57349457469274,    0.00000000000000,    2.57349457469274,  -26.96026496808206,    0.00000000000000,
  216,    1,    0.67343750000000,    0.00156250000000,    2.57255386494395,    0.00000000000000,    2.57255386494395,    0.00000535402547,    0.00000000000000,    0.00001377351890,    2.57012979361318,    0.00000000000000,    2.57012979361318,  -27.36967782514321,    0.00000000000000,
  216,    2,    0.67343750000000,    0.00468750000000,    2.57255386494395,    0.00000000000000,    2.57255386494395,    0.00000535402547,    0.00000000000000,    0.00001377351890,    2.57012979361318,    0.00000000000000,    2.57012979361318,  -27.36967782514321,    0.00000000000000,
  216,    3,    0.67343750000000,    0.00781250000000,    2.57255386494395,    0.00000000000000,    2.57255386494395,    0.00000535402547,    0.00000000000000,    0.00001377351890,    2.57012979361318,    0.00000000000000,    2.57012979361318,  -27.36967782514321,    0.00000000000000,
  216,    4,    0.67343750000000,    0.01093750000000,    2.57255386494395,    0.00000000000000,    2.57255386494395,    0.00000535402547,    0.00000000000000,    0.00001377351890,    2.57012979361318,    0.00000000000000,    2.57012979361318,  -27.36967782514321,    0.00000000000000,
  216,    5,    0.67343750000000,    0.01406250000000,    2.57255386494395,    0.00000000000000,    2.57255386494395,    0.00000535402547,    0.00000000000000,    0.00001377351890,    2.57012979361318,    0.00000000000000,    2.57012979361318,  -27.36967782514321,    0.00000000000000,
  217,    1,    0.67656250000000,    0.00156250000000,    2.56913721363656,    0.00000000000000,    2.56913721363656,    0.00000543372102,    0.00000000000000,    0.00001395997489,    2.56671006223749,    0.00000000000000,    2.56671006223749,  -27.77469727152578,    0.00000000000000,
  217,    2,    0.67656250000000,    0.00468750000000,    2.56913721363656,    0.00000000000000,    2.56913721363656,    0.00000543372102,    0.00000000000000,    0.00001395997489,    2.56671006223749,    0.00000000000000,    2.56671006223749,  -27.77469727152578,    0.00000000000000,
  217,    3,    0.67656250000000,    0.00781250000000,    2.56913721363656,    0.00000000000000,    2.56913721363656,    0.00000543372102,    0.00000000000000,    0.00001395997489,    2.56671006223749,    0.00000000000000,    2.56671006223749,  -27.77469727152578,    0.00000000000000,
  217,    4,    0.67656250000000,    0.01093750000000,    2.56913721363656,    0.00000000000000,    2.56913721363656,    0.00000543372102,    0.00000000000000,    0.00001395997489,    2.56671006223749,    0.00000000000000,    2.56671006223749,  -27.77469727152578,    0.00000000000000,
  217,    5,    0.67656250000000,    0.01406250000000,    2.56913721363656,    0.00000000000000,    2.56913721363656,    0.00000543372102,    0.00000000000000,    0.00001395997489,    2.56671006223749,    0.00000000000000,    2.56671006223749,  -27.77469727152578,    0.00000000000000,
  218,    1,    0.67968750000000,    0.00156250000000,    2.56566599927638,    0.00000000000000,    2.56566599927638,    0.00000551249758,    0.00000000000000,    0.00001414322760,    2.56323571016647,    0.00000000000000,    2.56323571016647,  -28.17526661919186,    0.00000000000000,
  218,    2,    0.67968750000000,    0.00468750000000,    2.56566599927638,    0.00000000000000,    2.56566599927638,    0.00000551249758,    0.00000000000000,    0.00001414322760,    2.56323571016647,    0.00000000000000,    2.56323571016647,  -28.17526661919186,    0.00000000000000,
  218,    3,    0.67968750000000,    0.00781250000000,    2.56566599927638,    0.00000000000000,    2.56566599927638,    0.00000551249758,    0.00000000000000,    0.00001414322760,    2.56323571016647,    0.00000000000000,    2.56323571016647,  -28.17526661919186,    0.00000000000000,
  218,    4,    0.67968750000000,    0.01093750000000,    2.56566599927638,    0.00000000000000,    2.56566599927638,    0.00000551249758,    0.00000000000000,    0.00001414322760,    2.56323571016647,    0.00000000000000,    2.56323571016647,  -28.17526661919186,    0.00000000000000,
  218,    5,    0.67968750000000,    0.01406250000000,    2.56566599927638,    0.00000000000000,    2.56566599927638,    0.00000551249758,    0.00000000000000,    0.00001414322760,    2.56323571016647,    0.00000000000000,    2.56323571016647,  -28.17526661919186,    0.00000000000000,
  219,    1,    0.68281250000000,    0.00156250000000,    2.56214055686351,    0.00000000000000,    2.56214055686351,    0.00000559033734,    0.00000000000000,    0.00001432323001,    2.55970707226542,    0.00000000000000,    2.55970707226542,  -28.57133029258316,    0.00000000000000,
  219,    2,    0.68281250000000,    0.00468750000000,    2.56214055686351,    0.00000000000000,    2.56214055686351,    0.00000559033734,    0.00000000000000,    0.00001432323001,    2.55970707226542,    0.00000000000000,    2.55970707226542,  -28.57133029258316,    0.00000000000000,
  219,    3,    0.68281250000000,    0.00781250000000,    2.56214055686351,    0.00000000000000,    2.56214055686351,    0.00000559033734,    0.00000000000000,    0.00001432323001,    2.55970707226542,    0.00000000000000,    2.55970707226542,  -28.57133029258316,    0.00000000000000,
  219,    4,    0.68281250000000,    0.01093750000000,    2.56214055686351,    0.00000000000000,    2.56214055686351,    0.00000559033734,    0.00000000000000,    0.00001432323001,    2.55970707226542,    0.00000000000000,    2.55970707226542,  -28.57133029258316,    0.00000000000000,
  219,    5,    0.68281250000000,    0.01406250000000,    2.56214055686351,    0.00000000000000,    2.56214055686351,    0.00000559033734,    0.00000000000000,    0.00001432323001,    2.55970707226542,    0.00000000000000,    2.55970707226542,  -28.57133029258316,    0.00000000000000,
  220,    1,    0.68593750000000,    0.00156250000000,    2.55856122663220,    0.00000000000000,    2.55856122663220,    0.00000566722245,    0.00000000000000,    0.00001449993563,    2.55612448863181,    0.00000000000000,    2.55612448863181,  -28.96283384051882,    0.00000000000000,
  220,    2,    0.68593750000000,    0.00468750000000,    2.55856122663220,    0.00000000000000,    2.55856122663220,    0.00000566722245,    0.00000000000000,    0.00001449993563,    2.55612448863181,    0.00000000000000,    2.55612448863181,  -28.96283384051882,    0.00000000000000,
  220,    3,    0.68593750000000,    0.00781250000000,    2.55856122663220,    0.00000000000000,    2.55856122663220,    0.00000566722245,    0.00000000000000,    0.00001449993563,    2.55612448863181,    0.00000000000000,    2.55612448863181,  -28.96283384051882,    0.00000000000000,
  220,    4,    0.68593750000000,    0.01093750000000,    2.55856122663220,    0.00000000000000,    2.55856122663220,    0.00000566722245,    0.00000000000000,    0.00001449993563,    2.55612448863181,    0.00000000000000,    2.55612448863181,  -28.96283384051882,    0.00000000000000,
  220,    5,    0.68593750000000,    0.01406250000000,    2.55856122663220,    0.00000000000000,    2.55856122663220,    0.00000566722245,    0.00000000000000,    0.00001449993563,    2.55612448863181,    0.00000000000000,    2.55612448863181,  -28.96283384051882,    0.00000000000000,
  221,    1,    0.68906250000000,    0.00156250000000,    2.55492835401789,    0.00000000000000,    2.55492835401789,    0.00000574313505,    0.00000000000000,    0.00001467329857,    2.55248830456249,    0.00000000000000,    2.55248830456249,  -29.34972394771901,    0.00000000000000,
  221,    2,    0.68906250000000,    0.00468750000000,    2.55492835401789,    0.00000000000000,    2.55492835401789,    0.00000574313505,    0.00000000000000,    0.00001467329857,    2.55248830456249,    0.00000000000000,    2.55248830456249,  -29.34972394771901,    0.00000000000000,
  221,    3,    0.68906250000000,    0.00781250000000,    2.55492835401789,    0.00000000000000,    2.55492835401789,    0.00000574313505,    0.00000000000000,    0.00001467329857,    2.55248830456249,    0.00000000000000,    2.55248830456249,  -29.34972394771901,    0.00000000000000,
  221,    4,    0.68906250000000,    0.01093750000000,    2.55492835401789,    0.00000000000000,    2.55492835401789,    0.00000574313505,    0.00000000000000,    0.00001467329857,    2.55248830456249,    0.00000000000000,    2.55248830456249,  -29.34972394771901,    0.00000000000000,
  221,    5,    0.68906250000000,    0.01406250000000,    2.55492835401789,    0.00000000000000,    2.55492835401789,    0.00000574313505,    0.00000000000000,    0.00001467329857,    2.55248830456249,    0.00000000000000,    2.55248830456249,  -29.34972394771901,    0.00000000000000,
  222,    1,    0.69218750000000,    0.00156250000000,    2.55124228962381,    0.00000000000000,    2.55124228962381,    0.00000581805719,    0.00000000000000,    0.00001484327354,    2.54879887052046,    0.00000000000000,    2.54879887052046,  -29.73194844595050,    0.00000000000000,
  222,    2,    0.69218750000000,    0.00468750000000,    2.55124228962381,    0.00000000000000,    2.55124228962381,    0.00000581805719,    0.00000000000000,    0.00001484327354,    2.54879887052046,    0.00000000000000,    2.54879887052046,  -29.73194844595050,    0.00000000000000,
  222,    3,    0.69218750000000,    0.00781250000000,    2.55124228962381,    0.00000000000000,    2.55124228962381,    0.00000581805719,    0.00000000000000,    0.00001484327354,    2.54879887052046,    0.00000000000000,    2.54879887052046,  -29.73194844595050,    0.00000000000000,
  222,    4,    0.69218750000000,    0.01093750000000,    2.55124228962381,    0.00000000000000,    2.55124228962381,    0.00000581805719,    0.00000000000000,    0.00001484327354,    2.54879887052046,    0.00000000000000,    2.54879887052046,  -29.73194844595050,    0.00000000000000,
  222,    5,    0.69218750000000,    0.01406250000000,    2.55124228962381,    0.00000000000000,    2.55124228962381,    0.00000581805719,    0.00000000000000,    0.00001484327354,    2.54879887052046,    0.00000000000000,    2.54879887052046,  -29.73194844595050,    0.00000000000000,
  223,    1,    0.69531250000000,    0.00156250000000,    2.54750338918744,    0.00000000000000,    2.54750338918744,    0.00000589197091,    0.00000000000000,    0.00001500981587,    2.54505654210106,    0.00000000000000,    2.54505654210106,  -30.10945632479075,    0.00000000000000,
  223,    2,    0.69531250000000,    0.00468750000000,    2.54750338918744,    0.00000000000000,    2.54750338918744,    0.00000589197091,    0.00000000000000,    0.00001500981587,    2.54505654210106,    0.00000000000000,    2.54505654210106,  -30.10945632479075,    0.00000000000000,
  223,    3,    0.69531250000000,    0.00781250000000,    2.54750338918744,    0.00000000000000,    2.54750338918744,    0.00000589197091,    0.00000000000000,    0.00001500981587,    2.54505654210106,    0.00000000000000,    2.54505654210106,  -30.10945632479075,    0.00000000000000,
  223,    4,    0.69531250000000,    0.01093750000000,    2.54750338918744,    0.00000000000000,    2.54750338918744,    0.00000589197091,    0.00000000000000,    0.00001500981587,    2.54505654210106,    0.00000000000000,    2.54505654210106,  -30.10945632479075,    0.00000000000000,
  223,    5,    0.69531250000000,    0.01406250000000,    2.54750338918744,    0.00000000000000,    2.54750338918744,    0.00000589197091,    0.00000000000000,    0.00001500981587,    2.54505654210106,    0.00000000000000,    2.54505654210106,  -30.10945632479075,    0.00000000000000,
  224,    1,    0.69843750000000,    0.00156250000000,    2.54371201354591,    0.00000000000000,    2.54371201354591,    0.00000596485822,    0.00000000000000,    0.00001517288152,    2.54126167999767,    0.00000000000000,    2.54126167999767,  -30.48219774200760,    0.00000000000000,
  224,    2,    0.69843750000000,    0.00468750000000,    2.54371201354591,    0.00000000000000,    2.54371201354591,    0.00000596485822,    0.00000000000000,    0.00001517288152,    2.54126167999767,    0.00000000000000,    2.54126167999767,  -30.48219774200760,    0.00000000000000,
  224,    3,    0.69843750000000,    0.00781250000000,    2.54371201354591,    0.00000000000000,    2.54371201354591,    0.00000596485822,    0.00000000000000,    0.00001517288152,    2.54126167999767,    0.00000000000000,    2.54126167999767,  -30.48219774200760,    0.00000000000000,
  224,    4,    0.69843750000000,    0.01093750000000,    2.54371201354591,    0.00000000000000,    2.54371201354591,    0.00000596485822,    0.00000000000000,    0.00001517288152,    2.54126167999767,    0.00000000000000,    2.54126167999767,  -30.48219774200760,    0.00000000000000,
  224,    5,    0.69843750000000,    0.01406250000000,    2.54371201354591,    0.00000000000000,    2.54371201354591,    0.00000596485822,    0.00000000000000,    0.00001517288152,    2.54126167999767,    0.00000000000000,    2.54126167999767,  -30.48219774200760,    0.00000000000000,
  225,    1,    0.70156250000000,    0.00156250000000,    2.53986852860143,    0.00000000000000,    2.53986852860143,    0.00000603670108,    0.00000000000000,    0.00001533242709,    2.53741464996701,    0.00000000000000,    2.53741464996701,  -30.85012403355119,    0.00000000000000,
  225,    2,    0.70156250000000,    0.00468750000000,    2.53986852860143,    0.00000000000000,    2.53986852860143,    0.00000603670108,    0.00000000000000,    0.00001533242709,    2.53741464996701,    0.00000000000000,    2.53741464996701,  -30.85012403355119,    0.00000000000000,
  225,    3,    0.70156250000000,    0.00781250000000,    2.53986852860143,    0.00000000000000,    2.53986852860143,    0.00000603670108,    0.00000000000000,    0.00001533242709,    2.53741464996701,    0.00000000000000,    2.53741464996701,  -30.85012403355119,    0.00000000000000,
  225,    4,    0.70156250000000,    0.01093750000000,    2.53986852860143,    0.00000000000000,    2.53986852860143,    0.00000603670108,    0.00000000000000,    0.00001533242709,    2.53741464996701,    0.00000000000000,    2.53741464996701,  -30.85012403355119,    0.00000000000000,
  225,    5,    0.70156250000000,    0.01406250000000,    2.53986852860143,    0.00000000000000,    2.53986852860143,    0.00000603670108,    0.00000000000000,    0.00001533242709,    2.53741464996701,    0.00000000000000,    2.53741464996701,  -30.85012403355119,    0.00000000000000,
  226,    1,    0.70468750000000,    0.00156250000000,    2.53597330528577,    0.00000000000000,    2.53597330528577,    0.00000610748143,    0.00000000000000,    0.00001548840986,    2.53351582279385,    0.00000000000000,    2.53351582279385,  -31.21318772315518,    0.00000000000000,
  226,    2,    0.70468750000000,    0.00468750000000,    2.53597330528577,    0.00000000000000,    2.53597330528577,    0.00000610748143,    0.00000000000000,    0.00001548840986,    2.53351582279385,    0.00000000000000,    2.53351582279385,  -31.21318772315518,    0.00000000000000,
  226,    3,    0.70468750000000,    0.00781250000000,    2.53597330528577,    0.00000000000000,    2.53597330528577,    0.00000610748143,    0.00000000000000,    0.00001548840986,    2.53351582279385,    0.00000000000000,    2.53351582279385,  -31.21318772315518,    0.00000000000000,
  226,    4,    0.70468750000000,    0.01093750000000,    2.53597330528577,    0.00000000000000,    2.53597330528577,    0.00000610748143,    0.00000000000000,    0.00001548840986,    2.53351582279385,    0.00000000000000,    2.53351582279385,  -31.21318772315518,    0.00000000000000,
  226,    5,    0.70468750000000,    0.01406250000000,    2.53597330528577,    0.00000000000000,    2.53597330528577,    0.00000610748143,    0.00000000000000,    0.00001548840986,    2.53351582279385,    0.00000000000000,    2.53351582279385,  -31.21318772315518,    0.00000000000000,
  227,    1,    0.70781250000000,    0.00156250000000,    2.53202671952473,    0.00000000000000,    2.53202671952473,    0.00000617718117,    0.00000000000000,    0.00001564078779,    2.52956557425525,    0.00000000000000,    2.52956557425525,  -31.57134253154462,    0.00000000000000,
  227,    2,    0.70781250000000,    0.00468750000000,    2.53202671952473,    0.00000000000000,    2.53202671952473,    0.00000617718117,    0.00000000000000,    0.00001564078779,    2.52956557425525,    0.00000000000000,    2.52956557425525,  -31.57134253154462,    0.00000000000000,
  227,    3,    0.70781250000000,    0.00781250000000,    2.53202671952473,    0.00000000000000,    2.53202671952473,    0.00000617718117,    0.00000000000000,    0.00001564078779,    2.52956557425525,    0.00000000000000,    2.52956557425525,  -31.57134253154462,    0.00000000000000,
  227,    4,    0.70781250000000,    0.01093750000000,    2.53202671952473,    0.00000000000000,    2.53202671952473,    0.00000617718117,    0.00000000000000,    0.00001564078779,    2.52956557425525,    0.00000000000000,    2.52956557425525,  -31.57134253154462,    0.00000000000000,
  227,    5,    0.70781250000000,    0.01406250000000,    2.53202671952473,    0.00000000000000,    2.53202671952473,    0.00000617718117,    0.00000000000000,    0.00001564078779,    2.52956557425525,    0.00000000000000,    2.52956557425525,  -31.57134253154462,    0.00000000000000,
  228,    1,    0.71093750000000,    0.00156250000000,    2.52802915220167,    0.00000000000000,    2.52802915220167,    0.00000624578221,    0.00000000000000,    0.00001578951951,    2.52556428508440,    0.00000000000000,    2.52556428508440,  -31.92454338524742,    0.00000000000000,
  228,    2,    0.71093750000000,    0.00468750000000,    2.52802915220167,    0.00000000000000,    2.52802915220167,    0.00000624578221,    0.00000000000000,    0.00001578951951,    2.52556428508440,    0.00000000000000,    2.52556428508440,  -31.92454338524742,    0.00000000000000,
  228,    3,    0.71093750000000,    0.00781250000000,    2.52802915220167,    0.00000000000000,    2.52802915220167,    0.00000624578221,    0.00000000000000,    0.00001578951951,    2.52556428508440,    0.00000000000000,    2.52556428508440,  -31.92454338524742,    0.00000000000000,
  228,    4,    0.71093750000000,    0.01093750000000,    2.52802915220167,    0.00000000000000,    2.52802915220167,    0.00000624578221,    0.00000000000000,    0.00001578951951,    2.52556428508440,    0.00000000000000,    2.52556428508440,  -31.92454338524742,    0.00000000000000,
  228,    5,    0.71093750000000,    0.01406250000000,    2.52802915220167,    0.00000000000000,    2.52802915220167,    0.00000624578221,    0.00000000000000,    0.00001578951951,    2.52556428508440,    0.00000000000000,    2.52556428508440,  -31.92454338524742,    0.00000000000000,
  229,    1,    0.71406250000000,    0.00156250000000,    2.52398098912092,    0.00000000000000,    2.52398098912092,    0.00000631326642,    0.00000000000000,    0.00001593456442,    2.52151234093388,    0.00000000000000,    2.52151234093388,  -32.27274642500751,    0.00000000000000,
  229,    2,    0.71406250000000,    0.00468750000000,    2.52398098912092,    0.00000000000000,    2.52398098912092,    0.00000631326642,    0.00000000000000,    0.00001593456442,    2.52151234093388,    0.00000000000000,    2.52151234093388,  -32.27274642500751,    0.00000000000000,
  229,    3,    0.71406250000000,    0.00781250000000,    2.52398098912092,    0.00000000000000,    2.52398098912092,    0.00000631326642,    0.00000000000000,    0.00001593456442,    2.52151234093388,    0.00000000000000,    2.52151234093388,  -32.27274642500751,    0.00000000000000,
  229,    4,    0.71406250000000,    0.01093750000000,    2.52398098912092,    0.00000000000000,    2.52398098912092,    0.00000631326642,    0.00000000000000,    0.00001593456442,    2.52151234093388,    0.00000000000000,    2.52151234093388,  -32.27274642500751,    0.00000000000000,
  229,    5,    0.71406250000000,    0.01406250000000,    2.52398098912092,    0.00000000000000,    2.52398098912092,    0.00000631326642,    0.00000000000000,    0.00001593456442,    2.52151234093388,    0.00000000000000,    2.52151234093388,  -32.27274642500751,    0.00000000000000,
  230,    1,    0.71718750000000,    0.00156250000000,    2.51988262097048,    0.00000000000000,    2.51988262097048,    0.00000637961564,    0.00000000000000,    0.00001607588259,    2.51741013233848,    0.00000000000000,    2.51741013233848,  -32.61590901379655,    0.00000000000000,
  230,    2,    0.71718750000000,    0.00468750000000,    2.51988262097048,    0.00000000000000,    2.51988262097048,    0.00000637961564,    0.00000000000000,    0.00001607588259,    2.51741013233848,    0.00000000000000,    2.51741013233848,  -32.61590901379655,    0.00000000000000,
  230,    3,    0.71718750000000,    0.00781250000000,    2.51988262097048,    0.00000000000000,    2.51988262097048,    0.00000637961564,    0.00000000000000,    0.00001607588259,    2.51741013233848,    0.00000000000000,    2.51741013233848,  -32.61590901379655,    0.00000000000000,
  230,    4,    0.71718750000000,    0.01093750000000,    2.51988262097048,    0.00000000000000,    2.51988262097048,    0.00000637961564,    0.00000000000000,    0.00001607588259,    2.51741013233848,    0.00000000000000,    2.51741013233848,  -32.61590901379655,    0.00000000000000,
  230,    5,    0.71718750000000,    0.01406250000000,    2.51988262097048,    0.00000000000000,    2.51988262097048,    0.00000637961564,    0.00000000000000,    0.00001607588259,    2.51741013233848,    0.00000000000000,    2.51741013233848,  -32.61590901379655,    0.00000000000000,
  231,    1,    0.72031250000000,    0.00156250000000,    2.51573444328427,    0.00000000000000,    2.51573444328427,    0.00000644481174,    0.00000000000000,    0.00001621343488,    2.51325805467763,    0.00000000000000,    2.51325805467763,  -32.95398974442265,    0.00000000000000,
  231,    2,    0.72031250000000,    0.00468750000000,    2.51573444328427,    0.00000000000000,    2.51573444328427,    0.00000644481174,    0.00000000000000,    0.00001621343488,    2.51325805467763,    0.00000000000000,    2.51325805467763,  -32.95398974442265,    0.00000000000000,
  231,    3,    0.72031250000000,    0.00781250000000,    2.51573444328427,    0.00000000000000,    2.51573444328427,    0.00000644481174,    0.00000000000000,    0.00001621343488,    2.51325805467763,    0.00000000000000,    2.51325805467763,  -32.95398974442265,    0.00000000000000,
  231,    4,    0.72031250000000,    0.01093750000000,    2.51573444328427,    0.00000000000000,    2.51573444328427,    0.00000644481174,    0.00000000000000,    0.00001621343488,    2.51325805467763,    0.00000000000000,    2.51325805467763,  -32.95398974442265,    0.00000000000000,
  231,    5,    0.72031250000000,    0.01406250000000,    2.51573444328427,    0.00000000000000,    2.51573444328427,    0.00000644481174,    0.00000000000000,    0.00001621343488,    2.51325805467763,    0.00000000000000,    2.51325805467763,  -32.95398974442265,    0.00000000000000,
  232,    1,    0.72343750000000,    0.00156250000000,    2.51153685640428,    0.00000000000000,    2.51153685640428,    0.00000650883655,    0.00000000000000,    0.00001634718290,    2.50905650813720,    0.00000000000000,    2.50905650813720,  -33.28694844673356,    0.00000000000000,
  232,    2,    0.72343750000000,    0.00468750000000,    2.51153685640428,    0.00000000000000,    2.51153685640428,    0.00000650883655,    0.00000000000000,    0.00001634718290,    2.50905650813720,    0.00000000000000,    2.50905650813720,  -33.28694844673356,    0.00000000000000,
  232,    3,    0.72343750000000,    0.00781250000000,    2.51153685640428,    0.00000000000000,    2.51153685640428,    0.00000650883655,    0.00000000000000,    0.00001634718290,    2.50905650813720,    0.00000000000000,    2.50905650813720,  -33.28694844673356,    0.00000000000000,
  232,    4,    0.72343750000000,    0.01093750000000,    2.51153685640428,    0.00000000000000,    2.51153685640428,    0.00000650883655,    0.00000000000000,    0.00001634718290,    2.50905650813720,    0.00000000000000,    2.50905650813720,  -33.28694844673356,    0.00000000000000,
  232,    5,    0.72343750000000,    0.01406250000000,    2.51153685640428,    0.00000000000000,    2.51153685640428,    0.00000650883655,    0.00000000000000,    0.00001634718290,    2.50905650813720,    0.00000000000000,    2.50905650813720,  -33.28694844673356,    0.00000000000000,
  233,    1,    0.72656250000000,    0.00156250000000,    2.50729026544145,    0.00000000000000,    2.50729026544145,    0.00000657167192,    0.00000000000000,    0.00001647708904,    2.50480589767099,    0.00000000000000,    2.50480589767099,  -33.61474619441258,    0.00000000000000,
  233,    2,    0.72656250000000,    0.00468750000000,    2.50729026544145,    0.00000000000000,    2.50729026544145,    0.00000657167192,    0.00000000000000,    0.00001647708904,    2.50480589767099,    0.00000000000000,    2.50480589767099,  -33.61474619441258,    0.00000000000000,
  233,    3,    0.72656250000000,    0.00781250000000,    2.50729026544145,    0.00000000000000,    2.50729026544145,    0.00000657167192,    0.00000000000000,    0.00001647708904,    2.50480589767099,    0.00000000000000,    2.50480589767099,  -33.61474619441258,    0.00000000000000,
  233,    4,    0.72656250000000,    0.01093750000000,    2.50729026544145,    0.00000000000000,    2.50729026544145,    0.00000657167192,    0.00000000000000,    0.00001647708904,    2.50480589767099,    0.00000000000000,    2.50480589767099,  -33.61474619441258,    0.00000000000000,
  233,    5,    0.72656250000000,    0.01406250000000,    2.50729026544145,    0.00000000000000,    2.50729026544145,    0.00000657167192,    0.00000000000000,    0.00001647708904,    2.50480589767099,    0.00000000000000,    2.50480589767099,  -33.61474619441258,    0.00000000000000,
  234,    1,    0.72968750000000,    0.00156250000000,    2.50299508023713,    0.00000000000000,    2.50299508023713,    0.00000663329969,    0.00000000000000,    0.00001660311650,    2.50050663296169,    0.00000000000000,    2.50050663296169,  -33.93734531136555,    0.00000000000000,
  234,    2,    0.72968750000000,    0.00468750000000,    2.50299508023713,    0.00000000000000,    2.50299508023713,    0.00000663329969,    0.00000000000000,    0.00001660311650,    2.50050663296169,    0.00000000000000,    2.50050663296169,  -33.93734531136555,    0.00000000000000,
  234,    3,    0.72968750000000,    0.00781250000000,    2.50299508023713,    0.00000000000000,    2.50299508023713,    0.00000663329969,    0.00000000000000,    0.00001660311650,    2.50050663296169,    0.00000000000000,    2.50050663296169,  -33.93734531136555,    0.00000000000000,
  234,    4,    0.72968750000000,    0.01093750000000,    2.50299508023713,    0.00000000000000,    2.50299508023713,    0.00000663329969,    0.00000000000000,    0.00001660311650,    2.50050663296169,    0.00000000000000,    2.50050663296169,  -33.93734531136555,    0.00000000000000,
  234,    5,    0.72968750000000,    0.01406250000000,    2.50299508023713,    0.00000000000000,    2.50299508023713,    0.00000663329969,    0.00000000000000,    0.00001660311650,    2.50050663296169,    0.00000000000000,    2.50050663296169,  -33.93734531136555,    0.00000000000000,
  235,    1,    0.73281250000000,    0.00156250000000,    2.49865171532307,    0.00000000000000,    2.49865171532307,    0.00000669370172,    0.00000000000000,    0.00001672522930,    2.49615912838138,    0.00000000000000,    2.49615912838138,  -34.25470937769671,    0.00000000000000,
  235,    2,    0.73281250000000,    0.00468750000000,    2.49865171532307,    0.00000000000000,    2.49865171532307,    0.00000669370172,    0.00000000000000,    0.00001672522930,    2.49615912838138,    0.00000000000000,    2.49615912838138,  -34.25470937769671,    0.00000000000000,
  235,    3,    0.73281250000000,    0.00781250000000,    2.49865171532307,    0.00000000000000,    2.49865171532307,    0.00000669370172,    0.00000000000000,    0.00001672522930,    2.49615912838138,    0.00000000000000,    2.49615912838138,  -34.25470937769671,    0.00000000000000,
  235,    4,    0.73281250000000,    0.01093750000000,    2.49865171532307,    0.00000000000000,    2.49865171532307,    0.00000669370172,    0.00000000000000,    0.00001672522930,    2.49615912838138,    0.00000000000000,    2.49615912838138,  -34.25470937769671,    0.00000000000000,
  235,    5,    0.73281250000000,    0.01406250000000,    2.49865171532307,    0.00000000000000,    2.49865171532307,    0.00000669370172,    0.00000000000000,    0.00001672522930,    2.49615912838138,    0.00000000000000,    2.49615912838138,  -34.25470937769671,    0.00000000000000,
  236,    1,    0.73593750000000,    0.00156250000000,    2.49426058988181,    0.00000000000000,    2.49426058988181,    0.00000675285988,    0.00000000000000,    0.00001684339227,    2.49176380295160,    0.00000000000000,    2.49176380295160,  -34.56680323527290,    0.00000000000000,
  236,    2,    0.73593750000000,    0.00468750000000,    2.49426058988181,    0.00000000000000,    2.49426058988181,    0.00000675285988,    0.00000000000000,    0.00001684339227,    2.49176380295160,    0.00000000000000,    2.49176380295160,  -34.56680323527290,    0.00000000000000,
  236,    3,    0.73593750000000,    0.00781250000000,    2.49426058988181,    0.00000000000000,    2.49426058988181,    0.00000675285988,    0.00000000000000,    0.00001684339227,    2.49176380295160,    0.00000000000000,    2.49176380295160,  -34.56680323527290,    0.00000000000000,
  236,    4,    0.73593750000000,    0.01093750000000,    2.49426058988181,    0.00000000000000,    2.49426058988181,    0.00000675285988,    0.00000000000000,    0.00001684339227,    2.49176380295160,    0.00000000000000,    2.49176380295160,  -34.56680323527290,    0.00000000000000,
  236,    5,    0.73593750000000,    0.01406250000000,    2.49426058988181,    0.00000000000000,    2.49426058988181,    0.00000675285988,    0.00000000000000,    0.00001684339227,    2.49176380295160,    0.00000000000000,    2.49176380295160,  -34.56680323527290,    0.00000000000000,
  237,    1,    0.73906250000000,    0.00156250000000,    2.48982212770594,    0.00000000000000,    2.48982212770594,    0.00000681075605,    0.00000000000000,    0.00001695757113,    2.48732108030295,    0.00000000000000,    2.48732108030295,  -34.87359299287385,    0.00000000000000,
  237,    2,    0.73906250000000,    0.00468750000000,    2.48982212770594,    0.00000000000000,    2.48982212770594,    0.00000681075605,    0.00000000000000,    0.00001695757113,    2.48732108030295,    0.00000000000000,    2.48732108030295,  -34.87359299287385,    0.00000000000000,
  237,    3,    0.73906250000000,    0.00781250000000,    2.48982212770594,    0.00000000000000,    2.48982212770594,    0.00000681075605,    0.00000000000000,    0.00001695757113,    2.48732108030295,    0.00000000000000,    2.48732108030295,  -34.87359299287385,    0.00000000000000,
  237,    4,    0.73906250000000,    0.01093750000000,    2.48982212770594,    0.00000000000000,    2.48982212770594,    0.00000681075605,    0.00000000000000,    0.00001695757113,    2.48732108030295,    0.00000000000000,    2.48732108030295,  -34.87359299287385,    0.00000000000000,
  237,    5,    0.73906250000000,    0.01406250000000,    2.48982212770594,    0.00000000000000,    2.48982212770594,    0.00000681075605,    0.00000000000000,    0.00001695757113,    2.48732108030295,    0.00000000000000,    2.48732108030295,  -34.87359299287385,    0.00000000000000,
  238,    1,    0.74218750000000,    0.00156250000000,    2.48533675715741,    0.00000000000000,    2.48533675715741,    0.00000686737216,    0.00000000000000,    0.00001706773245,    2.48283138863431,    0.00000000000000,    2.48283138863431,  -35.17504603092787,    0.00000000000000,
  238,    2,    0.74218750000000,    0.00468750000000,    2.48533675715741,    0.00000000000000,    2.48533675715741,    0.00000686737216,    0.00000000000000,    0.00001706773245,    2.48283138863431,    0.00000000000000,    2.48283138863431,  -35.17504603092787,    0.00000000000000,
  238,    3,    0.74218750000000,    0.00781250000000,    2.48533675715741,    0.00000000000000,    2.48533675715741,    0.00000686737216,    0.00000000000000,    0.00001706773245,    2.48283138863431,    0.00000000000000,    2.48283138863431,  -35.17504603092787,    0.00000000000000,
  238,    4,    0.74218750000000,    0.01093750000000,    2.48533675715741,    0.00000000000000,    2.48533675715741,    0.00000686737216,    0.00000000000000,    0.00001706773245,    2.48283138863431,    0.00000000000000,    2.48283138863431,  -35.17504603092787,    0.00000000000000,
  238,    5,    0.74218750000000,    0.01406250000000,    2.48533675715741,    0.00000000000000,    2.48533675715741,    0.00000686737216,    0.00000000000000,    0.00001706773245,    2.48283138863431,    0.00000000000000,    2.48283138863431,  -35.17504603092787,    0.00000000000000,
  239,    1,    0.74531250000000,    0.00156250000000,    2.48080491112613,    0.00000000000000,    2.48080491112613,    0.00000692269015,    0.00000000000000,    0.00001717384372,    2.47829516067149,    0.00000000000000,    2.47829516067149,  -35.47113100583184,    0.00000000000000,
  239,    2,    0.74531250000000,    0.00468750000000,    2.48080491112613,    0.00000000000000,    2.48080491112613,    0.00000692269015,    0.00000000000000,    0.00001717384372,    2.47829516067149,    0.00000000000000,    2.47829516067149,  -35.47113100583184,    0.00000000000000,
  239,    3,    0.74531250000000,    0.00781250000000,    2.48080491112613,    0.00000000000000,    2.48080491112613,    0.00000692269015,    0.00000000000000,    0.00001717384372,    2.47829516067149,    0.00000000000000,    2.47829516067149,  -35.47113100583184,    0.00000000000000,
  239,    4,    0.74531250000000,    0.01093750000000,    2.48080491112613,    0.00000000000000,    2.48080491112613,    0.00000692269015,    0.00000000000000,    0.00001717384372,    2.47829516067149,    0.00000000000000,    2.47829516067149,  -35.47113100583184,    0.00000000000000,
  239,    5,    0.74531250000000,    0.01406250000000,    2.48080491112613,    0.00000000000000,    2.48080491112613,    0.00000692269015,    0.00000000000000,    0.00001717384372,    2.47829516067149,    0.00000000000000,    2.47829516067149,  -35.47113100583184,    0.00000000000000,
  240,    1,    0.74843750000000,    0.00156250000000,    2.47622702698814,    0.00000000000000,    2.47622702698814,    0.00000697669200,    0.00000000000000,    0.00001727587329,    2.47371283362559,    0.00000000000000,    2.47371283362559,  -35.76181785385465,    0.00000000000000,
  240,    2,    0.74843750000000,    0.00468750000000,    2.47622702698814,    0.00000000000000,    2.47622702698814,    0.00000697669200,    0.00000000000000,    0.00001727587329,    2.47371283362559,    0.00000000000000,    2.47371283362559,  -35.76181785385465,    0.00000000000000,
  240,    3,    0.74843750000000,    0.00781250000000,    2.47622702698814,    0.00000000000000,    2.47622702698814,    0.00000697669200,    0.00000000000000,    0.00001727587329,    2.47371283362559,    0.00000000000000,    2.47371283362559,  -35.76181785385465,    0.00000000000000,
  240,    4,    0.74843750000000,    0.01093750000000,    2.47622702698814,    0.00000000000000,    2.47622702698814,    0.00000697669200,    0.00000000000000,    0.00001727587329,    2.47371283362559,    0.00000000000000,    2.47371283362559,  -35.76181785385465,    0.00000000000000,
  240,    5,    0.74843750000000,    0.01406250000000,    2.47622702698814,    0.00000000000000,    2.47622702698814,    0.00000697669200,    0.00000000000000,    0.00001727587329,    2.47371283362559,    0.00000000000000,    2.47371283362559,  -35.76181785385465,    0.00000000000000,
  241,    1,    0.75156250000000,    0.00156250000000,    2.47160354656356,    0.00000000000000,    2.47160354656356,    0.00000702935975,    0.00000000000000,    0.00001737379048,    2.46908484915083,    0.00000000000000,    2.46908484915083,  -36.04707779462321,    0.00000000000000,
  241,    2,    0.75156250000000,    0.00468750000000,    2.47160354656356,    0.00000000000000,    2.47160354656356,    0.00000702935975,    0.00000000000000,    0.00001737379048,    2.46908484915083,    0.00000000000000,    2.46908484915083,  -36.04707779462321,    0.00000000000000,
  241,    3,    0.75156250000000,    0.00781250000000,    2.47160354656356,    0.00000000000000,    2.47160354656356,    0.00000702935975,    0.00000000000000,    0.00001737379048,    2.46908484915083,    0.00000000000000,    2.46908484915083,  -36.04707779462321,    0.00000000000000,
  241,    4,    0.75156250000000,    0.01093750000000,    2.47160354656356,    0.00000000000000,    2.47160354656356,    0.00000702935975,    0.00000000000000,    0.00001737379048,    2.46908484915083,    0.00000000000000,    2.46908484915083,  -36.04707779462321,    0.00000000000000,
  241,    5,    0.75156250000000,    0.01406250000000,    2.47160354656356,    0.00000000000000,    2.47160354656356,    0.00000702935975,    0.00000000000000,    0.00001737379048,    2.46908484915083,    0.00000000000000,    2.46908484915083,  -36.04707779462321,    0.00000000000000,
  242,    1,    0.75468750000000,    0.00156250000000,    2.46693491607378,    0.00000000000000,    2.46693491607378,    0.00000708067547,    0.00000000000000,    0.00001746756554,    2.46441165330198,    0.00000000000000,    2.46441165330198,  -36.32688333419073,    0.00000000000000,
  242,    2,    0.75468750000000,    0.00468750000000,    2.46693491607378,    0.00000000000000,    2.46693491607378,    0.00000708067547,    0.00000000000000,    0.00001746756554,    2.46441165330198,    0.00000000000000,    2.46441165330198,  -36.32688333419073,    0.00000000000000,
  242,    3,    0.75468750000000,    0.00781250000000,    2.46693491607378,    0.00000000000000,    2.46693491607378,    0.00000708067547,    0.00000000000000,    0.00001746756554,    2.46441165330198,    0.00000000000000,    2.46441165330198,  -36.32688333419073,    0.00000000000000,
  242,    4,    0.75468750000000,    0.01093750000000,    2.46693491607378,    0.00000000000000,    2.46693491607378,    0.00000708067547,    0.00000000000000,    0.00001746756554,    2.46441165330198,    0.00000000000000,    2.46441165330198,  -36.32688333419073,    0.00000000000000,
  242,    5,    0.75468750000000,    0.01406250000000,    2.46693491607378,    0.00000000000000,    2.46693491607378,    0.00000708067547,    0.00000000000000,    0.00001746756554,    2.46441165330198,    0.00000000000000,    2.46441165330198,  -36.32688333419073,    0.00000000000000,
  243,    1,    0.75781250000000,    0.00156250000000,    2.46222158609853,    0.00000000000000,    2.46222158609853,    0.00000713062130,    0.00000000000000,    0.00001755716970,    2.45969369649138,    0.00000000000000,    2.45969369649138,  -36.60120826768654,    0.00000000000000,
  243,    2,    0.75781250000000,    0.00468750000000,    2.46222158609853,    0.00000000000000,    2.46222158609853,    0.00000713062130,    0.00000000000000,    0.00001755716970,    2.45969369649138,    0.00000000000000,    2.45969369649138,  -36.60120826768654,    0.00000000000000,
  243,    3,    0.75781250000000,    0.00781250000000,    2.46222158609853,    0.00000000000000,    2.46222158609853,    0.00000713062130,    0.00000000000000,    0.00001755716970,    2.45969369649138,    0.00000000000000,    2.45969369649138,  -36.60120826768654,    0.00000000000000,
  243,    4,    0.75781250000000,    0.01093750000000,    2.46222158609853,    0.00000000000000,    2.46222158609853,    0.00000713062130,    0.00000000000000,    0.00001755716970,    2.45969369649138,    0.00000000000000,    2.45969369649138,  -36.60120826768654,    0.00000000000000,
  243,    5,    0.75781250000000,    0.01406250000000,    2.46222158609853,    0.00000000000000,    2.46222158609853,    0.00000713062130,    0.00000000000000,    0.00001755716970,    2.45969369649138,    0.00000000000000,    2.45969369649138,  -36.60120826768654,    0.00000000000000,
  244,    1,    0.76093750000000,    0.00156250000000,    2.45746401153237,    0.00000000000000,    2.45746401153237,    0.00000717917946,    0.00000000000000,    0.00001764257515,    2.45493143344553,    0.00000000000000,    2.45493143344553,  -36.87002768154761,    0.00000000000000,
  244,    2,    0.76093750000000,    0.00468750000000,    2.45746401153237,    0.00000000000000,    2.45746401153237,    0.00000717917946,    0.00000000000000,    0.00001764257515,    2.45493143344553,    0.00000000000000,    2.45493143344553,  -36.87002768154761,    0.00000000000000,
  244,    3,    0.76093750000000,    0.00781250000000,    2.45746401153237,    0.00000000000000,    2.45746401153237,    0.00000717917946,    0.00000000000000,    0.00001764257515,    2.45493143344553,    0.00000000000000,    2.45493143344553,  -36.87002768154761,    0.00000000000000,
  244,    4,    0.76093750000000,    0.01093750000000,    2.45746401153237,    0.00000000000000,    2.45746401153237,    0.00000717917946,    0.00000000000000,    0.00001764257515,    2.45493143344553,    0.00000000000000,    2.45493143344553,  -36.87002768154761,    0.00000000000000,
  244,    5,    0.76093750000000,    0.01406250000000,    2.45746401153237,    0.00000000000000,    2.45746401153237,    0.00000717917946,    0.00000000000000,    0.00001764257515,    2.45493143344553,    0.00000000000000,    2.45493143344553,  -36.87002768154761,    0.00000000000000,
  245,    1,    0.76406250000000,    0.00156250000000,    2.45266265154074,    0.00000000000000,    2.45266265154074,    0.00000722633220,    0.00000000000000,    0.00001772375511,    2.45012532316126,    0.00000000000000,    2.45012532316126,  -37.13331795533120,    0.00000000000000,
  245,    2,    0.76406250000000,    0.00468750000000,    2.45266265154074,    0.00000000000000,    2.45266265154074,    0.00000722633220,    0.00000000000000,    0.00001772375511,    2.45012532316126,    0.00000000000000,    2.45012532316126,  -37.13331795533120,    0.00000000000000,
  245,    3,    0.76406250000000,    0.00781250000000,    2.45266265154074,    0.00000000000000,    2.45266265154074,    0.00000722633220,    0.00000000000000,    0.00001772375511,    2.45012532316126,    0.00000000000000,    2.45012532316126,  -37.13331795533120,    0.00000000000000,
  245,    4,    0.76406250000000,    0.01093750000000,    2.45266265154074,    0.00000000000000,    2.45266265154074,    0.00000722633220,    0.00000000000000,    0.00001772375511,    2.45012532316126,    0.00000000000000,    2.45012532316126,  -37.13331795533120,    0.00000000000000,
  245,    5,    0.76406250000000,    0.01406250000000,    2.45266265154074,    0.00000000000000,    2.45266265154074,    0.00000722633220,    0.00000000000000,    0.00001772375511,    2.45012532316126,    0.00000000000000,    2.45012532316126,  -37.13331795533120,    0.00000000000000,
  246,    1,    0.76718750000000,    0.00156250000000,    2.44781796951568,    0.00000000000000,    2.44781796951568,    0.00000727206190,    0.00000000000000,    0.00001780068380,    2.44527582886148,    0.00000000000000,    2.44527582886148,  -37.39105676310899,    0.00000000000000,
  246,    2,    0.76718750000000,    0.00468750000000,    2.44781796951568,    0.00000000000000,    2.44781796951568,    0.00000727206190,    0.00000000000000,    0.00001780068380,    2.44527582886148,    0.00000000000000,    2.44527582886148,  -37.39105676310899,    0.00000000000000,
  246,    3,    0.76718750000000,    0.00781250000000,    2.44781796951568,    0.00000000000000,    2.44781796951568,    0.00000727206190,    0.00000000000000,    0.00001780068380,    2.44527582886148,    0.00000000000000,    2.44527582886148,  -37.39105676310899,    0.00000000000000,
  246,    4,    0.76718750000000,    0.01093750000000,    2.44781796951568,    0.00000000000000,    2.44781796951568,    0.00000727206190,    0.00000000000000,    0.00001780068380,    2.44527582886148,    0.00000000000000,    2.44527582886148,  -37.39105676310899,    0.00000000000000,
  246,    5,    0.76718750000000,    0.01406250000000,    2.44781796951568,    0.00000000000000,    2.44781796951568,    0.00000727206190,    0.00000000000000,    0.00001780068380,    2.44527582886148,    0.00000000000000,    2.44527582886148,  -37.39105676310899,    0.00000000000000,
  247,    1,    0.77031250000000,    0.00156250000000,    2.44293043303115,    0.00000000000000,    2.44293043303115,    0.00000731635100,    0.00000000000000,    0.00001787333651,    2.44038341795054,    0.00000000000000,    2.44038341795054,  -37.64322307444301,    0.00000000000000,
  247,    2,    0.77031250000000,    0.00468750000000,    2.44293043303115,    0.00000000000000,    2.44293043303115,    0.00000731635100,    0.00000000000000,    0.00001787333651,    2.44038341795054,    0.00000000000000,    2.44038341795054,  -37.64322307444301,    0.00000000000000,
  247,    3,    0.77031250000000,    0.00781250000000,    2.44293043303115,    0.00000000000000,    2.44293043303115,    0.00000731635100,    0.00000000000000,    0.00001787333651,    2.44038341795054,    0.00000000000000,    2.44038341795054,  -37.64322307444301,    0.00000000000000,
  247,    4,    0.77031250000000,    0.01093750000000,    2.44293043303115,    0.00000000000000,    2.44293043303115,    0.00000731635100,    0.00000000000000,    0.00001787333651,    2.44038341795054,    0.00000000000000,    2.44038341795054,  -37.64322307444301,    0.00000000000000,
  247,    5,    0.77031250000000,    0.01406250000000,    2.44293043303115,    0.00000000000000,    2.44293043303115,    0.00000731635100,    0.00000000000000,    0.00001787333651,    2.44038341795054,    0.00000000000000,    2.44038341795054,  -37.64322307444301,    0.00000000000000,
  248,    1,    0.77343750000000,    0.00156250000000,    2.43800051379787,    0.00000000000000,    2.43800051379787,    0.00000735918202,    0.00000000000000,    0.00001794168956,    2.43544856196918,    0.00000000000000,    2.43544856196918,  -37.88979715494323,    0.00000000000000,
  248,    2,    0.77343750000000,    0.00468750000000,    2.43800051379787,    0.00000000000000,    2.43800051379787,    0.00000735918202,    0.00000000000000,    0.00001794168956,    2.43544856196918,    0.00000000000000,    2.43544856196918,  -37.88979715494323,    0.00000000000000,
  248,    3,    0.77343750000000,    0.00781250000000,    2.43800051379787,    0.00000000000000,    2.43800051379787,    0.00000735918202,    0.00000000000000,    0.00001794168956,    2.43544856196918,    0.00000000000000,    2.43544856196918,  -37.88979715494323,    0.00000000000000,
  248,    4,    0.77343750000000,    0.01093750000000,    2.43800051379787,    0.00000000000000,    2.43800051379787,    0.00000735918202,    0.00000000000000,    0.00001794168956,    2.43544856196918,    0.00000000000000,    2.43544856196918,  -37.88979715494323,    0.00000000000000,
  248,    5,    0.77343750000000,    0.01406250000000,    2.43800051379787,    0.00000000000000,    2.43800051379787,    0.00000735918202,    0.00000000000000,    0.00001794168956,    2.43544856196918,    0.00000000000000,    2.43544856196918,  -37.88979715494323,    0.00000000000000,
  249,    1,    0.77656250000000,    0.00156250000000,    2.43302868761770,    0.00000000000000,    2.43302868761770,    0.00000740053764,    0.00000000000000,    0.00001800572037,    2.43047173654911,    0.00000000000000,    2.43047173654911,  -38.13076056640793,    0.00000000000000,
  249,    2,    0.77656250000000,    0.00468750000000,    2.43302868761770,    0.00000000000000,    2.43302868761770,    0.00000740053764,    0.00000000000000,    0.00001800572037,    2.43047173654911,    0.00000000000000,    2.43047173654911,  -38.13076056640793,    0.00000000000000,
  249,    3,    0.77656250000000,    0.00781250000000,    2.43302868761770,    0.00000000000000,    2.43302868761770,    0.00000740053764,    0.00000000000000,    0.00001800572037,    2.43047173654911,    0.00000000000000,    2.43047173654911,  -38.13076056640793,    0.00000000000000,
  249,    4,    0.77656250000000,    0.01093750000000,    2.43302868761770,    0.00000000000000,    2.43302868761770,    0.00000740053764,    0.00000000000000,    0.00001800572037,    2.43047173654911,    0.00000000000000,    2.43047173654911,  -38.13076056640793,    0.00000000000000,
  249,    5,    0.77656250000000,    0.01406250000000,    2.43302868761770,    0.00000000000000,    2.43302868761770,    0.00000740053764,    0.00000000000000,    0.00001800572037,    2.43047173654911,    0.00000000000000,    2.43047173654911,  -38.13076056640793,    0.00000000000000,
  250,    1,    0.77968750000000,    0.00156250000000,    2.42801543433793,    0.00000000000000,    2.42801543433793,    0.00000744040059,    0.00000000000000,    0.00001806540746,    2.42545342136711,    0.00000000000000,    2.42545342136711,  -38.36609616654703,    0.00000000000000,
  250,    2,    0.77968750000000,    0.00468750000000,    2.42801543433793,    0.00000000000000,    2.42801543433793,    0.00000744040059,    0.00000000000000,    0.00001806540746,    2.42545342136711,    0.00000000000000,    2.42545342136711,  -38.36609616654703,    0.00000000000000,
  250,    3,    0.77968750000000,    0.00781250000000,    2.42801543433793,    0.00000000000000,    2.42801543433793,    0.00000744040059,    0.00000000000000,    0.00001806540746,    2.42545342136711,    0.00000000000000,    2.42545342136711,  -38.36609616654703,    0.00000000000000,
  250,    4,    0.77968750000000,    0.01093750000000,    2.42801543433793,    0.00000000000000,    2.42801543433793,    0.00000744040059,    0.00000000000000,    0.00001806540746,    2.42545342136711,    0.00000000000000,    2.42545342136711,  -38.36609616654703,    0.00000000000000,
  250,    5,    0.77968750000000,    0.01406250000000,    2.42801543433793,    0.00000000000000,    2.42801543433793,    0.00000744040059,    0.00000000000000,    0.00001806540746,    2.42545342136711,    0.00000000000000,    2.42545342136711,  -38.36609616654703,    0.00000000000000,
  251,    1,    0.78281250000000,    0.00156250000000,    2.42296123780473,    0.00000000000000,    2.42296123780473,    0.00000747875376,    0.00000000000000,    0.00001812073047,    2.42039410009884,    0.00000000000000,    2.42039410009884,  -38.59578810828951,    0.00000000000000,
  251,    2,    0.78281250000000,    0.00468750000000,    2.42296123780473,    0.00000000000000,    2.42296123780473,    0.00000747875376,    0.00000000000000,    0.00001812073047,    2.42039410009884,    0.00000000000000,    2.42039410009884,  -38.59578810828951,    0.00000000000000,
  251,    3,    0.78281250000000,    0.00781250000000,    2.42296123780473,    0.00000000000000,    2.42296123780473,    0.00000747875376,    0.00000000000000,    0.00001812073047,    2.42039410009884,    0.00000000000000,    2.42039410009884,  -38.59578810828951,    0.00000000000000,
  251,    4,    0.78281250000000,    0.01093750000000,    2.42296123780473,    0.00000000000000,    2.42296123780473,    0.00000747875376,    0.00000000000000,    0.00001812073047,    2.42039410009884,    0.00000000000000,    2.42039410009884,  -38.59578810828951,    0.00000000000000,
  251,    5,    0.78281250000000,    0.01406250000000,    2.42296123780473,    0.00000000000000,    2.42296123780473,    0.00000747875376,    0.00000000000000,    0.00001812073047,    2.42039410009884,    0.00000000000000,    2.42039410009884,  -38.59578810828951,    0.00000000000000,
  252,    1,    0.78593750000000,    0.00156250000000,    2.41786658581657,    0.00000000000000,    2.41786658581657,    0.00000751558017,    0.00000000000000,    0.00001817167016,    2.41529426037222,    0.00000000000000,    2.41529426037222,  -38.81982183867575,    0.00000000000000,
  252,    2,    0.78593750000000,    0.00468750000000,    2.41786658581657,    0.00000000000000,    2.41786658581657,    0.00000751558017,    0.00000000000000,    0.00001817167016,    2.41529426037222,    0.00000000000000,    2.41529426037222,  -38.81982183867575,    0.00000000000000,
  252,    3,    0.78593750000000,    0.00781250000000,    2.41786658581657,    0.00000000000000,    2.41786658581657,    0.00000751558017,    0.00000000000000,    0.00001817167016,    2.41529426037222,    0.00000000000000,    2.41529426037222,  -38.81982183867575,    0.00000000000000,
  252,    4,    0.78593750000000,    0.01093750000000,    2.41786658581657,    0.00000000000000,    2.41786658581657,    0.00000751558017,    0.00000000000000,    0.00001817167016,    2.41529426037222,    0.00000000000000,    2.41529426037222,  -38.81982183867575,    0.00000000000000,
  252,    5,    0.78593750000000,    0.01406250000000,    2.41786658581657,    0.00000000000000,    2.41786658581657,    0.00000751558017,    0.00000000000000,    0.00001817167016,    2.41529426037222,    0.00000000000000,    2.41529426037222,  -38.81982183867575,    0.00000000000000,
  253,    1,    0.78906250000000,    0.00156250000000,    2.41273197007713,    0.00000000000000,    2.41273197007713,    0.00000755086296,    0.00000000000000,    0.00001821820847,    2.41015439372042,    0.00000000000000,    2.41015439372042,  -39.03818409733584,    0.00000000000000,
  253,    2,    0.78906250000000,    0.00468750000000,    2.41273197007713,    0.00000000000000,    2.41273197007713,    0.00000755086296,    0.00000000000000,    0.00001821820847,    2.41015439372042,    0.00000000000000,    2.41015439372042,  -39.03818409733584,    0.00000000000000,
  253,    3,    0.78906250000000,    0.00781250000000,    2.41273197007713,    0.00000000000000,    2.41273197007713,    0.00000755086296,    0.00000000000000,    0.00001821820847,    2.41015439372042,    0.00000000000000,    2.41015439372042,  -39.03818409733584,    0.00000000000000,
  253,    4,    0.78906250000000,    0.01093750000000,    2.41273197007713,    0.00000000000000,    2.41273197007713,    0.00000755086296,    0.00000000000000,    0.00001821820847,    2.41015439372042,    0.00000000000000,    2.41015439372042,  -39.03818409733584,    0.00000000000000,
  253,    5,    0.78906250000000,    0.01406250000000,    2.41273197007713,    0.00000000000000,    2.41273197007713,    0.00000755086296,    0.00000000000000,    0.00001821820847,    2.41015439372042,    0.00000000000000,    2.41015439372042,  -39.03818409733584,    0.00000000000000,
  254,    1,    0.79218750000000,    0.00156250000000,    2.40755788614777,    0.00000000000000,    2.40755788614777,    0.00000758458544,    0.00000000000000,    0.00001826032850,    2.40497499553447,    0.00000000000000,    2.40497499553447,  -39.25086291455546,    0.00000000000000,
  254,    2,    0.79218750000000,    0.00468750000000,    2.40755788614777,    0.00000000000000,    2.40755788614777,    0.00000758458544,    0.00000000000000,    0.00001826032850,    2.40497499553447,    0.00000000000000,    2.40497499553447,  -39.25086291455546,    0.00000000000000,
  254,    3,    0.79218750000000,    0.00781250000000,    2.40755788614777,    0.00000000000000,    2.40755788614777,    0.00000758458544,    0.00000000000000,    0.00001826032850,    2.40497499553447,    0.00000000000000,    2.40497499553447,  -39.25086291455546,    0.00000000000000,
  254,    4,    0.79218750000000,    0.01093750000000,    2.40755788614777,    0.00000000000000,    2.40755788614777,    0.00000758458544,    0.00000000000000,    0.00001826032850,    2.40497499553447,    0.00000000000000,    2.40497499553447,  -39.25086291455546,    0.00000000000000,
  254,    5,    0.79218750000000,    0.01406250000000,    2.40755788614777,    0.00000000000000,    2.40755788614777,    0.00000758458544,    0.00000000000000,    0.00001826032850,    2.40497499553447,    0.00000000000000,    2.40497499553447,  -39.25086291455546,    0.00000000000000,
  255,    1,    0.79531250000000,    0.00156250000000,    2.40234483339977,    0.00000000000000,    2.40234483339977,    0.00000761673108,    0.00000000000000,    0.00001829801456,    2.39975656501557,    0.00000000000000,    2.39975656501557,  -39.45784760893022,    0.00000000000000,
  255,    2,    0.79531250000000,    0.00468750000000,    2.40234483339977,    0.00000000000000,    2.40234483339977,    0.00000761673108,    0.00000000000000,    0.00001829801456,    2.39975656501557,    0.00000000000000,    2.39975656501557,  -39.45784760893022,    0.00000000000000,
  255,    3,    0.79531250000000,    0.00781250000000,    2.40234483339977,    0.00000000000000,    2.40234483339977,    0.00000761673108,    0.00000000000000,    0.00001829801456,    2.39975656501557,    0.00000000000000,    2.39975656501557,  -39.45784760893022,    0.00000000000000,
  255,    4,    0.79531250000000,    0.01093750000000,    2.40234483339977,    0.00000000000000,    2.40234483339977,    0.00000761673108,    0.00000000000000,    0.00001829801456,    2.39975656501557,    0.00000000000000,    2.39975656501557,  -39.45784760893022,    0.00000000000000,
  255,    5,    0.79531250000000,    0.01406250000000,    2.40234483339977,    0.00000000000000,    2.40234483339977,    0.00000761673108,    0.00000000000000,    0.00001829801456,    2.39975656501557,    0.00000000000000,    2.39975656501557,  -39.45784760893022,    0.00000000000000,
  256,    1,    0.79843750000000,    0.00156250000000,    2.39709331496605,    0.00000000000000,    2.39709331496605,    0.00000764728350,    0.00000000000000,    0.00001833125217,    2.39449960512690,    0.00000000000000,    2.39449960512690,  -39.65912878461064,    0.00000000000000,
  256,    2,    0.79843750000000,    0.00468750000000,    2.39709331496605,    0.00000000000000,    2.39709331496605,    0.00000764728350,    0.00000000000000,    0.00001833125217,    2.39449960512690,    0.00000000000000,    2.39449960512690,  -39.65912878461064,    0.00000000000000,
  256,    3,    0.79843750000000,    0.00781250000000,    2.39709331496605,    0.00000000000000,    2.39709331496605,    0.00000764728350,    0.00000000000000,    0.00001833125217,    2.39449960512690,    0.00000000000000,    2.39449960512690,  -39.65912878461064,    0.00000000000000,
  256,    4,    0.79843750000000,    0.01093750000000,    2.39709331496605,    0.00000000000000,    2.39709331496605,    0.00000764728350,    0.00000000000000,    0.00001833125217,    2.39449960512690,    0.00000000000000,    2.39449960512690,  -39.65912878461064,    0.00000000000000,
  256,    5,    0.79843750000000,    0.01406250000000,    2.39709331496605,    0.00000000000000,    2.39709331496605,    0.00000764728350,    0.00000000000000,    0.00001833125217,    2.39449960512690,    0.00000000000000,    2.39449960512690,  -39.65912878461064,    0.00000000000000,
  257,    1,    0.80156250000000,    0.00156250000000,    2.39180383769258,    0.00000000000000,    2.39180383769258,    0.00000767622653,   -0.00000000000000,    0.00001836002808,    2.38920462254519,    0.00000000000000,    2.38920462254519,  -39.85469832813900,    0.00000000000000,
  257,    2,    0.80156250000000,    0.00468750000000,    2.39180383769258,    0.00000000000000,    2.39180383769258,    0.00000767622653,   -0.00000000000000,    0.00001836002808,    2.38920462254519,    0.00000000000000,    2.38920462254519,  -39.85469832813900,    0.00000000000000,
  257,    3,    0.80156250000000,    0.00781250000000,    2.39180383769258,    0.00000000000000,    2.39180383769258,    0.00000767622653,   -0.00000000000000,    0.00001836002808,    2.38920462254519,    0.00000000000000,    2.38920462254519,  -39.85469832813900,    0.00000000000000,
  257,    4,    0.80156250000000,    0.01093750000000,    2.39180383769258,    0.00000000000000,    2.39180383769258,    0.00000767622653,   -0.00000000000000,    0.00001836002808,    2.38920462254519,    0.00000000000000,    2.38920462254519,  -39.85469832813900,    0.00000000000000,
  257,    5,    0.80156250000000,    0.01406250000000,    2.39180383769258,    0.00000000000000,    2.39180383769258,    0.00000767622653,   -0.00000000000000,    0.00001836002808,    2.38920462254519,    0.00000000000000,    2.38920462254519,  -39.85469832813900,    0.00000000000000,
  258,    1,    0.80468750000000,    0.00156250000000,    2.38647691208953,    0.00000000000000,    2.38647691208953,    0.00000770354417,    0.00000000000000,    0.00001838433029,    2.38387212761190,    0.00000000000000,    2.38387212761190,  -40.04454940488020,    0.00000000000000,
  258,    2,    0.80468750000000,    0.00468750000000,    2.38647691208953,    0.00000000000000,    2.38647691208953,    0.00000770354417,    0.00000000000000,    0.00001838433029,    2.38387212761190,    0.00000000000000,    2.38387212761190,  -40.04454940488020,    0.00000000000000,
  258,    3,    0.80468750000000,    0.00781250000000,    2.38647691208953,    0.00000000000000,    2.38647691208953,    0.00000770354417,    0.00000000000000,    0.00001838433029,    2.38387212761190,    0.00000000000000,    2.38387212761190,  -40.04454940488020,    0.00000000000000,
  258,    4,    0.80468750000000,    0.01093750000000,    2.38647691208953,    0.00000000000000,    2.38647691208953,    0.00000770354417,    0.00000000000000,    0.00001838433029,    2.38387212761190,    0.00000000000000,    2.38387212761190,  -40.04454940488020,    0.00000000000000,
  258,    5,    0.80468750000000,    0.01406250000000,    2.38647691208953,    0.00000000000000,    2.38647691208953,    0.00000770354417,    0.00000000000000,    0.00001838433029,    2.38387212761190,    0.00000000000000,    2.38387212761190,  -40.04454940488020,    0.00000000000000,
  259,    1,    0.80781250000000,    0.00156250000000,    2.38111305228192,    0.00000000000000,    2.38111305228192,    0.00000772922062,    0.00000000000000,    0.00001840414810,    2.37850263428397,    0.00000000000000,    2.37850263428397,  -40.22867645504862,    0.00000000000000,
  259,    2,    0.80781250000000,    0.00468750000000,    2.38111305228192,    0.00000000000000,    2.38111305228192,    0.00000772922062,    0.00000000000000,    0.00001840414810,    2.37850263428397,    0.00000000000000,    2.37850263428397,  -40.22867645504862,    0.00000000000000,
  259,    3,    0.80781250000000,    0.00781250000000,    2.38111305228192,    0.00000000000000,    2.38111305228192,    0.00000772922062,    0.00000000000000,    0.00001840414810,    2.37850263428397,    0.00000000000000,    2.37850263428397,  -40.22867645504862,    0.00000000000000,
  259,    4,    0.80781250000000,    0.01093750000000,    2.38111305228192,    0.00000000000000,    2.38111305228192,    0.00000772922062,    0.00000000000000,    0.00001840414810,    2.37850263428397,    0.00000000000000,    2.37850263428397,  -40.22867645504862,    0.00000000000000,
  259,    5,    0.80781250000000,    0.01406250000000,    2.38111305228192,    0.00000000000000,    2.38111305228192,    0.00000772922062,    0.00000000000000,    0.00001840414810,    2.37850263428397,    0.00000000000000,    2.37850263428397,  -40.22867645504862,    0.00000000000000,
  260,    1,    0.81093750000000,    0.00156250000000,    2.37571277595990,    0.00000000000000,    2.37571277595990,    0.00000775324031,    0.00000000000000,    0.00001841947205,    2.37309666008436,    0.00000000000000,    2.37309666008436,  -40.40707518933296,    0.00000000000000,
  260,    2,    0.81093750000000,    0.00468750000000,    2.37571277595990,    0.00000000000000,    2.37571277595990,    0.00000775324031,    0.00000000000000,    0.00001841947205,    2.37309666008436,    0.00000000000000,    2.37309666008436,  -40.40707518933296,    0.00000000000000,
  260,    3,    0.81093750000000,    0.00781250000000,    2.37571277595990,    0.00000000000000,    2.37571277595990,    0.00000775324031,    0.00000000000000,    0.00001841947205,    2.37309666008436,    0.00000000000000,    2.37309666008436,  -40.40707518933296,    0.00000000000000,
  260,    4,    0.81093750000000,    0.01093750000000,    2.37571277595990,    0.00000000000000,    2.37571277595990,    0.00000775324031,    0.00000000000000,    0.00001841947205,    2.37309666008436,    0.00000000000000,    2.37309666008436,  -40.40707518933296,    0.00000000000000,
  260,    5,    0.81093750000000,    0.01406250000000,    2.37571277595990,    0.00000000000000,    2.37571277595990,    0.00000775324031,    0.00000000000000,    0.00001841947205,    2.37309666008436,    0.00000000000000,    2.37309666008436,  -40.40707518933296,    0.00000000000000,
  261,    1,    0.81406250000000,    0.00156250000000,    2.37027660432890,    0.00000000000000,    2.37027660432890,    0.00000777558788,    0.00000000000000,    0.00001843029404,    2.36765472605211,    0.00000000000000,    2.36765472605211,  -40.57974258412176,    0.00000000000000,
  261,    2,    0.81406250000000,    0.00468750000000,    2.37027660432890,    0.00000000000000,    2.37027660432890,    0.00000777558788,    0.00000000000000,    0.00001843029404,    2.36765472605211,    0.00000000000000,    2.36765472605211,  -40.57974258412176,    0.00000000000000,
  261,    3,    0.81406250000000,    0.00781250000000,    2.37027660432890,    0.00000000000000,    2.37027660432890,    0.00000777558788,    0.00000000000000,    0.00001843029404,    2.36765472605211,    0.00000000000000,    2.36765472605211,  -40.57974258412176,    0.00000000000000,
  261,    4,    0.81406250000000,    0.01093750000000,    2.37027660432890,    0.00000000000000,    2.37027660432890,    0.00000777558788,    0.00000000000000,    0.00001843029404,    2.36765472605211,    0.00000000000000,    2.36765472605211,  -40.57974258412176,    0.00000000000000,
  261,    5,    0.81406250000000,    0.01406250000000,    2.37027660432890,    0.00000000000000,    2.37027660432890,    0.00000777558788,    0.00000000000000,    0.00001843029404,    2.36765472605211,    0.00000000000000,    2.36765472605211,  -40.57974258412176,    0.00000000000000,
  262,    1,    0.81718750000000,    0.00156250000000,    2.36480506205917,    0.00000000000000,    2.36480506205917,    0.00000779624822,    0.00000000000000,    0.00001843660725,    2.36217735669215,    0.00000000000000,    2.36217735669215,  -40.74667687633163,    0.00000000000000,
  262,    2,    0.81718750000000,    0.00468750000000,    2.36480506205917,    0.00000000000000,    2.36480506205917,    0.00000779624822,    0.00000000000000,    0.00001843660725,    2.36217735669215,    0.00000000000000,    2.36217735669215,  -40.74667687633163,    0.00000000000000,
  262,    3,    0.81718750000000,    0.00781250000000,    2.36480506205917,    0.00000000000000,    2.36480506205917,    0.00000779624822,    0.00000000000000,    0.00001843660725,    2.36217735669215,    0.00000000000000,    2.36217735669215,  -40.74667687633163,    0.00000000000000,
  262,    4,    0.81718750000000,    0.01093750000000,    2.36480506205917,    0.00000000000000,    2.36480506205917,    0.00000779624822,    0.00000000000000,    0.00001843660725,    2.36217735669215,    0.00000000000000,    2.36217735669215,  -40.74667687633163,    0.00000000000000,
  262,    5,    0.81718750000000,    0.01406250000000,    2.36480506205917,    0.00000000000000,    2.36480506205917,    0.00000779624822,    0.00000000000000,    0.00001843660725,    2.36217735669215,    0.00000000000000,    2.36217735669215,  -40.74667687633163,    0.00000000000000,
  263,    1,    0.82031250000000,    0.00156250000000,    2.35929867723516,    0.00000000000000,    2.35929867723516,    0.00000781520646,    0.00000000000000,    0.00001843840625,    2.35666507992473,    0.00000000000000,    2.35666507992473,  -40.90787755784105,    0.00000000000000,
  263,    2,    0.82031250000000,    0.00468750000000,    2.35929867723516,    0.00000000000000,    2.35929867723516,    0.00000781520646,    0.00000000000000,    0.00001843840625,    2.35666507992473,    0.00000000000000,    2.35666507992473,  -40.90787755784105,    0.00000000000000,
  263,    3,    0.82031250000000,    0.00781250000000,    2.35929867723516,    0.00000000000000,    2.35929867723516,    0.00000781520646,    0.00000000000000,    0.00001843840625,    2.35666507992473,    0.00000000000000,    2.35666507992473,  -40.90787755784105,    0.00000000000000,
  263,    4,    0.82031250000000,    0.01093750000000,    2.35929867723516,    0.00000000000000,    2.35929867723516,    0.00000781520646,    0.00000000000000,    0.00001843840625,    2.35666507992473,    0.00000000000000,    2.35666507992473,  -40.90787755784105,    0.00000000000000,
  263,    5,    0.82031250000000,    0.01406250000000,    2.35929867723516,    0.00000000000000,    2.35929867723516,    0.00000781520646,    0.00000000000000,    0.00001843840625,    2.35666507992473,    0.00000000000000,    2.35666507992473,  -40.90787755784105,    0.00000000000000,
  264,    1,    0.82343750000000,    0.00156250000000,    2.35375798130462,    0.00000000000000,    2.35375798130462,    0.00000783244798,    0.00000000000000,    0.00001843568694,    2.35111842703457,    0.00000000000000,    2.35111842703457,  -41.06334536953244,    0.00000000000000,
  264,    2,    0.82343750000000,    0.00468750000000,    2.35375798130462,    0.00000000000000,    2.35375798130462,    0.00000783244798,    0.00000000000000,    0.00001843568694,    2.35111842703457,    0.00000000000000,    2.35111842703457,  -41.06334536953244,    0.00000000000000,
  264,    3,    0.82343750000000,    0.00781250000000,    2.35375798130462,    0.00000000000000,    2.35375798130462,    0.00000783244798,    0.00000000000000,    0.00001843568694,    2.35111842703457,    0.00000000000000,    2.35111842703457,  -41.06334536953244,    0.00000000000000,
  264,    4,    0.82343750000000,    0.01093750000000,    2.35375798130462,    0.00000000000000,    2.35375798130462,    0.00000783244798,    0.00000000000000,    0.00001843568694,    2.35111842703457,    0.00000000000000,    2.35111842703457,  -41.06334536953244,    0.00000000000000,
  264,    5,    0.82343750000000,    0.01406250000000,    2.35375798130462,    0.00000000000000,    2.35375798130462,    0.00000783244798,    0.00000000000000,    0.00001843568694,    2.35111842703457,    0.00000000000000,    2.35111842703457,  -41.06334536953244,    0.00000000000000,
  265,    1,    0.82656250000000,    0.00156250000000,    2.34818350902695,    0.00000000000000,    2.34818350902695,    0.00000784795846,    0.00000000000000,    0.00001842844662,    2.34553793261961,    0.00000000000000,    2.34553793261961,  -41.21308229494543,    0.00000000000000,
  265,    2,    0.82656250000000,    0.00468750000000,    2.34818350902695,    0.00000000000000,    2.34818350902695,    0.00000784795846,    0.00000000000000,    0.00001842844662,    2.34553793261961,    0.00000000000000,    2.34553793261961,  -41.21308229494543,    0.00000000000000,
  265,    3,    0.82656250000000,    0.00781250000000,    2.34818350902695,    0.00000000000000,    2.34818350902695,    0.00000784795846,    0.00000000000000,    0.00001842844662,    2.34553793261961,    0.00000000000000,    2.34553793261961,  -41.21308229494543,    0.00000000000000,
  265,    4,    0.82656250000000,    0.01093750000000,    2.34818350902695,    0.00000000000000,    2.34818350902695,    0.00000784795846,    0.00000000000000,    0.00001842844662,    2.34553793261961,    0.00000000000000,    2.34553793261961,  -41.21308229494543,    0.00000000000000,
  265,    5,    0.82656250000000,    0.01406250000000,    2.34818350902695,    0.00000000000000,    2.34818350902695,    0.00000784795846,    0.00000000000000,    0.00001842844662,    2.34553793261961,    0.00000000000000,    2.34553793261961,  -41.21308229494543,    0.00000000000000,
  266,    1,    0.82968750000000,    0.00156250000000,    2.34257579842191,    0.00000000000000,    2.34257579842191,    0.00000786172383,    0.00000000000000,    0.00001841668398,    2.33992413453952,    0.00000000000000,    2.33992413453952,  -41.35709155354415,    0.00000000000000,
  266,    2,    0.82968750000000,    0.00468750000000,    2.34257579842191,    0.00000000000000,    2.34257579842191,    0.00000786172383,    0.00000000000000,    0.00001841668398,    2.33992413453952,    0.00000000000000,    2.33992413453952,  -41.35709155354415,    0.00000000000000,
  266,    3,    0.82968750000000,    0.00781250000000,    2.34257579842191,    0.00000000000000,    2.34257579842191,    0.00000786172383,    0.00000000000000,    0.00001841668398,    2.33992413453952,    0.00000000000000,    2.33992413453952,  -41.35709155354415,    0.00000000000000,
  266,    4,    0.82968750000000,    0.01093750000000,    2.34257579842191,    0.00000000000000,    2.34257579842191,    0.00000786172383,    0.00000000000000,    0.00001841668398,    2.33992413453952,    0.00000000000000,    2.33992413453952,  -41.35709155354415,    0.00000000000000,
  266,    5,    0.82968750000000,    0.01406250000000,    2.34257579842191,    0.00000000000000,    2.34257579842191,    0.00000786172383,    0.00000000000000,    0.00001841668398,    2.33992413453952,    0.00000000000000,    2.33992413453952,  -41.35709155354415,    0.00000000000000,
  267,    1,    0.83281250000000,    0.00156250000000,    2.33693539071747,    0.00000000000000,    2.33693539071747,    0.00000787373035,   -0.00000000000000,    0.00001840039912,    2.33427757386385,    0.00000000000000,    2.33427757386385,  -41.49537759360209,    0.00000000000000,
  267,    2,    0.83281250000000,    0.00468750000000,    2.33693539071747,    0.00000000000000,    2.33693539071747,    0.00000787373035,   -0.00000000000000,    0.00001840039912,    2.33427757386385,    0.00000000000000,    2.33427757386385,  -41.49537759360209,    0.00000000000000,
  267,    3,    0.83281250000000,    0.00781250000000,    2.33693539071747,    0.00000000000000,    2.33693539071747,    0.00000787373035,   -0.00000000000000,    0.00001840039912,    2.33427757386385,    0.00000000000000,    2.33427757386385,  -41.49537759360209,    0.00000000000000,
  267,    4,    0.83281250000000,    0.01093750000000,    2.33693539071747,    0.00000000000000,    2.33693539071747,    0.00000787373035,   -0.00000000000000,    0.00001840039912,    2.33427757386385,    0.00000000000000,    2.33427757386385,  -41.49537759360209,    0.00000000000000,
  267,    5,    0.83281250000000,    0.01406250000000,    2.33693539071747,    0.00000000000000,    2.33693539071747,    0.00000787373035,   -0.00000000000000,    0.00001840039912,    2.33427757386385,    0.00000000000000,    2.33427757386385,  -41.49537759360209,    0.00000000000000,
  268,    1,    0.83593750000000,    0.00156250000000,    2.33126283029743,    0.00000000000000,    2.33126283029743,    0.00000788396458,   -0.00000000000000,    0.00001837959358,    2.32859879481986,    0.00000000000000,    2.32859879481986,  -41.62794608470741,    0.00000000000000,
  268,    2,    0.83593750000000,    0.00468750000000,    2.33126283029743,    0.00000000000000,    2.33126283029743,    0.00000788396458,   -0.00000000000000,    0.00001837959358,    2.32859879481986,    0.00000000000000,    2.32859879481986,  -41.62794608470741,    0.00000000000000,
  268,    3,    0.83593750000000,    0.00781250000000,    2.33126283029743,    0.00000000000000,    2.33126283029743,    0.00000788396458,   -0.00000000000000,    0.00001837959358,    2.32859879481986,    0.00000000000000,    2.32859879481986,  -41.62794608470741,    0.00000000000000,
  268,    4,    0.83593750000000,    0.01093750000000,    2.33126283029743,    0.00000000000000,    2.33126283029743,    0.00000788396458,   -0.00000000000000,    0.00001837959358,    2.32859879481986,    0.00000000000000,    2.32859879481986,  -41.62794608470741,    0.00000000000000,
  268,    5,    0.83593750000000,    0.01406250000000,    2.33126283029743,    0.00000000000000,    2.33126283029743,    0.00000788396458,   -0.00000000000000,    0.00001837959358,    2.32859879481986,    0.00000000000000,    2.32859879481986,  -41.62794608470741,    0.00000000000000,
  269,    1,    0.83906250000000,    0.00156250000000,    2.32555866464906,    0.00000000000000,    2.32555866464906,    0.00000789241339,    0.00000000000000,    0.00001835427034,    2.32288834474009,    0.00000000000000,    2.32288834474009,  -41.75480390989247,    0.00000000000000,
  269,    2,    0.83906250000000,    0.00468750000000,    2.32555866464906,    0.00000000000000,    2.32555866464906,    0.00000789241339,    0.00000000000000,    0.00001835427034,    2.32288834474009,    0.00000000000000,    2.32288834474009,  -41.75480390989247,    0.00000000000000,
  269,    3,    0.83906250000000,    0.00781250000000,    2.32555866464906,    0.00000000000000,    2.32555866464906,    0.00000789241339,    0.00000000000000,    0.00001835427034,    2.32288834474009,    0.00000000000000,    2.32288834474009,  -41.75480390989247,    0.00000000000000,
  269,    4,    0.83906250000000,    0.01093750000000,    2.32555866464906,    0.00000000000000,    2.32555866464906,    0.00000789241339,    0.00000000000000,    0.00001835427034,    2.32288834474009,    0.00000000000000,    2.32288834474009,  -41.75480390989247,    0.00000000000000,
  269,    5,    0.83906250000000,    0.01406250000000,    2.32555866464906,    0.00000000000000,    2.32555866464906,    0.00000789241339,    0.00000000000000,    0.00001835427034,    2.32288834474009,    0.00000000000000,    2.32288834474009,  -41.75480390989247,    0.00000000000000,
  270,    1,    0.84218750000000,    0.00156250000000,    2.31982344431000,    0.00000000000000,    2.31982344431000,    0.00000789906400,    0.00000000000000,    0.00001832443385,    2.31714677400962,    0.00000000000000,    2.31714677400962,  -41.87595915739106,    0.00000000000000,
  270,    2,    0.84218750000000,    0.00468750000000,    2.31982344431000,    0.00000000000000,    2.31982344431000,    0.00000789906400,    0.00000000000000,    0.00001832443385,    2.31714677400962,    0.00000000000000,    2.31714677400962,  -41.87595915739106,    0.00000000000000,
  270,    3,    0.84218750000000,    0.00781250000000,    2.31982344431000,    0.00000000000000,    2.31982344431000,    0.00000789906400,    0.00000000000000,    0.00001832443385,    2.31714677400962,    0.00000000000000,    2.31714677400962,  -41.87595915739106,    0.00000000000000,
  270,    4,    0.84218750000000,    0.01093750000000,    2.31982344431000,    0.00000000000000,    2.31982344431000,    0.00000789906400,    0.00000000000000,    0.00001832443385,    2.31714677400962,    0.00000000000000,    2.31714677400962,  -41.87595915739106,    0.00000000000000,
  270,    5,    0.84218750000000,    0.01406250000000,    2.31982344431000,    0.00000000000000,    2.31982344431000,    0.00000789906400,    0.00000000000000,    0.00001832443385,    2.31714677400962,    0.00000000000000,    2.31714677400962,  -41.87595915739106,    0.00000000000000,
  271,    1,    0.84531250000000,    0.00156250000000,    2.31405772281514,    0.00000000000000,    2.31405772281514,    0.00000790390398,    0.00000000000000,    0.00001829009006,    2.31137463601298,    0.00000000000000,    2.31137463601298,  -41.99142111202696,    0.00000000000000,
  271,    2,    0.84531250000000,    0.00468750000000,    2.31405772281514,    0.00000000000000,    2.31405772281514,    0.00000790390398,    0.00000000000000,    0.00001829009006,    2.31137463601298,    0.00000000000000,    2.31137463601298,  -41.99142111202696,    0.00000000000000,
  271,    3,    0.84531250000000,    0.00781250000000,    2.31405772281514,    0.00000000000000,    2.31405772281514,    0.00000790390398,    0.00000000000000,    0.00001829009006,    2.31137463601298,    0.00000000000000,    2.31137463601298,  -41.99142111202696,    0.00000000000000,
  271,    4,    0.84531250000000,    0.01093750000000,    2.31405772281514,    0.00000000000000,    2.31405772281514,    0.00000790390398,    0.00000000000000,    0.00001829009006,    2.31137463601298,    0.00000000000000,    2.31137463601298,  -41.99142111202696,    0.00000000000000,
  271,    5,    0.84531250000000,    0.01406250000000,    2.31405772281514,    0.00000000000000,    2.31405772281514,    0.00000790390398,    0.00000000000000,    0.00001829009006,    2.31137463601298,    0.00000000000000,    2.31137463601298,  -41.99142111202696,    0.00000000000000,
  272,    1,    0.84843750000000,    0.00156250000000,    2.30826205664313,    0.00000000000000,    2.30826205664313,    0.00000790692127,    0.00000000000000,    0.00001825124636,    2.30557248708085,    0.00000000000000,    2.30557248708085,  -42.10120024623781,    0.00000000000000,
  272,    2,    0.84843750000000,    0.00468750000000,    2.30826205664313,    0.00000000000000,    2.30826205664313,    0.00000790692127,    0.00000000000000,    0.00001825124636,    2.30557248708085,    0.00000000000000,    2.30557248708085,  -42.10120024623781,    0.00000000000000,
  272,    3,    0.84843750000000,    0.00781250000000,    2.30826205664313,    0.00000000000000,    2.30826205664313,    0.00000790692127,    0.00000000000000,    0.00001825124636,    2.30557248708085,    0.00000000000000,    2.30557248708085,  -42.10120024623781,    0.00000000000000,
  272,    4,    0.84843750000000,    0.01093750000000,    2.30826205664313,    0.00000000000000,    2.30826205664313,    0.00000790692127,    0.00000000000000,    0.00001825124636,    2.30557248708085,    0.00000000000000,    2.30557248708085,  -42.10120024623781,    0.00000000000000,
  272,    5,    0.84843750000000,    0.01406250000000,    2.30826205664313,    0.00000000000000,    2.30826205664313,    0.00000790692127,    0.00000000000000,    0.00001825124636,    2.30557248708085,    0.00000000000000,    2.30557248708085,  -42.10120024623781,    0.00000000000000,
  273,    1,    0.85156250000000,    0.00156250000000,    2.30243700516256,    0.00000000000000,    2.30243700516256,    0.00000790810418,    0.00000000000000,    0.00001820791171,    2.29974088643640,    0.00000000000000,    2.29974088643640,  -42.20530821073817,    0.00000000000000,
  273,    2,    0.85156250000000,    0.00468750000000,    2.30243700516256,    0.00000000000000,    2.30243700516256,    0.00000790810418,    0.00000000000000,    0.00001820791171,    2.29974088643640,    0.00000000000000,    2.29974088643640,  -42.20530821073817,    0.00000000000000,
  273,    3,    0.85156250000000,    0.00781250000000,    2.30243700516256,    0.00000000000000,    2.30243700516256,    0.00000790810418,    0.00000000000000,    0.00001820791171,    2.29974088643640,    0.00000000000000,    2.29974088643640,  -42.20530821073817,    0.00000000000000,
  273,    4,    0.85156250000000,    0.01093750000000,    2.30243700516256,    0.00000000000000,    2.30243700516256,    0.00000790810418,    0.00000000000000,    0.00001820791171,    2.29974088643640,    0.00000000000000,    2.29974088643640,  -42.20530821073817,    0.00000000000000,
  273,    5,    0.85156250000000,    0.01406250000000,    2.30243700516256,    0.00000000000000,    2.30243700516256,    0.00000790810418,    0.00000000000000,    0.00001820791171,    2.29974088643640,    0.00000000000000,    2.29974088643640,  -42.20530821073817,    0.00000000000000,
  274,    1,    0.85468750000000,    0.00156250000000,    2.29658313057805,    0.00000000000000,    2.29658313057805,    0.00000790744141,    0.00000000000000,    0.00001816009655,    2.29388039614146,    0.00000000000000,    2.29388039614146,  -42.30375782482603,    0.00000000000000,
  274,    2,    0.85468750000000,    0.00468750000000,    2.29658313057805,    0.00000000000000,    2.29658313057805,    0.00000790744141,    0.00000000000000,    0.00001816009655,    2.29388039614146,    0.00000000000000,    2.29388039614146,  -42.30375782482603,    0.00000000000000,
  274,    3,    0.85468750000000,    0.00781250000000,    2.29658313057805,    0.00000000000000,    2.29658313057805,    0.00000790744141,    0.00000000000000,    0.00001816009655,    2.29388039614146,    0.00000000000000,    2.29388039614146,  -42.30375782482603,    0.00000000000000,
  274,    4,    0.85468750000000,    0.01093750000000,    2.29658313057805,    0.00000000000000,    2.29658313057805,    0.00000790744141,    0.00000000000000,    0.00001816009655,    2.29388039614146,    0.00000000000000,    2.29388039614146,  -42.30375782482603,    0.00000000000000,
  274,    5,    0.85468750000000,    0.01406250000000,    2.29658313057805,    0.00000000000000,    2.29658313057805,    0.00000790744141,    0.00000000000000,    0.00001816009655,    2.29388039614146,    0.00000000000000,    2.29388039614146,  -42.30375782482603,    0.00000000000000,
  275,    1,    0.85781250000000,    0.00156250000000,    2.29070099787563,    0.00000000000000,    2.29070099787563,    0.00000790492208,   -0.00000000000000,    0.00001810781290,    2.28799158104227,    0.00000000000000,    2.28799158104227,  -42.39656306633669,    0.00000000000000,
  275,    2,    0.85781250000000,    0.00468750000000,    2.29070099787563,    0.00000000000000,    2.29070099787563,    0.00000790492208,   -0.00000000000000,    0.00001810781290,    2.28799158104227,    0.00000000000000,    2.28799158104227,  -42.39656306633669,    0.00000000000000,
  275,    3,    0.85781250000000,    0.00781250000000,    2.29070099787563,    0.00000000000000,    2.29070099787563,    0.00000790492208,   -0.00000000000000,    0.00001810781290,    2.28799158104227,    0.00000000000000,    2.28799158104227,  -42.39656306633669,    0.00000000000000,
  275,    4,    0.85781250000000,    0.01093750000000,    2.29070099787563,    0.00000000000000,    2.29070099787563,    0.00000790492208,   -0.00000000000000,    0.00001810781290,    2.28799158104227,    0.00000000000000,    2.28799158104227,  -42.39656306633669,    0.00000000000000,
  275,    5,    0.85781250000000,    0.01406250000000,    2.29070099787563,    0.00000000000000,    2.29070099787563,    0.00000790492208,   -0.00000000000000,    0.00001810781290,    2.28799158104227,    0.00000000000000,    2.28799158104227,  -42.39656306633669,    0.00000000000000,
  276,    1,    0.86093750000000,    0.00156250000000,    2.28479117476841,    0.00000000000000,    2.28479117476841,    0.00000790053572,    0.00000000000000,    0.00001805107428,    2.28207500871510,    0.00000000000000,    2.28207500871510,  -42.48373906124884,    0.00000000000000,
  276,    2,    0.86093750000000,    0.00468750000000,    2.28479117476841,    0.00000000000000,    2.28479117476841,    0.00000790053572,    0.00000000000000,    0.00001805107428,    2.28207500871510,    0.00000000000000,    2.28207500871510,  -42.48373906124884,    0.00000000000000,
  276,    3,    0.86093750000000,    0.00781250000000,    2.28479117476841,    0.00000000000000,    2.28479117476841,    0.00000790053572,    0.00000000000000,    0.00001805107428,    2.28207500871510,    0.00000000000000,    2.28207500871510,  -42.48373906124884,    0.00000000000000,
  276,    4,    0.86093750000000,    0.01093750000000,    2.28479117476841,    0.00000000000000,    2.28479117476841,    0.00000790053572,    0.00000000000000,    0.00001805107428,    2.28207500871510,    0.00000000000000,    2.28207500871510,  -42.48373906124884,    0.00000000000000,
  276,    5,    0.86093750000000,    0.01406250000000,    2.28479117476841,    0.00000000000000,    2.28479117476841,    0.00000790053572,    0.00000000000000,    0.00001805107428,    2.28207500871510,    0.00000000000000,    2.28207500871510,  -42.48373906124884,    0.00000000000000,
  277,    1,    0.86406250000000,    0.00156250000000,    2.27885423164154,    0.00000000000000,    2.27885423164154,    0.00000789427230,   -0.00000000000000,    0.00001798989583,    2.27613124941148,    0.00000000000000,    2.27613124941148,  -42.56530207294691,    0.00000000000000,
  277,    2,    0.86406250000000,    0.00468750000000,    2.27885423164154,    0.00000000000000,    2.27885423164154,    0.00000789427230,   -0.00000000000000,    0.00001798989583,    2.27613124941148,    0.00000000000000,    2.27613124941148,  -42.56530207294691,    0.00000000000000,
  277,    3,    0.86406250000000,    0.00781250000000,    2.27885423164154,    0.00000000000000,    2.27885423164154,    0.00000789427230,   -0.00000000000000,    0.00001798989583,    2.27613124941148,    0.00000000000000,    2.27613124941148,  -42.56530207294691,    0.00000000000000,
  277,    4,    0.86406250000000,    0.01093750000000,    2.27885423164154,    0.00000000000000,    2.27885423164154,    0.00000789427230,   -0.00000000000000,    0.00001798989583,    2.27613124941148,    0.00000000000000,    2.27613124941148,  -42.56530207294691,    0.00000000000000,
  277,    5,    0.86406250000000,    0.01406250000000,    2.27885423164154,    0.00000000000000,    2.27885423164154,    0.00000789427230,   -0.00000000000000,    0.00001798989583,    2.27613124941148,    0.00000000000000,    2.27613124941148,  -42.56530207294691,    0.00000000000000,
  278,    1,    0.86718750000000,    0.00156250000000,    2.27289074149712,    0.00000000000000,    2.27289074149712,    0.00000788612224,    0.00000000000000,    0.00001792429421,    2.27016087600333,    0.00000000000000,    2.27016087600333,  -42.64126949114452,    0.00000000000000,
  278,    2,    0.86718750000000,    0.00468750000000,    2.27289074149712,    0.00000000000000,    2.27289074149712,    0.00000788612224,    0.00000000000000,    0.00001792429421,    2.27016087600333,    0.00000000000000,    2.27016087600333,  -42.64126949114452,    0.00000000000000,
  278,    3,    0.86718750000000,    0.00781250000000,    2.27289074149712,    0.00000000000000,    2.27289074149712,    0.00000788612224,    0.00000000000000,    0.00001792429421,    2.27016087600333,    0.00000000000000,    2.27016087600333,  -42.64126949114452,    0.00000000000000,
  278,    4,    0.86718750000000,    0.01093750000000,    2.27289074149712,    0.00000000000000,    2.27289074149712,    0.00000788612224,    0.00000000000000,    0.00001792429421,    2.27016087600333,    0.00000000000000,    2.27016087600333,  -42.64126949114452,    0.00000000000000,
  278,    5,    0.86718750000000,    0.01406250000000,    2.27289074149712,    0.00000000000000,    2.27289074149712,    0.00000788612224,    0.00000000000000,    0.00001792429421,    2.27016087600333,    0.00000000000000,    2.27016087600333,  -42.64126949114452,    0.00000000000000,
  279,    1,    0.87031250000000,    0.00156250000000,    2.26690127989876,    0.00000000000000,    2.26690127989876,    0.00000787607643,    0.00000000000000,    0.00001785428773,    2.26416446392764,    0.00000000000000,    2.26416446392764,  -42.71165982047369,    0.00000000000000,
  279,    2,    0.87031250000000,    0.00468750000000,    2.26690127989876,    0.00000000000000,    2.26690127989876,    0.00000787607643,    0.00000000000000,    0.00001785428773,    2.26416446392764,    0.00000000000000,    2.26416446392764,  -42.71165982047369,    0.00000000000000,
  279,    3,    0.87031250000000,    0.00781250000000,    2.26690127989876,    0.00000000000000,    2.26690127989876,    0.00000787607643,    0.00000000000000,    0.00001785428773,    2.26416446392764,    0.00000000000000,    2.26416446392764,  -42.71165982047369,    0.00000000000000,
  279,    4,    0.87031250000000,    0.01093750000000,    2.26690127989876,    0.00000000000000,    2.26690127989876,    0.00000787607643,    0.00000000000000,    0.00001785428773,    2.26416446392764,    0.00000000000000,    2.26416446392764,  -42.71165982047369,    0.00000000000000,
  279,    5,    0.87031250000000,    0.01406250000000,    2.26690127989876,    0.00000000000000,    2.26690127989876,    0.00000787607643,    0.00000000000000,    0.00001785428773,    2.26416446392764,    0.00000000000000,    2.26416446392764,  -42.71165982047369,    0.00000000000000,
  280,    1,    0.87343750000000,    0.00156250000000,    2.26088642491598,    0.00000000000000,    2.26088642491598,    0.00000786412623,    0.00000000000000,    0.00001777989624,    2.25814259113111,    0.00000000000000,    2.25814259113111,  -42.77649266874476,    0.00000000000000,
  280,    2,    0.87343750000000,    0.00468750000000,    2.26088642491598,    0.00000000000000,    2.26088642491598,    0.00000786412623,    0.00000000000000,    0.00001777989624,    2.25814259113111,    0.00000000000000,    2.25814259113111,  -42.77649266874476,    0.00000000000000,
  280,    3,    0.87343750000000,    0.00781250000000,    2.26088642491598,    0.00000000000000,    2.26088642491598,    0.00000786412623,    0.00000000000000,    0.00001777989624,    2.25814259113111,    0.00000000000000,    2.25814259113111,  -42.77649266874476,    0.00000000000000,
  280,    4,    0.87343750000000,    0.01093750000000,    2.26088642491598,    0.00000000000000,    2.26088642491598,    0.00000786412623,    0.00000000000000,    0.00001777989624,    2.25814259113111,    0.00000000000000,    2.25814259113111,  -42.77649266874476,    0.00000000000000,
  280,    5,    0.87343750000000,    0.01406250000000,    2.26088642491598,    0.00000000000000,    2.26088642491598,    0.00000786412623,    0.00000000000000,    0.00001777989624,    2.25814259113111,    0.00000000000000,    2.25814259113111,  -42.77649266874476,    0.00000000000000,
  281,    1,    0.87656250000000,    0.00156250000000,    2.25484675706833,    0.00000000000000,    2.25484675706833,    0.00000785026352,    0.00000000000000,    0.00001770114124,    2.25209583801436,    0.00000000000000,    2.25209583801436,  -42.83578873488180,    0.00000000000000,
  281,    2,    0.87656250000000,    0.00468750000000,    2.25484675706833,    0.00000000000000,    2.25484675706833,    0.00000785026352,    0.00000000000000,    0.00001770114124,    2.25209583801436,    0.00000000000000,    2.25209583801436,  -42.83578873488180,    0.00000000000000,
  281,    3,    0.87656250000000,    0.00781250000000,    2.25484675706833,    0.00000000000000,    2.25484675706833,    0.00000785026352,    0.00000000000000,    0.00001770114124,    2.25209583801436,    0.00000000000000,    2.25209583801436,  -42.83578873488180,    0.00000000000000,
  281,    4,    0.87656250000000,    0.01093750000000,    2.25484675706833,    0.00000000000000,    2.25484675706833,    0.00000785026352,    0.00000000000000,    0.00001770114124,    2.25209583801436,    0.00000000000000,    2.25209583801436,  -42.83578873488180,    0.00000000000000,
  281,    5,    0.87656250000000,    0.01406250000000,    2.25484675706833,    0.00000000000000,    2.25484675706833,    0.00000785026352,    0.00000000000000,    0.00001770114124,    2.25209583801436,    0.00000000000000,    2.25209583801436,  -42.83578873488180,    0.00000000000000,
  282,    1,    0.87968750000000,    0.00156250000000,    2.24878285926920,    0.00000000000000,    2.24878285926920,    0.00000783448066,    0.00000000000000,    0.00001761804583,    2.24602478737604,    0.00000000000000,    2.24602478737604,  -42.88956979653884,    0.00000000000000,
  282,    2,    0.87968750000000,    0.00468750000000,    2.24878285926920,    0.00000000000000,    2.24878285926920,    0.00000783448066,    0.00000000000000,    0.00001761804583,    2.24602478737604,    0.00000000000000,    2.24602478737604,  -42.88956979653884,    0.00000000000000,
  282,    3,    0.87968750000000,    0.00781250000000,    2.24878285926920,    0.00000000000000,    2.24878285926920,    0.00000783448066,    0.00000000000000,    0.00001761804583,    2.24602478737604,    0.00000000000000,    2.24602478737604,  -42.88956979653884,    0.00000000000000,
  282,    4,    0.87968750000000,    0.01093750000000,    2.24878285926920,    0.00000000000000,    2.24878285926920,    0.00000783448066,    0.00000000000000,    0.00001761804583,    2.24602478737604,    0.00000000000000,    2.24602478737604,  -42.88956979653884,    0.00000000000000,
  282,    5,    0.87968750000000,    0.01406250000000,    2.24878285926920,    0.00000000000000,    2.24878285926920,    0.00000783448066,    0.00000000000000,    0.00001761804583,    2.24602478737604,    0.00000000000000,    2.24602478737604,  -42.88956979653884,    0.00000000000000,
  283,    1,    0.88281250000000,    0.00156250000000,    2.24269531676938,    0.00000000000000,    2.24269531676938,    0.00000781677057,   -0.00000000000000,    0.00001753063475,    2.23993002435666,    0.00000000000000,    2.23993002435666,  -42.93785869740183,    0.00000000000000,
  283,    2,    0.88281250000000,    0.00468750000000,    2.24269531676938,    0.00000000000000,    2.24269531676938,    0.00000781677057,   -0.00000000000000,    0.00001753063475,    2.23993002435666,    0.00000000000000,    2.23993002435666,  -42.93785869740183,    0.00000000000000,
  283,    3,    0.88281250000000,    0.00781250000000,    2.24269531676938,    0.00000000000000,    2.24269531676938,    0.00000781677057,   -0.00000000000000,    0.00001753063475,    2.23993002435666,    0.00000000000000,    2.23993002435666,  -42.93785869740183,    0.00000000000000,
  283,    4,    0.88281250000000,    0.01093750000000,    2.24269531676938,    0.00000000000000,    2.24269531676938,    0.00000781677057,   -0.00000000000000,    0.00001753063475,    2.23993002435666,    0.00000000000000,    2.23993002435666,  -42.93785869740183,    0.00000000000000,
  283,    5,    0.88281250000000,    0.01406250000000,    2.24269531676938,    0.00000000000000,    2.24269531676938,    0.00000781677057,   -0.00000000000000,    0.00001753063475,    2.23993002435666,    0.00000000000000,    2.23993002435666,  -42.93785869740183,    0.00000000000000,
  284,    1,    0.88593750000000,    0.00156250000000,    2.23658471710066,    0.00000000000000,    2.23658471710066,    0.00000779712668,   -0.00000000000000,    0.00001743893437,    2.23381213638215,    0.00000000000000,    2.23381213638215,  -42.98067933418200,    0.00000000000000,
  284,    2,    0.88593750000000,    0.00468750000000,    2.23658471710066,    0.00000000000000,    2.23658471710066,    0.00000779712668,   -0.00000000000000,    0.00001743893437,    2.23381213638215,    0.00000000000000,    2.23381213638215,  -42.98067933418200,    0.00000000000000,
  284,    3,    0.88593750000000,    0.00781250000000,    2.23658471710066,    0.00000000000000,    2.23658471710066,    0.00000779712668,   -0.00000000000000,    0.00001743893437,    2.23381213638215,    0.00000000000000,    2.23381213638215,  -42.98067933418200,    0.00000000000000,
  284,    4,    0.88593750000000,    0.01093750000000,    2.23658471710066,    0.00000000000000,    2.23658471710066,    0.00000779712668,   -0.00000000000000,    0.00001743893437,    2.23381213638215,    0.00000000000000,    2.23381213638215,  -42.98067933418200,    0.00000000000000,
  284,    5,    0.88593750000000,    0.01406250000000,    2.23658471710066,    0.00000000000000,    2.23658471710066,    0.00000779712668,   -0.00000000000000,    0.00001743893437,    2.23381213638215,    0.00000000000000,    2.23381213638215,  -42.98067933418200,    0.00000000000000,
  285,    1,    0.88906250000000,    0.00156250000000,    2.23045165001878,    0.00000000000000,    2.23045165001878,    0.00000777554300,   -0.00000000000000,    0.00001734297271,    2.22767171310729,    0.00000000000000,    2.22767171310729,  -43.01805664330565,    0.00000000000000,
  285,    2,    0.88906250000000,    0.00468750000000,    2.23045165001878,    0.00000000000000,    2.23045165001878,    0.00000777554300,   -0.00000000000000,    0.00001734297271,    2.22767171310729,    0.00000000000000,    2.22767171310729,  -43.01805664330565,    0.00000000000000,
  285,    3,    0.88906250000000,    0.00781250000000,    2.23045165001878,    0.00000000000000,    2.23045165001878,    0.00000777554300,   -0.00000000000000,    0.00001734297271,    2.22767171310729,    0.00000000000000,    2.22767171310729,  -43.01805664330565,    0.00000000000000,
  285,    4,    0.88906250000000,    0.01093750000000,    2.23045165001878,    0.00000000000000,    2.23045165001878,    0.00000777554300,   -0.00000000000000,    0.00001734297271,    2.22767171310729,    0.00000000000000,    2.22767171310729,  -43.01805664330565,    0.00000000000000,
  285,    5,    0.88906250000000,    0.01406250000000,    2.23045165001878,    0.00000000000000,    2.23045165001878,    0.00000777554300,   -0.00000000000000,    0.00001734297271,    2.22767171310729,    0.00000000000000,    2.22767171310729,  -43.01805664330565,    0.00000000000000,
  286,    1,    0.89218750000000,    0.00156250000000,    2.22429670744655,    0.00000000000000,    2.22429670744655,    0.00000775201410,   -0.00000000000000,    0.00001724277944,    2.22150934635886,    0.00000000000000,    2.22150934635886,  -43.05001658730619,    0.00000000000000,
  286,    2,    0.89218750000000,    0.00468750000000,    2.22429670744655,    0.00000000000000,    2.22429670744655,    0.00000775201410,   -0.00000000000000,    0.00001724277944,    2.22150934635886,    0.00000000000000,    2.22150934635886,  -43.05001658730619,    0.00000000000000,
  286,    3,    0.89218750000000,    0.00781250000000,    2.22429670744655,    0.00000000000000,    2.22429670744655,    0.00000775201410,   -0.00000000000000,    0.00001724277944,    2.22150934635886,    0.00000000000000,    2.22150934635886,  -43.05001658730619,    0.00000000000000,
  286,    4,    0.89218750000000,    0.01093750000000,    2.22429670744655,    0.00000000000000,    2.22429670744655,    0.00000775201410,   -0.00000000000000,    0.00001724277944,    2.22150934635886,    0.00000000000000,    2.22150934635886,  -43.05001658730619,    0.00000000000000,
  286,    5,    0.89218750000000,    0.01406250000000,    2.22429670744655,    0.00000000000000,    2.22429670744655,    0.00000775201410,   -0.00000000000000,    0.00001724277944,    2.22150934635886,    0.00000000000000,    2.22150934635886,  -43.05001658730619,    0.00000000000000,
  287,    1,    0.89531250000000,    0.00156250000000,    2.21812048341636,    0.00000000000000,    2.21812048341636,    0.00000772653516,   -0.00000000000000,    0.00001713838589,    2.21532563007859,    0.00000000000000,    2.21532563007859,  -43.07658614092396,    0.00000000000000,
  287,    2,    0.89531250000000,    0.00468750000000,    2.21812048341636,    0.00000000000000,    2.21812048341636,    0.00000772653516,   -0.00000000000000,    0.00001713838589,    2.21532563007859,    0.00000000000000,    2.21532563007859,  -43.07658614092396,    0.00000000000000,
  287,    3,    0.89531250000000,    0.00781250000000,    2.21812048341636,    0.00000000000000,    2.21812048341636,    0.00000772653516,   -0.00000000000000,    0.00001713838589,    2.21532563007859,    0.00000000000000,    2.21532563007859,  -43.07658614092396,    0.00000000000000,
  287,    4,    0.89531250000000,    0.01093750000000,    2.21812048341636,    0.00000000000000,    2.21812048341636,    0.00000772653516,   -0.00000000000000,    0.00001713838589,    2.21532563007859,    0.00000000000000,    2.21532563007859,  -43.07658614092396,    0.00000000000000,
  287,    5,    0.89531250000000,    0.01406250000000,    2.21812048341636,    0.00000000000000,    2.21812048341636,    0.00000772653516,   -0.00000000000000,    0.00001713838589,    2.21532563007859,    0.00000000000000,    2.21532563007859,  -43.07658614092396,    0.00000000000000,
  288,    1,    0.89843750000000,    0.00156250000000,    2.21192357401308,    0.00000000000000,    2.21192357401308,    0.00000769910192,    0.00000000000000,    0.00001702982505,    2.20912116026593,    0.00000000000000,    2.20912116026593,  -43.09779327691952,    0.00000000000000,
  288,    2,    0.89843750000000,    0.00468750000000,    2.21192357401308,    0.00000000000000,    2.21192357401308,    0.00000769910192,    0.00000000000000,    0.00001702982505,    2.20912116026593,    0.00000000000000,    2.20912116026593,  -43.09779327691952,    0.00000000000000,
  288,    3,    0.89843750000000,    0.00781250000000,    2.21192357401308,    0.00000000000000,    2.21192357401308,    0.00000769910192,    0.00000000000000,    0.00001702982505,    2.20912116026593,    0.00000000000000,    2.20912116026593,  -43.09779327691952,    0.00000000000000,
  288,    4,    0.89843750000000,    0.01093750000000,    2.21192357401308,    0.00000000000000,    2.21192357401308,    0.00000769910192,    0.00000000000000,    0.00001702982505,    2.20912116026593,    0.00000000000000,    2.20912116026593,  -43.09779327691952,    0.00000000000000,
  288,    5,    0.89843750000000,    0.01406250000000,    2.21192357401308,    0.00000000000000,    2.21192357401308,    0.00000769910192,    0.00000000000000,    0.00001702982505,    2.20912116026593,    0.00000000000000,    2.20912116026593,  -43.09779327691952,    0.00000000000000,
  289,    1,    0.90156250000000,    0.00156250000000,    2.20570657731597,    0.00000000000000,    2.20570657731597,    0.00000766971080,    0.00000000000000,    0.00001691713157,    2.20289653492058,    0.00000000000000,    2.20289653492058,  -43.11366695160626,    0.00000000000000,
  289,    2,    0.90156250000000,    0.00468750000000,    2.20570657731597,    0.00000000000000,    2.20570657731597,    0.00000766971080,    0.00000000000000,    0.00001691713157,    2.20289653492058,    0.00000000000000,    2.20289653492058,  -43.11366695160626,    0.00000000000000,
  289,    3,    0.90156250000000,    0.00781250000000,    2.20570657731597,    0.00000000000000,    2.20570657731597,    0.00000766971080,    0.00000000000000,    0.00001691713157,    2.20289653492058,    0.00000000000000,    2.20289653492058,  -43.11366695160626,    0.00000000000000,
  289,    4,    0.90156250000000,    0.01093750000000,    2.20570657731597,    0.00000000000000,    2.20570657731597,    0.00000766971080,    0.00000000000000,    0.00001691713157,    2.20289653492058,    0.00000000000000,    2.20289653492058,  -43.11366695160626,    0.00000000000000,
  289,    5,    0.90156250000000,    0.01406250000000,    2.20570657731597,    0.00000000000000,    2.20570657731597,    0.00000766971080,    0.00000000000000,    0.00001691713157,    2.20289653492058,    0.00000000000000,    2.20289653492058,  -43.11366695160626,    0.00000000000000,
  290,    1,    0.90468750000000,    0.00156250000000,    2.19947009334108,    0.00000000000000,    2.19947009334108,    0.00000763835881,    0.00000000000000,    0.00001680034177,    2.19665235398491,    0.00000000000000,    2.19665235398491,  -43.12423709010832,    0.00000000000000,
  290,    2,    0.90468750000000,    0.00468750000000,    2.19947009334108,    0.00000000000000,    2.19947009334108,    0.00000763835881,    0.00000000000000,    0.00001680034177,    2.19665235398491,    0.00000000000000,    2.19665235398491,  -43.12423709010832,    0.00000000000000,
  290,    3,    0.90468750000000,    0.00781250000000,    2.19947009334108,    0.00000000000000,    2.19947009334108,    0.00000763835881,    0.00000000000000,    0.00001680034177,    2.19665235398491,    0.00000000000000,    2.19665235398491,  -43.12423709010832,    0.00000000000000,
  290,    4,    0.90468750000000,    0.01093750000000,    2.19947009334108,    0.00000000000000,    2.19947009334108,    0.00000763835881,    0.00000000000000,    0.00001680034177,    2.19665235398491,    0.00000000000000,    2.19665235398491,  -43.12423709010832,    0.00000000000000,
  290,    5,    0.90468750000000,    0.01406250000000,    2.19947009334108,    0.00000000000000,    2.19947009334108,    0.00000763835881,    0.00000000000000,    0.00001680034177,    2.19665235398491,    0.00000000000000,    2.19665235398491,  -43.12423709010832,    0.00000000000000,
  291,    1,    0.90781250000000,    0.00156250000000,    2.19321472398309,    0.00000000000000,    2.19321472398309,    0.00000760504364,    0.00000000000000,    0.00001667949368,    2.19038921928605,    0.00000000000000,    2.19038921928605,  -43.12953457134995,    0.00000000000000,
  291,    2,    0.90781250000000,    0.00468750000000,    2.19321472398309,    0.00000000000000,    2.19321472398309,    0.00000760504364,    0.00000000000000,    0.00001667949368,    2.19038921928605,    0.00000000000000,    2.19038921928605,  -43.12953457134995,    0.00000000000000,
  291,    3,    0.90781250000000,    0.00781250000000,    2.19321472398309,    0.00000000000000,    2.19321472398309,    0.00000760504364,    0.00000000000000,    0.00001667949368,    2.19038921928605,    0.00000000000000,    2.19038921928605,  -43.12953457134995,    0.00000000000000,
  291,    4,    0.90781250000000,    0.01093750000000,    2.19321472398309,    0.00000000000000,    2.19321472398309,    0.00000760504364,    0.00000000000000,    0.00001667949368,    2.19038921928605,    0.00000000000000,    2.19038921928605,  -43.12953457134995,    0.00000000000000,
  291,    5,    0.90781250000000,    0.01406250000000,    2.19321472398309,    0.00000000000000,    2.19321472398309,    0.00000760504364,    0.00000000000000,    0.00001667949368,    2.19038921928605,    0.00000000000000,    2.19038921928605,  -43.12953457134995,    0.00000000000000,
  292,    1,    0.91093750000000,    0.00156250000000,    2.18694107295704,    0.00000000000000,    2.18694107295704,    0.00000756976361,    0.00000000000000,    0.00001655462695,    2.18410773447798,    0.00000000000000,    2.18410773447798,  -43.12959121278197,    0.00000000000000,
  292,    2,    0.91093750000000,    0.00468750000000,    2.18694107295704,    0.00000000000000,    2.18694107295704,    0.00000756976361,    0.00000000000000,    0.00001655462695,    2.18410773447798,    0.00000000000000,    2.18410773447798,  -43.12959121278197,    0.00000000000000,
  292,    3,    0.91093750000000,    0.00781250000000,    2.18694107295704,    0.00000000000000,    2.18694107295704,    0.00000756976361,    0.00000000000000,    0.00001655462695,    2.18410773447798,    0.00000000000000,    2.18410773447798,  -43.12959121278197,    0.00000000000000,
  292,    4,    0.91093750000000,    0.01093750000000,    2.18694107295704,    0.00000000000000,    2.18694107295704,    0.00000756976361,    0.00000000000000,    0.00001655462695,    2.18410773447798,    0.00000000000000,    2.18410773447798,  -43.12959121278197,    0.00000000000000,
  292,    5,    0.91093750000000,    0.01406250000000,    2.18694107295704,    0.00000000000000,    2.18694107295704,    0.00000756976361,    0.00000000000000,    0.00001655462695,    2.18410773447798,    0.00000000000000,    2.18410773447798,  -43.12959121278197,    0.00000000000000,
  293,    1,    0.91406250000000,    0.00156250000000,    2.18064974573993,    0.00000000000000,    2.18064974573993,    0.00000753251777,   -0.00000000000000,    0.00001642578295,    2.17780850498327,    0.00000000000000,    2.17780850498327,  -43.12443975485223,    0.00000000000000,
  293,    2,    0.91406250000000,    0.00468750000000,    2.18064974573993,    0.00000000000000,    2.18064974573993,    0.00000753251777,   -0.00000000000000,    0.00001642578295,    2.17780850498327,    0.00000000000000,    2.17780850498327,  -43.12443975485223,    0.00000000000000,
  293,    3,    0.91406250000000,    0.00781250000000,    2.18064974573993,    0.00000000000000,    2.18064974573993,    0.00000753251777,   -0.00000000000000,    0.00001642578295,    2.17780850498327,    0.00000000000000,    2.17780850498327,  -43.12443975485223,    0.00000000000000,
  293,    4,    0.91406250000000,    0.01093750000000,    2.18064974573993,    0.00000000000000,    2.18064974573993,    0.00000753251777,   -0.00000000000000,    0.00001642578295,    2.17780850498327,    0.00000000000000,    2.17780850498327,  -43.12443975485223,    0.00000000000000,
  293,    5,    0.91406250000000,    0.01406250000000,    2.18064974573993,    0.00000000000000,    2.18064974573993,    0.00000753251777,   -0.00000000000000,    0.00001642578295,    2.17780850498327,    0.00000000000000,    2.17780850498327,  -43.12443975485223,    0.00000000000000,
  294,    1,    0.91718750000000,    0.00156250000000,    2.17434134951207,    0.00000000000000,    2.17434134951207,    0.00000749330583,    0.00000000000000,    0.00001629300470,    2.17149213793476,    0.00000000000000,    2.17149213793476,  -43.11411384522572,    0.00000000000000,
  294,    2,    0.91718750000000,    0.00468750000000,    2.17434134951207,    0.00000000000000,    2.17434134951207,    0.00000749330583,    0.00000000000000,    0.00001629300470,    2.17149213793476,    0.00000000000000,    2.17149213793476,  -43.11411384522572,    0.00000000000000,
  294,    3,    0.91718750000000,    0.00781250000000,    2.17434134951207,    0.00000000000000,    2.17434134951207,    0.00000749330583,    0.00000000000000,    0.00001629300470,    2.17149213793476,    0.00000000000000,    2.17149213793476,  -43.11411384522572,    0.00000000000000,
  294,    4,    0.91718750000000,    0.01093750000000,    2.17434134951207,    0.00000000000000,    2.17434134951207,    0.00000749330583,    0.00000000000000,    0.00001629300470,    2.17149213793476,    0.00000000000000,    2.17149213793476,  -43.11411384522572,    0.00000000000000,
  294,    5,    0.91718750000000,    0.01406250000000,    2.17434134951207,    0.00000000000000,    2.17434134951207,    0.00000749330583,    0.00000000000000,    0.00001629300470,    2.17149213793476,    0.00000000000000,    2.17149213793476,  -43.11411384522572,    0.00000000000000,
  295,    1,    0.92031250000000,    0.00156250000000,    2.16801649309832,    0.00000000000000,    2.16801649309832,    0.00000745212823,    0.00000000000000,    0.00001615633691,    2.16515924211707,    0.00000000000000,    2.16515924211707,  -43.09864802276125,    0.00000000000000,
  295,    2,    0.92031250000000,    0.00468750000000,    2.16801649309832,    0.00000000000000,    2.16801649309832,    0.00000745212823,    0.00000000000000,    0.00001615633691,    2.16515924211707,    0.00000000000000,    2.16515924211707,  -43.09864802276125,    0.00000000000000,
  295,    3,    0.92031250000000,    0.00781250000000,    2.16801649309832,    0.00000000000000,    2.16801649309832,    0.00000745212823,    0.00000000000000,    0.00001615633691,    2.16515924211707,    0.00000000000000,    2.16515924211707,  -43.09864802276125,    0.00000000000000,
  295,    4,    0.92031250000000,    0.01093750000000,    2.16801649309832,    0.00000000000000,    2.16801649309832,    0.00000745212823,    0.00000000000000,    0.00001615633691,    2.16515924211707,    0.00000000000000,    2.16515924211707,  -43.09864802276125,    0.00000000000000,
  295,    5,    0.92031250000000,    0.01406250000000,    2.16801649309832,    0.00000000000000,    2.16801649309832,    0.00000745212823,    0.00000000000000,    0.00001615633691,    2.16515924211707,    0.00000000000000,    2.16515924211707,  -43.09864802276125,    0.00000000000000,
  296,    1,    0.92343750000000,    0.00156250000000,    2.16167578690914,    0.00000000000000,    2.16167578690914,    0.00000740898614,    0.00000000000000,    0.00001601582595,    2.15881042790786,    0.00000000000000,    2.15881042790786,  -43.07807770125073,    0.00000000000000,
  296,    2,    0.92343750000000,    0.00468750000000,    2.16167578690914,    0.00000000000000,    2.16167578690914,    0.00000740898614,    0.00000000000000,    0.00001601582595,    2.15881042790786,    0.00000000000000,    2.15881042790786,  -43.07807770125073,    0.00000000000000,
  296,    3,    0.92343750000000,    0.00781250000000,    2.16167578690914,    0.00000000000000,    2.16167578690914,    0.00000740898614,    0.00000000000000,    0.00001601582595,    2.15881042790786,    0.00000000000000,    2.15881042790786,  -43.07807770125073,    0.00000000000000,
  296,    4,    0.92343750000000,    0.01093750000000,    2.16167578690914,    0.00000000000000,    2.16167578690914,    0.00000740898614,    0.00000000000000,    0.00001601582595,    2.15881042790786,    0.00000000000000,    2.15881042790786,  -43.07807770125073,    0.00000000000000,
  296,    5,    0.92343750000000,    0.01406250000000,    2.16167578690914,    0.00000000000000,    2.16167578690914,    0.00000740898614,    0.00000000000000,    0.00001601582595,    2.15881042790786,    0.00000000000000,    2.15881042790786,  -43.07807770125073,    0.00000000000000,
  297,    1,    0.92656250000000,    0.00156250000000,    2.15531984288152,    0.00000000000000,    2.15531984288152,    0.00000736388148,   -0.00000000000000,    0.00001587151987,    2.15244630721908,    0.00000000000000,    2.15244630721908,  -43.05243915292793,    0.00000000000000,
  297,    2,    0.92656250000000,    0.00468750000000,    2.15531984288152,    0.00000000000000,    2.15531984288152,    0.00000736388148,   -0.00000000000000,    0.00001587151987,    2.15244630721908,    0.00000000000000,    2.15244630721908,  -43.05243915292793,    0.00000000000000,
  297,    3,    0.92656250000000,    0.00781250000000,    2.15531984288152,    0.00000000000000,    2.15531984288152,    0.00000736388148,   -0.00000000000000,    0.00001587151987,    2.15244630721908,    0.00000000000000,    2.15244630721908,  -43.05243915292793,    0.00000000000000,
  297,    4,    0.92656250000000,    0.01093750000000,    2.15531984288152,    0.00000000000000,    2.15531984288152,    0.00000736388148,   -0.00000000000000,    0.00001587151987,    2.15244630721908,    0.00000000000000,    2.15244630721908,  -43.05243915292793,    0.00000000000000,
  297,    5,    0.92656250000000,    0.01406250000000,    2.15531984288152,    0.00000000000000,    2.15531984288152,    0.00000736388148,   -0.00000000000000,    0.00001587151987,    2.15244630721908,    0.00000000000000,    2.15244630721908,  -43.05243915292793,    0.00000000000000,
  298,    1,    0.92968750000000,    0.00156250000000,    2.14894927441963,    0.00000000000000,    2.14894927441963,    0.00000731681690,   -0.00000000000000,    0.00001572346836,    2.14606749343791,    0.00000000000000,    2.14606749343791,  -43.02176949175318,    0.00000000000000,
  298,    2,    0.92968750000000,    0.00468750000000,    2.14894927441963,    0.00000000000000,    2.14894927441963,    0.00000731681690,   -0.00000000000000,    0.00001572346836,    2.14606749343791,    0.00000000000000,    2.14606749343791,  -43.02176949175318,    0.00000000000000,
  298,    3,    0.92968750000000,    0.00781250000000,    2.14894927441963,    0.00000000000000,    2.14894927441963,    0.00000731681690,   -0.00000000000000,    0.00001572346836,    2.14606749343791,    0.00000000000000,    2.14606749343791,  -43.02176949175318,    0.00000000000000,
  298,    4,    0.92968750000000,    0.01093750000000,    2.14894927441963,    0.00000000000000,    2.14894927441963,    0.00000731681690,   -0.00000000000000,    0.00001572346836,    2.14606749343791,    0.00000000000000,    2.14606749343791,  -43.02176949175318,    0.00000000000000,
  298,    5,    0.92968750000000,    0.01406250000000,    2.14894927441963,    0.00000000000000,    2.14894927441963,    0.00000731681690,   -0.00000000000000,    0.00001572346836,    2.14606749343791,    0.00000000000000,    2.14606749343791,  -43.02176949175318,    0.00000000000000,
  299,    1,    0.93281250000000,    0.00156250000000,    2.14256469633548,    0.00000000000000,    2.14256469633548,    0.00000726779585,   -0.00000000000000,    0.00001557172282,    2.13967460136771,    0.00000000000000,    2.13967460136771,  -42.98610665648076,    0.00000000000000,
  299,    2,    0.93281250000000,    0.00468750000000,    2.14256469633548,    0.00000000000000,    2.14256469633548,    0.00000726779585,   -0.00000000000000,    0.00001557172282,    2.13967460136771,    0.00000000000000,    2.13967460136771,  -42.98610665648076,    0.00000000000000,
  299,    3,    0.93281250000000,    0.00781250000000,    2.14256469633548,    0.00000000000000,    2.14256469633548,    0.00000726779585,   -0.00000000000000,    0.00001557172282,    2.13967460136771,    0.00000000000000,    2.13967460136771,  -42.98610665648076,    0.00000000000000,
  299,    4,    0.93281250000000,    0.01093750000000,    2.14256469633548,    0.00000000000000,    2.14256469633548,    0.00000726779585,   -0.00000000000000,    0.00001557172282,    2.13967460136771,    0.00000000000000,    2.13967460136771,  -42.98610665648076,    0.00000000000000,
  299,    5,    0.93281250000000,    0.01406250000000,    2.14256469633548,    0.00000000000000,    2.14256469633548,    0.00000726779585,   -0.00000000000000,    0.00001557172282,    2.13967460136771,    0.00000000000000,    2.13967460136771,  -42.98610665648076,    0.00000000000000,
  300,    1,    0.93593750000000,    0.00156250000000,    2.13616672478940,    0.00000000000000,    2.13616672478940,    0.00000721682257,    0.00000000000000,    0.00001541633623,    2.13326824716872,    0.00000000000000,    2.13326824716872,  -42.94548939351576,    0.00000000000000,
  300,    2,    0.93593750000000,    0.00468750000000,    2.13616672478940,    0.00000000000000,    2.13616672478940,    0.00000721682257,    0.00000000000000,    0.00001541633623,    2.13326824716872,    0.00000000000000,    2.13326824716872,  -42.94548939351576,    0.00000000000000,
  300,    3,    0.93593750000000,    0.00781250000000,    2.13616672478940,    0.00000000000000,    2.13616672478940,    0.00000721682257,    0.00000000000000,    0.00001541633623,    2.13326824716872,    0.00000000000000,    2.13326824716872,  -42.94548939351576,    0.00000000000000,
  300,    4,    0.93593750000000,    0.01093750000000,    2.13616672478940,    0.00000000000000,    2.13616672478940,    0.00000721682257,    0.00000000000000,    0.00001541633623,    2.13326824716872,    0.00000000000000,    2.13326824716872,  -42.94548939351576,    0.00000000000000,
  300,    5,    0.93593750000000,    0.01406250000000,    2.13616672478940,    0.00000000000000,    2.13616672478940,    0.00000721682257,    0.00000000000000,    0.00001541633623,    2.13326824716872,    0.00000000000000,    2.13326824716872,  -42.94548939351576,    0.00000000000000,
  301,    1,    0.93906250000000,    0.00156250000000,    2.12975597723020,    0.00000000000000,    2.12975597723020,    0.00000716390209,    0.00000000000000,    0.00001525736329,    2.12684904829869,    0.00000000000000,    2.12684904829869,  -42.89995723956730,    0.00000000000000,
  301,    2,    0.93906250000000,    0.00468750000000,    2.12975597723020,    0.00000000000000,    2.12975597723020,    0.00000716390209,    0.00000000000000,    0.00001525736329,    2.12684904829869,    0.00000000000000,    2.12684904829869,  -42.89995723956730,    0.00000000000000,
  301,    3,    0.93906250000000,    0.00781250000000,    2.12975597723020,    0.00000000000000,    2.12975597723020,    0.00000716390209,    0.00000000000000,    0.00001525736329,    2.12684904829869,    0.00000000000000,    2.12684904829869,  -42.89995723956730,    0.00000000000000,
  301,    4,    0.93906250000000,    0.01093750000000,    2.12975597723020,    0.00000000000000,    2.12975597723020,    0.00000716390209,    0.00000000000000,    0.00001525736329,    2.12684904829869,    0.00000000000000,    2.12684904829869,  -42.89995723956730,    0.00000000000000,
  301,    5,    0.93906250000000,    0.01406250000000,    2.12975597723020,    0.00000000000000,    2.12975597723020,    0.00000716390209,    0.00000000000000,    0.00001525736329,    2.12684904829869,    0.00000000000000,    2.12684904829869,  -42.89995723956730,    0.00000000000000,
  302,    1,    0.94218750000000,    0.00156250000000,    2.12333307233559,    0.00000000000000,    2.12333307233559,    0.00000710904025,    0.00000000000000,    0.00001509486027,    2.12041762345337,    0.00000000000000,    2.12041762345337,  -42.84955050410492,    0.00000000000000,
  302,    2,    0.94218750000000,    0.00468750000000,    2.12333307233559,    0.00000000000000,    2.12333307233559,    0.00000710904025,    0.00000000000000,    0.00001509486027,    2.12041762345337,    0.00000000000000,    2.12041762345337,  -42.84955050410492,    0.00000000000000,
  302,    3,    0.94218750000000,    0.00781250000000,    2.12333307233559,    0.00000000000000,    2.12333307233559,    0.00000710904025,    0.00000000000000,    0.00001509486027,    2.12041762345337,    0.00000000000000,    2.12041762345337,  -42.84955050410492,    0.00000000000000,
  302,    4,    0.94218750000000,    0.01093750000000,    2.12333307233559,    0.00000000000000,    2.12333307233559,    0.00000710904025,    0.00000000000000,    0.00001509486027,    2.12041762345337,    0.00000000000000,    2.12041762345337,  -42.84955050410492,    0.00000000000000,
  302,    5,    0.94218750000000,    0.01406250000000,    2.12333307233559,    0.00000000000000,    2.12333307233559,    0.00000710904025,    0.00000000000000,    0.00001509486027,    2.12041762345337,    0.00000000000000,    2.12041762345337,  -42.84955050410492,    0.00000000000000,
  303,    1,    0.94531250000000,    0.00156250000000,    2.11689862995197,    0.00000000000000,    2.11689862995197,    0.00000705224374,   -0.00000000000000,    0.00001492888512,    2.11397459250687,    0.00000000000000,    2.11397459250687,  -42.79431025162532,    0.00000000000000,
  303,    2,    0.94531250000000,    0.00468750000000,    2.11689862995197,    0.00000000000000,    2.11689862995197,    0.00000705224374,   -0.00000000000000,    0.00001492888512,    2.11397459250687,    0.00000000000000,    2.11397459250687,  -42.79431025162532,    0.00000000000000,
  303,    3,    0.94531250000000,    0.00781250000000,    2.11689862995197,    0.00000000000000,    2.11689862995197,    0.00000705224374,   -0.00000000000000,    0.00001492888512,    2.11397459250687,    0.00000000000000,    2.11397459250687,  -42.79431025162532,    0.00000000000000,
  303,    4,    0.94531250000000,    0.01093750000000,    2.11689862995197,    0.00000000000000,    2.11689862995197,    0.00000705224374,   -0.00000000000000,    0.00001492888512,    2.11397459250687,    0.00000000000000,    2.11397459250687,  -42.79431025162532,    0.00000000000000,
  303,    5,    0.94531250000000,    0.01406250000000,    2.11689862995197,    0.00000000000000,    2.11689862995197,    0.00000705224374,   -0.00000000000000,    0.00001492888512,    2.11397459250687,    0.00000000000000,    2.11397459250687,  -42.79431025162532,    0.00000000000000,
  304,    1,    0.94843750000000,    0.00156250000000,    2.11045327103461,    0.00000000000000,    2.11045327103461,    0.00000699352009,   -0.00000000000000,    0.00001475949735,    2.10752057645192,    0.00000000000000,    2.10752057645192,  -42.73427828373623,    0.00000000000000,
  304,    2,    0.94843750000000,    0.00468750000000,    2.11045327103461,    0.00000000000000,    2.11045327103461,    0.00000699352009,   -0.00000000000000,    0.00001475949735,    2.10752057645192,    0.00000000000000,    2.10752057645192,  -42.73427828373623,    0.00000000000000,
  304,    3,    0.94843750000000,    0.00781250000000,    2.11045327103461,    0.00000000000000,    2.11045327103461,    0.00000699352009,   -0.00000000000000,    0.00001475949735,    2.10752057645192,    0.00000000000000,    2.10752057645192,  -42.73427828373623,    0.00000000000000,
  304,    4,    0.94843750000000,    0.01093750000000,    2.11045327103461,    0.00000000000000,    2.11045327103461,    0.00000699352009,   -0.00000000000000,    0.00001475949735,    2.10752057645192,    0.00000000000000,    2.10752057645192,  -42.73427828373623,    0.00000000000000,
  304,    5,    0.94843750000000,    0.01406250000000,    2.11045327103461,    0.00000000000000,    2.11045327103461,    0.00000699352009,   -0.00000000000000,    0.00001475949735,    2.10752057645192,    0.00000000000000,    2.10752057645192,  -42.73427828373623,    0.00000000000000,
  305,    1,    0.95156250000000,    0.00156250000000,    2.10399761758730,    0.00000000000000,    2.10399761758730,    0.00000693287768,    0.00000000000000,    0.00001458675813,    2.10105619734003,    0.00000000000000,    2.10105619734003,  -42.66949712106475,    0.00000000000000,
  305,    2,    0.95156250000000,    0.00468750000000,    2.10399761758730,    0.00000000000000,    2.10399761758730,    0.00000693287768,    0.00000000000000,    0.00001458675813,    2.10105619734003,    0.00000000000000,    2.10105619734003,  -42.66949712106475,    0.00000000000000,
  305,    3,    0.95156250000000,    0.00781250000000,    2.10399761758730,    0.00000000000000,    2.10399761758730,    0.00000693287768,    0.00000000000000,    0.00001458675813,    2.10105619734003,    0.00000000000000,    2.10105619734003,  -42.66949712106475,    0.00000000000000,
  305,    4,    0.95156250000000,    0.01093750000000,    2.10399761758730,    0.00000000000000,    2.10399761758730,    0.00000693287768,    0.00000000000000,    0.00001458675813,    2.10105619734003,    0.00000000000000,    2.10105619734003,  -42.66949712106475,    0.00000000000000,
  305,    5,    0.95156250000000,    0.01406250000000,    2.10399761758730,    0.00000000000000,    2.10399761758730,    0.00000693287768,    0.00000000000000,    0.00001458675813,    2.10105619734003,    0.00000000000000,    2.10105619734003,  -42.66949712106475,    0.00000000000000,
  306,    1,    0.95468750000000,    0.00156250000000,    2.09753229260215,    0.00000000000000,    2.09753229260215,    0.00000687032577,   -0.00000000000000,    0.00001441073016,    2.09458207822150,    0.00000000000000,    2.09458207822150,  -42.60000998499729,    0.00000000000000,
  306,    2,    0.95468750000000,    0.00468750000000,    2.09753229260215,    0.00000000000000,    2.09753229260215,    0.00000687032577,   -0.00000000000000,    0.00001441073016,    2.09458207822150,    0.00000000000000,    2.09458207822150,  -42.60000998499729,    0.00000000000000,
  306,    3,    0.95468750000000,    0.00781250000000,    2.09753229260215,    0.00000000000000,    2.09753229260215,    0.00000687032577,   -0.00000000000000,    0.00001441073016,    2.09458207822150,    0.00000000000000,    2.09458207822150,  -42.60000998499729,    0.00000000000000,
  306,    4,    0.95468750000000,    0.01093750000000,    2.09753229260215,    0.00000000000000,    2.09753229260215,    0.00000687032577,   -0.00000000000000,    0.00001441073016,    2.09458207822150,    0.00000000000000,    2.09458207822150,  -42.60000998499729,    0.00000000000000,
  306,    5,    0.95468750000000,    0.01406250000000,    2.09753229260215,    0.00000000000000,    2.09753229260215,    0.00000687032577,   -0.00000000000000,    0.00001441073016,    2.09458207822150,    0.00000000000000,    2.09458207822150,  -42.60000998499729,    0.00000000000000,
  307,    1,    0.95781250000000,    0.00156250000000,    2.09105791999924,    0.00000000000000,    2.09105791999924,    0.00000680587449,    0.00000000000000,    0.00001423147776,    2.08809884308542,    0.00000000000000,    2.08809884308542,  -42.52586077925810,    0.00000000000000,
  307,    2,    0.95781250000000,    0.00468750000000,    2.09105791999924,    0.00000000000000,    2.09105791999924,    0.00000680587449,    0.00000000000000,    0.00001423147776,    2.08809884308542,    0.00000000000000,    2.08809884308542,  -42.52586077925810,    0.00000000000000,
  307,    3,    0.95781250000000,    0.00781250000000,    2.09105791999924,    0.00000000000000,    2.09105791999924,    0.00000680587449,    0.00000000000000,    0.00001423147776,    2.08809884308542,    0.00000000000000,    2.08809884308542,  -42.52586077925810,    0.00000000000000,
  307,    4,    0.95781250000000,    0.01093750000000,    2.09105791999924,    0.00000000000000,    2.09105791999924,    0.00000680587449,    0.00000000000000,    0.00001423147776,    2.08809884308542,    0.00000000000000,    2.08809884308542,  -42.52586077925810,    0.00000000000000,
  307,    5,    0.95781250000000,    0.01406250000000,    2.09105791999924,    0.00000000000000,    2.09105791999924,    0.00000680587449,    0.00000000000000,    0.00001423147776,    2.08809884308542,    0.00000000000000,    2.08809884308542,  -42.52586077925810,    0.00000000000000,
  308,    1,    0.96093750000000,    0.00156250000000,    2.08457512456600,    0.00000000000000,    2.08457512456600,    0.00000673953489,    0.00000000000000,    0.00001404906678,    2.08160711679948,    0.00000000000000,    2.08160711679948,  -42.44709407133409,    0.00000000000000,
  308,    2,    0.96093750000000,    0.00468750000000,    2.08457512456600,    0.00000000000000,    2.08457512456600,    0.00000673953489,    0.00000000000000,    0.00001404906678,    2.08160711679948,    0.00000000000000,    2.08160711679948,  -42.44709407133409,    0.00000000000000,
  308,    3,    0.96093750000000,    0.00781250000000,    2.08457512456600,    0.00000000000000,    2.08457512456600,    0.00000673953489,    0.00000000000000,    0.00001404906678,    2.08160711679948,    0.00000000000000,    2.08160711679948,  -42.44709407133409,    0.00000000000000,
  308,    4,    0.96093750000000,    0.01093750000000,    2.08457512456600,    0.00000000000000,    2.08457512456600,    0.00000673953489,    0.00000000000000,    0.00001404906678,    2.08160711679948,    0.00000000000000,    2.08160711679948,  -42.44709407133409,    0.00000000000000,
  308,    5,    0.96093750000000,    0.01406250000000,    2.08457512456600,    0.00000000000000,    2.08457512456600,    0.00000673953489,    0.00000000000000,    0.00001404906678,    2.08160711679948,    0.00000000000000,    2.08160711679948,  -42.44709407133409,    0.00000000000000,
  309,    1,    0.96406250000000,    0.00156250000000,    2.07808453189679,    0.00000000000000,    2.07808453189679,    0.00000667131890,   -0.00000000000000,    0.00001386356462,    2.07510752504977,    0.00000000000000,    2.07510752504977,  -42.36375507375281,    0.00000000000000,
  309,    2,    0.96406250000000,    0.00468750000000,    2.07808453189679,    0.00000000000000,    2.07808453189679,    0.00000667131890,   -0.00000000000000,    0.00001386356462,    2.07510752504977,    0.00000000000000,    2.07510752504977,  -42.36375507375281,    0.00000000000000,
  309,    3,    0.96406250000000,    0.00781250000000,    2.07808453189679,    0.00000000000000,    2.07808453189679,    0.00000667131890,   -0.00000000000000,    0.00001386356462,    2.07510752504977,    0.00000000000000,    2.07510752504977,  -42.36375507375281,    0.00000000000000,
  309,    4,    0.96406250000000,    0.01093750000000,    2.07808453189679,    0.00000000000000,    2.07808453189679,    0.00000667131890,   -0.00000000000000,    0.00001386356462,    2.07510752504977,    0.00000000000000,    2.07510752504977,  -42.36375507375281,    0.00000000000000,
  309,    5,    0.96406250000000,    0.01406250000000,    2.07808453189679,    0.00000000000000,    2.07808453189679,    0.00000667131890,   -0.00000000000000,    0.00001386356462,    2.07510752504977,    0.00000000000000,    2.07510752504977,  -42.36375507375281,    0.00000000000000,
  310,    1,    0.96718750000000,    0.00156250000000,    2.07158676833209,    0.00000000000000,    2.07158676833209,    0.00000660123940,    0.00000000000000,    0.00001367504019,    2.06860069428046,    0.00000000000000,    2.06860069428046,  -42.27588962522120,    0.00000000000000,
  310,    2,    0.96718750000000,    0.00468750000000,    2.07158676833209,    0.00000000000000,    2.07158676833209,    0.00000660123940,    0.00000000000000,    0.00001367504019,    2.06860069428046,    0.00000000000000,    2.06860069428046,  -42.27588962522120,    0.00000000000000,
  310,    3,    0.96718750000000,    0.00781250000000,    2.07158676833209,    0.00000000000000,    2.07158676833209,    0.00000660123940,    0.00000000000000,    0.00001367504019,    2.06860069428046,    0.00000000000000,    2.06860069428046,  -42.27588962522120,    0.00000000000000,
  310,    4,    0.96718750000000,    0.01093750000000,    2.07158676833209,    0.00000000000000,    2.07158676833209,    0.00000660123940,    0.00000000000000,    0.00001367504019,    2.06860069428046,    0.00000000000000,    2.06860069428046,  -42.27588962522120,    0.00000000000000,
  310,    5,    0.96718750000000,    0.01406250000000,    2.07158676833209,    0.00000000000000,    2.07158676833209,    0.00000660123940,    0.00000000000000,    0.00001367504019,    2.06860069428046,    0.00000000000000,    2.06860069428046,  -42.27588962522120,    0.00000000000000,
  311,    1,    0.97031250000000,    0.00156250000000,    2.06508246089791,    0.00000000000000,    2.06508246089791,    0.00000652931017,    0.00000000000000,    0.00001348356391,    2.06208725163347,    0.00000000000000,    2.06208725163347,  -42.18354417163260,    0.00000000000000,
  311,    2,    0.97031250000000,    0.00468750000000,    2.06508246089791,    0.00000000000000,    2.06508246089791,    0.00000652931017,    0.00000000000000,    0.00001348356391,    2.06208725163347,    0.00000000000000,    2.06208725163347,  -42.18354417163260,    0.00000000000000,
  311,    3,    0.97031250000000,    0.00781250000000,    2.06508246089791,    0.00000000000000,    2.06508246089791,    0.00000652931017,    0.00000000000000,    0.00001348356391,    2.06208725163347,    0.00000000000000,    2.06208725163347,  -42.18354417163260,    0.00000000000000,
  311,    4,    0.97031250000000,    0.01093750000000,    2.06508246089791,    0.00000000000000,    2.06508246089791,    0.00000652931017,    0.00000000000000,    0.00001348356391,    2.06208725163347,    0.00000000000000,    2.06208725163347,  -42.18354417163260,    0.00000000000000,
  311,    5,    0.97031250000000,    0.01406250000000,    2.06508246089791,    0.00000000000000,    2.06508246089791,    0.00000652931017,    0.00000000000000,    0.00001348356391,    2.06208725163347,    0.00000000000000,    2.06208725163347,  -42.18354417163260,    0.00000000000000,
  312,    1,    0.97343750000000,    0.00156250000000,    2.05857223724493,    0.00000000000000,    2.05857223724493,    0.00000645554596,    0.00000000000000,    0.00001328920768,    2.05556782488793,    0.00000000000000,    2.05556782488793,  -42.08676574694910,    0.00000000000000,
  312,    2,    0.97343750000000,    0.00468750000000,    2.05857223724493,    0.00000000000000,    2.05857223724493,    0.00000645554596,    0.00000000000000,    0.00001328920768,    2.05556782488793,    0.00000000000000,    2.05556782488793,  -42.08676574694910,    0.00000000000000,
  312,    3,    0.97343750000000,    0.00781250000000,    2.05857223724493,    0.00000000000000,    2.05857223724493,    0.00000645554596,    0.00000000000000,    0.00001328920768,    2.05556782488793,    0.00000000000000,    2.05556782488793,  -42.08676574694910,    0.00000000000000,
  312,    4,    0.97343750000000,    0.01093750000000,    2.05857223724493,    0.00000000000000,    2.05857223724493,    0.00000645554596,    0.00000000000000,    0.00001328920768,    2.05556782488793,    0.00000000000000,    2.05556782488793,  -42.08676574694910,    0.00000000000000,
  312,    5,    0.97343750000000,    0.01406250000000,    2.05857223724493,    0.00000000000000,    2.05857223724493,    0.00000645554596,    0.00000000000000,    0.00001328920768,    2.05556782488793,    0.00000000000000,    2.05556782488793,  -42.08676574694910,    0.00000000000000,
  313,    1,    0.97656250000000,    0.00156250000000,    2.05205672558754,    0.00000000000000,    2.05205672558754,    0.00000637996245,    0.00000000000000,    0.00001309204486,    2.04904304239978,    0.00000000000000,    2.04904304239978,  -41.98560195396731,    0.00000000000000,
  313,    2,    0.97656250000000,    0.00468750000000,    2.05205672558754,    0.00000000000000,    2.05205672558754,    0.00000637996245,    0.00000000000000,    0.00001309204486,    2.04904304239978,    0.00000000000000,    2.04904304239978,  -41.98560195396731,    0.00000000000000,
  313,    3,    0.97656250000000,    0.00781250000000,    2.05205672558754,    0.00000000000000,    2.05205672558754,    0.00000637996245,    0.00000000000000,    0.00001309204486,    2.04904304239978,    0.00000000000000,    2.04904304239978,  -41.98560195396731,    0.00000000000000,
  313,    4,    0.97656250000000,    0.01093750000000,    2.05205672558754,    0.00000000000000,    2.05205672558754,    0.00000637996245,    0.00000000000000,    0.00001309204486,    2.04904304239978,    0.00000000000000,    2.04904304239978,  -41.98560195396731,    0.00000000000000,
  313,    5,    0.97656250000000,    0.01406250000000,    2.05205672558754,    0.00000000000000,    2.05205672558754,    0.00000637996245,    0.00000000000000,    0.00001309204486,    2.04904304239978,    0.00000000000000,    2.04904304239978,  -41.98560195396731,    0.00000000000000,
  314,    1,    0.97968750000000,    0.00156250000000,    2.04553655464312,    0.00000000000000,    2.04553655464312,    0.00000630257631,    0.00000000000000,    0.00001289215022,    2.04251353304112,    0.00000000000000,    2.04251353304112,  -41.88010094497432,    0.00000000000000,
  314,    2,    0.97968750000000,    0.00468750000000,    2.04553655464312,    0.00000000000000,    2.04553655464312,    0.00000630257631,    0.00000000000000,    0.00001289215022,    2.04251353304112,    0.00000000000000,    2.04251353304112,  -41.88010094497432,    0.00000000000000,
  314,    3,    0.97968750000000,    0.00781250000000,    2.04553655464312,    0.00000000000000,    2.04553655464312,    0.00000630257631,    0.00000000000000,    0.00001289215022,    2.04251353304112,    0.00000000000000,    2.04251353304112,  -41.88010094497432,    0.00000000000000,
  314,    4,    0.97968750000000,    0.01093750000000,    2.04553655464312,    0.00000000000000,    2.04553655464312,    0.00000630257631,    0.00000000000000,    0.00001289215022,    2.04251353304112,    0.00000000000000,    2.04251353304112,  -41.88010094497432,    0.00000000000000,
  314,    5,    0.97968750000000,    0.01406250000000,    2.04553655464312,    0.00000000000000,    2.04553655464312,    0.00000630257631,    0.00000000000000,    0.00001289215022,    2.04251353304112,    0.00000000000000,    2.04251353304112,  -41.88010094497432,    0.00000000000000,
  315,    1,    0.98281250000000,    0.00156250000000,    2.03901235357073,    0.00000000000000,    2.03901235357073,    0.00000622340514,    0.00000000000000,    0.00001268959997,    2.03597992613967,    0.00000000000000,    2.03597992613967,  -41.77031140230220,    0.00000000000000,
  315,    2,    0.98281250000000,    0.00468750000000,    2.03901235357073,    0.00000000000000,    2.03901235357073,    0.00000622340514,    0.00000000000000,    0.00001268959997,    2.03597992613967,    0.00000000000000,    2.03597992613967,  -41.77031140230220,    0.00000000000000,
  315,    3,    0.98281250000000,    0.00781250000000,    2.03901235357073,    0.00000000000000,    2.03901235357073,    0.00000622340514,    0.00000000000000,    0.00001268959997,    2.03597992613967,    0.00000000000000,    2.03597992613967,  -41.77031140230220,    0.00000000000000,
  315,    4,    0.98281250000000,    0.01093750000000,    2.03901235357073,    0.00000000000000,    2.03901235357073,    0.00000622340514,    0.00000000000000,    0.00001268959997,    2.03597992613967,    0.00000000000000,    2.03597992613967,  -41.77031140230220,    0.00000000000000,
  315,    5,    0.98281250000000,    0.01406250000000,    2.03901235357073,    0.00000000000000,    2.03901235357073,    0.00000622340514,    0.00000000000000,    0.00001268959997,    2.03597992613967,    0.00000000000000,    2.03597992613967,  -41.77031140230220,    0.00000000000000,
  316,    1,    0.98593750000000,    0.00156250000000,    2.03248475191039,    0.00000000000000,    2.03248475191039,    0.00000614246757,    0.00000000000000,    0.00001248447167,    2.02944285141804,    0.00000000000000,    2.02944285141804,  -41.65628251878788,    0.00000000000000,
  316,    2,    0.98593750000000,    0.00468750000000,    2.03248475191039,    0.00000000000000,    2.03248475191039,    0.00000614246757,    0.00000000000000,    0.00001248447167,    2.02944285141804,    0.00000000000000,    2.02944285141804,  -41.65628251878788,    0.00000000000000,
  316,    3,    0.98593750000000,    0.00781250000000,    2.03248475191039,    0.00000000000000,    2.03248475191039,    0.00000614246757,    0.00000000000000,    0.00001248447167,    2.02944285141804,    0.00000000000000,    2.02944285141804,  -41.65628251878788,    0.00000000000000,
  316,    4,    0.98593750000000,    0.01093750000000,    2.03248475191039,    0.00000000000000,    2.03248475191039,    0.00000614246757,    0.00000000000000,    0.00001248447167,    2.02944285141804,    0.00000000000000,    2.02944285141804,  -41.65628251878788,    0.00000000000000,
  316,    5,    0.98593750000000,    0.01406250000000,    2.03248475191039,    0.00000000000000,    2.03248475191039,    0.00000614246757,    0.00000000000000,    0.00001248447167,    2.02944285141804,    0.00000000000000,    2.02944285141804,  -41.65628251878788,    0.00000000000000,
  317,    1,    0.98906250000000,    0.00156250000000,    2.02595437952171,    0.00000000000000,    2.02595437952171,    0.00000605978317,   -0.00000000000000,    0.00001227684425,    2.02290293893312,    0.00000000000000,    2.02290293893312,  -41.53806397814666,    0.00000000000000,
  317,    2,    0.98906250000000,    0.00468750000000,    2.02595437952171,    0.00000000000000,    2.02595437952171,    0.00000605978317,   -0.00000000000000,    0.00001227684425,    2.02290293893312,    0.00000000000000,    2.02290293893312,  -41.53806397814666,    0.00000000000000,
  317,    3,    0.98906250000000,    0.00781250000000,    2.02595437952171,    0.00000000000000,    2.02595437952171,    0.00000605978317,   -0.00000000000000,    0.00001227684425,    2.02290293893312,    0.00000000000000,    2.02290293893312,  -41.53806397814666,    0.00000000000000,
  317,    4,    0.98906250000000,    0.01093750000000,    2.02595437952171,    0.00000000000000,    2.02595437952171,    0.00000605978317,   -0.00000000000000,    0.00001227684425,    2.02290293893312,    0.00000000000000,    2.02290293893312,  -41.53806397814666,    0.00000000000000,
  317,    5,    0.98906250000000,    0.01406250000000,    2.02595437952171,    0.00000000000000,    2.02595437952171,    0.00000605978317,   -0.00000000000000,    0.00001227684425,    2.02290293893312,    0.00000000000000,    2.02290293893312,  -41.53806397814666,    0.00000000000000,
  318,    1,    0.99218750000000,    0.00156250000000,    2.01942186652301,    0.00000000000000,    2.01942186652301,    0.00000597537254,    0.00000000000000,    0.00001206679797,    2.01636081901527,    0.00000000000000,    2.01636081901527,  -41.41570593526648,    0.00000000000000,
  318,    2,    0.99218750000000,    0.00468750000000,    2.01942186652301,    0.00000000000000,    2.01942186652301,    0.00000597537254,    0.00000000000000,    0.00001206679797,    2.01636081901527,    0.00000000000000,    2.01636081901527,  -41.41570593526648,    0.00000000000000,
  318,    3,    0.99218750000000,    0.00781250000000,    2.01942186652301,    0.00000000000000,    2.01942186652301,    0.00000597537254,    0.00000000000000,    0.00001206679797,    2.01636081901527,    0.00000000000000,    2.01636081901527,  -41.41570593526648,    0.00000000000000,
  318,    4,    0.99218750000000,    0.01093750000000,    2.01942186652301,    0.00000000000000,    2.01942186652301,    0.00000597537254,    0.00000000000000,    0.00001206679797,    2.01636081901527,    0.00000000000000,    2.01636081901527,  -41.41570593526648,    0.00000000000000,
  318,    5,    0.99218750000000,    0.01406250000000,    2.01942186652301,    0.00000000000000,    2.01942186652301,    0.00000597537254,    0.00000000000000,    0.00001206679797,    2.01636081901527,    0.00000000000000,    2.01636081901527,  -41.41570593526648,    0.00000000000000,
  319,    1,    0.99531250000000,    0.00156250000000,    2.01288784323003,    0.00000000000000,    2.01288784323003,    0.00000588925727,    0.00000000000000,    0.00001185441437,    2.00981712220764,    0.00000000000000,    2.00981712220764,  -41.28925899643094,    0.00000000000000,
  319,    2,    0.99531250000000,    0.00468750000000,    2.01288784323003,    0.00000000000000,    2.01288784323003,    0.00000588925727,    0.00000000000000,    0.00001185441437,    2.00981712220764,    0.00000000000000,    2.00981712220764,  -41.28925899643094,    0.00000000000000,
  319,    3,    0.99531250000000,    0.00781250000000,    2.01288784323003,    0.00000000000000,    2.01288784323003,    0.00000588925727,    0.00000000000000,    0.00001185441437,    2.00981712220764,    0.00000000000000,    2.00981712220764,  -41.28925899643094,    0.00000000000000,
  319,    4,    0.99531250000000,    0.01093750000000,    2.01288784323003,    0.00000000000000,    2.01288784323003,    0.00000588925727,    0.00000000000000,    0.00001185441437,    2.00981712220764,    0.00000000000000,    2.00981712220764,  -41.28925899643094,    0.00000000000000,
  319,    5,    0.99531250000000,    0.01406250000000,    2.01288784323003,    0.00000000000000,    2.01288784323003,    0.00000588925727,    0.00000000000000,    0.00001185441437,    2.00981712220764,    0.00000000000000,    2.00981712220764,  -41.28925899643094,    0.00000000000000,
  320,    1,    0.99843750000000,    0.00156250000000,    2.00635294009483,    0.00000000000000,    2.00635294009483,    0.00000580145996,    0.00000000000000,    0.00001163977625,    2.00327247920533,    0.00000000000000,    2.00327247920533,  -41.15877419947851,    0.00000000000000,
  320,    2,    0.99843750000000,    0.00468750000000,    2.00635294009483,    0.00000000000000,    2.00635294009483,    0.00000580145996,    0.00000000000000,    0.00001163977625,    2.00327247920533,    0.00000000000000,    2.00327247920533,  -41.15877419947851,    0.00000000000000,
  320,    3,    0.99843750000000,    0.00781250000000,    2.00635294009483,    0.00000000000000,    2.00635294009483,    0.00000580145996,    0.00000000000000,    0.00001163977625,    2.00327247920533,    0.00000000000000,    2.00327247920533,  -41.15877419947851,    0.00000000000000,
  320,    4,    0.99843750000000,    0.01093750000000,    2.00635294009483,    0.00000000000000,    2.00635294009483,    0.00000580145996,    0.00000000000000,    0.00001163977625,    2.00327247920533,    0.00000000000000,    2.00327247920533,  -41.15877419947851,    0.00000000000000,
  320,    5,    0.99843750000000,    0.01406250000000,    2.00635294009483,    0.00000000000000,    2.00635294009483,    0.00000580145996,    0.00000000000000,    0.00001163977625,    2.00327247920533,    0.00000000000000,    2.00327247920533,  -41.15877419947851,    0.00000000000000,
  321,    1,    1.00156250000000,    0.00156250000000,    1.99981778764440,    0.00000000000000,    1.99981778764440,    0.00000571200423,    0.00000000000000,    0.00001142296765,    1.99672752079467,    0.00000000000000,    1.99672752079467,  -41.02430299390574,    0.00000000000000,
  321,    2,    1.00156250000000,    0.00468750000000,    1.99981778764440,    0.00000000000000,    1.99981778764440,    0.00000571200423,    0.00000000000000,    0.00001142296765,    1.99672752079467,    0.00000000000000,    1.99672752079467,  -41.02430299390574,    0.00000000000000,
  321,    3,    1.00156250000000,    0.00781250000000,    1.99981778764440,    0.00000000000000,    1.99981778764440,    0.00000571200423,    0.00000000000000,    0.00001142296765,    1.99672752079467,    0.00000000000000,    1.99672752079467,  -41.02430299390574,    0.00000000000000,
  321,    4,    1.00156250000000,    0.01093750000000,    1.99981778764440,    0.00000000000000,    1.99981778764440,    0.00000571200423,    0.00000000000000,    0.00001142296765,    1.99672752079467,    0.00000000000000,    1.99672752079467,  -41.02430299390574,    0.00000000000000,
  321,    5,    1.00156250000000,    0.01406250000000,    1.99981778764440,    0.00000000000000,    1.99981778764440,    0.00000571200423,    0.00000000000000,    0.00001142296765,    1.99672752079467,    0.00000000000000,    1.99672752079467,  -41.02430299390574,    0.00000000000000,
  322,    1,    1.00468750000000,    0.00156250000000,    1.99328301641983,    0.00000000000000,    1.99328301641983,    0.00000562091470,    0.00000000000000,    0.00001120407381,    1.99018287779236,    0.00000000000000,    1.99018287779236,  -40.88589722092215,    0.00000000000000,
  322,    2,    1.00468750000000,    0.00468750000000,    1.99328301641983,    0.00000000000000,    1.99328301641983,    0.00000562091470,    0.00000000000000,    0.00001120407381,    1.99018287779236,    0.00000000000000,    1.99018287779236,  -40.88589722092215,    0.00000000000000,
  322,    3,    1.00468750000000,    0.00781250000000,    1.99328301641983,    0.00000000000000,    1.99328301641983,    0.00000562091470,    0.00000000000000,    0.00001120407381,    1.99018287779236,    0.00000000000000,    1.99018287779236,  -40.88589722092215,    0.00000000000000,
  322,    4,    1.00468750000000,    0.01093750000000,    1.99328301641983,    0.00000000000000,    1.99328301641983,    0.00000562091470,    0.00000000000000,    0.00001120407381,    1.99018287779236,    0.00000000000000,    1.99018287779236,  -40.88589722092215,    0.00000000000000,
  322,    5,    1.00468750000000,    0.01406250000000,    1.99328301641983,    0.00000000000000,    1.99328301641983,    0.00000562091470,    0.00000000000000,    0.00001120407381,    1.99018287779236,    0.00000000000000,    1.99018287779236,  -40.88589722092215,    0.00000000000000,
  323,    1,    1.00781250000000,    0.00156250000000,    1.98674925691466,    0.00000000000000,    1.98674925691466,    0.00000552821705,    0.00000000000000,    0.00001098318111,    1.98363918098473,    0.00000000000000,    1.98363918098473,  -40.74360909346447,    0.00000000000000,
  323,    2,    1.00781250000000,    0.00468750000000,    1.98674925691466,    0.00000000000000,    1.98674925691466,    0.00000552821705,    0.00000000000000,    0.00001098318111,    1.98363918098473,    0.00000000000000,    1.98363918098473,  -40.74360909346447,    0.00000000000000,
  323,    3,    1.00781250000000,    0.00781250000000,    1.98674925691466,    0.00000000000000,    1.98674925691466,    0.00000552821705,    0.00000000000000,    0.00001098318111,    1.98363918098473,    0.00000000000000,    1.98363918098473,  -40.74360909346447,    0.00000000000000,
  323,    4,    1.00781250000000,    0.01093750000000,    1.98674925691466,    0.00000000000000,    1.98674925691466,    0.00000552821705,    0.00000000000000,    0.00001098318111,    1.98363918098473,    0.00000000000000,    1.98363918098473,  -40.74360909346447,    0.00000000000000,
  323,    5,    1.00781250000000,    0.01406250000000,    1.98674925691466,    0.00000000000000,    1.98674925691466,    0.00000552821705,    0.00000000000000,    0.00001098318111,    1.98363918098473,    0.00000000000000,    1.98363918098473,  -40.74360909346447,    0.00000000000000,
  324,    1,    1.01093750000000,    0.00156250000000,    1.98021713951391,    0.00000000000000,    1.98021713951391,    0.00000543393795,    0.00000000000000,    0.00001076037707,    1.97709706106688,    0.00000000000000,    1.97709706106688,  -40.59749117617789,    0.00000000000000,
  324,    2,    1.01093750000000,    0.00468750000000,    1.98021713951391,    0.00000000000000,    1.98021713951391,    0.00000543393795,    0.00000000000000,    0.00001076037707,    1.97709706106688,    0.00000000000000,    1.97709706106688,  -40.59749117617789,    0.00000000000000,
  324,    3,    1.01093750000000,    0.00781250000000,    1.98021713951391,    0.00000000000000,    1.98021713951391,    0.00000543393795,    0.00000000000000,    0.00001076037707,    1.97709706106688,    0.00000000000000,    1.97709706106688,  -40.59749117617789,    0.00000000000000,
  324,    4,    1.01093750000000,    0.01093750000000,    1.98021713951391,    0.00000000000000,    1.98021713951391,    0.00000543393795,    0.00000000000000,    0.00001076037707,    1.97709706106688,    0.00000000000000,    1.97709706106688,  -40.59749117617789,    0.00000000000000,
  324,    5,    1.01093750000000,    0.01406250000000,    1.98021713951391,    0.00000000000000,    1.98021713951391,    0.00000543393795,    0.00000000000000,    0.00001076037707,    1.97709706106688,    0.00000000000000,    1.97709706106688,  -40.59749117617789,    0.00000000000000,
  325,    1,    1.01406250000000,    0.00156250000000,    1.97368729443283,    0.00000000000000,    1.97368729443283,    0.00000533810514,    0.00000000000000,    0.00001053575028,    1.97055714858195,    0.00000000000000,    1.97055714858195,  -40.44759636537213,    0.00000000000000,
  325,    2,    1.01406250000000,    0.00468750000000,    1.97368729443283,    0.00000000000000,    1.97368729443283,    0.00000533810514,    0.00000000000000,    0.00001053575028,    1.97055714858195,    0.00000000000000,    1.97055714858195,  -40.44759636537213,    0.00000000000000,
  325,    3,    1.01406250000000,    0.00781250000000,    1.97368729443283,    0.00000000000000,    1.97368729443283,    0.00000533810514,    0.00000000000000,    0.00001053575028,    1.97055714858195,    0.00000000000000,    1.97055714858195,  -40.44759636537213,    0.00000000000000,
  325,    4,    1.01406250000000,    0.01093750000000,    1.97368729443283,    0.00000000000000,    1.97368729443283,    0.00000533810514,    0.00000000000000,    0.00001053575028,    1.97055714858195,    0.00000000000000,    1.97055714858195,  -40.44759636537213,    0.00000000000000,
  325,    5,    1.01406250000000,    0.01406250000000,    1.97368729443283,    0.00000000000000,    1.97368729443283,    0.00000533810514,    0.00000000000000,    0.00001053575028,    1.97055714858195,    0.00000000000000,    1.97055714858195,  -40.44759636537213,    0.00000000000000,
  326,    1,    1.01718750000000,    0.00156250000000,    1.96716035165568,    0.00000000000000,    1.96716035165568,    0.00000524074734,    0.00000000000000,    0.00001030939039,    1.96402007386033,    0.00000000000000,    1.96402007386033,  -40.29397786896001,    0.00000000000000,
  326,    2,    1.01718750000000,    0.00468750000000,    1.96716035165568,    0.00000000000000,    1.96716035165568,    0.00000524074734,    0.00000000000000,    0.00001030939039,    1.96402007386033,    0.00000000000000,    1.96402007386033,  -40.29397786896001,    0.00000000000000,
  326,    3,    1.01718750000000,    0.00781250000000,    1.96716035165568,    0.00000000000000,    1.96716035165568,    0.00000524074734,    0.00000000000000,    0.00001030939039,    1.96402007386033,    0.00000000000000,    1.96402007386033,  -40.29397786896001,    0.00000000000000,
  326,    4,    1.01718750000000,    0.01093750000000,    1.96716035165568,    0.00000000000000,    1.96716035165568,    0.00000524074734,    0.00000000000000,    0.00001030939039,    1.96402007386033,    0.00000000000000,    1.96402007386033,  -40.29397786896001,    0.00000000000000,
  326,    5,    1.01718750000000,    0.01406250000000,    1.96716035165568,    0.00000000000000,    1.96716035165568,    0.00000524074734,    0.00000000000000,    0.00001030939039,    1.96402007386033,    0.00000000000000,    1.96402007386033,  -40.29397786896001,    0.00000000000000,
  327,    1,    1.02031250000000,    0.00156250000000,    1.96063694087448,    0.00000000000000,    1.96063694087448,    0.00000514189437,    0.00000000000000,    0.00001008138805,    1.95748646695888,    0.00000000000000,    1.95748646695888,  -40.13668918638611,    0.00000000000000,
  327,    2,    1.02031250000000,    0.00468750000000,    1.96063694087448,    0.00000000000000,    1.96063694087448,    0.00000514189437,    0.00000000000000,    0.00001008138805,    1.95748646695888,    0.00000000000000,    1.95748646695888,  -40.13668918638611,    0.00000000000000,
  327,    3,    1.02031250000000,    0.00781250000000,    1.96063694087448,    0.00000000000000,    1.96063694087448,    0.00000514189437,    0.00000000000000,    0.00001008138805,    1.95748646695888,    0.00000000000000,    1.95748646695888,  -40.13668918638611,    0.00000000000000,
  327,    4,    1.02031250000000,    0.01093750000000,    1.96063694087448,    0.00000000000000,    1.96063694087448,    0.00000514189437,    0.00000000000000,    0.00001008138805,    1.95748646695888,    0.00000000000000,    1.95748646695888,  -40.13668918638611,    0.00000000000000,
  327,    5,    1.02031250000000,    0.01406250000000,    1.96063694087448,    0.00000000000000,    1.96063694087448,    0.00000514189437,    0.00000000000000,    0.00001008138805,    1.95748646695888,    0.00000000000000,    1.95748646695888,  -40.13668918638611,    0.00000000000000,
  328,    1,    1.02343750000000,    0.00156250000000,    1.95411769142795,    0.00000000000000,    1.95411769142795,    0.00000504157702,    0.00000000000000,    0.00000985183486,    1.95095695760022,    0.00000000000000,    1.95095695760022,  -39.97578408855335,    0.00000000000000,
  328,    2,    1.02343750000000,    0.00468750000000,    1.95411769142795,    0.00000000000000,    1.95411769142795,    0.00000504157702,    0.00000000000000,    0.00000985183486,    1.95095695760022,    0.00000000000000,    1.95095695760022,  -39.97578408855335,    0.00000000000000,
  328,    3,    1.02343750000000,    0.00781250000000,    1.95411769142795,    0.00000000000000,    1.95411769142795,    0.00000504157702,    0.00000000000000,    0.00000985183486,    1.95095695760022,    0.00000000000000,    1.95095695760022,  -39.97578408855335,    0.00000000000000,
  328,    4,    1.02343750000000,    0.01093750000000,    1.95411769142795,    0.00000000000000,    1.95411769142795,    0.00000504157702,    0.00000000000000,    0.00000985183486,    1.95095695760022,    0.00000000000000,    1.95095695760022,  -39.97578408855335,    0.00000000000000,
  328,    5,    1.02343750000000,    0.01406250000000,    1.95411769142795,    0.00000000000000,    1.95411769142795,    0.00000504157702,    0.00000000000000,    0.00000985183486,    1.95095695760022,    0.00000000000000,    1.95095695760022,  -39.97578408855335,    0.00000000000000,
  329,    1,    1.02656250000000,    0.00156250000000,    1.94760323224030,    0.00000000000000,    1.94760323224030,    0.00000493982717,    0.00000000000000,    0.00000962082336,    1.94443217511207,    0.00000000000000,    1.94443217511207,  -39.81131659775514,    0.00000000000000,
  329,    2,    1.02656250000000,    0.00468750000000,    1.94760323224030,    0.00000000000000,    1.94760323224030,    0.00000493982717,    0.00000000000000,    0.00000962082336,    1.94443217511207,    0.00000000000000,    1.94443217511207,  -39.81131659775514,    0.00000000000000,
  329,    3,    1.02656250000000,    0.00781250000000,    1.94760323224030,    0.00000000000000,    1.94760323224030,    0.00000493982717,    0.00000000000000,    0.00000962082336,    1.94443217511207,    0.00000000000000,    1.94443217511207,  -39.81131659775514,    0.00000000000000,
  329,    4,    1.02656250000000,    0.01093750000000,    1.94760323224030,    0.00000000000000,    1.94760323224030,    0.00000493982717,    0.00000000000000,    0.00000962082336,    1.94443217511207,    0.00000000000000,    1.94443217511207,  -39.81131659775514,    0.00000000000000,
  329,    5,    1.02656250000000,    0.01406250000000,    1.94760323224030,    0.00000000000000,    1.94760323224030,    0.00000493982717,    0.00000000000000,    0.00000962082336,    1.94443217511207,    0.00000000000000,    1.94443217511207,  -39.81131659775514,    0.00000000000000,
  330,    1,    1.02968750000000,    0.00156250000000,    1.94109419176019,    0.00000000000000,    1.94109419176019,    0.00000483667768,    0.00000000000000,    0.00000938844696,    1.93791274836653,    0.00000000000000,    1.93791274836653,  -39.64334096762080,    0.00000000000000,
  330,    2,    1.02968750000000,    0.00468750000000,    1.94109419176019,    0.00000000000000,    1.94109419176019,    0.00000483667768,    0.00000000000000,    0.00000938844696,    1.93791274836653,    0.00000000000000,    1.93791274836653,  -39.64334096762080,    0.00000000000000,
  330,    3,    1.02968750000000,    0.00781250000000,    1.94109419176019,    0.00000000000000,    1.94109419176019,    0.00000483667768,    0.00000000000000,    0.00000938844696,    1.93791274836653,    0.00000000000000,    1.93791274836653,  -39.64334096762080,    0.00000000000000,
  330,    4,    1.02968750000000,    0.01093750000000,    1.94109419176019,    0.00000000000000,    1.94109419176019,    0.00000483667768,    0.00000000000000,    0.00000938844696,    1.93791274836653,    0.00000000000000,    1.93791274836653,  -39.64334096762080,    0.00000000000000,
  330,    5,    1.02968750000000,    0.01406250000000,    1.94109419176019,    0.00000000000000,    1.94109419176019,    0.00000483667768,    0.00000000000000,    0.00000938844696,    1.93791274836653,    0.00000000000000,    1.93791274836653,  -39.64334096762080,    0.00000000000000,
  331,    1,    1.03281250000000,    0.00156250000000,    1.93459119789958,    0.00000000000000,    1.93459119789958,    0.00000473216249,    0.00000000000000,    0.00000915479990,    1.93139930571954,    0.00000000000000,    1.93139930571954,  -39.47191166308171,    0.00000000000000,
  331,    2,    1.03281250000000,    0.00468750000000,    1.93459119789958,    0.00000000000000,    1.93459119789958,    0.00000473216249,    0.00000000000000,    0.00000915479990,    1.93139930571954,    0.00000000000000,    1.93139930571954,  -39.47191166308171,    0.00000000000000,
  331,    3,    1.03281250000000,    0.00781250000000,    1.93459119789958,    0.00000000000000,    1.93459119789958,    0.00000473216249,    0.00000000000000,    0.00000915479990,    1.93139930571954,    0.00000000000000,    1.93139930571954,  -39.47191166308171,    0.00000000000000,
  331,    4,    1.03281250000000,    0.01093750000000,    1.93459119789958,    0.00000000000000,    1.93459119789958,    0.00000473216249,    0.00000000000000,    0.00000915479990,    1.93139930571954,    0.00000000000000,    1.93139930571954,  -39.47191166308171,    0.00000000000000,
  331,    5,    1.03281250000000,    0.01406250000000,    1.93459119789958,    0.00000000000000,    1.93459119789958,    0.00000473216249,    0.00000000000000,    0.00000915479990,    1.93139930571954,    0.00000000000000,    1.93139930571954,  -39.47191166308171,    0.00000000000000,
  332,    1,    1.03593750000000,    0.00156250000000,    1.92809487797278,    0.00000000000000,    1.92809487797278,    0.00000462631653,    0.00000000000000,    0.00000891997721,    1.92489247495023,    0.00000000000000,    1.92489247495023,  -39.29708334036617,    0.00000000000000,
  332,    2,    1.03593750000000,    0.00468750000000,    1.92809487797278,    0.00000000000000,    1.92809487797278,    0.00000462631653,    0.00000000000000,    0.00000891997721,    1.92489247495023,    0.00000000000000,    1.92489247495023,  -39.29708334036617,    0.00000000000000,
  332,    3,    1.03593750000000,    0.00781250000000,    1.92809487797278,    0.00000000000000,    1.92809487797278,    0.00000462631653,    0.00000000000000,    0.00000891997721,    1.92489247495023,    0.00000000000000,    1.92489247495023,  -39.29708334036617,    0.00000000000000,
  332,    4,    1.03593750000000,    0.01093750000000,    1.92809487797278,    0.00000000000000,    1.92809487797278,    0.00000462631653,    0.00000000000000,    0.00000891997721,    1.92489247495023,    0.00000000000000,    1.92489247495023,  -39.29708334036617,    0.00000000000000,
  332,    5,    1.03593750000000,    0.01406250000000,    1.92809487797278,    0.00000000000000,    1.92809487797278,    0.00000462631653,    0.00000000000000,    0.00000891997721,    1.92489247495023,    0.00000000000000,    1.92489247495023,  -39.29708334036617,    0.00000000000000,
  333,    1,    1.03906250000000,    0.00156250000000,    1.92160585863550,    0.00000000000000,    1.92160585863550,    0.00000451917579,    0.00000000000000,    0.00000868407466,    1.91839288320052,    0.00000000000000,    1.91839288320052,  -39.11891082703031,    0.00000000000000,
  333,    2,    1.03906250000000,    0.00468750000000,    1.92160585863550,    0.00000000000000,    1.92160585863550,    0.00000451917579,    0.00000000000000,    0.00000868407466,    1.91839288320052,    0.00000000000000,    1.91839288320052,  -39.11891082703031,    0.00000000000000,
  333,    3,    1.03906250000000,    0.00781250000000,    1.92160585863550,    0.00000000000000,    1.92160585863550,    0.00000451917579,    0.00000000000000,    0.00000868407466,    1.91839288320052,    0.00000000000000,    1.91839288320052,  -39.11891082703031,    0.00000000000000,
  333,    4,    1.03906250000000,    0.01093750000000,    1.92160585863550,    0.00000000000000,    1.92160585863550,    0.00000451917579,    0.00000000000000,    0.00000868407466,    1.91839288320052,    0.00000000000000,    1.91839288320052,  -39.11891082703031,    0.00000000000000,
  333,    5,    1.03906250000000,    0.01406250000000,    1.92160585863550,    0.00000000000000,    1.92160585863550,    0.00000451917579,    0.00000000000000,    0.00000868407466,    1.91839288320052,    0.00000000000000,    1.91839288320052,  -39.11891082703031,    0.00000000000000,
  334,    1,    1.04218750000000,    0.00156250000000,    1.91512476582391,    0.00000000000000,    1.91512476582391,    0.00000441077723,    0.00000000000000,    0.00000844718871,    1.91190115691458,    0.00000000000000,    1.91190115691458,  -38.93744910203270,    0.00000000000000,
  334,    2,    1.04218750000000,    0.00468750000000,    1.91512476582391,    0.00000000000000,    1.91512476582391,    0.00000441077723,    0.00000000000000,    0.00000844718871,    1.91190115691458,    0.00000000000000,    1.91190115691458,  -38.93744910203270,    0.00000000000000,
  334,    3,    1.04218750000000,    0.00781250000000,    1.91512476582391,    0.00000000000000,    1.91512476582391,    0.00000441077723,    0.00000000000000,    0.00000844718871,    1.91190115691458,    0.00000000000000,    1.91190115691458,  -38.93744910203270,    0.00000000000000,
  334,    4,    1.04218750000000,    0.01093750000000,    1.91512476582391,    0.00000000000000,    1.91512476582391,    0.00000441077723,    0.00000000000000,    0.00000844718871,    1.91190115691458,    0.00000000000000,    1.91190115691458,  -38.93744910203270,    0.00000000000000,
  334,    5,    1.04218750000000,    0.01406250000000,    1.91512476582391,    0.00000000000000,    1.91512476582391,    0.00000441077723,    0.00000000000000,    0.00000844718871,    1.91190115691458,    0.00000000000000,    1.91190115691458,  -38.93744910203270,    0.00000000000000,
  335,    1,    1.04531250000000,    0.00156250000000,    1.90865222469382,    0.00000000000000,    1.90865222469382,    0.00000430115887,    0.00000000000000,    0.00000820941645,    1.90541792177850,    0.00000000000000,    1.90541792177850,  -38.75275327586039,    0.00000000000000,
  335,    2,    1.04531250000000,    0.00468750000000,    1.90865222469382,    0.00000000000000,    1.90865222469382,    0.00000430115887,    0.00000000000000,    0.00000820941645,    1.90541792177850,    0.00000000000000,    1.90541792177850,  -38.75275327586039,    0.00000000000000,
  335,    3,    1.04531250000000,    0.00781250000000,    1.90865222469382,    0.00000000000000,    1.90865222469382,    0.00000430115887,    0.00000000000000,    0.00000820941645,    1.90541792177850,    0.00000000000000,    1.90541792177850,  -38.75275327586039,    0.00000000000000,
  335,    4,    1.04531250000000,    0.01093750000000,    1.90865222469382,    0.00000000000000,    1.90865222469382,    0.00000430115887,    0.00000000000000,    0.00000820941645,    1.90541792177850,    0.00000000000000,    1.90541792177850,  -38.75275327586039,    0.00000000000000,
  335,    5,    1.04531250000000,    0.01406250000000,    1.90865222469382,    0.00000000000000,    1.90865222469382,    0.00000430115887,    0.00000000000000,    0.00000820941645,    1.90541792177850,    0.00000000000000,    1.90541792177850,  -38.75275327586039,    0.00000000000000,
  336,    1,    1.04843750000000,    0.00156250000000,    1.90218885955994,    0.00000000000000,    1.90218885955994,    0.00000419035973,    0.00000000000000,    0.00000797085559,    1.89894380265997,    0.00000000000000,    1.89894380265997,  -38.56487857071360,    0.00000000000000,
  336,    2,    1.04843750000000,    0.00468750000000,    1.90218885955994,    0.00000000000000,    1.90218885955994,    0.00000419035973,    0.00000000000000,    0.00000797085559,    1.89894380265997,    0.00000000000000,    1.89894380265997,  -38.56487857071360,    0.00000000000000,
  336,    3,    1.04843750000000,    0.00781250000000,    1.90218885955994,    0.00000000000000,    1.90218885955994,    0.00000419035973,    0.00000000000000,    0.00000797085559,    1.89894380265997,    0.00000000000000,    1.89894380265997,  -38.56487857071360,    0.00000000000000,
  336,    4,    1.04843750000000,    0.01093750000000,    1.90218885955994,    0.00000000000000,    1.90218885955994,    0.00000419035973,    0.00000000000000,    0.00000797085559,    1.89894380265997,    0.00000000000000,    1.89894380265997,  -38.56487857071360,    0.00000000000000,
  336,    5,    1.04843750000000,    0.01406250000000,    1.90218885955994,    0.00000000000000,    1.90218885955994,    0.00000419035973,    0.00000000000000,    0.00000797085559,    1.89894380265997,    0.00000000000000,    1.89894380265997,  -38.56487857071360,    0.00000000000000,
  337,    1,    1.05156250000000,    0.00156250000000,    1.89573529383511,    0.00000000000000,    1.89573529383511,    0.00000407841980,    0.00000000000000,    0.00000773160435,    1.89247942354808,    0.00000000000000,    1.89247942354808,  -38.37388030075699,    0.00000000000000,
  337,    2,    1.05156250000000,    0.00468750000000,    1.89573529383511,    0.00000000000000,    1.89573529383511,    0.00000407841980,    0.00000000000000,    0.00000773160435,    1.89247942354808,    0.00000000000000,    1.89247942354808,  -38.37388030075699,    0.00000000000000,
  337,    3,    1.05156250000000,    0.00781250000000,    1.89573529383511,    0.00000000000000,    1.89573529383511,    0.00000407841980,    0.00000000000000,    0.00000773160435,    1.89247942354808,    0.00000000000000,    1.89247942354808,  -38.37388030075699,    0.00000000000000,
  337,    4,    1.05156250000000,    0.01093750000000,    1.89573529383511,    0.00000000000000,    1.89573529383511,    0.00000407841980,    0.00000000000000,    0.00000773160435,    1.89247942354808,    0.00000000000000,    1.89247942354808,  -38.37388030075699,    0.00000000000000,
  337,    5,    1.05156250000000,    0.01406250000000,    1.89573529383511,    0.00000000000000,    1.89573529383511,    0.00000407841980,    0.00000000000000,    0.00000773160435,    1.89247942354808,    0.00000000000000,    1.89247942354808,  -38.37388030075699,    0.00000000000000,
  338,    1,    1.05468750000000,    0.00156250000000,    1.88929214996985,    0.00000000000000,    1.88929214996985,    0.00000396538009,    0.00000000000000,    0.00000749176147,    1.88602540749313,    0.00000000000000,    1.88602540749313,  -38.17981385244440,    0.00000000000000,
  338,    2,    1.05468750000000,    0.00468750000000,    1.88929214996985,    0.00000000000000,    1.88929214996985,    0.00000396538009,    0.00000000000000,    0.00000749176147,    1.88602540749313,    0.00000000000000,    1.88602540749313,  -38.17981385244440,    0.00000000000000,
  338,    3,    1.05468750000000,    0.00781250000000,    1.88929214996985,    0.00000000000000,    1.88929214996985,    0.00000396538009,    0.00000000000000,    0.00000749176147,    1.88602540749313,    0.00000000000000,    1.88602540749313,  -38.17981385244440,    0.00000000000000,
  338,    4,    1.05468750000000,    0.01093750000000,    1.88929214996985,    0.00000000000000,    1.88929214996985,    0.00000396538009,    0.00000000000000,    0.00000749176147,    1.88602540749313,    0.00000000000000,    1.88602540749313,  -38.17981385244440,    0.00000000000000,
  338,    5,    1.05468750000000,    0.01406250000000,    1.88929214996985,    0.00000000000000,    1.88929214996985,    0.00000396538009,    0.00000000000000,    0.00000749176147,    1.88602540749313,    0.00000000000000,    1.88602540749313,  -38.17981385244440,    0.00000000000000,
  339,    1,    1.05781250000000,    0.00156250000000,    1.88286004939170,    0.00000000000000,    1.88286004939170,    0.00000385128258,    0.00000000000000,    0.00000725142611,    1.87958237654663,    0.00000000000000,    1.87958237654663,  -37.98273466492514,    0.00000000000000,
  339,    2,    1.05781250000000,    0.00468750000000,    1.88286004939170,    0.00000000000000,    1.88286004939170,    0.00000385128258,    0.00000000000000,    0.00000725142611,    1.87958237654663,    0.00000000000000,    1.87958237654663,  -37.98273466492514,    0.00000000000000,
  339,    3,    1.05781250000000,    0.00781250000000,    1.88286004939170,    0.00000000000000,    1.88286004939170,    0.00000385128258,    0.00000000000000,    0.00000725142611,    1.87958237654663,    0.00000000000000,    1.87958237654663,  -37.98273466492514,    0.00000000000000,
  339,    4,    1.05781250000000,    0.01093750000000,    1.88286004939170,    0.00000000000000,    1.88286004939170,    0.00000385128258,    0.00000000000000,    0.00000725142611,    1.87958237654663,    0.00000000000000,    1.87958237654663,  -37.98273466492514,    0.00000000000000,
  339,    5,    1.05781250000000,    0.01406250000000,    1.88286004939170,    0.00000000000000,    1.88286004939170,    0.00000385128258,    0.00000000000000,    0.00000725142611,    1.87958237654663,    0.00000000000000,    1.87958237654663,  -37.98273466492514,    0.00000000000000,
  340,    1,    1.06093750000000,    0.00156250000000,    1.87643961244488,    0.00000000000000,    1.87643961244488,    0.00000373617022,    0.00000000000000,    0.00000701069781,    1.87315095170131,    0.00000000000000,    1.87315095170131,  -37.78269821053873,    0.00000000000000,
  340,    2,    1.06093750000000,    0.00468750000000,    1.87643961244488,    0.00000000000000,    1.87643961244488,    0.00000373617022,    0.00000000000000,    0.00000701069781,    1.87315095170131,    0.00000000000000,    1.87315095170131,  -37.78269821053873,    0.00000000000000,
  340,    3,    1.06093750000000,    0.00781250000000,    1.87643961244488,    0.00000000000000,    1.87643961244488,    0.00000373617022,    0.00000000000000,    0.00000701069781,    1.87315095170131,    0.00000000000000,    1.87315095170131,  -37.78269821053873,    0.00000000000000,
  340,    4,    1.06093750000000,    0.01093750000000,    1.87643961244488,    0.00000000000000,    1.87643961244488,    0.00000373617022,    0.00000000000000,    0.00000701069781,    1.87315095170131,    0.00000000000000,    1.87315095170131,  -37.78269821053873,    0.00000000000000,
  340,    5,    1.06093750000000,    0.01406250000000,    1.87643961244488,    0.00000000000000,    1.87643961244488,    0.00000373617022,    0.00000000000000,    0.00000701069781,    1.87315095170131,    0.00000000000000,    1.87315095170131,  -37.78269821053873,    0.00000000000000,
  341,    1,    1.06406250000000,    0.00156250000000,    1.87003145832994,    0.00000000000000,    1.87003145832994,    0.00000362008694,    0.00000000000000,    0.00000676967646,    1.86673175283128,    0.00000000000000,    1.86673175283128,  -37.57975997540559,    0.00000000000000,
  341,    2,    1.06406250000000,    0.00468750000000,    1.87003145832994,    0.00000000000000,    1.87003145832994,    0.00000362008694,    0.00000000000000,    0.00000676967646,    1.86673175283128,    0.00000000000000,    1.86673175283128,  -37.57975997540559,    0.00000000000000,
  341,    3,    1.06406250000000,    0.00781250000000,    1.87003145832994,    0.00000000000000,    1.87003145832994,    0.00000362008694,    0.00000000000000,    0.00000676967646,    1.86673175283128,    0.00000000000000,    1.86673175283128,  -37.57975997540559,    0.00000000000000,
  341,    4,    1.06406250000000,    0.01093750000000,    1.87003145832994,    0.00000000000000,    1.87003145832994,    0.00000362008694,    0.00000000000000,    0.00000676967646,    1.86673175283128,    0.00000000000000,    1.86673175283128,  -37.57975997540559,    0.00000000000000,
  341,    5,    1.06406250000000,    0.01406250000000,    1.87003145832994,    0.00000000000000,    1.87003145832994,    0.00000362008694,    0.00000000000000,    0.00000676967646,    1.86673175283128,    0.00000000000000,    1.86673175283128,  -37.57975997540559,    0.00000000000000,
  342,    1,    1.06718750000000,    0.00156250000000,    1.86363620504362,    0.00000000000000,    1.86363620504362,    0.00000350307758,    0.00000000000000,    0.00000652846221,    1.86032539863229,    0.00000000000000,    1.86032539863229,  -37.37397544012102,    0.00000000000000,
  342,    2,    1.06718750000000,    0.00468750000000,    1.86363620504362,    0.00000000000000,    1.86363620504362,    0.00000350307758,    0.00000000000000,    0.00000652846221,    1.86032539863229,    0.00000000000000,    1.86032539863229,  -37.37397544012102,    0.00000000000000,
  342,    3,    1.06718750000000,    0.00781250000000,    1.86363620504362,    0.00000000000000,    1.86363620504362,    0.00000350307758,    0.00000000000000,    0.00000652846221,    1.86032539863229,    0.00000000000000,    1.86032539863229,  -37.37397544012102,    0.00000000000000,
  342,    4,    1.06718750000000,    0.01093750000000,    1.86363620504362,    0.00000000000000,    1.86363620504362,    0.00000350307758,    0.00000000000000,    0.00000652846221,    1.86032539863229,    0.00000000000000,    1.86032539863229,  -37.37397544012102,    0.00000000000000,
  342,    5,    1.06718750000000,    0.01406250000000,    1.86363620504362,    0.00000000000000,    1.86363620504362,    0.00000350307758,    0.00000000000000,    0.00000652846221,    1.86032539863229,    0.00000000000000,    1.86032539863229,  -37.37397544012102,    0.00000000000000,
  343,    1,    1.07031250000000,    0.00156250000000,    1.85725446931870,    0.00000000000000,    1.85725446931870,    0.00000338518795,    0.00000000000000,    0.00000628715545,    1.85393250656209,    0.00000000000000,    1.85393250656209,  -37.16540006055956,    0.00000000000000,
  343,    2,    1.07031250000000,    0.00468750000000,    1.85725446931870,    0.00000000000000,    1.85725446931870,    0.00000338518795,    0.00000000000000,    0.00000628715545,    1.85393250656209,    0.00000000000000,    1.85393250656209,  -37.16540006055956,    0.00000000000000,
  343,    3,    1.07031250000000,    0.00781250000000,    1.85725446931870,    0.00000000000000,    1.85725446931870,    0.00000338518795,    0.00000000000000,    0.00000628715545,    1.85393250656209,    0.00000000000000,    1.85393250656209,  -37.16540006055956,    0.00000000000000,
  343,    4,    1.07031250000000,    0.01093750000000,    1.85725446931870,    0.00000000000000,    1.85725446931870,    0.00000338518795,    0.00000000000000,    0.00000628715545,    1.85393250656209,    0.00000000000000,    1.85393250656209,  -37.16540006055956,    0.00000000000000,
  343,    5,    1.07031250000000,    0.01406250000000,    1.85725446931870,    0.00000000000000,    1.85725446931870,    0.00000338518795,    0.00000000000000,    0.00000628715545,    1.85393250656209,    0.00000000000000,    1.85393250656209,  -37.16540006055956,    0.00000000000000,
  344,    1,    1.07343750000000,    0.00156250000000,    1.85088686656404,    0.00000000000000,    1.85088686656404,    0.00000326646475,    0.00000000000000,    0.00000604585671,    1.84755369278092,    0.00000000000000,    1.84755369278092,  -36.95408924879722,    0.00000000000000,
  344,    2,    1.07343750000000,    0.00468750000000,    1.85088686656404,    0.00000000000000,    1.85088686656404,    0.00000326646475,    0.00000000000000,    0.00000604585671,    1.84755369278092,    0.00000000000000,    1.84755369278092,  -36.95408924879722,    0.00000000000000,
  344,    3,    1.07343750000000,    0.00781250000000,    1.85088686656404,    0.00000000000000,    1.85088686656404,    0.00000326646475,    0.00000000000000,    0.00000604585671,    1.84755369278092,    0.00000000000000,    1.84755369278092,  -36.95408924879722,    0.00000000000000,
  344,    4,    1.07343750000000,    0.01093750000000,    1.85088686656404,    0.00000000000000,    1.85088686656404,    0.00000326646475,    0.00000000000000,    0.00000604585671,    1.84755369278092,    0.00000000000000,    1.84755369278092,  -36.95408924879722,    0.00000000000000,
  344,    5,    1.07343750000000,    0.01406250000000,    1.85088686656404,    0.00000000000000,    1.85088686656404,    0.00000326646475,    0.00000000000000,    0.00000604585671,    1.84755369278092,    0.00000000000000,    1.84755369278092,  -36.95408924879722,    0.00000000000000,
  345,    1,    1.07656250000000,    0.00156250000000,    1.84453401080479,    0.00000000000000,    1.84453401080479,    0.00000314695561,    0.00000000000000,    0.00000580466666,    1.84118957209214,    0.00000000000000,    1.84118957209214,  -36.74009835415840,    0.00000000000000,
  345,    2,    1.07656250000000,    0.00468750000000,    1.84453401080479,    0.00000000000000,    1.84453401080479,    0.00000314695561,    0.00000000000000,    0.00000580466666,    1.84118957209214,    0.00000000000000,    1.84118957209214,  -36.74009835415840,    0.00000000000000,
  345,    3,    1.07656250000000,    0.00781250000000,    1.84453401080479,    0.00000000000000,    1.84453401080479,    0.00000314695561,    0.00000000000000,    0.00000580466666,    1.84118957209214,    0.00000000000000,    1.84118957209214,  -36.74009835415840,    0.00000000000000,
  345,    4,    1.07656250000000,    0.01093750000000,    1.84453401080479,    0.00000000000000,    1.84453401080479,    0.00000314695561,    0.00000000000000,    0.00000580466666,    1.84118957209214,    0.00000000000000,    1.84118957209214,  -36.74009835415840,    0.00000000000000,
  345,    5,    1.07656250000000,    0.01406250000000,    1.84453401080479,    0.00000000000000,    1.84453401080479,    0.00000314695561,    0.00000000000000,    0.00000580466666,    1.84118957209214,    0.00000000000000,    1.84118957209214,  -36.74009835415840,    0.00000000000000,
  346,    1,    1.07968750000000,    0.00156250000000,    1.83819651462260,    0.00000000000000,    1.83819651462260,    0.00000302670903,    0.00000000000000,    0.00000556368598,    1.83484075788293,    0.00000000000000,    1.83484075788293,  -36.52348264439454,    0.00000000000000,
  346,    2,    1.07968750000000,    0.00468750000000,    1.83819651462260,    0.00000000000000,    1.83819651462260,    0.00000302670903,    0.00000000000000,    0.00000556368598,    1.83484075788293,    0.00000000000000,    1.83484075788293,  -36.52348264439454,    0.00000000000000,
  346,    3,    1.07968750000000,    0.00781250000000,    1.83819651462260,    0.00000000000000,    1.83819651462260,    0.00000302670903,    0.00000000000000,    0.00000556368598,    1.83484075788293,    0.00000000000000,    1.83484075788293,  -36.52348264439454,    0.00000000000000,
  346,    4,    1.07968750000000,    0.01093750000000,    1.83819651462260,    0.00000000000000,    1.83819651462260,    0.00000302670903,    0.00000000000000,    0.00000556368598,    1.83484075788293,    0.00000000000000,    1.83484075788293,  -36.52348264439454,    0.00000000000000,
  346,    5,    1.07968750000000,    0.01406250000000,    1.83819651462260,    0.00000000000000,    1.83819651462260,    0.00000302670903,    0.00000000000000,    0.00000556368598,    1.83484075788293,    0.00000000000000,    1.83484075788293,  -36.52348264439454,    0.00000000000000,
  347,    1,    1.08281250000000,    0.00156250000000,    1.83187498909611,    0.00000000000000,    1.83187498909611,    0.00000290577438,    0.00000000000000,    0.00000532301540,    1.82850786206524,    0.00000000000000,    1.82850786206524,  -36.30429728700199,    0.00000000000000,
  347,    2,    1.08281250000000,    0.00468750000000,    1.83187498909611,    0.00000000000000,    1.83187498909611,    0.00000290577438,    0.00000000000000,    0.00000532301540,    1.82850786206524,    0.00000000000000,    1.82850786206524,  -36.30429728700199,    0.00000000000000,
  347,    3,    1.08281250000000,    0.00781250000000,    1.83187498909611,    0.00000000000000,    1.83187498909611,    0.00000290577438,    0.00000000000000,    0.00000532301540,    1.82850786206524,    0.00000000000000,    1.82850786206524,  -36.30429728700199,    0.00000000000000,
  347,    4,    1.08281250000000,    0.01093750000000,    1.83187498909611,    0.00000000000000,    1.83187498909611,    0.00000290577438,    0.00000000000000,    0.00000532301540,    1.82850786206524,    0.00000000000000,    1.82850786206524,  -36.30429728700199,    0.00000000000000,
  347,    5,    1.08281250000000,    0.01406250000000,    1.83187498909611,    0.00000000000000,    1.83187498909611,    0.00000290577438,    0.00000000000000,    0.00000532301540,    1.82850786206524,    0.00000000000000,    1.82850786206524,  -36.30429728700199,    0.00000000000000,
  348,    1,    1.08593750000000,    0.00156250000000,    1.82557004374154,    0.00000000000000,    1.82557004374154,    0.00000278420188,    0.00000000000000,    0.00000508275555,    1.82219149501673,    0.00000000000000,    1.82219149501673,  -36.08259733068547,    0.00000000000000,
  348,    2,    1.08593750000000,    0.00468750000000,    1.82557004374154,    0.00000000000000,    1.82557004374154,    0.00000278420188,    0.00000000000000,    0.00000508275555,    1.82219149501673,    0.00000000000000,    1.82219149501673,  -36.08259733068547,    0.00000000000000,
  348,    3,    1.08593750000000,    0.00781250000000,    1.82557004374154,    0.00000000000000,    1.82557004374154,    0.00000278420188,    0.00000000000000,    0.00000508275555,    1.82219149501673,    0.00000000000000,    1.82219149501673,  -36.08259733068547,    0.00000000000000,
  348,    4,    1.08593750000000,    0.01093750000000,    1.82557004374154,    0.00000000000000,    1.82557004374154,    0.00000278420188,    0.00000000000000,    0.00000508275555,    1.82219149501673,    0.00000000000000,    1.82219149501673,  -36.08259733068547,    0.00000000000000,
  348,    5,    1.08593750000000,    0.01406250000000,    1.82557004374154,    0.00000000000000,    1.82557004374154,    0.00000278420188,    0.00000000000000,    0.00000508275555,    1.82219149501673,    0.00000000000000,    1.82219149501673,  -36.08259733068547,    0.00000000000000,
  349,    1,    1.08906250000000,    0.00156250000000,    1.81928228645339,    0.00000000000000,    1.81928228645339,    0.00000266204260,    0.00000000000000,    0.00000484300695,    1.81589226552202,    0.00000000000000,    1.81589226552202,  -35.85843768697430,    0.00000000000000,
  349,    2,    1.08906250000000,    0.00468750000000,    1.81928228645339,    0.00000000000000,    1.81928228645339,    0.00000266204260,    0.00000000000000,    0.00000484300695,    1.81589226552202,    0.00000000000000,    1.81589226552202,  -35.85843768697430,    0.00000000000000,
  349,    3,    1.08906250000000,    0.00781250000000,    1.81928228645339,    0.00000000000000,    1.81928228645339,    0.00000266204260,    0.00000000000000,    0.00000484300695,    1.81589226552202,    0.00000000000000,    1.81589226552202,  -35.85843768697430,    0.00000000000000,
  349,    4,    1.08906250000000,    0.01093750000000,    1.81928228645339,    0.00000000000000,    1.81928228645339,    0.00000266204260,    0.00000000000000,    0.00000484300695,    1.81589226552202,    0.00000000000000,    1.81589226552202,  -35.85843768697430,    0.00000000000000,
  349,    5,    1.08906250000000,    0.01406250000000,    1.81928228645339,    0.00000000000000,    1.81928228645339,    0.00000266204260,    0.00000000000000,    0.00000484300695,    1.81589226552202,    0.00000000000000,    1.81589226552202,  -35.85843768697430,    0.00000000000000,
  350,    1,    1.09218750000000,    0.00156250000000,    1.81301232344530,    0.00000000000000,    1.81301232344530,    0.00000253934841,    0.00000000000000,    0.00000460386995,    1.80961078071395,    0.00000000000000,    1.80961078071395,  -35.63187311199828,    0.00000000000000,
  350,    2,    1.09218750000000,    0.00468750000000,    1.81301232344530,    0.00000000000000,    1.81301232344530,    0.00000253934841,    0.00000000000000,    0.00000460386995,    1.80961078071395,    0.00000000000000,    1.80961078071395,  -35.63187311199828,    0.00000000000000,
  350,    3,    1.09218750000000,    0.00781250000000,    1.81301232344530,    0.00000000000000,    1.81301232344530,    0.00000253934841,    0.00000000000000,    0.00000460386995,    1.80961078071395,    0.00000000000000,    1.80961078071395,  -35.63187311199828,    0.00000000000000,
  350,    4,    1.09218750000000,    0.01093750000000,    1.81301232344530,    0.00000000000000,    1.81301232344530,    0.00000253934841,    0.00000000000000,    0.00000460386995,    1.80961078071395,    0.00000000000000,    1.80961078071395,  -35.63187311199828,    0.00000000000000,
  350,    5,    1.09218750000000,    0.01406250000000,    1.81301232344530,    0.00000000000000,    1.81301232344530,    0.00000253934841,    0.00000000000000,    0.00000460386995,    1.80961078071395,    0.00000000000000,    1.80961078071395,  -35.63187311199828,    0.00000000000000,
  351,    1,    1.09531250000000,    0.00156250000000,    1.80676075919116,    0.00000000000000,    1.80676075919116,    0.00000241617195,    0.00000000000000,    0.00000436544467,    1.80334764601509,    0.00000000000000,    1.80334764601509,  -35.40295818842975,    0.00000000000000,
  351,    2,    1.09531250000000,    0.00468750000000,    1.80676075919116,    0.00000000000000,    1.80676075919116,    0.00000241617195,    0.00000000000000,    0.00000436544467,    1.80334764601509,    0.00000000000000,    1.80334764601509,  -35.40295818842975,    0.00000000000000,
  351,    3,    1.09531250000000,    0.00781250000000,    1.80676075919116,    0.00000000000000,    1.80676075919116,    0.00000241617195,    0.00000000000000,    0.00000436544467,    1.80334764601509,    0.00000000000000,    1.80334764601509,  -35.40295818842975,    0.00000000000000,
  351,    4,    1.09531250000000,    0.01093750000000,    1.80676075919116,    0.00000000000000,    1.80676075919116,    0.00000241617195,    0.00000000000000,    0.00000436544467,    1.80334764601509,    0.00000000000000,    1.80334764601509,  -35.40295818842975,    0.00000000000000,
  351,    5,    1.09531250000000,    0.01406250000000,    1.80676075919116,    0.00000000000000,    1.80676075919116,    0.00000241617195,    0.00000000000000,    0.00000436544467,    1.80334764601509,    0.00000000000000,    1.80334764601509,  -35.40295818842975,    0.00000000000000,
  352,    1,    1.09843750000000,    0.00156250000000,    1.80052819636641,    0.00000000000000,    1.80052819636641,    0.00000229256666,    0.00000000000000,    0.00000412783092,    1.79710346507942,    0.00000000000000,    1.79710346507942,  -35.17174730759865,    0.00000000000000,
  352,    2,    1.09843750000000,    0.00468750000000,    1.80052819636641,    0.00000000000000,    1.80052819636641,    0.00000229256666,    0.00000000000000,    0.00000412783092,    1.79710346507942,    0.00000000000000,    1.79710346507942,  -35.17174730759865,    0.00000000000000,
  352,    3,    1.09843750000000,    0.00781250000000,    1.80052819636641,    0.00000000000000,    1.80052819636641,    0.00000229256666,    0.00000000000000,    0.00000412783092,    1.79710346507942,    0.00000000000000,    1.79710346507942,  -35.17174730759865,    0.00000000000000,
  352,    4,    1.09843750000000,    0.01093750000000,    1.80052819636641,    0.00000000000000,    1.80052819636641,    0.00000229256666,    0.00000000000000,    0.00000412783092,    1.79710346507942,    0.00000000000000,    1.79710346507942,  -35.17174730759865,    0.00000000000000,
  352,    5,    1.09843750000000,    0.01406250000000,    1.80052819636641,    0.00000000000000,    1.80052819636641,    0.00000229256666,    0.00000000000000,    0.00000412783092,    1.79710346507942,    0.00000000000000,    1.79710346507942,  -35.17174730759865,    0.00000000000000,
  353,    1,    1.10156250000000,    0.00156250000000,    1.79431523578920,    0.00000000000000,    1.79431523578920,    0.00000216858671,    0.00000000000000,    0.00000389112817,    1.79087883973407,    0.00000000000000,    1.79087883973407,  -34.93829465178700,    0.00000000000000,
  353,    2,    1.10156250000000,    0.00468750000000,    1.79431523578920,    0.00000000000000,    1.79431523578920,    0.00000216858671,    0.00000000000000,    0.00000389112817,    1.79087883973407,    0.00000000000000,    1.79087883973407,  -34.93829465178700,    0.00000000000000,
  353,    3,    1.10156250000000,    0.00781250000000,    1.79431523578920,    0.00000000000000,    1.79431523578920,    0.00000216858671,    0.00000000000000,    0.00000389112817,    1.79087883973407,    0.00000000000000,    1.79087883973407,  -34.93829465178700,    0.00000000000000,
  353,    4,    1.10156250000000,    0.01093750000000,    1.79431523578920,    0.00000000000000,    1.79431523578920,    0.00000216858671,    0.00000000000000,    0.00000389112817,    1.79087883973407,    0.00000000000000,    1.79087883973407,  -34.93829465178700,    0.00000000000000,
  353,    5,    1.10156250000000,    0.01406250000000,    1.79431523578920,    0.00000000000000,    1.79431523578920,    0.00000216858671,    0.00000000000000,    0.00000389112817,    1.79087883973407,    0.00000000000000,    1.79087883973407,  -34.93829465178700,    0.00000000000000,
  354,    1,    1.10468750000000,    0.00156250000000,    1.78812247636220,    0.00000000000000,    1.78812247636220,    0.00000204428697,    0.00000000000000,    0.00000365543549,    1.78467436992141,    0.00000000000000,    1.78467436992141,  -34.70265417670966,    0.00000000000000,
  354,    2,    1.10468750000000,    0.00468750000000,    1.78812247636220,    0.00000000000000,    1.78812247636220,    0.00000204428697,    0.00000000000000,    0.00000365543549,    1.78467436992141,    0.00000000000000,    1.78467436992141,  -34.70265417670966,    0.00000000000000,
  354,    3,    1.10468750000000,    0.00781250000000,    1.78812247636220,    0.00000000000000,    1.78812247636220,    0.00000204428697,    0.00000000000000,    0.00000365543549,    1.78467436992141,    0.00000000000000,    1.78467436992141,  -34.70265417670966,    0.00000000000000,
  354,    4,    1.10468750000000,    0.01093750000000,    1.78812247636220,    0.00000000000000,    1.78812247636220,    0.00000204428697,    0.00000000000000,    0.00000365543549,    1.78467436992141,    0.00000000000000,    1.78467436992141,  -34.70265417670966,    0.00000000000000,
  354,    5,    1.10468750000000,    0.01406250000000,    1.78812247636220,    0.00000000000000,    1.78812247636220,    0.00000204428697,    0.00000000000000,    0.00000365543549,    1.78467436992141,    0.00000000000000,    1.78467436992141,  -34.70265417670966,    0.00000000000000,
  355,    1,    1.10781250000000,    0.00156250000000,    1.78195051501428,    0.00000000000000,    1.78195051501428,    0.00000191972304,    0.00000000000000,    0.00000342085146,    1.77849065364114,    0.00000000000000,    1.77849065364114,  -34.46487959418740,    0.00000000000000,
  355,    2,    1.10781250000000,    0.00468750000000,    1.78195051501428,    0.00000000000000,    1.78195051501428,    0.00000191972304,    0.00000000000000,    0.00000342085146,    1.77849065364114,    0.00000000000000,    1.77849065364114,  -34.46487959418740,    0.00000000000000,
  355,    3,    1.10781250000000,    0.00781250000000,    1.78195051501428,    0.00000000000000,    1.78195051501428,    0.00000191972304,    0.00000000000000,    0.00000342085146,    1.77849065364114,    0.00000000000000,    1.77849065364114,  -34.46487959418740,    0.00000000000000,
  355,    4,    1.10781250000000,    0.01093750000000,    1.78195051501428,    0.00000000000000,    1.78195051501428,    0.00000191972304,    0.00000000000000,    0.00000342085146,    1.77849065364114,    0.00000000000000,    1.77849065364114,  -34.46487959418740,    0.00000000000000,
  355,    5,    1.10781250000000,    0.01406250000000,    1.78195051501428,    0.00000000000000,    1.78195051501428,    0.00000191972304,    0.00000000000000,    0.00000342085146,    1.77849065364114,    0.00000000000000,    1.77849065364114,  -34.46487959418740,    0.00000000000000,
  356,    1,    1.11093750000000,    0.00156250000000,    1.77579994664253,    0.00000000000000,    1.77579994664253,    0.00000179495116,    0.00000000000000,    0.00000318747417,    1.77232828689271,    0.00000000000000,    1.77232828689271,  -34.22502435501876,    0.00000000000000,
  356,    2,    1.11093750000000,    0.00468750000000,    1.77579994664253,    0.00000000000000,    1.77579994664253,    0.00000179495116,    0.00000000000000,    0.00000318747417,    1.77232828689271,    0.00000000000000,    1.77232828689271,  -34.22502435501876,    0.00000000000000,
  356,    3,    1.11093750000000,    0.00781250000000,    1.77579994664253,    0.00000000000000,    1.77579994664253,    0.00000179495116,    0.00000000000000,    0.00000318747417,    1.77232828689271,    0.00000000000000,    1.77232828689271,  -34.22502435501876,    0.00000000000000,
  356,    4,    1.11093750000000,    0.01093750000000,    1.77579994664253,    0.00000000000000,    1.77579994664253,    0.00000179495116,    0.00000000000000,    0.00000318747417,    1.77232828689271,    0.00000000000000,    1.77232828689271,  -34.22502435501876,    0.00000000000000,
  356,    5,    1.11093750000000,    0.01406250000000,    1.77579994664253,    0.00000000000000,    1.77579994664253,    0.00000179495116,    0.00000000000000,    0.00000318747417,    1.77232828689271,    0.00000000000000,    1.77232828689271,  -34.22502435501876,    0.00000000000000,
  357,    1,    1.11406250000000,    0.00156250000000,    1.76967136405438,    0.00000000000000,    1.76967136405438,    0.00000167002821,    0.00000000000000,    0.00000295540109,    1.76618786361785,    0.00000000000000,    1.76618786361785,  -33.98314163205720,    0.00000000000000,
  357,    2,    1.11406250000000,    0.00468750000000,    1.76967136405438,    0.00000000000000,    1.76967136405438,    0.00000167002821,    0.00000000000000,    0.00000295540109,    1.76618786361785,    0.00000000000000,    1.76618786361785,  -33.98314163205720,    0.00000000000000,
  357,    3,    1.11406250000000,    0.00781250000000,    1.76967136405438,    0.00000000000000,    1.76967136405438,    0.00000167002821,    0.00000000000000,    0.00000295540109,    1.76618786361785,    0.00000000000000,    1.76618786361785,  -33.98314163205720,    0.00000000000000,
  357,    4,    1.11406250000000,    0.01093750000000,    1.76967136405438,    0.00000000000000,    1.76967136405438,    0.00000167002821,    0.00000000000000,    0.00000295540109,    1.76618786361785,    0.00000000000000,    1.76618786361785,  -33.98314163205720,    0.00000000000000,
  357,    5,    1.11406250000000,    0.01406250000000,    1.76967136405438,    0.00000000000000,    1.76967136405438,    0.00000167002821,    0.00000000000000,    0.00000295540109,    1.76618786361785,    0.00000000000000,    1.76618786361785,  -33.98314163205720,    0.00000000000000,
  358,    1,    1.11718750000000,    0.00156250000000,    1.76356535791001,    0.00000000000000,    1.76356535791001,    0.00000154501169,    0.00000000000000,    0.00000272472909,    1.76006997564334,    0.00000000000000,    1.76006997564334,  -33.73928430349923,    0.00000000000000,
  358,    2,    1.11718750000000,    0.00468750000000,    1.76356535791001,    0.00000000000000,    1.76356535791001,    0.00000154501169,    0.00000000000000,    0.00000272472909,    1.76006997564334,    0.00000000000000,    1.76006997564334,  -33.73928430349923,    0.00000000000000,
  358,    3,    1.11718750000000,    0.00781250000000,    1.76356535791001,    0.00000000000000,    1.76356535791001,    0.00000154501169,    0.00000000000000,    0.00000272472909,    1.76006997564334,    0.00000000000000,    1.76006997564334,  -33.73928430349923,    0.00000000000000,
  358,    4,    1.11718750000000,    0.01093750000000,    1.76356535791001,    0.00000000000000,    1.76356535791001,    0.00000154501169,    0.00000000000000,    0.00000272472909,    1.76006997564334,    0.00000000000000,    1.76006997564334,  -33.73928430349923,    0.00000000000000,
  358,    5,    1.11718750000000,    0.01406250000000,    1.76356535791001,    0.00000000000000,    1.76356535791001,    0.00000154501169,    0.00000000000000,    0.00000272472909,    1.76006997564334,    0.00000000000000,    1.76006997564334,  -33.73928430349923,    0.00000000000000,
  359,    1,    1.12031250000000,    0.00156250000000,    1.75748251666484,    0.00000000000000,    1.75748251666484,    0.00000141995968,    0.00000000000000,    0.00000249555431,    1.75397521262396,    0.00000000000000,    1.75397521262396,  -33.49350493639016,    0.00000000000000,
  359,    2,    1.12031250000000,    0.00468750000000,    1.75748251666484,    0.00000000000000,    1.75748251666484,    0.00000141995968,    0.00000000000000,    0.00000249555431,    1.75397521262396,    0.00000000000000,    1.75397521262396,  -33.49350493639016,    0.00000000000000,
  359,    3,    1.12031250000000,    0.00781250000000,    1.75748251666484,    0.00000000000000,    1.75748251666484,    0.00000141995968,    0.00000000000000,    0.00000249555431,    1.75397521262396,    0.00000000000000,    1.75397521262396,  -33.49350493639016,    0.00000000000000,
  359,    4,    1.12031250000000,    0.01093750000000,    1.75748251666484,    0.00000000000000,    1.75748251666484,    0.00000141995968,    0.00000000000000,    0.00000249555431,    1.75397521262396,    0.00000000000000,    1.75397521262396,  -33.49350493639016,    0.00000000000000,
  359,    5,    1.12031250000000,    0.01406250000000,    1.75748251666484,    0.00000000000000,    1.75748251666484,    0.00000141995968,    0.00000000000000,    0.00000249555431,    1.75397521262396,    0.00000000000000,    1.75397521262396,  -33.49350493639016,    0.00000000000000,
  360,    1,    1.12343750000000,    0.00156250000000,    1.75142342651263,    0.00000000000000,    1.75142342651263,    0.00000129493081,    0.00000000000000,    0.00000226797216,    1.74790416198564,    0.00000000000000,    1.74790416198564,  -33.24585577035290,    0.00000000000000,
  360,    2,    1.12343750000000,    0.00468750000000,    1.75142342651263,    0.00000000000000,    1.75142342651263,    0.00000129493081,    0.00000000000000,    0.00000226797216,    1.74790416198564,    0.00000000000000,    1.74790416198564,  -33.24585577035290,    0.00000000000000,
  360,    3,    1.12343750000000,    0.00781250000000,    1.75142342651263,    0.00000000000000,    1.75142342651263,    0.00000129493081,    0.00000000000000,    0.00000226797216,    1.74790416198564,    0.00000000000000,    1.74790416198564,  -33.24585577035290,    0.00000000000000,
  360,    4,    1.12343750000000,    0.01093750000000,    1.75142342651263,    0.00000000000000,    1.75142342651263,    0.00000129493081,    0.00000000000000,    0.00000226797216,    1.74790416198564,    0.00000000000000,    1.74790416198564,  -33.24585577035290,    0.00000000000000,
  360,    5,    1.12343750000000,    0.01406250000000,    1.75142342651263,    0.00000000000000,    1.75142342651263,    0.00000129493081,    0.00000000000000,    0.00000226797216,    1.74790416198564,    0.00000000000000,    1.74790416198564,  -33.24585577035290,    0.00000000000000,
  361,    1,    1.12656250000000,    0.00156250000000,    1.74538867132813,    0.00000000000000,    1.74538867132813,    0.00000116998424,    0.00000000000000,    0.00000204207725,    1.74185740886889,    0.00000000000000,    1.74185740886889,  -32.99638870154618,    0.00000000000000,
  361,    2,    1.12656250000000,    0.00468750000000,    1.74538867132813,    0.00000000000000,    1.74538867132813,    0.00000116998424,    0.00000000000000,    0.00000204207725,    1.74185740886889,    0.00000000000000,    1.74185740886889,  -32.99638870154618,    0.00000000000000,
  361,    3,    1.12656250000000,    0.00781250000000,    1.74538867132813,    0.00000000000000,    1.74538867132813,    0.00000116998424,    0.00000000000000,    0.00000204207725,    1.74185740886889,    0.00000000000000,    1.74185740886889,  -32.99638870154618,    0.00000000000000,
  361,    4,    1.12656250000000,    0.01093750000000,    1.74538867132813,    0.00000000000000,    1.74538867132813,    0.00000116998424,    0.00000000000000,    0.00000204207725,    1.74185740886889,    0.00000000000000,    1.74185740886889,  -32.99638870154618,    0.00000000000000,
  361,    5,    1.12656250000000,    0.01406250000000,    1.74538867132813,    0.00000000000000,    1.74538867132813,    0.00000116998424,    0.00000000000000,    0.00000204207725,    1.74185740886889,    0.00000000000000,    1.74185740886889,  -32.99638870154618,    0.00000000000000,
  362,    1,    1.12968750000000,    0.00156250000000,    1.73937883261069,    0.00000000000000,    1.73937883261069,    0.00000104517961,    0.00000000000000,    0.00000181796328,    1.73583553607236,    0.00000000000000,    1.73583553607236,  -32.74515526685759,    0.00000000000000,
  362,    2,    1.12968750000000,    0.00468750000000,    1.73937883261069,    0.00000000000000,    1.73937883261069,    0.00000104517961,    0.00000000000000,    0.00000181796328,    1.73583553607236,    0.00000000000000,    1.73583553607236,  -32.74515526685759,    0.00000000000000,
  362,    3,    1.12968750000000,    0.00781250000000,    1.73937883261069,    0.00000000000000,    1.73937883261069,    0.00000104517961,    0.00000000000000,    0.00000181796328,    1.73583553607236,    0.00000000000000,    1.73583553607236,  -32.74515526685759,    0.00000000000000,
  362,    4,    1.12968750000000,    0.01093750000000,    1.73937883261069,    0.00000000000000,    1.73937883261069,    0.00000104517961,    0.00000000000000,    0.00000181796328,    1.73583553607236,    0.00000000000000,    1.73583553607236,  -32.74515526685759,    0.00000000000000,
  362,    5,    1.12968750000000,    0.01406250000000,    1.73937883261069,    0.00000000000000,    1.73937883261069,    0.00000104517961,    0.00000000000000,    0.00000181796328,    1.73583553607236,    0.00000000000000,    1.73583553607236,  -32.74515526685759,    0.00000000000000,
  363,    1,    1.13281250000000,    0.00156250000000,    1.73339448942758,    0.00000000000000,    1.73339448942758,    0.00000092057700,    0.00000000000000,    0.00000159572310,    1.72983912399667,    0.00000000000000,    1.72983912399667,  -32.49220662833739,    0.00000000000000,
  363,    2,    1.13281250000000,    0.00468750000000,    1.73339448942758,    0.00000000000000,    1.73339448942758,    0.00000092057700,    0.00000000000000,    0.00000159572310,    1.72983912399667,    0.00000000000000,    1.72983912399667,  -32.49220662833739,    0.00000000000000,
  363,    3,    1.13281250000000,    0.00781250000000,    1.73339448942758,    0.00000000000000,    1.73339448942758,    0.00000092057700,    0.00000000000000,    0.00000159572310,    1.72983912399667,    0.00000000000000,    1.72983912399667,  -32.49220662833739,    0.00000000000000,
  363,    4,    1.13281250000000,    0.01093750000000,    1.73339448942758,    0.00000000000000,    1.73339448942758,    0.00000092057700,    0.00000000000000,    0.00000159572310,    1.72983912399667,    0.00000000000000,    1.72983912399667,  -32.49220662833739,    0.00000000000000,
  363,    5,    1.13281250000000,    0.01406250000000,    1.73339448942758,    0.00000000000000,    1.73339448942758,    0.00000092057700,    0.00000000000000,    0.00000159572310,    1.72983912399667,    0.00000000000000,    1.72983912399667,  -32.49220662833739,    0.00000000000000,
  364,    1,    1.13593750000000,    0.00156250000000,    1.72743621835782,    0.00000000000000,    1.72743621835782,    0.00000079623694,   -0.00000000000000,    0.00000137544852,    1.72386875058852,    0.00000000000000,    1.72386875058852,  -32.23759355787863,    0.00000000000000,
  364,    2,    1.13593750000000,    0.00468750000000,    1.72743621835782,    0.00000000000000,    1.72743621835782,    0.00000079623694,   -0.00000000000000,    0.00000137544852,    1.72386875058852,    0.00000000000000,    1.72386875058852,  -32.23759355787863,    0.00000000000000,
  364,    3,    1.13593750000000,    0.00781250000000,    1.72743621835782,    0.00000000000000,    1.72743621835782,    0.00000079623694,   -0.00000000000000,    0.00000137544852,    1.72386875058852,    0.00000000000000,    1.72386875058852,  -32.23759355787863,    0.00000000000000,
  364,    4,    1.13593750000000,    0.01093750000000,    1.72743621835782,    0.00000000000000,    1.72743621835782,    0.00000079623694,   -0.00000000000000,    0.00000137544852,    1.72386875058852,    0.00000000000000,    1.72386875058852,  -32.23759355787863,    0.00000000000000,
  364,    5,    1.13593750000000,    0.01406250000000,    1.72743621835782,    0.00000000000000,    1.72743621835782,    0.00000079623694,   -0.00000000000000,    0.00000137544852,    1.72386875058852,    0.00000000000000,    1.72386875058852,  -32.23759355787863,    0.00000000000000,
  365,    1,    1.13906250000000,    0.00156250000000,    1.72150459343617,    0.00000000000000,    1.72150459343617,    0.00000067222033,    0.00000000000000,    0.00000115723038,    1.71792499128490,    0.00000000000000,    1.71792499128490,  -31.98136642214885,    0.00000000000000,
  365,    2,    1.13906250000000,    0.00468750000000,    1.72150459343617,    0.00000000000000,    1.72150459343617,    0.00000067222033,    0.00000000000000,    0.00000115723038,    1.71792499128490,    0.00000000000000,    1.71792499128490,  -31.98136642214885,    0.00000000000000,
  365,    3,    1.13906250000000,    0.00781250000000,    1.72150459343617,    0.00000000000000,    1.72150459343617,    0.00000067222033,    0.00000000000000,    0.00000115723038,    1.71792499128490,    0.00000000000000,    1.71792499128490,  -31.98136642214885,    0.00000000000000,
  365,    4,    1.13906250000000,    0.01093750000000,    1.72150459343617,    0.00000000000000,    1.72150459343617,    0.00000067222033,    0.00000000000000,    0.00000115723038,    1.71792499128490,    0.00000000000000,    1.71792499128490,  -31.98136642214885,    0.00000000000000,
  365,    5,    1.13906250000000,    0.01406250000000,    1.72150459343617,    0.00000000000000,    1.72150459343617,    0.00000067222033,    0.00000000000000,    0.00000115723038,    1.71792499128490,    0.00000000000000,    1.71792499128490,  -31.98136642214885,    0.00000000000000,
  366,    1,    1.14218750000000,    0.00156250000000,    1.71560018609738,    0.00000000000000,    1.71560018609738,    0.00000054858843,   -0.00000000000000,    0.00000094115841,    1.71200841895773,    0.00000000000000,    1.71200841895773,  -31.72357516777919,    0.00000000000000,
  366,    2,    1.14218750000000,    0.00468750000000,    1.71560018609738,    0.00000000000000,    1.71560018609738,    0.00000054858843,   -0.00000000000000,    0.00000094115841,    1.71200841895773,    0.00000000000000,    1.71200841895773,  -31.72357516777919,    0.00000000000000,
  366,    3,    1.14218750000000,    0.00781250000000,    1.71560018609738,    0.00000000000000,    1.71560018609738,    0.00000054858843,   -0.00000000000000,    0.00000094115841,    1.71200841895773,    0.00000000000000,    1.71200841895773,  -31.72357516777919,    0.00000000000000,
  366,    4,    1.14218750000000,    0.01093750000000,    1.71560018609738,    0.00000000000000,    1.71560018609738,    0.00000054858843,   -0.00000000000000,    0.00000094115841,    1.71200841895773,    0.00000000000000,    1.71200841895773,  -31.72357516777919,    0.00000000000000,
  366,    5,    1.14218750000000,    0.01406250000000,    1.71560018609738,    0.00000000000000,    1.71560018609738,    0.00000054858843,   -0.00000000000000,    0.00000094115841,    1.71200841895773,    0.00000000000000,    1.71200841895773,  -31.72357516777919,    0.00000000000000,
  367,    1,    1.14531250000000,    0.00156250000000,    1.70972356512080,    0.00000000000000,    1.70972356512080,    0.00000042540282,    0.00000000000000,    0.00000072732122,    1.70611960385854,    0.00000000000000,    1.70611960385854,  -31.46426930681555,    0.00000000000000,
  367,    2,    1.14531250000000,    0.00468750000000,    1.70972356512080,    0.00000000000000,    1.70972356512080,    0.00000042540282,    0.00000000000000,    0.00000072732122,    1.70611960385854,    0.00000000000000,    1.70611960385854,  -31.46426930681555,    0.00000000000000,
  367,    3,    1.14531250000000,    0.00781250000000,    1.70972356512080,    0.00000000000000,    1.70972356512080,    0.00000042540282,    0.00000000000000,    0.00000072732122,    1.70611960385854,    0.00000000000000,    1.70611960385854,  -31.46426930681555,    0.00000000000000,
  367,    4,    1.14531250000000,    0.01093750000000,    1.70972356512080,    0.00000000000000,    1.70972356512080,    0.00000042540282,    0.00000000000000,    0.00000072732122,    1.70611960385854,    0.00000000000000,    1.70611960385854,  -31.46426930681555,    0.00000000000000,
  367,    5,    1.14531250000000,    0.01406250000000,    1.70972356512080,    0.00000000000000,    1.70972356512080,    0.00000042540282,    0.00000000000000,    0.00000072732122,    1.70611960385854,    0.00000000000000,    1.70611960385854,  -31.46426930681555,    0.00000000000000,
  368,    1,    1.14843750000000,    0.00156250000000,    1.70387529657503,    0.00000000000000,    1.70387529657503,    0.00000030272535,    0.00000000000000,    0.00000051580624,    1.70025911356360,    0.00000000000000,    1.70025911356360,  -31.20349790243748,    0.00000000000000,
  368,    2,    1.14843750000000,    0.00468750000000,    1.70387529657503,    0.00000000000000,    1.70387529657503,    0.00000030272535,    0.00000000000000,    0.00000051580624,    1.70025911356360,    0.00000000000000,    1.70025911356360,  -31.20349790243748,    0.00000000000000,
  368,    3,    1.14843750000000,    0.00781250000000,    1.70387529657503,    0.00000000000000,    1.70387529657503,    0.00000030272535,    0.00000000000000,    0.00000051580624,    1.70025911356360,    0.00000000000000,    1.70025911356360,  -31.20349790243748,    0.00000000000000,
  368,    4,    1.14843750000000,    0.01093750000000,    1.70387529657503,    0.00000000000000,    1.70387529657503,    0.00000030272535,    0.00000000000000,    0.00000051580624,    1.70025911356360,    0.00000000000000,    1.70025911356360,  -31.20349790243748,    0.00000000000000,
  368,    5,    1.14843750000000,    0.01406250000000,    1.70387529657503,    0.00000000000000,    1.70387529657503,    0.00000030272535,    0.00000000000000,    0.00000051580624,    1.70025911356360,    0.00000000000000,    1.70025911356360,  -31.20349790243748,    0.00000000000000,
  369,    1,    1.15156250000000,    0.00156250000000,    1.69805594376316,    0.00000000000000,    1.69805594376316,    0.00000018061811,    0.00000000000000,    0.00000030669966,    1.69442751291915,    0.00000000000000,    1.69442751291915,  -30.94130955494977,    0.00000000000000,
  369,    2,    1.15156250000000,    0.00468750000000,    1.69805594376316,    0.00000000000000,    1.69805594376316,    0.00000018061811,    0.00000000000000,    0.00000030669966,    1.69442751291915,    0.00000000000000,    1.69442751291915,  -30.94130955494977,    0.00000000000000,
  369,    3,    1.15156250000000,    0.00781250000000,    1.69805594376316,    0.00000000000000,    1.69805594376316,    0.00000018061811,    0.00000000000000,    0.00000030669966,    1.69442751291915,    0.00000000000000,    1.69442751291915,  -30.94130955494977,    0.00000000000000,
  369,    4,    1.15156250000000,    0.01093750000000,    1.69805594376316,    0.00000000000000,    1.69805594376316,    0.00000018061811,    0.00000000000000,    0.00000030669966,    1.69442751291915,    0.00000000000000,    1.69442751291915,  -30.94130955494977,    0.00000000000000,
  369,    5,    1.15156250000000,    0.01406250000000,    1.69805594376316,    0.00000000000000,    1.69805594376316,    0.00000018061811,    0.00000000000000,    0.00000030669966,    1.69442751291915,    0.00000000000000,    1.69442751291915,  -30.94130955494977,    0.00000000000000,
  370,    1,    1.15468750000000,    0.00156250000000,    1.69226606716804,    0.00000000000000,    1.69226606716804,    0.00000005914342,    0.00000000000000,    0.00000010008640,    1.68862536398702,    0.00000000000000,    1.68862536398702,  -30.67775238805131,    0.00000000000000,
  370,    2,    1.15468750000000,    0.00468750000000,    1.69226606716804,    0.00000000000000,    1.69226606716804,    0.00000005914342,    0.00000000000000,    0.00000010008640,    1.68862536398702,    0.00000000000000,    1.68862536398702,  -30.67775238805131,    0.00000000000000,
  370,    3,    1.15468750000000,    0.00781250000000,    1.69226606716804,    0.00000000000000,    1.69226606716804,    0.00000005914342,    0.00000000000000,    0.00000010008640,    1.68862536398702,    0.00000000000000,    1.68862536398702,  -30.67775238805131,    0.00000000000000,
  370,    4,    1.15468750000000,    0.01093750000000,    1.69226606716804,    0.00000000000000,    1.69226606716804,    0.00000005914342,    0.00000000000000,    0.00000010008640,    1.68862536398702,    0.00000000000000,    1.68862536398702,  -30.67775238805131,    0.00000000000000,
  370,    5,    1.15468750000000,    0.01406250000000,    1.69226606716804,    0.00000000000000,    1.69226606716804,    0.00000005914342,    0.00000000000000,    0.00000010008640,    1.68862536398702,    0.00000000000000,    1.68862536398702,  -30.67775238805131,    0.00000000000000,
  371,    1,    1.15781250000000,    0.00156250000000,    1.68650622439786,    0.00000000000000,    1.68650622439786,   -0.00000006163626,    0.00000000000000,   -0.00000010394994,    1.68285322599038,    0.00000000000000,    1.68285322599038,  -30.41287403538643,    0.00000000000000,
  371,    2,    1.15781250000000,    0.00468750000000,    1.68650622439786,    0.00000000000000,    1.68650622439786,   -0.00000006163626,    0.00000000000000,   -0.00000010394994,    1.68285322599038,    0.00000000000000,    1.68285322599038,  -30.41287403538643,    0.00000000000000,
  371,    3,    1.15781250000000,    0.00781250000000,    1.68650622439786,    0.00000000000000,    1.68650622439786,   -0.00000006163626,    0.00000000000000,   -0.00000010394994,    1.68285322599038,    0.00000000000000,    1.68285322599038,  -30.41287403538643,    0.00000000000000,
  371,    4,    1.15781250000000,    0.01093750000000,    1.68650622439786,    0.00000000000000,    1.68650622439786,   -0.00000006163626,    0.00000000000000,   -0.00000010394994,    1.68285322599038,    0.00000000000000,    1.68285322599038,  -30.41287403538643,    0.00000000000000,
  371,    5,    1.15781250000000,    0.01406250000000,    1.68650622439786,    0.00000000000000,    1.68650622439786,   -0.00000006163626,    0.00000000000000,   -0.00000010394994,    1.68285322599038,    0.00000000000000,    1.68285322599038,  -30.41287403538643,    0.00000000000000,
  372,    1,    1.16093750000000,    0.00156250000000,    1.68077697013229,    0.00000000000000,    1.68077697013229,   -0.00000018165834,   -0.00000000000000,   -0.00000030532715,    1.67711165525991,    0.00000000000000,    1.67711165525991,  -30.14672162738320,    0.00000000000000,
  372,    2,    1.16093750000000,    0.00468750000000,    1.68077697013229,    0.00000000000000,    1.68077697013229,   -0.00000018165834,   -0.00000000000000,   -0.00000030532715,    1.67711165525991,    0.00000000000000,    1.67711165525991,  -30.14672162738320,    0.00000000000000,
  372,    3,    1.16093750000000,    0.00781250000000,    1.68077697013229,    0.00000000000000,    1.68077697013229,   -0.00000018165834,   -0.00000000000000,   -0.00000030532715,    1.67711165525991,    0.00000000000000,    1.67711165525991,  -30.14672162738320,    0.00000000000000,
  372,    4,    1.16093750000000,    0.01093750000000,    1.68077697013229,    0.00000000000000,    1.68077697013229,   -0.00000018165834,   -0.00000000000000,   -0.00000030532715,    1.67711165525991,    0.00000000000000,    1.67711165525991,  -30.14672162738320,    0.00000000000000,
  372,    5,    1.16093750000000,    0.01406250000000,    1.68077697013229,    0.00000000000000,    1.68077697013229,   -0.00000018165834,   -0.00000000000000,   -0.00000030532715,    1.67711165525991,    0.00000000000000,    1.67711165525991,  -30.14672162738320,    0.00000000000000,
  373,    1,    1.16406250000000,    0.00156250000000,    1.67507885606846,    0.00000000000000,    1.67507885606846,   -0.00000030086013,    0.00000000000000,   -0.00000050396444,    1.67140120518014,    0.00000000000000,    1.67140120518014,  -29.87934177838335,    0.00000000000000,
  373,    2,    1.16406250000000,    0.00468750000000,    1.67507885606846,    0.00000000000000,    1.67507885606846,   -0.00000030086013,    0.00000000000000,   -0.00000050396444,    1.67140120518014,    0.00000000000000,    1.67140120518014,  -29.87934177838335,    0.00000000000000,
  373,    3,    1.16406250000000,    0.00781250000000,    1.67507885606846,    0.00000000000000,    1.67507885606846,   -0.00000030086013,    0.00000000000000,   -0.00000050396444,    1.67140120518014,    0.00000000000000,    1.67140120518014,  -29.87934177838335,    0.00000000000000,
  373,    4,    1.16406250000000,    0.01093750000000,    1.67507885606846,    0.00000000000000,    1.67507885606846,   -0.00000030086013,    0.00000000000000,   -0.00000050396444,    1.67140120518014,    0.00000000000000,    1.67140120518014,  -29.87934177838335,    0.00000000000000,
  373,    5,    1.16406250000000,    0.01406250000000,    1.67507885606846,    0.00000000000000,    1.67507885606846,   -0.00000030086013,    0.00000000000000,   -0.00000050396444,    1.67140120518014,    0.00000000000000,    1.67140120518014,  -29.87934177838335,    0.00000000000000,
  374,    1,    1.16718750000000,    0.00156250000000,    1.66941243086773,    0.00000000000000,    1.66941243086773,   -0.00000041917891,   -0.00000000000000,   -0.00000069978248,    1.66572242613615,    0.00000000000000,    1.66572242613615,  -29.61078057406823,    0.00000000000000,
  374,    2,    1.16718750000000,    0.00468750000000,    1.66941243086773,    0.00000000000000,    1.66941243086773,   -0.00000041917891,   -0.00000000000000,   -0.00000069978248,    1.66572242613615,    0.00000000000000,    1.66572242613615,  -29.61078057406823,    0.00000000000000,
  374,    3,    1.16718750000000,    0.00781250000000,    1.66941243086773,    0.00000000000000,    1.66941243086773,   -0.00000041917891,   -0.00000000000000,   -0.00000069978248,    1.66572242613615,    0.00000000000000,    1.66572242613615,  -29.61078057406823,    0.00000000000000,
  374,    4,    1.16718750000000,    0.01093750000000,    1.66941243086773,    0.00000000000000,    1.66941243086773,   -0.00000041917891,   -0.00000000000000,   -0.00000069978248,    1.66572242613615,    0.00000000000000,    1.66572242613615,  -29.61078057406823,    0.00000000000000,
  374,    5,    1.16718750000000,    0.01406250000000,    1.66941243086773,    0.00000000000000,    1.66941243086773,   -0.00000041917891,   -0.00000000000000,   -0.00000069978248,    1.66572242613615,    0.00000000000000,    1.66572242613615,  -29.61078057406823,    0.00000000000000,
  375,    1,    1.17031250000000,    0.00156250000000,    1.66377824010240,    0.00000000000000,    1.66377824010240,   -0.00000053655193,   -0.00000000000000,   -0.00000089270343,    1.66007586546048,    0.00000000000000,    1.66007586546048,  -29.34108355918517,    0.00000000000000,
  375,    2,    1.17031250000000,    0.00468750000000,    1.66377824010240,    0.00000000000000,    1.66377824010240,   -0.00000053655193,   -0.00000000000000,   -0.00000089270343,    1.66007586546048,    0.00000000000000,    1.66007586546048,  -29.34108355918517,    0.00000000000000,
  375,    3,    1.17031250000000,    0.00781250000000,    1.66377824010240,    0.00000000000000,    1.66377824010240,   -0.00000053655193,   -0.00000000000000,   -0.00000089270343,    1.66007586546048,    0.00000000000000,    1.66007586546048,  -29.34108355918517,    0.00000000000000,
  375,    4,    1.17031250000000,    0.01093750000000,    1.66377824010240,    0.00000000000000,    1.66377824010240,   -0.00000053655193,   -0.00000000000000,   -0.00000089270343,    1.66007586546048,    0.00000000000000,    1.66007586546048,  -29.34108355918517,    0.00000000000000,
  375,    5,    1.17031250000000,    0.01406250000000,    1.66377824010240,    0.00000000000000,    1.66377824010240,   -0.00000053655193,   -0.00000000000000,   -0.00000089270343,    1.66007586546048,    0.00000000000000,    1.66007586546048,  -29.34108355918517,    0.00000000000000,
  376,    1,    1.17343750000000,    0.00156250000000,    1.65817682620291,    0.00000000000000,    1.65817682620291,   -0.00000065291651,    0.00000000000000,   -0.00000108265103,    1.65446206738039,    0.00000000000000,    1.65446206738039,  -29.07029572557830,    0.00000000000000,
  376,    2,    1.17343750000000,    0.00468750000000,    1.65817682620291,    0.00000000000000,    1.65817682620291,   -0.00000065291651,    0.00000000000000,   -0.00000108265103,    1.65446206738039,    0.00000000000000,    1.65446206738039,  -29.07029572557830,    0.00000000000000,
  376,    3,    1.17343750000000,    0.00781250000000,    1.65817682620291,    0.00000000000000,    1.65817682620291,   -0.00000065291651,    0.00000000000000,   -0.00000108265103,    1.65446206738039,    0.00000000000000,    1.65446206738039,  -29.07029572557830,    0.00000000000000,
  376,    4,    1.17343750000000,    0.01093750000000,    1.65817682620291,    0.00000000000000,    1.65817682620291,   -0.00000065291651,    0.00000000000000,   -0.00000108265103,    1.65446206738039,    0.00000000000000,    1.65446206738039,  -29.07029572557830,    0.00000000000000,
  376,    5,    1.17343750000000,    0.01406250000000,    1.65817682620291,    0.00000000000000,    1.65817682620291,   -0.00000065291651,    0.00000000000000,   -0.00000108265103,    1.65446206738039,    0.00000000000000,    1.65446206738039,  -29.07029572557830,    0.00000000000000,
  377,    1,    1.17656250000000,    0.00156250000000,    1.65260872840543,    0.00000000000000,    1.65260872840543,   -0.00000076821002,   -0.00000000000000,   -0.00000126955059,    1.64888157296543,    0.00000000000000,    1.64888157296543,  -28.79846150052821,    0.00000000000000,
  377,    2,    1.17656250000000,    0.00468750000000,    1.65260872840543,    0.00000000000000,    1.65260872840543,   -0.00000076821002,   -0.00000000000000,   -0.00000126955059,    1.64888157296543,    0.00000000000000,    1.64888157296543,  -28.79846150052821,    0.00000000000000,
  377,    3,    1.17656250000000,    0.00781250000000,    1.65260872840543,    0.00000000000000,    1.65260872840543,   -0.00000076821002,   -0.00000000000000,   -0.00000126955059,    1.64888157296543,    0.00000000000000,    1.64888157296543,  -28.79846150052821,    0.00000000000000,
  377,    4,    1.17656250000000,    0.01093750000000,    1.65260872840543,    0.00000000000000,    1.65260872840543,   -0.00000076821002,   -0.00000000000000,   -0.00000126955059,    1.64888157296543,    0.00000000000000,    1.64888157296543,  -28.79846150052821,    0.00000000000000,
  377,    5,    1.17656250000000,    0.01406250000000,    1.65260872840543,    0.00000000000000,    1.65260872840543,   -0.00000076821002,   -0.00000000000000,   -0.00000126955059,    1.64888157296543,    0.00000000000000,    1.64888157296543,  -28.79846150052821,    0.00000000000000,
  378,    1,    1.17968750000000,    0.00156250000000,    1.64707448269953,    0.00000000000000,    1.64707448269953,   -0.00000088236997,    0.00000000000000,   -0.00000145332906,    1.64333492007527,    0.00000000000000,    1.64333492007527,  -28.52562473540393,    0.00000000000000,
  378,    2,    1.17968750000000,    0.00468750000000,    1.64707448269953,    0.00000000000000,    1.64707448269953,   -0.00000088236997,    0.00000000000000,   -0.00000145332906,    1.64333492007527,    0.00000000000000,    1.64333492007527,  -28.52562473540393,    0.00000000000000,
  378,    3,    1.17968750000000,    0.00781250000000,    1.64707448269953,    0.00000000000000,    1.64707448269953,   -0.00000088236997,    0.00000000000000,   -0.00000145332906,    1.64333492007527,    0.00000000000000,    1.64333492007527,  -28.52562473540393,    0.00000000000000,
  378,    4,    1.17968750000000,    0.01093750000000,    1.64707448269953,    0.00000000000000,    1.64707448269953,   -0.00000088236997,    0.00000000000000,   -0.00000145332906,    1.64333492007527,    0.00000000000000,    1.64333492007527,  -28.52562473540393,    0.00000000000000,
  378,    5,    1.17968750000000,    0.01406250000000,    1.64707448269953,    0.00000000000000,    1.64707448269953,   -0.00000088236997,    0.00000000000000,   -0.00000145332906,    1.64333492007527,    0.00000000000000,    1.64333492007527,  -28.52562473540393,    0.00000000000000,
  379,    1,    1.18281250000000,    0.00156250000000,    1.64157462177646,    0.00000000000000,    1.64157462177646,   -0.00000099533400,   -0.00000000000000,   -0.00000163391504,    1.63782264330785,    0.00000000000000,    1.63782264330785,  -28.25182869463162,    0.00000000000000,
  379,    2,    1.18281250000000,    0.00468750000000,    1.64157462177646,    0.00000000000000,    1.64157462177646,   -0.00000099533400,   -0.00000000000000,   -0.00000163391504,    1.63782264330785,    0.00000000000000,    1.63782264330785,  -28.25182869463162,    0.00000000000000,
  379,    3,    1.18281250000000,    0.00781250000000,    1.64157462177646,    0.00000000000000,    1.64157462177646,   -0.00000099533400,   -0.00000000000000,   -0.00000163391504,    1.63782264330785,    0.00000000000000,    1.63782264330785,  -28.25182869463162,    0.00000000000000,
  379,    4,    1.18281250000000,    0.01093750000000,    1.64157462177646,    0.00000000000000,    1.64157462177646,   -0.00000099533400,   -0.00000000000000,   -0.00000163391504,    1.63782264330785,    0.00000000000000,    1.63782264330785,  -28.25182869463162,    0.00000000000000,
  379,    5,    1.18281250000000,    0.01406250000000,    1.64157462177646,    0.00000000000000,    1.64157462177646,   -0.00000099533400,   -0.00000000000000,   -0.00000163391504,    1.63782264330785,    0.00000000000000,    1.63782264330785,  -28.25182869463162,    0.00000000000000,
  380,    1,    1.18593750000000,    0.00156250000000,    1.63610967497761,    0.00000000000000,    1.63610967497761,   -0.00000110704000,    0.00000000000000,   -0.00000181123886,    1.63234527394789,    0.00000000000000,    1.63234527394789,  -27.97711604498324,    0.00000000000000,
  380,    2,    1.18593750000000,    0.00468750000000,    1.63610967497761,    0.00000000000000,    1.63610967497761,   -0.00000110704000,    0.00000000000000,   -0.00000181123886,    1.63234527394789,    0.00000000000000,    1.63234527394789,  -27.97711604498324,    0.00000000000000,
  380,    3,    1.18593750000000,    0.00781250000000,    1.63610967497761,    0.00000000000000,    1.63610967497761,   -0.00000110704000,    0.00000000000000,   -0.00000181123886,    1.63234527394789,    0.00000000000000,    1.63234527394789,  -27.97711604498324,    0.00000000000000,
  380,    4,    1.18593750000000,    0.01093750000000,    1.63610967497761,    0.00000000000000,    1.63610967497761,   -0.00000110704000,    0.00000000000000,   -0.00000181123886,    1.63234527394789,    0.00000000000000,    1.63234527394789,  -27.97711604498324,    0.00000000000000,
  380,    5,    1.18593750000000,    0.01406250000000,    1.63610967497761,    0.00000000000000,    1.63610967497761,   -0.00000110704000,    0.00000000000000,   -0.00000181123886,    1.63234527394789,    0.00000000000000,    1.63234527394789,  -27.97711604498324,    0.00000000000000,
  381,    1,    1.18906250000000,    0.00156250000000,    1.63068016824330,    0.00000000000000,    1.63068016824330,   -0.00000121742608,    0.00000000000000,   -0.00000198523257,    1.62690333991564,    0.00000000000000,    1.62690333991564,  -27.70152884518870,    0.00000000000000,
  381,    2,    1.18906250000000,    0.00468750000000,    1.63068016824330,    0.00000000000000,    1.63068016824330,   -0.00000121742608,    0.00000000000000,   -0.00000198523257,    1.62690333991564,    0.00000000000000,    1.62690333991564,  -27.70152884518870,    0.00000000000000,
  381,    3,    1.18906250000000,    0.00781250000000,    1.63068016824330,    0.00000000000000,    1.63068016824330,   -0.00000121742608,    0.00000000000000,   -0.00000198523257,    1.62690333991564,    0.00000000000000,    1.62690333991564,  -27.70152884518870,    0.00000000000000,
  381,    4,    1.18906250000000,    0.01093750000000,    1.63068016824330,    0.00000000000000,    1.63068016824330,   -0.00000121742608,    0.00000000000000,   -0.00000198523257,    1.62690333991564,    0.00000000000000,    1.62690333991564,  -27.70152884518870,    0.00000000000000,
  381,    5,    1.18906250000000,    0.01406250000000,    1.63068016824330,    0.00000000000000,    1.63068016824330,   -0.00000121742608,    0.00000000000000,   -0.00000198523257,    1.62690333991564,    0.00000000000000,    1.62690333991564,  -27.70152884518870,    0.00000000000000,
  382,    1,    1.19218750000000,    0.00156250000000,    1.62528662406209,    0.00000000000000,    1.62528662406209,   -0.00000132643065,    0.00000000000000,   -0.00000215582999,    1.62149736571603,    0.00000000000000,    1.62149736571603,  -27.42510853587547,    0.00000000000000,
  382,    2,    1.19218750000000,    0.00468750000000,    1.62528662406209,    0.00000000000000,    1.62528662406209,   -0.00000132643065,    0.00000000000000,   -0.00000215582999,    1.62149736571603,    0.00000000000000,    1.62149736571603,  -27.42510853587547,    0.00000000000000,
  382,    3,    1.19218750000000,    0.00781250000000,    1.62528662406209,    0.00000000000000,    1.62528662406209,   -0.00000132643065,    0.00000000000000,   -0.00000215582999,    1.62149736571603,    0.00000000000000,    1.62149736571603,  -27.42510853587547,    0.00000000000000,
  382,    4,    1.19218750000000,    0.01093750000000,    1.62528662406209,    0.00000000000000,    1.62528662406209,   -0.00000132643065,    0.00000000000000,   -0.00000215582999,    1.62149736571603,    0.00000000000000,    1.62149736571603,  -27.42510853587547,    0.00000000000000,
  382,    5,    1.19218750000000,    0.01406250000000,    1.62528662406209,    0.00000000000000,    1.62528662406209,   -0.00000132643065,    0.00000000000000,   -0.00000215582999,    1.62149736571603,    0.00000000000000,    1.62149736571603,  -27.42510853587547,    0.00000000000000,
  383,    1,    1.19531250000000,    0.00156250000000,    1.61992956142031,    0.00000000000000,    1.61992956142031,   -0.00000143399245,    0.00000000000000,   -0.00000232296677,    1.61612787238810,    0.00000000000000,    1.61612787238810,  -27.14789592983803,    0.00000000000000,
  383,    2,    1.19531250000000,    0.00468750000000,    1.61992956142031,    0.00000000000000,    1.61992956142031,   -0.00000143399245,    0.00000000000000,   -0.00000232296677,    1.61612787238810,    0.00000000000000,    1.61612787238810,  -27.14789592983803,    0.00000000000000,
  383,    3,    1.19531250000000,    0.00781250000000,    1.61992956142031,    0.00000000000000,    1.61992956142031,   -0.00000143399245,    0.00000000000000,   -0.00000232296677,    1.61612787238810,    0.00000000000000,    1.61612787238810,  -27.14789592983803,    0.00000000000000,
  383,    4,    1.19531250000000,    0.01093750000000,    1.61992956142031,    0.00000000000000,    1.61992956142031,   -0.00000143399245,    0.00000000000000,   -0.00000232296677,    1.61612787238810,    0.00000000000000,    1.61612787238810,  -27.14789592983803,    0.00000000000000,
  383,    5,    1.19531250000000,    0.01406250000000,    1.61992956142031,    0.00000000000000,    1.61992956142031,   -0.00000143399245,    0.00000000000000,   -0.00000232296677,    1.61612787238810,    0.00000000000000,    1.61612787238810,  -27.14789592983803,    0.00000000000000,
  384,    1,    1.19843750000000,    0.00156250000000,    1.61460949575187,    0.00000000000000,    1.61460949575187,   -0.00000154005063,    0.00000000000000,   -0.00000248658037,    1.61079537745481,    0.00000000000000,    1.61079537745481,  -26.86993120264144,    0.00000000000000,
  384,    2,    1.19843750000000,    0.00468750000000,    1.61460949575187,    0.00000000000000,    1.61460949575187,   -0.00000154005063,    0.00000000000000,   -0.00000248658037,    1.61079537745481,    0.00000000000000,    1.61079537745481,  -26.86993120264144,    0.00000000000000,
  384,    3,    1.19843750000000,    0.00781250000000,    1.61460949575187,    0.00000000000000,    1.61460949575187,   -0.00000154005063,    0.00000000000000,   -0.00000248658037,    1.61079537745481,    0.00000000000000,    1.61079537745481,  -26.86993120264144,    0.00000000000000,
  384,    4,    1.19843750000000,    0.01093750000000,    1.61460949575187,    0.00000000000000,    1.61460949575187,   -0.00000154005063,    0.00000000000000,   -0.00000248658037,    1.61079537745481,    0.00000000000000,    1.61079537745481,  -26.86993120264144,    0.00000000000000,
  384,    5,    1.19843750000000,    0.01406250000000,    1.61460949575187,    0.00000000000000,    1.61460949575187,   -0.00000154005063,    0.00000000000000,   -0.00000248658037,    1.61079537745481,    0.00000000000000,    1.61079537745481,  -26.86993120264144,    0.00000000000000,
  385,    1,    1.20156250000000,    0.00156250000000,    1.60932693888867,    0.00000000000000,    1.60932693888867,   -0.00000164454472,    0.00000000000000,   -0.00000264661012,    1.60550039487310,    0.00000000000000,    1.60550039487310,  -26.59125388356093,    0.00000000000000,
  385,    2,    1.20156250000000,    0.00468750000000,    1.60932693888867,    0.00000000000000,    1.60932693888867,   -0.00000164454472,    0.00000000000000,   -0.00000264661012,    1.60550039487310,    0.00000000000000,    1.60550039487310,  -26.59125388356093,    0.00000000000000,
  385,    3,    1.20156250000000,    0.00781250000000,    1.60932693888867,    0.00000000000000,    1.60932693888867,   -0.00000164454472,    0.00000000000000,   -0.00000264661012,    1.60550039487310,    0.00000000000000,    1.60550039487310,  -26.59125388356093,    0.00000000000000,
  385,    4,    1.20156250000000,    0.01093750000000,    1.60932693888867,    0.00000000000000,    1.60932693888867,   -0.00000164454472,    0.00000000000000,   -0.00000264661012,    1.60550039487310,    0.00000000000000,    1.60550039487310,  -26.59125388356093,    0.00000000000000,
  385,    5,    1.20156250000000,    0.01406250000000,    1.60932693888867,    0.00000000000000,    1.60932693888867,   -0.00000164454472,    0.00000000000000,   -0.00000264661012,    1.60550039487310,    0.00000000000000,    1.60550039487310,  -26.59125388356093,    0.00000000000000,
  386,    1,    1.20468750000000,    0.00156250000000,    1.60408239901122,    0.00000000000000,    1.60408239901122,   -0.00000174741476,    0.00000000000000,   -0.00000280299726,    1.60024343498443,    0.00000000000000,    1.60024343498443,  -26.31190284686109,    0.00000000000000,
  386,    2,    1.20468750000000,    0.00468750000000,    1.60408239901122,    0.00000000000000,    1.60408239901122,   -0.00000174741476,    0.00000000000000,   -0.00000280299726,    1.60024343498443,    0.00000000000000,    1.60024343498443,  -26.31190284686109,    0.00000000000000,
  386,    3,    1.20468750000000,    0.00781250000000,    1.60408239901122,    0.00000000000000,    1.60408239901122,   -0.00000174741476,    0.00000000000000,   -0.00000280299726,    1.60024343498443,    0.00000000000000,    1.60024343498443,  -26.31190284686109,    0.00000000000000,
  386,    4,    1.20468750000000,    0.01093750000000,    1.60408239901122,    0.00000000000000,    1.60408239901122,   -0.00000174741476,    0.00000000000000,   -0.00000280299726,    1.60024343498443,    0.00000000000000,    1.60024343498443,  -26.31190284686109,    0.00000000000000,
  386,    5,    1.20468750000000,    0.01406250000000,    1.60408239901122,    0.00000000000000,    1.60408239901122,   -0.00000174741476,    0.00000000000000,   -0.00000280299726,    1.60024343498443,    0.00000000000000,    1.60024343498443,  -26.31190284686109,    0.00000000000000,
  387,    1,    1.20781250000000,    0.00156250000000,    1.59887638059969,    0.00000000000000,    1.59887638059969,   -0.00000184860129,   -0.00000000000000,   -0.00000295568493,    1.59502500446553,    0.00000000000000,    1.59502500446553,  -26.03191630341719,    0.00000000000000,
  387,    2,    1.20781250000000,    0.00468750000000,    1.59887638059969,    0.00000000000000,    1.59887638059969,   -0.00000184860129,   -0.00000000000000,   -0.00000295568493,    1.59502500446553,    0.00000000000000,    1.59502500446553,  -26.03191630341719,    0.00000000000000,
  387,    3,    1.20781250000000,    0.00781250000000,    1.59887638059969,    0.00000000000000,    1.59887638059969,   -0.00000184860129,   -0.00000000000000,   -0.00000295568493,    1.59502500446553,    0.00000000000000,    1.59502500446553,  -26.03191630341719,    0.00000000000000,
  387,    4,    1.20781250000000,    0.01093750000000,    1.59887638059969,    0.00000000000000,    1.59887638059969,   -0.00000184860129,   -0.00000000000000,   -0.00000295568493,    1.59502500446553,    0.00000000000000,    1.59502500446553,  -26.03191630341719,    0.00000000000000,
  387,    5,    1.20781250000000,    0.01406250000000,    1.59887638059969,    0.00000000000000,    1.59887638059969,   -0.00000184860129,   -0.00000000000000,   -0.00000295568493,    1.59502500446553,    0.00000000000000,    1.59502500446553,  -26.03191630341719,    0.00000000000000,
  388,    1,    1.21093750000000,    0.00156250000000,    1.59370938438535,    0.00000000000000,    1.59370938438535,   -0.00000194804540,    0.00000000000000,   -0.00000310461824,    1.58984560627958,    0.00000000000000,    1.58984560627958,  -25.75133179268120,    0.00000000000000,
  388,    2,    1.21093750000000,    0.00468750000000,    1.59370938438535,    0.00000000000000,    1.59370938438535,   -0.00000194804540,    0.00000000000000,   -0.00000310461824,    1.58984560627958,    0.00000000000000,    1.58984560627958,  -25.75133179268120,    0.00000000000000,
  388,    3,    1.21093750000000,    0.00781250000000,    1.59370938438535,    0.00000000000000,    1.59370938438535,   -0.00000194804540,    0.00000000000000,   -0.00000310461824,    1.58984560627958,    0.00000000000000,    1.58984560627958,  -25.75133179268120,    0.00000000000000,
  388,    4,    1.21093750000000,    0.01093750000000,    1.59370938438535,    0.00000000000000,    1.59370938438535,   -0.00000194804540,    0.00000000000000,   -0.00000310461824,    1.58984560627958,    0.00000000000000,    1.58984560627958,  -25.75133179268120,    0.00000000000000,
  388,    5,    1.21093750000000,    0.01406250000000,    1.59370938438535,    0.00000000000000,    1.59370938438535,   -0.00000194804540,    0.00000000000000,   -0.00000310461824,    1.58984560627958,    0.00000000000000,    1.58984560627958,  -25.75133179268120,    0.00000000000000,
  389,    1,    1.21406250000000,    0.00156250000000,    1.58858190730235,    0.00000000000000,    1.58858190730235,   -0.00000204568881,   -0.00000000000000,   -0.00000324974423,    1.58470573962778,    0.00000000000000,    1.58470573962778,  -25.47018617499493,    0.00000000000000,
  389,    2,    1.21406250000000,    0.00468750000000,    1.58858190730235,    0.00000000000000,    1.58858190730235,   -0.00000204568881,   -0.00000000000000,   -0.00000324974423,    1.58470573962778,    0.00000000000000,    1.58470573962778,  -25.47018617499493,    0.00000000000000,
  389,    3,    1.21406250000000,    0.00781250000000,    1.58858190730235,    0.00000000000000,    1.58858190730235,   -0.00000204568881,   -0.00000000000000,   -0.00000324974423,    1.58470573962778,    0.00000000000000,    1.58470573962778,  -25.47018617499493,    0.00000000000000,
  389,    4,    1.21406250000000,    0.01093750000000,    1.58858190730235,    0.00000000000000,    1.58858190730235,   -0.00000204568881,   -0.00000000000000,   -0.00000324974423,    1.58470573962778,    0.00000000000000,    1.58470573962778,  -25.47018617499493,    0.00000000000000,
  389,    5,    1.21406250000000,    0.01406250000000,    1.58858190730235,    0.00000000000000,    1.58858190730235,   -0.00000204568881,   -0.00000000000000,   -0.00000324974423,    1.58470573962778,    0.00000000000000,    1.58470573962778,  -25.47018617499493,    0.00000000000000,
  390,    1,    1.21718750000000,    0.00156250000000,    1.58349444243999,    0.00000000000000,    1.58349444243999,   -0.00000214147387,    0.00000000000000,   -0.00000339101198,    1.57960589990116,    0.00000000000000,    1.57960589990116,  -25.18851562425283,    0.00000000000000,
  390,    2,    1.21718750000000,    0.00468750000000,    1.58349444243999,    0.00000000000000,    1.58349444243999,   -0.00000214147387,    0.00000000000000,   -0.00000339101198,    1.57960589990116,    0.00000000000000,    1.57960589990116,  -25.18851562425283,    0.00000000000000,
  390,    3,    1.21718750000000,    0.00781250000000,    1.58349444243999,    0.00000000000000,    1.58349444243999,   -0.00000214147387,    0.00000000000000,   -0.00000339101198,    1.57960589990116,    0.00000000000000,    1.57960589990116,  -25.18851562425283,    0.00000000000000,
  390,    4,    1.21718750000000,    0.01093750000000,    1.58349444243999,    0.00000000000000,    1.58349444243999,   -0.00000214147387,    0.00000000000000,   -0.00000339101198,    1.57960589990116,    0.00000000000000,    1.57960589990116,  -25.18851562425283,    0.00000000000000,
  390,    5,    1.21718750000000,    0.01406250000000,    1.58349444243999,    0.00000000000000,    1.58349444243999,   -0.00000214147387,    0.00000000000000,   -0.00000339101198,    1.57960589990116,    0.00000000000000,    1.57960589990116,  -25.18851562425283,    0.00000000000000,
  391,    1,    1.22031250000000,    0.00156250000000,    1.57844747899529,    0.00000000000000,    1.57844747899529,   -0.00000223534364,    0.00000000000000,   -0.00000352837254,    1.57454657863289,    0.00000000000000,    1.57454657863289,  -24.90635562091614,    0.00000000000000,
  391,    2,    1.22031250000000,    0.00468750000000,    1.57844747899529,    0.00000000000000,    1.57844747899529,   -0.00000223534364,    0.00000000000000,   -0.00000352837254,    1.57454657863289,    0.00000000000000,    1.57454657863289,  -24.90635562091614,    0.00000000000000,
  391,    3,    1.22031250000000,    0.00781250000000,    1.57844747899529,    0.00000000000000,    1.57844747899529,   -0.00000223534364,    0.00000000000000,   -0.00000352837254,    1.57454657863289,    0.00000000000000,    1.57454657863289,  -24.90635562091614,    0.00000000000000,
  391,    4,    1.22031250000000,    0.01093750000000,    1.57844747899529,    0.00000000000000,    1.57844747899529,   -0.00000223534364,    0.00000000000000,   -0.00000352837254,    1.57454657863289,    0.00000000000000,    1.57454657863289,  -24.90635562091614,    0.00000000000000,
  391,    5,    1.22031250000000,    0.01406250000000,    1.57844747899529,    0.00000000000000,    1.57844747899529,   -0.00000223534364,    0.00000000000000,   -0.00000352837254,    1.57454657863289,    0.00000000000000,    1.57454657863289,  -24.90635562091614,    0.00000000000000,
  392,    1,    1.22343750000000,    0.00156250000000,    1.57344150222606,    0.00000000000000,    1.57344150222606,   -0.00000232724191,    0.00000000000000,   -0.00000366177901,    1.56952826345089,    0.00000000000000,    1.56952826345089,  -24.62374094538108,    0.00000000000000,
  392,    2,    1.22343750000000,    0.00468750000000,    1.57344150222606,    0.00000000000000,    1.57344150222606,   -0.00000232724191,    0.00000000000000,   -0.00000366177901,    1.56952826345089,    0.00000000000000,    1.56952826345089,  -24.62374094538108,    0.00000000000000,
  392,    3,    1.22343750000000,    0.00781250000000,    1.57344150222606,    0.00000000000000,    1.57344150222606,   -0.00000232724191,    0.00000000000000,   -0.00000366177901,    1.56952826345089,    0.00000000000000,    1.56952826345089,  -24.62374094538108,    0.00000000000000,
  392,    4,    1.22343750000000,    0.01093750000000,    1.57344150222606,    0.00000000000000,    1.57344150222606,   -0.00000232724191,    0.00000000000000,   -0.00000366177901,    1.56952826345089,    0.00000000000000,    1.56952826345089,  -24.62374094538108,    0.00000000000000,
  392,    5,    1.22343750000000,    0.01406250000000,    1.57344150222606,    0.00000000000000,    1.57344150222606,   -0.00000232724191,    0.00000000000000,   -0.00000366177901,    1.56952826345089,    0.00000000000000,    1.56952826345089,  -24.62374094538108,    0.00000000000000,
  393,    1,    1.22656250000000,    0.00156250000000,    1.56847699340430,    0.00000000000000,    1.56847699340430,   -0.00000241711326,   -0.00000000000000,   -0.00000379118654,    1.56455143803082,    0.00000000000000,    1.56455143803082,  -24.34070567170222,    0.00000000000000,
  393,    2,    1.22656250000000,    0.00468750000000,    1.56847699340430,    0.00000000000000,    1.56847699340430,   -0.00000241711326,   -0.00000000000000,   -0.00000379118654,    1.56455143803082,    0.00000000000000,    1.56455143803082,  -24.34070567170222,    0.00000000000000,
  393,    3,    1.22656250000000,    0.00781250000000,    1.56847699340430,    0.00000000000000,    1.56847699340430,   -0.00000241711326,   -0.00000000000000,   -0.00000379118654,    1.56455143803082,    0.00000000000000,    1.56455143803082,  -24.34070567170222,    0.00000000000000,
  393,    4,    1.22656250000000,    0.01093750000000,    1.56847699340430,    0.00000000000000,    1.56847699340430,   -0.00000241711326,   -0.00000000000000,   -0.00000379118654,    1.56455143803082,    0.00000000000000,    1.56455143803082,  -24.34070567170222,    0.00000000000000,
  393,    5,    1.22656250000000,    0.01406250000000,    1.56847699340430,    0.00000000000000,    1.56847699340430,   -0.00000241711326,   -0.00000000000000,   -0.00000379118654,    1.56455143803082,    0.00000000000000,    1.56455143803082,  -24.34070567170222,    0.00000000000000,
  394,    1,    1.22968750000000,    0.00156250000000,    1.56355442977011,    0.00000000000000,    1.56355442977011,   -0.00000250490311,    0.00000000000000,   -0.00000391655236,    1.55961658204946,    0.00000000000000,    1.55961658204946,  -24.05728316167334,    0.00000000000000,
  394,    2,    1.22968750000000,    0.00468750000000,    1.56355442977011,    0.00000000000000,    1.56355442977011,   -0.00000250490311,    0.00000000000000,   -0.00000391655236,    1.55961658204946,    0.00000000000000,    1.55961658204946,  -24.05728316167334,    0.00000000000000,
  394,    3,    1.22968750000000,    0.00781250000000,    1.56355442977011,    0.00000000000000,    1.56355442977011,   -0.00000250490311,    0.00000000000000,   -0.00000391655236,    1.55961658204946,    0.00000000000000,    1.55961658204946,  -24.05728316167334,    0.00000000000000,
  394,    4,    1.22968750000000,    0.01093750000000,    1.56355442977011,    0.00000000000000,    1.56355442977011,   -0.00000250490311,    0.00000000000000,   -0.00000391655236,    1.55961658204946,    0.00000000000000,    1.55961658204946,  -24.05728316167334,    0.00000000000000,
  394,    5,    1.22968750000000,    0.01406250000000,    1.56355442977011,    0.00000000000000,    1.56355442977011,   -0.00000250490311,    0.00000000000000,   -0.00000391655236,    1.55961658204946,    0.00000000000000,    1.55961658204946,  -24.05728316167334,    0.00000000000000,
  395,    1,    1.23281250000000,    0.00156250000000,    1.55867428448583,    0.00000000000000,    1.55867428448583,   -0.00000259055774,    0.00000000000000,   -0.00000403783573,    1.55472417113852,    0.00000000000000,    1.55472417113852,  -23.77350605926724,    0.00000000000000,
  395,    2,    1.23281250000000,    0.00468750000000,    1.55867428448583,    0.00000000000000,    1.55867428448583,   -0.00000259055774,    0.00000000000000,   -0.00000403783573,    1.55472417113852,    0.00000000000000,    1.55472417113852,  -23.77350605926724,    0.00000000000000,
  395,    3,    1.23281250000000,    0.00781250000000,    1.55867428448583,    0.00000000000000,    1.55867428448583,   -0.00000259055774,    0.00000000000000,   -0.00000403783573,    1.55472417113852,    0.00000000000000,    1.55472417113852,  -23.77350605926724,    0.00000000000000,
  395,    4,    1.23281250000000,    0.01093750000000,    1.55867428448583,    0.00000000000000,    1.55867428448583,   -0.00000259055774,    0.00000000000000,   -0.00000403783573,    1.55472417113852,    0.00000000000000,    1.55472417113852,  -23.77350605926724,    0.00000000000000,
  395,    5,    1.23281250000000,    0.01406250000000,    1.55867428448583,    0.00000000000000,    1.55867428448583,   -0.00000259055774,    0.00000000000000,   -0.00000403783573,    1.55472417113852,    0.00000000000000,    1.55472417113852,  -23.77350605926724,    0.00000000000000,
  396,    1,    1.23593750000000,    0.00156250000000,    1.55383702659095,    0.00000000000000,    1.55383702659095,   -0.00000267402437,    0.00000000000000,   -0.00000415499808,    1.54987467683874,    0.00000000000000,    1.54987467683874,  -23.48940628543562,    0.00000000000000,
  396,    2,    1.23593750000000,    0.00468750000000,    1.55383702659095,    0.00000000000000,    1.55383702659095,   -0.00000267402437,    0.00000000000000,   -0.00000415499808,    1.54987467683874,    0.00000000000000,    1.54987467683874,  -23.48940628543562,    0.00000000000000,
  396,    3,    1.23593750000000,    0.00781250000000,    1.55383702659095,    0.00000000000000,    1.55383702659095,   -0.00000267402437,    0.00000000000000,   -0.00000415499808,    1.54987467683874,    0.00000000000000,    1.54987467683874,  -23.48940628543562,    0.00000000000000,
  396,    4,    1.23593750000000,    0.01093750000000,    1.55383702659095,    0.00000000000000,    1.55383702659095,   -0.00000267402437,    0.00000000000000,   -0.00000415499808,    1.54987467683874,    0.00000000000000,    1.54987467683874,  -23.48940628543562,    0.00000000000000,
  396,    5,    1.23593750000000,    0.01406250000000,    1.55383702659095,    0.00000000000000,    1.55383702659095,   -0.00000267402437,    0.00000000000000,   -0.00000415499808,    1.54987467683874,    0.00000000000000,    1.54987467683874,  -23.48940628543562,    0.00000000000000,
  397,    1,    1.23906250000000,    0.00156250000000,    1.54904312095708,    0.00000000000000,    1.54904312095708,   -0.00000275525118,   -0.00000000000000,   -0.00000426800289,    1.54506856655447,    0.00000000000000,    1.54506856655447,  -23.20501503327070,    0.00000000000000,
  397,    2,    1.23906250000000,    0.00468750000000,    1.54904312095708,    0.00000000000000,    1.54904312095708,   -0.00000275525118,   -0.00000000000000,   -0.00000426800289,    1.54506856655447,    0.00000000000000,    1.54506856655447,  -23.20501503327070,    0.00000000000000,
  397,    3,    1.23906250000000,    0.00781250000000,    1.54904312095708,    0.00000000000000,    1.54904312095708,   -0.00000275525118,   -0.00000000000000,   -0.00000426800289,    1.54506856655447,    0.00000000000000,    1.54506856655447,  -23.20501503327070,    0.00000000000000,
  397,    4,    1.23906250000000,    0.01093750000000,    1.54904312095708,    0.00000000000000,    1.54904312095708,   -0.00000275525118,   -0.00000000000000,   -0.00000426800289,    1.54506856655447,    0.00000000000000,    1.54506856655447,  -23.20501503327070,    0.00000000000000,
  397,    5,    1.23906250000000,    0.01406250000000,    1.54904312095708,    0.00000000000000,    1.54904312095708,   -0.00000275525118,   -0.00000000000000,   -0.00000426800289,    1.54506856655447,    0.00000000000000,    1.54506856655447,  -23.20501503327070,    0.00000000000000,
  398,    1,    1.24218750000000,    0.00156250000000,    1.54429302824357,    0.00000000000000,    1.54429302824357,   -0.00000283418737,   -0.00000000000000,   -0.00000437681579,    1.54030630350862,    0.00000000000000,    1.54030630350862,  -22.92036276352961,    0.00000000000000,
  398,    2,    1.24218750000000,    0.00468750000000,    1.54429302824357,    0.00000000000000,    1.54429302824357,   -0.00000283418737,   -0.00000000000000,   -0.00000437681579,    1.54030630350862,    0.00000000000000,    1.54030630350862,  -22.92036276352961,    0.00000000000000,
  398,    3,    1.24218750000000,    0.00781250000000,    1.54429302824357,    0.00000000000000,    1.54429302824357,   -0.00000283418737,   -0.00000000000000,   -0.00000437681579,    1.54030630350862,    0.00000000000000,    1.54030630350862,  -22.92036276352961,    0.00000000000000,
  398,    4,    1.24218750000000,    0.01093750000000,    1.54429302824357,    0.00000000000000,    1.54429302824357,   -0.00000283418737,   -0.00000000000000,   -0.00000437681579,    1.54030630350862,    0.00000000000000,    1.54030630350862,  -22.92036276352961,    0.00000000000000,
  398,    5,    1.24218750000000,    0.01406250000000,    1.54429302824357,    0.00000000000000,    1.54429302824357,   -0.00000283418737,   -0.00000000000000,   -0.00000437681579,    1.54030630350862,    0.00000000000000,    1.54030630350862,  -22.92036276352961,    0.00000000000000,
  399,    1,    1.24531250000000,    0.00156250000000,    1.53958720485353,    0.00000000000000,    1.53958720485353,   -0.00000291078317,    0.00000000000000,   -0.00000448140453,    1.53558834669802,    0.00000000000000,    1.53558834669802,  -22.63547920052241,    0.00000000000000,
  399,    2,    1.24531250000000,    0.00468750000000,    1.53958720485353,    0.00000000000000,    1.53958720485353,   -0.00000291078317,    0.00000000000000,   -0.00000448140453,    1.53558834669802,    0.00000000000000,    1.53558834669802,  -22.63547920052241,    0.00000000000000,
  399,    3,    1.24531250000000,    0.00781250000000,    1.53958720485353,    0.00000000000000,    1.53958720485353,   -0.00000291078317,    0.00000000000000,   -0.00000448140453,    1.53558834669802,    0.00000000000000,    1.53558834669802,  -22.63547920052241,    0.00000000000000,
  399,    4,    1.24531250000000,    0.01093750000000,    1.53958720485353,    0.00000000000000,    1.53958720485353,   -0.00000291078317,    0.00000000000000,   -0.00000448140453,    1.53558834669802,    0.00000000000000,    1.53558834669802,  -22.63547920052241,    0.00000000000000,
  399,    5,    1.24531250000000,    0.01406250000000,    1.53958720485353,    0.00000000000000,    1.53958720485353,   -0.00000291078317,    0.00000000000000,   -0.00000448140453,    1.53558834669802,    0.00000000000000,    1.53558834669802,  -22.63547920052241,    0.00000000000000,
  400,    1,    1.24843750000000,    0.00156250000000,    1.53492610289034,    0.00000000000000,    1.53492610289034,   -0.00000298498996,   -0.00000000000000,   -0.00000458173901,    1.53091515084917,    0.00000000000000,    1.53091515084917,  -22.35039332836485,    0.00000000000000,
  400,    2,    1.24843750000000,    0.00468750000000,    1.53492610289034,    0.00000000000000,    1.53492610289034,   -0.00000298498996,   -0.00000000000000,   -0.00000458173901,    1.53091515084917,    0.00000000000000,    1.53091515084917,  -22.35039332836485,    0.00000000000000,
  400,    3,    1.24843750000000,    0.00781250000000,    1.53492610289034,    0.00000000000000,    1.53492610289034,   -0.00000298498996,   -0.00000000000000,   -0.00000458173901,    1.53091515084917,    0.00000000000000,    1.53091515084917,  -22.35039332836485,    0.00000000000000,
  400,    4,    1.24843750000000,    0.01093750000000,    1.53492610289034,    0.00000000000000,    1.53492610289034,   -0.00000298498996,   -0.00000000000000,   -0.00000458173901,    1.53091515084917,    0.00000000000000,    1.53091515084917,  -22.35039332836485,    0.00000000000000,
  400,    5,    1.24843750000000,    0.01406250000000,    1.53492610289034,    0.00000000000000,    1.53492610289034,   -0.00000298498996,   -0.00000000000000,   -0.00000458173901,    1.53091515084917,    0.00000000000000,    1.53091515084917,  -22.35039332836485,    0.00000000000000,
  401,    1,    1.25156250000000,    0.00156250000000,    1.53031017011447,    0.00000000000000,    1.53031017011447,   -0.00000305676022,   -0.00000000000000,   -0.00000467779126,    1.52628716637441,    0.00000000000000,    1.52628716637441,  -22.06513338759628,    0.00000000000000,
  401,    2,    1.25156250000000,    0.00468750000000,    1.53031017011447,    0.00000000000000,    1.53031017011447,   -0.00000305676022,   -0.00000000000000,   -0.00000467779126,    1.52628716637441,    0.00000000000000,    1.52628716637441,  -22.06513338759628,    0.00000000000000,
  401,    3,    1.25156250000000,    0.00781250000000,    1.53031017011447,    0.00000000000000,    1.53031017011447,   -0.00000305676022,   -0.00000000000000,   -0.00000467779126,    1.52628716637441,    0.00000000000000,    1.52628716637441,  -22.06513338759628,    0.00000000000000,
  401,    4,    1.25156250000000,    0.01093750000000,    1.53031017011447,    0.00000000000000,    1.53031017011447,   -0.00000305676022,   -0.00000000000000,   -0.00000467779126,    1.52628716637441,    0.00000000000000,    1.52628716637441,  -22.06513338759628,    0.00000000000000,
  401,    5,    1.25156250000000,    0.01406250000000,    1.53031017011447,    0.00000000000000,    1.53031017011447,   -0.00000305676022,   -0.00000000000000,   -0.00000467779126,    1.52628716637441,    0.00000000000000,    1.52628716637441,  -22.06513338759628,    0.00000000000000,
  402,    1,    1.25468750000000,    0.00156250000000,    1.52573984990087,    0.00000000000000,    1.52573984990087,   -0.00000312604766,    0.00000000000000,   -0.00000476953549,    1.52170483932851,    0.00000000000000,    1.52170483932851,  -21.77972687216351,    0.00000000000000,
  402,    2,    1.25468750000000,    0.00468750000000,    1.52573984990087,    0.00000000000000,    1.52573984990087,   -0.00000312604766,    0.00000000000000,   -0.00000476953549,    1.52170483932851,    0.00000000000000,    1.52170483932851,  -21.77972687216351,    0.00000000000000,
  402,    3,    1.25468750000000,    0.00781250000000,    1.52573984990087,    0.00000000000000,    1.52573984990087,   -0.00000312604766,    0.00000000000000,   -0.00000476953549,    1.52170483932851,    0.00000000000000,    1.52170483932851,  -21.77972687216351,    0.00000000000000,
  402,    4,    1.25468750000000,    0.01093750000000,    1.52573984990087,    0.00000000000000,    1.52573984990087,   -0.00000312604766,    0.00000000000000,   -0.00000476953549,    1.52170483932851,    0.00000000000000,    1.52170483932851,  -21.77972687216351,    0.00000000000000,
  402,    5,    1.25468750000000,    0.01406250000000,    1.52573984990087,    0.00000000000000,    1.52573984990087,   -0.00000312604766,    0.00000000000000,   -0.00000476953549,    1.52170483932851,    0.00000000000000,    1.52170483932851,  -21.77972687216351,    0.00000000000000,
  403,    1,    1.25781250000000,    0.00156250000000,    1.52121558119687,    0.00000000000000,    1.52121558119687,   -0.00000319280719,   -0.00000000000000,   -0.00000485694805,    1.51716861136569,    0.00000000000000,    1.51716861136569,  -21.49420052677094,    0.00000000000000,
  403,    2,    1.25781250000000,    0.00468750000000,    1.52121558119687,    0.00000000000000,    1.52121558119687,   -0.00000319280719,   -0.00000000000000,   -0.00000485694805,    1.51716861136569,    0.00000000000000,    1.51716861136569,  -21.49420052677094,    0.00000000000000,
  403,    3,    1.25781250000000,    0.00781250000000,    1.52121558119687,    0.00000000000000,    1.52121558119687,   -0.00000319280719,   -0.00000000000000,   -0.00000485694805,    1.51716861136569,    0.00000000000000,    1.51716861136569,  -21.49420052677094,    0.00000000000000,
  403,    4,    1.25781250000000,    0.01093750000000,    1.52121558119687,    0.00000000000000,    1.52121558119687,   -0.00000319280719,   -0.00000000000000,   -0.00000485694805,    1.51716861136569,    0.00000000000000,    1.51716861136569,  -21.49420052677094,    0.00000000000000,
  403,    5,    1.25781250000000,    0.01406250000000,    1.52121558119687,    0.00000000000000,    1.52121558119687,   -0.00000319280719,   -0.00000000000000,   -0.00000485694805,    1.51716861136569,    0.00000000000000,    1.51716861136569,  -21.49420052677094,    0.00000000000000,
  404,    1,    1.26093750000000,    0.00156250000000,    1.51673779848037,    0.00000000000000,    1.51673779848037,   -0.00000325699503,   -0.00000000000000,   -0.00000494000748,    1.51267891969705,    0.00000000000000,    1.51267891969705,  -21.20858034459695,    0.00000000000000,
  404,    2,    1.26093750000000,    0.00468750000000,    1.51673779848037,    0.00000000000000,    1.51673779848037,   -0.00000325699503,   -0.00000000000000,   -0.00000494000748,    1.51267891969705,    0.00000000000000,    1.51267891969705,  -21.20858034459695,    0.00000000000000,
  404,    3,    1.26093750000000,    0.00781250000000,    1.51673779848037,    0.00000000000000,    1.51673779848037,   -0.00000325699503,   -0.00000000000000,   -0.00000494000748,    1.51267891969705,    0.00000000000000,    1.51267891969705,  -21.20858034459695,    0.00000000000000,
  404,    4,    1.26093750000000,    0.01093750000000,    1.51673779848037,    0.00000000000000,    1.51673779848037,   -0.00000325699503,   -0.00000000000000,   -0.00000494000748,    1.51267891969705,    0.00000000000000,    1.51267891969705,  -21.20858034459695,    0.00000000000000,
  404,    5,    1.26093750000000,    0.01406250000000,    1.51673779848037,    0.00000000000000,    1.51673779848037,   -0.00000325699503,   -0.00000000000000,   -0.00000494000748,    1.51267891969705,    0.00000000000000,    1.51267891969705,  -21.20858034459695,    0.00000000000000,
  405,    1,    1.26406250000000,    0.00156250000000,    1.51230693171869,    0.00000000000000,    1.51230693171869,   -0.00000331856871,    0.00000000000000,   -0.00000501869447,    1.50823619704840,    0.00000000000000,    1.50823619704840,  -20.92289156537733,    0.00000000000000,
  405,    2,    1.26406250000000,    0.00468750000000,    1.51230693171869,    0.00000000000000,    1.51230693171869,   -0.00000331856871,    0.00000000000000,   -0.00000501869447,    1.50823619704840,    0.00000000000000,    1.50823619704840,  -20.92289156537733,    0.00000000000000,
  405,    3,    1.26406250000000,    0.00781250000000,    1.51230693171869,    0.00000000000000,    1.51230693171869,   -0.00000331856871,    0.00000000000000,   -0.00000501869447,    1.50823619704840,    0.00000000000000,    1.50823619704840,  -20.92289156537733,    0.00000000000000,
  405,    4,    1.26406250000000,    0.01093750000000,    1.51230693171869,    0.00000000000000,    1.51230693171869,   -0.00000331856871,    0.00000000000000,   -0.00000501869447,    1.50823619704840,    0.00000000000000,    1.50823619704840,  -20.92289156537733,    0.00000000000000,
  405,    5,    1.26406250000000,    0.01406250000000,    1.51230693171869,    0.00000000000000,    1.51230693171869,   -0.00000331856871,    0.00000000000000,   -0.00000501869447,    1.50823619704840,    0.00000000000000,    1.50823619704840,  -20.92289156537733,    0.00000000000000,
  406,    1,    1.26718750000000,    0.00156250000000,    1.50792340632774,    0.00000000000000,    1.50792340632774,   -0.00000337748714,    0.00000000000000,   -0.00000509299191,    1.50384087161862,    0.00000000000000,    1.50384087161862,  -20.63715867385494,    0.00000000000000,
  406,    2,    1.26718750000000,    0.00468750000000,    1.50792340632774,    0.00000000000000,    1.50792340632774,   -0.00000337748714,    0.00000000000000,   -0.00000509299191,    1.50384087161862,    0.00000000000000,    1.50384087161862,  -20.63715867385494,    0.00000000000000,
  406,    3,    1.26718750000000,    0.00781250000000,    1.50792340632774,    0.00000000000000,    1.50792340632774,   -0.00000337748714,    0.00000000000000,   -0.00000509299191,    1.50384087161862,    0.00000000000000,    1.50384087161862,  -20.63715867385494,    0.00000000000000,
  406,    4,    1.26718750000000,    0.01093750000000,    1.50792340632774,    0.00000000000000,    1.50792340632774,   -0.00000337748714,    0.00000000000000,   -0.00000509299191,    1.50384087161862,    0.00000000000000,    1.50384087161862,  -20.63715867385494,    0.00000000000000,
  406,    5,    1.26718750000000,    0.01406250000000,    1.50792340632774,    0.00000000000000,    1.50792340632774,   -0.00000337748714,    0.00000000000000,   -0.00000509299191,    1.50384087161862,    0.00000000000000,    1.50384087161862,  -20.63715867385494,    0.00000000000000,
  407,    1,    1.27031250000000,    0.00156250000000,    1.50358764313174,    0.00000000000000,    1.50358764313174,   -0.00000343371062,   -0.00000000000000,   -0.00000516288485,    1.49949336703831,    0.00000000000000,    1.49949336703831,  -20.35140539859586,    0.00000000000000,
  407,    2,    1.27031250000000,    0.00468750000000,    1.50358764313174,    0.00000000000000,    1.50358764313174,   -0.00000343371062,   -0.00000000000000,   -0.00000516288485,    1.49949336703831,    0.00000000000000,    1.49949336703831,  -20.35140539859586,    0.00000000000000,
  407,    3,    1.27031250000000,    0.00781250000000,    1.50358764313174,    0.00000000000000,    1.50358764313174,   -0.00000343371062,   -0.00000000000000,   -0.00000516288485,    1.49949336703831,    0.00000000000000,    1.49949336703831,  -20.35140539859586,    0.00000000000000,
  407,    4,    1.27031250000000,    0.01093750000000,    1.50358764313174,    0.00000000000000,    1.50358764313174,   -0.00000343371062,   -0.00000000000000,   -0.00000516288485,    1.49949336703831,    0.00000000000000,    1.49949336703831,  -20.35140539859586,    0.00000000000000,
  407,    5,    1.27031250000000,    0.01406250000000,    1.50358764313174,    0.00000000000000,    1.50358764313174,   -0.00000343371062,   -0.00000000000000,   -0.00000516288485,    1.49949336703831,    0.00000000000000,    1.49949336703831,  -20.35140539859586,    0.00000000000000,
  408,    1,    1.27343750000000,    0.00156250000000,    1.49930005832342,    0.00000000000000,    1.49930005832342,   -0.00000348720091,   -0.00000000000000,   -0.00000522836053,    1.49519410232901,    0.00000000000000,    1.49519410232901,  -20.06565471117159,    0.00000000000000,
  408,    2,    1.27343750000000,    0.00468750000000,    1.49930005832342,    0.00000000000000,    1.49930005832342,   -0.00000348720091,   -0.00000000000000,   -0.00000522836053,    1.49519410232901,    0.00000000000000,    1.49519410232901,  -20.06565471117159,    0.00000000000000,
  408,    3,    1.27343750000000,    0.00781250000000,    1.49930005832342,    0.00000000000000,    1.49930005832342,   -0.00000348720091,   -0.00000000000000,   -0.00000522836053,    1.49519410232901,    0.00000000000000,    1.49519410232901,  -20.06565471117159,    0.00000000000000,
  408,    4,    1.27343750000000,    0.01093750000000,    1.49930005832342,    0.00000000000000,    1.49930005832342,   -0.00000348720091,   -0.00000000000000,   -0.00000522836053,    1.49519410232901,    0.00000000000000,    1.49519410232901,  -20.06565471117159,    0.00000000000000,
  408,    5,    1.27343750000000,    0.01406250000000,    1.49930005832342,    0.00000000000000,    1.49930005832342,   -0.00000348720091,   -0.00000000000000,   -0.00000522836053,    1.49519410232901,    0.00000000000000,    1.49519410232901,  -20.06565471117159,    0.00000000000000,
  409,    1,    1.27656250000000,    0.00156250000000,    1.49506106342477,    0.00000000000000,    1.49506106342477,   -0.00000353792129,   -0.00000000000000,   -0.00000528940836,    1.49094349186280,    0.00000000000000,    1.49094349186280,  -19.77992882570672,    0.00000000000000,
  409,    2,    1.27656250000000,    0.00468750000000,    1.49506106342477,    0.00000000000000,    1.49506106342477,   -0.00000353792129,   -0.00000000000000,   -0.00000528940836,    1.49094349186280,    0.00000000000000,    1.49094349186280,  -19.77992882570672,    0.00000000000000,
  409,    3,    1.27656250000000,    0.00781250000000,    1.49506106342477,    0.00000000000000,    1.49506106342477,   -0.00000353792129,   -0.00000000000000,   -0.00000528940836,    1.49094349186280,    0.00000000000000,    1.49094349186280,  -19.77992882570672,    0.00000000000000,
  409,    4,    1.27656250000000,    0.01093750000000,    1.49506106342477,    0.00000000000000,    1.49506106342477,   -0.00000353792129,   -0.00000000000000,   -0.00000528940836,    1.49094349186280,    0.00000000000000,    1.49094349186280,  -19.77992882570672,    0.00000000000000,
  409,    5,    1.27656250000000,    0.01406250000000,    1.49506106342477,    0.00000000000000,    1.49506106342477,   -0.00000353792129,   -0.00000000000000,   -0.00000528940836,    1.49094349186280,    0.00000000000000,    1.49094349186280,  -19.77992882570672,    0.00000000000000,
  410,    1,    1.27968750000000,    0.00156250000000,    1.49087106524802,    0.00000000000000,    1.49087106524802,   -0.00000358583655,    0.00000000000000,   -0.00000534601996,    1.48674194532237,    0.00000000000000,    1.48674194532237,  -19.49424919879179,    0.00000000000000,
  410,    2,    1.27968750000000,    0.00468750000000,    1.49087106524802,    0.00000000000000,    1.49087106524802,   -0.00000358583655,    0.00000000000000,   -0.00000534601996,    1.48674194532237,    0.00000000000000,    1.48674194532237,  -19.49424919879179,    0.00000000000000,
  410,    3,    1.27968750000000,    0.00781250000000,    1.49087106524802,    0.00000000000000,    1.49087106524802,   -0.00000358583655,    0.00000000000000,   -0.00000534601996,    1.48674194532237,    0.00000000000000,    1.48674194532237,  -19.49424919879179,    0.00000000000000,
  410,    4,    1.27968750000000,    0.01093750000000,    1.49087106524802,    0.00000000000000,    1.49087106524802,   -0.00000358583655,    0.00000000000000,   -0.00000534601996,    1.48674194532237,    0.00000000000000,    1.48674194532237,  -19.49424919879179,    0.00000000000000,
  410,    5,    1.27968750000000,    0.01406250000000,    1.49087106524802,    0.00000000000000,    1.49087106524802,   -0.00000358583655,    0.00000000000000,   -0.00000534601996,    1.48674194532237,    0.00000000000000,    1.48674194532237,  -19.49424919879179,    0.00000000000000,
  411,    1,    1.28281250000000,    0.00156250000000,    1.48673046585750,    0.00000000000000,    1.48673046585750,   -0.00000363091308,    0.00000000000000,   -0.00000539818909,    1.48258986766151,    0.00000000000000,    1.48258986766151,  -19.20863652975986,    0.00000000000000,
  411,    2,    1.28281250000000,    0.00468750000000,    1.48673046585750,    0.00000000000000,    1.48673046585750,   -0.00000363091308,    0.00000000000000,   -0.00000539818909,    1.48258986766151,    0.00000000000000,    1.48258986766151,  -19.20863652975986,    0.00000000000000,
  411,    3,    1.28281250000000,    0.00781250000000,    1.48673046585750,    0.00000000000000,    1.48673046585750,   -0.00000363091308,    0.00000000000000,   -0.00000539818909,    1.48258986766151,    0.00000000000000,    1.48258986766151,  -19.20863652975986,    0.00000000000000,
  411,    4,    1.28281250000000,    0.01093750000000,    1.48673046585750,    0.00000000000000,    1.48673046585750,   -0.00000363091308,    0.00000000000000,   -0.00000539818909,    1.48258986766151,    0.00000000000000,    1.48258986766151,  -19.20863652975986,    0.00000000000000,
  411,    5,    1.28281250000000,    0.01406250000000,    1.48673046585750,    0.00000000000000,    1.48673046585750,   -0.00000363091308,    0.00000000000000,   -0.00000539818909,    1.48258986766151,    0.00000000000000,    1.48258986766151,  -19.20863652975986,    0.00000000000000,
  412,    1,    1.28593750000000,    0.00156250000000,    1.48263966253170,    0.00000000000000,    1.48263966253170,   -0.00000367311888,   -0.00000000000000,   -0.00000544591174,    1.47848765906612,    0.00000000000000,    1.47848765906612,  -18.92311076132667,    0.00000000000000,
  412,    2,    1.28593750000000,    0.00468750000000,    1.48263966253170,    0.00000000000000,    1.48263966253170,   -0.00000367311888,   -0.00000000000000,   -0.00000544591174,    1.47848765906612,    0.00000000000000,    1.47848765906612,  -18.92311076132667,    0.00000000000000,
  412,    3,    1.28593750000000,    0.00781250000000,    1.48263966253170,    0.00000000000000,    1.48263966253170,   -0.00000367311888,   -0.00000000000000,   -0.00000544591174,    1.47848765906612,    0.00000000000000,    1.47848765906612,  -18.92311076132667,    0.00000000000000,
  412,    4,    1.28593750000000,    0.01093750000000,    1.48263966253170,    0.00000000000000,    1.48263966253170,   -0.00000367311888,   -0.00000000000000,   -0.00000544591174,    1.47848765906612,    0.00000000000000,    1.47848765906612,  -18.92311076132667,    0.00000000000000,
  412,    5,    1.28593750000000,    0.01406250000000,    1.48263966253170,    0.00000000000000,    1.48263966253170,   -0.00000367311888,   -0.00000000000000,   -0.00000544591174,    1.47848765906612,    0.00000000000000,    1.47848765906612,  -18.92311076132667,    0.00000000000000,
  413,    1,    1.28906250000000,    0.00156250000000,    1.47859904772592,    0.00000000000000,    1.47859904772592,   -0.00000371242363,    0.00000000000000,   -0.00000548918604,    1.47443571491560,    0.00000000000000,    1.47443571491560,  -18.63769108059278,    0.00000000000000,
  413,    2,    1.28906250000000,    0.00468750000000,    1.47859904772592,    0.00000000000000,    1.47859904772592,   -0.00000371242363,    0.00000000000000,   -0.00000548918604,    1.47443571491560,    0.00000000000000,    1.47443571491560,  -18.63769108059278,    0.00000000000000,
  413,    3,    1.28906250000000,    0.00781250000000,    1.47859904772592,    0.00000000000000,    1.47859904772592,   -0.00000371242363,    0.00000000000000,   -0.00000548918604,    1.47443571491560,    0.00000000000000,    1.47443571491560,  -18.63769108059278,    0.00000000000000,
  413,    4,    1.28906250000000,    0.01093750000000,    1.47859904772592,    0.00000000000000,    1.47859904772592,   -0.00000371242363,    0.00000000000000,   -0.00000548918604,    1.47443571491560,    0.00000000000000,    1.47443571491560,  -18.63769108059278,    0.00000000000000,
  413,    5,    1.28906250000000,    0.01406250000000,    1.47859904772592,    0.00000000000000,    1.47859904772592,   -0.00000371242363,    0.00000000000000,   -0.00000548918604,    1.47443571491560,    0.00000000000000,    1.47443571491560,  -18.63769108059278,    0.00000000000000,
  414,    1,    1.29218750000000,    0.00156250000000,    1.47460900903542,    0.00000000000000,    1.47460900903542,   -0.00000374879870,   -0.00000000000000,   -0.00000552801234,    1.47043442574475,    0.00000000000000,    1.47043442574475,  -18.35239592040635,    0.00000000000000,
  414,    2,    1.29218750000000,    0.00468750000000,    1.47460900903542,    0.00000000000000,    1.47460900903542,   -0.00000374879870,   -0.00000000000000,   -0.00000552801234,    1.47043442574475,    0.00000000000000,    1.47043442574475,  -18.35239592040635,    0.00000000000000,
  414,    3,    1.29218750000000,    0.00781250000000,    1.47460900903542,    0.00000000000000,    1.47460900903542,   -0.00000374879870,   -0.00000000000000,   -0.00000552801234,    1.47043442574475,    0.00000000000000,    1.47043442574475,  -18.35239592040635,    0.00000000000000,
  414,    4,    1.29218750000000,    0.01093750000000,    1.47460900903542,    0.00000000000000,    1.47460900903542,   -0.00000374879870,   -0.00000000000000,   -0.00000552801234,    1.47043442574475,    0.00000000000000,    1.47043442574475,  -18.35239592040635,    0.00000000000000,
  414,    5,    1.29218750000000,    0.01406250000000,    1.47460900903542,    0.00000000000000,    1.47460900903542,   -0.00000374879870,   -0.00000000000000,   -0.00000552801234,    1.47043442574475,    0.00000000000000,    1.47043442574475,  -18.35239592040635,    0.00000000000000,
  415,    1,    1.29531250000000,    0.00156250000000,    1.47066992915915,    0.00000000000000,    1.47066992915915,   -0.00000378221722,    0.00000000000000,   -0.00000556239313,    1.46648417720615,    0.00000000000000,    1.46648417720615,  -18.06724296108605,    0.00000000000000,
  415,    2,    1.29531250000000,    0.00468750000000,    1.47066992915915,    0.00000000000000,    1.47066992915915,   -0.00000378221722,    0.00000000000000,   -0.00000556239313,    1.46648417720615,    0.00000000000000,    1.46648417720615,  -18.06724296108605,    0.00000000000000,
  415,    3,    1.29531250000000,    0.00781250000000,    1.47066992915915,    0.00000000000000,    1.47066992915915,   -0.00000378221722,    0.00000000000000,   -0.00000556239313,    1.46648417720615,    0.00000000000000,    1.46648417720615,  -18.06724296108605,    0.00000000000000,
  415,    4,    1.29531250000000,    0.01093750000000,    1.47066992915915,    0.00000000000000,    1.47066992915915,   -0.00000378221722,    0.00000000000000,   -0.00000556239313,    1.46648417720615,    0.00000000000000,    1.46648417720615,  -18.06724296108605,    0.00000000000000,
  415,    5,    1.29531250000000,    0.01406250000000,    1.47066992915915,    0.00000000000000,    1.47066992915915,   -0.00000378221722,    0.00000000000000,   -0.00000556239313,    1.46648417720615,    0.00000000000000,    1.46648417720615,  -18.06724296108605,    0.00000000000000,
  416,    1,    1.29843750000000,    0.00156250000000,    1.46678218586390,    0.00000000000000,    1.46678218586390,   -0.00000381265408,   -0.00000000000000,   -0.00000559233309,    1.46258535003299,    0.00000000000000,    1.46258535003299,  -17.78224913250148,    0.00000000000000,
  416,    2,    1.29843750000000,    0.00468750000000,    1.46678218586390,    0.00000000000000,    1.46678218586390,   -0.00000381265408,   -0.00000000000000,   -0.00000559233309,    1.46258535003299,    0.00000000000000,    1.46258535003299,  -17.78224913250148,    0.00000000000000,
  416,    3,    1.29843750000000,    0.00781250000000,    1.46678218586390,    0.00000000000000,    1.46678218586390,   -0.00000381265408,   -0.00000000000000,   -0.00000559233309,    1.46258535003299,    0.00000000000000,    1.46258535003299,  -17.78224913250148,    0.00000000000000,
  416,    4,    1.29843750000000,    0.01093750000000,    1.46678218586390,    0.00000000000000,    1.46678218586390,   -0.00000381265408,   -0.00000000000000,   -0.00000559233309,    1.46258535003299,    0.00000000000000,    1.46258535003299,  -17.78224913250148,    0.00000000000000,
  416,    5,    1.29843750000000,    0.01406250000000,    1.46678218586390,    0.00000000000000,    1.46678218586390,   -0.00000381265408,   -0.00000000000000,   -0.00000559233309,    1.46258535003299,    0.00000000000000,    1.46258535003299,  -17.78224913250148,    0.00000000000000,
  417,    1,    1.30156250000000,    0.00156250000000,    1.46294615194892,    0.00000000000000,    1.46294615194892,   -0.00000384008603,    0.00000000000000,   -0.00000561783909,    1.45873832000233,    0.00000000000000,    1.45873832000233,  -17.49743061651003,    0.00000000000000,
  417,    2,    1.30156250000000,    0.00468750000000,    1.46294615194892,    0.00000000000000,    1.46294615194892,   -0.00000384008603,    0.00000000000000,   -0.00000561783909,    1.45873832000233,    0.00000000000000,    1.45873832000233,  -17.49743061651003,    0.00000000000000,
  417,    3,    1.30156250000000,    0.00781250000000,    1.46294615194892,    0.00000000000000,    1.46294615194892,   -0.00000384008603,    0.00000000000000,   -0.00000561783909,    1.45873832000233,    0.00000000000000,    1.45873832000233,  -17.49743061651003,    0.00000000000000,
  417,    4,    1.30156250000000,    0.01093750000000,    1.46294615194892,    0.00000000000000,    1.46294615194892,   -0.00000384008603,    0.00000000000000,   -0.00000561783909,    1.45873832000233,    0.00000000000000,    1.45873832000233,  -17.49743061651003,    0.00000000000000,
  417,    5,    1.30156250000000,    0.01406250000000,    1.46294615194892,    0.00000000000000,    1.46294615194892,   -0.00000384008603,    0.00000000000000,   -0.00000561783909,    1.45873832000233,    0.00000000000000,    1.45873832000233,  -17.49743061651003,    0.00000000000000,
  418,    1,    1.30468750000000,    0.00156250000000,    1.45916219521122,    0.00000000000000,    1.45916219521122,   -0.00000386449167,    0.00000000000000,   -0.00000563892014,    1.45494345789894,    0.00000000000000,    1.45494345789894,  -17.21280284974856,    0.00000000000000,
  418,    2,    1.30468750000000,    0.00468750000000,    1.45916219521122,    0.00000000000000,    1.45916219521122,   -0.00000386449167,    0.00000000000000,   -0.00000563892014,    1.45494345789894,    0.00000000000000,    1.45494345789894,  -17.21280284974856,    0.00000000000000,
  418,    3,    1.30468750000000,    0.00781250000000,    1.45916219521122,    0.00000000000000,    1.45916219521122,   -0.00000386449167,    0.00000000000000,   -0.00000563892014,    1.45494345789894,    0.00000000000000,    1.45494345789894,  -17.21280284974856,    0.00000000000000,
  418,    4,    1.30468750000000,    0.01093750000000,    1.45916219521122,    0.00000000000000,    1.45916219521122,   -0.00000386449167,    0.00000000000000,   -0.00000563892014,    1.45494345789894,    0.00000000000000,    1.45494345789894,  -17.21280284974856,    0.00000000000000,
  418,    5,    1.30468750000000,    0.01406250000000,    1.45916219521122,    0.00000000000000,    1.45916219521122,   -0.00000386449167,    0.00000000000000,   -0.00000563892014,    1.45494345789894,    0.00000000000000,    1.45494345789894,  -17.21280284974856,    0.00000000000000,
  419,    1,    1.30781250000000,    0.00156250000000,    1.45543067841124,    0.00000000000000,    1.45543067841124,   -0.00000388585147,    0.00000000000000,   -0.00000565558744,    1.45120112947954,    0.00000000000000,    1.45120112947954,  -16.92838052677735,    0.00000000000000,
  419,    2,    1.30781250000000,    0.00468750000000,    1.45543067841124,    0.00000000000000,    1.45543067841124,   -0.00000388585147,    0.00000000000000,   -0.00000565558744,    1.45120112947954,    0.00000000000000,    1.45120112947954,  -16.92838052677735,    0.00000000000000,
  419,    3,    1.30781250000000,    0.00781250000000,    1.45543067841124,    0.00000000000000,    1.45543067841124,   -0.00000388585147,    0.00000000000000,   -0.00000565558744,    1.45120112947954,    0.00000000000000,    1.45120112947954,  -16.92838052677735,    0.00000000000000,
  419,    4,    1.30781250000000,    0.01093750000000,    1.45543067841124,    0.00000000000000,    1.45543067841124,   -0.00000388585147,    0.00000000000000,   -0.00000565558744,    1.45120112947954,    0.00000000000000,    1.45120112947954,  -16.92838052677735,    0.00000000000000,
  419,    5,    1.30781250000000,    0.01406250000000,    1.45543067841124,    0.00000000000000,    1.45543067841124,   -0.00000388585147,    0.00000000000000,   -0.00000565558744,    1.45120112947954,    0.00000000000000,    1.45120112947954,  -16.92838052677735,    0.00000000000000,
  420,    1,    1.31093750000000,    0.00156250000000,    1.45175195923918,    0.00000000000000,    1.45175195923918,   -0.00000390414789,    0.00000000000000,   -0.00000566785436,    1.44751169543751,    0.00000000000000,    1.44751169543751,  -16.64417760357476,    0.00000000000000,
  420,    2,    1.31093750000000,    0.00468750000000,    1.45175195923918,    0.00000000000000,    1.45175195923918,   -0.00000390414789,    0.00000000000000,   -0.00000566785436,    1.44751169543751,    0.00000000000000,    1.44751169543751,  -16.64417760357476,    0.00000000000000,
  420,    3,    1.31093750000000,    0.00781250000000,    1.45175195923918,    0.00000000000000,    1.45175195923918,   -0.00000390414789,    0.00000000000000,   -0.00000566785436,    1.44751169543751,    0.00000000000000,    1.44751169543751,  -16.64417760357476,    0.00000000000000,
  420,    4,    1.31093750000000,    0.01093750000000,    1.45175195923918,    0.00000000000000,    1.45175195923918,   -0.00000390414789,    0.00000000000000,   -0.00000566785436,    1.44751169543751,    0.00000000000000,    1.44751169543751,  -16.64417760357476,    0.00000000000000,
  420,    5,    1.31093750000000,    0.01406250000000,    1.45175195923918,    0.00000000000000,    1.45175195923918,   -0.00000390414789,    0.00000000000000,   -0.00000566785436,    1.44751169543751,    0.00000000000000,    1.44751169543751,  -16.64417760357476,    0.00000000000000,
  421,    1,    1.31406250000000,    0.00156250000000,    1.44812639028165,    0.00000000000000,    1.44812639028165,   -0.00000391936534,    0.00000000000000,   -0.00000567573638,    1.44387551136819,    0.00000000000000,    1.44387551136819,  -16.36020730138029,    0.00000000000000,
  421,    2,    1.31406250000000,    0.00468750000000,    1.44812639028165,    0.00000000000000,    1.44812639028165,   -0.00000391936534,    0.00000000000000,   -0.00000567573638,    1.44387551136819,    0.00000000000000,    1.44387551136819,  -16.36020730138029,    0.00000000000000,
  421,    3,    1.31406250000000,    0.00781250000000,    1.44812639028165,    0.00000000000000,    1.44812639028165,   -0.00000391936534,    0.00000000000000,   -0.00000567573638,    1.44387551136819,    0.00000000000000,    1.44387551136819,  -16.36020730138029,    0.00000000000000,
  421,    4,    1.31406250000000,    0.01093750000000,    1.44812639028165,    0.00000000000000,    1.44812639028165,   -0.00000391936534,    0.00000000000000,   -0.00000567573638,    1.44387551136819,    0.00000000000000,    1.44387551136819,  -16.36020730138029,    0.00000000000000,
  421,    5,    1.31406250000000,    0.01406250000000,    1.44812639028165,    0.00000000000000,    1.44812639028165,   -0.00000391936534,    0.00000000000000,   -0.00000567573638,    1.44387551136819,    0.00000000000000,    1.44387551136819,  -16.36020730138029,    0.00000000000000,
  422,    1,    1.31718750000000,    0.00156250000000,    1.44455431898901,    0.00000000000000,    1.44455431898901,   -0.00000393149023,    0.00000000000000,   -0.00000567925119,    1.44029292773458,    0.00000000000000,    1.44029292773458,  -16.07648211088314,    0.00000000000000,
  422,    2,    1.31718750000000,    0.00468750000000,    1.44455431898901,    0.00000000000000,    1.44455431898901,   -0.00000393149023,    0.00000000000000,   -0.00000567925119,    1.44029292773458,    0.00000000000000,    1.44029292773458,  -16.07648211088314,    0.00000000000000,
  422,    3,    1.31718750000000,    0.00781250000000,    1.44455431898901,    0.00000000000000,    1.44455431898901,   -0.00000393149023,    0.00000000000000,   -0.00000567925119,    1.44029292773458,    0.00000000000000,    1.44029292773458,  -16.07648211088314,    0.00000000000000,
  422,    4,    1.31718750000000,    0.01093750000000,    1.44455431898901,    0.00000000000000,    1.44455431898901,   -0.00000393149023,    0.00000000000000,   -0.00000567925119,    1.44029292773458,    0.00000000000000,    1.44029292773458,  -16.07648211088314,    0.00000000000000,
  422,    5,    1.31718750000000,    0.01406250000000,    1.44455431898901,    0.00000000000000,    1.44455431898901,   -0.00000393149023,    0.00000000000000,   -0.00000567925119,    1.44029292773458,    0.00000000000000,    1.44029292773458,  -16.07648211088314,    0.00000000000000,
  423,    1,    1.32031250000000,    0.00156250000000,    1.44103608764329,    0.00000000000000,    1.44103608764329,   -0.00000394051103,    0.00000000000000,   -0.00000567841860,    1.43676428983353,    0.00000000000000,    1.43676428983353,  -15.79301379675474,    0.00000000000000,
  423,    2,    1.32031250000000,    0.00468750000000,    1.44103608764329,    0.00000000000000,    1.44103608764329,   -0.00000394051103,    0.00000000000000,   -0.00000567841860,    1.43676428983353,    0.00000000000000,    1.43676428983353,  -15.79301379675474,    0.00000000000000,
  423,    3,    1.32031250000000,    0.00781250000000,    1.44103608764329,    0.00000000000000,    1.44103608764329,   -0.00000394051103,    0.00000000000000,   -0.00000567841860,    1.43676428983353,    0.00000000000000,    1.43676428983353,  -15.79301379675474,    0.00000000000000,
  423,    4,    1.32031250000000,    0.01093750000000,    1.44103608764329,    0.00000000000000,    1.44103608764329,   -0.00000394051103,    0.00000000000000,   -0.00000567841860,    1.43676428983353,    0.00000000000000,    1.43676428983353,  -15.79301379675474,    0.00000000000000,
  423,    5,    1.32031250000000,    0.01406250000000,    1.44103608764329,    0.00000000000000,    1.44103608764329,   -0.00000394051103,    0.00000000000000,   -0.00000567841860,    1.43676428983353,    0.00000000000000,    1.43676428983353,  -15.79301379675474,    0.00000000000000,
  424,    1,    1.32343750000000,    0.00156250000000,    1.43757203332645,    0.00000000000000,    1.43757203332645,   -0.00000394641830,    0.00000000000000,   -0.00000567326058,    1.43328993776251,    0.00000000000000,    1.43328993776251,  -15.50981340252155,    0.00000000000000,
  424,    2,    1.32343750000000,    0.00468750000000,    1.43757203332645,    0.00000000000000,    1.43757203332645,   -0.00000394641830,    0.00000000000000,   -0.00000567326058,    1.43328993776251,    0.00000000000000,    1.43328993776251,  -15.50981340252155,    0.00000000000000,
  424,    3,    1.32343750000000,    0.00781250000000,    1.43757203332645,    0.00000000000000,    1.43757203332645,   -0.00000394641830,    0.00000000000000,   -0.00000567326058,    1.43328993776251,    0.00000000000000,    1.43328993776251,  -15.50981340252155,    0.00000000000000,
  424,    4,    1.32343750000000,    0.01093750000000,    1.43757203332645,    0.00000000000000,    1.43757203332645,   -0.00000394641830,    0.00000000000000,   -0.00000567326058,    1.43328993776251,    0.00000000000000,    1.43328993776251,  -15.50981340252155,    0.00000000000000,
  424,    5,    1.32343750000000,    0.01406250000000,    1.43757203332645,    0.00000000000000,    1.43757203332645,   -0.00000394641830,    0.00000000000000,   -0.00000567326058,    1.43328993776251,    0.00000000000000,    1.43328993776251,  -15.50981340252155,    0.00000000000000,
  425,    1,    1.32656250000000,    0.00156250000000,    1.43416248788931,    0.00000000000000,    1.43416248788931,   -0.00000394920469,    0.00000000000000,   -0.00000566380122,    1.42987020638682,    0.00000000000000,    1.42987020638682,  -15.22689125577609,    0.00000000000000,
  425,    2,    1.32656250000000,    0.00468750000000,    1.43416248788931,    0.00000000000000,    1.43416248788931,   -0.00000394920469,    0.00000000000000,   -0.00000566380122,    1.42987020638682,    0.00000000000000,    1.42987020638682,  -15.22689125577609,    0.00000000000000,
  425,    3,    1.32656250000000,    0.00781250000000,    1.43416248788931,    0.00000000000000,    1.43416248788931,   -0.00000394920469,    0.00000000000000,   -0.00000566380122,    1.42987020638682,    0.00000000000000,    1.42987020638682,  -15.22689125577609,    0.00000000000000,
  425,    4,    1.32656250000000,    0.01093750000000,    1.43416248788931,    0.00000000000000,    1.43416248788931,   -0.00000394920469,    0.00000000000000,   -0.00000566380122,    1.42987020638682,    0.00000000000000,    1.42987020638682,  -15.22689125577609,    0.00000000000000,
  425,    5,    1.32656250000000,    0.01406250000000,    1.43416248788931,    0.00000000000000,    1.43416248788931,   -0.00000394920469,    0.00000000000000,   -0.00000566380122,    1.42987020638682,    0.00000000000000,    1.42987020638682,  -15.22689125577609,    0.00000000000000,
  426,    1,    1.32968750000000,    0.00156250000000,    1.43080777792103,    0.00000000000000,    1.43080777792103,   -0.00000394886501,    0.00000000000000,   -0.00000565006677,    1.42650542530726,    0.00000000000000,    1.42650542530726,  -14.94425697372306,    0.00000000000000,
  426,    2,    1.32968750000000,    0.00468750000000,    1.43080777792103,    0.00000000000000,    1.43080777792103,   -0.00000394886501,    0.00000000000000,   -0.00000565006677,    1.42650542530726,    0.00000000000000,    1.42650542530726,  -14.94425697372306,    0.00000000000000,
  426,    3,    1.32968750000000,    0.00781250000000,    1.43080777792103,    0.00000000000000,    1.43080777792103,   -0.00000394886501,    0.00000000000000,   -0.00000565006677,    1.42650542530726,    0.00000000000000,    1.42650542530726,  -14.94425697372306,    0.00000000000000,
  426,    4,    1.32968750000000,    0.01093750000000,    1.43080777792103,    0.00000000000000,    1.43080777792103,   -0.00000394886501,    0.00000000000000,   -0.00000565006677,    1.42650542530726,    0.00000000000000,    1.42650542530726,  -14.94425697372306,    0.00000000000000,
  426,    5,    1.32968750000000,    0.01406250000000,    1.43080777792103,    0.00000000000000,    1.43080777792103,   -0.00000394886501,    0.00000000000000,   -0.00000565006677,    1.42650542530726,    0.00000000000000,    1.42650542530726,  -14.94425697372306,    0.00000000000000,
  427,    1,    1.33281250000000,    0.00156250000000,    1.42750822471900,    0.00000000000000,    1.42750822471900,   -0.00000394539624,    0.00000000000000,   -0.00000563208559,    1.42319591882846,    0.00000000000000,    1.42319591882846,  -14.66191946905732,    0.00000000000000,
  427,    2,    1.33281250000000,    0.00468750000000,    1.42750822471900,    0.00000000000000,    1.42750822471900,   -0.00000394539624,    0.00000000000000,   -0.00000563208559,    1.42319591882846,    0.00000000000000,    1.42319591882846,  -14.66191946905732,    0.00000000000000,
  427,    3,    1.33281250000000,    0.00781250000000,    1.42750822471900,    0.00000000000000,    1.42750822471900,   -0.00000394539624,    0.00000000000000,   -0.00000563208559,    1.42319591882846,    0.00000000000000,    1.42319591882846,  -14.66191946905732,    0.00000000000000,
  427,    4,    1.33281250000000,    0.01093750000000,    1.42750822471900,    0.00000000000000,    1.42750822471900,   -0.00000394539624,    0.00000000000000,   -0.00000563208559,    1.42319591882846,    0.00000000000000,    1.42319591882846,  -14.66191946905732,    0.00000000000000,
  427,    5,    1.33281250000000,    0.01406250000000,    1.42750822471900,    0.00000000000000,    1.42750822471900,   -0.00000394539624,    0.00000000000000,   -0.00000563208559,    1.42319591882846,    0.00000000000000,    1.42319591882846,  -14.66191946905732,    0.00000000000000,
  428,    1,    1.33593750000000,    0.00156250000000,    1.42426414425943,    0.00000000000000,    1.42426414425943,   -0.00000393879758,    0.00000000000000,   -0.00000560988816,    1.41994200592753,    0.00000000000000,    1.41994200592753,  -14.37988695617065,    0.00000000000000,
  428,    2,    1.33593750000000,    0.00468750000000,    1.42426414425943,    0.00000000000000,    1.42426414425943,   -0.00000393879758,    0.00000000000000,   -0.00000560988816,    1.41994200592753,    0.00000000000000,    1.41994200592753,  -14.37988695617065,    0.00000000000000,
  428,    3,    1.33593750000000,    0.00781250000000,    1.42426414425943,    0.00000000000000,    1.42426414425943,   -0.00000393879758,    0.00000000000000,   -0.00000560988816,    1.41994200592753,    0.00000000000000,    1.41994200592753,  -14.37988695617065,    0.00000000000000,
  428,    4,    1.33593750000000,    0.01093750000000,    1.42426414425943,    0.00000000000000,    1.42426414425943,   -0.00000393879758,    0.00000000000000,   -0.00000560988816,    1.41994200592753,    0.00000000000000,    1.41994200592753,  -14.37988695617065,    0.00000000000000,
  428,    5,    1.33593750000000,    0.01406250000000,    1.42426414425943,    0.00000000000000,    1.42426414425943,   -0.00000393879758,    0.00000000000000,   -0.00000560988816,    1.41994200592753,    0.00000000000000,    1.41994200592753,  -14.37988695617065,    0.00000000000000,
  429,    1,    1.33906250000000,    0.00156250000000,    1.42107584716831,    0.00000000000000,    1.42107584716831,   -0.00000392907043,    0.00000000000000,   -0.00000558350709,    1.41674400022336,    0.00000000000000,    1.41674400022336,  -14.09816695768416,    0.00000000000000,
  429,    2,    1.33906250000000,    0.00468750000000,    1.42107584716831,    0.00000000000000,    1.42107584716831,   -0.00000392907043,    0.00000000000000,   -0.00000558350709,    1.41674400022336,    0.00000000000000,    1.41674400022336,  -14.09816695768416,    0.00000000000000,
  429,    3,    1.33906250000000,    0.00781250000000,    1.42107584716831,    0.00000000000000,    1.42107584716831,   -0.00000392907043,    0.00000000000000,   -0.00000558350709,    1.41674400022336,    0.00000000000000,    1.41674400022336,  -14.09816695768416,    0.00000000000000,
  429,    4,    1.33906250000000,    0.01093750000000,    1.42107584716831,    0.00000000000000,    1.42107584716831,   -0.00000392907043,    0.00000000000000,   -0.00000558350709,    1.41674400022336,    0.00000000000000,    1.41674400022336,  -14.09816695768416,    0.00000000000000,
  429,    5,    1.33906250000000,    0.01406250000000,    1.42107584716831,    0.00000000000000,    1.42107584716831,   -0.00000392907043,    0.00000000000000,   -0.00000558350709,    1.41674400022336,    0.00000000000000,    1.41674400022336,  -14.09816695768416,    0.00000000000000,
  430,    1,    1.34218750000000,    0.00156250000000,    1.41794363869320,    0.00000000000000,    1.41794363869320,   -0.00000391621849,    0.00000000000000,   -0.00000555297709,    1.41360220994641,    0.00000000000000,    1.41360220994641,  -13.81676631130272,    0.00000000000000,
  430,    2,    1.34218750000000,    0.00468750000000,    1.41794363869320,    0.00000000000000,    1.41794363869320,   -0.00000391621849,    0.00000000000000,   -0.00000555297709,    1.41360220994641,    0.00000000000000,    1.41360220994641,  -13.81676631130272,    0.00000000000000,
  430,    3,    1.34218750000000,    0.00781250000000,    1.41794363869320,    0.00000000000000,    1.41794363869320,   -0.00000391621849,    0.00000000000000,   -0.00000555297709,    1.41360220994641,    0.00000000000000,    1.41360220994641,  -13.81676631130272,    0.00000000000000,
  430,    4,    1.34218750000000,    0.01093750000000,    1.41794363869320,    0.00000000000000,    1.41794363869320,   -0.00000391621849,    0.00000000000000,   -0.00000555297709,    1.41360220994641,    0.00000000000000,    1.41360220994641,  -13.81676631130272,    0.00000000000000,
  430,    5,    1.34218750000000,    0.01406250000000,    1.41794363869320,    0.00000000000000,    1.41794363869320,   -0.00000391621849,    0.00000000000000,   -0.00000555297709,    1.41360220994641,    0.00000000000000,    1.41360220994641,  -13.81676631130272,    0.00000000000000,
  431,    1,    1.34531250000000,    0.00156250000000,    1.41486781867511,    0.00000000000000,    1.41486781867511,   -0.00000390024771,    0.00000000000000,   -0.00000551833497,    1.41051693790896,    0.00000000000000,    1.41051693790896,  -13.53569117698754,    0.00000000000000,
  431,    2,    1.34531250000000,    0.00468750000000,    1.41486781867511,    0.00000000000000,    1.41486781867511,   -0.00000390024771,    0.00000000000000,   -0.00000551833497,    1.41051693790896,    0.00000000000000,    1.41051693790896,  -13.53569117698754,    0.00000000000000,
  431,    3,    1.34531250000000,    0.00781250000000,    1.41486781867511,    0.00000000000000,    1.41486781867511,   -0.00000390024771,    0.00000000000000,   -0.00000551833497,    1.41051693790896,    0.00000000000000,    1.41051693790896,  -13.53569117698754,    0.00000000000000,
  431,    4,    1.34531250000000,    0.01093750000000,    1.41486781867511,    0.00000000000000,    1.41486781867511,   -0.00000390024771,    0.00000000000000,   -0.00000551833497,    1.41051693790896,    0.00000000000000,    1.41051693790896,  -13.53569117698754,    0.00000000000000,
  431,    5,    1.34531250000000,    0.01406250000000,    1.41486781867511,    0.00000000000000,    1.41486781867511,   -0.00000390024771,    0.00000000000000,   -0.00000551833497,    1.41051693790896,    0.00000000000000,    1.41051693790896,  -13.53569117698754,    0.00000000000000,
  432,    1,    1.34843750000000,    0.00156250000000,    1.41184868152145,    0.00000000000000,    1.41184868152145,   -0.00000388116639,    0.00000000000000,   -0.00000547961965,    1.40748848147595,    0.00000000000000,    1.40748848147595,  -13.25494704444401,    0.00000000000000,
  432,    2,    1.34843750000000,    0.00468750000000,    1.41184868152145,    0.00000000000000,    1.41184868152145,   -0.00000388116639,    0.00000000000000,   -0.00000547961965,    1.40748848147595,    0.00000000000000,    1.40748848147595,  -13.25494704444401,    0.00000000000000,
  432,    3,    1.34843750000000,    0.00781250000000,    1.41184868152145,    0.00000000000000,    1.41184868152145,   -0.00000388116639,    0.00000000000000,   -0.00000547961965,    1.40748848147595,    0.00000000000000,    1.40748848147595,  -13.25494704444401,    0.00000000000000,
  432,    4,    1.34843750000000,    0.01093750000000,    1.41184868152145,    0.00000000000000,    1.41184868152145,   -0.00000388116639,    0.00000000000000,   -0.00000547961965,    1.40748848147595,    0.00000000000000,    1.40748848147595,  -13.25494704444401,    0.00000000000000,
  432,    5,    1.34843750000000,    0.01406250000000,    1.41184868152145,    0.00000000000000,    1.41184868152145,   -0.00000388116639,    0.00000000000000,   -0.00000547961965,    1.40748848147595,    0.00000000000000,    1.40748848147595,  -13.25494704444401,    0.00000000000000,
  433,    1,    1.35156250000000,    0.00156250000000,    1.40888651617910,    0.00000000000000,    1.40888651617910,   -0.00000385898513,    0.00000000000000,   -0.00000543687211,    1.40451713253632,    0.00000000000000,    1.40451713253632,  -12.97453874091989,    0.00000000000000,
  433,    2,    1.35156250000000,    0.00468750000000,    1.40888651617910,    0.00000000000000,    1.40888651617910,   -0.00000385898513,    0.00000000000000,   -0.00000543687211,    1.40451713253632,    0.00000000000000,    1.40451713253632,  -12.97453874091989,    0.00000000000000,
  433,    3,    1.35156250000000,    0.00781250000000,    1.40888651617910,    0.00000000000000,    1.40888651617910,   -0.00000385898513,    0.00000000000000,   -0.00000543687211,    1.40451713253632,    0.00000000000000,    1.40451713253632,  -12.97453874091989,    0.00000000000000,
  433,    4,    1.35156250000000,    0.01093750000000,    1.40888651617910,    0.00000000000000,    1.40888651617910,   -0.00000385898513,    0.00000000000000,   -0.00000543687211,    1.40451713253632,    0.00000000000000,    1.40451713253632,  -12.97453874091989,    0.00000000000000,
  433,    5,    1.35156250000000,    0.01406250000000,    1.40888651617910,    0.00000000000000,    1.40888651617910,   -0.00000385898513,    0.00000000000000,   -0.00000543687211,    1.40451713253632,    0.00000000000000,    1.40451713253632,  -12.97453874091989,    0.00000000000000,
  434,    1,    1.35468750000000,    0.00156250000000,    1.40598160610826,    0.00000000000000,    1.40598160610826,   -0.00000383371689,    0.00000000000000,   -0.00000539013543,    1.40160317747486,    0.00000000000000,    1.40160317747486,  -12.69447043931083,    0.00000000000000,
  434,    2,    1.35468750000000,    0.00468750000000,    1.40598160610826,    0.00000000000000,    1.40598160610826,   -0.00000383371689,    0.00000000000000,   -0.00000539013543,    1.40160317747486,    0.00000000000000,    1.40160317747486,  -12.69447043931083,    0.00000000000000,
  434,    3,    1.35468750000000,    0.00781250000000,    1.40598160610826,    0.00000000000000,    1.40598160610826,   -0.00000383371689,    0.00000000000000,   -0.00000539013543,    1.40160317747486,    0.00000000000000,    1.40160317747486,  -12.69447043931083,    0.00000000000000,
  434,    4,    1.35468750000000,    0.01093750000000,    1.40598160610826,    0.00000000000000,    1.40598160610826,   -0.00000383371689,    0.00000000000000,   -0.00000539013543,    1.40160317747486,    0.00000000000000,    1.40160317747486,  -12.69447043931083,    0.00000000000000,
  434,    5,    1.35468750000000,    0.01406250000000,    1.40598160610826,    0.00000000000000,    1.40598160610826,   -0.00000383371689,    0.00000000000000,   -0.00000539013543,    1.40160317747486,    0.00000000000000,    1.40160317747486,  -12.69447043931083,    0.00000000000000,
  435,    1,    1.35781250000000,    0.00156250000000,    1.40313422925682,    0.00000000000000,    1.40313422925682,   -0.00000380537701,    0.00000000000000,   -0.00000533945474,    1.39874689714463,    0.00000000000000,    1.39874689714463,  -12.41474566656865,    0.00000000000000,
  435,    2,    1.35781250000000,    0.00468750000000,    1.40313422925682,    0.00000000000000,    1.40313422925682,   -0.00000380537701,    0.00000000000000,   -0.00000533945474,    1.39874689714463,    0.00000000000000,    1.39874689714463,  -12.41474566656865,    0.00000000000000,
  435,    3,    1.35781250000000,    0.00781250000000,    1.40313422925682,    0.00000000000000,    1.40313422925682,   -0.00000380537701,    0.00000000000000,   -0.00000533945474,    1.39874689714463,    0.00000000000000,    1.39874689714463,  -12.41474566656865,    0.00000000000000,
  435,    4,    1.35781250000000,    0.01093750000000,    1.40313422925682,    0.00000000000000,    1.40313422925682,   -0.00000380537701,    0.00000000000000,   -0.00000533945474,    1.39874689714463,    0.00000000000000,    1.39874689714463,  -12.41474566656865,    0.00000000000000,
  435,    5,    1.35781250000000,    0.01406250000000,    1.40313422925682,    0.00000000000000,    1.40313422925682,   -0.00000380537701,    0.00000000000000,   -0.00000533945474,    1.39874689714463,    0.00000000000000,    1.39874689714463,  -12.41474566656865,    0.00000000000000,
  436,    1,    1.36093750000000,    0.00156250000000,    1.40034465803512,    0.00000000000000,    1.40034465803512,   -0.00000377398323,    0.00000000000000,   -0.00000528487725,    1.39594856683986,    0.00000000000000,    1.39594856683986,  -12.13536731240810,    0.00000000000000,
  436,    2,    1.36093750000000,    0.00468750000000,    1.40034465803512,    0.00000000000000,    1.40034465803512,   -0.00000377398323,    0.00000000000000,   -0.00000528487725,    1.39594856683986,    0.00000000000000,    1.39594856683986,  -12.13536731240810,    0.00000000000000,
  436,    3,    1.36093750000000,    0.00781250000000,    1.40034465803512,    0.00000000000000,    1.40034465803512,   -0.00000377398323,    0.00000000000000,   -0.00000528487725,    1.39594856683986,    0.00000000000000,    1.39594856683986,  -12.13536731240810,    0.00000000000000,
  436,    4,    1.36093750000000,    0.01093750000000,    1.40034465803512,    0.00000000000000,    1.40034465803512,   -0.00000377398323,    0.00000000000000,   -0.00000528487725,    1.39594856683986,    0.00000000000000,    1.39594856683986,  -12.13536731240810,    0.00000000000000,
  436,    5,    1.36093750000000,    0.01406250000000,    1.40034465803512,    0.00000000000000,    1.40034465803512,   -0.00000377398323,    0.00000000000000,   -0.00000528487725,    1.39594856683986,    0.00000000000000,    1.39594856683986,  -12.13536731240810,    0.00000000000000,
  437,    1,    1.36406250000000,    0.00156250000000,    1.39761315929164,    0.00000000000000,    1.39761315929164,   -0.00000373955565,    0.00000000000000,   -0.00000522645218,    1.39320845626945,    0.00000000000000,    1.39320845626945,  -11.85633763830818,    0.00000000000000,
  437,    2,    1.36406250000000,    0.00468750000000,    1.39761315929164,    0.00000000000000,    1.39761315929164,   -0.00000373955565,    0.00000000000000,   -0.00000522645218,    1.39320845626945,    0.00000000000000,    1.39320845626945,  -11.85633763830818,    0.00000000000000,
  437,    3,    1.36406250000000,    0.00781250000000,    1.39761315929164,    0.00000000000000,    1.39761315929164,   -0.00000373955565,    0.00000000000000,   -0.00000522645218,    1.39320845626945,    0.00000000000000,    1.39320845626945,  -11.85633763830818,    0.00000000000000,
  437,    4,    1.36406250000000,    0.01093750000000,    1.39761315929164,    0.00000000000000,    1.39761315929164,   -0.00000373955565,    0.00000000000000,   -0.00000522645218,    1.39320845626945,    0.00000000000000,    1.39320845626945,  -11.85633763830818,    0.00000000000000,
  437,    5,    1.36406250000000,    0.01406250000000,    1.39761315929164,    0.00000000000000,    1.39761315929164,   -0.00000373955565,    0.00000000000000,   -0.00000522645218,    1.39320845626945,    0.00000000000000,    1.39320845626945,  -11.85633763830818,    0.00000000000000,
  438,    1,    1.36718750000000,    0.00156250000000,    1.39493999428870,    0.00000000000000,    1.39493999428870,   -0.00000370211683,    0.00000000000000,   -0.00000516423083,    1.39052682953098,    0.00000000000000,    1.39052682953098,  -11.57765828680326,    0.00000000000000,
  438,    2,    1.36718750000000,    0.00468750000000,    1.39493999428870,    0.00000000000000,    1.39493999428870,   -0.00000370211683,    0.00000000000000,   -0.00000516423083,    1.39052682953098,    0.00000000000000,    1.39052682953098,  -11.57765828680326,    0.00000000000000,
  438,    3,    1.36718750000000,    0.00781250000000,    1.39493999428870,    0.00000000000000,    1.39493999428870,   -0.00000370211683,    0.00000000000000,   -0.00000516423083,    1.39052682953098,    0.00000000000000,    1.39052682953098,  -11.57765828680326,    0.00000000000000,
  438,    4,    1.36718750000000,    0.01093750000000,    1.39493999428870,    0.00000000000000,    1.39493999428870,   -0.00000370211683,    0.00000000000000,   -0.00000516423083,    1.39052682953098,    0.00000000000000,    1.39052682953098,  -11.57765828680326,    0.00000000000000,
  438,    5,    1.36718750000000,    0.01406250000000,    1.39493999428870,    0.00000000000000,    1.39493999428870,   -0.00000370211683,    0.00000000000000,   -0.00000516423083,    1.39052682953098,    0.00000000000000,    1.39052682953098,  -11.57765828680326,    0.00000000000000,
  439,    1,    1.37031250000000,    0.00156250000000,    1.39232541867923,    0.00000000000000,    1.39232541867923,   -0.00000366169174,    0.00000000000000,   -0.00000509826649,    1.38790394508520,    0.00000000000000,    1.38790394508520,  -11.29933029105924,    0.00000000000000,
  439,    2,    1.37031250000000,    0.00468750000000,    1.39232541867923,    0.00000000000000,    1.39232541867923,   -0.00000366169174,    0.00000000000000,   -0.00000509826649,    1.38790394508520,    0.00000000000000,    1.38790394508520,  -11.29933029105924,    0.00000000000000,
  439,    3,    1.37031250000000,    0.00781250000000,    1.39232541867923,    0.00000000000000,    1.39232541867923,   -0.00000366169174,    0.00000000000000,   -0.00000509826649,    1.38790394508520,    0.00000000000000,    1.38790394508520,  -11.29933029105924,    0.00000000000000,
  439,    4,    1.37031250000000,    0.01093750000000,    1.39232541867923,    0.00000000000000,    1.39232541867923,   -0.00000366169174,    0.00000000000000,   -0.00000509826649,    1.38790394508520,    0.00000000000000,    1.38790394508520,  -11.29933029105924,    0.00000000000000,
  439,    5,    1.37031250000000,    0.01406250000000,    1.39232541867923,    0.00000000000000,    1.39232541867923,   -0.00000366169174,    0.00000000000000,   -0.00000509826649,    1.38790394508520,    0.00000000000000,    1.38790394508520,  -11.29933029105924,    0.00000000000000,
  440,    1,    1.37343750000000,    0.00156250000000,    1.38976968248377,    0.00000000000000,    1.38976968248377,   -0.00000361830779,    0.00000000000000,   -0.00000502861447,    1.38534005573117,    0.00000000000000,    1.38534005573117,  -11.02135408473092,    0.00000000000000,
  440,    2,    1.37343750000000,    0.00468750000000,    1.38976968248377,    0.00000000000000,    1.38976968248377,   -0.00000361830779,    0.00000000000000,   -0.00000502861447,    1.38534005573117,    0.00000000000000,    1.38534005573117,  -11.02135408473092,    0.00000000000000,
  440,    3,    1.37343750000000,    0.00781250000000,    1.38976968248377,    0.00000000000000,    1.38976968248377,   -0.00000361830779,    0.00000000000000,   -0.00000502861447,    1.38534005573117,    0.00000000000000,    1.38534005573117,  -11.02135408473092,    0.00000000000000,
  440,    4,    1.37343750000000,    0.01093750000000,    1.38976968248377,    0.00000000000000,    1.38976968248377,   -0.00000361830779,    0.00000000000000,   -0.00000502861447,    1.38534005573117,    0.00000000000000,    1.38534005573117,  -11.02135408473092,    0.00000000000000,
  440,    5,    1.37343750000000,    0.01406250000000,    1.38976968248377,    0.00000000000000,    1.38976968248377,   -0.00000361830779,    0.00000000000000,   -0.00000502861447,    1.38534005573117,    0.00000000000000,    1.38534005573117,  -11.02135408473092,    0.00000000000000,
  441,    1,    1.37656250000000,    0.00156250000000,    1.38727303006811,    0.00000000000000,    1.38727303006811,   -0.00000357199481,    0.00000000000000,   -0.00000495533206,    1.38283540858189,    0.00000000000000,    1.38283540858189,  -10.74372951209473,    0.00000000000000,
  441,    2,    1.37656250000000,    0.00468750000000,    1.38727303006811,    0.00000000000000,    1.38727303006811,   -0.00000357199481,    0.00000000000000,   -0.00000495533206,    1.38283540858189,    0.00000000000000,    1.38283540858189,  -10.74372951209473,    0.00000000000000,
  441,    3,    1.37656250000000,    0.00781250000000,    1.38727303006811,    0.00000000000000,    1.38727303006811,   -0.00000357199481,    0.00000000000000,   -0.00000495533206,    1.38283540858189,    0.00000000000000,    1.38283540858189,  -10.74372951209473,    0.00000000000000,
  441,    4,    1.37656250000000,    0.01093750000000,    1.38727303006811,    0.00000000000000,    1.38727303006811,   -0.00000357199481,    0.00000000000000,   -0.00000495533206,    1.38283540858189,    0.00000000000000,    1.38283540858189,  -10.74372951209473,    0.00000000000000,
  441,    5,    1.37656250000000,    0.01406250000000,    1.38727303006811,    0.00000000000000,    1.38727303006811,   -0.00000357199481,    0.00000000000000,   -0.00000495533206,    1.38283540858189,    0.00000000000000,    1.38283540858189,  -10.74372951209473,    0.00000000000000,
  442,    1,    1.37968750000000,    0.00156250000000,    1.38483570012158,    0.00000000000000,    1.38483570012158,   -0.00000352278510,    0.00000000000000,   -0.00000487847858,    1.38039024504046,    0.00000000000000,    1.38039024504046,  -10.46645583845248,    0.00000000000000,
  442,    2,    1.37968750000000,    0.00468750000000,    1.38483570012158,    0.00000000000000,    1.38483570012158,   -0.00000352278510,    0.00000000000000,   -0.00000487847858,    1.38039024504046,    0.00000000000000,    1.38039024504046,  -10.46645583845248,    0.00000000000000,
  442,    3,    1.37968750000000,    0.00781250000000,    1.38483570012158,    0.00000000000000,    1.38483570012158,   -0.00000352278510,    0.00000000000000,   -0.00000487847858,    1.38039024504046,    0.00000000000000,    1.38039024504046,  -10.46645583845248,    0.00000000000000,
  442,    4,    1.37968750000000,    0.01093750000000,    1.38483570012158,    0.00000000000000,    1.38483570012158,   -0.00000352278510,    0.00000000000000,   -0.00000487847858,    1.38039024504046,    0.00000000000000,    1.38039024504046,  -10.46645583845248,    0.00000000000000,
  442,    5,    1.37968750000000,    0.01406250000000,    1.38483570012158,    0.00000000000000,    1.38483570012158,   -0.00000352278510,    0.00000000000000,   -0.00000487847858,    1.38039024504046,    0.00000000000000,    1.38039024504046,  -10.46645583845248,    0.00000000000000,
  443,    1,    1.38281250000000,    0.00156250000000,    1.38245792563567,    0.00000000000000,    1.38245792563567,   -0.00000347071339,    0.00000000000000,   -0.00000479811524,    1.37800480077684,    0.00000000000000,    1.37800480077684,  -10.18953176080135,    0.00000000000000,
  443,    2,    1.38281250000000,    0.00468750000000,    1.38245792563567,    0.00000000000000,    1.38245792563567,   -0.00000347071339,    0.00000000000000,   -0.00000479811524,    1.37800480077684,    0.00000000000000,    1.37800480077684,  -10.18953176080135,    0.00000000000000,
  443,    3,    1.38281250000000,    0.00781250000000,    1.38245792563567,    0.00000000000000,    1.38245792563567,   -0.00000347071339,    0.00000000000000,   -0.00000479811524,    1.37800480077684,    0.00000000000000,    1.37800480077684,  -10.18953176080135,    0.00000000000000,
  443,    4,    1.38281250000000,    0.01093750000000,    1.38245792563567,    0.00000000000000,    1.38245792563567,   -0.00000347071339,    0.00000000000000,   -0.00000479811524,    1.37800480077684,    0.00000000000000,    1.37800480077684,  -10.18953176080135,    0.00000000000000,
  443,    5,    1.38281250000000,    0.01406250000000,    1.38245792563567,    0.00000000000000,    1.38245792563567,   -0.00000347071339,    0.00000000000000,   -0.00000479811524,    1.37800480077684,    0.00000000000000,    1.37800480077684,  -10.18953176080135,    0.00000000000000,
  444,    1,    1.38593750000000,    0.00156250000000,    1.38013993388346,    0.00000000000000,    1.38013993388346,   -0.00000341581686,    0.00000000000000,   -0.00000471430526,    1.37567930570511,    0.00000000000000,    1.37567930570511,   -9.91295541876431,    0.00000000000000,
  444,    2,    1.38593750000000,    0.00468750000000,    1.38013993388346,    0.00000000000000,    1.38013993388346,   -0.00000341581686,    0.00000000000000,   -0.00000471430526,    1.37567930570511,    0.00000000000000,    1.37567930570511,   -9.91295541876431,    0.00000000000000,
  444,    3,    1.38593750000000,    0.00781250000000,    1.38013993388346,    0.00000000000000,    1.38013993388346,   -0.00000341581686,    0.00000000000000,   -0.00000471430526,    1.37567930570511,    0.00000000000000,    1.37567930570511,   -9.91295541876431,    0.00000000000000,
  444,    4,    1.38593750000000,    0.01093750000000,    1.38013993388346,    0.00000000000000,    1.38013993388346,   -0.00000341581686,    0.00000000000000,   -0.00000471430526,    1.37567930570511,    0.00000000000000,    1.37567930570511,   -9.91295541876431,    0.00000000000000,
  444,    5,    1.38593750000000,    0.01406250000000,    1.38013993388346,    0.00000000000000,    1.38013993388346,   -0.00000341581686,    0.00000000000000,   -0.00000471430526,    1.37567930570511,    0.00000000000000,    1.37567930570511,   -9.91295541876431,    0.00000000000000,
  445,    1,    1.38906250000000,    0.00156250000000,    1.37788194639943,    0.00000000000000,    1.37788194639943,   -0.00000335813510,    0.00000000000000,   -0.00000462711373,    1.37341398396131,    0.00000000000000,    1.37341398396131,   -9.63672440577643,    0.00000000000000,
  445,    2,    1.38906250000000,    0.00468750000000,    1.37788194639943,    0.00000000000000,    1.37788194639943,   -0.00000335813510,    0.00000000000000,   -0.00000462711373,    1.37341398396131,    0.00000000000000,    1.37341398396131,   -9.63672440577643,    0.00000000000000,
  445,    3,    1.38906250000000,    0.00781250000000,    1.37788194639943,    0.00000000000000,    1.37788194639943,   -0.00000335813510,    0.00000000000000,   -0.00000462711373,    1.37341398396131,    0.00000000000000,    1.37341398396131,   -9.63672440577643,    0.00000000000000,
  445,    4,    1.38906250000000,    0.01093750000000,    1.37788194639943,    0.00000000000000,    1.37788194639943,   -0.00000335813510,    0.00000000000000,   -0.00000462711373,    1.37341398396131,    0.00000000000000,    1.37341398396131,   -9.63672440577643,    0.00000000000000,
  445,    5,    1.38906250000000,    0.01406250000000,    1.37788194639943,    0.00000000000000,    1.37788194639943,   -0.00000335813510,    0.00000000000000,   -0.00000462711373,    1.37341398396131,    0.00000000000000,    1.37341398396131,   -9.63672440577643,    0.00000000000000,
  446,    1,    1.39218750000000,    0.00156250000000,    1.37568417895992,    0.00000000000000,    1.37568417895992,   -0.00000329771017,    0.00000000000000,   -0.00000453660771,    1.37120905388188,    0.00000000000000,    1.37120905388188,   -9.36083578052145,    0.00000000000000,
  446,    2,    1.39218750000000,    0.00468750000000,    1.37568417895992,    0.00000000000000,    1.37568417895992,   -0.00000329771017,    0.00000000000000,   -0.00000453660771,    1.37120905388188,    0.00000000000000,    1.37120905388188,   -9.36083578052145,    0.00000000000000,
  446,    3,    1.39218750000000,    0.00781250000000,    1.37568417895992,    0.00000000000000,    1.37568417895992,   -0.00000329771017,    0.00000000000000,   -0.00000453660771,    1.37120905388188,    0.00000000000000,    1.37120905388188,   -9.36083578052145,    0.00000000000000,
  446,    4,    1.39218750000000,    0.01093750000000,    1.37568417895992,    0.00000000000000,    1.37568417895992,   -0.00000329771017,    0.00000000000000,   -0.00000453660771,    1.37120905388188,    0.00000000000000,    1.37120905388188,   -9.36083578052145,    0.00000000000000,
  446,    5,    1.39218750000000,    0.01406250000000,    1.37568417895992,    0.00000000000000,    1.37568417895992,   -0.00000329771017,    0.00000000000000,   -0.00000453660771,    1.37120905388188,    0.00000000000000,    1.37120905388188,   -9.36083578052145,    0.00000000000000,
  447,    1,    1.39531250000000,    0.00156250000000,    1.37354684156395,    0.00000000000000,    1.37354684156395,   -0.00000323458650,    0.00000000000000,   -0.00000444285607,    1.36906472798257,    0.00000000000000,    1.36906472798257,   -9.08528607861299,    0.00000000000000,
  447,    2,    1.39531250000000,    0.00468750000000,    1.37354684156395,    0.00000000000000,    1.37354684156395,   -0.00000323458650,    0.00000000000000,   -0.00000444285607,    1.36906472798257,    0.00000000000000,    1.36906472798257,   -9.08528607861299,    0.00000000000000,
  447,    3,    1.39531250000000,    0.00781250000000,    1.37354684156395,    0.00000000000000,    1.37354684156395,   -0.00000323458650,    0.00000000000000,   -0.00000444285607,    1.36906472798257,    0.00000000000000,    1.36906472798257,   -9.08528607861299,    0.00000000000000,
  447,    4,    1.39531250000000,    0.01093750000000,    1.37354684156395,    0.00000000000000,    1.37354684156395,   -0.00000323458650,    0.00000000000000,   -0.00000444285607,    1.36906472798257,    0.00000000000000,    1.36906472798257,   -9.08528607861299,    0.00000000000000,
  447,    5,    1.39531250000000,    0.01406250000000,    1.37354684156395,    0.00000000000000,    1.37354684156395,   -0.00000323458650,    0.00000000000000,   -0.00000444285607,    1.36906472798257,    0.00000000000000,    1.36906472798257,   -9.08528607861299,    0.00000000000000,
  448,    1,    1.39843750000000,    0.00156250000000,    1.37147013841495,    0.00000000000000,    1.37147013841495,   -0.00000316881096,    0.00000000000000,   -0.00000434592961,    1.36698121293798,    0.00000000000000,    1.36698121293798,   -8.81007132451547,    0.00000000000000,
  448,    2,    1.39843750000000,    0.00468750000000,    1.37147013841495,    0.00000000000000,    1.37147013841495,   -0.00000316881096,    0.00000000000000,   -0.00000434592961,    1.36698121293798,    0.00000000000000,    1.36698121293798,   -8.81007132451547,    0.00000000000000,
  448,    3,    1.39843750000000,    0.00781250000000,    1.37147013841495,    0.00000000000000,    1.37147013841495,   -0.00000316881096,    0.00000000000000,   -0.00000434592961,    1.36698121293798,    0.00000000000000,    1.36698121293798,   -8.81007132451547,    0.00000000000000,
  448,    4,    1.39843750000000,    0.01093750000000,    1.37147013841495,    0.00000000000000,    1.37147013841495,   -0.00000316881096,    0.00000000000000,   -0.00000434592961,    1.36698121293798,    0.00000000000000,    1.36698121293798,   -8.81007132451547,    0.00000000000000,
  448,    5,    1.39843750000000,    0.01406250000000,    1.37147013841495,    0.00000000000000,    1.37147013841495,   -0.00000316881096,    0.00000000000000,   -0.00000434592961,    1.36698121293798,    0.00000000000000,    1.36698121293798,   -8.81007132451547,    0.00000000000000,
  449,    1,    1.40156250000000,    0.00156250000000,    1.36945426790259,    0.00000000000000,    1.36945426790259,   -0.00000310043279,    0.00000000000000,   -0.00000424590092,    1.36495870956160,    0.00000000000000,    1.36495870956160,   -8.53518704369836,    0.00000000000000,
  449,    2,    1.40156250000000,    0.00468750000000,    1.36945426790259,    0.00000000000000,    1.36945426790259,   -0.00000310043279,    0.00000000000000,   -0.00000424590092,    1.36495870956160,    0.00000000000000,    1.36495870956160,   -8.53518704369836,    0.00000000000000,
  449,    3,    1.40156250000000,    0.00781250000000,    1.36945426790259,    0.00000000000000,    1.36945426790259,   -0.00000310043279,    0.00000000000000,   -0.00000424590092,    1.36495870956160,    0.00000000000000,    1.36495870956160,   -8.53518704369836,    0.00000000000000,
  449,    4,    1.40156250000000,    0.01093750000000,    1.36945426790259,    0.00000000000000,    1.36945426790259,   -0.00000310043279,    0.00000000000000,   -0.00000424590092,    1.36495870956160,    0.00000000000000,    1.36495870956160,   -8.53518704369836,    0.00000000000000,
  449,    5,    1.40156250000000,    0.01406250000000,    1.36945426790259,    0.00000000000000,    1.36945426790259,   -0.00000310043279,    0.00000000000000,   -0.00000424590092,    1.36495870956160,    0.00000000000000,    1.36495870956160,   -8.53518704369836,    0.00000000000000,
  450,    1,    1.40468750000000,    0.00156250000000,    1.36749942258564,    0.00000000000000,    1.36749942258564,   -0.00000302950359,    0.00000000000000,   -0.00000414284441,    1.36299741278654,    0.00000000000000,    1.36299741278654,   -8.26062827501878,    0.00000000000000,
  450,    2,    1.40468750000000,    0.00468750000000,    1.36749942258564,    0.00000000000000,    1.36749942258564,   -0.00000302950359,    0.00000000000000,   -0.00000414284441,    1.36299741278654,    0.00000000000000,    1.36299741278654,   -8.26062827501878,    0.00000000000000,
  450,    3,    1.40468750000000,    0.00781250000000,    1.36749942258564,    0.00000000000000,    1.36749942258564,   -0.00000302950359,    0.00000000000000,   -0.00000414284441,    1.36299741278654,    0.00000000000000,    1.36299741278654,   -8.26062827501878,    0.00000000000000,
  450,    4,    1.40468750000000,    0.01093750000000,    1.36749942258564,    0.00000000000000,    1.36749942258564,   -0.00000302950359,    0.00000000000000,   -0.00000414284441,    1.36299741278654,    0.00000000000000,    1.36299741278654,   -8.26062827501878,    0.00000000000000,
  450,    5,    1.40468750000000,    0.01406250000000,    1.36749942258564,    0.00000000000000,    1.36749942258564,   -0.00000302950359,    0.00000000000000,   -0.00000414284441,    1.36299741278654,    0.00000000000000,    1.36299741278654,   -8.26062827501878,    0.00000000000000,
  451,    1,    1.40781250000000,    0.00156250000000,    1.36560578917489,    0.00000000000000,    1.36560578917489,   -0.00000295607730,    0.00000000000000,   -0.00000403683628,    1.36109751164666,    0.00000000000000,    1.36109751164666,   -7.98638958332618,    0.00000000000000,
  451,    2,    1.40781250000000,    0.00468750000000,    1.36560578917489,    0.00000000000000,    1.36560578917489,   -0.00000295607730,    0.00000000000000,   -0.00000403683628,    1.36109751164666,    0.00000000000000,    1.36109751164666,   -7.98638958332618,    0.00000000000000,
  451,    3,    1.40781250000000,    0.00781250000000,    1.36560578917489,    0.00000000000000,    1.36560578917489,   -0.00000295607730,    0.00000000000000,   -0.00000403683628,    1.36109751164666,    0.00000000000000,    1.36109751164666,   -7.98638958332618,    0.00000000000000,
  451,    4,    1.40781250000000,    0.01093750000000,    1.36560578917489,    0.00000000000000,    1.36560578917489,   -0.00000295607730,    0.00000000000000,   -0.00000403683628,    1.36109751164666,    0.00000000000000,    1.36109751164666,   -7.98638958332618,    0.00000000000000,
  451,    5,    1.40781250000000,    0.01406250000000,    1.36560578917489,    0.00000000000000,    1.36560578917489,   -0.00000295607730,    0.00000000000000,   -0.00000403683628,    1.36109751164666,    0.00000000000000,    1.36109751164666,   -7.98638958332618,    0.00000000000000,
  452,    1,    1.41093750000000,    0.00156250000000,    1.36377354851697,    0.00000000000000,    1.36377354851697,   -0.00000288021020,    0.00000000000000,   -0.00000392795448,    1.35925918925838,    0.00000000000000,    1.35925918925838,   -7.71246507228336,    0.00000000000000,
  452,    2,    1.41093750000000,    0.00468750000000,    1.36377354851697,    0.00000000000000,    1.36377354851697,   -0.00000288021020,    0.00000000000000,   -0.00000392795448,    1.35925918925838,    0.00000000000000,    1.35925918925838,   -7.71246507228336,    0.00000000000000,
  452,    3,    1.41093750000000,    0.00781250000000,    1.36377354851697,    0.00000000000000,    1.36377354851697,   -0.00000288021020,    0.00000000000000,   -0.00000392795448,    1.35925918925838,    0.00000000000000,    1.35925918925838,   -7.71246507228336,    0.00000000000000,
  452,    4,    1.41093750000000,    0.01093750000000,    1.36377354851697,    0.00000000000000,    1.36377354851697,   -0.00000288021020,    0.00000000000000,   -0.00000392795448,    1.35925918925838,    0.00000000000000,    1.35925918925838,   -7.71246507228336,    0.00000000000000,
  452,    5,    1.41093750000000,    0.01406250000000,    1.36377354851697,    0.00000000000000,    1.36377354851697,   -0.00000288021020,    0.00000000000000,   -0.00000392795448,    1.35925918925838,    0.00000000000000,    1.35925918925838,   -7.71246507228336,    0.00000000000000,
  453,    1,    1.41406250000000,    0.00156250000000,    1.36200287557869,    0.00000000000000,    1.36200287557869,   -0.00000280196080,    0.00000000000000,   -0.00000381627866,    1.35748262280304,    0.00000000000000,    1.35748262280304,   -7.43884839739775,    0.00000000000000,
  453,    2,    1.41406250000000,    0.00468750000000,    1.36200287557869,    0.00000000000000,    1.36200287557869,   -0.00000280196080,    0.00000000000000,   -0.00000381627866,    1.35748262280304,    0.00000000000000,    1.35748262280304,   -7.43884839739775,    0.00000000000000,
  453,    3,    1.41406250000000,    0.00781250000000,    1.36200287557869,    0.00000000000000,    1.36200287557869,   -0.00000280196080,    0.00000000000000,   -0.00000381627866,    1.35748262280304,    0.00000000000000,    1.35748262280304,   -7.43884839739775,    0.00000000000000,
  453,    4,    1.41406250000000,    0.01093750000000,    1.36200287557869,    0.00000000000000,    1.36200287557869,   -0.00000280196080,    0.00000000000000,   -0.00000381627866,    1.35748262280304,    0.00000000000000,    1.35748262280304,   -7.43884839739775,    0.00000000000000,
  453,    5,    1.41406250000000,    0.01406250000000,    1.36200287557869,    0.00000000000000,    1.36200287557869,   -0.00000280196080,    0.00000000000000,   -0.00000381627866,    1.35748262280304,    0.00000000000000,    1.35748262280304,   -7.43884839739775,    0.00000000000000,
  454,    1,    1.41718750000000,    0.00156250000000,    1.36029393943160,    0.00000000000000,    1.36029393943160,   -0.00000272138990,    0.00000000000000,   -0.00000370189019,    1.35576798350982,    0.00000000000000,    1.35576798350982,   -7.16553277925716,    0.00000000000000,
  454,    2,    1.41718750000000,    0.00468750000000,    1.36029393943160,    0.00000000000000,    1.36029393943160,   -0.00000272138990,    0.00000000000000,   -0.00000370189019,    1.35576798350982,    0.00000000000000,    1.35576798350982,   -7.16553277925716,    0.00000000000000,
  454,    3,    1.41718750000000,    0.00781250000000,    1.36029393943160,    0.00000000000000,    1.36029393943160,   -0.00000272138990,    0.00000000000000,   -0.00000370189019,    1.35576798350982,    0.00000000000000,    1.35576798350982,   -7.16553277925716,    0.00000000000000,
  454,    4,    1.41718750000000,    0.01093750000000,    1.36029393943160,    0.00000000000000,    1.36029393943160,   -0.00000272138990,    0.00000000000000,   -0.00000370189019,    1.35576798350982,    0.00000000000000,    1.35576798350982,   -7.16553277925716,    0.00000000000000,
  454,    5,    1.41718750000000,    0.01406250000000,    1.36029393943160,    0.00000000000000,    1.36029393943160,   -0.00000272138990,    0.00000000000000,   -0.00000370189019,    1.35576798350982,    0.00000000000000,    1.35576798350982,   -7.16553277925716,    0.00000000000000,
  455,    1,    1.42031250000000,    0.00156250000000,    1.35864690323759,    0.00000000000000,    1.35864690323759,   -0.00000263856050,    0.00000000000000,   -0.00000358487206,    1.35411543663921,    0.00000000000000,    1.35411543663921,   -6.89251101696366,    0.00000000000000,
  455,    2,    1.42031250000000,    0.00468750000000,    1.35864690323759,    0.00000000000000,    1.35864690323759,   -0.00000263856050,    0.00000000000000,   -0.00000358487206,    1.35411543663921,    0.00000000000000,    1.35411543663921,   -6.89251101696366,    0.00000000000000,
  455,    3,    1.42031250000000,    0.00781250000000,    1.35864690323759,    0.00000000000000,    1.35864690323759,   -0.00000263856050,    0.00000000000000,   -0.00000358487206,    1.35411543663921,    0.00000000000000,    1.35411543663921,   -6.89251101696366,    0.00000000000000,
  455,    4,    1.42031250000000,    0.01093750000000,    1.35864690323759,    0.00000000000000,    1.35864690323759,   -0.00000263856050,    0.00000000000000,   -0.00000358487206,    1.35411543663921,    0.00000000000000,    1.35411543663921,   -6.89251101696366,    0.00000000000000,
  455,    5,    1.42031250000000,    0.01406250000000,    1.35864690323759,    0.00000000000000,    1.35864690323759,   -0.00000263856050,    0.00000000000000,   -0.00000358487206,    1.35411543663921,    0.00000000000000,    1.35411543663921,   -6.89251101696366,    0.00000000000000,
  456,    1,    1.42343750000000,    0.00156250000000,    1.35706192423454,    0.00000000000000,    1.35706192423454,   -0.00000255353777,    0.00000000000000,   -0.00000346530888,    1.35252514146713,    0.00000000000000,    1.35252514146713,   -6.61977550175913,    0.00000000000000,
  456,    2,    1.42343750000000,    0.00468750000000,    1.35706192423454,    0.00000000000000,    1.35706192423454,   -0.00000255353777,    0.00000000000000,   -0.00000346530888,    1.35252514146713,    0.00000000000000,    1.35252514146713,   -6.61977550175913,    0.00000000000000,
  456,    3,    1.42343750000000,    0.00781250000000,    1.35706192423454,    0.00000000000000,    1.35706192423454,   -0.00000255353777,    0.00000000000000,   -0.00000346530888,    1.35252514146713,    0.00000000000000,    1.35252514146713,   -6.61977550175913,    0.00000000000000,
  456,    4,    1.42343750000000,    0.01093750000000,    1.35706192423454,    0.00000000000000,    1.35706192423454,   -0.00000255353777,    0.00000000000000,   -0.00000346530888,    1.35252514146713,    0.00000000000000,    1.35252514146713,   -6.61977550175913,    0.00000000000000,
  456,    5,    1.42343750000000,    0.01406250000000,    1.35706192423454,    0.00000000000000,    1.35706192423454,   -0.00000255353777,    0.00000000000000,   -0.00000346530888,    1.35252514146713,    0.00000000000000,    1.35252514146713,   -6.61977550175913,    0.00000000000000,
  457,    1,    1.42656250000000,    0.00156250000000,    1.35553915372293,    0.00000000000000,    1.35553915372293,   -0.00000246638899,    0.00000000000000,   -0.00000334328684,    1.35099725126953,    0.00000000000000,    1.35099725126953,   -6.34731823083688,    0.00000000000000,
  457,    2,    1.42656250000000,    0.00468750000000,    1.35553915372293,    0.00000000000000,    1.35553915372293,   -0.00000246638899,    0.00000000000000,   -0.00000334328684,    1.35099725126953,    0.00000000000000,    1.35099725126953,   -6.34731823083688,    0.00000000000000,
  457,    3,    1.42656250000000,    0.00781250000000,    1.35553915372293,    0.00000000000000,    1.35553915372293,   -0.00000246638899,    0.00000000000000,   -0.00000334328684,    1.35099725126953,    0.00000000000000,    1.35099725126953,   -6.34731823083688,    0.00000000000000,
  457,    4,    1.42656250000000,    0.01093750000000,    1.35553915372293,    0.00000000000000,    1.35553915372293,   -0.00000246638899,    0.00000000000000,   -0.00000334328684,    1.35099725126953,    0.00000000000000,    1.35099725126953,   -6.34731823083688,    0.00000000000000,
  457,    5,    1.42656250000000,    0.01406250000000,    1.35553915372293,    0.00000000000000,    1.35553915372293,   -0.00000246638899,    0.00000000000000,   -0.00000334328684,    1.35099725126953,    0.00000000000000,    1.35099725126953,   -6.34731823083688,    0.00000000000000,
  458,    1,    1.42968750000000,    0.00156250000000,    1.35407873705263,    0.00000000000000,    1.35407873705263,   -0.00000237718352,    0.00000000000000,   -0.00000321889366,    1.34953191330765,    0.00000000000000,    1.34953191330765,   -6.07513082133204,    0.00000000000000,
  458,    2,    1.42968750000000,    0.00468750000000,    1.35407873705263,    0.00000000000000,    1.35407873705263,   -0.00000237718352,    0.00000000000000,   -0.00000321889366,    1.34953191330765,    0.00000000000000,    1.34953191330765,   -6.07513082133204,    0.00000000000000,
  458,    3,    1.42968750000000,    0.00781250000000,    1.35407873705263,    0.00000000000000,    1.35407873705263,   -0.00000237718352,    0.00000000000000,   -0.00000321889366,    1.34953191330765,    0.00000000000000,    1.34953191330765,   -6.07513082133204,    0.00000000000000,
  458,    4,    1.42968750000000,    0.01093750000000,    1.35407873705263,    0.00000000000000,    1.35407873705263,   -0.00000237718352,    0.00000000000000,   -0.00000321889366,    1.34953191330765,    0.00000000000000,    1.34953191330765,   -6.07513082133204,    0.00000000000000,
  458,    5,    1.42968750000000,    0.01406250000000,    1.35407873705263,    0.00000000000000,    1.35407873705263,   -0.00000237718352,    0.00000000000000,   -0.00000321889366,    1.34953191330765,    0.00000000000000,    1.34953191330765,   -6.07513082133204,    0.00000000000000,
  459,    1,    1.43281250000000,    0.00156250000000,    1.35268081361053,    0.00000000000000,    1.35268081361053,   -0.00000228599276,    0.00000000000000,   -0.00000309221855,    1.34812926881381,    0.00000000000000,    1.34812926881381,   -5.80320452448514,    0.00000000000000,
  459,    2,    1.43281250000000,    0.00468750000000,    1.35268081361053,    0.00000000000000,    1.35268081361053,   -0.00000228599276,    0.00000000000000,   -0.00000309221855,    1.34812926881381,    0.00000000000000,    1.34812926881381,   -5.80320452448514,    0.00000000000000,
  459,    3,    1.43281250000000,    0.00781250000000,    1.35268081361053,    0.00000000000000,    1.35268081361053,   -0.00000228599276,    0.00000000000000,   -0.00000309221855,    1.34812926881381,    0.00000000000000,    1.34812926881381,   -5.80320452448514,    0.00000000000000,
  459,    4,    1.43281250000000,    0.01093750000000,    1.35268081361053,    0.00000000000000,    1.35268081361053,   -0.00000228599276,    0.00000000000000,   -0.00000309221855,    1.34812926881381,    0.00000000000000,    1.34812926881381,   -5.80320452448514,    0.00000000000000,
  459,    5,    1.43281250000000,    0.01406250000000,    1.35268081361053,    0.00000000000000,    1.35268081361053,   -0.00000228599276,    0.00000000000000,   -0.00000309221855,    1.34812926881381,    0.00000000000000,    1.34812926881381,   -5.80320452448514,    0.00000000000000,
  460,    1,    1.43593750000000,    0.00156250000000,    1.35134551680853,    0.00000000000000,    1.35134551680853,   -0.00000219289007,    0.00000000000000,   -0.00000296335216,    1.34678945297782,    0.00000000000000,    1.34678945297782,   -5.53153023997187,    0.00000000000000,
  460,    2,    1.43593750000000,    0.00468750000000,    1.35134551680853,    0.00000000000000,    1.35134551680853,   -0.00000219289007,    0.00000000000000,   -0.00000296335216,    1.34678945297782,    0.00000000000000,    1.34678945297782,   -5.53153023997187,    0.00000000000000,
  460,    3,    1.43593750000000,    0.00781250000000,    1.35134551680853,    0.00000000000000,    1.35134551680853,   -0.00000219289007,    0.00000000000000,   -0.00000296335216,    1.34678945297782,    0.00000000000000,    1.34678945297782,   -5.53153023997187,    0.00000000000000,
  460,    4,    1.43593750000000,    0.01093750000000,    1.35134551680853,    0.00000000000000,    1.35134551680853,   -0.00000219289007,    0.00000000000000,   -0.00000296335216,    1.34678945297782,    0.00000000000000,    1.34678945297782,   -5.53153023997187,    0.00000000000000,
  460,    5,    1.43593750000000,    0.01406250000000,    1.35134551680853,    0.00000000000000,    1.35134551680853,   -0.00000219289007,    0.00000000000000,   -0.00000296335216,    1.34678945297782,    0.00000000000000,    1.34678945297782,   -5.53153023997187,    0.00000000000000,
  461,    1,    1.43906250000000,    0.00156250000000,    1.35007297407205,    0.00000000000000,    1.35007297407205,   -0.00000209795069,    0.00000000000000,   -0.00000283238653,    1.34551259493390,    0.00000000000000,    1.34551259493390,   -5.26009853039242,    0.00000000000000,
  461,    2,    1.43906250000000,    0.00468750000000,    1.35007297407205,    0.00000000000000,    1.35007297407205,   -0.00000209795069,    0.00000000000000,   -0.00000283238653,    1.34551259493390,    0.00000000000000,    1.34551259493390,   -5.26009853039242,    0.00000000000000,
  461,    3,    1.43906250000000,    0.00781250000000,    1.35007297407205,    0.00000000000000,    1.35007297407205,   -0.00000209795069,    0.00000000000000,   -0.00000283238653,    1.34551259493390,    0.00000000000000,    1.34551259493390,   -5.26009853039242,    0.00000000000000,
  461,    4,    1.43906250000000,    0.01093750000000,    1.35007297407205,    0.00000000000000,    1.35007297407205,   -0.00000209795069,    0.00000000000000,   -0.00000283238653,    1.34551259493390,    0.00000000000000,    1.34551259493390,   -5.26009853039242,    0.00000000000000,
  461,    5,    1.43906250000000,    0.01406250000000,    1.35007297407205,    0.00000000000000,    1.35007297407205,   -0.00000209795069,    0.00000000000000,   -0.00000283238653,    1.34551259493390,    0.00000000000000,    1.34551259493390,   -5.26009853039242,    0.00000000000000,
  462,    1,    1.44218750000000,    0.00156250000000,    1.34886330682919,    0.00000000000000,    1.34886330682919,   -0.00000200125176,    0.00000000000000,   -0.00000269941507,    1.34429881774829,    0.00000000000000,    1.34429881774829,   -4.98889963591413,    0.00000000000000,
  462,    2,    1.44218750000000,    0.00468750000000,    1.34886330682919,    0.00000000000000,    1.34886330682919,   -0.00000200125176,    0.00000000000000,   -0.00000269941507,    1.34429881774829,    0.00000000000000,    1.34429881774829,   -4.98889963591413,    0.00000000000000,
  462,    3,    1.44218750000000,    0.00781250000000,    1.34886330682919,    0.00000000000000,    1.34886330682919,   -0.00000200125176,    0.00000000000000,   -0.00000269941507,    1.34429881774829,    0.00000000000000,    1.34429881774829,   -4.98889963591413,    0.00000000000000,
  462,    4,    1.44218750000000,    0.01093750000000,    1.34886330682919,    0.00000000000000,    1.34886330682919,   -0.00000200125176,    0.00000000000000,   -0.00000269941507,    1.34429881774829,    0.00000000000000,    1.34429881774829,   -4.98889963591413,    0.00000000000000,
  462,    5,    1.44218750000000,    0.01406250000000,    1.34886330682919,    0.00000000000000,    1.34886330682919,   -0.00000200125176,    0.00000000000000,   -0.00000269941507,    1.34429881774829,    0.00000000000000,    1.34429881774829,   -4.98889963591413,    0.00000000000000,
  463,    1,    1.44531250000000,    0.00156250000000,    1.34771663050032,    0.00000000000000,    1.34771663050032,   -0.00000190287216,    0.00000000000000,   -0.00000256453245,    1.34314823840737,    0.00000000000000,    1.34314823840737,   -4.71792348906035,    0.00000000000000,
  463,    2,    1.44531250000000,    0.00468750000000,    1.34771663050032,    0.00000000000000,    1.34771663050032,   -0.00000190287216,    0.00000000000000,   -0.00000256453245,    1.34314823840737,    0.00000000000000,    1.34314823840737,   -4.71792348906035,    0.00000000000000,
  463,    3,    1.44531250000000,    0.00781250000000,    1.34771663050032,    0.00000000000000,    1.34771663050032,   -0.00000190287216,    0.00000000000000,   -0.00000256453245,    1.34314823840737,    0.00000000000000,    1.34314823840737,   -4.71792348906035,    0.00000000000000,
  463,    4,    1.44531250000000,    0.01093750000000,    1.34771663050032,    0.00000000000000,    1.34771663050032,   -0.00000190287216,    0.00000000000000,   -0.00000256453245,    1.34314823840737,    0.00000000000000,    1.34314823840737,   -4.71792348906035,    0.00000000000000,
  463,    5,    1.44531250000000,    0.01406250000000,    1.34771663050032,    0.00000000000000,    1.34771663050032,   -0.00000190287216,    0.00000000000000,   -0.00000256453245,    1.34314823840737,    0.00000000000000,    1.34314823840737,   -4.71792348906035,    0.00000000000000,
  464,    1,    1.44843750000000,    0.00156250000000,    1.34663305448835,    0.00000000000000,    1.34663305448835,   -0.00000180289250,    0.00000000000000,   -0.00000242783463,    1.34206096780637,    0.00000000000000,    1.34206096780637,   -4.44715972963879,    0.00000000000000,
  464,    2,    1.44843750000000,    0.00468750000000,    1.34663305448835,    0.00000000000000,    1.34663305448835,   -0.00000180289250,    0.00000000000000,   -0.00000242783463,    1.34206096780637,    0.00000000000000,    1.34206096780637,   -4.44715972963879,    0.00000000000000,
  464,    3,    1.44843750000000,    0.00781250000000,    1.34663305448835,    0.00000000000000,    1.34663305448835,   -0.00000180289250,    0.00000000000000,   -0.00000242783463,    1.34206096780637,    0.00000000000000,    1.34206096780637,   -4.44715972963879,    0.00000000000000,
  464,    4,    1.44843750000000,    0.01093750000000,    1.34663305448835,    0.00000000000000,    1.34663305448835,   -0.00000180289250,    0.00000000000000,   -0.00000242783463,    1.34206096780637,    0.00000000000000,    1.34206096780637,   -4.44715972963879,    0.00000000000000,
  464,    5,    1.44843750000000,    0.01406250000000,    1.34663305448835,    0.00000000000000,    1.34663305448835,   -0.00000180289250,    0.00000000000000,   -0.00000242783463,    1.34206096780637,    0.00000000000000,    1.34206096780637,   -4.44715972963879,    0.00000000000000,
  465,    1,    1.45156250000000,    0.00156250000000,    1.34561268216916,    0.00000000000000,    1.34561268216916,   -0.00000170139502,    0.00000000000000,   -0.00000228941872,    1.34103711073869,    0.00000000000000,    1.34103711073869,   -4.17659771980307,    0.00000000000000,
  465,    2,    1.45156250000000,    0.00468750000000,    1.34561268216916,    0.00000000000000,    1.34561268216916,   -0.00000170139502,    0.00000000000000,   -0.00000228941872,    1.34103711073869,    0.00000000000000,    1.34103711073869,   -4.17659771980307,    0.00000000000000,
  465,    3,    1.45156250000000,    0.00781250000000,    1.34561268216916,    0.00000000000000,    1.34561268216916,   -0.00000170139502,    0.00000000000000,   -0.00000228941872,    1.34103711073869,    0.00000000000000,    1.34103711073869,   -4.17659771980307,    0.00000000000000,
  465,    4,    1.45156250000000,    0.01093750000000,    1.34561268216916,    0.00000000000000,    1.34561268216916,   -0.00000170139502,    0.00000000000000,   -0.00000228941872,    1.34103711073869,    0.00000000000000,    1.34103711073869,   -4.17659771980307,    0.00000000000000,
  465,    5,    1.45156250000000,    0.01406250000000,    1.34561268216916,    0.00000000000000,    1.34561268216916,   -0.00000170139502,    0.00000000000000,   -0.00000228941872,    1.34103711073869,    0.00000000000000,    1.34103711073869,   -4.17659771980307,    0.00000000000000,
  466,    1,    1.45468750000000,    0.00156250000000,    1.34465561088312,    0.00000000000000,    1.34465561088312,   -0.00000159846354,    0.00000000000000,   -0.00000214938297,    1.34007676588580,    0.00000000000000,    1.34007676588580,   -3.90622655923978,    0.00000000000000,
  466,    2,    1.45468750000000,    0.00468750000000,    1.34465561088312,    0.00000000000000,    1.34465561088312,   -0.00000159846354,    0.00000000000000,   -0.00000214938297,    1.34007676588580,    0.00000000000000,    1.34007676588580,   -3.90622655923978,    0.00000000000000,
  466,    3,    1.45468750000000,    0.00781250000000,    1.34465561088312,    0.00000000000000,    1.34465561088312,   -0.00000159846354,    0.00000000000000,   -0.00000214938297,    1.34007676588580,    0.00000000000000,    1.34007676588580,   -3.90622655923978,    0.00000000000000,
  466,    4,    1.45468750000000,    0.01093750000000,    1.34465561088312,    0.00000000000000,    1.34465561088312,   -0.00000159846354,    0.00000000000000,   -0.00000214938297,    1.34007676588580,    0.00000000000000,    1.34007676588580,   -3.90622655923978,    0.00000000000000,
  466,    5,    1.45468750000000,    0.01406250000000,    1.34465561088312,    0.00000000000000,    1.34465561088312,   -0.00000159846354,    0.00000000000000,   -0.00000214938297,    1.34007676588580,    0.00000000000000,    1.34007676588580,   -3.90622655923978,    0.00000000000000,
  467,    1,    1.45781250000000,    0.00156250000000,    1.34376193192670,    0.00000000000000,    1.34376193192670,   -0.00000149418336,    0.00000000000000,   -0.00000200782671,    1.33918002580774,    0.00000000000000,    1.33918002580774,   -3.63603510047457,    0.00000000000000,
  467,    2,    1.45781250000000,    0.00468750000000,    1.34376193192670,    0.00000000000000,    1.34376193192670,   -0.00000149418336,    0.00000000000000,   -0.00000200782671,    1.33918002580774,    0.00000000000000,    1.33918002580774,   -3.63603510047457,    0.00000000000000,
  467,    3,    1.45781250000000,    0.00781250000000,    1.34376193192670,    0.00000000000000,    1.34376193192670,   -0.00000149418336,    0.00000000000000,   -0.00000200782671,    1.33918002580774,    0.00000000000000,    1.33918002580774,   -3.63603510047457,    0.00000000000000,
  467,    4,    1.45781250000000,    0.01093750000000,    1.34376193192670,    0.00000000000000,    1.34376193192670,   -0.00000149418336,    0.00000000000000,   -0.00000200782671,    1.33918002580774,    0.00000000000000,    1.33918002580774,   -3.63603510047457,    0.00000000000000,
  467,    5,    1.45781250000000,    0.01406250000000,    1.34376193192670,    0.00000000000000,    1.34376193192670,   -0.00000149418336,    0.00000000000000,   -0.00000200782671,    1.33918002580774,    0.00000000000000,    1.33918002580774,   -3.63603510047457,    0.00000000000000,
  468,    1,    1.46093750000000,    0.00156250000000,    1.34293173054467,    0.00000000000000,    1.34293173054467,   -0.00000138864117,    0.00000000000000,   -0.00000186485029,    1.33834697693419,    0.00000000000000,    1.33834697693419,   -3.36601196429053,    0.00000000000000,
  468,    2,    1.46093750000000,    0.00468750000000,    1.34293173054467,    0.00000000000000,    1.34293173054467,   -0.00000138864117,    0.00000000000000,   -0.00000186485029,    1.33834697693419,    0.00000000000000,    1.33834697693419,   -3.36601196429053,    0.00000000000000,
  468,    3,    1.46093750000000,    0.00781250000000,    1.34293173054467,    0.00000000000000,    1.34293173054467,   -0.00000138864117,    0.00000000000000,   -0.00000186485029,    1.33834697693419,    0.00000000000000,    1.33834697693419,   -3.36601196429053,    0.00000000000000,
  468,    4,    1.46093750000000,    0.01093750000000,    1.34293173054467,    0.00000000000000,    1.34293173054467,   -0.00000138864117,    0.00000000000000,   -0.00000186485029,    1.33834697693419,    0.00000000000000,    1.33834697693419,   -3.36601196429053,    0.00000000000000,
  468,    5,    1.46093750000000,    0.01406250000000,    1.34293173054467,    0.00000000000000,    1.34293173054467,   -0.00000138864117,    0.00000000000000,   -0.00000186485029,    1.33834697693419,    0.00000000000000,    1.33834697693419,   -3.36601196429053,    0.00000000000000,
  469,    1,    1.46406250000000,    0.00156250000000,    1.34216508592289,    0.00000000000000,    1.34216508592289,   -0.00000128192500,    0.00000000000000,   -0.00000172055498,    1.33757769955613,    0.00000000000000,    1.33757769955613,   -3.09614555525122,    0.00000000000000,
  469,    2,    1.46406250000000,    0.00468750000000,    1.34216508592289,    0.00000000000000,    1.34216508592289,   -0.00000128192500,    0.00000000000000,   -0.00000172055498,    1.33757769955613,    0.00000000000000,    1.33757769955613,   -3.09614555525122,    0.00000000000000,
  469,    3,    1.46406250000000,    0.00781250000000,    1.34216508592289,    0.00000000000000,    1.34216508592289,   -0.00000128192500,    0.00000000000000,   -0.00000172055498,    1.33757769955613,    0.00000000000000,    1.33757769955613,   -3.09614555525122,    0.00000000000000,
  469,    4,    1.46406250000000,    0.01093750000000,    1.34216508592289,    0.00000000000000,    1.34216508592289,   -0.00000128192500,    0.00000000000000,   -0.00000172055498,    1.33757769955613,    0.00000000000000,    1.33757769955613,   -3.09614555525122,    0.00000000000000,
  469,    5,    1.46406250000000,    0.01406250000000,    1.34216508592289,    0.00000000000000,    1.34216508592289,   -0.00000128192500,    0.00000000000000,   -0.00000172055498,    1.33757769955613,    0.00000000000000,    1.33757769955613,   -3.09614555525122,    0.00000000000000,
  470,    1,    1.46718750000000,    0.00156250000000,    1.34146207118180,    0.00000000000000,    1.34146207118180,   -0.00000117412412,    0.00000000000000,   -0.00000157504298,    1.33687226781812,    0.00000000000000,    1.33687226781812,   -2.82642407732189,    0.00000000000000,
  470,    2,    1.46718750000000,    0.00468750000000,    1.34146207118180,    0.00000000000000,    1.34146207118180,   -0.00000117412412,    0.00000000000000,   -0.00000157504298,    1.33687226781812,    0.00000000000000,    1.33687226781812,   -2.82642407732189,    0.00000000000000,
  470,    3,    1.46718750000000,    0.00781250000000,    1.34146207118180,    0.00000000000000,    1.34146207118180,   -0.00000117412412,    0.00000000000000,   -0.00000157504298,    1.33687226781812,    0.00000000000000,    1.33687226781812,   -2.82642407732189,    0.00000000000000,
  470,    4,    1.46718750000000,    0.01093750000000,    1.34146207118180,    0.00000000000000,    1.34146207118180,   -0.00000117412412,    0.00000000000000,   -0.00000157504298,    1.33687226781812,    0.00000000000000,    1.33687226781812,   -2.82642407732189,    0.00000000000000,
  470,    5,    1.46718750000000,    0.01406250000000,    1.34146207118180,    0.00000000000000,    1.34146207118180,   -0.00000117412412,    0.00000000000000,   -0.00000157504298,    1.33687226781812,    0.00000000000000,    1.33687226781812,   -2.82642407732189,    0.00000000000000,
  471,    1,    1.47031250000000,    0.00156250000000,    1.34082275337000,    0.00000000000000,    1.34082275337000,   -0.00000106532892,    0.00000000000000,   -0.00000142841726,    1.33623074971113,    0.00000000000000,    1.33623074971113,   -2.55683554958151,    0.00000000000000,
  471,    2,    1.47031250000000,    0.00468750000000,    1.34082275337000,    0.00000000000000,    1.34082275337000,   -0.00000106532892,    0.00000000000000,   -0.00000142841726,    1.33623074971113,    0.00000000000000,    1.33623074971113,   -2.55683554958151,    0.00000000000000,
  471,    3,    1.47031250000000,    0.00781250000000,    1.34082275337000,    0.00000000000000,    1.34082275337000,   -0.00000106532892,    0.00000000000000,   -0.00000142841726,    1.33623074971113,    0.00000000000000,    1.33623074971113,   -2.55683554958151,    0.00000000000000,
  471,    4,    1.47031250000000,    0.01093750000000,    1.34082275337000,    0.00000000000000,    1.34082275337000,   -0.00000106532892,    0.00000000000000,   -0.00000142841726,    1.33623074971113,    0.00000000000000,    1.33623074971113,   -2.55683554958151,    0.00000000000000,
  471,    5,    1.47031250000000,    0.01406250000000,    1.34082275337000,    0.00000000000000,    1.34082275337000,   -0.00000106532892,    0.00000000000000,   -0.00000142841726,    1.33623074971113,    0.00000000000000,    1.33623074971113,   -2.55683554958151,    0.00000000000000,
  472,    1,    1.47343750000000,    0.00156250000000,    1.34024719345881,    0.00000000000000,    1.34024719345881,   -0.00000095563088,    0.00000000000000,   -0.00000128078160,    1.33565320706602,    0.00000000000000,    1.33565320706602,   -2.28736782201834,    0.00000000000000,
  472,    2,    1.47343750000000,    0.00468750000000,    1.34024719345881,    0.00000000000000,    1.34024719345881,   -0.00000095563088,    0.00000000000000,   -0.00000128078160,    1.33565320706602,    0.00000000000000,    1.33565320706602,   -2.28736782201834,    0.00000000000000,
  472,    3,    1.47343750000000,    0.00781250000000,    1.34024719345881,    0.00000000000000,    1.34024719345881,   -0.00000095563088,    0.00000000000000,   -0.00000128078160,    1.33565320706602,    0.00000000000000,    1.33565320706602,   -2.28736782201834,    0.00000000000000,
  472,    4,    1.47343750000000,    0.01093750000000,    1.34024719345881,    0.00000000000000,    1.34024719345881,   -0.00000095563088,    0.00000000000000,   -0.00000128078160,    1.33565320706602,    0.00000000000000,    1.33565320706602,   -2.28736782201834,    0.00000000000000,
  472,    5,    1.47343750000000,    0.01406250000000,    1.34024719345881,    0.00000000000000,    1.34024719345881,   -0.00000095563088,    0.00000000000000,   -0.00000128078160,    1.33565320706602,    0.00000000000000,    1.33565320706602,   -2.28736782201834,    0.00000000000000,
  473,    1,    1.47656250000000,    0.00156250000000,    1.33973544633690,    0.00000000000000,    1.33973544633690,   -0.00000084512239,    0.00000000000000,   -0.00000113224042,    1.33513969554754,    0.00000000000000,    1.33513969554754,   -2.01800859140229,    0.00000000000000,
  473,    2,    1.47656250000000,    0.00468750000000,    1.33973544633690,    0.00000000000000,    1.33973544633690,   -0.00000084512239,    0.00000000000000,   -0.00000113224042,    1.33513969554754,    0.00000000000000,    1.33513969554754,   -2.01800859140229,    0.00000000000000,
  473,    3,    1.47656250000000,    0.00781250000000,    1.33973544633690,    0.00000000000000,    1.33973544633690,   -0.00000084512239,    0.00000000000000,   -0.00000113224042,    1.33513969554754,    0.00000000000000,    1.33513969554754,   -2.01800859140229,    0.00000000000000,
  473,    4,    1.47656250000000,    0.01093750000000,    1.33973544633690,    0.00000000000000,    1.33973544633690,   -0.00000084512239,    0.00000000000000,   -0.00000113224042,    1.33513969554754,    0.00000000000000,    1.33513969554754,   -2.01800859140229,    0.00000000000000,
  473,    5,    1.47656250000000,    0.01406250000000,    1.33973544633690,    0.00000000000000,    1.33973544633690,   -0.00000084512239,    0.00000000000000,   -0.00000113224042,    1.33513969554754,    0.00000000000000,    1.33513969554754,   -2.01800859140229,    0.00000000000000,
  474,    1,    1.47968750000000,    0.00156250000000,    1.33928756080599,    0.00000000000000,    1.33928756080599,   -0.00000073389676,    0.00000000000000,   -0.00000098289880,    1.33469026464901,    0.00000000000000,    1.33469026464901,   -1.74874541722641,    0.00000000000000,
  474,    2,    1.47968750000000,    0.00468750000000,    1.33928756080599,    0.00000000000000,    1.33928756080599,   -0.00000073389676,    0.00000000000000,   -0.00000098289880,    1.33469026464901,    0.00000000000000,    1.33469026464901,   -1.74874541722641,    0.00000000000000,
  474,    3,    1.47968750000000,    0.00781250000000,    1.33928756080599,    0.00000000000000,    1.33928756080599,   -0.00000073389676,    0.00000000000000,   -0.00000098289880,    1.33469026464901,    0.00000000000000,    1.33469026464901,   -1.74874541722641,    0.00000000000000,
  474,    4,    1.47968750000000,    0.01093750000000,    1.33928756080599,    0.00000000000000,    1.33928756080599,   -0.00000073389676,    0.00000000000000,   -0.00000098289880,    1.33469026464901,    0.00000000000000,    1.33469026464901,   -1.74874541722641,    0.00000000000000,
  474,    5,    1.47968750000000,    0.01406250000000,    1.33928756080599,    0.00000000000000,    1.33928756080599,   -0.00000073389676,    0.00000000000000,   -0.00000098289880,    1.33469026464901,    0.00000000000000,    1.33469026464901,   -1.74874541722641,    0.00000000000000,
  475,    1,    1.48281250000000,    0.00156250000000,    1.33890357957645,    0.00000000000000,    1.33890357957645,   -0.00000062204803,    0.00000000000000,   -0.00000083286233,    1.33430495768751,    0.00000000000000,    1.33430495768751,   -1.47956573771063,    0.00000000000000,
  475,    2,    1.48281250000000,    0.00468750000000,    1.33890357957645,    0.00000000000000,    1.33890357957645,   -0.00000062204803,    0.00000000000000,   -0.00000083286233,    1.33430495768751,    0.00000000000000,    1.33430495768751,   -1.47956573771063,    0.00000000000000,
  475,    3,    1.48281250000000,    0.00781250000000,    1.33890357957645,    0.00000000000000,    1.33890357957645,   -0.00000062204803,    0.00000000000000,   -0.00000083286233,    1.33430495768751,    0.00000000000000,    1.33430495768751,   -1.47956573771063,    0.00000000000000,
  475,    4,    1.48281250000000,    0.01093750000000,    1.33890357957645,    0.00000000000000,    1.33890357957645,   -0.00000062204803,    0.00000000000000,   -0.00000083286233,    1.33430495768751,    0.00000000000000,    1.33430495768751,   -1.47956573771063,    0.00000000000000,
  475,    5,    1.48281250000000,    0.01406250000000,    1.33890357957645,    0.00000000000000,    1.33890357957645,   -0.00000062204803,    0.00000000000000,   -0.00000083286233,    1.33430495768751,    0.00000000000000,    1.33430495768751,   -1.47956573771063,    0.00000000000000,
  476,    1,    1.48593750000000,    0.00156250000000,    1.33858353926374,    0.00000000000000,    1.33858353926374,   -0.00000050967093,    0.00000000000000,   -0.00000068223712,    1.33398381179973,    0.00000000000000,    1.33398381179973,   -1.21045688586042,    0.00000000000000,
  476,    2,    1.48593750000000,    0.00468750000000,    1.33858353926374,    0.00000000000000,    1.33858353926374,   -0.00000050967093,    0.00000000000000,   -0.00000068223712,    1.33398381179973,    0.00000000000000,    1.33398381179973,   -1.21045688586042,    0.00000000000000,
  476,    3,    1.48593750000000,    0.00781250000000,    1.33858353926374,    0.00000000000000,    1.33858353926374,   -0.00000050967093,    0.00000000000000,   -0.00000068223712,    1.33398381179973,    0.00000000000000,    1.33398381179973,   -1.21045688586042,    0.00000000000000,
  476,    4,    1.48593750000000,    0.01093750000000,    1.33858353926374,    0.00000000000000,    1.33858353926374,   -0.00000050967093,    0.00000000000000,   -0.00000068223712,    1.33398381179973,    0.00000000000000,    1.33398381179973,   -1.21045688586042,    0.00000000000000,
  476,    5,    1.48593750000000,    0.01406250000000,    1.33858353926374,    0.00000000000000,    1.33858353926374,   -0.00000050967093,    0.00000000000000,   -0.00000068223712,    1.33398381179973,    0.00000000000000,    1.33398381179973,   -1.21045688586042,    0.00000000000000,
  477,    1,    1.48906250000000,    0.00156250000000,    1.33832747038565,    0.00000000000000,    1.33832747038565,   -0.00000039686074,    0.00000000000000,   -0.00000053112963,    1.33372685793838,    0.00000000000000,    1.33372685793838,   -0.94140610557288,    0.00000000000000,
  477,    2,    1.48906250000000,    0.00468750000000,    1.33832747038565,    0.00000000000000,    1.33832747038565,   -0.00000039686074,    0.00000000000000,   -0.00000053112963,    1.33372685793838,    0.00000000000000,    1.33372685793838,   -0.94140610557288,    0.00000000000000,
  477,    3,    1.48906250000000,    0.00781250000000,    1.33832747038565,    0.00000000000000,    1.33832747038565,   -0.00000039686074,    0.00000000000000,   -0.00000053112963,    1.33372685793838,    0.00000000000000,    1.33372685793838,   -0.94140610557288,    0.00000000000000,
  477,    4,    1.48906250000000,    0.01093750000000,    1.33832747038565,    0.00000000000000,    1.33832747038565,   -0.00000039686074,    0.00000000000000,   -0.00000053112963,    1.33372685793838,    0.00000000000000,    1.33372685793838,   -0.94140610557288,    0.00000000000000,
  477,    5,    1.48906250000000,    0.01406250000000,    1.33832747038565,    0.00000000000000,    1.33832747038565,   -0.00000039686074,    0.00000000000000,   -0.00000053112963,    1.33372685793838,    0.00000000000000,    1.33372685793838,   -0.94140610557288,    0.00000000000000,
  478,    1,    1.49218750000000,    0.00156250000000,    1.33813539735935,    0.00000000000000,    1.33813539735935,   -0.00000028371322,    0.00000000000000,   -0.00000037964670,    1.33353412086920,    0.00000000000000,    1.33353412086920,   -0.67240056778324,    0.00000000000000,
  478,    2,    1.49218750000000,    0.00468750000000,    1.33813539735935,    0.00000000000000,    1.33813539735935,   -0.00000028371322,    0.00000000000000,   -0.00000037964670,    1.33353412086920,    0.00000000000000,    1.33353412086920,   -0.67240056778324,    0.00000000000000,
  478,    3,    1.49218750000000,    0.00781250000000,    1.33813539735935,    0.00000000000000,    1.33813539735935,   -0.00000028371322,    0.00000000000000,   -0.00000037964670,    1.33353412086920,    0.00000000000000,    1.33353412086920,   -0.67240056778324,    0.00000000000000,
  478,    4,    1.49218750000000,    0.01093750000000,    1.33813539735935,    0.00000000000000,    1.33813539735935,   -0.00000028371322,    0.00000000000000,   -0.00000037964670,    1.33353412086920,    0.00000000000000,    1.33353412086920,   -0.67240056778324,    0.00000000000000,
  478,    5,    1.49218750000000,    0.01406250000000,    1.33813539735935,    0.00000000000000,    1.33813539735935,   -0.00000028371322,    0.00000000000000,   -0.00000037964670,    1.33353412086920,    0.00000000000000,    1.33353412086920,   -0.67240056778324,    0.00000000000000,
  479,    1,    1.49531250000000,    0.00156250000000,    1.33800733849967,    0.00000000000000,    1.33800733849967,   -0.00000017032449,    0.00000000000000,   -0.00000022789541,    1.33340561916859,    0.00000000000000,    1.33340561916859,   -0.40342738664434,    0.00000000000000,
  479,    2,    1.49531250000000,    0.00468750000000,    1.33800733849967,    0.00000000000000,    1.33800733849967,   -0.00000017032449,    0.00000000000000,   -0.00000022789541,    1.33340561916859,    0.00000000000000,    1.33340561916859,   -0.40342738664434,    0.00000000000000,
  479,    3,    1.49531250000000,    0.00781250000000,    1.33800733849967,    0.00000000000000,    1.33800733849967,   -0.00000017032449,    0.00000000000000,   -0.00000022789541,    1.33340561916859,    0.00000000000000,    1.33340561916859,   -0.40342738664434,    0.00000000000000,
  479,    4,    1.49531250000000,    0.01093750000000,    1.33800733849967,    0.00000000000000,    1.33800733849967,   -0.00000017032449,    0.00000000000000,   -0.00000022789541,    1.33340561916859,    0.00000000000000,    1.33340561916859,   -0.40342738664434,    0.00000000000000,
  479,    5,    1.49531250000000,    0.01406250000000,    1.33800733849967,    0.00000000000000,    1.33800733849967,   -0.00000017032449,    0.00000000000000,   -0.00000022789541,    1.33340561916859,    0.00000000000000,    1.33340561916859,   -0.40342738664434,    0.00000000000000,
  480,    1,    1.49843750000000,    0.00156250000000,    1.33794330601677,    0.00000000000000,    1.33794330601677,   -0.00000005679093,    0.00000000000000,   -0.00000007598304,    1.33334136522183,    0.00000000000000,    1.33334136522183,   -0.13447363573194,    0.00000000000000,
  480,    2,    1.49843750000000,    0.00468750000000,    1.33794330601677,    0.00000000000000,    1.33794330601677,   -0.00000005679093,    0.00000000000000,   -0.00000007598304,    1.33334136522183,    0.00000000000000,    1.33334136522183,   -0.13447363573194,    0.00000000000000,
  480,    3,    1.49843750000000,    0.00781250000000,    1.33794330601677,    0.00000000000000,    1.33794330601677,   -0.00000005679093,    0.00000000000000,   -0.00000007598304,    1.33334136522183,    0.00000000000000,    1.33334136522183,   -0.13447363573194,    0.00000000000000,
  480,    4,    1.49843750000000,    0.01093750000000,    1.33794330601677,    0.00000000000000,    1.33794330601677,   -0.00000005679093,    0.00000000000000,   -0.00000007598304,    1.33334136522183,    0.00000000000000,    1.33334136522183,   -0.13447363573194,    0.00000000000000,
  480,    5,    1.49843750000000,    0.01406250000000,    1.33794330601677,    0.00000000000000,    1.33794330601677,   -0.00000005679093,    0.00000000000000,   -0.00000007598304,    1.33334136522183,    0.00000000000000,    1.33334136522183,   -0.13447363573194,    0.00000000000000,
  481,    1,    1.50156250000000,    0.00156250000000,    1.33794330601677,    0.00000000000000,    1.33794330601677,    0.00000005679093,    0.00000000000000,    0.00000007598304,    1.33334136522183,    0.00000000000000,    1.33334136522183,    0.13447363573195,    0.00000000000000,
  481,    2,    1.50156250000000,    0.00468750000000,    1.33794330601677,    0.00000000000000,    1.33794330601677,    0.00000005679093,    0.00000000000000,    0.00000007598304,    1.33334136522183,    0.00000000000000,    1.33334136522183,    0.13447363573195,    0.00000000000000,
  481,    3,    1.50156250000000,    0.00781250000000,    1.33794330601677,    0.00000000000000,    1.33794330601677,    0.00000005679093,    0.00000000000000,    0.00000007598304,    1.33334136522183,    0.00000000000000,    1.33334136522183,    0.13447363573195,    0.00000000000000,
  481,    4,    1.50156250000000,    0.01093750000000,    1.33794330601677,    0.00000000000000,    1.33794330601677,    0.00000005679093,    0.00000000000000,    0.00000007598304,    1.33334136522183,    0.00000000000000,    1.33334136522183,    0.13447363573195,    0.00000000000000,
  481,    5,    1.50156250000000,    0.01406250000000,    1.33794330601677,    0.00000000000000,    1.33794330601677,    0.00000005679093,    0.00000000000000,    0.00000007598304,    1.33334136522183,    0.00000000000000,    1.33334136522183,    0.13447363573195,    0.00000000000000,
  482,    1,    1.50468750000000,    0.00156250000000,    1.33800733849967,    0.00000000000000,    1.33800733849967,    0.00000017032449,    0.00000000000000,    0.00000022789542,    1.33340561916859,    0.00000000000000,    1.33340561916859,    0.40342738664435,    0.00000000000000,
  482,    2,    1.50468750000000,    0.00468750000000,    1.33800733849967,    0.00000000000000,    1.33800733849967,    0.00000017032449,    0.00000000000000,    0.00000022789542,    1.33340561916859,    0.00000000000000,    1.33340561916859,    0.40342738664435,    0.00000000000000,
  482,    3,    1.50468750000000,    0.00781250000000,    1.33800733849967,    0.00000000000000,    1.33800733849967,    0.00000017032449,    0.00000000000000,    0.00000022789542,    1.33340561916859,    0.00000000000000,    1.33340561916859,    0.40342738664435,    0.00000000000000,
  482,    4,    1.50468750000000,    0.01093750000000,    1.33800733849967,    0.00000000000000,    1.33800733849967,    0.00000017032449,    0.00000000000000,    0.00000022789542,    1.33340561916859,    0.00000000000000,    1.33340561916859,    0.40342738664435,    0.00000000000000,
  482,    5,    1.50468750000000,    0.01406250000000,    1.33800733849967,    0.00000000000000,    1.33800733849967,    0.00000017032449,    0.00000000000000,    0.00000022789542,    1.33340561916859,    0.00000000000000,    1.33340561916859,    0.40342738664435,    0.00000000000000,
  483,    1,    1.50781250000000,    0.00156250000000,    1.33813539735935,    0.00000000000000,    1.33813539735935,    0.00000028371322,    0.00000000000000,    0.00000037964670,    1.33353412086920,    0.00000000000000,    1.33353412086920,    0.67240056778323,    0.00000000000000,
  483,    2,    1.50781250000000,    0.00468750000000,    1.33813539735935,    0.00000000000000,    1.33813539735935,    0.00000028371322,    0.00000000000000,    0.00000037964670,    1.33353412086920,    0.00000000000000,    1.33353412086920,    0.67240056778323,    0.00000000000000,
  483,    3,    1.50781250000000,    0.00781250000000,    1.33813539735935,    0.00000000000000,    1.33813539735935,    0.00000028371322,    0.00000000000000,    0.00000037964670,    1.33353412086920,    0.00000000000000,    1.33353412086920,    0.67240056778323,    0.00000000000000,
  483,    4,    1.50781250000000,    0.01093750000000,    1.33813539735935,    0.00000000000000,    1.33813539735935,    0.00000028371322,    0.00000000000000,    0.00000037964670,    1.33353412086920,    0.00000000000000,    1.33353412086920,    0.67240056778323,    0.00000000000000,
  483,    5,    1.50781250000000,    0.01406250000000,    1.33813539735935,    0.00000000000000,    1.33813539735935,    0.00000028371322,    0.00000000000000,    0.00000037964670,    1.33353412086920,    0.00000000000000,    1.33353412086920,    0.67240056778323,    0.00000000000000,
  484,    1,    1.51093750000000,    0.00156250000000,    1.33832747038565,    0.00000000000000,    1.33832747038565,    0.00000039686074,    0.00000000000000,    0.00000053112963,    1.33372685793838,    0.00000000000000,    1.33372685793838,    0.94140610557290,    0.00000000000000,
  484,    2,    1.51093750000000,    0.00468750000000,    1.33832747038565,    0.00000000000000,    1.33832747038565,    0.00000039686074,    0.00000000000000,    0.00000053112963,    1.33372685793838,    0.00000000000000,    1.33372685793838,    0.94140610557290,    0.00000000000000,
  484,    3,    1.51093750000000,    0.00781250000000,    1.33832747038565,    0.00000000000000,    1.33832747038565,    0.00000039686074,    0.00000000000000,    0.00000053112963,    1.33372685793838,    0.00000000000000,    1.33372685793838,    0.94140610557290,    0.00000000000000,
  484,    4,    1.51093750000000,    0.01093750000000,    1.33832747038565,    0.00000000000000,    1.33832747038565,    0.00000039686074,    0.00000000000000,    0.00000053112963,    1.33372685793838,    0.00000000000000,    1.33372685793838,    0.94140610557290,    0.00000000000000,
  484,    5,    1.51093750000000,    0.01406250000000,    1.33832747038565,    0.00000000000000,    1.33832747038565,    0.00000039686074,    0.00000000000000,    0.00000053112963,    1.33372685793838,    0.00000000000000,    1.33372685793838,    0.94140610557290,    0.00000000000000,
  485,    1,    1.51406250000000,    0.00156250000000,    1.33858353926374,    0.00000000000000,    1.33858353926374,    0.00000050967093,    0.00000000000000,    0.00000068223712,    1.33398381179973,    0.00000000000000,    1.33398381179973,    1.21045688586043,    0.00000000000000,
  485,    2,    1.51406250000000,    0.00468750000000,    1.33858353926374,    0.00000000000000,    1.33858353926374,    0.00000050967093,    0.00000000000000,    0.00000068223712,    1.33398381179973,    0.00000000000000,    1.33398381179973,    1.21045688586043,    0.00000000000000,
  485,    3,    1.51406250000000,    0.00781250000000,    1.33858353926374,    0.00000000000000,    1.33858353926374,    0.00000050967093,    0.00000000000000,    0.00000068223712,    1.33398381179973,    0.00000000000000,    1.33398381179973,    1.21045688586043,    0.00000000000000,
  485,    4,    1.51406250000000,    0.01093750000000,    1.33858353926374,    0.00000000000000,    1.33858353926374,    0.00000050967093,    0.00000000000000,    0.00000068223712,    1.33398381179973,    0.00000000000000,    1.33398381179973,    1.21045688586043,    0.00000000000000,
  485,    5,    1.51406250000000,    0.01406250000000,    1.33858353926374,    0.00000000000000,    1.33858353926374,    0.00000050967093,    0.00000000000000,    0.00000068223712,    1.33398381179973,    0.00000000000000,    1.33398381179973,    1.21045688586043,    0.00000000000000,
  486,    1,    1.51718750000000,    0.00156250000000,    1.33890357957645,    0.00000000000000,    1.33890357957645,    0.00000062204803,    0.00000000000000,    0.00000083286234,    1.33430495768751,    0.00000000000000,    1.33430495768751,    1.47956573771065,    0.00000000000000,
  486,    2,    1.51718750000000,    0.00468750000000,    1.33890357957645,    0.00000000000000,    1.33890357957645,    0.00000062204803,    0.00000000000000,    0.00000083286234,    1.33430495768751,    0.00000000000000,    1.33430495768751,    1.47956573771065,    0.00000000000000,
  486,    3,    1.51718750000000,    0.00781250000000,    1.33890357957645,    0.00000000000000,    1.33890357957645,    0.00000062204803,    0.00000000000000,    0.00000083286234,    1.33430495768751,    0.00000000000000,    1.33430495768751,    1.47956573771065,    0.00000000000000,
  486,    4,    1.51718750000000,    0.01093750000000,    1.33890357957645,    0.00000000000000,    1.33890357957645,    0.00000062204803,    0.00000000000000,    0.00000083286234,    1.33430495768751,    0.00000000000000,    1.33430495768751,    1.47956573771065,    0.00000000000000,
  486,    5,    1.51718750000000,    0.01406250000000,    1.33890357957645,    0.00000000000000,    1.33890357957645,    0.00000062204803,    0.00000000000000,    0.00000083286234,    1.33430495768751,    0.00000000000000,    1.33430495768751,    1.47956573771065,    0.00000000000000,
  487,    1,    1.52031250000000,    0.00156250000000,    1.33928756080599,    0.00000000000000,    1.33928756080599,    0.00000073389676,    0.00000000000000,    0.00000098289880,    1.33469026464901,    0.00000000000000,    1.33469026464901,    1.74874541722640,    0.00000000000000,
  487,    2,    1.52031250000000,    0.00468750000000,    1.33928756080599,    0.00000000000000,    1.33928756080599,    0.00000073389676,    0.00000000000000,    0.00000098289880,    1.33469026464901,    0.00000000000000,    1.33469026464901,    1.74874541722640,    0.00000000000000,
  487,    3,    1.52031250000000,    0.00781250000000,    1.33928756080599,    0.00000000000000,    1.33928756080599,    0.00000073389676,    0.00000000000000,    0.00000098289880,    1.33469026464901,    0.00000000000000,    1.33469026464901,    1.74874541722640,    0.00000000000000,
  487,    4,    1.52031250000000,    0.01093750000000,    1.33928756080599,    0.00000000000000,    1.33928756080599,    0.00000073389676,    0.00000000000000,    0.00000098289880,    1.33469026464901,    0.00000000000000,    1.33469026464901,    1.74874541722640,    0.00000000000000,
  487,    5,    1.52031250000000,    0.01406250000000,    1.33928756080599,    0.00000000000000,    1.33928756080599,    0.00000073389676,    0.00000000000000,    0.00000098289880,    1.33469026464901,    0.00000000000000,    1.33469026464901,    1.74874541722640,    0.00000000000000,
  488,    1,    1.52343750000000,    0.00156250000000,    1.33973544633690,    0.00000000000000,    1.33973544633690,    0.00000084512239,    0.00000000000000,    0.00000113224043,    1.33513969554754,    0.00000000000000,    1.33513969554754,    2.01800859140228,    0.00000000000000,
  488,    2,    1.52343750000000,    0.00468750000000,    1.33973544633690,    0.00000000000000,    1.33973544633690,    0.00000084512239,    0.00000000000000,    0.00000113224043,    1.33513969554754,    0.00000000000000,    1.33513969554754,    2.01800859140228,    0.00000000000000,
  488,    3,    1.52343750000000,    0.00781250000000,    1.33973544633690,    0.00000000000000,    1.33973544633690,    0.00000084512239,    0.00000000000000,    0.00000113224043,    1.33513969554754,    0.00000000000000,    1.33513969554754,    2.01800859140228,    0.00000000000000,
  488,    4,    1.52343750000000,    0.01093750000000,    1.33973544633690,    0.00000000000000,    1.33973544633690,    0.00000084512239,    0.00000000000000,    0.00000113224043,    1.33513969554754,    0.00000000000000,    1.33513969554754,    2.01800859140228,    0.00000000000000,
  488,    5,    1.52343750000000,    0.01406250000000,    1.33973544633690,    0.00000000000000,    1.33973544633690,    0.00000084512239,    0.00000000000000,    0.00000113224043,    1.33513969554754,    0.00000000000000,    1.33513969554754,    2.01800859140228,    0.00000000000000,
  489,    1,    1.52656250000000,    0.00156250000000,    1.34024719345881,    0.00000000000000,    1.34024719345881,    0.00000095563088,    0.00000000000000,    0.00000128078160,    1.33565320706602,    0.00000000000000,    1.33565320706602,    2.28736782201835,    0.00000000000000,
  489,    2,    1.52656250000000,    0.00468750000000,    1.34024719345881,    0.00000000000000,    1.34024719345881,    0.00000095563088,    0.00000000000000,    0.00000128078160,    1.33565320706602,    0.00000000000000,    1.33565320706602,    2.28736782201835,    0.00000000000000,
  489,    3,    1.52656250000000,    0.00781250000000,    1.34024719345881,    0.00000000000000,    1.34024719345881,    0.00000095563088,    0.00000000000000,    0.00000128078160,    1.33565320706602,    0.00000000000000,    1.33565320706602,    2.28736782201835,    0.00000000000000,
  489,    4,    1.52656250000000,    0.01093750000000,    1.34024719345881,    0.00000000000000,    1.34024719345881,    0.00000095563088,    0.00000000000000,    0.00000128078160,    1.33565320706602,    0.00000000000000,    1.33565320706602,    2.28736782201835,    0.00000000000000,
  489,    5,    1.52656250000000,    0.01406250000000,    1.34024719345881,    0.00000000000000,    1.34024719345881,    0.00000095563088,    0.00000000000000,    0.00000128078160,    1.33565320706602,    0.00000000000000,    1.33565320706602,    2.28736782201835,    0.00000000000000,
  490,    1,    1.52968750000000,    0.00156250000000,    1.34082275337000,    0.00000000000000,    1.34082275337000,    0.00000106532893,    0.00000000000000,    0.00000142841726,    1.33623074971113,    0.00000000000000,    1.33623074971113,    2.55683554958150,    0.00000000000000,
  490,    2,    1.52968750000000,    0.00468750000000,    1.34082275337000,    0.00000000000000,    1.34082275337000,    0.00000106532893,    0.00000000000000,    0.00000142841726,    1.33623074971113,    0.00000000000000,    1.33623074971113,    2.55683554958150,    0.00000000000000,
  490,    3,    1.52968750000000,    0.00781250000000,    1.34082275337000,    0.00000000000000,    1.34082275337000,    0.00000106532893,    0.00000000000000,    0.00000142841726,    1.33623074971113,    0.00000000000000,    1.33623074971113,    2.55683554958150,    0.00000000000000,
  490,    4,    1.52968750000000,    0.01093750000000,    1.34082275337000,    0.00000000000000,    1.34082275337000,    0.00000106532893,    0.00000000000000,    0.00000142841726,    1.33623074971113,    0.00000000000000,    1.33623074971113,    2.55683554958150,    0.00000000000000,
  490,    5,    1.52968750000000,    0.01406250000000,    1.34082275337000,    0.00000000000000,    1.34082275337000,    0.00000106532893,    0.00000000000000,    0.00000142841726,    1.33623074971113,    0.00000000000000,    1.33623074971113,    2.55683554958150,    0.00000000000000,
  491,    1,    1.53281250000000,    0.00156250000000,    1.34146207118180,    0.00000000000000,    1.34146207118180,    0.00000117412412,   -0.00000000000000,    0.00000157504298,    1.33687226781812,    0.00000000000000,    1.33687226781812,    2.82642407732190,    0.00000000000000,
  491,    2,    1.53281250000000,    0.00468750000000,    1.34146207118180,    0.00000000000000,    1.34146207118180,    0.00000117412412,   -0.00000000000000,    0.00000157504298,    1.33687226781812,    0.00000000000000,    1.33687226781812,    2.82642407732190,    0.00000000000000,
  491,    3,    1.53281250000000,    0.00781250000000,    1.34146207118180,    0.00000000000000,    1.34146207118180,    0.00000117412412,   -0.00000000000000,    0.00000157504298,    1.33687226781812,    0.00000000000000,    1.33687226781812,    2.82642407732190,    0.00000000000000,
  491,    4,    1.53281250000000,    0.01093750000000,    1.34146207118180,    0.00000000000000,    1.34146207118180,    0.00000117412412,   -0.00000000000000,    0.00000157504298,    1.33687226781812,    0.00000000000000,    1.33687226781812,    2.82642407732190,    0.00000000000000,
  491,    5,    1.53281250000000,    0.01406250000000,    1.34146207118180,    0.00000000000000,    1.34146207118180,    0.00000117412412,   -0.00000000000000,    0.00000157504298,    1.33687226781812,    0.00000000000000,    1.33687226781812,    2.82642407732190,    0.00000000000000,
  492,    1,    1.53593750000000,    0.00156250000000,    1.34216508592289,    0.00000000000000,    1.34216508592289,    0.00000128192501,   -0.00000000000000,    0.00000172055499,    1.33757769955613,    0.00000000000000,    1.33757769955613,    3.09614555525123,    0.00000000000000,
  492,    2,    1.53593750000000,    0.00468750000000,    1.34216508592289,    0.00000000000000,    1.34216508592289,    0.00000128192501,   -0.00000000000000,    0.00000172055499,    1.33757769955613,    0.00000000000000,    1.33757769955613,    3.09614555525123,    0.00000000000000,
  492,    3,    1.53593750000000,    0.00781250000000,    1.34216508592289,    0.00000000000000,    1.34216508592289,    0.00000128192501,   -0.00000000000000,    0.00000172055499,    1.33757769955613,    0.00000000000000,    1.33757769955613,    3.09614555525123,    0.00000000000000,
  492,    4,    1.53593750000000,    0.01093750000000,    1.34216508592289,    0.00000000000000,    1.34216508592289,    0.00000128192501,   -0.00000000000000,    0.00000172055499,    1.33757769955613,    0.00000000000000,    1.33757769955613,    3.09614555525123,    0.00000000000000,
  492,    5,    1.53593750000000,    0.01406250000000,    1.34216508592289,    0.00000000000000,    1.34216508592289,    0.00000128192501,   -0.00000000000000,    0.00000172055499,    1.33757769955613,    0.00000000000000,    1.33757769955613,    3.09614555525123,    0.00000000000000,
  493,    1,    1.53906250000000,    0.00156250000000,    1.34293173054467,    0.00000000000000,    1.34293173054467,    0.00000138864117,   -0.00000000000000,    0.00000186485029,    1.33834697693419,    0.00000000000000,    1.33834697693419,    3.36601196429052,    0.00000000000000,
  493,    2,    1.53906250000000,    0.00468750000000,    1.34293173054467,    0.00000000000000,    1.34293173054467,    0.00000138864117,   -0.00000000000000,    0.00000186485029,    1.33834697693419,    0.00000000000000,    1.33834697693419,    3.36601196429052,    0.00000000000000,
  493,    3,    1.53906250000000,    0.00781250000000,    1.34293173054467,    0.00000000000000,    1.34293173054467,    0.00000138864117,   -0.00000000000000,    0.00000186485029,    1.33834697693419,    0.00000000000000,    1.33834697693419,    3.36601196429052,    0.00000000000000,
  493,    4,    1.53906250000000,    0.01093750000000,    1.34293173054467,    0.00000000000000,    1.34293173054467,    0.00000138864117,   -0.00000000000000,    0.00000186485029,    1.33834697693419,    0.00000000000000,    1.33834697693419,    3.36601196429052,    0.00000000000000,
  493,    5,    1.53906250000000,    0.01406250000000,    1.34293173054467,    0.00000000000000,    1.34293173054467,    0.00000138864117,   -0.00000000000000,    0.00000186485029,    1.33834697693419,    0.00000000000000,    1.33834697693419,    3.36601196429052,    0.00000000000000,
  494,    1,    1.54218750000000,    0.00156250000000,    1.34376193192670,    0.00000000000000,    1.34376193192670,    0.00000149418336,   -0.00000000000000,    0.00000200782672,    1.33918002580774,    0.00000000000000,    1.33918002580774,    3.63603510047458,    0.00000000000000,
  494,    2,    1.54218750000000,    0.00468750000000,    1.34376193192670,    0.00000000000000,    1.34376193192670,    0.00000149418336,   -0.00000000000000,    0.00000200782672,    1.33918002580774,    0.00000000000000,    1.33918002580774,    3.63603510047458,    0.00000000000000,
  494,    3,    1.54218750000000,    0.00781250000000,    1.34376193192670,    0.00000000000000,    1.34376193192670,    0.00000149418336,   -0.00000000000000,    0.00000200782672,    1.33918002580774,    0.00000000000000,    1.33918002580774,    3.63603510047458,    0.00000000000000,
  494,    4,    1.54218750000000,    0.01093750000000,    1.34376193192670,    0.00000000000000,    1.34376193192670,    0.00000149418336,   -0.00000000000000,    0.00000200782672,    1.33918002580774,    0.00000000000000,    1.33918002580774,    3.63603510047458,    0.00000000000000,
  494,    5,    1.54218750000000,    0.01406250000000,    1.34376193192670,    0.00000000000000,    1.34376193192670,    0.00000149418336,   -0.00000000000000,    0.00000200782672,    1.33918002580774,    0.00000000000000,    1.33918002580774,    3.63603510047458,    0.00000000000000,
  495,    1,    1.54531250000000,    0.00156250000000,    1.34465561088312,    0.00000000000000,    1.34465561088312,    0.00000159846354,   -0.00000000000000,    0.00000214938297,    1.34007676588580,    0.00000000000000,    1.34007676588580,    3.90622655923980,    0.00000000000000,
  495,    2,    1.54531250000000,    0.00468750000000,    1.34465561088312,    0.00000000000000,    1.34465561088312,    0.00000159846354,   -0.00000000000000,    0.00000214938297,    1.34007676588580,    0.00000000000000,    1.34007676588580,    3.90622655923980,    0.00000000000000,
  495,    3,    1.54531250000000,    0.00781250000000,    1.34465561088312,    0.00000000000000,    1.34465561088312,    0.00000159846354,   -0.00000000000000,    0.00000214938297,    1.34007676588580,    0.00000000000000,    1.34007676588580,    3.90622655923980,    0.00000000000000,
  495,    4,    1.54531250000000,    0.01093750000000,    1.34465561088312,    0.00000000000000,    1.34465561088312,    0.00000159846354,   -0.00000000000000,    0.00000214938297,    1.34007676588580,    0.00000000000000,    1.34007676588580,    3.90622655923980,    0.00000000000000,
  495,    5,    1.54531250000000,    0.01406250000000,    1.34465561088312,    0.00000000000000,    1.34465561088312,    0.00000159846354,   -0.00000000000000,    0.00000214938297,    1.34007676588580,    0.00000000000000,    1.34007676588580,    3.90622655923980,    0.00000000000000,
  496,    1,    1.54843750000000,    0.00156250000000,    1.34561268216916,    0.00000000000000,    1.34561268216916,    0.00000170139502,   -0.00000000000000,    0.00000228941872,    1.34103711073869,    0.00000000000000,    1.34103711073869,    4.17659771980309,    0.00000000000000,
  496,    2,    1.54843750000000,    0.00468750000000,    1.34561268216916,    0.00000000000000,    1.34561268216916,    0.00000170139502,   -0.00000000000000,    0.00000228941872,    1.34103711073869,    0.00000000000000,    1.34103711073869,    4.17659771980309,    0.00000000000000,
  496,    3,    1.54843750000000,    0.00781250000000,    1.34561268216916,    0.00000000000000,    1.34561268216916,    0.00000170139502,   -0.00000000000000,    0.00000228941872,    1.34103711073869,    0.00000000000000,    1.34103711073869,    4.17659771980309,    0.00000000000000,
  496,    4,    1.54843750000000,    0.01093750000000,    1.34561268216916,    0.00000000000000,    1.34561268216916,    0.00000170139502,   -0.00000000000000,    0.00000228941872,    1.34103711073869,    0.00000000000000,    1.34103711073869,    4.17659771980309,    0.00000000000000,
  496,    5,    1.54843750000000,    0.01406250000000,    1.34561268216916,    0.00000000000000,    1.34561268216916,    0.00000170139502,   -0.00000000000000,    0.00000228941872,    1.34103711073869,    0.00000000000000,    1.34103711073869,    4.17659771980309,    0.00000000000000,
  497,    1,    1.55156250000000,    0.00156250000000,    1.34663305448835,    0.00000000000000,    1.34663305448835,    0.00000180289250,   -0.00000000000000,    0.00000242783463,    1.34206096780637,    0.00000000000000,    1.34206096780637,    4.44715972963880,    0.00000000000000,
  497,    2,    1.55156250000000,    0.00468750000000,    1.34663305448835,    0.00000000000000,    1.34663305448835,    0.00000180289250,   -0.00000000000000,    0.00000242783463,    1.34206096780637,    0.00000000000000,    1.34206096780637,    4.44715972963880,    0.00000000000000,
  497,    3,    1.55156250000000,    0.00781250000000,    1.34663305448835,    0.00000000000000,    1.34663305448835,    0.00000180289250,   -0.00000000000000,    0.00000242783463,    1.34206096780637,    0.00000000000000,    1.34206096780637,    4.44715972963880,    0.00000000000000,
  497,    4,    1.55156250000000,    0.01093750000000,    1.34663305448835,    0.00000000000000,    1.34663305448835,    0.00000180289250,   -0.00000000000000,    0.00000242783463,    1.34206096780637,    0.00000000000000,    1.34206096780637,    4.44715972963880,    0.00000000000000,
  497,    5,    1.55156250000000,    0.01406250000000,    1.34663305448835,    0.00000000000000,    1.34663305448835,    0.00000180289250,   -0.00000000000000,    0.00000242783463,    1.34206096780637,    0.00000000000000,    1.34206096780637,    4.44715972963880,    0.00000000000000,
  498,    1,    1.55468750000000,    0.00156250000000,    1.34771663050032,    0.00000000000000,    1.34771663050032,    0.00000190287216,   -0.00000000000000,    0.00000256453246,    1.34314823840737,    0.00000000000000,    1.34314823840737,    4.71792348906034,    0.00000000000000,
  498,    2,    1.55468750000000,    0.00468750000000,    1.34771663050032,    0.00000000000000,    1.34771663050032,    0.00000190287216,   -0.00000000000000,    0.00000256453246,    1.34314823840737,    0.00000000000000,    1.34314823840737,    4.71792348906034,    0.00000000000000,
  498,    3,    1.55468750000000,    0.00781250000000,    1.34771663050032,    0.00000000000000,    1.34771663050032,    0.00000190287216,   -0.00000000000000,    0.00000256453246,    1.34314823840737,    0.00000000000000,    1.34314823840737,    4.71792348906034,    0.00000000000000,
  498,    4,    1.55468750000000,    0.01093750000000,    1.34771663050032,    0.00000000000000,    1.34771663050032,    0.00000190287216,   -0.00000000000000,    0.00000256453246,    1.34314823840737,    0.00000000000000,    1.34314823840737,    4.71792348906034,    0.00000000000000,
  498,    5,    1.55468750000000,    0.01406250000000,    1.34771663050032,    0.00000000000000,    1.34771663050032,    0.00000190287216,   -0.00000000000000,    0.00000256453246,    1.34314823840737,    0.00000000000000,    1.34314823840737,    4.71792348906034,    0.00000000000000,
  499,    1,    1.55781250000000,    0.00156250000000,    1.34886330682919,    0.00000000000000,    1.34886330682919,    0.00000200125176,   -0.00000000000000,    0.00000269941507,    1.34429881774829,    0.00000000000000,    1.34429881774829,    4.98889963591414,    0.00000000000000,
  499,    2,    1.55781250000000,    0.00468750000000,    1.34886330682919,    0.00000000000000,    1.34886330682919,    0.00000200125176,   -0.00000000000000,    0.00000269941507,    1.34429881774829,    0.00000000000000,    1.34429881774829,    4.98889963591414,    0.00000000000000,
  499,    3,    1.55781250000000,    0.00781250000000,    1.34886330682919,    0.00000000000000,    1.34886330682919,    0.00000200125176,   -0.00000000000000,    0.00000269941507,    1.34429881774829,    0.00000000000000,    1.34429881774829,    4.98889963591414,    0.00000000000000,
  499,    4,    1.55781250000000,    0.01093750000000,    1.34886330682919,    0.00000000000000,    1.34886330682919,    0.00000200125176,   -0.00000000000000,    0.00000269941507,    1.34429881774829,    0.00000000000000,    1.34429881774829,    4.98889963591414,    0.00000000000000,
  499,    5,    1.55781250000000,    0.01406250000000,    1.34886330682919,    0.00000000000000,    1.34886330682919,    0.00000200125176,   -0.00000000000000,    0.00000269941507,    1.34429881774829,    0.00000000000000,    1.34429881774829,    4.98889963591414,    0.00000000000000,
  500,    1,    1.56093750000000,    0.00156250000000,    1.35007297407205,    0.00000000000000,    1.35007297407205,    0.00000209795069,   -0.00000000000000,    0.00000283238653,    1.34551259493390,    0.00000000000000,    1.34551259493390,    5.26009853039244,    0.00000000000000,
  500,    2,    1.56093750000000,    0.00468750000000,    1.35007297407205,    0.00000000000000,    1.35007297407205,    0.00000209795069,   -0.00000000000000,    0.00000283238653,    1.34551259493390,    0.00000000000000,    1.34551259493390,    5.26009853039244,    0.00000000000000,
  500,    3,    1.56093750000000,    0.00781250000000,    1.35007297407205,    0.00000000000000,    1.35007297407205,    0.00000209795069,   -0.00000000000000,    0.00000283238653,    1.34551259493390,    0.00000000000000,    1.34551259493390,    5.26009853039244,    0.00000000000000,
  500,    4,    1.56093750000000,    0.01093750000000,    1.35007297407205,    0.00000000000000,    1.35007297407205,    0.00000209795069,   -0.00000000000000,    0.00000283238653,    1.34551259493390,    0.00000000000000,    1.34551259493390,    5.26009853039244,    0.00000000000000,
  500,    5,    1.56093750000000,    0.01406250000000,    1.35007297407205,    0.00000000000000,    1.35007297407205,    0.00000209795069,   -0.00000000000000,    0.00000283238653,    1.34551259493390,    0.00000000000000,    1.34551259493390,    5.26009853039244,    0.00000000000000,
  501,    1,    1.56406250000000,    0.00156250000000,    1.35134551680853,    0.00000000000000,    1.35134551680853,    0.00000219289007,   -0.00000000000000,    0.00000296335216,    1.34678945297782,    0.00000000000000,    1.34678945297782,    5.53153023997186,    0.00000000000000,
  501,    2,    1.56406250000000,    0.00468750000000,    1.35134551680853,    0.00000000000000,    1.35134551680853,    0.00000219289007,   -0.00000000000000,    0.00000296335216,    1.34678945297782,    0.00000000000000,    1.34678945297782,    5.53153023997186,    0.00000000000000,
  501,    3,    1.56406250000000,    0.00781250000000,    1.35134551680853,    0.00000000000000,    1.35134551680853,    0.00000219289007,   -0.00000000000000,    0.00000296335216,    1.34678945297782,    0.00000000000000,    1.34678945297782,    5.53153023997186,    0.00000000000000,
  501,    4,    1.56406250000000,    0.01093750000000,    1.35134551680853,    0.00000000000000,    1.35134551680853,    0.00000219289007,   -0.00000000000000,    0.00000296335216,    1.34678945297782,    0.00000000000000,    1.34678945297782,    5.53153023997186,    0.00000000000000,
  501,    5,    1.56406250000000,    0.01406250000000,    1.35134551680853,    0.00000000000000,    1.35134551680853,    0.00000219289007,   -0.00000000000000,    0.00000296335216,    1.34678945297782,    0.00000000000000,    1.34678945297782,    5.53153023997186,    0.00000000000000,
  502,    1,    1.56718750000000,    0.00156250000000,    1.35268081361053,    0.00000000000000,    1.35268081361053,    0.00000228599276,   -0.00000000000000,    0.00000309221855,    1.34812926881381,    0.00000000000000,    1.34812926881381,    5.80320452448515,    0.00000000000000,
  502,    2,    1.56718750000000,    0.00468750000000,    1.35268081361053,    0.00000000000000,    1.35268081361053,    0.00000228599276,   -0.00000000000000,    0.00000309221855,    1.34812926881381,    0.00000000000000,    1.34812926881381,    5.80320452448515,    0.00000000000000,
  502,    3,    1.56718750000000,    0.00781250000000,    1.35268081361053,    0.00000000000000,    1.35268081361053,    0.00000228599276,   -0.00000000000000,    0.00000309221855,    1.34812926881381,    0.00000000000000,    1.34812926881381,    5.80320452448515,    0.00000000000000,
  502,    4,    1.56718750000000,    0.01093750000000,    1.35268081361053,    0.00000000000000,    1.35268081361053,    0.00000228599276,   -0.00000000000000,    0.00000309221855,    1.34812926881381,    0.00000000000000,    1.34812926881381,    5.80320452448515,    0.00000000000000,
  502,    5,    1.56718750000000,    0.01406250000000,    1.35268081361053,    0.00000000000000,    1.35268081361053,    0.00000228599276,   -0.00000000000000,    0.00000309221855,    1.34812926881381,    0.00000000000000,    1.34812926881381,    5.80320452448515,    0.00000000000000,
  503,    1,    1.57031250000000,    0.00156250000000,    1.35407873705263,    0.00000000000000,    1.35407873705263,    0.00000237718353,   -0.00000000000000,    0.00000321889367,    1.34953191330765,    0.00000000000000,    1.34953191330765,    6.07513082133203,    0.00000000000000,
  503,    2,    1.57031250000000,    0.00468750000000,    1.35407873705263,    0.00000000000000,    1.35407873705263,    0.00000237718353,   -0.00000000000000,    0.00000321889367,    1.34953191330765,    0.00000000000000,    1.34953191330765,    6.07513082133203,    0.00000000000000,
  503,    3,    1.57031250000000,    0.00781250000000,    1.35407873705263,    0.00000000000000,    1.35407873705263,    0.00000237718353,   -0.00000000000000,    0.00000321889367,    1.34953191330765,    0.00000000000000,    1.34953191330765,    6.07513082133203,    0.00000000000000,
  503,    4,    1.57031250000000,    0.01093750000000,    1.35407873705263,    0.00000000000000,    1.35407873705263,    0.00000237718353,   -0.00000000000000,    0.00000321889367,    1.34953191330765,    0.00000000000000,    1.34953191330765,    6.07513082133203,    0.00000000000000,
  503,    5,    1.57031250000000,    0.01406250000000,    1.35407873705263,    0.00000000000000,    1.35407873705263,    0.00000237718353,   -0.00000000000000,    0.00000321889367,    1.34953191330765,    0.00000000000000,    1.34953191330765,    6.07513082133203,    0.00000000000000,
  504,    1,    1.57343750000000,    0.00156250000000,    1.35553915372293,    0.00000000000000,    1.35553915372293,    0.00000246638899,   -0.00000000000000,    0.00000334328684,    1.35099725126953,    0.00000000000000,    1.35099725126953,    6.34731823083687,    0.00000000000000,
  504,    2,    1.57343750000000,    0.00468750000000,    1.35553915372293,    0.00000000000000,    1.35553915372293,    0.00000246638899,   -0.00000000000000,    0.00000334328684,    1.35099725126953,    0.00000000000000,    1.35099725126953,    6.34731823083687,    0.00000000000000,
  504,    3,    1.57343750000000,    0.00781250000000,    1.35553915372293,    0.00000000000000,    1.35553915372293,    0.00000246638899,   -0.00000000000000,    0.00000334328684,    1.35099725126953,    0.00000000000000,    1.35099725126953,    6.34731823083687,    0.00000000000000,
  504,    4,    1.57343750000000,    0.01093750000000,    1.35553915372293,    0.00000000000000,    1.35553915372293,    0.00000246638899,   -0.00000000000000,    0.00000334328684,    1.35099725126953,    0.00000000000000,    1.35099725126953,    6.34731823083687,    0.00000000000000,
  504,    5,    1.57343750000000,    0.01406250000000,    1.35553915372293,    0.00000000000000,    1.35553915372293,    0.00000246638899,   -0.00000000000000,    0.00000334328684,    1.35099725126953,    0.00000000000000,    1.35099725126953,    6.34731823083687,    0.00000000000000,
  505,    1,    1.57656250000000,    0.00156250000000,    1.35706192423454,    0.00000000000000,    1.35706192423454,    0.00000255353777,   -0.00000000000000,    0.00000346530888,    1.35252514146713,    0.00000000000000,    1.35252514146713,    6.61977550175915,    0.00000000000000,
  505,    2,    1.57656250000000,    0.00468750000000,    1.35706192423454,    0.00000000000000,    1.35706192423454,    0.00000255353777,   -0.00000000000000,    0.00000346530888,    1.35252514146713,    0.00000000000000,    1.35252514146713,    6.61977550175915,    0.00000000000000,
  505,    3,    1.57656250000000,    0.00781250000000,    1.35706192423454,    0.00000000000000,    1.35706192423454,    0.00000255353777,   -0.00000000000000,    0.00000346530888,    1.35252514146713,    0.00000000000000,    1.35252514146713,    6.61977550175915,    0.00000000000000,
  505,    4,    1.57656250000000,    0.01093750000000,    1.35706192423454,    0.00000000000000,    1.35706192423454,    0.00000255353777,   -0.00000000000000,    0.00000346530888,    1.35252514146713,    0.00000000000000,    1.35252514146713,    6.61977550175915,    0.00000000000000,
  505,    5,    1.57656250000000,    0.01406250000000,    1.35706192423454,    0.00000000000000,    1.35706192423454,    0.00000255353777,   -0.00000000000000,    0.00000346530888,    1.35252514146713,    0.00000000000000,    1.35252514146713,    6.61977550175915,    0.00000000000000,
  506,    1,    1.57968750000000,    0.00156250000000,    1.35864690323759,    0.00000000000000,    1.35864690323759,    0.00000263856051,   -0.00000000000000,    0.00000358487206,    1.35411543663921,    0.00000000000000,    1.35411543663921,    6.89251101696367,    0.00000000000000,
  506,    2,    1.57968750000000,    0.00468750000000,    1.35864690323759,    0.00000000000000,    1.35864690323759,    0.00000263856051,   -0.00000000000000,    0.00000358487206,    1.35411543663921,    0.00000000000000,    1.35411543663921,    6.89251101696367,    0.00000000000000,
  506,    3,    1.57968750000000,    0.00781250000000,    1.35864690323759,    0.00000000000000,    1.35864690323759,    0.00000263856051,   -0.00000000000000,    0.00000358487206,    1.35411543663921,    0.00000000000000,    1.35411543663921,    6.89251101696367,    0.00000000000000,
  506,    4,    1.57968750000000,    0.01093750000000,    1.35864690323759,    0.00000000000000,    1.35864690323759,    0.00000263856051,   -0.00000000000000,    0.00000358487206,    1.35411543663921,    0.00000000000000,    1.35411543663921,    6.89251101696367,    0.00000000000000,
  506,    5,    1.57968750000000,    0.01406250000000,    1.35864690323759,    0.00000000000000,    1.35864690323759,    0.00000263856051,   -0.00000000000000,    0.00000358487206,    1.35411543663921,    0.00000000000000,    1.35411543663921,    6.89251101696367,    0.00000000000000,
  507,    1,    1.58281250000000,    0.00156250000000,    1.36029393943160,    0.00000000000000,    1.36029393943160,    0.00000272138991,   -0.00000000000000,    0.00000370189020,    1.35576798350982,    0.00000000000000,    1.35576798350982,    7.16553277925718,    0.00000000000000,
  507,    2,    1.58281250000000,    0.00468750000000,    1.36029393943160,    0.00000000000000,    1.36029393943160,    0.00000272138991,   -0.00000000000000,    0.00000370189020,    1.35576798350982,    0.00000000000000,    1.35576798350982,    7.16553277925718,    0.00000000000000,
  507,    3,    1.58281250000000,    0.00781250000000,    1.36029393943160,    0.00000000000000,    1.36029393943160,    0.00000272138991,   -0.00000000000000,    0.00000370189020,    1.35576798350982,    0.00000000000000,    1.35576798350982,    7.16553277925718,    0.00000000000000,
  507,    4,    1.58281250000000,    0.01093750000000,    1.36029393943160,    0.00000000000000,    1.36029393943160,    0.00000272138991,   -0.00000000000000,    0.00000370189020,    1.35576798350982,    0.00000000000000,    1.35576798350982,    7.16553277925718,    0.00000000000000,
  507,    5,    1.58281250000000,    0.01406250000000,    1.36029393943160,    0.00000000000000,    1.36029393943160,    0.00000272138991,   -0.00000000000000,    0.00000370189020,    1.35576798350982,    0.00000000000000,    1.35576798350982,    7.16553277925718,    0.00000000000000,
  508,    1,    1.58593750000000,    0.00156250000000,    1.36200287557869,    0.00000000000000,    1.36200287557869,    0.00000280196080,   -0.00000000000000,    0.00000381627867,    1.35748262280304,    0.00000000000000,    1.35748262280304,    7.43884839739774,    0.00000000000000,
  508,    2,    1.58593750000000,    0.00468750000000,    1.36200287557869,    0.00000000000000,    1.36200287557869,    0.00000280196080,   -0.00000000000000,    0.00000381627867,    1.35748262280304,    0.00000000000000,    1.35748262280304,    7.43884839739774,    0.00000000000000,
  508,    3,    1.58593750000000,    0.00781250000000,    1.36200287557869,    0.00000000000000,    1.36200287557869,    0.00000280196080,   -0.00000000000000,    0.00000381627867,    1.35748262280304,    0.00000000000000,    1.35748262280304,    7.43884839739774,    0.00000000000000,
  508,    4,    1.58593750000000,    0.01093750000000,    1.36200287557869,    0.00000000000000,    1.36200287557869,    0.00000280196080,   -0.00000000000000,    0.00000381627867,    1.35748262280304,    0.00000000000000,    1.35748262280304,    7.43884839739774,    0.00000000000000,
  508,    5,    1.58593750000000,    0.01406250000000,    1.36200287557869,    0.00000000000000,    1.36200287557869,    0.00000280196080,   -0.00000000000000,    0.00000381627867,    1.35748262280304,    0.00000000000000,    1.35748262280304,    7.43884839739774,    0.00000000000000,
  509,    1,    1.58906250000000,    0.00156250000000,    1.36377354851697,    0.00000000000000,    1.36377354851697,    0.00000288021020,   -0.00000000000000,    0.00000392795448,    1.35925918925838,    0.00000000000000,    1.35925918925838,    7.71246507228338,    0.00000000000000,
  509,    2,    1.58906250000000,    0.00468750000000,    1.36377354851697,    0.00000000000000,    1.36377354851697,    0.00000288021020,   -0.00000000000000,    0.00000392795448,    1.35925918925838,    0.00000000000000,    1.35925918925838,    7.71246507228338,    0.00000000000000,
  509,    3,    1.58906250000000,    0.00781250000000,    1.36377354851697,    0.00000000000000,    1.36377354851697,    0.00000288021020,   -0.00000000000000,    0.00000392795448,    1.35925918925838,    0.00000000000000,    1.35925918925838,    7.71246507228338,    0.00000000000000,
  509,    4,    1.58906250000000,    0.01093750000000,    1.36377354851697,    0.00000000000000,    1.36377354851697,    0.00000288021020,   -0.00000000000000,    0.00000392795448,    1.35925918925838,    0.00000000000000,    1.35925918925838,    7.71246507228338,    0.00000000000000,
  509,    5,    1.58906250000000,    0.01406250000000,    1.36377354851697,    0.00000000000000,    1.36377354851697,    0.00000288021020,   -0.00000000000000,    0.00000392795448,    1.35925918925838,    0.00000000000000,    1.35925918925838,    7.71246507228338,    0.00000000000000,
  510,    1,    1.59218750000000,    0.00156250000000,    1.36560578917489,    0.00000000000000,    1.36560578917489,    0.00000295607731,   -0.00000000000000,    0.00000403683628,    1.36109751164666,    0.00000000000000,    1.36109751164666,    7.98638958332620,    0.00000000000000,
  510,    2,    1.59218750000000,    0.00468750000000,    1.36560578917489,    0.00000000000000,    1.36560578917489,    0.00000295607731,   -0.00000000000000,    0.00000403683628,    1.36109751164666,    0.00000000000000,    1.36109751164666,    7.98638958332620,    0.00000000000000,
  510,    3,    1.59218750000000,    0.00781250000000,    1.36560578917489,    0.00000000000000,    1.36560578917489,    0.00000295607731,   -0.00000000000000,    0.00000403683628,    1.36109751164666,    0.00000000000000,    1.36109751164666,    7.98638958332620,    0.00000000000000,
  510,    4,    1.59218750000000,    0.01093750000000,    1.36560578917489,    0.00000000000000,    1.36560578917489,    0.00000295607731,   -0.00000000000000,    0.00000403683628,    1.36109751164666,    0.00000000000000,    1.36109751164666,    7.98638958332620,    0.00000000000000,
  510,    5,    1.59218750000000,    0.01406250000000,    1.36560578917489,    0.00000000000000,    1.36560578917489,    0.00000295607731,   -0.00000000000000,    0.00000403683628,    1.36109751164666,    0.00000000000000,    1.36109751164666,    7.98638958332620,    0.00000000000000,
  511,    1,    1.59531250000000,    0.00156250000000,    1.36749942258564,    0.00000000000000,    1.36749942258564,    0.00000302950359,   -0.00000000000000,    0.00000414284441,    1.36299741278654,    0.00000000000000,    1.36299741278654,    8.26062827501880,    0.00000000000000,
  511,    2,    1.59531250000000,    0.00468750000000,    1.36749942258564,    0.00000000000000,    1.36749942258564,    0.00000302950359,   -0.00000000000000,    0.00000414284441,    1.36299741278654,    0.00000000000000,    1.36299741278654,    8.26062827501880,    0.00000000000000,
  511,    3,    1.59531250000000,    0.00781250000000,    1.36749942258564,    0.00000000000000,    1.36749942258564,    0.00000302950359,   -0.00000000000000,    0.00000414284441,    1.36299741278654,    0.00000000000000,    1.36299741278654,    8.26062827501880,    0.00000000000000,
  511,    4,    1.59531250000000,    0.01093750000000,    1.36749942258564,    0.00000000000000,    1.36749942258564,    0.00000302950359,   -0.00000000000000,    0.00000414284441,    1.36299741278654,    0.00000000000000,    1.36299741278654,    8.26062827501880,    0.00000000000000,
  511,    5,    1.59531250000000,    0.01406250000000,    1.36749942258564,    0.00000000000000,    1.36749942258564,    0.00000302950359,   -0.00000000000000,    0.00000414284441,    1.36299741278654,    0.00000000000000,    1.36299741278654,    8.26062827501880,    0.00000000000000,
  512,    1,    1.59843750000000,    0.00156250000000,    1.36945426790259,    0.00000000000000,    1.36945426790259,    0.00000310043279,   -0.00000000000000,    0.00000424590092,    1.36495870956160,    0.00000000000000,    1.36495870956160,    8.53518704369835,    0.00000000000000,
  512,    2,    1.59843750000000,    0.00468750000000,    1.36945426790259,    0.00000000000000,    1.36945426790259,    0.00000310043279,   -0.00000000000000,    0.00000424590092,    1.36495870956160,    0.00000000000000,    1.36495870956160,    8.53518704369835,    0.00000000000000,
  512,    3,    1.59843750000000,    0.00781250000000,    1.36945426790259,    0.00000000000000,    1.36945426790259,    0.00000310043279,   -0.00000000000000,    0.00000424590092,    1.36495870956160,    0.00000000000000,    1.36495870956160,    8.53518704369835,    0.00000000000000,
  512,    4,    1.59843750000000,    0.01093750000000,    1.36945426790259,    0.00000000000000,    1.36945426790259,    0.00000310043279,   -0.00000000000000,    0.00000424590092,    1.36495870956160,    0.00000000000000,    1.36495870956160,    8.53518704369835,    0.00000000000000,
  512,    5,    1.59843750000000,    0.01406250000000,    1.36945426790259,    0.00000000000000,    1.36945426790259,    0.00000310043279,   -0.00000000000000,    0.00000424590092,    1.36495870956160,    0.00000000000000,    1.36495870956160,    8.53518704369835,    0.00000000000000,
  513,    1,    1.60156250000000,    0.00156250000000,    1.37147013841495,    0.00000000000000,    1.37147013841495,    0.00000316881096,   -0.00000000000000,    0.00000434592961,    1.36698121293798,    0.00000000000000,    1.36698121293798,    8.81007132451546,    0.00000000000000,
  513,    2,    1.60156250000000,    0.00468750000000,    1.37147013841495,    0.00000000000000,    1.37147013841495,    0.00000316881096,   -0.00000000000000,    0.00000434592961,    1.36698121293798,    0.00000000000000,    1.36698121293798,    8.81007132451546,    0.00000000000000,
  513,    3,    1.60156250000000,    0.00781250000000,    1.37147013841495,    0.00000000000000,    1.37147013841495,    0.00000316881096,   -0.00000000000000,    0.00000434592961,    1.36698121293798,    0.00000000000000,    1.36698121293798,    8.81007132451546,    0.00000000000000,
  513,    4,    1.60156250000000,    0.01093750000000,    1.37147013841495,    0.00000000000000,    1.37147013841495,    0.00000316881096,   -0.00000000000000,    0.00000434592961,    1.36698121293798,    0.00000000000000,    1.36698121293798,    8.81007132451546,    0.00000000000000,
  513,    5,    1.60156250000000,    0.01406250000000,    1.37147013841495,    0.00000000000000,    1.37147013841495,    0.00000316881096,   -0.00000000000000,    0.00000434592961,    1.36698121293798,    0.00000000000000,    1.36698121293798,    8.81007132451546,    0.00000000000000,
  514,    1,    1.60468750000000,    0.00156250000000,    1.37354684156395,    0.00000000000000,    1.37354684156395,    0.00000323458650,   -0.00000000000000,    0.00000444285607,    1.36906472798257,    0.00000000000000,    1.36906472798257,    9.08528607861301,    0.00000000000000,
  514,    2,    1.60468750000000,    0.00468750000000,    1.37354684156395,    0.00000000000000,    1.37354684156395,    0.00000323458650,   -0.00000000000000,    0.00000444285607,    1.36906472798257,    0.00000000000000,    1.36906472798257,    9.08528607861301,    0.00000000000000,
  514,    3,    1.60468750000000,    0.00781250000000,    1.37354684156395,    0.00000000000000,    1.37354684156395,    0.00000323458650,   -0.00000000000000,    0.00000444285607,    1.36906472798257,    0.00000000000000,    1.36906472798257,    9.08528607861301,    0.00000000000000,
  514,    4,    1.60468750000000,    0.01093750000000,    1.37354684156395,    0.00000000000000,    1.37354684156395,    0.00000323458650,   -0.00000000000000,    0.00000444285607,    1.36906472798257,    0.00000000000000,    1.36906472798257,    9.08528607861301,    0.00000000000000,
  514,    5,    1.60468750000000,    0.01406250000000,    1.37354684156395,    0.00000000000000,    1.37354684156395,    0.00000323458650,   -0.00000000000000,    0.00000444285607,    1.36906472798257,    0.00000000000000,    1.36906472798257,    9.08528607861301,    0.00000000000000,
  515,    1,    1.60781250000000,    0.00156250000000,    1.37568417895992,    0.00000000000000,    1.37568417895992,    0.00000329771017,   -0.00000000000000,    0.00000453660771,    1.37120905388188,    0.00000000000000,    1.37120905388188,    9.36083578052144,    0.00000000000000,
  515,    2,    1.60781250000000,    0.00468750000000,    1.37568417895992,    0.00000000000000,    1.37568417895992,    0.00000329771017,   -0.00000000000000,    0.00000453660771,    1.37120905388188,    0.00000000000000,    1.37120905388188,    9.36083578052144,    0.00000000000000,
  515,    3,    1.60781250000000,    0.00781250000000,    1.37568417895992,    0.00000000000000,    1.37568417895992,    0.00000329771017,   -0.00000000000000,    0.00000453660771,    1.37120905388188,    0.00000000000000,    1.37120905388188,    9.36083578052144,    0.00000000000000,
  515,    4,    1.60781250000000,    0.01093750000000,    1.37568417895992,    0.00000000000000,    1.37568417895992,    0.00000329771017,   -0.00000000000000,    0.00000453660771,    1.37120905388188,    0.00000000000000,    1.37120905388188,    9.36083578052144,    0.00000000000000,
  515,    5,    1.60781250000000,    0.01406250000000,    1.37568417895992,    0.00000000000000,    1.37568417895992,    0.00000329771017,   -0.00000000000000,    0.00000453660771,    1.37120905388188,    0.00000000000000,    1.37120905388188,    9.36083578052144,    0.00000000000000,
  516,    1,    1.61093750000000,    0.00156250000000,    1.37788194639943,    0.00000000000000,    1.37788194639943,    0.00000335813510,   -0.00000000000000,    0.00000462711373,    1.37341398396131,    0.00000000000000,    1.37341398396131,    9.63672440577644,    0.00000000000000,
  516,    2,    1.61093750000000,    0.00468750000000,    1.37788194639943,    0.00000000000000,    1.37788194639943,    0.00000335813510,   -0.00000000000000,    0.00000462711373,    1.37341398396131,    0.00000000000000,    1.37341398396131,    9.63672440577644,    0.00000000000000,
  516,    3,    1.61093750000000,    0.00781250000000,    1.37788194639943,    0.00000000000000,    1.37788194639943,    0.00000335813510,   -0.00000000000000,    0.00000462711373,    1.37341398396131,    0.00000000000000,    1.37341398396131,    9.63672440577644,    0.00000000000000,
  516,    4,    1.61093750000000,    0.01093750000000,    1.37788194639943,    0.00000000000000,    1.37788194639943,    0.00000335813510,   -0.00000000000000,    0.00000462711373,    1.37341398396131,    0.00000000000000,    1.37341398396131,    9.63672440577644,    0.00000000000000,
  516,    5,    1.61093750000000,    0.01406250000000,    1.37788194639943,    0.00000000000000,    1.37788194639943,    0.00000335813510,   -0.00000000000000,    0.00000462711373,    1.37341398396131,    0.00000000000000,    1.37341398396131,    9.63672440577644,    0.00000000000000,
  517,    1,    1.61406250000000,    0.00156250000000,    1.38013993388346,    0.00000000000000,    1.38013993388346,    0.00000341581686,   -0.00000000000000,    0.00000471430526,    1.37567930570511,    0.00000000000000,    1.37567930570511,    9.91295541876433,    0.00000000000000,
  517,    2,    1.61406250000000,    0.00468750000000,    1.38013993388346,    0.00000000000000,    1.38013993388346,    0.00000341581686,   -0.00000000000000,    0.00000471430526,    1.37567930570511,    0.00000000000000,    1.37567930570511,    9.91295541876433,    0.00000000000000,
  517,    3,    1.61406250000000,    0.00781250000000,    1.38013993388346,    0.00000000000000,    1.38013993388346,    0.00000341581686,   -0.00000000000000,    0.00000471430526,    1.37567930570511,    0.00000000000000,    1.37567930570511,    9.91295541876433,    0.00000000000000,
  517,    4,    1.61406250000000,    0.01093750000000,    1.38013993388346,    0.00000000000000,    1.38013993388346,    0.00000341581686,   -0.00000000000000,    0.00000471430526,    1.37567930570511,    0.00000000000000,    1.37567930570511,    9.91295541876433,    0.00000000000000,
  517,    5,    1.61406250000000,    0.01406250000000,    1.38013993388346,    0.00000000000000,    1.38013993388346,    0.00000341581686,   -0.00000000000000,    0.00000471430526,    1.37567930570511,    0.00000000000000,    1.37567930570511,    9.91295541876433,    0.00000000000000,
  518,    1,    1.61718750000000,    0.00156250000000,    1.38245792563567,    0.00000000000000,    1.38245792563567,    0.00000347071340,   -0.00000000000000,    0.00000479811524,    1.37800480077684,    0.00000000000000,    1.37800480077684,   10.18953176080134,    0.00000000000000,
  518,    2,    1.61718750000000,    0.00468750000000,    1.38245792563567,    0.00000000000000,    1.38245792563567,    0.00000347071340,   -0.00000000000000,    0.00000479811524,    1.37800480077684,    0.00000000000000,    1.37800480077684,   10.18953176080134,    0.00000000000000,
  518,    3,    1.61718750000000,    0.00781250000000,    1.38245792563567,    0.00000000000000,    1.38245792563567,    0.00000347071340,   -0.00000000000000,    0.00000479811524,    1.37800480077684,    0.00000000000000,    1.37800480077684,   10.18953176080134,    0.00000000000000,
  518,    4,    1.61718750000000,    0.01093750000000,    1.38245792563567,    0.00000000000000,    1.38245792563567,    0.00000347071340,   -0.00000000000000,    0.00000479811524,    1.37800480077684,    0.00000000000000,    1.37800480077684,   10.18953176080134,    0.00000000000000,
  518,    5,    1.61718750000000,    0.01406250000000,    1.38245792563567,    0.00000000000000,    1.38245792563567,    0.00000347071340,   -0.00000000000000,    0.00000479811524,    1.37800480077684,    0.00000000000000,    1.37800480077684,   10.18953176080134,    0.00000000000000,
  519,    1,    1.62031250000000,    0.00156250000000,    1.38483570012158,    0.00000000000000,    1.38483570012158,    0.00000352278511,   -0.00000000000000,    0.00000487847858,    1.38039024504046,    0.00000000000000,    1.38039024504046,   10.46645583845250,    0.00000000000000,
  519,    2,    1.62031250000000,    0.00468750000000,    1.38483570012158,    0.00000000000000,    1.38483570012158,    0.00000352278511,   -0.00000000000000,    0.00000487847858,    1.38039024504046,    0.00000000000000,    1.38039024504046,   10.46645583845250,    0.00000000000000,
  519,    3,    1.62031250000000,    0.00781250000000,    1.38483570012158,    0.00000000000000,    1.38483570012158,    0.00000352278511,   -0.00000000000000,    0.00000487847858,    1.38039024504046,    0.00000000000000,    1.38039024504046,   10.46645583845250,    0.00000000000000,
  519,    4,    1.62031250000000,    0.01093750000000,    1.38483570012158,    0.00000000000000,    1.38483570012158,    0.00000352278511,   -0.00000000000000,    0.00000487847858,    1.38039024504046,    0.00000000000000,    1.38039024504046,   10.46645583845250,    0.00000000000000,
  519,    5,    1.62031250000000,    0.01406250000000,    1.38483570012158,    0.00000000000000,    1.38483570012158,    0.00000352278511,   -0.00000000000000,    0.00000487847858,    1.38039024504046,    0.00000000000000,    1.38039024504046,   10.46645583845250,    0.00000000000000,
  520,    1,    1.62343750000000,    0.00156250000000,    1.38727303006811,    0.00000000000000,    1.38727303006811,    0.00000357199481,   -0.00000000000000,    0.00000495533207,    1.38283540858189,    0.00000000000000,    1.38283540858189,   10.74372951209475,    0.00000000000000,
  520,    2,    1.62343750000000,    0.00468750000000,    1.38727303006811,    0.00000000000000,    1.38727303006811,    0.00000357199481,   -0.00000000000000,    0.00000495533207,    1.38283540858189,    0.00000000000000,    1.38283540858189,   10.74372951209475,    0.00000000000000,
  520,    3,    1.62343750000000,    0.00781250000000,    1.38727303006811,    0.00000000000000,    1.38727303006811,    0.00000357199481,   -0.00000000000000,    0.00000495533207,    1.38283540858189,    0.00000000000000,    1.38283540858189,   10.74372951209475,    0.00000000000000,
  520,    4,    1.62343750000000,    0.01093750000000,    1.38727303006811,    0.00000000000000,    1.38727303006811,    0.00000357199481,   -0.00000000000000,    0.00000495533207,    1.38283540858189,    0.00000000000000,    1.38283540858189,   10.74372951209475,    0.00000000000000,
  520,    5,    1.62343750000000,    0.01406250000000,    1.38727303006811,    0.00000000000000,    1.38727303006811,    0.00000357199481,   -0.00000000000000,    0.00000495533207,    1.38283540858189,    0.00000000000000,    1.38283540858189,   10.74372951209475,    0.00000000000000,
  521,    1,    1.62656250000000,    0.00156250000000,    1.38976968248377,    0.00000000000000,    1.38976968248377,    0.00000361830779,   -0.00000000000000,    0.00000502861447,    1.38534005573117,    0.00000000000000,    1.38534005573117,   11.02135408473094,    0.00000000000000,
  521,    2,    1.62656250000000,    0.00468750000000,    1.38976968248377,    0.00000000000000,    1.38976968248377,    0.00000361830779,   -0.00000000000000,    0.00000502861447,    1.38534005573117,    0.00000000000000,    1.38534005573117,   11.02135408473094,    0.00000000000000,
  521,    3,    1.62656250000000,    0.00781250000000,    1.38976968248377,    0.00000000000000,    1.38976968248377,    0.00000361830779,   -0.00000000000000,    0.00000502861447,    1.38534005573117,    0.00000000000000,    1.38534005573117,   11.02135408473094,    0.00000000000000,
  521,    4,    1.62656250000000,    0.01093750000000,    1.38976968248377,    0.00000000000000,    1.38976968248377,    0.00000361830779,   -0.00000000000000,    0.00000502861447,    1.38534005573117,    0.00000000000000,    1.38534005573117,   11.02135408473094,    0.00000000000000,
  521,    5,    1.62656250000000,    0.01406250000000,    1.38976968248377,    0.00000000000000,    1.38976968248377,    0.00000361830779,   -0.00000000000000,    0.00000502861447,    1.38534005573117,    0.00000000000000,    1.38534005573117,   11.02135408473094,    0.00000000000000,
  522,    1,    1.62968750000000,    0.00156250000000,    1.39232541867923,    0.00000000000000,    1.39232541867923,    0.00000366169174,   -0.00000000000000,    0.00000509826649,    1.38790394508520,    0.00000000000000,    1.38790394508520,   11.29933029105925,    0.00000000000000,
  522,    2,    1.62968750000000,    0.00468750000000,    1.39232541867923,    0.00000000000000,    1.39232541867923,    0.00000366169174,   -0.00000000000000,    0.00000509826649,    1.38790394508520,    0.00000000000000,    1.38790394508520,   11.29933029105925,    0.00000000000000,
  522,    3,    1.62968750000000,    0.00781250000000,    1.39232541867923,    0.00000000000000,    1.39232541867923,    0.00000366169174,   -0.00000000000000,    0.00000509826649,    1.38790394508520,    0.00000000000000,    1.38790394508520,   11.29933029105925,    0.00000000000000,
  522,    4,    1.62968750000000,    0.01093750000000,    1.39232541867923,    0.00000000000000,    1.39232541867923,    0.00000366169174,   -0.00000000000000,    0.00000509826649,    1.38790394508520,    0.00000000000000,    1.38790394508520,   11.29933029105925,    0.00000000000000,
  522,    5,    1.62968750000000,    0.01406250000000,    1.39232541867923,    0.00000000000000,    1.39232541867923,    0.00000366169174,   -0.00000000000000,    0.00000509826649,    1.38790394508520,    0.00000000000000,    1.38790394508520,   11.29933029105925,    0.00000000000000,
  523,    1,    1.63281250000000,    0.00156250000000,    1.39493999428870,    0.00000000000000,    1.39493999428870,    0.00000370211683,   -0.00000000000000,    0.00000516423083,    1.39052682953098,    0.00000000000000,    1.39052682953098,   11.57765828680325,    0.00000000000000,
  523,    2,    1.63281250000000,    0.00468750000000,    1.39493999428870,    0.00000000000000,    1.39493999428870,    0.00000370211683,   -0.00000000000000,    0.00000516423083,    1.39052682953098,    0.00000000000000,    1.39052682953098,   11.57765828680325,    0.00000000000000,
  523,    3,    1.63281250000000,    0.00781250000000,    1.39493999428870,    0.00000000000000,    1.39493999428870,    0.00000370211683,   -0.00000000000000,    0.00000516423083,    1.39052682953098,    0.00000000000000,    1.39052682953098,   11.57765828680325,    0.00000000000000,
  523,    4,    1.63281250000000,    0.01093750000000,    1.39493999428870,    0.00000000000000,    1.39493999428870,    0.00000370211683,   -0.00000000000000,    0.00000516423083,    1.39052682953098,    0.00000000000000,    1.39052682953098,   11.57765828680325,    0.00000000000000,
  523,    5,    1.63281250000000,    0.01406250000000,    1.39493999428870,    0.00000000000000,    1.39493999428870,    0.00000370211683,   -0.00000000000000,    0.00000516423083,    1.39052682953098,    0.00000000000000,    1.39052682953098,   11.57765828680325,    0.00000000000000,
  524,    1,    1.63593750000000,    0.00156250000000,    1.39761315929164,    0.00000000000000,    1.39761315929164,    0.00000373955565,   -0.00000000000000,    0.00000522645218,    1.39320845626945,    0.00000000000000,    1.39320845626945,   11.85633763830820,    0.00000000000000,
  524,    2,    1.63593750000000,    0.00468750000000,    1.39761315929164,    0.00000000000000,    1.39761315929164,    0.00000373955565,   -0.00000000000000,    0.00000522645218,    1.39320845626945,    0.00000000000000,    1.39320845626945,   11.85633763830820,    0.00000000000000,
  524,    3,    1.63593750000000,    0.00781250000000,    1.39761315929164,    0.00000000000000,    1.39761315929164,    0.00000373955565,   -0.00000000000000,    0.00000522645218,    1.39320845626945,    0.00000000000000,    1.39320845626945,   11.85633763830820,    0.00000000000000,
  524,    4,    1.63593750000000,    0.01093750000000,    1.39761315929164,    0.00000000000000,    1.39761315929164,    0.00000373955565,   -0.00000000000000,    0.00000522645218,    1.39320845626945,    0.00000000000000,    1.39320845626945,   11.85633763830820,    0.00000000000000,
  524,    5,    1.63593750000000,    0.01406250000000,    1.39761315929164,    0.00000000000000,    1.39761315929164,    0.00000373955565,   -0.00000000000000,    0.00000522645218,    1.39320845626945,    0.00000000000000,    1.39320845626945,   11.85633763830820,    0.00000000000000,
  525,    1,    1.63906250000000,    0.00156250000000,    1.40034465803512,    0.00000000000000,    1.40034465803512,    0.00000377398323,   -0.00000000000000,    0.00000528487725,    1.39594856683986,    0.00000000000000,    1.39594856683986,   12.13536731240811,    0.00000000000000,
  525,    2,    1.63906250000000,    0.00468750000000,    1.40034465803512,    0.00000000000000,    1.40034465803512,    0.00000377398323,   -0.00000000000000,    0.00000528487725,    1.39594856683986,    0.00000000000000,    1.39594856683986,   12.13536731240811,    0.00000000000000,
  525,    3,    1.63906250000000,    0.00781250000000,    1.40034465803512,    0.00000000000000,    1.40034465803512,    0.00000377398323,   -0.00000000000000,    0.00000528487725,    1.39594856683986,    0.00000000000000,    1.39594856683986,   12.13536731240811,    0.00000000000000,
  525,    4,    1.63906250000000,    0.01093750000000,    1.40034465803512,    0.00000000000000,    1.40034465803512,    0.00000377398323,   -0.00000000000000,    0.00000528487725,    1.39594856683986,    0.00000000000000,    1.39594856683986,   12.13536731240811,    0.00000000000000,
  525,    5,    1.63906250000000,    0.01406250000000,    1.40034465803512,    0.00000000000000,    1.40034465803512,    0.00000377398323,   -0.00000000000000,    0.00000528487725,    1.39594856683986,    0.00000000000000,    1.39594856683986,   12.13536731240811,    0.00000000000000,
  526,    1,    1.64218750000000,    0.00156250000000,    1.40313422925682,    0.00000000000000,    1.40313422925682,    0.00000380537702,   -0.00000000000000,    0.00000533945475,    1.39874689714463,    0.00000000000000,    1.39874689714463,   12.41474566656864,    0.00000000000000,
  526,    2,    1.64218750000000,    0.00468750000000,    1.40313422925682,    0.00000000000000,    1.40313422925682,    0.00000380537702,   -0.00000000000000,    0.00000533945475,    1.39874689714463,    0.00000000000000,    1.39874689714463,   12.41474566656864,    0.00000000000000,
  526,    3,    1.64218750000000,    0.00781250000000,    1.40313422925682,    0.00000000000000,    1.40313422925682,    0.00000380537702,   -0.00000000000000,    0.00000533945475,    1.39874689714463,    0.00000000000000,    1.39874689714463,   12.41474566656864,    0.00000000000000,
  526,    4,    1.64218750000000,    0.01093750000000,    1.40313422925682,    0.00000000000000,    1.40313422925682,    0.00000380537702,   -0.00000000000000,    0.00000533945475,    1.39874689714463,    0.00000000000000,    1.39874689714463,   12.41474566656864,    0.00000000000000,
  526,    5,    1.64218750000000,    0.01406250000000,    1.40313422925682,    0.00000000000000,    1.40313422925682,    0.00000380537702,   -0.00000000000000,    0.00000533945475,    1.39874689714463,    0.00000000000000,    1.39874689714463,   12.41474566656864,    0.00000000000000,
  527,    1,    1.64531250000000,    0.00156250000000,    1.40598160610826,    0.00000000000000,    1.40598160610826,    0.00000383371689,   -0.00000000000000,    0.00000539013543,    1.40160317747486,    0.00000000000000,    1.40160317747486,   12.69447043931084,    0.00000000000000,
  527,    2,    1.64531250000000,    0.00468750000000,    1.40598160610826,    0.00000000000000,    1.40598160610826,    0.00000383371689,   -0.00000000000000,    0.00000539013543,    1.40160317747486,    0.00000000000000,    1.40160317747486,   12.69447043931084,    0.00000000000000,
  527,    3,    1.64531250000000,    0.00781250000000,    1.40598160610826,    0.00000000000000,    1.40598160610826,    0.00000383371689,   -0.00000000000000,    0.00000539013543,    1.40160317747486,    0.00000000000000,    1.40160317747486,   12.69447043931084,    0.00000000000000,
  527,    4,    1.64531250000000,    0.01093750000000,    1.40598160610826,    0.00000000000000,    1.40598160610826,    0.00000383371689,   -0.00000000000000,    0.00000539013543,    1.40160317747486,    0.00000000000000,    1.40160317747486,   12.69447043931084,    0.00000000000000,
  527,    5,    1.64531250000000,    0.01406250000000,    1.40598160610826,    0.00000000000000,    1.40598160610826,    0.00000383371689,   -0.00000000000000,    0.00000539013543,    1.40160317747486,    0.00000000000000,    1.40160317747486,   12.69447043931084,    0.00000000000000,
  528,    1,    1.64843750000000,    0.00156250000000,    1.40888651617910,    0.00000000000000,    1.40888651617910,    0.00000385898513,   -0.00000000000000,    0.00000543687211,    1.40451713253632,    0.00000000000000,    1.40451713253632,   12.97453874091988,    0.00000000000000,
  528,    2,    1.64843750000000,    0.00468750000000,    1.40888651617910,    0.00000000000000,    1.40888651617910,    0.00000385898513,   -0.00000000000000,    0.00000543687211,    1.40451713253632,    0.00000000000000,    1.40451713253632,   12.97453874091988,    0.00000000000000,
  528,    3,    1.64843750000000,    0.00781250000000,    1.40888651617910,    0.00000000000000,    1.40888651617910,    0.00000385898513,   -0.00000000000000,    0.00000543687211,    1.40451713253632,    0.00000000000000,    1.40451713253632,   12.97453874091988,    0.00000000000000,
  528,    4,    1.64843750000000,    0.01093750000000,    1.40888651617910,    0.00000000000000,    1.40888651617910,    0.00000385898513,   -0.00000000000000,    0.00000543687211,    1.40451713253632,    0.00000000000000,    1.40451713253632,   12.97453874091988,    0.00000000000000,
  528,    5,    1.64843750000000,    0.01406250000000,    1.40888651617910,    0.00000000000000,    1.40888651617910,    0.00000385898513,   -0.00000000000000,    0.00000543687211,    1.40451713253632,    0.00000000000000,    1.40451713253632,   12.97453874091988,    0.00000000000000,
  529,    1,    1.65156250000000,    0.00156250000000,    1.41184868152145,    0.00000000000000,    1.41184868152145,    0.00000388116639,   -0.00000000000000,    0.00000547961965,    1.40748848147595,    0.00000000000000,    1.40748848147595,   13.25494704444400,    0.00000000000000,
  529,    2,    1.65156250000000,    0.00468750000000,    1.41184868152145,    0.00000000000000,    1.41184868152145,    0.00000388116639,   -0.00000000000000,    0.00000547961965,    1.40748848147595,    0.00000000000000,    1.40748848147595,   13.25494704444400,    0.00000000000000,
  529,    3,    1.65156250000000,    0.00781250000000,    1.41184868152145,    0.00000000000000,    1.41184868152145,    0.00000388116639,   -0.00000000000000,    0.00000547961965,    1.40748848147595,    0.00000000000000,    1.40748848147595,   13.25494704444400,    0.00000000000000,
  529,    4,    1.65156250000000,    0.01093750000000,    1.41184868152145,    0.00000000000000,    1.41184868152145,    0.00000388116639,   -0.00000000000000,    0.00000547961965,    1.40748848147595,    0.00000000000000,    1.40748848147595,   13.25494704444400,    0.00000000000000,
  529,    5,    1.65156250000000,    0.01406250000000,    1.41184868152145,    0.00000000000000,    1.41184868152145,    0.00000388116639,   -0.00000000000000,    0.00000547961965,    1.40748848147595,    0.00000000000000,    1.40748848147595,   13.25494704444400,    0.00000000000000,
  530,    1,    1.65468750000000,    0.00156250000000,    1.41486781867511,    0.00000000000000,    1.41486781867511,    0.00000390024771,   -0.00000000000000,    0.00000551833497,    1.41051693790896,    0.00000000000000,    1.41051693790896,   13.53569117698755,    0.00000000000000,
  530,    2,    1.65468750000000,    0.00468750000000,    1.41486781867511,    0.00000000000000,    1.41486781867511,    0.00000390024771,   -0.00000000000000,    0.00000551833497,    1.41051693790896,    0.00000000000000,    1.41051693790896,   13.53569117698755,    0.00000000000000,
  530,    3,    1.65468750000000,    0.00781250000000,    1.41486781867511,    0.00000000000000,    1.41486781867511,    0.00000390024771,   -0.00000000000000,    0.00000551833497,    1.41051693790896,    0.00000000000000,    1.41051693790896,   13.53569117698755,    0.00000000000000,
  530,    4,    1.65468750000000,    0.01093750000000,    1.41486781867511,    0.00000000000000,    1.41486781867511,    0.00000390024771,   -0.00000000000000,    0.00000551833497,    1.41051693790896,    0.00000000000000,    1.41051693790896,   13.53569117698755,    0.00000000000000,
  530,    5,    1.65468750000000,    0.01406250000000,    1.41486781867511,    0.00000000000000,    1.41486781867511,    0.00000390024771,   -0.00000000000000,    0.00000551833497,    1.41051693790896,    0.00000000000000,    1.41051693790896,   13.53569117698755,    0.00000000000000,
  531,    1,    1.65781250000000,    0.00156250000000,    1.41794363869320,    0.00000000000000,    1.41794363869320,    0.00000391621849,   -0.00000000000000,    0.00000555297709,    1.41360220994641,    0.00000000000000,    1.41360220994641,   13.81676631130273,    0.00000000000000,
  531,    2,    1.65781250000000,    0.00468750000000,    1.41794363869320,    0.00000000000000,    1.41794363869320,    0.00000391621849,   -0.00000000000000,    0.00000555297709,    1.41360220994641,    0.00000000000000,    1.41360220994641,   13.81676631130273,    0.00000000000000,
  531,    3,    1.65781250000000,    0.00781250000000,    1.41794363869320,    0.00000000000000,    1.41794363869320,    0.00000391621849,   -0.00000000000000,    0.00000555297709,    1.41360220994641,    0.00000000000000,    1.41360220994641,   13.81676631130273,    0.00000000000000,
  531,    4,    1.65781250000000,    0.01093750000000,    1.41794363869320,    0.00000000000000,    1.41794363869320,    0.00000391621849,   -0.00000000000000,    0.00000555297709,    1.41360220994641,    0.00000000000000,    1.41360220994641,   13.81676631130273,    0.00000000000000,
  531,    5,    1.65781250000000,    0.01406250000000,    1.41794363869320,    0.00000000000000,    1.41794363869320,    0.00000391621849,   -0.00000000000000,    0.00000555297709,    1.41360220994641,    0.00000000000000,    1.41360220994641,   13.81676631130273,    0.00000000000000,
  532,    1,    1.66093750000000,    0.00156250000000,    1.42107584716831,    0.00000000000000,    1.42107584716831,    0.00000392907043,   -0.00000000000000,    0.00000558350709,    1.41674400022336,    0.00000000000000,    1.41674400022336,   14.09816695768418,    0.00000000000000,
  532,    2,    1.66093750000000,    0.00468750000000,    1.42107584716831,    0.00000000000000,    1.42107584716831,    0.00000392907043,   -0.00000000000000,    0.00000558350709,    1.41674400022336,    0.00000000000000,    1.41674400022336,   14.09816695768418,    0.00000000000000,
  532,    3,    1.66093750000000,    0.00781250000000,    1.42107584716831,    0.00000000000000,    1.42107584716831,    0.00000392907043,   -0.00000000000000,    0.00000558350709,    1.41674400022336,    0.00000000000000,    1.41674400022336,   14.09816695768418,    0.00000000000000,
  532,    4,    1.66093750000000,    0.01093750000000,    1.42107584716831,    0.00000000000000,    1.42107584716831,    0.00000392907043,   -0.00000000000000,    0.00000558350709,    1.41674400022336,    0.00000000000000,    1.41674400022336,   14.09816695768418,    0.00000000000000,
  532,    5,    1.66093750000000,    0.01406250000000,    1.42107584716831,    0.00000000000000,    1.42107584716831,    0.00000392907043,   -0.00000000000000,    0.00000558350709,    1.41674400022336,    0.00000000000000,    1.41674400022336,   14.09816695768418,    0.00000000000000,
  533,    1,    1.66406250000000,    0.00156250000000,    1.42426414425943,    0.00000000000000,    1.42426414425943,    0.00000393879758,   -0.00000000000000,    0.00000560988816,    1.41994200592753,    0.00000000000000,    1.41994200592753,   14.37988695617064,    0.00000000000000,
  533,    2,    1.66406250000000,    0.00468750000000,    1.42426414425943,    0.00000000000000,    1.42426414425943,    0.00000393879758,   -0.00000000000000,    0.00000560988816,    1.41994200592753,    0.00000000000000,    1.41994200592753,   14.37988695617064,    0.00000000000000,
  533,    3,    1.66406250000000,    0.00781250000000,    1.42426414425943,    0.00000000000000,    1.42426414425943,    0.00000393879758,   -0.00000000000000,    0.00000560988816,    1.41994200592753,    0.00000000000000,    1.41994200592753,   14.37988695617064,    0.00000000000000,
  533,    4,    1.66406250000000,    0.01093750000000,    1.42426414425943,    0.00000000000000,    1.42426414425943,    0.00000393879758,   -0.00000000000000,    0.00000560988816,    1.41994200592753,    0.00000000000000,    1.41994200592753,   14.37988695617064,    0.00000000000000,
  533,    5,    1.66406250000000,    0.01406250000000,    1.42426414425943,    0.00000000000000,    1.42426414425943,    0.00000393879758,   -0.00000000000000,    0.00000560988816,    1.41994200592753,    0.00000000000000,    1.41994200592753,   14.37988695617064,    0.00000000000000,
  534,    1,    1.66718750000000,    0.00156250000000,    1.42750822471900,    0.00000000000000,    1.42750822471900,    0.00000394539625,   -0.00000000000000,    0.00000563208559,    1.42319591882846,    0.00000000000000,    1.42319591882846,   14.66191946905733,    0.00000000000000,
  534,    2,    1.66718750000000,    0.00468750000000,    1.42750822471900,    0.00000000000000,    1.42750822471900,    0.00000394539625,   -0.00000000000000,    0.00000563208559,    1.42319591882846,    0.00000000000000,    1.42319591882846,   14.66191946905733,    0.00000000000000,
  534,    3,    1.66718750000000,    0.00781250000000,    1.42750822471900,    0.00000000000000,    1.42750822471900,    0.00000394539625,   -0.00000000000000,    0.00000563208559,    1.42319591882846,    0.00000000000000,    1.42319591882846,   14.66191946905733,    0.00000000000000,
  534,    4,    1.66718750000000,    0.01093750000000,    1.42750822471900,    0.00000000000000,    1.42750822471900,    0.00000394539625,   -0.00000000000000,    0.00000563208559,    1.42319591882846,    0.00000000000000,    1.42319591882846,   14.66191946905733,    0.00000000000000,
  534,    5,    1.66718750000000,    0.01406250000000,    1.42750822471900,    0.00000000000000,    1.42750822471900,    0.00000394539625,   -0.00000000000000,    0.00000563208559,    1.42319591882846,    0.00000000000000,    1.42319591882846,   14.66191946905733,    0.00000000000000,
  535,    1,    1.67031250000000,    0.00156250000000,    1.43080777792103,    0.00000000000000,    1.43080777792103,    0.00000394886501,   -0.00000000000000,    0.00000565006678,    1.42650542530726,    0.00000000000000,    1.42650542530726,   14.94425697372308,    0.00000000000000,
  535,    2,    1.67031250000000,    0.00468750000000,    1.43080777792103,    0.00000000000000,    1.43080777792103,    0.00000394886501,   -0.00000000000000,    0.00000565006678,    1.42650542530726,    0.00000000000000,    1.42650542530726,   14.94425697372308,    0.00000000000000,
  535,    3,    1.67031250000000,    0.00781250000000,    1.43080777792103,    0.00000000000000,    1.43080777792103,    0.00000394886501,   -0.00000000000000,    0.00000565006678,    1.42650542530726,    0.00000000000000,    1.42650542530726,   14.94425697372308,    0.00000000000000,
  535,    4,    1.67031250000000,    0.01093750000000,    1.43080777792103,    0.00000000000000,    1.43080777792103,    0.00000394886501,   -0.00000000000000,    0.00000565006678,    1.42650542530726,    0.00000000000000,    1.42650542530726,   14.94425697372308,    0.00000000000000,
  535,    5,    1.67031250000000,    0.01406250000000,    1.43080777792103,    0.00000000000000,    1.43080777792103,    0.00000394886501,   -0.00000000000000,    0.00000565006678,    1.42650542530726,    0.00000000000000,    1.42650542530726,   14.94425697372308,    0.00000000000000,
  536,    1,    1.67343750000000,    0.00156250000000,    1.43416248788931,    0.00000000000000,    1.43416248788931,    0.00000394920469,   -0.00000000000000,    0.00000566380123,    1.42987020638682,    0.00000000000000,    1.42987020638682,   15.22689125577610,    0.00000000000000,
  536,    2,    1.67343750000000,    0.00468750000000,    1.43416248788931,    0.00000000000000,    1.43416248788931,    0.00000394920469,   -0.00000000000000,    0.00000566380123,    1.42987020638682,    0.00000000000000,    1.42987020638682,   15.22689125577610,    0.00000000000000,
  536,    3,    1.67343750000000,    0.00781250000000,    1.43416248788931,    0.00000000000000,    1.43416248788931,    0.00000394920469,   -0.00000000000000,    0.00000566380123,    1.42987020638682,    0.00000000000000,    1.42987020638682,   15.22689125577610,    0.00000000000000,
  536,    4,    1.67343750000000,    0.01093750000000,    1.43416248788931,    0.00000000000000,    1.43416248788931,    0.00000394920469,   -0.00000000000000,    0.00000566380123,    1.42987020638682,    0.00000000000000,    1.42987020638682,   15.22689125577610,    0.00000000000000,
  536,    5,    1.67343750000000,    0.01406250000000,    1.43416248788931,    0.00000000000000,    1.43416248788931,    0.00000394920469,   -0.00000000000000,    0.00000566380123,    1.42987020638682,    0.00000000000000,    1.42987020638682,   15.22689125577610,    0.00000000000000,
  537,    1,    1.67656250000000,    0.00156250000000,    1.43757203332645,    0.00000000000000,    1.43757203332645,    0.00000394641830,   -0.00000000000000,    0.00000567326058,    1.43328993776251,    0.00000000000000,    1.43328993776251,   15.50981340252154,    0.00000000000000,
  537,    2,    1.67656250000000,    0.00468750000000,    1.43757203332645,    0.00000000000000,    1.43757203332645,    0.00000394641830,   -0.00000000000000,    0.00000567326058,    1.43328993776251,    0.00000000000000,    1.43328993776251,   15.50981340252154,    0.00000000000000,
  537,    3,    1.67656250000000,    0.00781250000000,    1.43757203332645,    0.00000000000000,    1.43757203332645,    0.00000394641830,   -0.00000000000000,    0.00000567326058,    1.43328993776251,    0.00000000000000,    1.43328993776251,   15.50981340252154,    0.00000000000000,
  537,    4,    1.67656250000000,    0.01093750000000,    1.43757203332645,    0.00000000000000,    1.43757203332645,    0.00000394641830,   -0.00000000000000,    0.00000567326058,    1.43328993776251,    0.00000000000000,    1.43328993776251,   15.50981340252154,    0.00000000000000,
  537,    5,    1.67656250000000,    0.01406250000000,    1.43757203332645,    0.00000000000000,    1.43757203332645,    0.00000394641830,   -0.00000000000000,    0.00000567326058,    1.43328993776251,    0.00000000000000,    1.43328993776251,   15.50981340252154,    0.00000000000000,
  538,    1,    1.67968750000000,    0.00156250000000,    1.44103608764328,    0.00000000000000,    1.44103608764328,    0.00000394051103,   -0.00000000000000,    0.00000567841860,    1.43676428983353,    0.00000000000000,    1.43676428983353,   15.79301379675473,    0.00000000000000,
  538,    2,    1.67968750000000,    0.00468750000000,    1.44103608764328,    0.00000000000000,    1.44103608764328,    0.00000394051103,   -0.00000000000000,    0.00000567841860,    1.43676428983353,    0.00000000000000,    1.43676428983353,   15.79301379675473,    0.00000000000000,
  538,    3,    1.67968750000000,    0.00781250000000,    1.44103608764328,    0.00000000000000,    1.44103608764328,    0.00000394051103,   -0.00000000000000,    0.00000567841860,    1.43676428983353,    0.00000000000000,    1.43676428983353,   15.79301379675473,    0.00000000000000,
  538,    4,    1.67968750000000,    0.01093750000000,    1.44103608764328,    0.00000000000000,    1.44103608764328,    0.00000394051103,   -0.00000000000000,    0.00000567841860,    1.43676428983353,    0.00000000000000,    1.43676428983353,   15.79301379675473,    0.00000000000000,
  538,    5,    1.67968750000000,    0.01406250000000,    1.44103608764328,    0.00000000000000,    1.44103608764328,    0.00000394051103,   -0.00000000000000,    0.00000567841860,    1.43676428983353,    0.00000000000000,    1.43676428983353,   15.79301379675473,    0.00000000000000,
  539,    1,    1.68281250000000,    0.00156250000000,    1.44455431898901,    0.00000000000000,    1.44455431898901,    0.00000393149023,   -0.00000000000000,    0.00000567925119,    1.44029292773458,    0.00000000000000,    1.44029292773458,   16.07648211088316,    0.00000000000000,
  539,    2,    1.68281250000000,    0.00468750000000,    1.44455431898901,    0.00000000000000,    1.44455431898901,    0.00000393149023,   -0.00000000000000,    0.00000567925119,    1.44029292773458,    0.00000000000000,    1.44029292773458,   16.07648211088316,    0.00000000000000,
  539,    3,    1.68281250000000,    0.00781250000000,    1.44455431898901,    0.00000000000000,    1.44455431898901,    0.00000393149023,   -0.00000000000000,    0.00000567925119,    1.44029292773458,    0.00000000000000,    1.44029292773458,   16.07648211088316,    0.00000000000000,
  539,    4,    1.68281250000000,    0.01093750000000,    1.44455431898901,    0.00000000000000,    1.44455431898901,    0.00000393149023,   -0.00000000000000,    0.00000567925119,    1.44029292773458,    0.00000000000000,    1.44029292773458,   16.07648211088316,    0.00000000000000,
  539,    5,    1.68281250000000,    0.01406250000000,    1.44455431898901,    0.00000000000000,    1.44455431898901,    0.00000393149023,   -0.00000000000000,    0.00000567925119,    1.44029292773458,    0.00000000000000,    1.44029292773458,   16.07648211088316,    0.00000000000000,
  540,    1,    1.68593750000000,    0.00156250000000,    1.44812639028165,    0.00000000000000,    1.44812639028165,    0.00000391936534,    0.00000000000000,    0.00000567573638,    1.44387551136819,    0.00000000000000,    1.44387551136819,   16.36020730138028,    0.00000000000000,
  540,    2,    1.68593750000000,    0.00468750000000,    1.44812639028165,    0.00000000000000,    1.44812639028165,    0.00000391936534,    0.00000000000000,    0.00000567573638,    1.44387551136819,    0.00000000000000,    1.44387551136819,   16.36020730138028,    0.00000000000000,
  540,    3,    1.68593750000000,    0.00781250000000,    1.44812639028165,    0.00000000000000,    1.44812639028165,    0.00000391936534,    0.00000000000000,    0.00000567573638,    1.44387551136819,    0.00000000000000,    1.44387551136819,   16.36020730138028,    0.00000000000000,
  540,    4,    1.68593750000000,    0.01093750000000,    1.44812639028165,    0.00000000000000,    1.44812639028165,    0.00000391936534,    0.00000000000000,    0.00000567573638,    1.44387551136819,    0.00000000000000,    1.44387551136819,   16.36020730138028,    0.00000000000000,
  540,    5,    1.68593750000000,    0.01406250000000,    1.44812639028165,    0.00000000000000,    1.44812639028165,    0.00000391936534,    0.00000000000000,    0.00000567573638,    1.44387551136819,    0.00000000000000,    1.44387551136819,   16.36020730138028,    0.00000000000000,
  541,    1,    1.68906250000000,    0.00156250000000,    1.45175195923918,    0.00000000000000,    1.45175195923918,    0.00000390414790,   -0.00000000000000,    0.00000566785436,    1.44751169543751,    0.00000000000000,    1.44751169543751,   16.64417760357478,    0.00000000000000,
  541,    2,    1.68906250000000,    0.00468750000000,    1.45175195923918,    0.00000000000000,    1.45175195923918,    0.00000390414790,   -0.00000000000000,    0.00000566785436,    1.44751169543751,    0.00000000000000,    1.44751169543751,   16.64417760357478,    0.00000000000000,
  541,    3,    1.68906250000000,    0.00781250000000,    1.45175195923918,    0.00000000000000,    1.45175195923918,    0.00000390414790,   -0.00000000000000,    0.00000566785436,    1.44751169543751,    0.00000000000000,    1.44751169543751,   16.64417760357478,    0.00000000000000,
  541,    4,    1.68906250000000,    0.01093750000000,    1.45175195923918,    0.00000000000000,    1.45175195923918,    0.00000390414790,   -0.00000000000000,    0.00000566785436,    1.44751169543751,    0.00000000000000,    1.44751169543751,   16.64417760357478,    0.00000000000000,
  541,    5,    1.68906250000000,    0.01406250000000,    1.45175195923918,    0.00000000000000,    1.45175195923918,    0.00000390414790,   -0.00000000000000,    0.00000566785436,    1.44751169543751,    0.00000000000000,    1.44751169543751,   16.64417760357478,    0.00000000000000,
  542,    1,    1.69218750000000,    0.00156250000000,    1.45543067841124,    0.00000000000000,    1.45543067841124,    0.00000388585147,    0.00000000000000,    0.00000565558745,    1.45120112947954,    0.00000000000000,    1.45120112947954,   16.92838052677736,    0.00000000000000,
  542,    2,    1.69218750000000,    0.00468750000000,    1.45543067841124,    0.00000000000000,    1.45543067841124,    0.00000388585147,    0.00000000000000,    0.00000565558745,    1.45120112947954,    0.00000000000000,    1.45120112947954,   16.92838052677736,    0.00000000000000,
  542,    3,    1.69218750000000,    0.00781250000000,    1.45543067841124,    0.00000000000000,    1.45543067841124,    0.00000388585147,    0.00000000000000,    0.00000565558745,    1.45120112947954,    0.00000000000000,    1.45120112947954,   16.92838052677736,    0.00000000000000,
  542,    4,    1.69218750000000,    0.01093750000000,    1.45543067841124,    0.00000000000000,    1.45543067841124,    0.00000388585147,    0.00000000000000,    0.00000565558745,    1.45120112947954,    0.00000000000000,    1.45120112947954,   16.92838052677736,    0.00000000000000,
  542,    5,    1.69218750000000,    0.01406250000000,    1.45543067841124,    0.00000000000000,    1.45543067841124,    0.00000388585147,    0.00000000000000,    0.00000565558745,    1.45120112947954,    0.00000000000000,    1.45120112947954,   16.92838052677736,    0.00000000000000,
  543,    1,    1.69531250000000,    0.00156250000000,    1.45916219521122,    0.00000000000000,    1.45916219521122,    0.00000386449167,   -0.00000000000000,    0.00000563892014,    1.45494345789894,    0.00000000000000,    1.45494345789894,   17.21280284974855,    0.00000000000000,
  543,    2,    1.69531250000000,    0.00468750000000,    1.45916219521122,    0.00000000000000,    1.45916219521122,    0.00000386449167,   -0.00000000000000,    0.00000563892014,    1.45494345789894,    0.00000000000000,    1.45494345789894,   17.21280284974855,    0.00000000000000,
  543,    3,    1.69531250000000,    0.00781250000000,    1.45916219521122,    0.00000000000000,    1.45916219521122,    0.00000386449167,   -0.00000000000000,    0.00000563892014,    1.45494345789894,    0.00000000000000,    1.45494345789894,   17.21280284974855,    0.00000000000000,
  543,    4,    1.69531250000000,    0.01093750000000,    1.45916219521122,    0.00000000000000,    1.45916219521122,    0.00000386449167,   -0.00000000000000,    0.00000563892014,    1.45494345789894,    0.00000000000000,    1.45494345789894,   17.21280284974855,    0.00000000000000,
  543,    5,    1.69531250000000,    0.01406250000000,    1.45916219521122,    0.00000000000000,    1.45916219521122,    0.00000386449167,   -0.00000000000000,    0.00000563892014,    1.45494345789894,    0.00000000000000,    1.45494345789894,   17.21280284974855,    0.00000000000000,
  544,    1,    1.69843750000000,    0.00156250000000,    1.46294615194892,    0.00000000000000,    1.46294615194892,    0.00000384008604,   -0.00000000000000,    0.00000561783909,    1.45873832000233,    0.00000000000000,    1.45873832000233,   17.49743061651004,    0.00000000000000,
  544,    2,    1.69843750000000,    0.00468750000000,    1.46294615194892,    0.00000000000000,    1.46294615194892,    0.00000384008604,   -0.00000000000000,    0.00000561783909,    1.45873832000233,    0.00000000000000,    1.45873832000233,   17.49743061651004,    0.00000000000000,
  544,    3,    1.69843750000000,    0.00781250000000,    1.46294615194892,    0.00000000000000,    1.46294615194892,    0.00000384008604,   -0.00000000000000,    0.00000561783909,    1.45873832000233,    0.00000000000000,    1.45873832000233,   17.49743061651004,    0.00000000000000,
  544,    4,    1.69843750000000,    0.01093750000000,    1.46294615194892,    0.00000000000000,    1.46294615194892,    0.00000384008604,   -0.00000000000000,    0.00000561783909,    1.45873832000233,    0.00000000000000,    1.45873832000233,   17.49743061651004,    0.00000000000000,
  544,    5,    1.69843750000000,    0.01406250000000,    1.46294615194892,    0.00000000000000,    1.46294615194892,    0.00000384008604,   -0.00000000000000,    0.00000561783909,    1.45873832000233,    0.00000000000000,    1.45873832000233,   17.49743061651004,    0.00000000000000,
  545,    1,    1.70156250000000,    0.00156250000000,    1.46678218586390,    0.00000000000000,    1.46678218586390,    0.00000381265409,   -0.00000000000000,    0.00000559233309,    1.46258535003299,    0.00000000000000,    1.46258535003299,   17.78224913250150,    0.00000000000000,
  545,    2,    1.70156250000000,    0.00468750000000,    1.46678218586390,    0.00000000000000,    1.46678218586390,    0.00000381265409,   -0.00000000000000,    0.00000559233309,    1.46258535003299,    0.00000000000000,    1.46258535003299,   17.78224913250150,    0.00000000000000,
  545,    3,    1.70156250000000,    0.00781250000000,    1.46678218586390,    0.00000000000000,    1.46678218586390,    0.00000381265409,   -0.00000000000000,    0.00000559233309,    1.46258535003299,    0.00000000000000,    1.46258535003299,   17.78224913250150,    0.00000000000000,
  545,    4,    1.70156250000000,    0.01093750000000,    1.46678218586390,    0.00000000000000,    1.46678218586390,    0.00000381265409,   -0.00000000000000,    0.00000559233309,    1.46258535003299,    0.00000000000000,    1.46258535003299,   17.78224913250150,    0.00000000000000,
  545,    5,    1.70156250000000,    0.01406250000000,    1.46678218586390,    0.00000000000000,    1.46678218586390,    0.00000381265409,   -0.00000000000000,    0.00000559233309,    1.46258535003299,    0.00000000000000,    1.46258535003299,   17.78224913250150,    0.00000000000000,
  546,    1,    1.70468750000000,    0.00156250000000,    1.47066992915915,    0.00000000000000,    1.47066992915915,    0.00000378221722,    0.00000000000000,    0.00000556239313,    1.46648417720615,    0.00000000000000,    1.46648417720615,   18.06724296108607,    0.00000000000000,
  546,    2,    1.70468750000000,    0.00468750000000,    1.47066992915915,    0.00000000000000,    1.47066992915915,    0.00000378221722,    0.00000000000000,    0.00000556239313,    1.46648417720615,    0.00000000000000,    1.46648417720615,   18.06724296108607,    0.00000000000000,
  546,    3,    1.70468750000000,    0.00781250000000,    1.47066992915915,    0.00000000000000,    1.47066992915915,    0.00000378221722,    0.00000000000000,    0.00000556239313,    1.46648417720615,    0.00000000000000,    1.46648417720615,   18.06724296108607,    0.00000000000000,
  546,    4,    1.70468750000000,    0.01093750000000,    1.47066992915915,    0.00000000000000,    1.47066992915915,    0.00000378221722,    0.00000000000000,    0.00000556239313,    1.46648417720615,    0.00000000000000,    1.46648417720615,   18.06724296108607,    0.00000000000000,
  546,    5,    1.70468750000000,    0.01406250000000,    1.47066992915915,    0.00000000000000,    1.47066992915915,    0.00000378221722,    0.00000000000000,    0.00000556239313,    1.46648417720615,    0.00000000000000,    1.46648417720615,   18.06724296108607,    0.00000000000000,
  547,    1,    1.70781250000000,    0.00156250000000,    1.47460900903542,    0.00000000000000,    1.47460900903542,    0.00000374879870,   -0.00000000000000,    0.00000552801234,    1.47043442574475,    0.00000000000000,    1.47043442574475,   18.35239592040636,    0.00000000000000,
  547,    2,    1.70781250000000,    0.00468750000000,    1.47460900903542,    0.00000000000000,    1.47460900903542,    0.00000374879870,   -0.00000000000000,    0.00000552801234,    1.47043442574475,    0.00000000000000,    1.47043442574475,   18.35239592040636,    0.00000000000000,
  547,    3,    1.70781250000000,    0.00781250000000,    1.47460900903542,    0.00000000000000,    1.47460900903542,    0.00000374879870,   -0.00000000000000,    0.00000552801234,    1.47043442574475,    0.00000000000000,    1.47043442574475,   18.35239592040636,    0.00000000000000,
  547,    4,    1.70781250000000,    0.01093750000000,    1.47460900903542,    0.00000000000000,    1.47460900903542,    0.00000374879870,   -0.00000000000000,    0.00000552801234,    1.47043442574475,    0.00000000000000,    1.47043442574475,   18.35239592040636,    0.00000000000000,
  547,    5,    1.70781250000000,    0.01406250000000,    1.47460900903542,    0.00000000000000,    1.47460900903542,    0.00000374879870,   -0.00000000000000,    0.00000552801234,    1.47043442574475,    0.00000000000000,    1.47043442574475,   18.35239592040636,    0.00000000000000,
  548,    1,    1.71093750000000,    0.00156250000000,    1.47859904772592,    0.00000000000000,    1.47859904772592,    0.00000371242363,    0.00000000000000,    0.00000548918605,    1.47443571491560,    0.00000000000000,    1.47443571491560,   18.63769108059277,    0.00000000000000,
  548,    2,    1.71093750000000,    0.00468750000000,    1.47859904772592,    0.00000000000000,    1.47859904772592,    0.00000371242363,    0.00000000000000,    0.00000548918605,    1.47443571491560,    0.00000000000000,    1.47443571491560,   18.63769108059277,    0.00000000000000,
  548,    3,    1.71093750000000,    0.00781250000000,    1.47859904772592,    0.00000000000000,    1.47859904772592,    0.00000371242363,    0.00000000000000,    0.00000548918605,    1.47443571491560,    0.00000000000000,    1.47443571491560,   18.63769108059277,    0.00000000000000,
  548,    4,    1.71093750000000,    0.01093750000000,    1.47859904772592,    0.00000000000000,    1.47859904772592,    0.00000371242363,    0.00000000000000,    0.00000548918605,    1.47443571491560,    0.00000000000000,    1.47443571491560,   18.63769108059277,    0.00000000000000,
  548,    5,    1.71093750000000,    0.01406250000000,    1.47859904772592,    0.00000000000000,    1.47859904772592,    0.00000371242363,    0.00000000000000,    0.00000548918605,    1.47443571491560,    0.00000000000000,    1.47443571491560,   18.63769108059277,    0.00000000000000,
  549,    1,    1.71406250000000,    0.00156250000000,    1.48263966253170,    0.00000000000000,    1.48263966253170,    0.00000367311888,    0.00000000000000,    0.00000544591174,    1.47848765906612,    0.00000000000000,    1.47848765906612,   18.92311076132669,    0.00000000000000,
  549,    2,    1.71406250000000,    0.00468750000000,    1.48263966253170,    0.00000000000000,    1.48263966253170,    0.00000367311888,    0.00000000000000,    0.00000544591174,    1.47848765906612,    0.00000000000000,    1.47848765906612,   18.92311076132669,    0.00000000000000,
  549,    3,    1.71406250000000,    0.00781250000000,    1.48263966253170,    0.00000000000000,    1.48263966253170,    0.00000367311888,    0.00000000000000,    0.00000544591174,    1.47848765906612,    0.00000000000000,    1.47848765906612,   18.92311076132669,    0.00000000000000,
  549,    4,    1.71406250000000,    0.01093750000000,    1.48263966253170,    0.00000000000000,    1.48263966253170,    0.00000367311888,    0.00000000000000,    0.00000544591174,    1.47848765906612,    0.00000000000000,    1.47848765906612,   18.92311076132669,    0.00000000000000,
  549,    5,    1.71406250000000,    0.01406250000000,    1.48263966253170,    0.00000000000000,    1.48263966253170,    0.00000367311888,    0.00000000000000,    0.00000544591174,    1.47848765906612,    0.00000000000000,    1.47848765906612,   18.92311076132669,    0.00000000000000,
  550,    1,    1.71718750000000,    0.00156250000000,    1.48673046585750,    0.00000000000000,    1.48673046585750,    0.00000363091308,   -0.00000000000000,    0.00000539818909,    1.48258986766152,    0.00000000000000,    1.48258986766152,   19.20863652975988,    0.00000000000000,
  550,    2,    1.71718750000000,    0.00468750000000,    1.48673046585750,    0.00000000000000,    1.48673046585750,    0.00000363091308,   -0.00000000000000,    0.00000539818909,    1.48258986766152,    0.00000000000000,    1.48258986766152,   19.20863652975988,    0.00000000000000,
  550,    3,    1.71718750000000,    0.00781250000000,    1.48673046585750,    0.00000000000000,    1.48673046585750,    0.00000363091308,   -0.00000000000000,    0.00000539818909,    1.48258986766152,    0.00000000000000,    1.48258986766152,   19.20863652975988,    0.00000000000000,
  550,    4,    1.71718750000000,    0.01093750000000,    1.48673046585750,    0.00000000000000,    1.48673046585750,    0.00000363091308,   -0.00000000000000,    0.00000539818909,    1.48258986766152,    0.00000000000000,    1.48258986766152,   19.20863652975988,    0.00000000000000,
  550,    5,    1.71718750000000,    0.01406250000000,    1.48673046585750,    0.00000000000000,    1.48673046585750,    0.00000363091308,   -0.00000000000000,    0.00000539818909,    1.48258986766152,    0.00000000000000,    1.48258986766152,   19.20863652975988,    0.00000000000000,
  551,    1,    1.72031250000000,    0.00156250000000,    1.49087106524802,    0.00000000000000,    1.49087106524802,    0.00000358583655,    0.00000000000000,    0.00000534601996,    1.48674194532237,    0.00000000000000,    1.48674194532237,   19.49424919879178,    0.00000000000000,
  551,    2,    1.72031250000000,    0.00468750000000,    1.49087106524802,    0.00000000000000,    1.49087106524802,    0.00000358583655,    0.00000000000000,    0.00000534601996,    1.48674194532237,    0.00000000000000,    1.48674194532237,   19.49424919879178,    0.00000000000000,
  551,    3,    1.72031250000000,    0.00781250000000,    1.49087106524802,    0.00000000000000,    1.49087106524802,    0.00000358583655,    0.00000000000000,    0.00000534601996,    1.48674194532237,    0.00000000000000,    1.48674194532237,   19.49424919879178,    0.00000000000000,
  551,    4,    1.72031250000000,    0.01093750000000,    1.49087106524802,    0.00000000000000,    1.49087106524802,    0.00000358583655,    0.00000000000000,    0.00000534601996,    1.48674194532237,    0.00000000000000,    1.48674194532237,   19.49424919879178,    0.00000000000000,
  551,    5,    1.72031250000000,    0.01406250000000,    1.49087106524802,    0.00000000000000,    1.49087106524802,    0.00000358583655,    0.00000000000000,    0.00000534601996,    1.48674194532237,    0.00000000000000,    1.48674194532237,   19.49424919879178,    0.00000000000000,
  552,    1,    1.72343750000000,    0.00156250000000,    1.49506106342477,    0.00000000000000,    1.49506106342477,    0.00000353792129,    0.00000000000000,    0.00000528940837,    1.49094349186280,    0.00000000000000,    1.49094349186280,   19.77992882570674,    0.00000000000000,
  552,    2,    1.72343750000000,    0.00468750000000,    1.49506106342477,    0.00000000000000,    1.49506106342477,    0.00000353792129,    0.00000000000000,    0.00000528940837,    1.49094349186280,    0.00000000000000,    1.49094349186280,   19.77992882570674,    0.00000000000000,
  552,    3,    1.72343750000000,    0.00781250000000,    1.49506106342477,    0.00000000000000,    1.49506106342477,    0.00000353792129,    0.00000000000000,    0.00000528940837,    1.49094349186280,    0.00000000000000,    1.49094349186280,   19.77992882570674,    0.00000000000000,
  552,    4,    1.72343750000000,    0.01093750000000,    1.49506106342477,    0.00000000000000,    1.49506106342477,    0.00000353792129,    0.00000000000000,    0.00000528940837,    1.49094349186280,    0.00000000000000,    1.49094349186280,   19.77992882570674,    0.00000000000000,
  552,    5,    1.72343750000000,    0.01406250000000,    1.49506106342477,    0.00000000000000,    1.49506106342477,    0.00000353792129,    0.00000000000000,    0.00000528940837,    1.49094349186280,    0.00000000000000,    1.49094349186280,   19.77992882570674,    0.00000000000000,
  553,    1,    1.72656250000000,    0.00156250000000,    1.49930005832342,    0.00000000000000,    1.49930005832342,    0.00000348720091,   -0.00000000000000,    0.00000522836053,    1.49519410232901,    0.00000000000000,    1.49519410232901,   20.06565471117158,    0.00000000000000,
  553,    2,    1.72656250000000,    0.00468750000000,    1.49930005832342,    0.00000000000000,    1.49930005832342,    0.00000348720091,   -0.00000000000000,    0.00000522836053,    1.49519410232901,    0.00000000000000,    1.49519410232901,   20.06565471117158,    0.00000000000000,
  553,    3,    1.72656250000000,    0.00781250000000,    1.49930005832342,    0.00000000000000,    1.49930005832342,    0.00000348720091,   -0.00000000000000,    0.00000522836053,    1.49519410232901,    0.00000000000000,    1.49519410232901,   20.06565471117158,    0.00000000000000,
  553,    4,    1.72656250000000,    0.01093750000000,    1.49930005832342,    0.00000000000000,    1.49930005832342,    0.00000348720091,   -0.00000000000000,    0.00000522836053,    1.49519410232901,    0.00000000000000,    1.49519410232901,   20.06565471117158,    0.00000000000000,
  553,    5,    1.72656250000000,    0.01406250000000,    1.49930005832342,    0.00000000000000,    1.49930005832342,    0.00000348720091,   -0.00000000000000,    0.00000522836053,    1.49519410232901,    0.00000000000000,    1.49519410232901,   20.06565471117158,    0.00000000000000,
  554,    1,    1.72968750000000,    0.00156250000000,    1.50358764313174,    0.00000000000000,    1.50358764313174,    0.00000343371062,    0.00000000000000,    0.00000516288485,    1.49949336703831,    0.00000000000000,    1.49949336703831,   20.35140539859587,    0.00000000000000,
  554,    2,    1.72968750000000,    0.00468750000000,    1.50358764313174,    0.00000000000000,    1.50358764313174,    0.00000343371062,    0.00000000000000,    0.00000516288485,    1.49949336703831,    0.00000000000000,    1.49949336703831,   20.35140539859587,    0.00000000000000,
  554,    3,    1.72968750000000,    0.00781250000000,    1.50358764313174,    0.00000000000000,    1.50358764313174,    0.00000343371062,    0.00000000000000,    0.00000516288485,    1.49949336703831,    0.00000000000000,    1.49949336703831,   20.35140539859587,    0.00000000000000,
  554,    4,    1.72968750000000,    0.01093750000000,    1.50358764313174,    0.00000000000000,    1.50358764313174,    0.00000343371062,    0.00000000000000,    0.00000516288485,    1.49949336703831,    0.00000000000000,    1.49949336703831,   20.35140539859587,    0.00000000000000,
  554,    5,    1.72968750000000,    0.01406250000000,    1.50358764313174,    0.00000000000000,    1.50358764313174,    0.00000343371062,    0.00000000000000,    0.00000516288485,    1.49949336703831,    0.00000000000000,    1.49949336703831,   20.35140539859587,    0.00000000000000,
  555,    1,    1.73281250000000,    0.00156250000000,    1.50792340632774,    0.00000000000000,    1.50792340632774,    0.00000337748714,    0.00000000000000,    0.00000509299191,    1.50384087161862,    0.00000000000000,    1.50384087161862,   20.63715867385497,    0.00000000000000,
  555,    2,    1.73281250000000,    0.00468750000000,    1.50792340632774,    0.00000000000000,    1.50792340632774,    0.00000337748714,    0.00000000000000,    0.00000509299191,    1.50384087161862,    0.00000000000000,    1.50384087161862,   20.63715867385497,    0.00000000000000,
  555,    3,    1.73281250000000,    0.00781250000000,    1.50792340632774,    0.00000000000000,    1.50792340632774,    0.00000337748714,    0.00000000000000,    0.00000509299191,    1.50384087161862,    0.00000000000000,    1.50384087161862,   20.63715867385497,    0.00000000000000,
  555,    4,    1.73281250000000,    0.01093750000000,    1.50792340632774,    0.00000000000000,    1.50792340632774,    0.00000337748714,    0.00000000000000,    0.00000509299191,    1.50384087161862,    0.00000000000000,    1.50384087161862,   20.63715867385497,    0.00000000000000,
  555,    5,    1.73281250000000,    0.01406250000000,    1.50792340632774,    0.00000000000000,    1.50792340632774,    0.00000337748714,    0.00000000000000,    0.00000509299191,    1.50384087161862,    0.00000000000000,    1.50384087161862,   20.63715867385497,    0.00000000000000,
  556,    1,    1.73593750000000,    0.00156250000000,    1.51230693171869,    0.00000000000000,    1.51230693171869,    0.00000331856872,    0.00000000000000,    0.00000501869447,    1.50823619704841,    0.00000000000000,    1.50823619704841,   20.92289156537736,    0.00000000000000,
  556,    2,    1.73593750000000,    0.00468750000000,    1.51230693171869,    0.00000000000000,    1.51230693171869,    0.00000331856872,    0.00000000000000,    0.00000501869447,    1.50823619704841,    0.00000000000000,    1.50823619704841,   20.92289156537736,    0.00000000000000,
  556,    3,    1.73593750000000,    0.00781250000000,    1.51230693171869,    0.00000000000000,    1.51230693171869,    0.00000331856872,    0.00000000000000,    0.00000501869447,    1.50823619704841,    0.00000000000000,    1.50823619704841,   20.92289156537736,    0.00000000000000,
  556,    4,    1.73593750000000,    0.01093750000000,    1.51230693171869,    0.00000000000000,    1.51230693171869,    0.00000331856872,    0.00000000000000,    0.00000501869447,    1.50823619704841,    0.00000000000000,    1.50823619704841,   20.92289156537736,    0.00000000000000,
  556,    5,    1.73593750000000,    0.01406250000000,    1.51230693171869,    0.00000000000000,    1.51230693171869,    0.00000331856872,    0.00000000000000,    0.00000501869447,    1.50823619704841,    0.00000000000000,    1.50823619704841,   20.92289156537736,    0.00000000000000,
  557,    1,    1.73906250000000,    0.00156250000000,    1.51673779848037,    0.00000000000000,    1.51673779848037,    0.00000325699503,    0.00000000000000,    0.00000494000748,    1.51267891969705,    0.00000000000000,    1.51267891969705,   21.20858034459695,    0.00000000000000,
  557,    2,    1.73906250000000,    0.00468750000000,    1.51673779848037,    0.00000000000000,    1.51673779848037,    0.00000325699503,    0.00000000000000,    0.00000494000748,    1.51267891969705,    0.00000000000000,    1.51267891969705,   21.20858034459695,    0.00000000000000,
  557,    3,    1.73906250000000,    0.00781250000000,    1.51673779848037,    0.00000000000000,    1.51673779848037,    0.00000325699503,    0.00000000000000,    0.00000494000748,    1.51267891969705,    0.00000000000000,    1.51267891969705,   21.20858034459695,    0.00000000000000,
  557,    4,    1.73906250000000,    0.01093750000000,    1.51673779848037,    0.00000000000000,    1.51673779848037,    0.00000325699503,    0.00000000000000,    0.00000494000748,    1.51267891969705,    0.00000000000000,    1.51267891969705,   21.20858034459695,    0.00000000000000,
  557,    5,    1.73906250000000,    0.01406250000000,    1.51673779848037,    0.00000000000000,    1.51673779848037,    0.00000325699503,    0.00000000000000,    0.00000494000748,    1.51267891969705,    0.00000000000000,    1.51267891969705,   21.20858034459695,    0.00000000000000,
  558,    1,    1.74218750000000,    0.00156250000000,    1.52121558119687,    0.00000000000000,    1.52121558119687,    0.00000319280719,    0.00000000000000,    0.00000485694805,    1.51716861136569,    0.00000000000000,    1.51716861136569,   21.49420052677092,    0.00000000000000,
  558,    2,    1.74218750000000,    0.00468750000000,    1.52121558119687,    0.00000000000000,    1.52121558119687,    0.00000319280719,    0.00000000000000,    0.00000485694805,    1.51716861136569,    0.00000000000000,    1.51716861136569,   21.49420052677092,    0.00000000000000,
  558,    3,    1.74218750000000,    0.00781250000000,    1.52121558119687,    0.00000000000000,    1.52121558119687,    0.00000319280719,    0.00000000000000,    0.00000485694805,    1.51716861136569,    0.00000000000000,    1.51716861136569,   21.49420052677092,    0.00000000000000,
  558,    4,    1.74218750000000,    0.01093750000000,    1.52121558119687,    0.00000000000000,    1.52121558119687,    0.00000319280719,    0.00000000000000,    0.00000485694805,    1.51716861136569,    0.00000000000000,    1.51716861136569,   21.49420052677092,    0.00000000000000,
  558,    5,    1.74218750000000,    0.01406250000000,    1.52121558119687,    0.00000000000000,    1.52121558119687,    0.00000319280719,    0.00000000000000,    0.00000485694805,    1.51716861136569,    0.00000000000000,    1.51716861136569,   21.49420052677092,    0.00000000000000,
  559,    1,    1.74531250000000,    0.00156250000000,    1.52573984990087,    0.00000000000000,    1.52573984990087,    0.00000312604766,   -0.00000000000000,    0.00000476953549,    1.52170483932851,    0.00000000000000,    1.52170483932851,   21.77972687216354,    0.00000000000000,
  559,    2,    1.74531250000000,    0.00468750000000,    1.52573984990087,    0.00000000000000,    1.52573984990087,    0.00000312604766,   -0.00000000000000,    0.00000476953549,    1.52170483932851,    0.00000000000000,    1.52170483932851,   21.77972687216354,    0.00000000000000,
  559,    3,    1.74531250000000,    0.00781250000000,    1.52573984990087,    0.00000000000000,    1.52573984990087,    0.00000312604766,   -0.00000000000000,    0.00000476953549,    1.52170483932851,    0.00000000000000,    1.52170483932851,   21.77972687216354,    0.00000000000000,
  559,    4,    1.74531250000000,    0.01093750000000,    1.52573984990087,    0.00000000000000,    1.52573984990087,    0.00000312604766,   -0.00000000000000,    0.00000476953549,    1.52170483932851,    0.00000000000000,    1.52170483932851,   21.77972687216354,    0.00000000000000,
  559,    5,    1.74531250000000,    0.01406250000000,    1.52573984990087,    0.00000000000000,    1.52573984990087,    0.00000312604766,   -0.00000000000000,    0.00000476953549,    1.52170483932851,    0.00000000000000,    1.52170483932851,   21.77972687216354,    0.00000000000000,
  560,    1,    1.74843750000000,    0.00156250000000,    1.53031017011447,    0.00000000000000,    1.53031017011447,    0.00000305676022,   -0.00000000000000,    0.00000467779126,    1.52628716637441,    0.00000000000000,    1.52628716637441,   22.06513338759628,    0.00000000000000,
  560,    2,    1.74843750000000,    0.00468750000000,    1.53031017011447,    0.00000000000000,    1.53031017011447,    0.00000305676022,   -0.00000000000000,    0.00000467779126,    1.52628716637441,    0.00000000000000,    1.52628716637441,   22.06513338759628,    0.00000000000000,
  560,    3,    1.74843750000000,    0.00781250000000,    1.53031017011447,    0.00000000000000,    1.53031017011447,    0.00000305676022,   -0.00000000000000,    0.00000467779126,    1.52628716637441,    0.00000000000000,    1.52628716637441,   22.06513338759628,    0.00000000000000,
  560,    4,    1.74843750000000,    0.01093750000000,    1.53031017011447,    0.00000000000000,    1.53031017011447,    0.00000305676022,   -0.00000000000000,    0.00000467779126,    1.52628716637441,    0.00000000000000,    1.52628716637441,   22.06513338759628,    0.00000000000000,
  560,    5,    1.74843750000000,    0.01406250000000,    1.53031017011447,    0.00000000000000,    1.53031017011447,    0.00000305676022,   -0.00000000000000,    0.00000467779126,    1.52628716637441,    0.00000000000000,    1.52628716637441,   22.06513338759628,    0.00000000000000,
  561,    1,    1.75156250000000,    0.00156250000000,    1.53492610289034,    0.00000000000000,    1.53492610289034,    0.00000298498996,   -0.00000000000000,    0.00000458173901,    1.53091515084917,    0.00000000000000,    1.53091515084917,   22.35039332836486,    0.00000000000000,
  561,    2,    1.75156250000000,    0.00468750000000,    1.53492610289034,    0.00000000000000,    1.53492610289034,    0.00000298498996,   -0.00000000000000,    0.00000458173901,    1.53091515084917,    0.00000000000000,    1.53091515084917,   22.35039332836486,    0.00000000000000,
  561,    3,    1.75156250000000,    0.00781250000000,    1.53492610289034,    0.00000000000000,    1.53492610289034,    0.00000298498996,   -0.00000000000000,    0.00000458173901,    1.53091515084917,    0.00000000000000,    1.53091515084917,   22.35039332836486,    0.00000000000000,
  561,    4,    1.75156250000000,    0.01093750000000,    1.53492610289034,    0.00000000000000,    1.53492610289034,    0.00000298498996,   -0.00000000000000,    0.00000458173901,    1.53091515084917,    0.00000000000000,    1.53091515084917,   22.35039332836486,    0.00000000000000,
  561,    5,    1.75156250000000,    0.01406250000000,    1.53492610289034,    0.00000000000000,    1.53492610289034,    0.00000298498996,   -0.00000000000000,    0.00000458173901,    1.53091515084917,    0.00000000000000,    1.53091515084917,   22.35039332836486,    0.00000000000000,
  562,    1,    1.75468750000000,    0.00156250000000,    1.53958720485353,    0.00000000000000,    1.53958720485353,    0.00000291078318,   -0.00000000000000,    0.00000448140453,    1.53558834669802,    0.00000000000000,    1.53558834669802,   22.63547920052241,    0.00000000000000,
  562,    2,    1.75468750000000,    0.00468750000000,    1.53958720485353,    0.00000000000000,    1.53958720485353,    0.00000291078318,   -0.00000000000000,    0.00000448140453,    1.53558834669802,    0.00000000000000,    1.53558834669802,   22.63547920052241,    0.00000000000000,
  562,    3,    1.75468750000000,    0.00781250000000,    1.53958720485353,    0.00000000000000,    1.53958720485353,    0.00000291078318,   -0.00000000000000,    0.00000448140453,    1.53558834669802,    0.00000000000000,    1.53558834669802,   22.63547920052241,    0.00000000000000,
  562,    4,    1.75468750000000,    0.01093750000000,    1.53958720485353,    0.00000000000000,    1.53958720485353,    0.00000291078318,   -0.00000000000000,    0.00000448140453,    1.53558834669802,    0.00000000000000,    1.53558834669802,   22.63547920052241,    0.00000000000000,
  562,    5,    1.75468750000000,    0.01406250000000,    1.53958720485353,    0.00000000000000,    1.53958720485353,    0.00000291078318,   -0.00000000000000,    0.00000448140453,    1.53558834669802,    0.00000000000000,    1.53558834669802,   22.63547920052241,    0.00000000000000,
  563,    1,    1.75781250000000,    0.00156250000000,    1.54429302824357,    0.00000000000000,    1.54429302824357,    0.00000283418737,   -0.00000000000000,    0.00000437681580,    1.54030630350862,    0.00000000000000,    1.54030630350862,   22.92036276352960,    0.00000000000000,
  563,    2,    1.75781250000000,    0.00468750000000,    1.54429302824357,    0.00000000000000,    1.54429302824357,    0.00000283418737,   -0.00000000000000,    0.00000437681580,    1.54030630350862,    0.00000000000000,    1.54030630350862,   22.92036276352960,    0.00000000000000,
  563,    3,    1.75781250000000,    0.00781250000000,    1.54429302824357,    0.00000000000000,    1.54429302824357,    0.00000283418737,   -0.00000000000000,    0.00000437681580,    1.54030630350862,    0.00000000000000,    1.54030630350862,   22.92036276352960,    0.00000000000000,
  563,    4,    1.75781250000000,    0.01093750000000,    1.54429302824357,    0.00000000000000,    1.54429302824357,    0.00000283418737,   -0.00000000000000,    0.00000437681580,    1.54030630350862,    0.00000000000000,    1.54030630350862,   22.92036276352960,    0.00000000000000,
  563,    5,    1.75781250000000,    0.01406250000000,    1.54429302824357,    0.00000000000000,    1.54429302824357,    0.00000283418737,   -0.00000000000000,    0.00000437681580,    1.54030630350862,    0.00000000000000,    1.54030630350862,   22.92036276352960,    0.00000000000000,
  564,    1,    1.76093750000000,    0.00156250000000,    1.54904312095708,    0.00000000000000,    1.54904312095708,    0.00000275525118,   -0.00000000000000,    0.00000426800289,    1.54506856655447,    0.00000000000000,    1.54506856655447,   23.20501503327071,    0.00000000000000,
  564,    2,    1.76093750000000,    0.00468750000000,    1.54904312095708,    0.00000000000000,    1.54904312095708,    0.00000275525118,   -0.00000000000000,    0.00000426800289,    1.54506856655447,    0.00000000000000,    1.54506856655447,   23.20501503327071,    0.00000000000000,
  564,    3,    1.76093750000000,    0.00781250000000,    1.54904312095708,    0.00000000000000,    1.54904312095708,    0.00000275525118,   -0.00000000000000,    0.00000426800289,    1.54506856655447,    0.00000000000000,    1.54506856655447,   23.20501503327071,    0.00000000000000,
  564,    4,    1.76093750000000,    0.01093750000000,    1.54904312095708,    0.00000000000000,    1.54904312095708,    0.00000275525118,   -0.00000000000000,    0.00000426800289,    1.54506856655447,    0.00000000000000,    1.54506856655447,   23.20501503327071,    0.00000000000000,
  564,    5,    1.76093750000000,    0.01406250000000,    1.54904312095708,    0.00000000000000,    1.54904312095708,    0.00000275525118,   -0.00000000000000,    0.00000426800289,    1.54506856655447,    0.00000000000000,    1.54506856655447,   23.20501503327071,    0.00000000000000,
  565,    1,    1.76406250000000,    0.00156250000000,    1.55383702659095,    0.00000000000000,    1.55383702659095,    0.00000267402438,    0.00000000000000,    0.00000415499808,    1.54987467683874,    0.00000000000000,    1.54987467683874,   23.48940628543562,    0.00000000000000,
  565,    2,    1.76406250000000,    0.00468750000000,    1.55383702659095,    0.00000000000000,    1.55383702659095,    0.00000267402438,    0.00000000000000,    0.00000415499808,    1.54987467683874,    0.00000000000000,    1.54987467683874,   23.48940628543562,    0.00000000000000,
  565,    3,    1.76406250000000,    0.00781250000000,    1.55383702659095,    0.00000000000000,    1.55383702659095,    0.00000267402438,    0.00000000000000,    0.00000415499808,    1.54987467683874,    0.00000000000000,    1.54987467683874,   23.48940628543562,    0.00000000000000,
  565,    4,    1.76406250000000,    0.01093750000000,    1.55383702659095,    0.00000000000000,    1.55383702659095,    0.00000267402438,    0.00000000000000,    0.00000415499808,    1.54987467683874,    0.00000000000000,    1.54987467683874,   23.48940628543562,    0.00000000000000,
  565,    5,    1.76406250000000,    0.01406250000000,    1.55383702659095,    0.00000000000000,    1.55383702659095,    0.00000267402438,    0.00000000000000,    0.00000415499808,    1.54987467683874,    0.00000000000000,    1.54987467683874,   23.48940628543562,    0.00000000000000,
  566,    1,    1.76718750000000,    0.00156250000000,    1.55867428448583,    0.00000000000000,    1.55867428448583,    0.00000259055774,    0.00000000000000,    0.00000403783574,    1.55472417113852,    0.00000000000000,    1.55472417113852,   23.77350605926726,    0.00000000000000,
  566,    2,    1.76718750000000,    0.00468750000000,    1.55867428448583,    0.00000000000000,    1.55867428448583,    0.00000259055774,    0.00000000000000,    0.00000403783574,    1.55472417113852,    0.00000000000000,    1.55472417113852,   23.77350605926726,    0.00000000000000,
  566,    3,    1.76718750000000,    0.00781250000000,    1.55867428448583,    0.00000000000000,    1.55867428448583,    0.00000259055774,    0.00000000000000,    0.00000403783574,    1.55472417113852,    0.00000000000000,    1.55472417113852,   23.77350605926726,    0.00000000000000,
  566,    4,    1.76718750000000,    0.01093750000000,    1.55867428448583,    0.00000000000000,    1.55867428448583,    0.00000259055774,    0.00000000000000,    0.00000403783574,    1.55472417113852,    0.00000000000000,    1.55472417113852,   23.77350605926726,    0.00000000000000,
  566,    5,    1.76718750000000,    0.01406250000000,    1.55867428448583,    0.00000000000000,    1.55867428448583,    0.00000259055774,    0.00000000000000,    0.00000403783574,    1.55472417113852,    0.00000000000000,    1.55472417113852,   23.77350605926726,    0.00000000000000,
  567,    1,    1.77031250000000,    0.00156250000000,    1.56355442977011,    0.00000000000000,    1.56355442977011,    0.00000250490311,    0.00000000000000,    0.00000391655236,    1.55961658204946,    0.00000000000000,    1.55961658204946,   24.05728316167334,    0.00000000000000,
  567,    2,    1.77031250000000,    0.00468750000000,    1.56355442977011,    0.00000000000000,    1.56355442977011,    0.00000250490311,    0.00000000000000,    0.00000391655236,    1.55961658204946,    0.00000000000000,    1.55961658204946,   24.05728316167334,    0.00000000000000,
  567,    3,    1.77031250000000,    0.00781250000000,    1.56355442977011,    0.00000000000000,    1.56355442977011,    0.00000250490311,    0.00000000000000,    0.00000391655236,    1.55961658204946,    0.00000000000000,    1.55961658204946,   24.05728316167334,    0.00000000000000,
  567,    4,    1.77031250000000,    0.01093750000000,    1.56355442977011,    0.00000000000000,    1.56355442977011,    0.00000250490311,    0.00000000000000,    0.00000391655236,    1.55961658204946,    0.00000000000000,    1.55961658204946,   24.05728316167334,    0.00000000000000,
  567,    5,    1.77031250000000,    0.01406250000000,    1.56355442977011,    0.00000000000000,    1.56355442977011,    0.00000250490311,    0.00000000000000,    0.00000391655236,    1.55961658204946,    0.00000000000000,    1.55961658204946,   24.05728316167334,    0.00000000000000,
  568,    1,    1.77343750000000,    0.00156250000000,    1.56847699340430,    0.00000000000000,    1.56847699340430,    0.00000241711326,   -0.00000000000000,    0.00000379118654,    1.56455143803082,    0.00000000000000,    1.56455143803082,   24.34070567170220,    0.00000000000000,
  568,    2,    1.77343750000000,    0.00468750000000,    1.56847699340430,    0.00000000000000,    1.56847699340430,    0.00000241711326,   -0.00000000000000,    0.00000379118654,    1.56455143803082,    0.00000000000000,    1.56455143803082,   24.34070567170220,    0.00000000000000,
  568,    3,    1.77343750000000,    0.00781250000000,    1.56847699340430,    0.00000000000000,    1.56847699340430,    0.00000241711326,   -0.00000000000000,    0.00000379118654,    1.56455143803082,    0.00000000000000,    1.56455143803082,   24.34070567170220,    0.00000000000000,
  568,    4,    1.77343750000000,    0.01093750000000,    1.56847699340430,    0.00000000000000,    1.56847699340430,    0.00000241711326,   -0.00000000000000,    0.00000379118654,    1.56455143803082,    0.00000000000000,    1.56455143803082,   24.34070567170220,    0.00000000000000,
  568,    5,    1.77343750000000,    0.01406250000000,    1.56847699340430,    0.00000000000000,    1.56847699340430,    0.00000241711326,   -0.00000000000000,    0.00000379118654,    1.56455143803082,    0.00000000000000,    1.56455143803082,   24.34070567170220,    0.00000000000000,
  569,    1,    1.77656250000000,    0.00156250000000,    1.57344150222606,    0.00000000000000,    1.57344150222606,    0.00000232724191,   -0.00000000000000,    0.00000366177901,    1.56952826345089,    0.00000000000000,    1.56952826345089,   24.62374094538109,    0.00000000000000,
  569,    2,    1.77656250000000,    0.00468750000000,    1.57344150222606,    0.00000000000000,    1.57344150222606,    0.00000232724191,   -0.00000000000000,    0.00000366177901,    1.56952826345089,    0.00000000000000,    1.56952826345089,   24.62374094538109,    0.00000000000000,
  569,    3,    1.77656250000000,    0.00781250000000,    1.57344150222606,    0.00000000000000,    1.57344150222606,    0.00000232724191,   -0.00000000000000,    0.00000366177901,    1.56952826345089,    0.00000000000000,    1.56952826345089,   24.62374094538109,    0.00000000000000,
  569,    4,    1.77656250000000,    0.01093750000000,    1.57344150222606,    0.00000000000000,    1.57344150222606,    0.00000232724191,   -0.00000000000000,    0.00000366177901,    1.56952826345089,    0.00000000000000,    1.56952826345089,   24.62374094538109,    0.00000000000000,
  569,    5,    1.77656250000000,    0.01406250000000,    1.57344150222606,    0.00000000000000,    1.57344150222606,    0.00000232724191,   -0.00000000000000,    0.00000366177901,    1.56952826345089,    0.00000000000000,    1.56952826345089,   24.62374094538109,    0.00000000000000,
  570,    1,    1.77968750000000,    0.00156250000000,    1.57844747899529,    0.00000000000000,    1.57844747899529,    0.00000223534364,   -0.00000000000000,    0.00000352837254,    1.57454657863289,    0.00000000000000,    1.57454657863289,   24.90635562091614,    0.00000000000000,
  570,    2,    1.77968750000000,    0.00468750000000,    1.57844747899529,    0.00000000000000,    1.57844747899529,    0.00000223534364,   -0.00000000000000,    0.00000352837254,    1.57454657863289,    0.00000000000000,    1.57454657863289,   24.90635562091614,    0.00000000000000,
  570,    3,    1.77968750000000,    0.00781250000000,    1.57844747899529,    0.00000000000000,    1.57844747899529,    0.00000223534364,   -0.00000000000000,    0.00000352837254,    1.57454657863289,    0.00000000000000,    1.57454657863289,   24.90635562091614,    0.00000000000000,
  570,    4,    1.77968750000000,    0.01093750000000,    1.57844747899529,    0.00000000000000,    1.57844747899529,    0.00000223534364,   -0.00000000000000,    0.00000352837254,    1.57454657863289,    0.00000000000000,    1.57454657863289,   24.90635562091614,    0.00000000000000,
  570,    5,    1.77968750000000,    0.01406250000000,    1.57844747899529,    0.00000000000000,    1.57844747899529,    0.00000223534364,   -0.00000000000000,    0.00000352837254,    1.57454657863289,    0.00000000000000,    1.57454657863289,   24.90635562091614,    0.00000000000000,
  571,    1,    1.78281250000000,    0.00156250000000,    1.58349444243999,    0.00000000000000,    1.58349444243999,    0.00000214147388,   -0.00000000000000,    0.00000339101198,    1.57960589990116,    0.00000000000000,    1.57960589990116,   25.18851562425283,    0.00000000000000,
  571,    2,    1.78281250000000,    0.00468750000000,    1.58349444243999,    0.00000000000000,    1.58349444243999,    0.00000214147388,   -0.00000000000000,    0.00000339101198,    1.57960589990116,    0.00000000000000,    1.57960589990116,   25.18851562425283,    0.00000000000000,
  571,    3,    1.78281250000000,    0.00781250000000,    1.58349444243999,    0.00000000000000,    1.58349444243999,    0.00000214147388,   -0.00000000000000,    0.00000339101198,    1.57960589990116,    0.00000000000000,    1.57960589990116,   25.18851562425283,    0.00000000000000,
  571,    4,    1.78281250000000,    0.01093750000000,    1.58349444243999,    0.00000000000000,    1.58349444243999,    0.00000214147388,   -0.00000000000000,    0.00000339101198,    1.57960589990116,    0.00000000000000,    1.57960589990116,   25.18851562425283,    0.00000000000000,
  571,    5,    1.78281250000000,    0.01406250000000,    1.58349444243999,    0.00000000000000,    1.58349444243999,    0.00000214147388,   -0.00000000000000,    0.00000339101198,    1.57960589990116,    0.00000000000000,    1.57960589990116,   25.18851562425283,    0.00000000000000,
  572,    1,    1.78593750000000,    0.00156250000000,    1.58858190730235,    0.00000000000000,    1.58858190730235,    0.00000204568881,    0.00000000000000,    0.00000324974423,    1.58470573962778,    0.00000000000000,    1.58470573962778,   25.47018617499495,    0.00000000000000,
  572,    2,    1.78593750000000,    0.00468750000000,    1.58858190730235,    0.00000000000000,    1.58858190730235,    0.00000204568881,    0.00000000000000,    0.00000324974423,    1.58470573962778,    0.00000000000000,    1.58470573962778,   25.47018617499495,    0.00000000000000,
  572,    3,    1.78593750000000,    0.00781250000000,    1.58858190730235,    0.00000000000000,    1.58858190730235,    0.00000204568881,    0.00000000000000,    0.00000324974423,    1.58470573962778,    0.00000000000000,    1.58470573962778,   25.47018617499495,    0.00000000000000,
  572,    4,    1.78593750000000,    0.01093750000000,    1.58858190730235,    0.00000000000000,    1.58858190730235,    0.00000204568881,    0.00000000000000,    0.00000324974423,    1.58470573962778,    0.00000000000000,    1.58470573962778,   25.47018617499495,    0.00000000000000,
  572,    5,    1.78593750000000,    0.01406250000000,    1.58858190730235,    0.00000000000000,    1.58858190730235,    0.00000204568881,    0.00000000000000,    0.00000324974423,    1.58470573962778,    0.00000000000000,    1.58470573962778,   25.47018617499495,    0.00000000000000,
  573,    1,    1.78906250000000,    0.00156250000000,    1.59370938438535,    0.00000000000000,    1.59370938438535,    0.00000194804540,   -0.00000000000000,    0.00000310461824,    1.58984560627958,    0.00000000000000,    1.58984560627958,   25.75133179268117,    0.00000000000000,
  573,    2,    1.78906250000000,    0.00468750000000,    1.59370938438535,    0.00000000000000,    1.59370938438535,    0.00000194804540,   -0.00000000000000,    0.00000310461824,    1.58984560627958,    0.00000000000000,    1.58984560627958,   25.75133179268117,    0.00000000000000,
  573,    3,    1.78906250000000,    0.00781250000000,    1.59370938438535,    0.00000000000000,    1.59370938438535,    0.00000194804540,   -0.00000000000000,    0.00000310461824,    1.58984560627958,    0.00000000000000,    1.58984560627958,   25.75133179268117,    0.00000000000000,
  573,    4,    1.78906250000000,    0.01093750000000,    1.59370938438535,    0.00000000000000,    1.59370938438535,    0.00000194804540,   -0.00000000000000,    0.00000310461824,    1.58984560627958,    0.00000000000000,    1.58984560627958,   25.75133179268117,    0.00000000000000,
  573,    5,    1.78906250000000,    0.01406250000000,    1.59370938438535,    0.00000000000000,    1.59370938438535,    0.00000194804540,   -0.00000000000000,    0.00000310461824,    1.58984560627958,    0.00000000000000,    1.58984560627958,   25.75133179268117,    0.00000000000000,
  574,    1,    1.79218750000000,    0.00156250000000,    1.59887638059969,    0.00000000000000,    1.59887638059969,    0.00000184860129,   -0.00000000000000,    0.00000295568493,    1.59502500446553,    0.00000000000000,    1.59502500446553,   26.03191630341719,    0.00000000000000,
  574,    2,    1.79218750000000,    0.00468750000000,    1.59887638059969,    0.00000000000000,    1.59887638059969,    0.00000184860129,   -0.00000000000000,    0.00000295568493,    1.59502500446553,    0.00000000000000,    1.59502500446553,   26.03191630341719,    0.00000000000000,
  574,    3,    1.79218750000000,    0.00781250000000,    1.59887638059969,    0.00000000000000,    1.59887638059969,    0.00000184860129,   -0.00000000000000,    0.00000295568493,    1.59502500446553,    0.00000000000000,    1.59502500446553,   26.03191630341719,    0.00000000000000,
  574,    4,    1.79218750000000,    0.01093750000000,    1.59887638059969,    0.00000000000000,    1.59887638059969,    0.00000184860129,   -0.00000000000000,    0.00000295568493,    1.59502500446553,    0.00000000000000,    1.59502500446553,   26.03191630341719,    0.00000000000000,
  574,    5,    1.79218750000000,    0.01406250000000,    1.59887638059969,    0.00000000000000,    1.59887638059969,    0.00000184860129,   -0.00000000000000,    0.00000295568493,    1.59502500446553,    0.00000000000000,    1.59502500446553,   26.03191630341719,    0.00000000000000,
  575,    1,    1.79531250000000,    0.00156250000000,    1.60408239901122,    0.00000000000000,    1.60408239901122,    0.00000174741476,    0.00000000000000,    0.00000280299726,    1.60024343498443,    0.00000000000000,    1.60024343498443,   26.31190284686111,    0.00000000000000,
  575,    2,    1.79531250000000,    0.00468750000000,    1.60408239901122,    0.00000000000000,    1.60408239901122,    0.00000174741476,    0.00000000000000,    0.00000280299726,    1.60024343498443,    0.00000000000000,    1.60024343498443,   26.31190284686111,    0.00000000000000,
  575,    3,    1.79531250000000,    0.00781250000000,    1.60408239901122,    0.00000000000000,    1.60408239901122,    0.00000174741476,    0.00000000000000,    0.00000280299726,    1.60024343498443,    0.00000000000000,    1.60024343498443,   26.31190284686111,    0.00000000000000,
  575,    4,    1.79531250000000,    0.01093750000000,    1.60408239901122,    0.00000000000000,    1.60408239901122,    0.00000174741476,    0.00000000000000,    0.00000280299726,    1.60024343498443,    0.00000000000000,    1.60024343498443,   26.31190284686111,    0.00000000000000,
  575,    5,    1.79531250000000,    0.01406250000000,    1.60408239901122,    0.00000000000000,    1.60408239901122,    0.00000174741476,    0.00000000000000,    0.00000280299726,    1.60024343498443,    0.00000000000000,    1.60024343498443,   26.31190284686111,    0.00000000000000,
  576,    1,    1.79843750000000,    0.00156250000000,    1.60932693888867,    0.00000000000000,    1.60932693888867,    0.00000164454472,   -0.00000000000000,    0.00000264661012,    1.60550039487310,    0.00000000000000,    1.60550039487310,   26.59125388356094,    0.00000000000000,
  576,    2,    1.79843750000000,    0.00468750000000,    1.60932693888867,    0.00000000000000,    1.60932693888867,    0.00000164454472,   -0.00000000000000,    0.00000264661012,    1.60550039487310,    0.00000000000000,    1.60550039487310,   26.59125388356094,    0.00000000000000,
  576,    3,    1.79843750000000,    0.00781250000000,    1.60932693888867,    0.00000000000000,    1.60932693888867,    0.00000164454472,   -0.00000000000000,    0.00000264661012,    1.60550039487310,    0.00000000000000,    1.60550039487310,   26.59125388356094,    0.00000000000000,
  576,    4,    1.79843750000000,    0.01093750000000,    1.60932693888867,    0.00000000000000,    1.60932693888867,    0.00000164454472,   -0.00000000000000,    0.00000264661012,    1.60550039487310,    0.00000000000000,    1.60550039487310,   26.59125388356094,    0.00000000000000,
  576,    5,    1.79843750000000,    0.01406250000000,    1.60932693888867,    0.00000000000000,    1.60932693888867,    0.00000164454472,   -0.00000000000000,    0.00000264661012,    1.60550039487310,    0.00000000000000,    1.60550039487310,   26.59125388356094,    0.00000000000000,
  577,    1,    1.80156250000000,    0.00156250000000,    1.61460949575187,    0.00000000000000,    1.61460949575187,    0.00000154005063,    0.00000000000000,    0.00000248658037,    1.61079537745481,    0.00000000000000,    1.61079537745481,   26.86993120264146,    0.00000000000000,
  577,    2,    1.80156250000000,    0.00468750000000,    1.61460949575187,    0.00000000000000,    1.61460949575187,    0.00000154005063,    0.00000000000000,    0.00000248658037,    1.61079537745481,    0.00000000000000,    1.61079537745481,   26.86993120264146,    0.00000000000000,
  577,    3,    1.80156250000000,    0.00781250000000,    1.61460949575187,    0.00000000000000,    1.61460949575187,    0.00000154005063,    0.00000000000000,    0.00000248658037,    1.61079537745481,    0.00000000000000,    1.61079537745481,   26.86993120264146,    0.00000000000000,
  577,    4,    1.80156250000000,    0.01093750000000,    1.61460949575187,    0.00000000000000,    1.61460949575187,    0.00000154005063,    0.00000000000000,    0.00000248658037,    1.61079537745481,    0.00000000000000,    1.61079537745481,   26.86993120264146,    0.00000000000000,
  577,    5,    1.80156250000000,    0.01406250000000,    1.61460949575187,    0.00000000000000,    1.61460949575187,    0.00000154005063,    0.00000000000000,    0.00000248658037,    1.61079537745481,    0.00000000000000,    1.61079537745481,   26.86993120264146,    0.00000000000000,
  578,    1,    1.80468750000000,    0.00156250000000,    1.61992956142031,    0.00000000000000,    1.61992956142031,    0.00000143399245,   -0.00000000000000,    0.00000232296677,    1.61612787238810,    0.00000000000000,    1.61612787238810,   27.14789592983803,    0.00000000000000,
  578,    2,    1.80468750000000,    0.00468750000000,    1.61992956142031,    0.00000000000000,    1.61992956142031,    0.00000143399245,   -0.00000000000000,    0.00000232296677,    1.61612787238810,    0.00000000000000,    1.61612787238810,   27.14789592983803,    0.00000000000000,
  578,    3,    1.80468750000000,    0.00781250000000,    1.61992956142031,    0.00000000000000,    1.61992956142031,    0.00000143399245,   -0.00000000000000,    0.00000232296677,    1.61612787238810,    0.00000000000000,    1.61612787238810,   27.14789592983803,    0.00000000000000,
  578,    4,    1.80468750000000,    0.01093750000000,    1.61992956142031,    0.00000000000000,    1.61992956142031,    0.00000143399245,   -0.00000000000000,    0.00000232296677,    1.61612787238810,    0.00000000000000,    1.61612787238810,   27.14789592983803,    0.00000000000000,
  578,    5,    1.80468750000000,    0.01406250000000,    1.61992956142031,    0.00000000000000,    1.61992956142031,    0.00000143399245,   -0.00000000000000,    0.00000232296677,    1.61612787238810,    0.00000000000000,    1.61612787238810,   27.14789592983803,    0.00000000000000,
  579,    1,    1.80781250000000,    0.00156250000000,    1.62528662406209,    0.00000000000000,    1.62528662406209,    0.00000132643065,    0.00000000000000,    0.00000215582999,    1.62149736571603,    0.00000000000000,    1.62149736571603,   27.42510853587544,    0.00000000000000,
  579,    2,    1.80781250000000,    0.00468750000000,    1.62528662406209,    0.00000000000000,    1.62528662406209,    0.00000132643065,    0.00000000000000,    0.00000215582999,    1.62149736571603,    0.00000000000000,    1.62149736571603,   27.42510853587544,    0.00000000000000,
  579,    3,    1.80781250000000,    0.00781250000000,    1.62528662406209,    0.00000000000000,    1.62528662406209,    0.00000132643065,    0.00000000000000,    0.00000215582999,    1.62149736571603,    0.00000000000000,    1.62149736571603,   27.42510853587544,    0.00000000000000,
  579,    4,    1.80781250000000,    0.01093750000000,    1.62528662406209,    0.00000000000000,    1.62528662406209,    0.00000132643065,    0.00000000000000,    0.00000215582999,    1.62149736571603,    0.00000000000000,    1.62149736571603,   27.42510853587544,    0.00000000000000,
  579,    5,    1.80781250000000,    0.01406250000000,    1.62528662406209,    0.00000000000000,    1.62528662406209,    0.00000132643065,    0.00000000000000,    0.00000215582999,    1.62149736571603,    0.00000000000000,    1.62149736571603,   27.42510853587544,    0.00000000000000,
  580,    1,    1.81093750000000,    0.00156250000000,    1.63068016824330,    0.00000000000000,    1.63068016824330,    0.00000121742608,    0.00000000000000,    0.00000198523257,    1.62690333991564,    0.00000000000000,    1.62690333991564,   27.70152884518873,    0.00000000000000,
  580,    2,    1.81093750000000,    0.00468750000000,    1.63068016824330,    0.00000000000000,    1.63068016824330,    0.00000121742608,    0.00000000000000,    0.00000198523257,    1.62690333991564,    0.00000000000000,    1.62690333991564,   27.70152884518873,    0.00000000000000,
  580,    3,    1.81093750000000,    0.00781250000000,    1.63068016824330,    0.00000000000000,    1.63068016824330,    0.00000121742608,    0.00000000000000,    0.00000198523257,    1.62690333991564,    0.00000000000000,    1.62690333991564,   27.70152884518873,    0.00000000000000,
  580,    4,    1.81093750000000,    0.01093750000000,    1.63068016824330,    0.00000000000000,    1.63068016824330,    0.00000121742608,    0.00000000000000,    0.00000198523257,    1.62690333991564,    0.00000000000000,    1.62690333991564,   27.70152884518873,    0.00000000000000,
  580,    5,    1.81093750000000,    0.01406250000000,    1.63068016824330,    0.00000000000000,    1.63068016824330,    0.00000121742608,    0.00000000000000,    0.00000198523257,    1.62690333991564,    0.00000000000000,    1.62690333991564,   27.70152884518873,    0.00000000000000,
  581,    1,    1.81406250000000,    0.00156250000000,    1.63610967497761,    0.00000000000000,    1.63610967497761,    0.00000110704000,    0.00000000000000,    0.00000181123886,    1.63234527394789,    0.00000000000000,    1.63234527394789,   27.97711604498324,    0.00000000000000,
  581,    2,    1.81406250000000,    0.00468750000000,    1.63610967497761,    0.00000000000000,    1.63610967497761,    0.00000110704000,    0.00000000000000,    0.00000181123886,    1.63234527394789,    0.00000000000000,    1.63234527394789,   27.97711604498324,    0.00000000000000,
  581,    3,    1.81406250000000,    0.00781250000000,    1.63610967497761,    0.00000000000000,    1.63610967497761,    0.00000110704000,    0.00000000000000,    0.00000181123886,    1.63234527394789,    0.00000000000000,    1.63234527394789,   27.97711604498324,    0.00000000000000,
  581,    4,    1.81406250000000,    0.01093750000000,    1.63610967497761,    0.00000000000000,    1.63610967497761,    0.00000110704000,    0.00000000000000,    0.00000181123886,    1.63234527394789,    0.00000000000000,    1.63234527394789,   27.97711604498324,    0.00000000000000,
  581,    5,    1.81406250000000,    0.01406250000000,    1.63610967497761,    0.00000000000000,    1.63610967497761,    0.00000110704000,    0.00000000000000,    0.00000181123886,    1.63234527394789,    0.00000000000000,    1.63234527394789,   27.97711604498324,    0.00000000000000,
  582,    1,    1.81718750000000,    0.00156250000000,    1.64157462177646,    0.00000000000000,    1.64157462177646,    0.00000099533400,   -0.00000000000000,    0.00000163391504,    1.63782264330785,    0.00000000000000,    1.63782264330785,   28.25182869463164,    0.00000000000000,
  582,    2,    1.81718750000000,    0.00468750000000,    1.64157462177646,    0.00000000000000,    1.64157462177646,    0.00000099533400,   -0.00000000000000,    0.00000163391504,    1.63782264330785,    0.00000000000000,    1.63782264330785,   28.25182869463164,    0.00000000000000,
  582,    3,    1.81718750000000,    0.00781250000000,    1.64157462177646,    0.00000000000000,    1.64157462177646,    0.00000099533400,   -0.00000000000000,    0.00000163391504,    1.63782264330785,    0.00000000000000,    1.63782264330785,   28.25182869463164,    0.00000000000000,
  582,    4,    1.81718750000000,    0.01093750000000,    1.64157462177646,    0.00000000000000,    1.64157462177646,    0.00000099533400,   -0.00000000000000,    0.00000163391504,    1.63782264330785,    0.00000000000000,    1.63782264330785,   28.25182869463164,    0.00000000000000,
  582,    5,    1.81718750000000,    0.01406250000000,    1.64157462177646,    0.00000000000000,    1.64157462177646,    0.00000099533400,   -0.00000000000000,    0.00000163391504,    1.63782264330785,    0.00000000000000,    1.63782264330785,   28.25182869463164,    0.00000000000000,
  583,    1,    1.82031250000000,    0.00156250000000,    1.64707448269953,    0.00000000000000,    1.64707448269953,    0.00000088236997,    0.00000000000000,    0.00000145332906,    1.64333492007527,    0.00000000000000,    1.64333492007527,   28.52562473540392,    0.00000000000000,
  583,    2,    1.82031250000000,    0.00468750000000,    1.64707448269953,    0.00000000000000,    1.64707448269953,    0.00000088236997,    0.00000000000000,    0.00000145332906,    1.64333492007527,    0.00000000000000,    1.64333492007527,   28.52562473540392,    0.00000000000000,
  583,    3,    1.82031250000000,    0.00781250000000,    1.64707448269953,    0.00000000000000,    1.64707448269953,    0.00000088236997,    0.00000000000000,    0.00000145332906,    1.64333492007527,    0.00000000000000,    1.64333492007527,   28.52562473540392,    0.00000000000000,
  583,    4,    1.82031250000000,    0.01093750000000,    1.64707448269953,    0.00000000000000,    1.64707448269953,    0.00000088236997,    0.00000000000000,    0.00000145332906,    1.64333492007527,    0.00000000000000,    1.64333492007527,   28.52562473540392,    0.00000000000000,
  583,    5,    1.82031250000000,    0.01406250000000,    1.64707448269953,    0.00000000000000,    1.64707448269953,    0.00000088236997,    0.00000000000000,    0.00000145332906,    1.64333492007527,    0.00000000000000,    1.64333492007527,   28.52562473540392,    0.00000000000000,
  584,    1,    1.82343750000000,    0.00156250000000,    1.65260872840543,    0.00000000000000,    1.65260872840543,    0.00000076821003,    0.00000000000000,    0.00000126955059,    1.64888157296543,    0.00000000000000,    1.64888157296543,   28.79846150052819,    0.00000000000000,
  584,    2,    1.82343750000000,    0.00468750000000,    1.65260872840543,    0.00000000000000,    1.65260872840543,    0.00000076821003,    0.00000000000000,    0.00000126955059,    1.64888157296543,    0.00000000000000,    1.64888157296543,   28.79846150052819,    0.00000000000000,
  584,    3,    1.82343750000000,    0.00781250000000,    1.65260872840543,    0.00000000000000,    1.65260872840543,    0.00000076821003,    0.00000000000000,    0.00000126955059,    1.64888157296543,    0.00000000000000,    1.64888157296543,   28.79846150052819,    0.00000000000000,
  584,    4,    1.82343750000000,    0.01093750000000,    1.65260872840543,    0.00000000000000,    1.65260872840543,    0.00000076821003,    0.00000000000000,    0.00000126955059,    1.64888157296543,    0.00000000000000,    1.64888157296543,   28.79846150052819,    0.00000000000000,
  584,    5,    1.82343750000000,    0.01406250000000,    1.65260872840543,    0.00000000000000,    1.65260872840543,    0.00000076821003,    0.00000000000000,    0.00000126955059,    1.64888157296543,    0.00000000000000,    1.64888157296543,   28.79846150052819,    0.00000000000000,
  585,    1,    1.82656250000000,    0.00156250000000,    1.65817682620291,    0.00000000000000,    1.65817682620291,    0.00000065291652,   -0.00000000000000,    0.00000108265103,    1.65446206738039,    0.00000000000000,    1.65446206738039,   29.07029572557831,    0.00000000000000,
  585,    2,    1.82656250000000,    0.00468750000000,    1.65817682620291,    0.00000000000000,    1.65817682620291,    0.00000065291652,   -0.00000000000000,    0.00000108265103,    1.65446206738039,    0.00000000000000,    1.65446206738039,   29.07029572557831,    0.00000000000000,
  585,    3,    1.82656250000000,    0.00781250000000,    1.65817682620291,    0.00000000000000,    1.65817682620291,    0.00000065291652,   -0.00000000000000,    0.00000108265103,    1.65446206738039,    0.00000000000000,    1.65446206738039,   29.07029572557831,    0.00000000000000,
  585,    4,    1.82656250000000,    0.01093750000000,    1.65817682620291,    0.00000000000000,    1.65817682620291,    0.00000065291652,   -0.00000000000000,    0.00000108265103,    1.65446206738039,    0.00000000000000,    1.65446206738039,   29.07029572557831,    0.00000000000000,
  585,    5,    1.82656250000000,    0.01406250000000,    1.65817682620291,    0.00000000000000,    1.65817682620291,    0.00000065291652,   -0.00000000000000,    0.00000108265103,    1.65446206738039,    0.00000000000000,    1.65446206738039,   29.07029572557831,    0.00000000000000,
  586,    1,    1.82968750000000,    0.00156250000000,    1.66377824010240,    0.00000000000000,    1.66377824010240,    0.00000053655193,    0.00000000000000,    0.00000089270343,    1.66007586546048,    0.00000000000000,    1.66007586546048,   29.34108355918518,    0.00000000000000,
  586,    2,    1.82968750000000,    0.00468750000000,    1.66377824010240,    0.00000000000000,    1.66377824010240,    0.00000053655193,    0.00000000000000,    0.00000089270343,    1.66007586546048,    0.00000000000000,    1.66007586546048,   29.34108355918518,    0.00000000000000,
  586,    3,    1.82968750000000,    0.00781250000000,    1.66377824010240,    0.00000000000000,    1.66377824010240,    0.00000053655193,    0.00000000000000,    0.00000089270343,    1.66007586546048,    0.00000000000000,    1.66007586546048,   29.34108355918518,    0.00000000000000,
  586,    4,    1.82968750000000,    0.01093750000000,    1.66377824010240,    0.00000000000000,    1.66377824010240,    0.00000053655193,    0.00000000000000,    0.00000089270343,    1.66007586546048,    0.00000000000000,    1.66007586546048,   29.34108355918518,    0.00000000000000,
  586,    5,    1.82968750000000,    0.01406250000000,    1.66377824010240,    0.00000000000000,    1.66377824010240,    0.00000053655193,    0.00000000000000,    0.00000089270343,    1.66007586546048,    0.00000000000000,    1.66007586546048,   29.34108355918518,    0.00000000000000,
  587,    1,    1.83281250000000,    0.00156250000000,    1.66941243086773,    0.00000000000000,    1.66941243086773,    0.00000041917891,    0.00000000000000,    0.00000069978248,    1.66572242613615,    0.00000000000000,    1.66572242613615,   29.61078057406823,    0.00000000000000,
  587,    2,    1.83281250000000,    0.00468750000000,    1.66941243086773,    0.00000000000000,    1.66941243086773,    0.00000041917891,    0.00000000000000,    0.00000069978248,    1.66572242613615,    0.00000000000000,    1.66572242613615,   29.61078057406823,    0.00000000000000,
  587,    3,    1.83281250000000,    0.00781250000000,    1.66941243086773,    0.00000000000000,    1.66941243086773,    0.00000041917891,    0.00000000000000,    0.00000069978248,    1.66572242613615,    0.00000000000000,    1.66572242613615,   29.61078057406823,    0.00000000000000,
  587,    4,    1.83281250000000,    0.01093750000000,    1.66941243086773,    0.00000000000000,    1.66941243086773,    0.00000041917891,    0.00000000000000,    0.00000069978248,    1.66572242613615,    0.00000000000000,    1.66572242613615,   29.61078057406823,    0.00000000000000,
  587,    5,    1.83281250000000,    0.01406250000000,    1.66941243086773,    0.00000000000000,    1.66941243086773,    0.00000041917891,    0.00000000000000,    0.00000069978248,    1.66572242613615,    0.00000000000000,    1.66572242613615,   29.61078057406823,    0.00000000000000,
  588,    1,    1.83593750000000,    0.00156250000000,    1.67507885606846,    0.00000000000000,    1.67507885606846,    0.00000030086013,   -0.00000000000000,    0.00000050396444,    1.67140120518014,    0.00000000000000,    1.67140120518014,   29.87934177838333,    0.00000000000000,
  588,    2,    1.83593750000000,    0.00468750000000,    1.67507885606846,    0.00000000000000,    1.67507885606846,    0.00000030086013,   -0.00000000000000,    0.00000050396444,    1.67140120518014,    0.00000000000000,    1.67140120518014,   29.87934177838333,    0.00000000000000,
  588,    3,    1.83593750000000,    0.00781250000000,    1.67507885606846,    0.00000000000000,    1.67507885606846,    0.00000030086013,   -0.00000000000000,    0.00000050396444,    1.67140120518014,    0.00000000000000,    1.67140120518014,   29.87934177838333,    0.00000000000000,
  588,    4,    1.83593750000000,    0.01093750000000,    1.67507885606846,    0.00000000000000,    1.67507885606846,    0.00000030086013,   -0.00000000000000,    0.00000050396444,    1.67140120518014,    0.00000000000000,    1.67140120518014,   29.87934177838333,    0.00000000000000,
  588,    5,    1.83593750000000,    0.01406250000000,    1.67507885606846,    0.00000000000000,    1.67507885606846,    0.00000030086013,   -0.00000000000000,    0.00000050396444,    1.67140120518014,    0.00000000000000,    1.67140120518014,   29.87934177838333,    0.00000000000000,
  589,    1,    1.83906250000000,    0.00156250000000,    1.68077697013229,    0.00000000000000,    1.68077697013229,    0.00000018165834,   -0.00000000000000,    0.00000030532716,    1.67711165525991,    0.00000000000000,    1.67711165525991,   30.14672162738321,    0.00000000000000,
  589,    2,    1.83906250000000,    0.00468750000000,    1.68077697013229,    0.00000000000000,    1.68077697013229,    0.00000018165834,   -0.00000000000000,    0.00000030532716,    1.67711165525991,    0.00000000000000,    1.67711165525991,   30.14672162738321,    0.00000000000000,
  589,    3,    1.83906250000000,    0.00781250000000,    1.68077697013229,    0.00000000000000,    1.68077697013229,    0.00000018165834,   -0.00000000000000,    0.00000030532716,    1.67711165525991,    0.00000000000000,    1.67711165525991,   30.14672162738321,    0.00000000000000,
  589,    4,    1.83906250000000,    0.01093750000000,    1.68077697013229,    0.00000000000000,    1.68077697013229,    0.00000018165834,   -0.00000000000000,    0.00000030532716,    1.67711165525991,    0.00000000000000,    1.67711165525991,   30.14672162738321,    0.00000000000000,
  589,    5,    1.83906250000000,    0.01406250000000,    1.68077697013229,    0.00000000000000,    1.68077697013229,    0.00000018165834,   -0.00000000000000,    0.00000030532716,    1.67711165525991,    0.00000000000000,    1.67711165525991,   30.14672162738321,    0.00000000000000,
  590,    1,    1.84218750000000,    0.00156250000000,    1.68650622439786,    0.00000000000000,    1.68650622439786,    0.00000006163626,   -0.00000000000000,    0.00000010394994,    1.68285322599038,    0.00000000000000,    1.68285322599038,   30.41287403538644,    0.00000000000000,
  590,    2,    1.84218750000000,    0.00468750000000,    1.68650622439786,    0.00000000000000,    1.68650622439786,    0.00000006163626,   -0.00000000000000,    0.00000010394994,    1.68285322599038,    0.00000000000000,    1.68285322599038,   30.41287403538644,    0.00000000000000,
  590,    3,    1.84218750000000,    0.00781250000000,    1.68650622439786,    0.00000000000000,    1.68650622439786,    0.00000006163626,   -0.00000000000000,    0.00000010394994,    1.68285322599038,    0.00000000000000,    1.68285322599038,   30.41287403538644,    0.00000000000000,
  590,    4,    1.84218750000000,    0.01093750000000,    1.68650622439786,    0.00000000000000,    1.68650622439786,    0.00000006163626,   -0.00000000000000,    0.00000010394994,    1.68285322599038,    0.00000000000000,    1.68285322599038,   30.41287403538644,    0.00000000000000,
  590,    5,    1.84218750000000,    0.01406250000000,    1.68650622439786,    0.00000000000000,    1.68650622439786,    0.00000006163626,   -0.00000000000000,    0.00000010394994,    1.68285322599038,    0.00000000000000,    1.68285322599038,   30.41287403538644,    0.00000000000000,
  591,    1,    1.84531250000000,    0.00156250000000,    1.69226606716804,    0.00000000000000,    1.69226606716804,   -0.00000005914342,    0.00000000000000,   -0.00000010008640,    1.68862536398702,    0.00000000000000,    1.68862536398702,   30.67775238805133,    0.00000000000000,
  591,    2,    1.84531250000000,    0.00468750000000,    1.69226606716804,    0.00000000000000,    1.69226606716804,   -0.00000005914342,    0.00000000000000,   -0.00000010008640,    1.68862536398702,    0.00000000000000,    1.68862536398702,   30.67775238805133,    0.00000000000000,
  591,    3,    1.84531250000000,    0.00781250000000,    1.69226606716804,    0.00000000000000,    1.69226606716804,   -0.00000005914342,    0.00000000000000,   -0.00000010008640,    1.68862536398702,    0.00000000000000,    1.68862536398702,   30.67775238805133,    0.00000000000000,
  591,    4,    1.84531250000000,    0.01093750000000,    1.69226606716804,    0.00000000000000,    1.69226606716804,   -0.00000005914342,    0.00000000000000,   -0.00000010008640,    1.68862536398702,    0.00000000000000,    1.68862536398702,   30.67775238805133,    0.00000000000000,
  591,    5,    1.84531250000000,    0.01406250000000,    1.69226606716804,    0.00000000000000,    1.69226606716804,   -0.00000005914342,    0.00000000000000,   -0.00000010008640,    1.68862536398702,    0.00000000000000,    1.68862536398702,   30.67775238805133,    0.00000000000000,
  592,    1,    1.84843750000000,    0.00156250000000,    1.69805594376316,    0.00000000000000,    1.69805594376316,   -0.00000018061811,    0.00000000000000,   -0.00000030669966,    1.69442751291915,    0.00000000000000,    1.69442751291915,   30.94130955494977,    0.00000000000000,
  592,    2,    1.84843750000000,    0.00468750000000,    1.69805594376316,    0.00000000000000,    1.69805594376316,   -0.00000018061811,    0.00000000000000,   -0.00000030669966,    1.69442751291915,    0.00000000000000,    1.69442751291915,   30.94130955494977,    0.00000000000000,
  592,    3,    1.84843750000000,    0.00781250000000,    1.69805594376316,    0.00000000000000,    1.69805594376316,   -0.00000018061811,    0.00000000000000,   -0.00000030669966,    1.69442751291915,    0.00000000000000,    1.69442751291915,   30.94130955494977,    0.00000000000000,
  592,    4,    1.84843750000000,    0.01093750000000,    1.69805594376316,    0.00000000000000,    1.69805594376316,   -0.00000018061811,    0.00000000000000,   -0.00000030669966,    1.69442751291915,    0.00000000000000,    1.69442751291915,   30.94130955494977,    0.00000000000000,
  592,    5,    1.84843750000000,    0.01406250000000,    1.69805594376316,    0.00000000000000,    1.69805594376316,   -0.00000018061811,    0.00000000000000,   -0.00000030669966,    1.69442751291915,    0.00000000000000,    1.69442751291915,   30.94130955494977,    0.00000000000000,
  593,    1,    1.85156250000000,    0.00156250000000,    1.70387529657503,    0.00000000000000,    1.70387529657503,   -0.00000030272534,   -0.00000000000000,   -0.00000051580624,    1.70025911356360,    0.00000000000000,    1.70025911356360,   31.20349790243746,    0.00000000000000,
  593,    2,    1.85156250000000,    0.00468750000000,    1.70387529657503,    0.00000000000000,    1.70387529657503,   -0.00000030272534,   -0.00000000000000,   -0.00000051580624,    1.70025911356360,    0.00000000000000,    1.70025911356360,   31.20349790243746,    0.00000000000000,
  593,    3,    1.85156250000000,    0.00781250000000,    1.70387529657503,    0.00000000000000,    1.70387529657503,   -0.00000030272534,   -0.00000000000000,   -0.00000051580624,    1.70025911356360,    0.00000000000000,    1.70025911356360,   31.20349790243746,    0.00000000000000,
  593,    4,    1.85156250000000,    0.01093750000000,    1.70387529657503,    0.00000000000000,    1.70387529657503,   -0.00000030272534,   -0.00000000000000,   -0.00000051580624,    1.70025911356360,    0.00000000000000,    1.70025911356360,   31.20349790243746,    0.00000000000000,
  593,    5,    1.85156250000000,    0.01406250000000,    1.70387529657503,    0.00000000000000,    1.70387529657503,   -0.00000030272534,   -0.00000000000000,   -0.00000051580624,    1.70025911356360,    0.00000000000000,    1.70025911356360,   31.20349790243746,    0.00000000000000,
  594,    1,    1.85468750000000,    0.00156250000000,    1.70972356512080,    0.00000000000000,    1.70972356512080,   -0.00000042540282,    0.00000000000000,   -0.00000072732122,    1.70611960385854,    0.00000000000000,    1.70611960385854,   31.46426930681555,    0.00000000000000,
  594,    2,    1.85468750000000,    0.00468750000000,    1.70972356512080,    0.00000000000000,    1.70972356512080,   -0.00000042540282,    0.00000000000000,   -0.00000072732122,    1.70611960385854,    0.00000000000000,    1.70611960385854,   31.46426930681555,    0.00000000000000,
  594,    3,    1.85468750000000,    0.00781250000000,    1.70972356512080,    0.00000000000000,    1.70972356512080,   -0.00000042540282,    0.00000000000000,   -0.00000072732122,    1.70611960385854,    0.00000000000000,    1.70611960385854,   31.46426930681555,    0.00000000000000,
  594,    4,    1.85468750000000,    0.01093750000000,    1.70972356512080,    0.00000000000000,    1.70972356512080,   -0.00000042540282,    0.00000000000000,   -0.00000072732122,    1.70611960385854,    0.00000000000000,    1.70611960385854,   31.46426930681555,    0.00000000000000,
  594,    5,    1.85468750000000,    0.01406250000000,    1.70972356512080,    0.00000000000000,    1.70972356512080,   -0.00000042540282,    0.00000000000000,   -0.00000072732122,    1.70611960385854,    0.00000000000000,    1.70611960385854,   31.46426930681555,    0.00000000000000,
  595,    1,    1.85781250000000,    0.00156250000000,    1.71560018609738,    0.00000000000000,    1.71560018609738,   -0.00000054858843,   -0.00000000000000,   -0.00000094115841,    1.71200841895773,    0.00000000000000,    1.71200841895773,   31.72357516777920,    0.00000000000000,
  595,    2,    1.85781250000000,    0.00468750000000,    1.71560018609738,    0.00000000000000,    1.71560018609738,   -0.00000054858843,   -0.00000000000000,   -0.00000094115841,    1.71200841895773,    0.00000000000000,    1.71200841895773,   31.72357516777920,    0.00000000000000,
  595,    3,    1.85781250000000,    0.00781250000000,    1.71560018609738,    0.00000000000000,    1.71560018609738,   -0.00000054858843,   -0.00000000000000,   -0.00000094115841,    1.71200841895773,    0.00000000000000,    1.71200841895773,   31.72357516777920,    0.00000000000000,
  595,    4,    1.85781250000000,    0.01093750000000,    1.71560018609738,    0.00000000000000,    1.71560018609738,   -0.00000054858843,   -0.00000000000000,   -0.00000094115841,    1.71200841895773,    0.00000000000000,    1.71200841895773,   31.72357516777920,    0.00000000000000,
  595,    5,    1.85781250000000,    0.01406250000000,    1.71560018609738,    0.00000000000000,    1.71560018609738,   -0.00000054858843,   -0.00000000000000,   -0.00000094115841,    1.71200841895773,    0.00000000000000,    1.71200841895773,   31.72357516777920,    0.00000000000000,
  596,    1,    1.86093750000000,    0.00156250000000,    1.72150459343617,    0.00000000000000,    1.72150459343617,   -0.00000067222033,    0.00000000000000,   -0.00000115723038,    1.71792499128490,    0.00000000000000,    1.71792499128490,   31.98136642214886,    0.00000000000000,
  596,    2,    1.86093750000000,    0.00468750000000,    1.72150459343617,    0.00000000000000,    1.72150459343617,   -0.00000067222033,    0.00000000000000,   -0.00000115723038,    1.71792499128490,    0.00000000000000,    1.71792499128490,   31.98136642214886,    0.00000000000000,
  596,    3,    1.86093750000000,    0.00781250000000,    1.72150459343617,    0.00000000000000,    1.72150459343617,   -0.00000067222033,    0.00000000000000,   -0.00000115723038,    1.71792499128490,    0.00000000000000,    1.71792499128490,   31.98136642214886,    0.00000000000000,
  596,    4,    1.86093750000000,    0.01093750000000,    1.72150459343617,    0.00000000000000,    1.72150459343617,   -0.00000067222033,    0.00000000000000,   -0.00000115723038,    1.71792499128490,    0.00000000000000,    1.71792499128490,   31.98136642214886,    0.00000000000000,
  596,    5,    1.86093750000000,    0.01406250000000,    1.72150459343617,    0.00000000000000,    1.72150459343617,   -0.00000067222033,    0.00000000000000,   -0.00000115723038,    1.71792499128490,    0.00000000000000,    1.71792499128490,   31.98136642214886,    0.00000000000000,
  597,    1,    1.86406250000000,    0.00156250000000,    1.72743621835782,    0.00000000000000,    1.72743621835782,   -0.00000079623693,    0.00000000000000,   -0.00000137544852,    1.72386875058852,    0.00000000000000,    1.72386875058852,   32.23759355787864,    0.00000000000000,
  597,    2,    1.86406250000000,    0.00468750000000,    1.72743621835782,    0.00000000000000,    1.72743621835782,   -0.00000079623693,    0.00000000000000,   -0.00000137544852,    1.72386875058852,    0.00000000000000,    1.72386875058852,   32.23759355787864,    0.00000000000000,
  597,    3,    1.86406250000000,    0.00781250000000,    1.72743621835782,    0.00000000000000,    1.72743621835782,   -0.00000079623693,    0.00000000000000,   -0.00000137544852,    1.72386875058852,    0.00000000000000,    1.72386875058852,   32.23759355787864,    0.00000000000000,
  597,    4,    1.86406250000000,    0.01093750000000,    1.72743621835782,    0.00000000000000,    1.72743621835782,   -0.00000079623693,    0.00000000000000,   -0.00000137544852,    1.72386875058852,    0.00000000000000,    1.72386875058852,   32.23759355787864,    0.00000000000000,
  597,    5,    1.86406250000000,    0.01406250000000,    1.72743621835782,    0.00000000000000,    1.72743621835782,   -0.00000079623693,    0.00000000000000,   -0.00000137544852,    1.72386875058852,    0.00000000000000,    1.72386875058852,   32.23759355787864,    0.00000000000000,
  598,    1,    1.86718750000000,    0.00156250000000,    1.73339448942758,    0.00000000000000,    1.73339448942758,   -0.00000092057700,    0.00000000000000,   -0.00000159572309,    1.72983912399667,    0.00000000000000,    1.72983912399667,   32.49220662833738,    0.00000000000000,
  598,    2,    1.86718750000000,    0.00468750000000,    1.73339448942758,    0.00000000000000,    1.73339448942758,   -0.00000092057700,    0.00000000000000,   -0.00000159572309,    1.72983912399667,    0.00000000000000,    1.72983912399667,   32.49220662833738,    0.00000000000000,
  598,    3,    1.86718750000000,    0.00781250000000,    1.73339448942758,    0.00000000000000,    1.73339448942758,   -0.00000092057700,    0.00000000000000,   -0.00000159572309,    1.72983912399667,    0.00000000000000,    1.72983912399667,   32.49220662833738,    0.00000000000000,
  598,    4,    1.86718750000000,    0.01093750000000,    1.73339448942758,    0.00000000000000,    1.73339448942758,   -0.00000092057700,    0.00000000000000,   -0.00000159572309,    1.72983912399667,    0.00000000000000,    1.72983912399667,   32.49220662833738,    0.00000000000000,
  598,    5,    1.86718750000000,    0.01406250000000,    1.73339448942758,    0.00000000000000,    1.73339448942758,   -0.00000092057700,    0.00000000000000,   -0.00000159572309,    1.72983912399667,    0.00000000000000,    1.72983912399667,   32.49220662833738,    0.00000000000000,
  599,    1,    1.87031250000000,    0.00156250000000,    1.73937883261069,    0.00000000000000,    1.73937883261069,   -0.00000104517960,    0.00000000000000,   -0.00000181796328,    1.73583553607236,    0.00000000000000,    1.73583553607236,   32.74515526685759,    0.00000000000000,
  599,    2,    1.87031250000000,    0.00468750000000,    1.73937883261069,    0.00000000000000,    1.73937883261069,   -0.00000104517960,    0.00000000000000,   -0.00000181796328,    1.73583553607236,    0.00000000000000,    1.73583553607236,   32.74515526685759,    0.00000000000000,
  599,    3,    1.87031250000000,    0.00781250000000,    1.73937883261069,    0.00000000000000,    1.73937883261069,   -0.00000104517960,    0.00000000000000,   -0.00000181796328,    1.73583553607236,    0.00000000000000,    1.73583553607236,   32.74515526685759,    0.00000000000000,
  599,    4,    1.87031250000000,    0.01093750000000,    1.73937883261069,    0.00000000000000,    1.73937883261069,   -0.00000104517960,    0.00000000000000,   -0.00000181796328,    1.73583553607236,    0.00000000000000,    1.73583553607236,   32.74515526685759,    0.00000000000000,
  599,    5,    1.87031250000000,    0.01406250000000,    1.73937883261069,    0.00000000000000,    1.73937883261069,   -0.00000104517960,    0.00000000000000,   -0.00000181796328,    1.73583553607236,    0.00000000000000,    1.73583553607236,   32.74515526685759,    0.00000000000000,
  600,    1,    1.87343750000000,    0.00156250000000,    1.74538867132813,    0.00000000000000,    1.74538867132813,   -0.00000116998424,    0.00000000000000,   -0.00000204207724,    1.74185740886889,    0.00000000000000,    1.74185740886889,   32.99638870154619,    0.00000000000000,
  600,    2,    1.87343750000000,    0.00468750000000,    1.74538867132813,    0.00000000000000,    1.74538867132813,   -0.00000116998424,    0.00000000000000,   -0.00000204207724,    1.74185740886889,    0.00000000000000,    1.74185740886889,   32.99638870154619,    0.00000000000000,
  600,    3,    1.87343750000000,    0.00781250000000,    1.74538867132813,    0.00000000000000,    1.74538867132813,   -0.00000116998424,    0.00000000000000,   -0.00000204207724,    1.74185740886889,    0.00000000000000,    1.74185740886889,   32.99638870154619,    0.00000000000000,
  600,    4,    1.87343750000000,    0.01093750000000,    1.74538867132813,    0.00000000000000,    1.74538867132813,   -0.00000116998424,    0.00000000000000,   -0.00000204207724,    1.74185740886889,    0.00000000000000,    1.74185740886889,   32.99638870154619,    0.00000000000000,
  600,    5,    1.87343750000000,    0.01406250000000,    1.74538867132813,    0.00000000000000,    1.74538867132813,   -0.00000116998424,    0.00000000000000,   -0.00000204207724,    1.74185740886889,    0.00000000000000,    1.74185740886889,   32.99638870154619,    0.00000000000000,
  601,    1,    1.87656250000000,    0.00156250000000,    1.75142342651263,    0.00000000000000,    1.75142342651263,   -0.00000129493081,    0.00000000000000,   -0.00000226797216,    1.74790416198564,    0.00000000000000,    1.74790416198564,   33.24585577035290,    0.00000000000000,
  601,    2,    1.87656250000000,    0.00468750000000,    1.75142342651263,    0.00000000000000,    1.75142342651263,   -0.00000129493081,    0.00000000000000,   -0.00000226797216,    1.74790416198564,    0.00000000000000,    1.74790416198564,   33.24585577035290,    0.00000000000000,
  601,    3,    1.87656250000000,    0.00781250000000,    1.75142342651263,    0.00000000000000,    1.75142342651263,   -0.00000129493081,    0.00000000000000,   -0.00000226797216,    1.74790416198564,    0.00000000000000,    1.74790416198564,   33.24585577035290,    0.00000000000000,
  601,    4,    1.87656250000000,    0.01093750000000,    1.75142342651263,    0.00000000000000,    1.75142342651263,   -0.00000129493081,    0.00000000000000,   -0.00000226797216,    1.74790416198564,    0.00000000000000,    1.74790416198564,   33.24585577035290,    0.00000000000000,
  601,    5,    1.87656250000000,    0.01406250000000,    1.75142342651263,    0.00000000000000,    1.75142342651263,   -0.00000129493081,    0.00000000000000,   -0.00000226797216,    1.74790416198564,    0.00000000000000,    1.74790416198564,   33.24585577035290,    0.00000000000000,
  602,    1,    1.87968750000000,    0.00156250000000,    1.75748251666484,    0.00000000000000,    1.75748251666484,   -0.00000141995968,    0.00000000000000,   -0.00000249555431,    1.75397521262396,    0.00000000000000,    1.75397521262396,   33.49350493639017,    0.00000000000000,
  602,    2,    1.87968750000000,    0.00468750000000,    1.75748251666484,    0.00000000000000,    1.75748251666484,   -0.00000141995968,    0.00000000000000,   -0.00000249555431,    1.75397521262396,    0.00000000000000,    1.75397521262396,   33.49350493639017,    0.00000000000000,
  602,    3,    1.87968750000000,    0.00781250000000,    1.75748251666484,    0.00000000000000,    1.75748251666484,   -0.00000141995968,    0.00000000000000,   -0.00000249555431,    1.75397521262396,    0.00000000000000,    1.75397521262396,   33.49350493639017,    0.00000000000000,
  602,    4,    1.87968750000000,    0.01093750000000,    1.75748251666484,    0.00000000000000,    1.75748251666484,   -0.00000141995968,    0.00000000000000,   -0.00000249555431,    1.75397521262396,    0.00000000000000,    1.75397521262396,   33.49350493639017,    0.00000000000000,
  602,    5,    1.87968750000000,    0.01406250000000,    1.75748251666484,    0.00000000000000,    1.75748251666484,   -0.00000141995968,    0.00000000000000,   -0.00000249555431,    1.75397521262396,    0.00000000000000,    1.75397521262396,   33.49350493639017,    0.00000000000000,
  603,    1,    1.88281250000000,    0.00156250000000,    1.76356535791001,    0.00000000000000,    1.76356535791001,   -0.00000154501169,    0.00000000000000,   -0.00000272472909,    1.76006997564334,    0.00000000000000,    1.76006997564334,   33.73928430349923,    0.00000000000000,
  603,    2,    1.88281250000000,    0.00468750000000,    1.76356535791001,    0.00000000000000,    1.76356535791001,   -0.00000154501169,    0.00000000000000,   -0.00000272472909,    1.76006997564334,    0.00000000000000,    1.76006997564334,   33.73928430349923,    0.00000000000000,
  603,    3,    1.88281250000000,    0.00781250000000,    1.76356535791001,    0.00000000000000,    1.76356535791001,   -0.00000154501169,    0.00000000000000,   -0.00000272472909,    1.76006997564334,    0.00000000000000,    1.76006997564334,   33.73928430349923,    0.00000000000000,
  603,    4,    1.88281250000000,    0.01093750000000,    1.76356535791001,    0.00000000000000,    1.76356535791001,   -0.00000154501169,    0.00000000000000,   -0.00000272472909,    1.76006997564334,    0.00000000000000,    1.76006997564334,   33.73928430349923,    0.00000000000000,
  603,    5,    1.88281250000000,    0.01406250000000,    1.76356535791001,    0.00000000000000,    1.76356535791001,   -0.00000154501169,    0.00000000000000,   -0.00000272472909,    1.76006997564334,    0.00000000000000,    1.76006997564334,   33.73928430349923,    0.00000000000000,
  604,    1,    1.88593750000000,    0.00156250000000,    1.76967136405438,    0.00000000000000,    1.76967136405438,   -0.00000167002821,    0.00000000000000,   -0.00000295540109,    1.76618786361785,    0.00000000000000,    1.76618786361785,   33.98314163205719,    0.00000000000000,
  604,    2,    1.88593750000000,    0.00468750000000,    1.76967136405438,    0.00000000000000,    1.76967136405438,   -0.00000167002821,    0.00000000000000,   -0.00000295540109,    1.76618786361785,    0.00000000000000,    1.76618786361785,   33.98314163205719,    0.00000000000000,
  604,    3,    1.88593750000000,    0.00781250000000,    1.76967136405438,    0.00000000000000,    1.76967136405438,   -0.00000167002821,    0.00000000000000,   -0.00000295540109,    1.76618786361785,    0.00000000000000,    1.76618786361785,   33.98314163205719,    0.00000000000000,
  604,    4,    1.88593750000000,    0.01093750000000,    1.76967136405438,    0.00000000000000,    1.76967136405438,   -0.00000167002821,    0.00000000000000,   -0.00000295540109,    1.76618786361785,    0.00000000000000,    1.76618786361785,   33.98314163205719,    0.00000000000000,
  604,    5,    1.88593750000000,    0.01406250000000,    1.76967136405438,    0.00000000000000,    1.76967136405438,   -0.00000167002821,    0.00000000000000,   -0.00000295540109,    1.76618786361785,    0.00000000000000,    1.76618786361785,   33.98314163205719,    0.00000000000000,
  605,    1,    1.88906250000000,    0.00156250000000,    1.77579994664253,    0.00000000000000,    1.77579994664253,   -0.00000179495115,   -0.00000000000000,   -0.00000318747416,    1.77232828689271,    0.00000000000000,    1.77232828689271,   34.22502435501877,    0.00000000000000,
  605,    2,    1.88906250000000,    0.00468750000000,    1.77579994664253,    0.00000000000000,    1.77579994664253,   -0.00000179495115,   -0.00000000000000,   -0.00000318747416,    1.77232828689271,    0.00000000000000,    1.77232828689271,   34.22502435501877,    0.00000000000000,
  605,    3,    1.88906250000000,    0.00781250000000,    1.77579994664253,    0.00000000000000,    1.77579994664253,   -0.00000179495115,   -0.00000000000000,   -0.00000318747416,    1.77232828689271,    0.00000000000000,    1.77232828689271,   34.22502435501877,    0.00000000000000,
  605,    4,    1.88906250000000,    0.01093750000000,    1.77579994664253,    0.00000000000000,    1.77579994664253,   -0.00000179495115,   -0.00000000000000,   -0.00000318747416,    1.77232828689271,    0.00000000000000,    1.77232828689271,   34.22502435501877,    0.00000000000000,
  605,    5,    1.88906250000000,    0.01406250000000,    1.77579994664253,    0.00000000000000,    1.77579994664253,   -0.00000179495115,   -0.00000000000000,   -0.00000318747416,    1.77232828689271,    0.00000000000000,    1.77232828689271,   34.22502435501877,    0.00000000000000,
  606,    1,    1.89218750000000,    0.00156250000000,    1.78195051501428,    0.00000000000000,    1.78195051501428,   -0.00000191972304,   -0.00000000000000,   -0.00000342085146,    1.77849065364114,    0.00000000000000,    1.77849065364114,   34.46487959418740,    0.00000000000000,
  606,    2,    1.89218750000000,    0.00468750000000,    1.78195051501428,    0.00000000000000,    1.78195051501428,   -0.00000191972304,   -0.00000000000000,   -0.00000342085146,    1.77849065364114,    0.00000000000000,    1.77849065364114,   34.46487959418740,    0.00000000000000,
  606,    3,    1.89218750000000,    0.00781250000000,    1.78195051501428,    0.00000000000000,    1.78195051501428,   -0.00000191972304,   -0.00000000000000,   -0.00000342085146,    1.77849065364114,    0.00000000000000,    1.77849065364114,   34.46487959418740,    0.00000000000000,
  606,    4,    1.89218750000000,    0.01093750000000,    1.78195051501428,    0.00000000000000,    1.78195051501428,   -0.00000191972304,   -0.00000000000000,   -0.00000342085146,    1.77849065364114,    0.00000000000000,    1.77849065364114,   34.46487959418740,    0.00000000000000,
  606,    5,    1.89218750000000,    0.01406250000000,    1.78195051501428,    0.00000000000000,    1.78195051501428,   -0.00000191972304,   -0.00000000000000,   -0.00000342085146,    1.77849065364114,    0.00000000000000,    1.77849065364114,   34.46487959418740,    0.00000000000000,
  607,    1,    1.89531250000000,    0.00156250000000,    1.78812247636220,    0.00000000000000,    1.78812247636220,   -0.00000204428697,    0.00000000000000,   -0.00000365543548,    1.78467436992141,    0.00000000000000,    1.78467436992141,   34.70265417670967,    0.00000000000000,
  607,    2,    1.89531250000000,    0.00468750000000,    1.78812247636220,    0.00000000000000,    1.78812247636220,   -0.00000204428697,    0.00000000000000,   -0.00000365543548,    1.78467436992141,    0.00000000000000,    1.78467436992141,   34.70265417670967,    0.00000000000000,
  607,    3,    1.89531250000000,    0.00781250000000,    1.78812247636220,    0.00000000000000,    1.78812247636220,   -0.00000204428697,    0.00000000000000,   -0.00000365543548,    1.78467436992141,    0.00000000000000,    1.78467436992141,   34.70265417670967,    0.00000000000000,
  607,    4,    1.89531250000000,    0.01093750000000,    1.78812247636220,    0.00000000000000,    1.78812247636220,   -0.00000204428697,    0.00000000000000,   -0.00000365543548,    1.78467436992141,    0.00000000000000,    1.78467436992141,   34.70265417670967,    0.00000000000000,
  607,    5,    1.89531250000000,    0.01406250000000,    1.78812247636220,    0.00000000000000,    1.78812247636220,   -0.00000204428697,    0.00000000000000,   -0.00000365543548,    1.78467436992141,    0.00000000000000,    1.78467436992141,   34.70265417670967,    0.00000000000000,
  608,    1,    1.89843750000000,    0.00156250000000,    1.79431523578920,    0.00000000000000,    1.79431523578920,   -0.00000216858671,   -0.00000000000000,   -0.00000389112817,    1.79087883973407,    0.00000000000000,    1.79087883973407,   34.93829465178700,    0.00000000000000,
  608,    2,    1.89843750000000,    0.00468750000000,    1.79431523578920,    0.00000000000000,    1.79431523578920,   -0.00000216858671,   -0.00000000000000,   -0.00000389112817,    1.79087883973407,    0.00000000000000,    1.79087883973407,   34.93829465178700,    0.00000000000000,
  608,    3,    1.89843750000000,    0.00781250000000,    1.79431523578920,    0.00000000000000,    1.79431523578920,   -0.00000216858671,   -0.00000000000000,   -0.00000389112817,    1.79087883973407,    0.00000000000000,    1.79087883973407,   34.93829465178700,    0.00000000000000,
  608,    4,    1.89843750000000,    0.01093750000000,    1.79431523578920,    0.00000000000000,    1.79431523578920,   -0.00000216858671,   -0.00000000000000,   -0.00000389112817,    1.79087883973407,    0.00000000000000,    1.79087883973407,   34.93829465178700,    0.00000000000000,
  608,    5,    1.89843750000000,    0.01406250000000,    1.79431523578920,    0.00000000000000,    1.79431523578920,   -0.00000216858671,   -0.00000000000000,   -0.00000389112817,    1.79087883973407,    0.00000000000000,    1.79087883973407,   34.93829465178700,    0.00000000000000,
  609,    1,    1.90156250000000,    0.00156250000000,    1.80052819636641,    0.00000000000000,    1.80052819636641,   -0.00000229256666,   -0.00000000000000,   -0.00000412783092,    1.79710346507941,    0.00000000000000,    1.79710346507941,   35.17174730759863,    0.00000000000000,
  609,    2,    1.90156250000000,    0.00468750000000,    1.80052819636641,    0.00000000000000,    1.80052819636641,   -0.00000229256666,   -0.00000000000000,   -0.00000412783092,    1.79710346507941,    0.00000000000000,    1.79710346507941,   35.17174730759863,    0.00000000000000,
  609,    3,    1.90156250000000,    0.00781250000000,    1.80052819636641,    0.00000000000000,    1.80052819636641,   -0.00000229256666,   -0.00000000000000,   -0.00000412783092,    1.79710346507941,    0.00000000000000,    1.79710346507941,   35.17174730759863,    0.00000000000000,
  609,    4,    1.90156250000000,    0.01093750000000,    1.80052819636641,    0.00000000000000,    1.80052819636641,   -0.00000229256666,   -0.00000000000000,   -0.00000412783092,    1.79710346507941,    0.00000000000000,    1.79710346507941,   35.17174730759863,    0.00000000000000,
  609,    5,    1.90156250000000,    0.01406250000000,    1.80052819636641,    0.00000000000000,    1.80052819636641,   -0.00000229256666,   -0.00000000000000,   -0.00000412783092,    1.79710346507941,    0.00000000000000,    1.79710346507941,   35.17174730759863,    0.00000000000000,
  610,    1,    1.90468750000000,    0.00156250000000,    1.80676075919116,    0.00000000000000,    1.80676075919116,   -0.00000241617195,    0.00000000000000,   -0.00000436544467,    1.80334764601509,    0.00000000000000,    1.80334764601509,   35.40295818842976,    0.00000000000000,
  610,    2,    1.90468750000000,    0.00468750000000,    1.80676075919116,    0.00000000000000,    1.80676075919116,   -0.00000241617195,    0.00000000000000,   -0.00000436544467,    1.80334764601509,    0.00000000000000,    1.80334764601509,   35.40295818842976,    0.00000000000000,
  610,    3,    1.90468750000000,    0.00781250000000,    1.80676075919116,    0.00000000000000,    1.80676075919116,   -0.00000241617195,    0.00000000000000,   -0.00000436544467,    1.80334764601509,    0.00000000000000,    1.80334764601509,   35.40295818842976,    0.00000000000000,
  610,    4,    1.90468750000000,    0.01093750000000,    1.80676075919116,    0.00000000000000,    1.80676075919116,   -0.00000241617195,    0.00000000000000,   -0.00000436544467,    1.80334764601509,    0.00000000000000,    1.80334764601509,   35.40295818842976,    0.00000000000000,
  610,    5,    1.90468750000000,    0.01406250000000,    1.80676075919116,    0.00000000000000,    1.80676075919116,   -0.00000241617195,    0.00000000000000,   -0.00000436544467,    1.80334764601509,    0.00000000000000,    1.80334764601509,   35.40295818842976,    0.00000000000000,
  611,    1,    1.90781250000000,    0.00156250000000,    1.81301232344530,    0.00000000000000,    1.81301232344530,   -0.00000253934841,    0.00000000000000,   -0.00000460386995,    1.80961078071395,    0.00000000000000,    1.80961078071395,   35.63187311199829,    0.00000000000000,
  611,    2,    1.90781250000000,    0.00468750000000,    1.81301232344530,    0.00000000000000,    1.81301232344530,   -0.00000253934841,    0.00000000000000,   -0.00000460386995,    1.80961078071395,    0.00000000000000,    1.80961078071395,   35.63187311199829,    0.00000000000000,
  611,    3,    1.90781250000000,    0.00781250000000,    1.81301232344530,    0.00000000000000,    1.81301232344530,   -0.00000253934841,    0.00000000000000,   -0.00000460386995,    1.80961078071395,    0.00000000000000,    1.80961078071395,   35.63187311199829,    0.00000000000000,
  611,    4,    1.90781250000000,    0.01093750000000,    1.81301232344530,    0.00000000000000,    1.81301232344530,   -0.00000253934841,    0.00000000000000,   -0.00000460386995,    1.80961078071395,    0.00000000000000,    1.80961078071395,   35.63187311199829,    0.00000000000000,
  611,    5,    1.90781250000000,    0.01406250000000,    1.81301232344530,    0.00000000000000,    1.81301232344530,   -0.00000253934841,    0.00000000000000,   -0.00000460386995,    1.80961078071395,    0.00000000000000,    1.80961078071395,   35.63187311199829,    0.00000000000000,
  612,    1,    1.91093750000000,    0.00156250000000,    1.81928228645339,    0.00000000000000,    1.81928228645339,   -0.00000266204260,   -0.00000000000000,   -0.00000484300695,    1.81589226552202,    0.00000000000000,    1.81589226552202,   35.85843768697430,    0.00000000000000,
  612,    2,    1.91093750000000,    0.00468750000000,    1.81928228645339,    0.00000000000000,    1.81928228645339,   -0.00000266204260,   -0.00000000000000,   -0.00000484300695,    1.81589226552202,    0.00000000000000,    1.81589226552202,   35.85843768697430,    0.00000000000000,
  612,    3,    1.91093750000000,    0.00781250000000,    1.81928228645339,    0.00000000000000,    1.81928228645339,   -0.00000266204260,   -0.00000000000000,   -0.00000484300695,    1.81589226552202,    0.00000000000000,    1.81589226552202,   35.85843768697430,    0.00000000000000,
  612,    4,    1.91093750000000,    0.01093750000000,    1.81928228645339,    0.00000000000000,    1.81928228645339,   -0.00000266204260,   -0.00000000000000,   -0.00000484300695,    1.81589226552202,    0.00000000000000,    1.81589226552202,   35.85843768697430,    0.00000000000000,
  612,    5,    1.91093750000000,    0.01406250000000,    1.81928228645339,    0.00000000000000,    1.81928228645339,   -0.00000266204260,   -0.00000000000000,   -0.00000484300695,    1.81589226552202,    0.00000000000000,    1.81589226552202,   35.85843768697430,    0.00000000000000,
  613,    1,    1.91406250000000,    0.00156250000000,    1.82557004374154,    0.00000000000000,    1.82557004374154,   -0.00000278420188,   -0.00000000000000,   -0.00000508275555,    1.82219149501673,    0.00000000000000,    1.82219149501673,   36.08259733068546,    0.00000000000000,
  613,    2,    1.91406250000000,    0.00468750000000,    1.82557004374154,    0.00000000000000,    1.82557004374154,   -0.00000278420188,   -0.00000000000000,   -0.00000508275555,    1.82219149501673,    0.00000000000000,    1.82219149501673,   36.08259733068546,    0.00000000000000,
  613,    3,    1.91406250000000,    0.00781250000000,    1.82557004374154,    0.00000000000000,    1.82557004374154,   -0.00000278420188,   -0.00000000000000,   -0.00000508275555,    1.82219149501673,    0.00000000000000,    1.82219149501673,   36.08259733068546,    0.00000000000000,
  613,    4,    1.91406250000000,    0.01093750000000,    1.82557004374154,    0.00000000000000,    1.82557004374154,   -0.00000278420188,   -0.00000000000000,   -0.00000508275555,    1.82219149501673,    0.00000000000000,    1.82219149501673,   36.08259733068546,    0.00000000000000,
  613,    5,    1.91406250000000,    0.01406250000000,    1.82557004374154,    0.00000000000000,    1.82557004374154,   -0.00000278420188,   -0.00000000000000,   -0.00000508275555,    1.82219149501673,    0.00000000000000,    1.82219149501673,   36.08259733068546,    0.00000000000000,
  614,    1,    1.91718750000000,    0.00156250000000,    1.83187498909611,    0.00000000000000,    1.83187498909611,   -0.00000290577437,    0.00000000000000,   -0.00000532301540,    1.82850786206524,    0.00000000000000,    1.82850786206524,   36.30429728700200,    0.00000000000000,
  614,    2,    1.91718750000000,    0.00468750000000,    1.83187498909611,    0.00000000000000,    1.83187498909611,   -0.00000290577437,    0.00000000000000,   -0.00000532301540,    1.82850786206524,    0.00000000000000,    1.82850786206524,   36.30429728700200,    0.00000000000000,
  614,    3,    1.91718750000000,    0.00781250000000,    1.83187498909611,    0.00000000000000,    1.83187498909611,   -0.00000290577437,    0.00000000000000,   -0.00000532301540,    1.82850786206524,    0.00000000000000,    1.82850786206524,   36.30429728700200,    0.00000000000000,
  614,    4,    1.91718750000000,    0.01093750000000,    1.83187498909611,    0.00000000000000,    1.83187498909611,   -0.00000290577437,    0.00000000000000,   -0.00000532301540,    1.82850786206524,    0.00000000000000,    1.82850786206524,   36.30429728700200,    0.00000000000000,
  614,    5,    1.91718750000000,    0.01406250000000,    1.83187498909611,    0.00000000000000,    1.83187498909611,   -0.00000290577437,    0.00000000000000,   -0.00000532301540,    1.82850786206524,    0.00000000000000,    1.82850786206524,   36.30429728700200,    0.00000000000000,
  615,    1,    1.92031250000000,    0.00156250000000,    1.83819651462260,    0.00000000000000,    1.83819651462260,   -0.00000302670903,    0.00000000000000,   -0.00000556368598,    1.83484075788293,    0.00000000000000,    1.83484075788293,   36.52348264439454,    0.00000000000000,
  615,    2,    1.92031250000000,    0.00468750000000,    1.83819651462260,    0.00000000000000,    1.83819651462260,   -0.00000302670903,    0.00000000000000,   -0.00000556368598,    1.83484075788293,    0.00000000000000,    1.83484075788293,   36.52348264439454,    0.00000000000000,
  615,    3,    1.92031250000000,    0.00781250000000,    1.83819651462260,    0.00000000000000,    1.83819651462260,   -0.00000302670903,    0.00000000000000,   -0.00000556368598,    1.83484075788293,    0.00000000000000,    1.83484075788293,   36.52348264439454,    0.00000000000000,
  615,    4,    1.92031250000000,    0.01093750000000,    1.83819651462260,    0.00000000000000,    1.83819651462260,   -0.00000302670903,    0.00000000000000,   -0.00000556368598,    1.83484075788293,    0.00000000000000,    1.83484075788293,   36.52348264439454,    0.00000000000000,
  615,    5,    1.92031250000000,    0.01406250000000,    1.83819651462260,    0.00000000000000,    1.83819651462260,   -0.00000302670903,    0.00000000000000,   -0.00000556368598,    1.83484075788293,    0.00000000000000,    1.83484075788293,   36.52348264439454,    0.00000000000000,
  616,    1,    1.92343750000000,    0.00156250000000,    1.84453401080479,    0.00000000000000,    1.84453401080479,   -0.00000314695561,    0.00000000000000,   -0.00000580466666,    1.84118957209214,    0.00000000000000,    1.84118957209214,   36.74009835415841,    0.00000000000000,
  616,    2,    1.92343750000000,    0.00468750000000,    1.84453401080479,    0.00000000000000,    1.84453401080479,   -0.00000314695561,    0.00000000000000,   -0.00000580466666,    1.84118957209214,    0.00000000000000,    1.84118957209214,   36.74009835415841,    0.00000000000000,
  616,    3,    1.92343750000000,    0.00781250000000,    1.84453401080479,    0.00000000000000,    1.84453401080479,   -0.00000314695561,    0.00000000000000,   -0.00000580466666,    1.84118957209214,    0.00000000000000,    1.84118957209214,   36.74009835415841,    0.00000000000000,
  616,    4,    1.92343750000000,    0.01093750000000,    1.84453401080479,    0.00000000000000,    1.84453401080479,   -0.00000314695561,    0.00000000000000,   -0.00000580466666,    1.84118957209214,    0.00000000000000,    1.84118957209214,   36.74009835415841,    0.00000000000000,
  616,    5,    1.92343750000000,    0.01406250000000,    1.84453401080479,    0.00000000000000,    1.84453401080479,   -0.00000314695561,    0.00000000000000,   -0.00000580466666,    1.84118957209214,    0.00000000000000,    1.84118957209214,   36.74009835415841,    0.00000000000000,
  617,    1,    1.92656250000000,    0.00156250000000,    1.85088686656404,    0.00000000000000,    1.85088686656404,   -0.00000326646475,    0.00000000000000,   -0.00000604585671,    1.84755369278092,    0.00000000000000,    1.84755369278092,   36.95408924879723,    0.00000000000000,
  617,    2,    1.92656250000000,    0.00468750000000,    1.85088686656404,    0.00000000000000,    1.85088686656404,   -0.00000326646475,    0.00000000000000,   -0.00000604585671,    1.84755369278092,    0.00000000000000,    1.84755369278092,   36.95408924879723,    0.00000000000000,
  617,    3,    1.92656250000000,    0.00781250000000,    1.85088686656404,    0.00000000000000,    1.85088686656404,   -0.00000326646475,    0.00000000000000,   -0.00000604585671,    1.84755369278092,    0.00000000000000,    1.84755369278092,   36.95408924879723,    0.00000000000000,
  617,    4,    1.92656250000000,    0.01093750000000,    1.85088686656404,    0.00000000000000,    1.85088686656404,   -0.00000326646475,    0.00000000000000,   -0.00000604585671,    1.84755369278092,    0.00000000000000,    1.84755369278092,   36.95408924879723,    0.00000000000000,
  617,    5,    1.92656250000000,    0.01406250000000,    1.85088686656404,    0.00000000000000,    1.85088686656404,   -0.00000326646475,    0.00000000000000,   -0.00000604585671,    1.84755369278092,    0.00000000000000,    1.84755369278092,   36.95408924879723,    0.00000000000000,
  618,    1,    1.92968750000000,    0.00156250000000,    1.85725446931870,    0.00000000000000,    1.85725446931870,   -0.00000338518795,    0.00000000000000,   -0.00000628715545,    1.85393250656209,    0.00000000000000,    1.85393250656209,   37.16540006055954,    0.00000000000000,
  618,    2,    1.92968750000000,    0.00468750000000,    1.85725446931870,    0.00000000000000,    1.85725446931870,   -0.00000338518795,    0.00000000000000,   -0.00000628715545,    1.85393250656209,    0.00000000000000,    1.85393250656209,   37.16540006055954,    0.00000000000000,
  618,    3,    1.92968750000000,    0.00781250000000,    1.85725446931870,    0.00000000000000,    1.85725446931870,   -0.00000338518795,    0.00000000000000,   -0.00000628715545,    1.85393250656209,    0.00000000000000,    1.85393250656209,   37.16540006055954,    0.00000000000000,
  618,    4,    1.92968750000000,    0.01093750000000,    1.85725446931870,    0.00000000000000,    1.85725446931870,   -0.00000338518795,    0.00000000000000,   -0.00000628715545,    1.85393250656209,    0.00000000000000,    1.85393250656209,   37.16540006055954,    0.00000000000000,
  618,    5,    1.92968750000000,    0.01406250000000,    1.85725446931870,    0.00000000000000,    1.85725446931870,   -0.00000338518795,    0.00000000000000,   -0.00000628715545,    1.85393250656209,    0.00000000000000,    1.85393250656209,   37.16540006055954,    0.00000000000000,
  619,    1,    1.93281250000000,    0.00156250000000,    1.86363620504362,    0.00000000000000,    1.86363620504362,   -0.00000350307758,    0.00000000000000,   -0.00000652846221,    1.86032539863229,    0.00000000000000,    1.86032539863229,   37.37397544012101,    0.00000000000000,
  619,    2,    1.93281250000000,    0.00468750000000,    1.86363620504362,    0.00000000000000,    1.86363620504362,   -0.00000350307758,    0.00000000000000,   -0.00000652846221,    1.86032539863229,    0.00000000000000,    1.86032539863229,   37.37397544012101,    0.00000000000000,
  619,    3,    1.93281250000000,    0.00781250000000,    1.86363620504362,    0.00000000000000,    1.86363620504362,   -0.00000350307758,    0.00000000000000,   -0.00000652846221,    1.86032539863229,    0.00000000000000,    1.86032539863229,   37.37397544012101,    0.00000000000000,
  619,    4,    1.93281250000000,    0.01093750000000,    1.86363620504362,    0.00000000000000,    1.86363620504362,   -0.00000350307758,    0.00000000000000,   -0.00000652846221,    1.86032539863229,    0.00000000000000,    1.86032539863229,   37.37397544012101,    0.00000000000000,
  619,    5,    1.93281250000000,    0.01406250000000,    1.86363620504362,    0.00000000000000,    1.86363620504362,   -0.00000350307758,    0.00000000000000,   -0.00000652846221,    1.86032539863229,    0.00000000000000,    1.86032539863229,   37.37397544012101,    0.00000000000000,
  620,    1,    1.93593750000000,    0.00156250000000,    1.87003145832994,    0.00000000000000,    1.87003145832994,   -0.00000362008694,    0.00000000000000,   -0.00000676967646,    1.86673175283128,    0.00000000000000,    1.86673175283128,   37.57975997540560,    0.00000000000000,
  620,    2,    1.93593750000000,    0.00468750000000,    1.87003145832994,    0.00000000000000,    1.87003145832994,   -0.00000362008694,    0.00000000000000,   -0.00000676967646,    1.86673175283128,    0.00000000000000,    1.86673175283128,   37.57975997540560,    0.00000000000000,
  620,    3,    1.93593750000000,    0.00781250000000,    1.87003145832994,    0.00000000000000,    1.87003145832994,   -0.00000362008694,    0.00000000000000,   -0.00000676967646,    1.86673175283128,    0.00000000000000,    1.86673175283128,   37.57975997540560,    0.00000000000000,
  620,    4,    1.93593750000000,    0.01093750000000,    1.87003145832994,    0.00000000000000,    1.87003145832994,   -0.00000362008694,    0.00000000000000,   -0.00000676967646,    1.86673175283128,    0.00000000000000,    1.86673175283128,   37.57975997540560,    0.00000000000000,
  620,    5,    1.93593750000000,    0.01406250000000,    1.87003145832994,    0.00000000000000,    1.87003145832994,   -0.00000362008694,    0.00000000000000,   -0.00000676967646,    1.86673175283128,    0.00000000000000,    1.86673175283128,   37.57975997540560,    0.00000000000000,
  621,    1,    1.93906250000000,    0.00156250000000,    1.87643961244488,    0.00000000000000,    1.87643961244488,   -0.00000373617022,   -0.00000000000000,   -0.00000701069781,    1.87315095170131,    0.00000000000000,    1.87315095170131,   37.78269821053875,    0.00000000000000,
  621,    2,    1.93906250000000,    0.00468750000000,    1.87643961244488,    0.00000000000000,    1.87643961244488,   -0.00000373617022,   -0.00000000000000,   -0.00000701069781,    1.87315095170131,    0.00000000000000,    1.87315095170131,   37.78269821053875,    0.00000000000000,
  621,    3,    1.93906250000000,    0.00781250000000,    1.87643961244488,    0.00000000000000,    1.87643961244488,   -0.00000373617022,   -0.00000000000000,   -0.00000701069781,    1.87315095170131,    0.00000000000000,    1.87315095170131,   37.78269821053875,    0.00000000000000,
  621,    4,    1.93906250000000,    0.01093750000000,    1.87643961244488,    0.00000000000000,    1.87643961244488,   -0.00000373617022,   -0.00000000000000,   -0.00000701069781,    1.87315095170131,    0.00000000000000,    1.87315095170131,   37.78269821053875,    0.00000000000000,
  621,    5,    1.93906250000000,    0.01406250000000,    1.87643961244488,    0.00000000000000,    1.87643961244488,   -0.00000373617022,   -0.00000000000000,   -0.00000701069781,    1.87315095170131,    0.00000000000000,    1.87315095170131,   37.78269821053875,    0.00000000000000,
  622,    1,    1.94218750000000,    0.00156250000000,    1.88286004939170,    0.00000000000000,    1.88286004939170,   -0.00000385128258,    0.00000000000000,   -0.00000725142611,    1.87958237654663,    0.00000000000000,    1.87958237654663,   37.98273466492516,    0.00000000000000,
  622,    2,    1.94218750000000,    0.00468750000000,    1.88286004939170,    0.00000000000000,    1.88286004939170,   -0.00000385128258,    0.00000000000000,   -0.00000725142611,    1.87958237654663,    0.00000000000000,    1.87958237654663,   37.98273466492516,    0.00000000000000,
  622,    3,    1.94218750000000,    0.00781250000000,    1.88286004939170,    0.00000000000000,    1.88286004939170,   -0.00000385128258,    0.00000000000000,   -0.00000725142611,    1.87958237654663,    0.00000000000000,    1.87958237654663,   37.98273466492516,    0.00000000000000,
  622,    4,    1.94218750000000,    0.01093750000000,    1.88286004939170,    0.00000000000000,    1.88286004939170,   -0.00000385128258,    0.00000000000000,   -0.00000725142611,    1.87958237654663,    0.00000000000000,    1.87958237654663,   37.98273466492516,    0.00000000000000,
  622,    5,    1.94218750000000,    0.01406250000000,    1.88286004939170,    0.00000000000000,    1.88286004939170,   -0.00000385128258,    0.00000000000000,   -0.00000725142611,    1.87958237654663,    0.00000000000000,    1.87958237654663,   37.98273466492516,    0.00000000000000,
  623,    1,    1.94531250000000,    0.00156250000000,    1.88929214996985,    0.00000000000000,    1.88929214996985,   -0.00000396538009,   -0.00000000000000,   -0.00000749176147,    1.88602540749313,    0.00000000000000,    1.88602540749313,   38.17981385244438,    0.00000000000000,
  623,    2,    1.94531250000000,    0.00468750000000,    1.88929214996985,    0.00000000000000,    1.88929214996985,   -0.00000396538009,   -0.00000000000000,   -0.00000749176147,    1.88602540749313,    0.00000000000000,    1.88602540749313,   38.17981385244438,    0.00000000000000,
  623,    3,    1.94531250000000,    0.00781250000000,    1.88929214996985,    0.00000000000000,    1.88929214996985,   -0.00000396538009,   -0.00000000000000,   -0.00000749176147,    1.88602540749313,    0.00000000000000,    1.88602540749313,   38.17981385244438,    0.00000000000000,
  623,    4,    1.94531250000000,    0.01093750000000,    1.88929214996985,    0.00000000000000,    1.88929214996985,   -0.00000396538009,   -0.00000000000000,   -0.00000749176147,    1.88602540749313,    0.00000000000000,    1.88602540749313,   38.17981385244438,    0.00000000000000,
  623,    5,    1.94531250000000,    0.01406250000000,    1.88929214996985,    0.00000000000000,    1.88929214996985,   -0.00000396538009,   -0.00000000000000,   -0.00000749176147,    1.88602540749313,    0.00000000000000,    1.88602540749313,   38.17981385244438,    0.00000000000000,
  624,    1,    1.94843750000000,    0.00156250000000,    1.89573529383511,    0.00000000000000,    1.89573529383511,   -0.00000407841980,   -0.00000000000000,   -0.00000773160435,    1.89247942354808,    0.00000000000000,    1.89247942354808,   38.37388030075699,    0.00000000000000,
  624,    2,    1.94843750000000,    0.00468750000000,    1.89573529383511,    0.00000000000000,    1.89573529383511,   -0.00000407841980,   -0.00000000000000,   -0.00000773160435,    1.89247942354808,    0.00000000000000,    1.89247942354808,   38.37388030075699,    0.00000000000000,
  624,    3,    1.94843750000000,    0.00781250000000,    1.89573529383511,    0.00000000000000,    1.89573529383511,   -0.00000407841980,   -0.00000000000000,   -0.00000773160435,    1.89247942354808,    0.00000000000000,    1.89247942354808,   38.37388030075699,    0.00000000000000,
  624,    4,    1.94843750000000,    0.01093750000000,    1.89573529383511,    0.00000000000000,    1.89573529383511,   -0.00000407841980,   -0.00000000000000,   -0.00000773160435,    1.89247942354808,    0.00000000000000,    1.89247942354808,   38.37388030075699,    0.00000000000000,
  624,    5,    1.94843750000000,    0.01406250000000,    1.89573529383511,    0.00000000000000,    1.89573529383511,   -0.00000407841980,   -0.00000000000000,   -0.00000773160435,    1.89247942354808,    0.00000000000000,    1.89247942354808,   38.37388030075699,    0.00000000000000,
  625,    1,    1.95156250000000,    0.00156250000000,    1.90218885955994,    0.00000000000000,    1.90218885955994,   -0.00000419035972,   -0.00000000000000,   -0.00000797085559,    1.89894380265997,    0.00000000000000,    1.89894380265997,   38.56487857071362,    0.00000000000000,
  625,    2,    1.95156250000000,    0.00468750000000,    1.90218885955994,    0.00000000000000,    1.90218885955994,   -0.00000419035972,   -0.00000000000000,   -0.00000797085559,    1.89894380265997,    0.00000000000000,    1.89894380265997,   38.56487857071362,    0.00000000000000,
  625,    3,    1.95156250000000,    0.00781250000000,    1.90218885955994,    0.00000000000000,    1.90218885955994,   -0.00000419035972,   -0.00000000000000,   -0.00000797085559,    1.89894380265997,    0.00000000000000,    1.89894380265997,   38.56487857071362,    0.00000000000000,
  625,    4,    1.95156250000000,    0.01093750000000,    1.90218885955994,    0.00000000000000,    1.90218885955994,   -0.00000419035972,   -0.00000000000000,   -0.00000797085559,    1.89894380265997,    0.00000000000000,    1.89894380265997,   38.56487857071362,    0.00000000000000,
  625,    5,    1.95156250000000,    0.01406250000000,    1.90218885955994,    0.00000000000000,    1.90218885955994,   -0.00000419035972,   -0.00000000000000,   -0.00000797085559,    1.89894380265997,    0.00000000000000,    1.89894380265997,   38.56487857071362,    0.00000000000000,
  626,    1,    1.95468750000000,    0.00156250000000,    1.90865222469382,    0.00000000000000,    1.90865222469382,   -0.00000430115887,   -0.00000000000000,   -0.00000820941645,    1.90541792177850,    0.00000000000000,    1.90541792177850,   38.75275327586039,    0.00000000000000,
  626,    2,    1.95468750000000,    0.00468750000000,    1.90865222469382,    0.00000000000000,    1.90865222469382,   -0.00000430115887,   -0.00000000000000,   -0.00000820941645,    1.90541792177850,    0.00000000000000,    1.90541792177850,   38.75275327586039,    0.00000000000000,
  626,    3,    1.95468750000000,    0.00781250000000,    1.90865222469382,    0.00000000000000,    1.90865222469382,   -0.00000430115887,   -0.00000000000000,   -0.00000820941645,    1.90541792177850,    0.00000000000000,    1.90541792177850,   38.75275327586039,    0.00000000000000,
  626,    4,    1.95468750000000,    0.01093750000000,    1.90865222469382,    0.00000000000000,    1.90865222469382,   -0.00000430115887,   -0.00000000000000,   -0.00000820941645,    1.90541792177850,    0.00000000000000,    1.90541792177850,   38.75275327586039,    0.00000000000000,
  626,    5,    1.95468750000000,    0.01406250000000,    1.90865222469382,    0.00000000000000,    1.90865222469382,   -0.00000430115887,   -0.00000000000000,   -0.00000820941645,    1.90541792177850,    0.00000000000000,    1.90541792177850,   38.75275327586039,    0.00000000000000,
  627,    1,    1.95781250000000,    0.00156250000000,    1.91512476582391,    0.00000000000000,    1.91512476582391,   -0.00000441077723,   -0.00000000000000,   -0.00000844718871,    1.91190115691458,    0.00000000000000,    1.91190115691458,   38.93744910203271,    0.00000000000000,
  627,    2,    1.95781250000000,    0.00468750000000,    1.91512476582391,    0.00000000000000,    1.91512476582391,   -0.00000441077723,   -0.00000000000000,   -0.00000844718871,    1.91190115691458,    0.00000000000000,    1.91190115691458,   38.93744910203271,    0.00000000000000,
  627,    3,    1.95781250000000,    0.00781250000000,    1.91512476582391,    0.00000000000000,    1.91512476582391,   -0.00000441077723,   -0.00000000000000,   -0.00000844718871,    1.91190115691458,    0.00000000000000,    1.91190115691458,   38.93744910203271,    0.00000000000000,
  627,    4,    1.95781250000000,    0.01093750000000,    1.91512476582391,    0.00000000000000,    1.91512476582391,   -0.00000441077723,   -0.00000000000000,   -0.00000844718871,    1.91190115691458,    0.00000000000000,    1.91190115691458,   38.93744910203271,    0.00000000000000,
  627,    5,    1.95781250000000,    0.01406250000000,    1.91512476582391,    0.00000000000000,    1.91512476582391,   -0.00000441077723,   -0.00000000000000,   -0.00000844718871,    1.91190115691458,    0.00000000000000,    1.91190115691458,   38.93744910203271,    0.00000000000000,
  628,    1,    1.96093750000000,    0.00156250000000,    1.92160585863550,    0.00000000000000,    1.92160585863550,   -0.00000451917578,   -0.00000000000000,   -0.00000868407466,    1.91839288320052,    0.00000000000000,    1.91839288320052,   39.11891082703031,    0.00000000000000,
  628,    2,    1.96093750000000,    0.00468750000000,    1.92160585863550,    0.00000000000000,    1.92160585863550,   -0.00000451917578,   -0.00000000000000,   -0.00000868407466,    1.91839288320052,    0.00000000000000,    1.91839288320052,   39.11891082703031,    0.00000000000000,
  628,    3,    1.96093750000000,    0.00781250000000,    1.92160585863550,    0.00000000000000,    1.92160585863550,   -0.00000451917578,   -0.00000000000000,   -0.00000868407466,    1.91839288320052,    0.00000000000000,    1.91839288320052,   39.11891082703031,    0.00000000000000,
  628,    4,    1.96093750000000,    0.01093750000000,    1.92160585863550,    0.00000000000000,    1.92160585863550,   -0.00000451917578,   -0.00000000000000,   -0.00000868407466,    1.91839288320052,    0.00000000000000,    1.91839288320052,   39.11891082703031,    0.00000000000000,
  628,    5,    1.96093750000000,    0.01406250000000,    1.92160585863550,    0.00000000000000,    1.92160585863550,   -0.00000451917578,   -0.00000000000000,   -0.00000868407466,    1.91839288320052,    0.00000000000000,    1.91839288320052,   39.11891082703031,    0.00000000000000,
  629,    1,    1.96406250000000,    0.00156250000000,    1.92809487797278,    0.00000000000000,    1.92809487797278,   -0.00000462631653,   -0.00000000000000,   -0.00000891997721,    1.92489247495023,    0.00000000000000,    1.92489247495023,   39.29708334036616,    0.00000000000000,
  629,    2,    1.96406250000000,    0.00468750000000,    1.92809487797278,    0.00000000000000,    1.92809487797278,   -0.00000462631653,   -0.00000000000000,   -0.00000891997721,    1.92489247495023,    0.00000000000000,    1.92489247495023,   39.29708334036616,    0.00000000000000,
  629,    3,    1.96406250000000,    0.00781250000000,    1.92809487797278,    0.00000000000000,    1.92809487797278,   -0.00000462631653,   -0.00000000000000,   -0.00000891997721,    1.92489247495023,    0.00000000000000,    1.92489247495023,   39.29708334036616,    0.00000000000000,
  629,    4,    1.96406250000000,    0.01093750000000,    1.92809487797278,    0.00000000000000,    1.92809487797278,   -0.00000462631653,   -0.00000000000000,   -0.00000891997721,    1.92489247495023,    0.00000000000000,    1.92489247495023,   39.29708334036616,    0.00000000000000,
  629,    5,    1.96406250000000,    0.01406250000000,    1.92809487797278,    0.00000000000000,    1.92809487797278,   -0.00000462631653,   -0.00000000000000,   -0.00000891997721,    1.92489247495023,    0.00000000000000,    1.92489247495023,   39.29708334036616,    0.00000000000000,
  630,    1,    1.96718750000000,    0.00156250000000,    1.93459119789958,    0.00000000000000,    1.93459119789958,   -0.00000473216249,   -0.00000000000000,   -0.00000915479990,    1.93139930571954,    0.00000000000000,    1.93139930571954,   39.47191166308172,    0.00000000000000,
  630,    2,    1.96718750000000,    0.00468750000000,    1.93459119789958,    0.00000000000000,    1.93459119789958,   -0.00000473216249,   -0.00000000000000,   -0.00000915479990,    1.93139930571954,    0.00000000000000,    1.93139930571954,   39.47191166308172,    0.00000000000000,
  630,    3,    1.96718750000000,    0.00781250000000,    1.93459119789958,    0.00000000000000,    1.93459119789958,   -0.00000473216249,   -0.00000000000000,   -0.00000915479990,    1.93139930571954,    0.00000000000000,    1.93139930571954,   39.47191166308172,    0.00000000000000,
  630,    4,    1.96718750000000,    0.01093750000000,    1.93459119789958,    0.00000000000000,    1.93459119789958,   -0.00000473216249,   -0.00000000000000,   -0.00000915479990,    1.93139930571954,    0.00000000000000,    1.93139930571954,   39.47191166308172,    0.00000000000000,
  630,    5,    1.96718750000000,    0.01406250000000,    1.93459119789958,    0.00000000000000,    1.93459119789958,   -0.00000473216249,   -0.00000000000000,   -0.00000915479990,    1.93139930571954,    0.00000000000000,    1.93139930571954,   39.47191166308172,    0.00000000000000,
  631,    1,    1.97031250000000,    0.00156250000000,    1.94109419176019,    0.00000000000000,    1.94109419176019,   -0.00000483667768,   -0.00000000000000,   -0.00000938844696,    1.93791274836653,    0.00000000000000,    1.93791274836653,   39.64334096762080,    0.00000000000000,
  631,    2,    1.97031250000000,    0.00468750000000,    1.94109419176019,    0.00000000000000,    1.94109419176019,   -0.00000483667768,   -0.00000000000000,   -0.00000938844696,    1.93791274836653,    0.00000000000000,    1.93791274836653,   39.64334096762080,    0.00000000000000,
  631,    3,    1.97031250000000,    0.00781250000000,    1.94109419176019,    0.00000000000000,    1.94109419176019,   -0.00000483667768,   -0.00000000000000,   -0.00000938844696,    1.93791274836653,    0.00000000000000,    1.93791274836653,   39.64334096762080,    0.00000000000000,
  631,    4,    1.97031250000000,    0.01093750000000,    1.94109419176019,    0.00000000000000,    1.94109419176019,   -0.00000483667768,   -0.00000000000000,   -0.00000938844696,    1.93791274836653,    0.00000000000000,    1.93791274836653,   39.64334096762080,    0.00000000000000,
  631,    5,    1.97031250000000,    0.01406250000000,    1.94109419176019,    0.00000000000000,    1.94109419176019,   -0.00000483667768,   -0.00000000000000,   -0.00000938844696,    1.93791274836653,    0.00000000000000,    1.93791274836653,   39.64334096762080,    0.00000000000000,
  632,    1,    1.97343750000000,    0.00156250000000,    1.94760323224030,    0.00000000000000,    1.94760323224030,   -0.00000493982717,   -0.00000000000000,   -0.00000962082336,    1.94443217511207,    0.00000000000000,    1.94443217511207,   39.81131659775515,    0.00000000000000,
  632,    2,    1.97343750000000,    0.00468750000000,    1.94760323224030,    0.00000000000000,    1.94760323224030,   -0.00000493982717,   -0.00000000000000,   -0.00000962082336,    1.94443217511207,    0.00000000000000,    1.94443217511207,   39.81131659775515,    0.00000000000000,
  632,    3,    1.97343750000000,    0.00781250000000,    1.94760323224030,    0.00000000000000,    1.94760323224030,   -0.00000493982717,   -0.00000000000000,   -0.00000962082336,    1.94443217511207,    0.00000000000000,    1.94443217511207,   39.81131659775515,    0.00000000000000,
  632,    4,    1.97343750000000,    0.01093750000000,    1.94760323224030,    0.00000000000000,    1.94760323224030,   -0.00000493982717,   -0.00000000000000,   -0.00000962082336,    1.94443217511207,    0.00000000000000,    1.94443217511207,   39.81131659775515,    0.00000000000000,
  632,    5,    1.97343750000000,    0.01406250000000,    1.94760323224030,    0.00000000000000,    1.94760323224030,   -0.00000493982717,   -0.00000000000000,   -0.00000962082336,    1.94443217511207,    0.00000000000000,    1.94443217511207,   39.81131659775515,    0.00000000000000,
  633,    1,    1.97656250000000,    0.00156250000000,    1.95411769142795,    0.00000000000000,    1.95411769142795,   -0.00000504157702,   -0.00000000000000,   -0.00000985183485,    1.95095695760022,    0.00000000000000,    1.95095695760022,   39.97578408855335,    0.00000000000000,
  633,    2,    1.97656250000000,    0.00468750000000,    1.95411769142795,    0.00000000000000,    1.95411769142795,   -0.00000504157702,   -0.00000000000000,   -0.00000985183485,    1.95095695760022,    0.00000000000000,    1.95095695760022,   39.97578408855335,    0.00000000000000,
  633,    3,    1.97656250000000,    0.00781250000000,    1.95411769142795,    0.00000000000000,    1.95411769142795,   -0.00000504157702,   -0.00000000000000,   -0.00000985183485,    1.95095695760022,    0.00000000000000,    1.95095695760022,   39.97578408855335,    0.00000000000000,
  633,    4,    1.97656250000000,    0.01093750000000,    1.95411769142795,    0.00000000000000,    1.95411769142795,   -0.00000504157702,   -0.00000000000000,   -0.00000985183485,    1.95095695760022,    0.00000000000000,    1.95095695760022,   39.97578408855335,    0.00000000000000,
  633,    5,    1.97656250000000,    0.01406250000000,    1.95411769142795,    0.00000000000000,    1.95411769142795,   -0.00000504157702,   -0.00000000000000,   -0.00000985183485,    1.95095695760022,    0.00000000000000,    1.95095695760022,   39.97578408855335,    0.00000000000000,
  634,    1,    1.97968750000000,    0.00156250000000,    1.96063694087448,    0.00000000000000,    1.96063694087448,   -0.00000514189437,   -0.00000000000000,   -0.00001008138804,    1.95748646695888,    0.00000000000000,    1.95748646695888,   40.13668918638611,    0.00000000000000,
  634,    2,    1.97968750000000,    0.00468750000000,    1.96063694087448,    0.00000000000000,    1.96063694087448,   -0.00000514189437,   -0.00000000000000,   -0.00001008138804,    1.95748646695888,    0.00000000000000,    1.95748646695888,   40.13668918638611,    0.00000000000000,
  634,    3,    1.97968750000000,    0.00781250000000,    1.96063694087448,    0.00000000000000,    1.96063694087448,   -0.00000514189437,   -0.00000000000000,   -0.00001008138804,    1.95748646695888,    0.00000000000000,    1.95748646695888,   40.13668918638611,    0.00000000000000,
  634,    4,    1.97968750000000,    0.01093750000000,    1.96063694087448,    0.00000000000000,    1.96063694087448,   -0.00000514189437,   -0.00000000000000,   -0.00001008138804,    1.95748646695888,    0.00000000000000,    1.95748646695888,   40.13668918638611,    0.00000000000000,
  634,    5,    1.97968750000000,    0.01406250000000,    1.96063694087448,    0.00000000000000,    1.96063694087448,   -0.00000514189437,   -0.00000000000000,   -0.00001008138804,    1.95748646695888,    0.00000000000000,    1.95748646695888,   40.13668918638611,    0.00000000000000,
  635,    1,    1.98281250000000,    0.00156250000000,    1.96716035165568,    0.00000000000000,    1.96716035165568,   -0.00000524074734,   -0.00000000000000,   -0.00001030939039,    1.96402007386033,    0.00000000000000,    1.96402007386033,   40.29397786896001,    0.00000000000000,
  635,    2,    1.98281250000000,    0.00468750000000,    1.96716035165568,    0.00000000000000,    1.96716035165568,   -0.00000524074734,   -0.00000000000000,   -0.00001030939039,    1.96402007386033,    0.00000000000000,    1.96402007386033,   40.29397786896001,    0.00000000000000,
  635,    3,    1.98281250000000,    0.00781250000000,    1.96716035165568,    0.00000000000000,    1.96716035165568,   -0.00000524074734,   -0.00000000000000,   -0.00001030939039,    1.96402007386033,    0.00000000000000,    1.96402007386033,   40.29397786896001,    0.00000000000000,
  635,    4,    1.98281250000000,    0.01093750000000,    1.96716035165568,    0.00000000000000,    1.96716035165568,   -0.00000524074734,   -0.00000000000000,   -0.00001030939039,    1.96402007386033,    0.00000000000000,    1.96402007386033,   40.29397786896001,    0.00000000000000,
  635,    5,    1.98281250000000,    0.01406250000000,    1.96716035165568,    0.00000000000000,    1.96716035165568,   -0.00000524074734,   -0.00000000000000,   -0.00001030939039,    1.96402007386033,    0.00000000000000,    1.96402007386033,   40.29397786896001,    0.00000000000000,
  636,    1,    1.98593750000000,    0.00156250000000,    1.97368729443283,    0.00000000000000,    1.97368729443283,   -0.00000533810513,   -0.00000000000000,   -0.00001053575028,    1.97055714858196,    0.00000000000000,    1.97055714858196,   40.44759636537214,    0.00000000000000,
  636,    2,    1.98593750000000,    0.00468750000000,    1.97368729443283,    0.00000000000000,    1.97368729443283,   -0.00000533810513,   -0.00000000000000,   -0.00001053575028,    1.97055714858196,    0.00000000000000,    1.97055714858196,   40.44759636537214,    0.00000000000000,
  636,    3,    1.98593750000000,    0.00781250000000,    1.97368729443283,    0.00000000000000,    1.97368729443283,   -0.00000533810513,   -0.00000000000000,   -0.00001053575028,    1.97055714858196,    0.00000000000000,    1.97055714858196,   40.44759636537214,    0.00000000000000,
  636,    4,    1.98593750000000,    0.01093750000000,    1.97368729443283,    0.00000000000000,    1.97368729443283,   -0.00000533810513,   -0.00000000000000,   -0.00001053575028,    1.97055714858196,    0.00000000000000,    1.97055714858196,   40.44759636537214,    0.00000000000000,
  636,    5,    1.98593750000000,    0.01406250000000,    1.97368729443283,    0.00000000000000,    1.97368729443283,   -0.00000533810513,   -0.00000000000000,   -0.00001053575028,    1.97055714858196,    0.00000000000000,    1.97055714858196,   40.44759636537214,    0.00000000000000,
  637,    1,    1.98906250000000,    0.00156250000000,    1.98021713951391,    0.00000000000000,    1.98021713951391,   -0.00000543393795,   -0.00000000000000,   -0.00001076037707,    1.97709706106688,    0.00000000000000,    1.97709706106688,   40.59749117617789,    0.00000000000000,
  637,    2,    1.98906250000000,    0.00468750000000,    1.98021713951391,    0.00000000000000,    1.98021713951391,   -0.00000543393795,   -0.00000000000000,   -0.00001076037707,    1.97709706106688,    0.00000000000000,    1.97709706106688,   40.59749117617789,    0.00000000000000,
  637,    3,    1.98906250000000,    0.00781250000000,    1.98021713951391,    0.00000000000000,    1.98021713951391,   -0.00000543393795,   -0.00000000000000,   -0.00001076037707,    1.97709706106688,    0.00000000000000,    1.97709706106688,   40.59749117617789,    0.00000000000000,
  637,    4,    1.98906250000000,    0.01093750000000,    1.98021713951391,    0.00000000000000,    1.98021713951391,   -0.00000543393795,   -0.00000000000000,   -0.00001076037707,    1.97709706106688,    0.00000000000000,    1.97709706106688,   40.59749117617789,    0.00000000000000,
  637,    5,    1.98906250000000,    0.01406250000000,    1.98021713951391,    0.00000000000000,    1.98021713951391,   -0.00000543393795,   -0.00000000000000,   -0.00001076037707,    1.97709706106688,    0.00000000000000,    1.97709706106688,   40.59749117617789,    0.00000000000000,
  638,    1,    1.99218750000000,    0.00156250000000,    1.98674925691466,    0.00000000000000,    1.98674925691466,   -0.00000552821705,   -0.00000000000000,   -0.00001098318111,    1.98363918098473,    0.00000000000000,    1.98363918098473,   40.74360909346447,    0.00000000000000,
  638,    2,    1.99218750000000,    0.00468750000000,    1.98674925691466,    0.00000000000000,    1.98674925691466,   -0.00000552821705,   -0.00000000000000,   -0.00001098318111,    1.98363918098473,    0.00000000000000,    1.98363918098473,   40.74360909346447,    0.00000000000000,
  638,    3,    1.99218750000000,    0.00781250000000,    1.98674925691466,    0.00000000000000,    1.98674925691466,   -0.00000552821705,   -0.00000000000000,   -0.00001098318111,    1.98363918098473,    0.00000000000000,    1.98363918098473,   40.74360909346447,    0.00000000000000,
  638,    4,    1.99218750000000,    0.01093750000000,    1.98674925691466,    0.00000000000000,    1.98674925691466,   -0.00000552821705,   -0.00000000000000,   -0.00001098318111,    1.98363918098473,    0.00000000000000,    1.98363918098473,   40.74360909346447,    0.00000000000000,
  638,    5,    1.99218750000000,    0.01406250000000,    1.98674925691466,    0.00000000000000,    1.98674925691466,   -0.00000552821705,   -0.00000000000000,   -0.00001098318111,    1.98363918098473,    0.00000000000000,    1.98363918098473,   40.74360909346447,    0.00000000000000,
  639,    1,    1.99531250000000,    0.00156250000000,    1.99328301641983,    0.00000000000000,    1.99328301641983,   -0.00000562091470,   -0.00000000000000,   -0.00001120407381,    1.99018287779236,    0.00000000000000,    1.99018287779236,   40.88589722092215,    0.00000000000000,
  639,    2,    1.99531250000000,    0.00468750000000,    1.99328301641983,    0.00000000000000,    1.99328301641983,   -0.00000562091470,   -0.00000000000000,   -0.00001120407381,    1.99018287779236,    0.00000000000000,    1.99018287779236,   40.88589722092215,    0.00000000000000,
  639,    3,    1.99531250000000,    0.00781250000000,    1.99328301641983,    0.00000000000000,    1.99328301641983,   -0.00000562091470,   -0.00000000000000,   -0.00001120407381,    1.99018287779236,    0.00000000000000,    1.99018287779236,   40.88589722092215,    0.00000000000000,
  639,    4,    1.99531250000000,    0.01093750000000,    1.99328301641983,    0.00000000000000,    1.99328301641983,   -0.00000562091470,   -0.00000000000000,   -0.00001120407381,    1.99018287779236,    0.00000000000000,    1.99018287779236,   40.88589722092215,    0.00000000000000,
  639,    5,    1.99531250000000,    0.01406250000000,    1.99328301641983,    0.00000000000000,    1.99328301641983,   -0.00000562091470,   -0.00000000000000,   -0.00001120407381,    1.99018287779236,    0.00000000000000,    1.99018287779236,   40.88589722092215,    0.00000000000000,
  640,    1,    1.99843750000000,    0.00156250000000,    1.99981778764440,    0.00000000000000,    1.99981778764440,   -0.00000571200423,   -0.00000000000000,   -0.00001142296765,    1.99672752079467,    0.00000000000000,    1.99672752079467,   41.02430299390574,    0.00000000000000,
  640,    2,    1.99843750000000,    0.00468750000000,    1.99981778764440,    0.00000000000000,    1.99981778764440,   -0.00000571200423,   -0.00000000000000,   -0.00001142296765,    1.99672752079467,    0.00000000000000,    1.99672752079467,   41.02430299390574,    0.00000000000000,
  640,    3,    1.99843750000000,    0.00781250000000,    1.99981778764440,    0.00000000000000,    1.99981778764440,   -0.00000571200423,   -0.00000000000000,   -0.00001142296765,    1.99672752079467,    0.00000000000000,    1.99672752079467,   41.02430299390574,    0.00000000000000,
  640,    4,    1.99843750000000,    0.01093750000000,    1.99981778764440,    0.00000000000000,    1.99981778764440,   -0.00000571200423,   -0.00000000000000,   -0.00001142296765,    1.99672752079467,    0.00000000000000,    1.99672752079467,   41.02430299390574,    0.00000000000000,
  640,    5,    1.99843750000000,    0.01406250000000,    1.99981778764440,    0.00000000000000,    1.99981778764440,   -0.00000571200423,   -0.00000000000000,   -0.00001142296765,    1.99672752079467,    0.00000000000000,    1.99672752079467,   41.02430299390574,    0.00000000000000,
