x (nodes),y (nodes),x (m),y (m),h + zb (m),zb (m),h (m),u (m/s),v (m/s), q (m^2/s), h analytical (m), u analytical (m/s), h analytical + zb (m) , Fx (m^2/s^2), Fy (m^2/s^2)
    1,    1,    0.01250000000000,    0.01250000000000,    2.05056150061036,    0.00000000000000,    2.05056150061036,   -0.00000325841024,   -0.00000000000000,   -0.00000668157059,    2.02617321050605,    0.00000000000000,    2.02617321050605,   41.59769383173931,    0.00000000000000,
    1,    2,    0.01250000000000,    0.03750000000000,    2.05056150061036,    0.00000000000000,    2.05056150061036,   -0.00000325841024,   -0.00000000000000,   -0.00000668157059,    2.02617321050605,    0.00000000000000,    2.02617321050605,   41.59769383173931,    0.00000000000000,
    1,    3,    0.01250000000000,    0.06250000000000,    2.05056150061036,    0.00000000000000,    2.05056150061036,   -0.00000325841024,   -0.00000000000000,   -0.00000668157059,    2.02617321050605,    0.00000000000000,    2.02617321050605,   41.59769383173931,    0.00000000000000,
    1,    4,    0.01250000000000,    0.08750000000000,    2.05056150061036,    0.00000000000000,    2.05056150061036,   -0.00000325841024,   -0.00000000000000,   -0.00000668157059,    2.02617321050605,    0.00000000000000,    2.02617321050605,   41.59769383173931,    0.00000000000000,
    1,    5,    0.01250000000000,    0.11250000000000,    2.05056150061036,    0.00000000000000,    2.05056150061036,   -0.00000325841024,   -0.00000000000000,   -0.00000668157059,    2.02617321050605,    0.00000000000000,    2.02617321050605,   41.59769383173931,    0.00000000000000,
    2,    1,    0.03750000000000,    0.01250000000000,    2.10215502076631,    0.00000000000000,    2.10215502076631,   -0.00000298466552,    0.00000000000000,   -0.00000627422960,    2.07835826497189,    0.00000000000000,    2.07835826497189,   42.40599325828556,    0.00000000000000,
    2,    2,    0.03750000000000,    0.03750000000000,    2.10215502076631,    0.00000000000000,    2.10215502076631,   -0.00000298466552,    0.00000000000000,   -0.00000627422960,    2.07835826497189,    0.00000000000000,    2.07835826497189,   42.40599325828556,    0.00000000000000,
    2,    3,    0.03750000000000,    0.06250000000000,    2.10215502076631,    0.00000000000000,    2.10215502076631,   -0.00000298466552,    0.00000000000000,   -0.00000627422960,    2.07835826497189,    0.00000000000000,    2.07835826497189,   42.40599325828556,    0.00000000000000,
    2,    4,    0.03750000000000,    0.08750000000000,    2.10215502076631,    0.00000000000000,    2.10215502076631,   -0.00000298466552,    0.00000000000000,   -0.00000627422960,    2.07835826497189,    0.00000000000000,    2.07835826497189,   42.40599325828556,    0.00000000000000,
    2,    5,    0.03750000000000,    0.11250000000000,    2.10215502076631,    0.00000000000000,    2.10215502076631,   -0.00000298466552,    0.00000000000000,   -0.00000627422960,    2.07835826497189,    0.00000000000000,    2.07835826497189,   42.40599325828556,    0.00000000000000,
    3,    1,    0.06250000000000,    0.01250000000000,    2.15330028899642,    0.00000000000000,    2.15330028899642,   -0.00000271503970,    0.00000000000000,   -0.00000584629578,    2.13006021467742,    0.00000000000000,    2.13006021467742,   42.92333517647729,    0.00000000000000,
    3,    2,    0.06250000000000,    0.03750000000000,    2.15330028899642,    0.00000000000000,    2.15330028899642,   -0.00000271503970,    0.00000000000000,   -0.00000584629578,    2.13006021467742,    0.00000000000000,    2.13006021467742,   42.92333517647729,    0.00000000000000,
    3,    3,    0.06250000000000,    0.06250000000000,    2.15330028899642,    0.00000000000000,    2.15330028899642,   -0.00000271503970,    0.00000000000000,   -0.00000584629578,    2.13006021467742,    0.00000000000000,    2.13006021467742,   42.92333517647729,    0.00000000000000,
    3,    4,    0.06250000000000,    0.08750000000000,    2.15330028899642,    0.00000000000000,    2.15330028899642,   -0.00000271503970,    0.00000000000000,   -0.00000584629578,    2.13006021467742,    0.00000000000000,    2.13006021467742,   42.92333517647729,    0.00000000000000,
    3,    5,    0.06250000000000,    0.11250000000000,    2.15330028899642,    0.00000000000000,    2.15330028899642,   -0.00000271503970,    0.00000000000000,   -0.00000584629578,    2.13006021467742,    0.00000000000000,    2.13006021467742,   42.92333517647729,    0.00000000000000,
    4,    1,    0.08750000000000,    0.01250000000000,    2.20367890675641,    0.00000000000000,    2.20367890675641,   -0.00000245339398,    0.00000000000000,   -0.00000540649257,    2.18096029991005,    0.00000000000000,    2.18096029991005,   43.12766441433456,    0.00000000000000,
    4,    2,    0.08750000000000,    0.03750000000000,    2.20367890675641,    0.00000000000000,    2.20367890675641,   -0.00000245339398,    0.00000000000000,   -0.00000540649257,    2.18096029991005,    0.00000000000000,    2.18096029991005,   43.12766441433456,    0.00000000000000,
    4,    3,    0.08750000000000,    0.06250000000000,    2.20367890675641,    0.00000000000000,    2.20367890675641,   -0.00000245339398,    0.00000000000000,   -0.00000540649257,    2.18096029991005,    0.00000000000000,    2.18096029991005,   43.12766441433456,    0.00000000000000,
    4,    4,    0.08750000000000,    0.08750000000000,    2.20367890675641,    0.00000000000000,    2.20367890675641,   -0.00000245339398,    0.00000000000000,   -0.00000540649257,    2.18096029991005,    0.00000000000000,    2.18096029991005,   43.12766441433456,    0.00000000000000,
    4,    5,    0.08750000000000,    0.11250000000000,    2.20367890675641,    0.00000000000000,    2.20367890675641,   -0.00000245339398,    0.00000000000000,   -0.00000540649257,    2.18096029991005,    0.00000000000000,    2.18096029991005,   43.12766441433456,    0.00000000000000,
    5,    1,    0.11250000000000,    0.01250000000000,    2.25297707949972,    0.00000000000000,    2.25297707949972,   -0.00000220272743,    0.00000000000000,   -0.00000496269442,    2.23074470471833,    0.00000000000000,    2.23074470471833,   43.00004680593045,    0.00000000000000,
    5,    2,    0.11250000000000,    0.03750000000000,    2.25297707949972,    0.00000000000000,    2.25297707949972,   -0.00000220272743,    0.00000000000000,   -0.00000496269442,    2.23074470471833,    0.00000000000000,    2.23074470471833,   43.00004680593045,    0.00000000000000,
    5,    3,    0.11250000000000,    0.06250000000000,    2.25297707949972,    0.00000000000000,    2.25297707949972,   -0.00000220272743,    0.00000000000000,   -0.00000496269442,    2.23074470471833,    0.00000000000000,    2.23074470471833,   43.00004680593045,    0.00000000000000,
    5,    4,    0.11250000000000,    0.08750000000000,    2.25297707949972,    0.00000000000000,    2.25297707949972,   -0.00000220272743,    0.00000000000000,   -0.00000496269442,    2.23074470471833,    0.00000000000000,    2.23074470471833,   43.00004680593045,    0.00000000000000,
    5,    5,    0.11250000000000,    0.11250000000000,    2.25297707949972,    0.00000000000000,    2.25297707949972,   -0.00000220272743,    0.00000000000000,   -0.00000496269442,    2.23074470471833,    0.00000000000000,    2.23074470471833,   43.00004680593045,    0.00000000000000,
    6,    1,    0.13750000000000,    0.01250000000000,    2.30088762626577,    0.00000000000000,    2.30088762626577,   -0.00000196523783,    0.00000000000000,   -0.00000452179140,    2.27910649169162,    0.00000000000000,    2.27910649169162,   42.52522112940878,    0.00000000000000,
    6,    2,    0.13750000000000,    0.03750000000000,    2.30088762626577,    0.00000000000000,    2.30088762626577,   -0.00000196523783,    0.00000000000000,   -0.00000452179140,    2.27910649169162,    0.00000000000000,    2.27910649169162,   42.52522112940878,    0.00000000000000,
    6,    3,    0.13750000000000,    0.06250000000000,    2.30088762626577,    0.00000000000000,    2.30088762626577,   -0.00000196523783,    0.00000000000000,   -0.00000452179140,    2.27910649169162,    0.00000000000000,    2.27910649169162,   42.52522112940878,    0.00000000000000,
    6,    4,    0.13750000000000,    0.08750000000000,    2.30088762626577,    0.00000000000000,    2.30088762626577,   -0.00000196523783,    0.00000000000000,   -0.00000452179140,    2.27910649169162,    0.00000000000000,    2.27910649169162,   42.52522112940878,    0.00000000000000,
    6,    5,    0.13750000000000,    0.11250000000000,    2.30088762626577,    0.00000000000000,    2.30088762626577,   -0.00000196523783,    0.00000000000000,   -0.00000452179140,    2.27910649169162,    0.00000000000000,    2.27910649169162,   42.52522112940878,    0.00000000000000,
    7,    1,    0.16250000000000,    0.01250000000000,    2.34711193724950,    0.00000000000000,    2.34711193724950,   -0.00000174239931,    0.00000000000000,   -0.00000408960622,    2.32574749433130,    0.00000000000000,    2.32574749433130,   41.69208835317315,    0.00000000000000,
    7,    2,    0.16250000000000,    0.03750000000000,    2.34711193724950,    0.00000000000000,    2.34711193724950,   -0.00000174239931,    0.00000000000000,   -0.00000408960622,    2.32574749433130,    0.00000000000000,    2.32574749433130,   41.69208835317315,    0.00000000000000,
    7,    3,    0.16250000000000,    0.06250000000000,    2.34711193724950,    0.00000000000000,    2.34711193724950,   -0.00000174239931,    0.00000000000000,   -0.00000408960622,    2.32574749433130,    0.00000000000000,    2.32574749433130,   41.69208835317315,    0.00000000000000,
    7,    4,    0.16250000000000,    0.08750000000000,    2.34711193724950,    0.00000000000000,    2.34711193724950,   -0.00000174239931,    0.00000000000000,   -0.00000408960622,    2.32574749433130,    0.00000000000000,    2.32574749433130,   41.69208835317315,    0.00000000000000,
    7,    5,    0.16250000000000,    0.11250000000000,    2.34711193724950,    0.00000000000000,    2.34711193724950,   -0.00000174239931,    0.00000000000000,   -0.00000408960622,    2.32574749433130,    0.00000000000000,    2.32574749433130,   41.69208835317315,    0.00000000000000,
    8,    1,    0.18750000000000,    0.01250000000000,    2.39136186813993,    0.00000000000000,    2.39136186813993,   -0.00000153504935,    0.00000000000000,   -0.00000367085848,    2.37038015534640,    0.00000000000000,    2.37038015534640,   40.49412544383733,    0.00000000000000,
    8,    2,    0.18750000000000,    0.03750000000000,    2.39136186813993,    0.00000000000000,    2.39136186813993,   -0.00000153504935,    0.00000000000000,   -0.00000367085848,    2.37038015534640,    0.00000000000000,    2.37038015534640,   40.49412544383733,    0.00000000000000,
    8,    3,    0.18750000000000,    0.06250000000000,    2.39136186813993,    0.00000000000000,    2.39136186813993,   -0.00000153504935,    0.00000000000000,   -0.00000367085848,    2.37038015534640,    0.00000000000000,    2.37038015534640,   40.49412544383733,    0.00000000000000,
    8,    4,    0.18750000000000,    0.08750000000000,    2.39136186813993,    0.00000000000000,    2.39136186813993,   -0.00000153504935,    0.00000000000000,   -0.00000367085848,    2.37038015534640,    0.00000000000000,    2.37038015534640,   40.49412544383733,    0.00000000000000,
    8,    5,    0.18750000000000,    0.11250000000000,    2.39136186813993,    0.00000000000000,    2.39136186813993,   -0.00000153504935,    0.00000000000000,   -0.00000367085848,    2.37038015534640,    0.00000000000000,    2.37038015534640,   40.49412544383733,    0.00000000000000,
    9,    1,    0.21250000000000,    0.01250000000000,    2.43336156060219,    0.00000000000000,    2.43336156060219,   -0.00000134347880,    0.00000000000000,   -0.00000326916967,    2.41272929953989,    0.00000000000000,    2.41272929953989,   38.92971268030296,    0.00000000000000,
    9,    2,    0.21250000000000,    0.03750000000000,    2.43336156060219,    0.00000000000000,    2.43336156060219,   -0.00000134347880,    0.00000000000000,   -0.00000326916967,    2.41272929953989,    0.00000000000000,    2.41272929953989,   38.92971268030296,    0.00000000000000,
    9,    3,    0.21250000000000,    0.06250000000000,    2.43336156060219,    0.00000000000000,    2.43336156060219,   -0.00000134347880,    0.00000000000000,   -0.00000326916967,    2.41272929953989,    0.00000000000000,    2.41272929953989,   38.92971268030296,    0.00000000000000,
    9,    4,    0.21250000000000,    0.08750000000000,    2.43336156060219,    0.00000000000000,    2.43336156060219,   -0.00000134347880,    0.00000000000000,   -0.00000326916967,    2.41272929953989,    0.00000000000000,    2.41272929953989,   38.92971268030296,    0.00000000000000,
    9,    5,    0.21250000000000,    0.11250000000000,    2.43336156060219,    0.00000000000000,    2.43336156060219,   -0.00000134347880,    0.00000000000000,   -0.00000326916967,    2.41272929953989,    0.00000000000000,    2.41272929953989,   38.92971268030296,    0.00000000000000,
   10,    1,    0.23750000000000,    0.01250000000000,    2.47284917881427,    0.00000000000000,    2.47284917881427,   -0.00000116751998,   -0.00000000000000,   -0.00000288710083,    2.45253383035529,    0.00000000000000,    2.45253383035529,   37.00236538667328,    0.00000000000000,
   10,    2,    0.23750000000000,    0.03750000000000,    2.47284917881427,    0.00000000000000,    2.47284917881427,   -0.00000116751998,   -0.00000000000000,   -0.00000288710083,    2.45253383035529,    0.00000000000000,    2.45253383035529,   37.00236538667328,    0.00000000000000,
   10,    3,    0.23750000000000,    0.06250000000000,    2.47284917881427,    0.00000000000000,    2.47284917881427,   -0.00000116751998,   -0.00000000000000,   -0.00000288710083,    2.45253383035529,    0.00000000000000,    2.45253383035529,   37.00236538667328,    0.00000000000000,
   10,    4,    0.23750000000000,    0.08750000000000,    2.47284917881427,    0.00000000000000,    2.47284917881427,   -0.00000116751998,   -0.00000000000000,   -0.00000288710083,    2.45253383035529,    0.00000000000000,    2.45253383035529,   37.00236538667328,    0.00000000000000,
   10,    5,    0.23750000000000,    0.11250000000000,    2.47284917881427,    0.00000000000000,    2.47284917881427,   -0.00000116751998,   -0.00000000000000,   -0.00000288710083,    2.45253383035529,    0.00000000000000,    2.45253383035529,   37.00236538667328,    0.00000000000000,
   11,    1,    0.26250000000000,    0.01250000000000,    2.50957855248745,    0.00000000000000,    2.50957855248745,   -0.00000100662920,    0.00000000000000,   -0.00000252621506,    2.48954833962379,    0.00000000000000,    2.48954833962379,   34.72086319515044,    0.00000000000000,
   11,    2,    0.26250000000000,    0.03750000000000,    2.50957855248745,    0.00000000000000,    2.50957855248745,   -0.00000100662920,    0.00000000000000,   -0.00000252621506,    2.48954833962379,    0.00000000000000,    2.48954833962379,   34.72086319515044,    0.00000000000000,
   11,    3,    0.26250000000000,    0.06250000000000,    2.50957855248745,    0.00000000000000,    2.50957855248745,   -0.00000100662920,    0.00000000000000,   -0.00000252621506,    2.48954833962379,    0.00000000000000,    2.48954833962379,   34.72086319515044,    0.00000000000000,
   11,    4,    0.26250000000000,    0.08750000000000,    2.50957855248745,    0.00000000000000,    2.50957855248745,   -0.00000100662920,    0.00000000000000,   -0.00000252621506,    2.48954833962379,    0.00000000000000,    2.48954833962379,   34.72086319515044,    0.00000000000000,
   11,    5,    0.26250000000000,    0.11250000000000,    2.50957855248745,    0.00000000000000,    2.50957855248745,   -0.00000100662920,    0.00000000000000,   -0.00000252621506,    2.48954833962379,    0.00000000000000,    2.48954833962379,   34.72086319515044,    0.00000000000000,
   12,    1,    0.28750000000000,    0.01250000000000,    2.54332071732253,    0.00000000000000,    2.54332071732253,   -0.00000085996132,    0.00000000000000,   -0.00000218715744,    2.52354462058716,    0.00000000000000,    2.52354462058716,   32.09927232542168,    0.00000000000000,
   12,    2,    0.28750000000000,    0.03750000000000,    2.54332071732253,    0.00000000000000,    2.54332071732253,   -0.00000085996132,    0.00000000000000,   -0.00000218715744,    2.52354462058716,    0.00000000000000,    2.52354462058716,   32.09927232542168,    0.00000000000000,
   12,    3,    0.28750000000000,    0.06250000000000,    2.54332071732253,    0.00000000000000,    2.54332071732253,   -0.00000085996132,    0.00000000000000,   -0.00000218715744,    2.52354462058716,    0.00000000000000,    2.52354462058716,   32.09927232542168,    0.00000000000000,
   12,    4,    0.28750000000000,    0.08750000000000,    2.54332071732253,    0.00000000000000,    2.54332071732253,   -0.00000085996132,    0.00000000000000,   -0.00000218715744,    2.52354462058716,    0.00000000000000,    2.52354462058716,   32.09927232542168,    0.00000000000000,
   12,    5,    0.28750000000000,    0.11250000000000,    2.54332071732253,    0.00000000000000,    2.54332071732253,   -0.00000085996132,    0.00000000000000,   -0.00000218715744,    2.52354462058716,    0.00000000000000,    2.52354462058716,   32.09927232542168,    0.00000000000000,
   13,    1,    0.31250000000000,    0.01250000000000,    2.57386534440032,    0.00000000000000,    2.57386534440032,   -0.00000072643497,    0.00000000000000,   -0.00000186974581,    2.55431307486836,    0.00000000000000,    2.55431307486836,   29.15685886173734,    0.00000000000000,
   13,    2,    0.31250000000000,    0.03750000000000,    2.57386534440032,    0.00000000000000,    2.57386534440032,   -0.00000072643497,    0.00000000000000,   -0.00000186974581,    2.55431307486836,    0.00000000000000,    2.55431307486836,   29.15685886173734,    0.00000000000000,
   13,    3,    0.31250000000000,    0.06250000000000,    2.57386534440032,    0.00000000000000,    2.57386534440032,   -0.00000072643497,    0.00000000000000,   -0.00000186974581,    2.55431307486836,    0.00000000000000,    2.55431307486836,   29.15685886173734,    0.00000000000000,
   13,    4,    0.31250000000000,    0.08750000000000,    2.57386534440032,    0.00000000000000,    2.57386534440032,   -0.00000072643497,    0.00000000000000,   -0.00000186974581,    2.55431307486836,    0.00000000000000,    2.55431307486836,   29.15685886173734,    0.00000000000000,
   13,    5,    0.31250000000000,    0.11250000000000,    2.57386534440032,    0.00000000000000,    2.57386534440032,   -0.00000072643497,    0.00000000000000,   -0.00000186974581,    2.55431307486836,    0.00000000000000,    2.55431307486836,   29.15685886173734,    0.00000000000000,
   14,    1,    0.33750000000000,    0.01250000000000,    2.60102205058608,    0.00000000000000,    2.60102205058608,   -0.00000060478805,    0.00000000000000,   -0.00000157306705,    2.58166400471520,    0.00000000000000,    2.58166400471520,   25.91789356235679,    0.00000000000000,
   14,    2,    0.33750000000000,    0.03750000000000,    2.60102205058608,    0.00000000000000,    2.60102205058608,   -0.00000060478805,    0.00000000000000,   -0.00000157306705,    2.58166400471520,    0.00000000000000,    2.58166400471520,   25.91789356235679,    0.00000000000000,
   14,    3,    0.33750000000000,    0.06250000000000,    2.60102205058608,    0.00000000000000,    2.60102205058608,   -0.00000060478805,    0.00000000000000,   -0.00000157306705,    2.58166400471520,    0.00000000000000,    2.58166400471520,   25.91789356235679,    0.00000000000000,
   14,    4,    0.33750000000000,    0.08750000000000,    2.60102205058608,    0.00000000000000,    2.60102205058608,   -0.00000060478805,    0.00000000000000,   -0.00000157306705,    2.58166400471520,    0.00000000000000,    2.58166400471520,   25.91789356235679,    0.00000000000000,
   14,    5,    0.33750000000000,    0.11250000000000,    2.60102205058608,    0.00000000000000,    2.60102205058608,   -0.00000060478805,    0.00000000000000,   -0.00000157306705,    2.58166400471520,    0.00000000000000,    2.58166400471520,   25.91789356235679,    0.00000000000000,
   15,    1,    0.36250000000000,    0.01250000000000,    2.62462158265079,    0.00000000000000,    2.62462158265079,   -0.00000049362353,    0.00000000000000,   -0.00000129557496,    2.60542878255005,    0.00000000000000,    2.60542878255005,   22.41135128621349,    0.00000000000000,
   15,    2,    0.36250000000000,    0.03750000000000,    2.62462158265079,    0.00000000000000,    2.62462158265079,   -0.00000049362353,    0.00000000000000,   -0.00000129557496,    2.60542878255005,    0.00000000000000,    2.60542878255005,   22.41135128621349,    0.00000000000000,
   15,    3,    0.36250000000000,    0.06250000000000,    2.62462158265079,    0.00000000000000,    2.62462158265079,   -0.00000049362353,    0.00000000000000,   -0.00000129557496,    2.60542878255005,    0.00000000000000,    2.60542878255005,   22.41135128621349,    0.00000000000000,
   15,    4,    0.36250000000000,    0.08750000000000,    2.62462158265079,    0.00000000000000,    2.62462158265079,   -0.00000049362353,    0.00000000000000,   -0.00000129557496,    2.60542878255005,    0.00000000000000,    2.60542878255005,   22.41135128621349,    0.00000000000000,
   15,    5,    0.36250000000000,    0.11250000000000,    2.62462158265079,    0.00000000000000,    2.62462158265079,   -0.00000049362353,    0.00000000000000,   -0.00000129557496,    2.60542878255005,    0.00000000000000,    2.60542878255005,   22.41135128621349,    0.00000000000000,
   16,    1,    0.38750000000000,    0.01250000000000,    2.64451686848050,    0.00000000000000,    2.64451686848050,   -0.00000039144637,    0.00000000000000,   -0.00000103518652,    2.62546089061499,    0.00000000000000,    2.62546089061499,   18.67051060648000,    0.00000000000000,
   16,    2,    0.38750000000000,    0.03750000000000,    2.64451686848050,    0.00000000000000,    2.64451686848050,   -0.00000039144637,    0.00000000000000,   -0.00000103518652,    2.62546089061499,    0.00000000000000,    2.62546089061499,   18.67051060648000,    0.00000000000000,
   16,    3,    0.38750000000000,    0.06250000000000,    2.64451686848050,    0.00000000000000,    2.64451686848050,   -0.00000039144637,    0.00000000000000,   -0.00000103518652,    2.62546089061499,    0.00000000000000,    2.62546089061499,   18.67051060648000,    0.00000000000000,
   16,    4,    0.38750000000000,    0.08750000000000,    2.64451686848050,    0.00000000000000,    2.64451686848050,   -0.00000039144637,    0.00000000000000,   -0.00000103518652,    2.62546089061499,    0.00000000000000,    2.62546089061499,   18.67051060648000,    0.00000000000000,
   16,    5,    0.38750000000000,    0.11250000000000,    2.64451686848050,    0.00000000000000,    2.64451686848050,   -0.00000039144637,    0.00000000000000,   -0.00000103518652,    2.62546089061499,    0.00000000000000,    2.62546089061499,   18.67051060648000,    0.00000000000000,
   17,    1,    0.41250000000000,    0.01250000000000,    2.66058392945837,    0.00000000000000,    2.66058392945837,   -0.00000029669238,    0.00000000000000,   -0.00000078937499,    2.64163682430243,    0.00000000000000,    2.64163682430243,   14.73246153969031,    0.00000000000000,
   17,    2,    0.41250000000000,    0.03750000000000,    2.66058392945837,    0.00000000000000,    2.66058392945837,   -0.00000029669238,    0.00000000000000,   -0.00000078937499,    2.64163682430243,    0.00000000000000,    2.64163682430243,   14.73246153969031,    0.00000000000000,
   17,    3,    0.41250000000000,    0.06250000000000,    2.66058392945837,    0.00000000000000,    2.66058392945837,   -0.00000029669238,    0.00000000000000,   -0.00000078937499,    2.64163682430243,    0.00000000000000,    2.64163682430243,   14.73246153969031,    0.00000000000000,
   17,    4,    0.41250000000000,    0.08750000000000,    2.66058392945837,    0.00000000000000,    2.66058392945837,   -0.00000029669238,    0.00000000000000,   -0.00000078937499,    2.64163682430243,    0.00000000000000,    2.64163682430243,   14.73246153969031,    0.00000000000000,
   17,    5,    0.41250000000000,    0.11250000000000,    2.66058392945837,    0.00000000000000,    2.66058392945837,   -0.00000029669238,    0.00000000000000,   -0.00000078937499,    2.64163682430243,    0.00000000000000,    2.64163682430243,   14.73246153969031,    0.00000000000000,
   18,    1,    0.43750000000000,    0.01250000000000,    2.67272264886064,    0.00000000000000,    2.67272264886064,   -0.00000020775020,    0.00000000000000,   -0.00000055525868,    2.65385685360215,    0.00000000000000,    2.65385685360215,   10.63753149472453,    0.00000000000000,
   18,    2,    0.43750000000000,    0.03750000000000,    2.67272264886064,    0.00000000000000,    2.67272264886064,   -0.00000020775020,    0.00000000000000,   -0.00000055525868,    2.65385685360215,    0.00000000000000,    2.65385685360215,   10.63753149472453,    0.00000000000000,
   18,    3,    0.43750000000000,    0.06250000000000,    2.67272264886064,    0.00000000000000,    2.67272264886064,   -0.00000020775020,    0.00000000000000,   -0.00000055525868,    2.65385685360215,    0.00000000000000,    2.65385685360215,   10.63753149472453,    0.00000000000000,
   18,    4,    0.43750000000000,    0.08750000000000,    2.67272264886064,    0.00000000000000,    2.67272264886064,   -0.00000020775020,    0.00000000000000,   -0.00000055525868,    2.65385685360215,    0.00000000000000,    2.65385685360215,   10.63753149472453,    0.00000000000000,
   18,    5,    0.43750000000000,    0.11250000000000,    2.67272264886064,    0.00000000000000,    2.67272264886064,   -0.00000020775020,    0.00000000000000,   -0.00000055525868,    2.65385685360215,    0.00000000000000,    2.65385685360215,   10.63753149472453,    0.00000000000000,
   19,    1,    0.46250000000000,    0.01250000000000,    2.68085739190363,    0.00000000000000,    2.68085739190363,   -0.00000012297761,    0.00000000000000,   -0.00000032968544,    2.66204563796995,    0.00000000000000,    2.66204563796995,    6.42864148524149,    0.00000000000000,
   19,    2,    0.46250000000000,    0.03750000000000,    2.68085739190363,    0.00000000000000,    2.68085739190363,   -0.00000012297761,    0.00000000000000,   -0.00000032968544,    2.66204563796995,    0.00000000000000,    2.66204563796995,    6.42864148524149,    0.00000000000000,
   19,    3,    0.46250000000000,    0.06250000000000,    2.68085739190363,    0.00000000000000,    2.68085739190363,   -0.00000012297761,    0.00000000000000,   -0.00000032968544,    2.66204563796995,    0.00000000000000,    2.66204563796995,    6.42864148524149,    0.00000000000000,
   19,    4,    0.46250000000000,    0.08750000000000,    2.68085739190363,    0.00000000000000,    2.68085739190363,   -0.00000012297761,    0.00000000000000,   -0.00000032968544,    2.66204563796995,    0.00000000000000,    2.66204563796995,    6.42864148524149,    0.00000000000000,
   19,    5,    0.46250000000000,    0.11250000000000,    2.68085739190363,    0.00000000000000,    2.68085739190363,   -0.00000012297761,    0.00000000000000,   -0.00000032968544,    2.66204563796995,    0.00000000000000,    2.66204563796995,    6.42864148524149,    0.00000000000000,
   20,    1,    0.48750000000000,    0.01250000000000,    2.68493747390845,    0.00000000000000,    2.68493747390845,   -0.00000004071347,    0.00000000000000,   -0.00000010931312,    2.66615269082715,    0.00000000000000,    2.66615269082715,    2.15060630476822,    0.00000000000000,
   20,    2,    0.48750000000000,    0.03750000000000,    2.68493747390845,    0.00000000000000,    2.68493747390845,   -0.00000004071347,    0.00000000000000,   -0.00000010931312,    2.66615269082715,    0.00000000000000,    2.66615269082715,    2.15060630476822,    0.00000000000000,
   20,    3,    0.48750000000000,    0.06250000000000,    2.68493747390845,    0.00000000000000,    2.68493747390845,   -0.00000004071347,    0.00000000000000,   -0.00000010931312,    2.66615269082715,    0.00000000000000,    2.66615269082715,    2.15060630476822,    0.00000000000000,
   20,    4,    0.48750000000000,    0.08750000000000,    2.68493747390845,    0.00000000000000,    2.68493747390845,   -0.00000004071347,    0.00000000000000,   -0.00000010931312,    2.66615269082715,    0.00000000000000,    2.66615269082715,    2.15060630476822,    0.00000000000000,
   20,    5,    0.48750000000000,    0.11250000000000,    2.68493747390845,    0.00000000000000,    2.68493747390845,   -0.00000004071347,    0.00000000000000,   -0.00000010931312,    2.66615269082715,    0.00000000000000,    2.66615269082715,    2.15060630476822,    0.00000000000000,
   21,    1,    0.51250000000000,    0.01250000000000,    2.68493747390845,    0.00000000000000,    2.68493747390845,    0.00000004071347,    0.00000000000000,    0.00000010931312,    2.66615269082715,    0.00000000000000,    2.66615269082715,   -2.15060630476824,    0.00000000000000,
   21,    2,    0.51250000000000,    0.03750000000000,    2.68493747390845,    0.00000000000000,    2.68493747390845,    0.00000004071347,    0.00000000000000,    0.00000010931312,    2.66615269082715,    0.00000000000000,    2.66615269082715,   -2.15060630476824,    0.00000000000000,
   21,    3,    0.51250000000000,    0.06250000000000,    2.68493747390845,    0.00000000000000,    2.68493747390845,    0.00000004071347,    0.00000000000000,    0.00000010931312,    2.66615269082715,    0.00000000000000,    2.66615269082715,   -2.15060630476824,    0.00000000000000,
   21,    4,    0.51250000000000,    0.08750000000000,    2.68493747390845,    0.00000000000000,    2.68493747390845,    0.00000004071347,    0.00000000000000,    0.00000010931312,    2.66615269082715,    0.00000000000000,    2.66615269082715,   -2.15060630476824,    0.00000000000000,
   21,    5,    0.51250000000000,    0.11250000000000,    2.68493747390845,    0.00000000000000,    2.68493747390845,    0.00000004071347,    0.00000000000000,    0.00000010931312,    2.66615269082715,    0.00000000000000,    2.66615269082715,   -2.15060630476824,    0.00000000000000,
   22,    1,    0.53750000000000,    0.01250000000000,    2.68085739190363,    0.00000000000000,    2.68085739190363,    0.00000012297761,    0.00000000000000,    0.00000032968545,    2.66204563796995,    0.00000000000000,    2.66204563796995,   -6.42864148524148,    0.00000000000000,
   22,    2,    0.53750000000000,    0.03750000000000,    2.68085739190363,    0.00000000000000,    2.68085739190363,    0.00000012297761,    0.00000000000000,    0.00000032968545,    2.66204563796995,    0.00000000000000,    2.66204563796995,   -6.42864148524148,    0.00000000000000,
   22,    3,    0.53750000000000,    0.06250000000000,    2.68085739190363,    0.00000000000000,    2.68085739190363,    0.00000012297761,    0.00000000000000,    0.00000032968545,    2.66204563796995,    0.00000000000000,    2.66204563796995,   -6.42864148524148,    0.00000000000000,
   22,    4,    0.53750000000000,    0.08750000000000,    2.68085739190363,    0.00000000000000,    2.68085739190363,    0.00000012297761,    0.00000000000000,    0.00000032968545,    2.66204563796995,    0.00000000000000,    2.66204563796995,   -6.42864148524148,    0.00000000000000,
   22,    5,    0.53750000000000,    0.11250000000000,    2.68085739190363,    0.00000000000000,    2.68085739190363,    0.00000012297761,    0.00000000000000,    0.00000032968545,    2.66204563796995,    0.00000000000000,    2.66204563796995,   -6.42864148524148,    0.00000000000000,
   23,    1,    0.56250000000000,    0.01250000000000,    2.67272264886064,    0.00000000000000,    2.67272264886064,    0.00000020775021,    0.00000000000000,    0.00000055525868,    2.65385685360215,    0.00000000000000,    2.65385685360215,  -10.63753149472453,    0.00000000000000,
   23,    2,    0.56250000000000,    0.03750000000000,    2.67272264886064,    0.00000000000000,    2.67272264886064,    0.00000020775021,    0.00000000000000,    0.00000055525868,    2.65385685360215,    0.00000000000000,    2.65385685360215,  -10.63753149472453,    0.00000000000000,
   23,    3,    0.56250000000000,    0.06250000000000,    2.67272264886064,    0.00000000000000,    2.67272264886064,    0.00000020775021,    0.00000000000000,    0.00000055525868,    2.65385685360215,    0.00000000000000,    2.65385685360215,  -10.63753149472453,    0.00000000000000,
   23,    4,    0.56250000000000,    0.08750000000000,    2.67272264886064,    0.00000000000000,    2.67272264886064,    0.00000020775021,    0.00000000000000,    0.00000055525868,    2.65385685360215,    0.00000000000000,    2.65385685360215,  -10.63753149472453,    0.00000000000000,
   23,    5,    0.56250000000000,    0.11250000000000,    2.67272264886064,    0.00000000000000,    2.67272264886064,    0.00000020775021,    0.00000000000000,    0.00000055525868,    2.65385685360215,    0.00000000000000,    2.65385685360215,  -10.63753149472453,    0.00000000000000,
   24,    1,    0.58750000000000,    0.01250000000000,    2.66058392945837,    0.00000000000000,    2.66058392945837,    0.00000029669239,    0.00000000000000,    0.00000078937499,    2.64163682430243,    0.00000000000000,    2.64163682430243,  -14.73246153969030,    0.00000000000000,
   24,    2,    0.58750000000000,    0.03750000000000,    2.66058392945837,    0.00000000000000,    2.66058392945837,    0.00000029669239,    0.00000000000000,    0.00000078937499,    2.64163682430243,    0.00000000000000,    2.64163682430243,  -14.73246153969030,    0.00000000000000,
   24,    3,    0.58750000000000,    0.06250000000000,    2.66058392945837,    0.00000000000000,    2.66058392945837,    0.00000029669239,    0.00000000000000,    0.00000078937499,    2.64163682430243,    0.00000000000000,    2.64163682430243,  -14.73246153969030,    0.00000000000000,
   24,    4,    0.58750000000000,    0.08750000000000,    2.66058392945837,    0.00000000000000,    2.66058392945837,    0.00000029669239,    0.00000000000000,    0.00000078937499,    2.64163682430243,    0.00000000000000,    2.64163682430243,  -14.73246153969030,    0.00000000000000,
   24,    5,    0.58750000000000,    0.11250000000000,    2.66058392945837,    0.00000000000000,    2.66058392945837,    0.00000029669239,    0.00000000000000,    0.00000078937499,    2.64163682430243,    0.00000000000000,    2.64163682430243,  -14.73246153969030,    0.00000000000000,
   25,    1,    0.61250000000000,    0.01250000000000,    2.64451686848050,    0.00000000000000,    2.64451686848050,    0.00000039144637,    0.00000000000000,    0.00000103518653,    2.62546089061499,    0.00000000000000,    2.62546089061499,  -18.67051060648000,    0.00000000000000,
   25,    2,    0.61250000000000,    0.03750000000000,    2.64451686848050,    0.00000000000000,    2.64451686848050,    0.00000039144637,    0.00000000000000,    0.00000103518653,    2.62546089061499,    0.00000000000000,    2.62546089061499,  -18.67051060648000,    0.00000000000000,
   25,    3,    0.61250000000000,    0.06250000000000,    2.64451686848050,    0.00000000000000,    2.64451686848050,    0.00000039144637,    0.00000000000000,    0.00000103518653,    2.62546089061499,    0.00000000000000,    2.62546089061499,  -18.67051060648000,    0.00000000000000,
   25,    4,    0.61250000000000,    0.08750000000000,    2.64451686848050,    0.00000000000000,    2.64451686848050,    0.00000039144637,    0.00000000000000,    0.00000103518653,    2.62546089061499,    0.00000000000000,    2.62546089061499,  -18.67051060648000,    0.00000000000000,
   25,    5,    0.61250000000000,    0.11250000000000,    2.64451686848050,    0.00000000000000,    2.64451686848050,    0.00000039144637,    0.00000000000000,    0.00000103518653,    2.62546089061499,    0.00000000000000,    2.62546089061499,  -18.67051060648000,    0.00000000000000,
   26,    1,    0.63750000000000,    0.01250000000000,    2.62462158265079,    0.00000000000000,    2.62462158265079,    0.00000049362353,    0.00000000000000,    0.00000129557497,    2.60542878255005,    0.00000000000000,    2.60542878255005,  -22.41135128621351,    0.00000000000000,
   26,    2,    0.63750000000000,    0.03750000000000,    2.62462158265079,    0.00000000000000,    2.62462158265079,    0.00000049362353,    0.00000000000000,    0.00000129557497,    2.60542878255005,    0.00000000000000,    2.60542878255005,  -22.41135128621351,    0.00000000000000,
   26,    3,    0.63750000000000,    0.06250000000000,    2.62462158265079,    0.00000000000000,    2.62462158265079,    0.00000049362353,    0.00000000000000,    0.00000129557497,    2.60542878255005,    0.00000000000000,    2.60542878255005,  -22.41135128621351,    0.00000000000000,
   26,    4,    0.63750000000000,    0.08750000000000,    2.62462158265079,    0.00000000000000,    2.62462158265079,    0.00000049362353,    0.00000000000000,    0.00000129557497,    2.60542878255005,    0.00000000000000,    2.60542878255005,  -22.41135128621351,    0.00000000000000,
   26,    5,    0.63750000000000,    0.11250000000000,    2.62462158265079,    0.00000000000000,    2.62462158265079,    0.00000049362353,    0.00000000000000,    0.00000129557497,    2.60542878255005,    0.00000000000000,    2.60542878255005,  -22.41135128621351,    0.00000000000000,
   27,    1,    0.66250000000000,    0.01250000000000,    2.60102205058608,    0.00000000000000,    2.60102205058608,    0.00000060478805,    0.00000000000000,    0.00000157306706,    2.58166400471520,    0.00000000000000,    2.58166400471520,  -25.91789356235680,    0.00000000000000,
   27,    2,    0.66250000000000,    0.03750000000000,    2.60102205058608,    0.00000000000000,    2.60102205058608,    0.00000060478805,    0.00000000000000,    0.00000157306706,    2.58166400471520,    0.00000000000000,    2.58166400471520,  -25.91789356235680,    0.00000000000000,
   27,    3,    0.66250000000000,    0.06250000000000,    2.60102205058608,    0.00000000000000,    2.60102205058608,    0.00000060478805,    0.00000000000000,    0.00000157306706,    2.58166400471520,    0.00000000000000,    2.58166400471520,  -25.91789356235680,    0.00000000000000,
   27,    4,    0.66250000000000,    0.08750000000000,    2.60102205058608,    0.00000000000000,    2.60102205058608,    0.00000060478805,    0.00000000000000,    0.00000157306706,    2.58166400471520,    0.00000000000000,    2.58166400471520,  -25.91789356235680,    0.00000000000000,
   27,    5,    0.66250000000000,    0.11250000000000,    2.60102205058608,    0.00000000000000,    2.60102205058608,    0.00000060478805,    0.00000000000000,    0.00000157306706,    2.58166400471520,    0.00000000000000,    2.58166400471520,  -25.91789356235680,    0.00000000000000,
   28,    1,    0.68750000000000,    0.01250000000000,    2.57386534440032,    0.00000000000000,    2.57386534440032,    0.00000072643498,    0.00000000000000,    0.00000186974581,    2.55431307486836,    0.00000000000000,    2.55431307486836,  -29.15685886173732,    0.00000000000000,
   28,    2,    0.68750000000000,    0.03750000000000,    2.57386534440032,    0.00000000000000,    2.57386534440032,    0.00000072643498,    0.00000000000000,    0.00000186974581,    2.55431307486836,    0.00000000000000,    2.55431307486836,  -29.15685886173732,    0.00000000000000,
   28,    3,    0.68750000000000,    0.06250000000000,    2.57386534440032,    0.00000000000000,    2.57386534440032,    0.00000072643498,    0.00000000000000,    0.00000186974581,    2.55431307486836,    0.00000000000000,    2.55431307486836,  -29.15685886173732,    0.00000000000000,
   28,    4,    0.68750000000000,    0.08750000000000,    2.57386534440032,    0.00000000000000,    2.57386534440032,    0.00000072643498,    0.00000000000000,    0.00000186974581,    2.55431307486836,    0.00000000000000,    2.55431307486836,  -29.15685886173732,    0.00000000000000,
   28,    5,    0.68750000000000,    0.11250000000000,    2.57386534440032,    0.00000000000000,    2.57386534440032,    0.00000072643498,    0.00000000000000,    0.00000186974581,    2.55431307486836,    0.00000000000000,    2.55431307486836,  -29.15685886173732,    0.00000000000000,
   29,    1,    0.71250000000000,    0.01250000000000,    2.54332071732253,    0.00000000000000,    2.54332071732253,    0.00000085996132,    0.00000000000000,    0.00000218715745,    2.52354462058716,    0.00000000000000,    2.52354462058716,  -32.09927232542169,    0.00000000000000,
   29,    2,    0.71250000000000,    0.03750000000000,    2.54332071732253,    0.00000000000000,    2.54332071732253,    0.00000085996132,    0.00000000000000,    0.00000218715745,    2.52354462058716,    0.00000000000000,    2.52354462058716,  -32.09927232542169,    0.00000000000000,
   29,    3,    0.71250000000000,    0.06250000000000,    2.54332071732253,    0.00000000000000,    2.54332071732253,    0.00000085996132,    0.00000000000000,    0.00000218715745,    2.52354462058716,    0.00000000000000,    2.52354462058716,  -32.09927232542169,    0.00000000000000,
   29,    4,    0.71250000000000,    0.08750000000000,    2.54332071732253,    0.00000000000000,    2.54332071732253,    0.00000085996132,    0.00000000000000,    0.00000218715745,    2.52354462058716,    0.00000000000000,    2.52354462058716,  -32.09927232542169,    0.00000000000000,
   29,    5,    0.71250000000000,    0.11250000000000,    2.54332071732253,    0.00000000000000,    2.54332071732253,    0.00000085996132,    0.00000000000000,    0.00000218715745,    2.52354462058716,    0.00000000000000,    2.52354462058716,  -32.09927232542169,    0.00000000000000,
   30,    1,    0.73750000000000,    0.01250000000000,    2.50957855248745,    0.00000000000000,    2.50957855248745,    0.00000100662921,    0.00000000000000,    0.00000252621507,    2.48954833962379,    0.00000000000000,    2.48954833962379,  -34.72086319515045,    0.00000000000000,
   30,    2,    0.73750000000000,    0.03750000000000,    2.50957855248745,    0.00000000000000,    2.50957855248745,    0.00000100662921,    0.00000000000000,    0.00000252621507,    2.48954833962379,    0.00000000000000,    2.48954833962379,  -34.72086319515045,    0.00000000000000,
   30,    3,    0.73750000000000,    0.06250000000000,    2.50957855248745,    0.00000000000000,    2.50957855248745,    0.00000100662921,    0.00000000000000,    0.00000252621507,    2.48954833962379,    0.00000000000000,    2.48954833962379,  -34.72086319515045,    0.00000000000000,
   30,    4,    0.73750000000000,    0.08750000000000,    2.50957855248745,    0.00000000000000,    2.50957855248745,    0.00000100662921,    0.00000000000000,    0.00000252621507,    2.48954833962379,    0.00000000000000,    2.48954833962379,  -34.72086319515045,    0.00000000000000,
   30,    5,    0.73750000000000,    0.11250000000000,    2.50957855248745,    0.00000000000000,    2.50957855248745,    0.00000100662921,    0.00000000000000,    0.00000252621507,    2.48954833962379,    0.00000000000000,    2.48954833962379,  -34.72086319515045,    0.00000000000000,
   31,    1,    0.76250000000000,    0.01250000000000,    2.47284917881427,    0.00000000000000,    2.47284917881427,    0.00000116751998,    0.00000000000000,    0.00000288710083,    2.45253383035529,    0.00000000000000,    2.45253383035529,  -37.00236538667328,    0.00000000000000,
   31,    2,    0.76250000000000,    0.03750000000000,    2.47284917881427,    0.00000000000000,    2.47284917881427,    0.00000116751998,    0.00000000000000,    0.00000288710083,    2.45253383035529,    0.00000000000000,    2.45253383035529,  -37.00236538667328,    0.00000000000000,
   31,    3,    0.76250000000000,    0.06250000000000,    2.47284917881427,    0.00000000000000,    2.47284917881427,    0.00000116751998,    0.00000000000000,    0.00000288710083,    2.45253383035529,    0.00000000000000,    2.45253383035529,  -37.00236538667328,    0.00000000000000,
   31,    4,    0.76250000000000,    0.08750000000000,    2.47284917881427,    0.00000000000000,    2.47284917881427,    0.00000116751998,    0.00000000000000,    0.00000288710083,    2.45253383035529,    0.00000000000000,    2.45253383035529,  -37.00236538667328,    0.00000000000000,
   31,    5,    0.76250000000000,    0.11250000000000,    2.47284917881427,    0.00000000000000,    2.47284917881427,    0.00000116751998,    0.00000000000000,    0.00000288710083,    2.45253383035529,    0.00000000000000,    2.45253383035529,  -37.00236538667328,    0.00000000000000,
   32,    1,    0.78750000000000,    0.01250000000000,    2.43336156060219,    0.00000000000000,    2.43336156060219,    0.00000134347880,    0.00000000000000,    0.00000326916968,    2.41272929953989,    0.00000000000000,    2.41272929953989,  -38.92971268030296,    0.00000000000000,
   32,    2,    0.78750000000000,    0.03750000000000,    2.43336156060219,    0.00000000000000,    2.43336156060219,    0.00000134347880,    0.00000000000000,    0.00000326916968,    2.41272929953989,    0.00000000000000,    2.41272929953989,  -38.92971268030296,    0.00000000000000,
   32,    3,    0.78750000000000,    0.06250000000000,    2.43336156060219,    0.00000000000000,    2.43336156060219,    0.00000134347880,    0.00000000000000,    0.00000326916968,    2.41272929953989,    0.00000000000000,    2.41272929953989,  -38.92971268030296,    0.00000000000000,
   32,    4,    0.78750000000000,    0.08750000000000,    2.43336156060219,    0.00000000000000,    2.43336156060219,    0.00000134347880,    0.00000000000000,    0.00000326916968,    2.41272929953989,    0.00000000000000,    2.41272929953989,  -38.92971268030296,    0.00000000000000,
   32,    5,    0.78750000000000,    0.11250000000000,    2.43336156060219,    0.00000000000000,    2.43336156060219,    0.00000134347880,    0.00000000000000,    0.00000326916968,    2.41272929953989,    0.00000000000000,    2.41272929953989,  -38.92971268030296,    0.00000000000000,
   33,    1,    0.81250000000000,    0.01250000000000,    2.39136186813993,    0.00000000000000,    2.39136186813993,    0.00000153504935,    0.00000000000000,    0.00000367085849,    2.37038015534640,    0.00000000000000,    2.37038015534640,  -40.49412544383734,    0.00000000000000,
   33,    2,    0.81250000000000,    0.03750000000000,    2.39136186813993,    0.00000000000000,    2.39136186813993,    0.00000153504935,    0.00000000000000,    0.00000367085849,    2.37038015534640,    0.00000000000000,    2.37038015534640,  -40.49412544383734,    0.00000000000000,
   33,    3,    0.81250000000000,    0.06250000000000,    2.39136186813993,    0.00000000000000,    2.39136186813993,    0.00000153504935,    0.00000000000000,    0.00000367085849,    2.37038015534640,    0.00000000000000,    2.37038015534640,  -40.49412544383734,    0.00000000000000,
   33,    4,    0.81250000000000,    0.08750000000000,    2.39136186813993,    0.00000000000000,    2.39136186813993,    0.00000153504935,    0.00000000000000,    0.00000367085849,    2.37038015534640,    0.00000000000000,    2.37038015534640,  -40.49412544383734,    0.00000000000000,
   33,    5,    0.81250000000000,    0.11250000000000,    2.39136186813993,    0.00000000000000,    2.39136186813993,    0.00000153504935,    0.00000000000000,    0.00000367085849,    2.37038015534640,    0.00000000000000,    2.37038015534640,  -40.49412544383734,    0.00000000000000,
   34,    1,    0.83750000000000,    0.01250000000000,    2.34711193724950,    0.00000000000000,    2.34711193724950,    0.00000174239931,    0.00000000000000,    0.00000408960622,    2.32574749433130,    0.00000000000000,    2.32574749433130,  -41.69208835317315,    0.00000000000000,
   34,    2,    0.83750000000000,    0.03750000000000,    2.34711193724950,    0.00000000000000,    2.34711193724950,    0.00000174239931,    0.00000000000000,    0.00000408960622,    2.32574749433130,    0.00000000000000,    2.32574749433130,  -41.69208835317315,    0.00000000000000,
   34,    3,    0.83750000000000,    0.06250000000000,    2.34711193724950,    0.00000000000000,    2.34711193724950,    0.00000174239931,    0.00000000000000,    0.00000408960622,    2.32574749433130,    0.00000000000000,    2.32574749433130,  -41.69208835317315,    0.00000000000000,
   34,    4,    0.83750000000000,    0.08750000000000,    2.34711193724950,    0.00000000000000,    2.34711193724950,    0.00000174239931,    0.00000000000000,    0.00000408960622,    2.32574749433130,    0.00000000000000,    2.32574749433130,  -41.69208835317315,    0.00000000000000,
   34,    5,    0.83750000000000,    0.11250000000000,    2.34711193724950,    0.00000000000000,    2.34711193724950,    0.00000174239931,    0.00000000000000,    0.00000408960622,    2.32574749433130,    0.00000000000000,    2.32574749433130,  -41.69208835317315,    0.00000000000000,
   35,    1,    0.86250000000000,    0.01250000000000,    2.30088762626577,    0.00000000000000,    2.30088762626577,    0.00000196523783,    0.00000000000000,    0.00000452179141,    2.27910649169162,    0.00000000000000,    2.27910649169162,  -42.52522112940878,    0.00000000000000,
   35,    2,    0.86250000000000,    0.03750000000000,    2.30088762626577,    0.00000000000000,    2.30088762626577,    0.00000196523783,    0.00000000000000,    0.00000452179141,    2.27910649169162,    0.00000000000000,    2.27910649169162,  -42.52522112940878,    0.00000000000000,
   35,    3,    0.86250000000000,    0.06250000000000,    2.30088762626577,    0.00000000000000,    2.30088762626577,    0.00000196523783,    0.00000000000000,    0.00000452179141,    2.27910649169162,    0.00000000000000,    2.27910649169162,  -42.52522112940878,    0.00000000000000,
   35,    4,    0.86250000000000,    0.08750000000000,    2.30088762626577,    0.00000000000000,    2.30088762626577,    0.00000196523783,    0.00000000000000,    0.00000452179141,    2.27910649169162,    0.00000000000000,    2.27910649169162,  -42.52522112940878,    0.00000000000000,
   35,    5,    0.86250000000000,    0.11250000000000,    2.30088762626577,    0.00000000000000,    2.30088762626577,    0.00000196523783,    0.00000000000000,    0.00000452179141,    2.27910649169162,    0.00000000000000,    2.27910649169162,  -42.52522112940878,    0.00000000000000,
   36,    1,    0.88750000000000,    0.01250000000000,    2.25297707949972,    0.00000000000000,    2.25297707949972,    0.00000220272743,    0.00000000000000,    0.00000496269442,    2.23074470471833,    0.00000000000000,    2.23074470471833,  -43.00004680593045,    0.00000000000000,
   36,    2,    0.88750000000000,    0.03750000000000,    2.25297707949972,    0.00000000000000,    2.25297707949972,    0.00000220272743,    0.00000000000000,    0.00000496269442,    2.23074470471833,    0.00000000000000,    2.23074470471833,  -43.00004680593045,    0.00000000000000,
   36,    3,    0.88750000000000,    0.06250000000000,    2.25297707949972,    0.00000000000000,    2.25297707949972,    0.00000220272743,    0.00000000000000,    0.00000496269442,    2.23074470471833,    0.00000000000000,    2.23074470471833,  -43.00004680593045,    0.00000000000000,
   36,    4,    0.88750000000000,    0.08750000000000,    2.25297707949972,    0.00000000000000,    2.25297707949972,    0.00000220272743,    0.00000000000000,    0.00000496269442,    2.23074470471833,    0.00000000000000,    2.23074470471833,  -43.00004680593045,    0.00000000000000,
   36,    5,    0.88750000000000,    0.11250000000000,    2.25297707949972,    0.00000000000000,    2.25297707949972,    0.00000220272743,    0.00000000000000,    0.00000496269442,    2.23074470471833,    0.00000000000000,    2.23074470471833,  -43.00004680593045,    0.00000000000000,
   37,    1,    0.91250000000000,    0.01250000000000,    2.20367890675641,    0.00000000000000,    2.20367890675641,    0.00000245339399,   -0.00000000000000,    0.00000540649258,    2.18096029991005,    0.00000000000000,    2.18096029991005,  -43.12766441433456,    0.00000000000000,
   37,    2,    0.91250000000000,    0.03750000000000,    2.20367890675641,    0.00000000000000,    2.20367890675641,    0.00000245339399,   -0.00000000000000,    0.00000540649258,    2.18096029991005,    0.00000000000000,    2.18096029991005,  -43.12766441433456,    0.00000000000000,
   37,    3,    0.91250000000000,    0.06250000000000,    2.20367890675641,    0.00000000000000,    2.20367890675641,    0.00000245339399,   -0.00000000000000,    0.00000540649258,    2.18096029991005,    0.00000000000000,    2.18096029991005,  -43.12766441433456,    0.00000000000000,
   37,    4,    0.91250000000000,    0.08750000000000,    2.20367890675641,    0.00000000000000,    2.20367890675641,    0.00000245339399,   -0.00000000000000,    0.00000540649258,    2.18096029991005,    0.00000000000000,    2.18096029991005,  -43.12766441433456,    0.00000000000000,
   37,    5,    0.91250000000000,    0.11250000000000,    2.20367890675641,    0.00000000000000,    2.20367890675641,    0.00000245339399,   -0.00000000000000,    0.00000540649258,    2.18096029991005,    0.00000000000000,    2.18096029991005,  -43.12766441433456,    0.00000000000000,
   38,    1,    0.93750000000000,    0.01250000000000,    2.15330028899642,    0.00000000000000,    2.15330028899642,    0.00000271503971,    0.00000000000000,    0.00000584629579,    2.13006021467742,    0.00000000000000,    2.13006021467742,  -42.92333517647729,    0.00000000000000,
   38,    2,    0.93750000000000,    0.03750000000000,    2.15330028899642,    0.00000000000000,    2.15330028899642,    0.00000271503971,    0.00000000000000,    0.00000584629579,    2.13006021467742,    0.00000000000000,    2.13006021467742,  -42.92333517647729,    0.00000000000000,
   38,    3,    0.93750000000000,    0.06250000000000,    2.15330028899642,    0.00000000000000,    2.15330028899642,    0.00000271503971,    0.00000000000000,    0.00000584629579,    2.13006021467742,    0.00000000000000,    2.13006021467742,  -42.92333517647729,    0.00000000000000,
   38,    4,    0.93750000000000,    0.08750000000000,    2.15330028899642,    0.00000000000000,    2.15330028899642,    0.00000271503971,    0.00000000000000,    0.00000584629579,    2.13006021467742,    0.00000000000000,    2.13006021467742,  -42.92333517647729,    0.00000000000000,
   38,    5,    0.93750000000000,    0.11250000000000,    2.15330028899642,    0.00000000000000,    2.15330028899642,    0.00000271503971,    0.00000000000000,    0.00000584629579,    2.13006021467742,    0.00000000000000,    2.13006021467742,  -42.92333517647729,    0.00000000000000,
   39,    1,    0.96250000000000,    0.01250000000000,    2.10215502076631,    0.00000000000000,    2.10215502076631,    0.00000298466552,    0.00000000000000,    0.00000627422961,    2.07835826497189,    0.00000000000000,    2.07835826497189,  -42.40599325828556,    0.00000000000000,
   39,    2,    0.96250000000000,    0.03750000000000,    2.10215502076631,    0.00000000000000,    2.10215502076631,    0.00000298466552,    0.00000000000000,    0.00000627422961,    2.07835826497189,    0.00000000000000,    2.07835826497189,  -42.40599325828556,    0.00000000000000,
   39,    3,    0.96250000000000,    0.06250000000000,    2.10215502076631,    0.00000000000000,    2.10215502076631,    0.00000298466552,    0.00000000000000,    0.00000627422961,    2.07835826497189,    0.00000000000000,    2.07835826497189,  -42.40599325828556,    0.00000000000000,
   39,    4,    0.96250000000000,    0.08750000000000,    2.10215502076631,    0.00000000000000,    2.10215502076631,    0.00000298466552,    0.00000000000000,    0.00000627422961,    2.07835826497189,    0.00000000000000,    2.07835826497189,  -42.40599325828556,    0.00000000000000,
   39,    5,    0.96250000000000,    0.11250000000000,    2.10215502076631,    0.00000000000000,    2.10215502076631,    0.00000298466552,    0.00000000000000,    0.00000627422961,    2.07835826497189,    0.00000000000000,    2.07835826497189,  -42.40599325828556,    0.00000000000000,
   40,    1,    0.98750000000000,    0.01250000000000,    2.05056150061036,    0.00000000000000,    2.05056150061036,    0.00000325841024,   -0.00000000000000,    0.00000668157059,    2.02617321050605,    0.00000000000000,    2.02617321050605,  -41.59769383173931,    0.00000000000000,
   40,    2,    0.98750000000000,    0.03750000000000,    2.05056150061036,    0.00000000000000,    2.05056150061036,    0.00000325841024,   -0.00000000000000,    0.00000668157059,    2.02617321050605,    0.00000000000000,    2.02617321050605,  -41.59769383173931,    0.00000000000000,
   40,    3,    0.98750000000000,    0.06250000000000,    2.05056150061036,    0.00000000000000,    2.05056150061036,    0.00000325841024,   -0.00000000000000,    0.00000668157059,    2.02617321050605,    0.00000000000000,    2.02617321050605,  -41.59769383173931,    0.00000000000000,
   40,    4,    0.98750000000000,    0.08750000000000,    2.05056150061036,    0.00000000000000,    2.05056150061036,    0.00000325841024,   -0.00000000000000,    0.00000668157059,    2.02617321050605,    0.00000000000000,    2.02617321050605,  -41.59769383173931,    0.00000000000000,
   40,    5,    0.98750000000000,    0.11250000000000,    2.05056150061036,    0.00000000000000,    2.05056150061036,    0.00000325841024,   -0.00000000000000,    0.00000668157059,    2.02617321050605,    0.00000000000000,    2.02617321050605,  -41.59769383173931,    0.00000000000000,
   41,    1,    1.01250000000000,    0.01250000000000,    1.99884068135079,    0.00000000000000,    1.99884068135079,    0.00000353151494,    0.00000000000000,    0.00000705893572,    1.97382678949395,    0.00000000000000,    1.97382678949395,  -40.52301256403837,    0.00000000000000,
   41,    2,    1.01250000000000,    0.03750000000000,    1.99884068135079,    0.00000000000000,    1.99884068135079,    0.00000353151494,    0.00000000000000,    0.00000705893572,    1.97382678949395,    0.00000000000000,    1.97382678949395,  -40.52301256403837,    0.00000000000000,
   41,    3,    1.01250000000000,    0.06250000000000,    1.99884068135079,    0.00000000000000,    1.99884068135079,    0.00000353151494,    0.00000000000000,    0.00000705893572,    1.97382678949395,    0.00000000000000,    1.97382678949395,  -40.52301256403837,    0.00000000000000,
   41,    4,    1.01250000000000,    0.08750000000000,    1.99884068135079,    0.00000000000000,    1.99884068135079,    0.00000353151494,    0.00000000000000,    0.00000705893572,    1.97382678949395,    0.00000000000000,    1.97382678949395,  -40.52301256403837,    0.00000000000000,
   41,    5,    1.01250000000000,    0.11250000000000,    1.99884068135079,    0.00000000000000,    1.99884068135079,    0.00000353151494,    0.00000000000000,    0.00000705893572,    1.97382678949395,    0.00000000000000,    1.97382678949395,  -40.52301256403837,    0.00000000000000,
   42,    1,    1.03750000000000,    0.01250000000000,    1.94731399292835,    0.00000000000000,    1.94731399292835,    0.00000379832106,    0.00000000000000,    0.00000739652375,    1.92164173502811,    0.00000000000000,    1.92164173502811,  -39.20841167465620,    0.00000000000000,
   42,    2,    1.03750000000000,    0.03750000000000,    1.94731399292835,    0.00000000000000,    1.94731399292835,    0.00000379832106,    0.00000000000000,    0.00000739652375,    1.92164173502811,    0.00000000000000,    1.92164173502811,  -39.20841167465620,    0.00000000000000,
   42,    3,    1.03750000000000,    0.06250000000000,    1.94731399292835,    0.00000000000000,    1.94731399292835,    0.00000379832106,    0.00000000000000,    0.00000739652375,    1.92164173502811,    0.00000000000000,    1.92164173502811,  -39.20841167465620,    0.00000000000000,
   42,    4,    1.03750000000000,    0.08750000000000,    1.94731399292835,    0.00000000000000,    1.94731399292835,    0.00000379832106,    0.00000000000000,    0.00000739652375,    1.92164173502811,    0.00000000000000,    1.92164173502811,  -39.20841167465620,    0.00000000000000,
   42,    5,    1.03750000000000,    0.11250000000000,    1.94731399292835,    0.00000000000000,    1.94731399292835,    0.00000379832106,    0.00000000000000,    0.00000739652375,    1.92164173502811,    0.00000000000000,    1.92164173502811,  -39.20841167465620,    0.00000000000000,
   43,    1,    1.06250000000000,    0.01250000000000,    1.89630125147242,    0.00000000000000,    1.89630125147242,    0.00000405231077,   -0.00000000000000,    0.00000768440198,    1.86993978532258,    0.00000000000000,    1.86993978532258,  -37.68158834767330,    0.00000000000000,
   43,    2,    1.06250000000000,    0.03750000000000,    1.89630125147242,    0.00000000000000,    1.89630125147242,    0.00000405231077,   -0.00000000000000,    0.00000768440198,    1.86993978532258,    0.00000000000000,    1.86993978532258,  -37.68158834767330,    0.00000000000000,
   43,    3,    1.06250000000000,    0.06250000000000,    1.89630125147242,    0.00000000000000,    1.89630125147242,    0.00000405231077,   -0.00000000000000,    0.00000768440198,    1.86993978532258,    0.00000000000000,    1.86993978532258,  -37.68158834767330,    0.00000000000000,
   43,    4,    1.06250000000000,    0.08750000000000,    1.89630125147242,    0.00000000000000,    1.89630125147242,    0.00000405231077,   -0.00000000000000,    0.00000768440198,    1.86993978532258,    0.00000000000000,    1.86993978532258,  -37.68158834767330,    0.00000000000000,
   43,    5,    1.06250000000000,    0.11250000000000,    1.89630125147242,    0.00000000000000,    1.89630125147242,    0.00000405231077,   -0.00000000000000,    0.00000768440198,    1.86993978532258,    0.00000000000000,    1.86993978532258,  -37.68158834767330,    0.00000000000000,
   44,    1,    1.08750000000000,    0.01250000000000,    1.84611856945200,    0.00000000000000,    1.84611856945200,    0.00000428619665,    0.00000000000000,    0.00000791282722,    1.81903970008995,    0.00000000000000,    1.81903970008995,  -35.97082154364147,    0.00000000000000,
   44,    2,    1.08750000000000,    0.03750000000000,    1.84611856945200,    0.00000000000000,    1.84611856945200,    0.00000428619665,    0.00000000000000,    0.00000791282722,    1.81903970008995,    0.00000000000000,    1.81903970008995,  -35.97082154364147,    0.00000000000000,
   44,    3,    1.08750000000000,    0.06250000000000,    1.84611856945200,    0.00000000000000,    1.84611856945200,    0.00000428619665,    0.00000000000000,    0.00000791282722,    1.81903970008995,    0.00000000000000,    1.81903970008995,  -35.97082154364147,    0.00000000000000,
   44,    4,    1.08750000000000,    0.08750000000000,    1.84611856945200,    0.00000000000000,    1.84611856945200,    0.00000428619665,    0.00000000000000,    0.00000791282722,    1.81903970008995,    0.00000000000000,    1.81903970008995,  -35.97082154364147,    0.00000000000000,
   44,    5,    1.08750000000000,    0.11250000000000,    1.84611856945200,    0.00000000000000,    1.84611856945200,    0.00000428619665,    0.00000000000000,    0.00000791282722,    1.81903970008995,    0.00000000000000,    1.81903970008995,  -35.97082154364147,    0.00000000000000,
   45,    1,    1.11250000000000,    0.01250000000000,    1.79707628316217,    0.00000000000000,    1.79707628316217,    0.00000449206640,    0.00000000000000,    0.00000807258599,    1.76925529528167,    0.00000000000000,    1.76925529528167,  -34.10433311702442,    0.00000000000000,
   45,    2,    1.11250000000000,    0.03750000000000,    1.79707628316217,    0.00000000000000,    1.79707628316217,    0.00000449206640,    0.00000000000000,    0.00000807258599,    1.76925529528167,    0.00000000000000,    1.76925529528167,  -34.10433311702442,    0.00000000000000,
   45,    3,    1.11250000000000,    0.06250000000000,    1.79707628316217,    0.00000000000000,    1.79707628316217,    0.00000449206640,    0.00000000000000,    0.00000807258599,    1.76925529528167,    0.00000000000000,    1.76925529528167,  -34.10433311702442,    0.00000000000000,
   45,    4,    1.11250000000000,    0.08750000000000,    1.79707628316217,    0.00000000000000,    1.79707628316217,    0.00000449206640,    0.00000000000000,    0.00000807258599,    1.76925529528167,    0.00000000000000,    1.76925529528167,  -34.10433311702442,    0.00000000000000,
   45,    5,    1.11250000000000,    0.11250000000000,    1.79707628316217,    0.00000000000000,    1.79707628316217,    0.00000449206640,    0.00000000000000,    0.00000807258599,    1.76925529528167,    0.00000000000000,    1.76925529528167,  -34.10433311702442,    0.00000000000000,
   46,    1,    1.13750000000000,    0.01250000000000,    1.74947691540021,    0.00000000000000,    1.74947691540021,    0.00000466158554,    0.00000000000000,    0.00000815533630,    1.72089350830838,    0.00000000000000,    1.72089350830838,  -32.10967861649179,    0.00000000000000,
   46,    2,    1.13750000000000,    0.03750000000000,    1.74947691540021,    0.00000000000000,    1.74947691540021,    0.00000466158554,    0.00000000000000,    0.00000815533630,    1.72089350830838,    0.00000000000000,    1.72089350830838,  -32.10967861649179,    0.00000000000000,
   46,    3,    1.13750000000000,    0.06250000000000,    1.74947691540021,    0.00000000000000,    1.74947691540021,    0.00000466158554,    0.00000000000000,    0.00000815533630,    1.72089350830838,    0.00000000000000,    1.72089350830838,  -32.10967861649179,    0.00000000000000,
   46,    4,    1.13750000000000,    0.08750000000000,    1.74947691540021,    0.00000000000000,    1.74947691540021,    0.00000466158554,    0.00000000000000,    0.00000815533630,    1.72089350830838,    0.00000000000000,    1.72089350830838,  -32.10967861649179,    0.00000000000000,
   46,    5,    1.13750000000000,    0.11250000000000,    1.74947691540021,    0.00000000000000,    1.74947691540021,    0.00000466158554,    0.00000000000000,    0.00000815533630,    1.72089350830838,    0.00000000000000,    1.72089350830838,  -32.10967861649179,    0.00000000000000,
   47,    1,    1.16250000000000,    0.01250000000000,    1.70361319290501,    0.00000000000000,    1.70361319290501,    0.00000478625838,    0.00000000000000,    0.00000815393292,    1.67425250566870,    0.00000000000000,    1.67425250566870,  -30.01318224011697,    0.00000000000000,
   47,    2,    1.16250000000000,    0.03750000000000,    1.70361319290501,    0.00000000000000,    1.70361319290501,    0.00000478625838,    0.00000000000000,    0.00000815393292,    1.67425250566870,    0.00000000000000,    1.67425250566870,  -30.01318224011697,    0.00000000000000,
   47,    3,    1.16250000000000,    0.06250000000000,    1.70361319290501,    0.00000000000000,    1.70361319290501,    0.00000478625838,    0.00000000000000,    0.00000815393292,    1.67425250566870,    0.00000000000000,    1.67425250566870,  -30.01318224011697,    0.00000000000000,
   47,    4,    1.16250000000000,    0.08750000000000,    1.70361319290501,    0.00000000000000,    1.70361319290501,    0.00000478625838,    0.00000000000000,    0.00000815393292,    1.67425250566870,    0.00000000000000,    1.67425250566870,  -30.01318224011697,    0.00000000000000,
   47,    5,    1.16250000000000,    0.11250000000000,    1.70361319290501,    0.00000000000000,    1.70361319290501,    0.00000478625838,    0.00000000000000,    0.00000815393292,    1.67425250566870,    0.00000000000000,    1.67425250566870,  -30.01318224011697,    0.00000000000000,
   48,    1,    1.18750000000000,    0.01250000000000,    1.65976613981452,    0.00000000000000,    1.65976613981452,    0.00000485774392,    0.00000000000000,    0.00000806271888,    1.62961984465360,    0.00000000000000,    1.62961984465360,  -27.83942915921262,    0.00000000000000,
   48,    2,    1.18750000000000,    0.03750000000000,    1.65976613981452,    0.00000000000000,    1.65976613981452,    0.00000485774392,    0.00000000000000,    0.00000806271888,    1.62961984465360,    0.00000000000000,    1.62961984465360,  -27.83942915921262,    0.00000000000000,
   48,    3,    1.18750000000000,    0.06250000000000,    1.65976613981452,    0.00000000000000,    1.65976613981452,    0.00000485774392,    0.00000000000000,    0.00000806271888,    1.62961984465360,    0.00000000000000,    1.62961984465360,  -27.83942915921262,    0.00000000000000,
   48,    4,    1.18750000000000,    0.08750000000000,    1.65976613981452,    0.00000000000000,    1.65976613981452,    0.00000485774392,    0.00000000000000,    0.00000806271888,    1.62961984465360,    0.00000000000000,    1.62961984465360,  -27.83942915921262,    0.00000000000000,
   48,    5,    1.18750000000000,    0.11250000000000,    1.65976613981452,    0.00000000000000,    1.65976613981452,    0.00000485774392,    0.00000000000000,    0.00000806271888,    1.62961984465360,    0.00000000000000,    1.62961984465360,  -27.83942915921262,    0.00000000000000,
   49,    1,    1.21250000000000,    0.01250000000000,    1.61820326979031,    0.00000000000000,    1.61820326979031,    0.00000486821960,    0.00000000000000,    0.00000787776888,    1.58727070046011,    0.00000000000000,    1.58727070046011,  -25.61082684516624,    0.00000000000000,
   49,    2,    1.21250000000000,    0.03750000000000,    1.61820326979031,    0.00000000000000,    1.61820326979031,    0.00000486821960,    0.00000000000000,    0.00000787776888,    1.58727070046011,    0.00000000000000,    1.58727070046011,  -25.61082684516624,    0.00000000000000,
   49,    3,    1.21250000000000,    0.06250000000000,    1.61820326979031,    0.00000000000000,    1.61820326979031,    0.00000486821960,    0.00000000000000,    0.00000787776888,    1.58727070046011,    0.00000000000000,    1.58727070046011,  -25.61082684516624,    0.00000000000000,
   49,    4,    1.21250000000000,    0.08750000000000,    1.61820326979031,    0.00000000000000,    1.61820326979031,    0.00000486821960,    0.00000000000000,    0.00000787776888,    1.58727070046011,    0.00000000000000,    1.58727070046011,  -25.61082684516624,    0.00000000000000,
   49,    5,    1.21250000000000,    0.11250000000000,    1.61820326979031,    0.00000000000000,    1.61820326979031,    0.00000486821960,    0.00000000000000,    0.00000787776888,    1.58727070046011,    0.00000000000000,    1.58727070046011,  -25.61082684516624,    0.00000000000000,
   50,    1,    1.23750000000000,    0.01250000000000,    1.57917690021393,    0.00000000000000,    1.57917690021393,    0.00000481078073,    0.00000000000000,    0.00000759707380,    1.54746616964471,    0.00000000000000,    1.54746616964471,  -23.34724517313344,    0.00000000000000,
   50,    2,    1.23750000000000,    0.03750000000000,    1.57917690021393,    0.00000000000000,    1.57917690021393,    0.00000481078073,    0.00000000000000,    0.00000759707380,    1.54746616964471,    0.00000000000000,    1.54746616964471,  -23.34724517313344,    0.00000000000000,
   50,    3,    1.23750000000000,    0.06250000000000,    1.57917690021393,    0.00000000000000,    1.57917690021393,    0.00000481078073,    0.00000000000000,    0.00000759707380,    1.54746616964471,    0.00000000000000,    1.54746616964471,  -23.34724517313344,    0.00000000000000,
   50,    4,    1.23750000000000,    0.08750000000000,    1.57917690021393,    0.00000000000000,    1.57917690021393,    0.00000481078073,    0.00000000000000,    0.00000759707380,    1.54746616964471,    0.00000000000000,    1.54746616964471,  -23.34724517313344,    0.00000000000000,
   50,    5,    1.23750000000000,    0.11250000000000,    1.57917690021393,    0.00000000000000,    1.57917690021393,    0.00000481078073,    0.00000000000000,    0.00000759707380,    1.54746616964471,    0.00000000000000,    1.54746616964471,  -23.34724517313344,    0.00000000000000,
   51,    1,    1.26250000000000,    0.01250000000000,    1.54292261154672,    0.00000000000000,    1.54292261154672,    0.00000467985794,   -0.00000000000000,    0.00000722065863,    1.51045166037621,    0.00000000000000,    1.51045166037621,  -21.06574298161059,    0.00000000000000,
   51,    2,    1.26250000000000,    0.03750000000000,    1.54292261154672,    0.00000000000000,    1.54292261154672,    0.00000467985794,   -0.00000000000000,    0.00000722065863,    1.51045166037621,    0.00000000000000,    1.51045166037621,  -21.06574298161059,    0.00000000000000,
   51,    3,    1.26250000000000,    0.06250000000000,    1.54292261154672,    0.00000000000000,    1.54292261154672,    0.00000467985794,   -0.00000000000000,    0.00000722065863,    1.51045166037621,    0.00000000000000,    1.51045166037621,  -21.06574298161059,    0.00000000000000,
   51,    4,    1.26250000000000,    0.08750000000000,    1.54292261154672,    0.00000000000000,    1.54292261154672,    0.00000467985794,   -0.00000000000000,    0.00000722065863,    1.51045166037621,    0.00000000000000,    1.51045166037621,  -21.06574298161059,    0.00000000000000,
   51,    5,    1.26250000000000,    0.11250000000000,    1.54292261154672,    0.00000000000000,    1.54292261154672,    0.00000467985794,   -0.00000000000000,    0.00000722065863,    1.51045166037621,    0.00000000000000,    1.51045166037621,  -21.06574298161059,    0.00000000000000,
   52,    1,    1.28750000000000,    0.01250000000000,    1.50965787309681,    0.00000000000000,    1.50965787309681,    0.00000447162787,   -0.00000000000000,    0.00000675062823,    1.47645537941284,    0.00000000000000,    1.47645537941284,  -18.78038649028494,    0.00000000000000,
   52,    2,    1.28750000000000,    0.03750000000000,    1.50965787309681,    0.00000000000000,    1.50965787309681,    0.00000447162787,   -0.00000000000000,    0.00000675062823,    1.47645537941284,    0.00000000000000,    1.47645537941284,  -18.78038649028494,    0.00000000000000,
   52,    3,    1.28750000000000,    0.06250000000000,    1.50965787309681,    0.00000000000000,    1.50965787309681,    0.00000447162787,   -0.00000000000000,    0.00000675062823,    1.47645537941284,    0.00000000000000,    1.47645537941284,  -18.78038649028494,    0.00000000000000,
   52,    4,    1.28750000000000,    0.08750000000000,    1.50965787309681,    0.00000000000000,    1.50965787309681,    0.00000447162787,   -0.00000000000000,    0.00000675062823,    1.47645537941284,    0.00000000000000,    1.47645537941284,  -18.78038649028494,    0.00000000000000,
   52,    5,    1.28750000000000,    0.11250000000000,    1.50965787309681,    0.00000000000000,    1.50965787309681,    0.00000447162787,   -0.00000000000000,    0.00000675062823,    1.47645537941284,    0.00000000000000,    1.47645537941284,  -18.78038649028494,    0.00000000000000,
   53,    1,    1.31250000000000,    0.01250000000000,    1.47958085264497,    0.00000000000000,    1.47958085264497,    0.00000418438611,    0.00000000000000,    0.00000619113757,    1.44568692513164,    0.00000000000000,    1.44568692513164,  -16.50216257711261,    0.00000000000000,
   53,    2,    1.31250000000000,    0.03750000000000,    1.47958085264497,    0.00000000000000,    1.47958085264497,    0.00000418438611,    0.00000000000000,    0.00000619113757,    1.44568692513164,    0.00000000000000,    1.44568692513164,  -16.50216257711261,    0.00000000000000,
   53,    3,    1.31250000000000,    0.06250000000000,    1.47958085264497,    0.00000000000000,    1.47958085264497,    0.00000418438611,    0.00000000000000,    0.00000619113757,    1.44568692513164,    0.00000000000000,    1.44568692513164,  -16.50216257711261,    0.00000000000000,
   53,    4,    1.31250000000000,    0.08750000000000,    1.47958085264497,    0.00000000000000,    1.47958085264497,    0.00000418438611,    0.00000000000000,    0.00000619113757,    1.44568692513164,    0.00000000000000,    1.44568692513164,  -16.50216257711261,    0.00000000000000,
   53,    5,    1.31250000000000,    0.11250000000000,    1.47958085264497,    0.00000000000000,    1.47958085264497,    0.00000418438611,    0.00000000000000,    0.00000619113757,    1.44568692513164,    0.00000000000000,    1.44568692513164,  -16.50216257711261,    0.00000000000000,
   54,    1,    1.33750000000000,    0.01250000000000,    1.45286942140950,    0.00000000000000,    1.45286942140950,    0.00000381884616,    0.00000000000000,    0.00000554828481,    1.41833599528480,    0.00000000000000,    1.41833599528480,  -14.23898744930060,    0.00000000000000,
   54,    2,    1.33750000000000,    0.03750000000000,    1.45286942140950,    0.00000000000000,    1.45286942140950,    0.00000381884616,    0.00000000000000,    0.00000554828481,    1.41833599528480,    0.00000000000000,    1.41833599528480,  -14.23898744930060,    0.00000000000000,
   54,    3,    1.33750000000000,    0.06250000000000,    1.45286942140950,    0.00000000000000,    1.45286942140950,    0.00000381884616,    0.00000000000000,    0.00000554828481,    1.41833599528480,    0.00000000000000,    1.41833599528480,  -14.23898744930060,    0.00000000000000,
   54,    4,    1.33750000000000,    0.08750000000000,    1.45286942140950,    0.00000000000000,    1.45286942140950,    0.00000381884616,    0.00000000000000,    0.00000554828481,    1.41833599528480,    0.00000000000000,    1.41833599528480,  -14.23898744930060,    0.00000000000000,
   54,    5,    1.33750000000000,    0.11250000000000,    1.45286942140950,    0.00000000000000,    1.45286942140950,    0.00000381884616,    0.00000000000000,    0.00000554828481,    1.41833599528480,    0.00000000000000,    1.41833599528480,  -14.23898744930060,    0.00000000000000,
   55,    1,    1.36250000000000,    0.01250000000000,    1.42968035775860,    0.00000000000000,    1.42968035775860,    0.00000337832874,    0.00000000000000,    0.00000482993025,    1.39457121744995,    0.00000000000000,    1.39457121744995,  -11.99580877329650,    0.00000000000000,
   55,    2,    1.36250000000000,    0.03750000000000,    1.42968035775860,    0.00000000000000,    1.42968035775860,    0.00000337832874,    0.00000000000000,    0.00000482993025,    1.39457121744995,    0.00000000000000,    1.39457121744995,  -11.99580877329650,    0.00000000000000,
   55,    3,    1.36250000000000,    0.06250000000000,    1.42968035775860,    0.00000000000000,    1.42968035775860,    0.00000337832874,    0.00000000000000,    0.00000482993025,    1.39457121744995,    0.00000000000000,    1.39457121744995,  -11.99580877329650,    0.00000000000000,
   55,    4,    1.36250000000000,    0.08750000000000,    1.42968035775860,    0.00000000000000,    1.42968035775860,    0.00000337832874,    0.00000000000000,    0.00000482993025,    1.39457121744995,    0.00000000000000,    1.39457121744995,  -11.99580877329650,    0.00000000000000,
   55,    5,    1.36250000000000,    0.11250000000000,    1.42968035775860,    0.00000000000000,    1.42968035775860,    0.00000337832874,    0.00000000000000,    0.00000482993025,    1.39457121744995,    0.00000000000000,    1.39457121744995,  -11.99580877329650,    0.00000000000000,
   56,    1,    1.38750000000000,    0.01250000000000,    1.41014874341892,    0.00000000000000,    1.41014874341892,    0.00000286881215,    0.00000000000000,    0.00000404545184,    1.37453910938501,    0.00000000000000,    1.37453910938501,   -9.77479691757395,    0.00000000000000,
   56,    2,    1.38750000000000,    0.03750000000000,    1.41014874341892,    0.00000000000000,    1.41014874341892,    0.00000286881215,    0.00000000000000,    0.00000404545184,    1.37453910938501,    0.00000000000000,    1.37453910938501,   -9.77479691757395,    0.00000000000000,
   56,    3,    1.38750000000000,    0.06250000000000,    1.41014874341892,    0.00000000000000,    1.41014874341892,    0.00000286881215,    0.00000000000000,    0.00000404545184,    1.37453910938501,    0.00000000000000,    1.37453910938501,   -9.77479691757395,    0.00000000000000,
   56,    4,    1.38750000000000,    0.08750000000000,    1.41014874341892,    0.00000000000000,    1.41014874341892,    0.00000286881215,    0.00000000000000,    0.00000404545184,    1.37453910938501,    0.00000000000000,    1.37453910938501,   -9.77479691757395,    0.00000000000000,
   56,    5,    1.38750000000000,    0.11250000000000,    1.41014874341892,    0.00000000000000,    1.41014874341892,    0.00000286881215,    0.00000000000000,    0.00000404545184,    1.37453910938501,    0.00000000000000,    1.37453910938501,   -9.77479691757395,    0.00000000000000,
   57,    1,    1.41250000000000,    0.01250000000000,    1.39438753568314,    0.00000000000000,    1.39438753568314,    0.00000229882831,   -0.00000000000000,    0.00000320545754,    1.35836317569757,    0.00000000000000,    1.35836317569757,   -7.57561866899721,    0.00000000000000,
   57,    2,    1.41250000000000,    0.03750000000000,    1.39438753568314,    0.00000000000000,    1.39438753568314,    0.00000229882831,   -0.00000000000000,    0.00000320545754,    1.35836317569757,    0.00000000000000,    1.35836317569757,   -7.57561866899721,    0.00000000000000,
   57,    3,    1.41250000000000,    0.06250000000000,    1.39438753568314,    0.00000000000000,    1.39438753568314,    0.00000229882831,   -0.00000000000000,    0.00000320545754,    1.35836317569757,    0.00000000000000,    1.35836317569757,   -7.57561866899721,    0.00000000000000,
   57,    4,    1.41250000000000,    0.08750000000000,    1.39438753568314,    0.00000000000000,    1.39438753568314,    0.00000229882831,   -0.00000000000000,    0.00000320545754,    1.35836317569757,    0.00000000000000,    1.35836317569757,   -7.57561866899721,    0.00000000000000,
   57,    5,    1.41250000000000,    0.11250000000000,    1.39438753568314,    0.00000000000000,    1.39438753568314,    0.00000229882831,   -0.00000000000000,    0.00000320545754,    1.35836317569757,    0.00000000000000,    1.35836317569757,   -7.57561866899721,    0.00000000000000,
   58,    1,    1.43750000000000,    0.01250000000000,    1.38248728971889,    0.00000000000000,    1.38248728971889,    0.00000167920764,   -0.00000000000000,    0.00000232148322,    1.34614314639785,    0.00000000000000,    1.34614314639785,   -5.39578466592056,    0.00000000000000,
   58,    2,    1.43750000000000,    0.03750000000000,    1.38248728971889,    0.00000000000000,    1.38248728971889,    0.00000167920764,   -0.00000000000000,    0.00000232148322,    1.34614314639785,    0.00000000000000,    1.34614314639785,   -5.39578466592056,    0.00000000000000,
   58,    3,    1.43750000000000,    0.06250000000000,    1.38248728971889,    0.00000000000000,    1.38248728971889,    0.00000167920764,   -0.00000000000000,    0.00000232148322,    1.34614314639785,    0.00000000000000,    1.34614314639785,   -5.39578466592056,    0.00000000000000,
   58,    4,    1.43750000000000,    0.08750000000000,    1.38248728971889,    0.00000000000000,    1.38248728971889,    0.00000167920764,   -0.00000000000000,    0.00000232148322,    1.34614314639785,    0.00000000000000,    1.34614314639785,   -5.39578466592056,    0.00000000000000,
   58,    5,    1.43750000000000,    0.11250000000000,    1.38248728971889,    0.00000000000000,    1.38248728971889,    0.00000167920764,   -0.00000000000000,    0.00000232148322,    1.34614314639785,    0.00000000000000,    1.34614314639785,   -5.39578466592056,    0.00000000000000,
   59,    1,    1.46250000000000,    0.01250000000000,    1.37451599818644,    0.00000000000000,    1.37451599818644,    0.00000102269308,   -0.00000000000000,    0.00000140570800,    1.33795436203005,    0.00000000000000,    1.33795436203005,   -3.23105990161213,    0.00000000000000,
   59,    2,    1.46250000000000,    0.03750000000000,    1.37451599818644,    0.00000000000000,    1.37451599818644,    0.00000102269308,   -0.00000000000000,    0.00000140570800,    1.33795436203005,    0.00000000000000,    1.33795436203005,   -3.23105990161213,    0.00000000000000,
   59,    3,    1.46250000000000,    0.06250000000000,    1.37451599818644,    0.00000000000000,    1.37451599818644,    0.00000102269308,   -0.00000000000000,    0.00000140570800,    1.33795436203005,    0.00000000000000,    1.33795436203005,   -3.23105990161213,    0.00000000000000,
   59,    4,    1.46250000000000,    0.08750000000000,    1.37451599818644,    0.00000000000000,    1.37451599818644,    0.00000102269308,   -0.00000000000000,    0.00000140570800,    1.33795436203005,    0.00000000000000,    1.33795436203005,   -3.23105990161213,    0.00000000000000,
   59,    5,    1.46250000000000,    0.11250000000000,    1.37451599818644,    0.00000000000000,    1.37451599818644,    0.00000102269308,   -0.00000000000000,    0.00000140570800,    1.33795436203005,    0.00000000000000,    1.33795436203005,   -3.23105990161213,    0.00000000000000,
   60,    1,    1.48750000000000,    0.01250000000000,    1.37051901252849,    0.00000000000000,    1.37051901252849,    0.00000034345543,   -0.00000000000000,    0.00000047071219,    1.33384730917285,    0.00000000000000,    1.33384730917285,   -1.07592503706731,    0.00000000000000,
   60,    2,    1.48750000000000,    0.03750000000000,    1.37051901252849,    0.00000000000000,    1.37051901252849,    0.00000034345543,   -0.00000000000000,    0.00000047071219,    1.33384730917285,    0.00000000000000,    1.33384730917285,   -1.07592503706731,    0.00000000000000,
   60,    3,    1.48750000000000,    0.06250000000000,    1.37051901252849,    0.00000000000000,    1.37051901252849,    0.00000034345543,   -0.00000000000000,    0.00000047071219,    1.33384730917285,    0.00000000000000,    1.33384730917285,   -1.07592503706731,    0.00000000000000,
   60,    4,    1.48750000000000,    0.08750000000000,    1.37051901252849,    0.00000000000000,    1.37051901252849,    0.00000034345543,   -0.00000000000000,    0.00000047071219,    1.33384730917285,    0.00000000000000,    1.33384730917285,   -1.07592503706731,    0.00000000000000,
   60,    5,    1.48750000000000,    0.11250000000000,    1.37051901252849,    0.00000000000000,    1.37051901252849,    0.00000034345543,   -0.00000000000000,    0.00000047071219,    1.33384730917285,    0.00000000000000,    1.33384730917285,   -1.07592503706731,    0.00000000000000,
   61,    1,    1.51250000000000,    0.01250000000000,    1.37051901252849,    0.00000000000000,    1.37051901252849,   -0.00000034345542,   -0.00000000000000,   -0.00000047071218,    1.33384730917285,    0.00000000000000,    1.33384730917285,    1.07592503706730,    0.00000000000000,
   61,    2,    1.51250000000000,    0.03750000000000,    1.37051901252849,    0.00000000000000,    1.37051901252849,   -0.00000034345542,   -0.00000000000000,   -0.00000047071218,    1.33384730917285,    0.00000000000000,    1.33384730917285,    1.07592503706730,    0.00000000000000,
   61,    3,    1.51250000000000,    0.06250000000000,    1.37051901252849,    0.00000000000000,    1.37051901252849,   -0.00000034345542,   -0.00000000000000,   -0.00000047071218,    1.33384730917285,    0.00000000000000,    1.33384730917285,    1.07592503706730,    0.00000000000000,
   61,    4,    1.51250000000000,    0.08750000000000,    1.37051901252849,    0.00000000000000,    1.37051901252849,   -0.00000034345542,   -0.00000000000000,   -0.00000047071218,    1.33384730917285,    0.00000000000000,    1.33384730917285,    1.07592503706730,    0.00000000000000,
   61,    5,    1.51250000000000,    0.11250000000000,    1.37051901252849,    0.00000000000000,    1.37051901252849,   -0.00000034345542,   -0.00000000000000,   -0.00000047071218,    1.33384730917285,    0.00000000000000,    1.33384730917285,    1.07592503706730,    0.00000000000000,
   62,    1,    1.53750000000000,    0.01250000000000,    1.37451599818644,    0.00000000000000,    1.37451599818644,   -0.00000102269308,    0.00000000000000,   -0.00000140570800,    1.33795436203005,    0.00000000000000,    1.33795436203005,    3.23105990161214,    0.00000000000000,
   62,    2,    1.53750000000000,    0.03750000000000,    1.37451599818644,    0.00000000000000,    1.37451599818644,   -0.00000102269308,    0.00000000000000,   -0.00000140570800,    1.33795436203005,    0.00000000000000,    1.33795436203005,    3.23105990161214,    0.00000000000000,
   62,    3,    1.53750000000000,    0.06250000000000,    1.37451599818644,    0.00000000000000,    1.37451599818644,   -0.00000102269308,    0.00000000000000,   -0.00000140570800,    1.33795436203005,    0.00000000000000,    1.33795436203005,    3.23105990161214,    0.00000000000000,
   62,    4,    1.53750000000000,    0.08750000000000,    1.37451599818644,    0.00000000000000,    1.37451599818644,   -0.00000102269308,    0.00000000000000,   -0.00000140570800,    1.33795436203005,    0.00000000000000,    1.33795436203005,    3.23105990161214,    0.00000000000000,
   62,    5,    1.53750000000000,    0.11250000000000,    1.37451599818644,    0.00000000000000,    1.37451599818644,   -0.00000102269308,    0.00000000000000,   -0.00000140570800,    1.33795436203005,    0.00000000000000,    1.33795436203005,    3.23105990161214,    0.00000000000000,
   63,    1,    1.56250000000000,    0.01250000000000,    1.38248728971889,    0.00000000000000,    1.38248728971889,   -0.00000167920763,    0.00000000000000,   -0.00000232148321,    1.34614314639785,    0.00000000000000,    1.34614314639785,    5.39578466592055,    0.00000000000000,
   63,    2,    1.56250000000000,    0.03750000000000,    1.38248728971889,    0.00000000000000,    1.38248728971889,   -0.00000167920763,    0.00000000000000,   -0.00000232148321,    1.34614314639785,    0.00000000000000,    1.34614314639785,    5.39578466592055,    0.00000000000000,
   63,    3,    1.56250000000000,    0.06250000000000,    1.38248728971889,    0.00000000000000,    1.38248728971889,   -0.00000167920763,    0.00000000000000,   -0.00000232148321,    1.34614314639785,    0.00000000000000,    1.34614314639785,    5.39578466592055,    0.00000000000000,
   63,    4,    1.56250000000000,    0.08750000000000,    1.38248728971889,    0.00000000000000,    1.38248728971889,   -0.00000167920763,    0.00000000000000,   -0.00000232148321,    1.34614314639785,    0.00000000000000,    1.34614314639785,    5.39578466592055,    0.00000000000000,
   63,    5,    1.56250000000000,    0.11250000000000,    1.38248728971889,    0.00000000000000,    1.38248728971889,   -0.00000167920763,    0.00000000000000,   -0.00000232148321,    1.34614314639785,    0.00000000000000,    1.34614314639785,    5.39578466592055,    0.00000000000000,
   64,    1,    1.58750000000000,    0.01250000000000,    1.39438753568314,    0.00000000000000,    1.39438753568314,   -0.00000229882830,    0.00000000000000,   -0.00000320545753,    1.35836317569757,    0.00000000000000,    1.35836317569757,    7.57561866899723,    0.00000000000000,
   64,    2,    1.58750000000000,    0.03750000000000,    1.39438753568314,    0.00000000000000,    1.39438753568314,   -0.00000229882830,    0.00000000000000,   -0.00000320545753,    1.35836317569757,    0.00000000000000,    1.35836317569757,    7.57561866899723,    0.00000000000000,
   64,    3,    1.58750000000000,    0.06250000000000,    1.39438753568314,    0.00000000000000,    1.39438753568314,   -0.00000229882830,    0.00000000000000,   -0.00000320545753,    1.35836317569757,    0.00000000000000,    1.35836317569757,    7.57561866899723,    0.00000000000000,
   64,    4,    1.58750000000000,    0.08750000000000,    1.39438753568314,    0.00000000000000,    1.39438753568314,   -0.00000229882830,    0.00000000000000,   -0.00000320545753,    1.35836317569757,    0.00000000000000,    1.35836317569757,    7.57561866899723,    0.00000000000000,
   64,    5,    1.58750000000000,    0.11250000000000,    1.39438753568314,    0.00000000000000,    1.39438753568314,   -0.00000229882830,    0.00000000000000,   -0.00000320545753,    1.35836317569757,    0.00000000000000,    1.35836317569757,    7.57561866899723,    0.00000000000000,
   65,    1,    1.61250000000000,    0.01250000000000,    1.41014874341892,    0.00000000000000,    1.41014874341892,   -0.00000286881214,    0.00000000000000,   -0.00000404545184,    1.37453910938501,    0.00000000000000,    1.37453910938501,    9.77479691757397,    0.00000000000000,
   65,    2,    1.61250000000000,    0.03750000000000,    1.41014874341892,    0.00000000000000,    1.41014874341892,   -0.00000286881214,    0.00000000000000,   -0.00000404545184,    1.37453910938501,    0.00000000000000,    1.37453910938501,    9.77479691757397,    0.00000000000000,
   65,    3,    1.61250000000000,    0.06250000000000,    1.41014874341892,    0.00000000000000,    1.41014874341892,   -0.00000286881214,    0.00000000000000,   -0.00000404545184,    1.37453910938501,    0.00000000000000,    1.37453910938501,    9.77479691757397,    0.00000000000000,
   65,    4,    1.61250000000000,    0.08750000000000,    1.41014874341892,    0.00000000000000,    1.41014874341892,   -0.00000286881214,    0.00000000000000,   -0.00000404545184,    1.37453910938501,    0.00000000000000,    1.37453910938501,    9.77479691757397,    0.00000000000000,
   65,    5,    1.61250000000000,    0.11250000000000,    1.41014874341892,    0.00000000000000,    1.41014874341892,   -0.00000286881214,    0.00000000000000,   -0.00000404545184,    1.37453910938501,    0.00000000000000,    1.37453910938501,    9.77479691757397,    0.00000000000000,
   66,    1,    1.63750000000000,    0.01250000000000,    1.42968035775860,    0.00000000000000,    1.42968035775860,   -0.00000337832874,    0.00000000000000,   -0.00000482993024,    1.39457121744995,    0.00000000000000,    1.39457121744995,   11.99580877329652,    0.00000000000000,
   66,    2,    1.63750000000000,    0.03750000000000,    1.42968035775860,    0.00000000000000,    1.42968035775860,   -0.00000337832874,    0.00000000000000,   -0.00000482993024,    1.39457121744995,    0.00000000000000,    1.39457121744995,   11.99580877329652,    0.00000000000000,
   66,    3,    1.63750000000000,    0.06250000000000,    1.42968035775860,    0.00000000000000,    1.42968035775860,   -0.00000337832874,    0.00000000000000,   -0.00000482993024,    1.39457121744995,    0.00000000000000,    1.39457121744995,   11.99580877329652,    0.00000000000000,
   66,    4,    1.63750000000000,    0.08750000000000,    1.42968035775860,    0.00000000000000,    1.42968035775860,   -0.00000337832874,    0.00000000000000,   -0.00000482993024,    1.39457121744995,    0.00000000000000,    1.39457121744995,   11.99580877329652,    0.00000000000000,
   66,    5,    1.63750000000000,    0.11250000000000,    1.42968035775860,    0.00000000000000,    1.42968035775860,   -0.00000337832874,    0.00000000000000,   -0.00000482993024,    1.39457121744995,    0.00000000000000,    1.39457121744995,   11.99580877329652,    0.00000000000000,
   67,    1,    1.66250000000000,    0.01250000000000,    1.45286942140950,    0.00000000000000,    1.45286942140950,   -0.00000381884616,    0.00000000000000,   -0.00000554828481,    1.41833599528480,    0.00000000000000,    1.41833599528480,   14.23898744930062,    0.00000000000000,
   67,    2,    1.66250000000000,    0.03750000000000,    1.45286942140950,    0.00000000000000,    1.45286942140950,   -0.00000381884616,    0.00000000000000,   -0.00000554828481,    1.41833599528480,    0.00000000000000,    1.41833599528480,   14.23898744930062,    0.00000000000000,
   67,    3,    1.66250000000000,    0.06250000000000,    1.45286942140950,    0.00000000000000,    1.45286942140950,   -0.00000381884616,    0.00000000000000,   -0.00000554828481,    1.41833599528480,    0.00000000000000,    1.41833599528480,   14.23898744930062,    0.00000000000000,
   67,    4,    1.66250000000000,    0.08750000000000,    1.45286942140950,    0.00000000000000,    1.45286942140950,   -0.00000381884616,    0.00000000000000,   -0.00000554828481,    1.41833599528480,    0.00000000000000,    1.41833599528480,   14.23898744930062,    0.00000000000000,
   67,    5,    1.66250000000000,    0.11250000000000,    1.45286942140950,    0.00000000000000,    1.45286942140950,   -0.00000381884616,    0.00000000000000,   -0.00000554828481,    1.41833599528480,    0.00000000000000,    1.41833599528480,   14.23898744930062,    0.00000000000000,
   68,    1,    1.68750000000000,    0.01250000000000,    1.47958085264497,    0.00000000000000,    1.47958085264497,   -0.00000418438611,    0.00000000000000,   -0.00000619113757,    1.44568692513164,    0.00000000000000,    1.44568692513164,   16.50216257711260,    0.00000000000000,
   68,    2,    1.68750000000000,    0.03750000000000,    1.47958085264497,    0.00000000000000,    1.47958085264497,   -0.00000418438611,    0.00000000000000,   -0.00000619113757,    1.44568692513164,    0.00000000000000,    1.44568692513164,   16.50216257711260,    0.00000000000000,
   68,    3,    1.68750000000000,    0.06250000000000,    1.47958085264497,    0.00000000000000,    1.47958085264497,   -0.00000418438611,    0.00000000000000,   -0.00000619113757,    1.44568692513164,    0.00000000000000,    1.44568692513164,   16.50216257711260,    0.00000000000000,
   68,    4,    1.68750000000000,    0.08750000000000,    1.47958085264497,    0.00000000000000,    1.47958085264497,   -0.00000418438611,    0.00000000000000,   -0.00000619113757,    1.44568692513164,    0.00000000000000,    1.44568692513164,   16.50216257711260,    0.00000000000000,
   68,    5,    1.68750000000000,    0.11250000000000,    1.47958085264497,    0.00000000000000,    1.47958085264497,   -0.00000418438611,    0.00000000000000,   -0.00000619113757,    1.44568692513164,    0.00000000000000,    1.44568692513164,   16.50216257711260,    0.00000000000000,
   69,    1,    1.71250000000000,    0.01250000000000,    1.50965787309681,    0.00000000000000,    1.50965787309681,   -0.00000447162787,    0.00000000000000,   -0.00000675062822,    1.47645537941284,    0.00000000000000,    1.47645537941284,   18.78038649028496,    0.00000000000000,
   69,    2,    1.71250000000000,    0.03750000000000,    1.50965787309681,    0.00000000000000,    1.50965787309681,   -0.00000447162787,    0.00000000000000,   -0.00000675062822,    1.47645537941284,    0.00000000000000,    1.47645537941284,   18.78038649028496,    0.00000000000000,
   69,    3,    1.71250000000000,    0.06250000000000,    1.50965787309681,    0.00000000000000,    1.50965787309681,   -0.00000447162787,    0.00000000000000,   -0.00000675062822,    1.47645537941284,    0.00000000000000,    1.47645537941284,   18.78038649028496,    0.00000000000000,
   69,    4,    1.71250000000000,    0.08750000000000,    1.50965787309681,    0.00000000000000,    1.50965787309681,   -0.00000447162787,    0.00000000000000,   -0.00000675062822,    1.47645537941284,    0.00000000000000,    1.47645537941284,   18.78038649028496,    0.00000000000000,
   69,    5,    1.71250000000000,    0.11250000000000,    1.50965787309681,    0.00000000000000,    1.50965787309681,   -0.00000447162787,    0.00000000000000,   -0.00000675062822,    1.47645537941284,    0.00000000000000,    1.47645537941284,   18.78038649028496,    0.00000000000000,
   70,    1,    1.73750000000000,    0.01250000000000,    1.54292261154672,    0.00000000000000,    1.54292261154672,   -0.00000467985793,    0.00000000000000,   -0.00000722065862,    1.51045166037621,    0.00000000000000,    1.51045166037621,   21.06574298161060,    0.00000000000000,
   70,    2,    1.73750000000000,    0.03750000000000,    1.54292261154672,    0.00000000000000,    1.54292261154672,   -0.00000467985793,    0.00000000000000,   -0.00000722065862,    1.51045166037621,    0.00000000000000,    1.51045166037621,   21.06574298161060,    0.00000000000000,
   70,    3,    1.73750000000000,    0.06250000000000,    1.54292261154672,    0.00000000000000,    1.54292261154672,   -0.00000467985793,    0.00000000000000,   -0.00000722065862,    1.51045166037621,    0.00000000000000,    1.51045166037621,   21.06574298161060,    0.00000000000000,
   70,    4,    1.73750000000000,    0.08750000000000,    1.54292261154672,    0.00000000000000,    1.54292261154672,   -0.00000467985793,    0.00000000000000,   -0.00000722065862,    1.51045166037621,    0.00000000000000,    1.51045166037621,   21.06574298161060,    0.00000000000000,
   70,    5,    1.73750000000000,    0.11250000000000,    1.54292261154672,    0.00000000000000,    1.54292261154672,   -0.00000467985793,    0.00000000000000,   -0.00000722065862,    1.51045166037621,    0.00000000000000,    1.51045166037621,   21.06574298161060,    0.00000000000000,
   71,    1,    1.76250000000000,    0.01250000000000,    1.57917690021393,    0.00000000000000,    1.57917690021393,   -0.00000481078073,    0.00000000000000,   -0.00000759707380,    1.54746616964471,    0.00000000000000,    1.54746616964471,   23.34724517313344,    0.00000000000000,
   71,    2,    1.76250000000000,    0.03750000000000,    1.57917690021393,    0.00000000000000,    1.57917690021393,   -0.00000481078073,    0.00000000000000,   -0.00000759707380,    1.54746616964471,    0.00000000000000,    1.54746616964471,   23.34724517313344,    0.00000000000000,
   71,    3,    1.76250000000000,    0.06250000000000,    1.57917690021393,    0.00000000000000,    1.57917690021393,   -0.00000481078073,    0.00000000000000,   -0.00000759707380,    1.54746616964471,    0.00000000000000,    1.54746616964471,   23.34724517313344,    0.00000000000000,
   71,    4,    1.76250000000000,    0.08750000000000,    1.57917690021393,    0.00000000000000,    1.57917690021393,   -0.00000481078073,    0.00000000000000,   -0.00000759707380,    1.54746616964471,    0.00000000000000,    1.54746616964471,   23.34724517313344,    0.00000000000000,
   71,    5,    1.76250000000000,    0.11250000000000,    1.57917690021393,    0.00000000000000,    1.57917690021393,   -0.00000481078073,    0.00000000000000,   -0.00000759707380,    1.54746616964471,    0.00000000000000,    1.54746616964471,   23.34724517313344,    0.00000000000000,
   72,    1,    1.78750000000000,    0.01250000000000,    1.61820326979031,    0.00000000000000,    1.61820326979031,   -0.00000486821960,    0.00000000000000,   -0.00000787776887,    1.58727070046011,    0.00000000000000,    1.58727070046011,   25.61082684516626,    0.00000000000000,
   72,    2,    1.78750000000000,    0.03750000000000,    1.61820326979031,    0.00000000000000,    1.61820326979031,   -0.00000486821960,    0.00000000000000,   -0.00000787776887,    1.58727070046011,    0.00000000000000,    1.58727070046011,   25.61082684516626,    0.00000000000000,
   72,    3,    1.78750000000000,    0.06250000000000,    1.61820326979031,    0.00000000000000,    1.61820326979031,   -0.00000486821960,    0.00000000000000,   -0.00000787776887,    1.58727070046011,    0.00000000000000,    1.58727070046011,   25.61082684516626,    0.00000000000000,
   72,    4,    1.78750000000000,    0.08750000000000,    1.61820326979031,    0.00000000000000,    1.61820326979031,   -0.00000486821960,    0.00000000000000,   -0.00000787776887,    1.58727070046011,    0.00000000000000,    1.58727070046011,   25.61082684516626,    0.00000000000000,
   72,    5,    1.78750000000000,    0.11250000000000,    1.61820326979031,    0.00000000000000,    1.61820326979031,   -0.00000486821960,    0.00000000000000,   -0.00000787776887,    1.58727070046011,    0.00000000000000,    1.58727070046011,   25.61082684516626,    0.00000000000000,
   73,    1,    1.81250000000000,    0.01250000000000,    1.65976613981452,    0.00000000000000,    1.65976613981452,   -0.00000485774392,    0.00000000000000,   -0.00000806271888,    1.62961984465360,    0.00000000000000,    1.62961984465360,   27.83942915921261,    0.00000000000000,
   73,    2,    1.81250000000000,    0.03750000000000,    1.65976613981452,    0.00000000000000,    1.65976613981452,   -0.00000485774392,    0.00000000000000,   -0.00000806271888,    1.62961984465360,    0.00000000000000,    1.62961984465360,   27.83942915921261,    0.00000000000000,
   73,    3,    1.81250000000000,    0.06250000000000,    1.65976613981452,    0.00000000000000,    1.65976613981452,   -0.00000485774392,    0.00000000000000,   -0.00000806271888,    1.62961984465360,    0.00000000000000,    1.62961984465360,   27.83942915921261,    0.00000000000000,
   73,    4,    1.81250000000000,    0.08750000000000,    1.65976613981452,    0.00000000000000,    1.65976613981452,   -0.00000485774392,    0.00000000000000,   -0.00000806271888,    1.62961984465360,    0.00000000000000,    1.62961984465360,   27.83942915921261,    0.00000000000000,
   73,    5,    1.81250000000000,    0.11250000000000,    1.65976613981452,    0.00000000000000,    1.65976613981452,   -0.00000485774392,    0.00000000000000,   -0.00000806271888,    1.62961984465360,    0.00000000000000,    1.62961984465360,   27.83942915921261,    0.00000000000000,
   74,    1,    1.83750000000000,    0.01250000000000,    1.70361319290501,    0.00000000000000,    1.70361319290501,   -0.00000478625838,    0.00000000000000,   -0.00000815393292,    1.67425250566870,    0.00000000000000,    1.67425250566870,   30.01318224011698,    0.00000000000000,
   74,    2,    1.83750000000000,    0.03750000000000,    1.70361319290501,    0.00000000000000,    1.70361319290501,   -0.00000478625838,    0.00000000000000,   -0.00000815393292,    1.67425250566870,    0.00000000000000,    1.67425250566870,   30.01318224011698,    0.00000000000000,
   74,    3,    1.83750000000000,    0.06250000000000,    1.70361319290501,    0.00000000000000,    1.70361319290501,   -0.00000478625838,    0.00000000000000,   -0.00000815393292,    1.67425250566870,    0.00000000000000,    1.67425250566870,   30.01318224011698,    0.00000000000000,
   74,    4,    1.83750000000000,    0.08750000000000,    1.70361319290501,    0.00000000000000,    1.70361319290501,   -0.00000478625838,    0.00000000000000,   -0.00000815393292,    1.67425250566870,    0.00000000000000,    1.67425250566870,   30.01318224011698,    0.00000000000000,
   74,    5,    1.83750000000000,    0.11250000000000,    1.70361319290501,    0.00000000000000,    1.70361319290501,   -0.00000478625838,    0.00000000000000,   -0.00000815393292,    1.67425250566870,    0.00000000000000,    1.67425250566870,   30.01318224011698,    0.00000000000000,
   75,    1,    1.86250000000000,    0.01250000000000,    1.74947691540021,    0.00000000000000,    1.74947691540021,   -0.00000466158554,    0.00000000000000,   -0.00000815533629,    1.72089350830838,    0.00000000000000,    1.72089350830838,   32.10967861649178,    0.00000000000000,
   75,    2,    1.86250000000000,    0.03750000000000,    1.74947691540021,    0.00000000000000,    1.74947691540021,   -0.00000466158554,    0.00000000000000,   -0.00000815533629,    1.72089350830838,    0.00000000000000,    1.72089350830838,   32.10967861649178,    0.00000000000000,
   75,    3,    1.86250000000000,    0.06250000000000,    1.74947691540021,    0.00000000000000,    1.74947691540021,   -0.00000466158554,    0.00000000000000,   -0.00000815533629,    1.72089350830838,    0.00000000000000,    1.72089350830838,   32.10967861649178,    0.00000000000000,
   75,    4,    1.86250000000000,    0.08750000000000,    1.74947691540021,    0.00000000000000,    1.74947691540021,   -0.00000466158554,    0.00000000000000,   -0.00000815533629,    1.72089350830838,    0.00000000000000,    1.72089350830838,   32.10967861649178,    0.00000000000000,
   75,    5,    1.86250000000000,    0.11250000000000,    1.74947691540021,    0.00000000000000,    1.74947691540021,   -0.00000466158554,    0.00000000000000,   -0.00000815533629,    1.72089350830838,    0.00000000000000,    1.72089350830838,   32.10967861649178,    0.00000000000000,
   76,    1,    1.88750000000000,    0.01250000000000,    1.79707628316217,    0.00000000000000,    1.79707628316217,   -0.00000449206639,    0.00000000000000,   -0.00000807258598,    1.76925529528167,    0.00000000000000,    1.76925529528167,   34.10433311702444,    0.00000000000000,
   76,    2,    1.88750000000000,    0.03750000000000,    1.79707628316217,    0.00000000000000,    1.79707628316217,   -0.00000449206639,    0.00000000000000,   -0.00000807258598,    1.76925529528167,    0.00000000000000,    1.76925529528167,   34.10433311702444,    0.00000000000000,
   76,    3,    1.88750000000000,    0.06250000000000,    1.79707628316217,    0.00000000000000,    1.79707628316217,   -0.00000449206639,    0.00000000000000,   -0.00000807258598,    1.76925529528167,    0.00000000000000,    1.76925529528167,   34.10433311702444,    0.00000000000000,
   76,    4,    1.88750000000000,    0.08750000000000,    1.79707628316217,    0.00000000000000,    1.79707628316217,   -0.00000449206639,    0.00000000000000,   -0.00000807258598,    1.76925529528167,    0.00000000000000,    1.76925529528167,   34.10433311702444,    0.00000000000000,
   76,    5,    1.88750000000000,    0.11250000000000,    1.79707628316217,    0.00000000000000,    1.79707628316217,   -0.00000449206639,    0.00000000000000,   -0.00000807258598,    1.76925529528167,    0.00000000000000,    1.76925529528167,   34.10433311702444,    0.00000000000000,
   77,    1,    1.91250000000000,    0.01250000000000,    1.84611856945200,    0.00000000000000,    1.84611856945200,   -0.00000428619664,    0.00000000000000,   -0.00000791282722,    1.81903970008995,    0.00000000000000,    1.81903970008995,   35.97082154364147,    0.00000000000000,
   77,    2,    1.91250000000000,    0.03750000000000,    1.84611856945200,    0.00000000000000,    1.84611856945200,   -0.00000428619664,    0.00000000000000,   -0.00000791282722,    1.81903970008995,    0.00000000000000,    1.81903970008995,   35.97082154364147,    0.00000000000000,
   77,    3,    1.91250000000000,    0.06250000000000,    1.84611856945200,    0.00000000000000,    1.84611856945200,   -0.00000428619664,    0.00000000000000,   -0.00000791282722,    1.81903970008995,    0.00000000000000,    1.81903970008995,   35.97082154364147,    0.00000000000000,
   77,    4,    1.91250000000000,    0.08750000000000,    1.84611856945200,    0.00000000000000,    1.84611856945200,   -0.00000428619664,    0.00000000000000,   -0.00000791282722,    1.81903970008995,    0.00000000000000,    1.81903970008995,   35.97082154364147,    0.00000000000000,
   77,    5,    1.91250000000000,    0.11250000000000,    1.84611856945200,    0.00000000000000,    1.84611856945200,   -0.00000428619664,    0.00000000000000,   -0.00000791282722,    1.81903970008995,    0.00000000000000,    1.81903970008995,   35.97082154364147,    0.00000000000000,
   78,    1,    1.93750000000000,    0.01250000000000,    1.89630125147242,    0.00000000000000,    1.89630125147242,   -0.00000405231076,    0.00000000000000,   -0.00000768440197,    1.86993978532258,    0.00000000000000,    1.86993978532258,   37.68158834767329,    0.00000000000000,
   78,    2,    1.93750000000000,    0.03750000000000,    1.89630125147242,    0.00000000000000,    1.89630125147242,   -0.00000405231076,    0.00000000000000,   -0.00000768440197,    1.86993978532258,    0.00000000000000,    1.86993978532258,   37.68158834767329,    0.00000000000000,
   78,    3,    1.93750000000000,    0.06250000000000,    1.89630125147242,    0.00000000000000,    1.89630125147242,   -0.00000405231076,    0.00000000000000,   -0.00000768440197,    1.86993978532258,    0.00000000000000,    1.86993978532258,   37.68158834767329,    0.00000000000000,
   78,    4,    1.93750000000000,    0.08750000000000,    1.89630125147242,    0.00000000000000,    1.89630125147242,   -0.00000405231076,    0.00000000000000,   -0.00000768440197,    1.86993978532258,    0.00000000000000,    1.86993978532258,   37.68158834767329,    0.00000000000000,
   78,    5,    1.93750000000000,    0.11250000000000,    1.89630125147242,    0.00000000000000,    1.89630125147242,   -0.00000405231076,    0.00000000000000,   -0.00000768440197,    1.86993978532258,    0.00000000000000,    1.86993978532258,   37.68158834767329,    0.00000000000000,
   79,    1,    1.96250000000000,    0.01250000000000,    1.94731399292835,    0.00000000000000,    1.94731399292835,   -0.00000379832106,    0.00000000000000,   -0.00000739652374,    1.92164173502811,    0.00000000000000,    1.92164173502811,   39.20841167465620,    0.00000000000000,
   79,    2,    1.96250000000000,    0.03750000000000,    1.94731399292835,    0.00000000000000,    1.94731399292835,   -0.00000379832106,    0.00000000000000,   -0.00000739652374,    1.92164173502811,    0.00000000000000,    1.92164173502811,   39.20841167465620,    0.00000000000000,
   79,    3,    1.96250000000000,    0.06250000000000,    1.94731399292835,    0.00000000000000,    1.94731399292835,   -0.00000379832106,    0.00000000000000,   -0.00000739652374,    1.92164173502811,    0.00000000000000,    1.92164173502811,   39.20841167465620,    0.00000000000000,
   79,    4,    1.96250000000000,    0.08750000000000,    1.94731399292835,    0.00000000000000,    1.94731399292835,   -0.00000379832106,    0.00000000000000,   -0.00000739652374,    1.92164173502811,    0.00000000000000,    1.92164173502811,   39.20841167465620,    0.00000000000000,
   79,    5,    1.96250000000000,    0.11250000000000,    1.94731399292835,    0.00000000000000,    1.94731399292835,   -0.00000379832106,    0.00000000000000,   -0.00000739652374,    1.92164173502811,    0.00000000000000,    1.92164173502811,   39.20841167465620,    0.00000000000000,
   80,    1,    1.98750000000000,    0.01250000000000,    1.99884068135079,    0.00000000000000,    1.99884068135079,   -0.00000353151493,    0.00000000000000,   -0.00000705893571,    1.97382678949395,    0.00000000000000,    1.97382678949395,   40.52301256403836,    0.00000000000000,
   80,    2,    1.98750000000000,    0.03750000000000,    1.99884068135079,    0.00000000000000,    1.99884068135079,   -0.00000353151493,    0.00000000000000,   -0.00000705893571,    1.97382678949395,    0.00000000000000,    1.97382678949395,   40.52301256403836,    0.00000000000000,
   80,    3,    1.98750000000000,    0.06250000000000,    1.99884068135079,    0.00000000000000,    1.99884068135079,   -0.00000353151493,    0.00000000000000,   -0.00000705893571,    1.97382678949395,    0.00000000000000,    1.97382678949395,   40.52301256403836,    0.00000000000000,
   80,    4,    1.98750000000000,    0.08750000000000,    1.99884068135079,    0.00000000000000,    1.99884068135079,   -0.00000353151493,    0.00000000000000,   -0.00000705893571,    1.97382678949395,    0.00000000000000,    1.97382678949395,   40.52301256403836,    0.00000000000000,
   80,    5,    1.98750000000000,    0.11250000000000,    1.99884068135079,    0.00000000000000,    1.99884068135079,   -0.00000353151493,    0.00000000000000,   -0.00000705893571,    1.97382678949395,    0.00000000000000,    1.97382678949395,   40.52301256403836,    0.00000000000000,
