x (nodes),y (nodes),x (m),y (m),h + zb (m),zb (m),h (m),u (m/s),v (m/s), q (m^2/s), h analytical (m), u analytical (m/s), h analytical + zb (m) , Fx (m^2/s^2), Fy (m^2/s^2)
    1,    1,    0.00625000000000,    0.00625000000000,    2.02535550818577,    0.00000000000000,    2.02535550818577,    0.00000019170014,   -0.00000000000000,    0.00000038826094,    2.01308912830709,    0.00000000000000,    2.01308912830709,   41.35299039785988,    0.00000000000000,
    1,    2,    0.00625000000000,    0.01875000000000,    2.02535550818577,    0.00000000000000,    2.02535550818577,    0.00000019170014,   -0.00000000000000,    0.00000038826094,    2.01308912830709,    0.00000000000000,    2.01308912830709,   41.35299039785988,    0.00000000000000,
    1,    3,    0.00625000000000,    0.03125000000000,    2.02535550818577,    0.00000000000000,    2.02535550818577,    0.00000019170014,   -0.00000000000000,    0.00000038826094,    2.01308912830709,    0.00000000000000,    2.01308912830709,   41.35299039785988,    0.00000000000000,
    1,    4,    0.00625000000000,    0.04375000000000,    2.02535550818577,    0.00000000000000,    2.02535550818577,    0.00000019170014,   -0.00000000000000,    0.00000038826094,    2.01308912830709,    0.00000000000000,    2.01308912830709,   41.35299039785988,    0.00000000000000,
    1,    5,    0.00625000000000,    0.05625000000000,    2.02535550818577,    0.00000000000000,    2.02535550818577,    0.00000019170014,   -0.00000000000000,    0.00000038826094,    2.01308912830709,    0.00000000000000,    2.01308912830709,   41.35299039785988,    0.00000000000000,
    2,    1,    0.01875000000000,    0.00625000000000,    2.05135995768040,    0.00000000000000,    2.05135995768040,   -0.00000029931531,   -0.00000000000000,   -0.00000061400344,    2.03924720243413,    0.00000000000000,    2.03924720243413,   41.82573917753121,    0.00000000000000,
    2,    2,    0.01875000000000,    0.01875000000000,    2.05135995768040,    0.00000000000000,    2.05135995768040,   -0.00000029931531,   -0.00000000000000,   -0.00000061400344,    2.03924720243413,    0.00000000000000,    2.03924720243413,   41.82573917753121,    0.00000000000000,
    2,    3,    0.01875000000000,    0.03125000000000,    2.05135995768040,    0.00000000000000,    2.05135995768040,   -0.00000029931531,   -0.00000000000000,   -0.00000061400344,    2.03924720243413,    0.00000000000000,    2.03924720243413,   41.82573917753121,    0.00000000000000,
    2,    4,    0.01875000000000,    0.04375000000000,    2.05135995768040,    0.00000000000000,    2.05135995768040,   -0.00000029931531,   -0.00000000000000,   -0.00000061400344,    2.03924720243413,    0.00000000000000,    2.03924720243413,   41.82573917753121,    0.00000000000000,
    2,    5,    0.01875000000000,    0.05625000000000,    2.05135995768040,    0.00000000000000,    2.05135995768040,   -0.00000029931531,   -0.00000000000000,   -0.00000061400344,    2.03924720243413,    0.00000000000000,    2.03924720243413,   41.82573917753121,    0.00000000000000,
    3,    1,    0.03125000000000,    0.00625000000000,    2.07730820249000,    0.00000000000000,    2.07730820249000,   -0.00000076628347,   -0.00000000000000,   -0.00000159180694,    2.06534476021971,    0.00000000000000,    2.06534476021971,   42.23027397299441,    0.00000000000000,
    3,    2,    0.03125000000000,    0.01875000000000,    2.07730820249000,    0.00000000000000,    2.07730820249000,   -0.00000076628347,   -0.00000000000000,   -0.00000159180694,    2.06534476021971,    0.00000000000000,    2.06534476021971,   42.23027397299441,    0.00000000000000,
    3,    3,    0.03125000000000,    0.03125000000000,    2.07730820249000,    0.00000000000000,    2.07730820249000,   -0.00000076628347,   -0.00000000000000,   -0.00000159180694,    2.06534476021971,    0.00000000000000,    2.06534476021971,   42.23027397299441,    0.00000000000000,
    3,    4,    0.03125000000000,    0.04375000000000,    2.07730820249000,    0.00000000000000,    2.07730820249000,   -0.00000076628347,   -0.00000000000000,   -0.00000159180694,    2.06534476021971,    0.00000000000000,    2.06534476021971,   42.23027397299441,    0.00000000000000,
    3,    5,    0.03125000000000,    0.05625000000000,    2.07730820249000,    0.00000000000000,    2.07730820249000,   -0.00000076628347,   -0.00000000000000,   -0.00000159180694,    2.06534476021971,    0.00000000000000,    2.06534476021971,   42.23027397299441,    0.00000000000000,
    4,    1,    0.04375000000000,    0.00625000000000,    2.10316004883416,    0.00000000000000,    2.10316004883416,   -0.00000120737712,   -0.00000000000000,   -0.00000253930732,    2.09134156112131,    0.00000000000000,    2.09134156112131,   42.56351537070696,    0.00000000000000,
    4,    2,    0.04375000000000,    0.01875000000000,    2.10316004883416,    0.00000000000000,    2.10316004883416,   -0.00000120737712,   -0.00000000000000,   -0.00000253930732,    2.09134156112131,    0.00000000000000,    2.09134156112131,   42.56351537070696,    0.00000000000000,
    4,    3,    0.04375000000000,    0.03125000000000,    2.10316004883416,    0.00000000000000,    2.10316004883416,   -0.00000120737712,   -0.00000000000000,   -0.00000253930732,    2.09134156112131,    0.00000000000000,    2.09134156112131,   42.56351537070696,    0.00000000000000,
    4,    4,    0.04375000000000,    0.04375000000000,    2.10316004883416,    0.00000000000000,    2.10316004883416,   -0.00000120737712,   -0.00000000000000,   -0.00000253930732,    2.09134156112131,    0.00000000000000,    2.09134156112131,   42.56351537070696,    0.00000000000000,
    4,    5,    0.04375000000000,    0.05625000000000,    2.10316004883416,    0.00000000000000,    2.10316004883416,   -0.00000120737712,   -0.00000000000000,   -0.00000253930732,    2.09134156112131,    0.00000000000000,    2.09134156112131,   42.56351537070696,    0.00000000000000,
    5,    1,    0.05625000000000,    0.00625000000000,    2.12887544464270,    0.00000000000000,    2.12887544464270,   -0.00000162105963,   -0.00000000000000,   -0.00000345103405,    2.11719751995624,    0.00000000000000,    2.11719751995624,   42.82253197195666,    0.00000000000000,
    5,    2,    0.05625000000000,    0.01875000000000,    2.12887544464270,    0.00000000000000,    2.12887544464270,   -0.00000162105963,   -0.00000000000000,   -0.00000345103405,    2.11719751995624,    0.00000000000000,    2.11719751995624,   42.82253197195666,    0.00000000000000,
    5,    3,    0.05625000000000,    0.03125000000000,    2.12887544464270,    0.00000000000000,    2.12887544464270,   -0.00000162105963,   -0.00000000000000,   -0.00000345103405,    2.11719751995624,    0.00000000000000,    2.11719751995624,   42.82253197195666,    0.00000000000000,
    5,    4,    0.05625000000000,    0.04375000000000,    2.12887544464270,    0.00000000000000,    2.12887544464270,   -0.00000162105963,   -0.00000000000000,   -0.00000345103405,    2.11719751995624,    0.00000000000000,    2.11719751995624,   42.82253197195666,    0.00000000000000,
    5,    5,    0.05625000000000,    0.05625000000000,    2.12887544464270,    0.00000000000000,    2.12887544464270,   -0.00000162105963,   -0.00000000000000,   -0.00000345103405,    2.11719751995624,    0.00000000000000,    2.11719751995624,   42.82253197195666,    0.00000000000000,
    6,    1,    0.06875000000000,    0.00625000000000,    2.15441454278111,    0.00000000000000,    2.15441454278111,   -0.00000200607464,   -0.00000000000000,   -0.00000432191638,    2.14287276871003,    0.00000000000000,    2.14287276871003,   43.00455981795587,    0.00000000000000,
    6,    2,    0.06875000000000,    0.01875000000000,    2.15441454278111,    0.00000000000000,    2.15441454278111,   -0.00000200607464,   -0.00000000000000,   -0.00000432191638,    2.14287276871003,    0.00000000000000,    2.14287276871003,   43.00455981795587,    0.00000000000000,
    6,    3,    0.06875000000000,    0.03125000000000,    2.15441454278111,    0.00000000000000,    2.15441454278111,   -0.00000200607464,   -0.00000000000000,   -0.00000432191638,    2.14287276871003,    0.00000000000000,    2.14287276871003,   43.00455981795587,    0.00000000000000,
    6,    4,    0.06875000000000,    0.04375000000000,    2.15441454278111,    0.00000000000000,    2.15441454278111,   -0.00000200607464,   -0.00000000000000,   -0.00000432191638,    2.14287276871003,    0.00000000000000,    2.14287276871003,   43.00455981795587,    0.00000000000000,
    6,    5,    0.06875000000000,    0.05625000000000,    2.15441454278111,    0.00000000000000,    2.15441454278111,   -0.00000200607464,   -0.00000000000000,   -0.00000432191638,    2.14287276871003,    0.00000000000000,    2.14287276871003,   43.00455981795587,    0.00000000000000,
    7,    1,    0.08125000000000,    0.00625000000000,    2.17973776386055,    0.00000000000000,    2.17973776386055,   -0.00000236143350,   -0.00000000000000,   -0.00000514730578,    2.16832771801011,    0.00000000000000,    2.16832771801011,   43.10702123005034,    0.00000000000000,
    7,    2,    0.08125000000000,    0.01875000000000,    2.17973776386055,    0.00000000000000,    2.17973776386055,   -0.00000236143350,   -0.00000000000000,   -0.00000514730578,    2.16832771801011,    0.00000000000000,    2.16832771801011,   43.10702123005034,    0.00000000000000,
    7,    3,    0.08125000000000,    0.03125000000000,    2.17973776386055,    0.00000000000000,    2.17973776386055,   -0.00000236143350,   -0.00000000000000,   -0.00000514730578,    2.16832771801011,    0.00000000000000,    2.16832771801011,   43.10702123005034,    0.00000000000000,
    7,    4,    0.08125000000000,    0.04375000000000,    2.17973776386055,    0.00000000000000,    2.17973776386055,   -0.00000236143350,   -0.00000000000000,   -0.00000514730578,    2.16832771801011,    0.00000000000000,    2.16832771801011,   43.10702123005034,    0.00000000000000,
    7,    5,    0.08125000000000,    0.05625000000000,    2.17973776386055,    0.00000000000000,    2.17973776386055,   -0.00000236143350,   -0.00000000000000,   -0.00000514730578,    2.16832771801011,    0.00000000000000,    2.16832771801011,   43.10702123005034,    0.00000000000000,
    8,    1,    0.09375000000000,    0.00625000000000,    2.20480585853609,    0.00000000000000,    2.20480585853609,   -0.00000268640110,   -0.00000000000000,   -0.00000592299288,    2.19352311816964,    0.00000000000000,    2.19352311816964,   43.12754294611198,    0.00000000000000,
    8,    2,    0.09375000000000,    0.01875000000000,    2.20480585853609,    0.00000000000000,    2.20480585853609,   -0.00000268640110,   -0.00000000000000,   -0.00000592299288,    2.19352311816964,    0.00000000000000,    2.19352311816964,   43.12754294611198,    0.00000000000000,
    8,    3,    0.09375000000000,    0.03125000000000,    2.20480585853609,    0.00000000000000,    2.20480585853609,   -0.00000268640110,   -0.00000000000000,   -0.00000592299288,    2.19352311816964,    0.00000000000000,    2.19352311816964,   43.12754294611198,    0.00000000000000,
    8,    4,    0.09375000000000,    0.04375000000000,    2.20480585853609,    0.00000000000000,    2.20480585853609,   -0.00000268640110,   -0.00000000000000,   -0.00000592299288,    2.19352311816964,    0.00000000000000,    2.19352311816964,   43.12754294611198,    0.00000000000000,
    8,    5,    0.09375000000000,    0.05625000000000,    2.20480585853609,    0.00000000000000,    2.20480585853609,   -0.00000268640110,   -0.00000000000000,   -0.00000592299288,    2.19352311816964,    0.00000000000000,    2.19352311816964,   43.12754294611198,    0.00000000000000,
    9,    1,    0.10625000000000,    0.00625000000000,    2.22957996919868,    0.00000000000000,    2.22957996919868,   -0.00000298048028,   -0.00000000000000,   -0.00000664521913,    2.21842011970780,    0.00000000000000,    2.21842011970780,   43.06397343783831,    0.00000000000000,
    9,    2,    0.10625000000000,    0.01875000000000,    2.22957996919868,    0.00000000000000,    2.22957996919868,   -0.00000298048028,   -0.00000000000000,   -0.00000664521913,    2.21842011970780,    0.00000000000000,    2.21842011970780,   43.06397343783831,    0.00000000000000,
    9,    3,    0.10625000000000,    0.03125000000000,    2.22957996919868,    0.00000000000000,    2.22957996919868,   -0.00000298048028,   -0.00000000000000,   -0.00000664521913,    2.21842011970780,    0.00000000000000,    2.21842011970780,   43.06397343783831,    0.00000000000000,
    9,    4,    0.10625000000000,    0.04375000000000,    2.22957996919868,    0.00000000000000,    2.22957996919868,   -0.00000298048028,   -0.00000000000000,   -0.00000664521913,    2.21842011970780,    0.00000000000000,    2.21842011970780,   43.06397343783831,    0.00000000000000,
    9,    5,    0.10625000000000,    0.05625000000000,    2.22957996919868,    0.00000000000000,    2.22957996919868,   -0.00000298048028,   -0.00000000000000,   -0.00000664521913,    2.21842011970780,    0.00000000000000,    2.21842011970780,   43.06397343783831,    0.00000000000000,
   10,    1,    0.11875000000000,    0.00625000000000,    2.25402169096842,    0.00000000000000,    2.25402169096842,   -0.00000324339539,   -0.00000000000000,   -0.00000731068355,    2.24298033325277,    0.00000000000000,    2.24298033325277,   42.91439929805090,    0.00000000000000,
   10,    2,    0.11875000000000,    0.01875000000000,    2.25402169096842,    0.00000000000000,    2.25402169096842,   -0.00000324339539,   -0.00000000000000,   -0.00000731068355,    2.24298033325277,    0.00000000000000,    2.24298033325277,   42.91439929805090,    0.00000000000000,
   10,    3,    0.11875000000000,    0.03125000000000,    2.25402169096842,    0.00000000000000,    2.25402169096842,   -0.00000324339539,   -0.00000000000000,   -0.00000731068355,    2.24298033325277,    0.00000000000000,    2.24298033325277,   42.91439929805090,    0.00000000000000,
   10,    4,    0.11875000000000,    0.04375000000000,    2.25402169096842,    0.00000000000000,    2.25402169096842,   -0.00000324339539,   -0.00000000000000,   -0.00000731068355,    2.24298033325277,    0.00000000000000,    2.24298033325277,   42.91439929805090,    0.00000000000000,
   10,    5,    0.11875000000000,    0.05625000000000,    2.25402169096842,    0.00000000000000,    2.25402169096842,   -0.00000324339539,   -0.00000000000000,   -0.00000731068355,    2.24298033325277,    0.00000000000000,    2.24298033325277,   42.91439929805090,    0.00000000000000,
   11,    1,    0.13125000000000,    0.00625000000000,    2.27809313189841,    0.00000000000000,    2.27809313189841,   -0.00000347507514,   -0.00000000000000,   -0.00000791654480,    2.26716588873543,    0.00000000000000,    2.26716588873543,   42.67716059214545,    0.00000000000000,
   11,    2,    0.13125000000000,    0.01875000000000,    2.27809313189841,    0.00000000000000,    2.27809313189841,   -0.00000347507514,   -0.00000000000000,   -0.00000791654480,    2.26716588873543,    0.00000000000000,    2.26716588873543,   42.67716059214545,    0.00000000000000,
   11,    3,    0.13125000000000,    0.03125000000000,    2.27809313189841,    0.00000000000000,    2.27809313189841,   -0.00000347507514,   -0.00000000000000,   -0.00000791654480,    2.26716588873543,    0.00000000000000,    2.26716588873543,   42.67716059214545,    0.00000000000000,
   11,    4,    0.13125000000000,    0.04375000000000,    2.27809313189841,    0.00000000000000,    2.27809313189841,   -0.00000347507514,   -0.00000000000000,   -0.00000791654480,    2.26716588873543,    0.00000000000000,    2.26716588873543,   42.67716059214545,    0.00000000000000,
   11,    5,    0.13125000000000,    0.05625000000000,    2.27809313189841,    0.00000000000000,    2.27809313189841,   -0.00000347507514,   -0.00000000000000,   -0.00000791654480,    2.26716588873543,    0.00000000000000,    2.26716588873543,   42.67716059214545,    0.00000000000000,
   12,    1,    0.14375000000000,    0.00625000000000,    2.30175697230050,    0.00000000000000,    2.30175697230050,   -0.00000367563527,   -0.00000000000000,   -0.00000846041912,    2.29093949378223,    0.00000000000000,    2.29093949378223,   42.35086507356528,    0.00000000000000,
   12,    2,    0.14375000000000,    0.01875000000000,    2.30175697230050,    0.00000000000000,    2.30175697230050,   -0.00000367563527,   -0.00000000000000,   -0.00000846041912,    2.29093949378223,    0.00000000000000,    2.29093949378223,   42.35086507356528,    0.00000000000000,
   12,    3,    0.14375000000000,    0.03125000000000,    2.30175697230050,    0.00000000000000,    2.30175697230050,   -0.00000367563527,   -0.00000000000000,   -0.00000846041912,    2.29093949378223,    0.00000000000000,    2.29093949378223,   42.35086507356528,    0.00000000000000,
   12,    4,    0.14375000000000,    0.04375000000000,    2.30175697230050,    0.00000000000000,    2.30175697230050,   -0.00000367563527,   -0.00000000000000,   -0.00000846041912,    2.29093949378223,    0.00000000000000,    2.29093949378223,   42.35086507356528,    0.00000000000000,
   12,    5,    0.14375000000000,    0.05625000000000,    2.30175697230050,    0.00000000000000,    2.30175697230050,   -0.00000367563527,   -0.00000000000000,   -0.00000846041912,    2.29093949378223,    0.00000000000000,    2.29093949378223,   42.35086507356528,    0.00000000000000,
   13,    1,    0.15625000000000,    0.00625000000000,    2.32497652310585,    0.00000000000000,    2.32497652310585,   -0.00000384536119,   -0.00000000000000,   -0.00000894037450,    2.31426449121733,    0.00000000000000,    2.31426449121733,   41.93440116951653,    0.00000000000000,
   13,    2,    0.15625000000000,    0.01875000000000,    2.32497652310585,    0.00000000000000,    2.32497652310585,   -0.00000384536119,   -0.00000000000000,   -0.00000894037450,    2.31426449121733,    0.00000000000000,    2.31426449121733,   41.93440116951653,    0.00000000000000,
   13,    3,    0.15625000000000,    0.03125000000000,    2.32497652310585,    0.00000000000000,    2.32497652310585,   -0.00000384536119,   -0.00000000000000,   -0.00000894037450,    2.31426449121733,    0.00000000000000,    2.31426449121733,   41.93440116951653,    0.00000000000000,
   13,    4,    0.15625000000000,    0.04375000000000,    2.32497652310585,    0.00000000000000,    2.32497652310585,   -0.00000384536119,   -0.00000000000000,   -0.00000894037450,    2.31426449121733,    0.00000000000000,    2.31426449121733,   41.93440116951653,    0.00000000000000,
   13,    5,    0.15625000000000,    0.05625000000000,    2.32497652310585,    0.00000000000000,    2.32497652310585,   -0.00000384536119,   -0.00000000000000,   -0.00000894037450,    2.31426449121733,    0.00000000000000,    2.31426449121733,   41.93440116951653,    0.00000000000000,
   14,    1,    0.16875000000000,    0.00625000000000,    2.34771578317505,    0.00000000000000,    2.34771578317505,   -0.00000398469083,    0.00000000000000,   -0.00000935492155,    2.33710491558532,    0.00000000000000,    2.33710491558532,   41.42694965007562,    0.00000000000000,
   14,    2,    0.16875000000000,    0.01875000000000,    2.34771578317505,    0.00000000000000,    2.34771578317505,   -0.00000398469083,    0.00000000000000,   -0.00000935492155,    2.33710491558532,    0.00000000000000,    2.33710491558532,   41.42694965007562,    0.00000000000000,
   14,    3,    0.16875000000000,    0.03125000000000,    2.34771578317505,    0.00000000000000,    2.34771578317505,   -0.00000398469083,    0.00000000000000,   -0.00000935492155,    2.33710491558532,    0.00000000000000,    2.33710491558532,   41.42694965007562,    0.00000000000000,
   14,    4,    0.16875000000000,    0.04375000000000,    2.34771578317505,    0.00000000000000,    2.34771578317505,   -0.00000398469083,    0.00000000000000,   -0.00000935492155,    2.33710491558532,    0.00000000000000,    2.33710491558532,   41.42694965007562,    0.00000000000000,
   14,    5,    0.16875000000000,    0.05625000000000,    2.34771578317505,    0.00000000000000,    2.34771578317505,   -0.00000398469083,    0.00000000000000,   -0.00000935492155,    2.33710491558532,    0.00000000000000,    2.33710491558532,   41.42694965007562,    0.00000000000000,
   15,    1,    0.18125000000000,    0.00625000000000,    2.36993949547460,    0.00000000000000,    2.36993949547460,   -0.00000409419800,   -0.00000000000000,   -0.00000970300155,    2.35942554860733,    0.00000000000000,    2.35942554860733,   40.82799390131979,    0.00000000000000,
   15,    2,    0.18125000000000,    0.01875000000000,    2.36993949547460,    0.00000000000000,    2.36993949547460,   -0.00000409419800,   -0.00000000000000,   -0.00000970300155,    2.35942554860733,    0.00000000000000,    2.35942554860733,   40.82799390131979,    0.00000000000000,
   15,    3,    0.18125000000000,    0.03125000000000,    2.36993949547460,    0.00000000000000,    2.36993949547460,   -0.00000409419800,   -0.00000000000000,   -0.00000970300155,    2.35942554860733,    0.00000000000000,    2.35942554860733,   40.82799390131979,    0.00000000000000,
   15,    4,    0.18125000000000,    0.04375000000000,    2.36993949547460,    0.00000000000000,    2.36993949547460,   -0.00000409419800,   -0.00000000000000,   -0.00000970300155,    2.35942554860733,    0.00000000000000,    2.35942554860733,   40.82799390131979,    0.00000000000000,
   15,    5,    0.18125000000000,    0.05625000000000,    2.36993949547460,    0.00000000000000,    2.36993949547460,   -0.00000409419800,   -0.00000000000000,   -0.00000970300155,    2.35942554860733,    0.00000000000000,    2.35942554860733,   40.82799390131979,    0.00000000000000,
   16,    1,    0.19375000000000,    0.00625000000000,    2.39161320203774,    0.00000000000000,    2.39161320203774,   -0.00000417457640,    0.00000000000000,   -0.00000998397203,    2.38119197348508,    0.00000000000000,    2.38119197348508,   40.13732873109070,    0.00000000000000,
   16,    2,    0.19375000000000,    0.01875000000000,    2.39161320203774,    0.00000000000000,    2.39161320203774,   -0.00000417457640,    0.00000000000000,   -0.00000998397203,    2.38119197348508,    0.00000000000000,    2.38119197348508,   40.13732873109070,    0.00000000000000,
   16,    3,    0.19375000000000,    0.03125000000000,    2.39161320203774,    0.00000000000000,    2.39161320203774,   -0.00000417457640,    0.00000000000000,   -0.00000998397203,    2.38119197348508,    0.00000000000000,    2.38119197348508,   40.13732873109070,    0.00000000000000,
   16,    4,    0.19375000000000,    0.04375000000000,    2.39161320203774,    0.00000000000000,    2.39161320203774,   -0.00000417457640,    0.00000000000000,   -0.00000998397203,    2.38119197348508,    0.00000000000000,    2.38119197348508,   40.13732873109070,    0.00000000000000,
   16,    5,    0.19375000000000,    0.05625000000000,    2.39161320203774,    0.00000000000000,    2.39161320203774,   -0.00000417457640,    0.00000000000000,   -0.00000998397203,    2.38119197348508,    0.00000000000000,    2.38119197348508,   40.13732873109070,    0.00000000000000,
   17,    1,    0.20625000000000,    0.00625000000000,    2.41270329763027,    0.00000000000000,    2.41270329763027,   -0.00000422662434,   -0.00000000000000,   -0.00001019759047,    2.40237062796905,    0.00000000000000,    2.40237062796905,   39.35506764443414,    0.00000000000000,
   17,    2,    0.20625000000000,    0.01875000000000,    2.41270329763027,    0.00000000000000,    2.41270329763027,   -0.00000422662434,   -0.00000000000000,   -0.00001019759047,    2.40237062796905,    0.00000000000000,    2.40237062796905,   39.35506764443414,    0.00000000000000,
   17,    3,    0.20625000000000,    0.03125000000000,    2.41270329763027,    0.00000000000000,    2.41270329763027,   -0.00000422662434,   -0.00000000000000,   -0.00001019759047,    2.40237062796905,    0.00000000000000,    2.40237062796905,   39.35506764443414,    0.00000000000000,
   17,    4,    0.20625000000000,    0.04375000000000,    2.41270329763027,    0.00000000000000,    2.41270329763027,   -0.00000422662434,   -0.00000000000000,   -0.00001019759047,    2.40237062796905,    0.00000000000000,    2.40237062796905,   39.35506764443414,    0.00000000000000,
   17,    5,    0.20625000000000,    0.05625000000000,    2.41270329763027,    0.00000000000000,    2.41270329763027,   -0.00000422662434,   -0.00000000000000,   -0.00001019759047,    2.40237062796905,    0.00000000000000,    2.40237062796905,   39.35506764443414,    0.00000000000000,
   18,    1,    0.21875000000000,    0.00625000000000,    2.43317708204329,    0.00000000000000,    2.43317708204329,   -0.00000425123041,    0.00000000000000,   -0.00001034399642,    2.42292885610910,    0.00000000000000,    2.42292885610910,   38.48164853459275,    0.00000000000000,
   18,    2,    0.21875000000000,    0.01875000000000,    2.43317708204329,    0.00000000000000,    2.43317708204329,   -0.00000425123041,    0.00000000000000,   -0.00001034399642,    2.42292885610910,    0.00000000000000,    2.42292885610910,   38.48164853459275,    0.00000000000000,
   18,    3,    0.21875000000000,    0.03125000000000,    2.43317708204329,    0.00000000000000,    2.43317708204329,   -0.00000425123041,    0.00000000000000,   -0.00001034399642,    2.42292885610910,    0.00000000000000,    2.42292885610910,   38.48164853459275,    0.00000000000000,
   18,    4,    0.21875000000000,    0.04375000000000,    2.43317708204329,    0.00000000000000,    2.43317708204329,   -0.00000425123041,    0.00000000000000,   -0.00001034399642,    2.42292885610910,    0.00000000000000,    2.42292885610910,   38.48164853459275,    0.00000000000000,
   18,    5,    0.21875000000000,    0.05625000000000,    2.43317708204329,    0.00000000000000,    2.43317708204329,   -0.00000425123041,    0.00000000000000,   -0.00001034399642,    2.42292885610910,    0.00000000000000,    2.42292885610910,   38.48164853459275,    0.00000000000000,
   19,    1,    0.23125000000000,    0.00625000000000,    2.45300281093713,    0.00000000000000,    2.45300281093713,   -0.00000424936015,   -0.00000000000000,   -0.00001042369238,    2.44283495860752,    0.00000000000000,    2.44283495860752,   37.51783774461065,    0.00000000000000,
   19,    2,    0.23125000000000,    0.01875000000000,    2.45300281093713,    0.00000000000000,    2.45300281093713,   -0.00000424936015,   -0.00000000000000,   -0.00001042369238,    2.44283495860752,    0.00000000000000,    2.44283495860752,   37.51783774461065,    0.00000000000000,
   19,    3,    0.23125000000000,    0.03125000000000,    2.45300281093713,    0.00000000000000,    2.45300281093713,   -0.00000424936015,   -0.00000000000000,   -0.00001042369238,    2.44283495860752,    0.00000000000000,    2.44283495860752,   37.51783774461065,    0.00000000000000,
   19,    4,    0.23125000000000,    0.04375000000000,    2.45300281093713,    0.00000000000000,    2.45300281093713,   -0.00000424936015,   -0.00000000000000,   -0.00001042369238,    2.44283495860752,    0.00000000000000,    2.44283495860752,   37.51783774461065,    0.00000000000000,
   19,    5,    0.23125000000000,    0.05625000000000,    2.45300281093713,    0.00000000000000,    2.45300281093713,   -0.00000424936015,   -0.00000000000000,   -0.00001042369238,    2.44283495860752,    0.00000000000000,    2.44283495860752,   37.51783774461065,    0.00000000000000,
   20,    1,    0.24375000000000,    0.00625000000000,    2.47214974516255,    0.00000000000000,    2.47214974516255,   -0.00000422204360,   -0.00000000000000,   -0.00001043752402,    2.46205824169709,    0.00000000000000,    2.46205824169709,   36.46473246408359,    0.00000000000000,
   20,    2,    0.24375000000000,    0.01875000000000,    2.47214974516255,    0.00000000000000,    2.47214974516255,   -0.00000422204360,   -0.00000000000000,   -0.00001043752402,    2.46205824169709,    0.00000000000000,    2.46205824169709,   36.46473246408359,    0.00000000000000,
   20,    3,    0.24375000000000,    0.03125000000000,    2.47214974516255,    0.00000000000000,    2.47214974516255,   -0.00000422204360,   -0.00000000000000,   -0.00001043752402,    2.46205824169709,    0.00000000000000,    2.46205824169709,   36.46473246408359,    0.00000000000000,
   20,    4,    0.24375000000000,    0.04375000000000,    2.47214974516255,    0.00000000000000,    2.47214974516255,   -0.00000422204360,   -0.00000000000000,   -0.00001043752402,    2.46205824169709,    0.00000000000000,    2.46205824169709,   36.46473246408359,    0.00000000000000,
   20,    5,    0.24375000000000,    0.05625000000000,    2.47214974516255,    0.00000000000000,    2.47214974516255,   -0.00000422204360,   -0.00000000000000,   -0.00001043752402,    2.46205824169709,    0.00000000000000,    2.46205824169709,   36.46473246408359,    0.00000000000000,
   21,    1,    0.25625000000000,    0.00625000000000,    2.49058819848773,    0.00000000000000,    2.49058819848773,   -0.00000417036412,   -0.00000000000000,   -0.00001038665966,    2.48056906446861,    0.00000000000000,    2.48056906446861,   35.32376143529670,    0.00000000000000,
   21,    2,    0.25625000000000,    0.01875000000000,    2.49058819848773,    0.00000000000000,    2.49058819848773,   -0.00000417036412,   -0.00000000000000,   -0.00001038665966,    2.48056906446861,    0.00000000000000,    2.48056906446861,   35.32376143529670,    0.00000000000000,
   21,    3,    0.25625000000000,    0.03125000000000,    2.49058819848773,    0.00000000000000,    2.49058819848773,   -0.00000417036412,   -0.00000000000000,   -0.00001038665966,    2.48056906446861,    0.00000000000000,    2.48056906446861,   35.32376143529670,    0.00000000000000,
   21,    4,    0.25625000000000,    0.04375000000000,    2.49058819848773,    0.00000000000000,    2.49058819848773,   -0.00000417036412,   -0.00000000000000,   -0.00001038665966,    2.48056906446861,    0.00000000000000,    2.48056906446861,   35.32376143529670,    0.00000000000000,
   21,    5,    0.25625000000000,    0.05625000000000,    2.49058819848773,    0.00000000000000,    2.49058819848773,   -0.00000417036412,   -0.00000000000000,   -0.00001038665966,    2.48056906446861,    0.00000000000000,    2.48056906446861,   35.32376143529670,    0.00000000000000,
   22,    1,    0.26875000000000,    0.00625000000000,    2.50828958366142,    0.00000000000000,    2.50828958366142,   -0.00000409544808,   -0.00000000000000,   -0.00001027256975,    2.49833888457506,    0.00000000000000,    2.49833888457506,   34.09668395287711,    0.00000000000000,
   22,    2,    0.26875000000000,    0.01875000000000,    2.50828958366142,    0.00000000000000,    2.50828958366142,   -0.00000409544808,   -0.00000000000000,   -0.00001027256975,    2.49833888457506,    0.00000000000000,    2.49833888457506,   34.09668395287711,    0.00000000000000,
   22,    3,    0.26875000000000,    0.03125000000000,    2.50828958366142,    0.00000000000000,    2.50828958366142,   -0.00000409544808,   -0.00000000000000,   -0.00001027256975,    2.49833888457506,    0.00000000000000,    2.49833888457506,   34.09668395287711,    0.00000000000000,
   22,    4,    0.26875000000000,    0.04375000000000,    2.50828958366142,    0.00000000000000,    2.50828958366142,   -0.00000409544808,   -0.00000000000000,   -0.00001027256975,    2.49833888457506,    0.00000000000000,    2.49833888457506,   34.09668395287711,    0.00000000000000,
   22,    5,    0.26875000000000,    0.05625000000000,    2.50828958366142,    0.00000000000000,    2.50828958366142,   -0.00000409544808,   -0.00000000000000,   -0.00001027256975,    2.49833888457506,    0.00000000000000,    2.49833888457506,   34.09668395287711,    0.00000000000000,
   23,    1,    0.28125000000000,    0.00625000000000,    2.52522645674530,    0.00000000000000,    2.52522645674530,   -0.00000399845574,   -0.00000000000000,   -0.00001009700623,    2.51534030224182,    0.00000000000000,    2.51534030224182,   32.78558715108924,    0.00000000000000,
   23,    2,    0.28125000000000,    0.01875000000000,    2.52522645674530,    0.00000000000000,    2.52522645674530,   -0.00000399845574,   -0.00000000000000,   -0.00001009700623,    2.51534030224182,    0.00000000000000,    2.51534030224182,   32.78558715108924,    0.00000000000000,
   23,    3,    0.28125000000000,    0.03125000000000,    2.52522645674530,    0.00000000000000,    2.52522645674530,   -0.00000399845574,   -0.00000000000000,   -0.00001009700623,    2.51534030224182,    0.00000000000000,    2.51534030224182,   32.78558715108924,    0.00000000000000,
   23,    4,    0.28125000000000,    0.04375000000000,    2.52522645674530,    0.00000000000000,    2.52522645674530,   -0.00000399845574,   -0.00000000000000,   -0.00001009700623,    2.51534030224182,    0.00000000000000,    2.51534030224182,   32.78558715108924,    0.00000000000000,
   23,    5,    0.28125000000000,    0.05625000000000,    2.52522645674530,    0.00000000000000,    2.52522645674530,   -0.00000399845574,   -0.00000000000000,   -0.00001009700623,    2.51534030224182,    0.00000000000000,    2.51534030224182,   32.78558715108924,    0.00000000000000,
   24,    1,    0.29375000000000,    0.00625000000000,    2.54137255965077,    0.00000000000000,    2.54137255965077,   -0.00000388057316,   -0.00000000000000,   -0.00000986198214,    2.53154710251514,    0.00000000000000,    2.53154710251514,   31.39288158295527,    0.00000000000000,
   24,    2,    0.29375000000000,    0.01875000000000,    2.54137255965077,    0.00000000000000,    2.54137255965077,   -0.00000388057316,   -0.00000000000000,   -0.00000986198214,    2.53154710251514,    0.00000000000000,    2.53154710251514,   31.39288158295527,    0.00000000000000,
   24,    3,    0.29375000000000,    0.03125000000000,    2.54137255965077,    0.00000000000000,    2.54137255965077,   -0.00000388057316,   -0.00000000000000,   -0.00000986198214,    2.53154710251514,    0.00000000000000,    2.53154710251514,   31.39288158295527,    0.00000000000000,
   24,    4,    0.29375000000000,    0.04375000000000,    2.54137255965077,    0.00000000000000,    2.54137255965077,   -0.00000388057316,   -0.00000000000000,   -0.00000986198214,    2.53154710251514,    0.00000000000000,    2.53154710251514,   31.39288158295527,    0.00000000000000,
   24,    5,    0.29375000000000,    0.05625000000000,    2.54137255965077,    0.00000000000000,    2.54137255965077,   -0.00000388057316,   -0.00000000000000,   -0.00000986198214,    2.53154710251514,    0.00000000000000,    2.53154710251514,   31.39288158295527,    0.00000000000000,
   25,    1,    0.30625000000000,    0.00625000000000,    2.55670286081806,    0.00000000000000,    2.55670286081806,   -0.00000374300501,   -0.00000000000000,   -0.00000956975161,    2.54693429568368,    0.00000000000000,    2.54693429568368,   29.92129510543249,    0.00000000000000,
   25,    2,    0.30625000000000,    0.01875000000000,    2.55670286081806,    0.00000000000000,    2.55670286081806,   -0.00000374300501,   -0.00000000000000,   -0.00000956975161,    2.54693429568368,    0.00000000000000,    2.54693429568368,   29.92129510543249,    0.00000000000000,
   25,    3,    0.30625000000000,    0.03125000000000,    2.55670286081806,    0.00000000000000,    2.55670286081806,   -0.00000374300501,   -0.00000000000000,   -0.00000956975161,    2.54693429568368,    0.00000000000000,    2.54693429568368,   29.92129510543249,    0.00000000000000,
   25,    4,    0.30625000000000,    0.04375000000000,    2.55670286081806,    0.00000000000000,    2.55670286081806,   -0.00000374300501,   -0.00000000000000,   -0.00000956975161,    2.54693429568368,    0.00000000000000,    2.54693429568368,   29.92129510543249,    0.00000000000000,
   25,    5,    0.30625000000000,    0.05625000000000,    2.55670286081806,    0.00000000000000,    2.55670286081806,   -0.00000374300501,   -0.00000000000000,   -0.00000956975161,    2.54693429568368,    0.00000000000000,    2.54693429568368,   29.92129510543249,    0.00000000000000,
   26,    1,    0.31875000000000,    0.00625000000000,    2.57119359397811,    0.00000000000000,    2.57119359397811,   -0.00000358696851,   -0.00000000000000,   -0.00000922279045,    2.56147815581086,    0.00000000000000,    2.56147815581086,   28.37386509486013,    0.00000000000000,
   26,    2,    0.31875000000000,    0.01875000000000,    2.57119359397811,    0.00000000000000,    2.57119359397811,   -0.00000358696851,   -0.00000000000000,   -0.00000922279045,    2.56147815581086,    0.00000000000000,    2.56147815581086,   28.37386509486013,    0.00000000000000,
   26,    3,    0.31875000000000,    0.03125000000000,    2.57119359397811,    0.00000000000000,    2.57119359397811,   -0.00000358696851,   -0.00000000000000,   -0.00000922279045,    2.56147815581086,    0.00000000000000,    2.56147815581086,   28.37386509486013,    0.00000000000000,
   26,    4,    0.31875000000000,    0.04375000000000,    2.57119359397811,    0.00000000000000,    2.57119359397811,   -0.00000358696851,   -0.00000000000000,   -0.00000922279045,    2.56147815581086,    0.00000000000000,    2.56147815581086,   28.37386509486013,    0.00000000000000,
   26,    5,    0.31875000000000,    0.05625000000000,    2.57119359397811,    0.00000000000000,    2.57119359397811,   -0.00000358696851,   -0.00000000000000,   -0.00000922279045,    2.56147815581086,    0.00000000000000,    2.56147815581086,   28.37386509486013,    0.00000000000000,
   27,    1,    0.33125000000000,    0.00625000000000,    2.58482229494012,    0.00000000000000,    2.58482229494012,   -0.00000341368817,   -0.00000000000000,   -0.00000882377730,    2.57515625731853,    0.00000000000000,    2.57515625731853,   26.75392902674081,    0.00000000000000,
   27,    2,    0.33125000000000,    0.01875000000000,    2.58482229494012,    0.00000000000000,    2.58482229494012,   -0.00000341368817,   -0.00000000000000,   -0.00000882377730,    2.57515625731853,    0.00000000000000,    2.57515625731853,   26.75392902674081,    0.00000000000000,
   27,    3,    0.33125000000000,    0.03125000000000,    2.58482229494012,    0.00000000000000,    2.58482229494012,   -0.00000341368817,   -0.00000000000000,   -0.00000882377730,    2.57515625731853,    0.00000000000000,    2.57515625731853,   26.75392902674081,    0.00000000000000,
   27,    4,    0.33125000000000,    0.04375000000000,    2.58482229494012,    0.00000000000000,    2.58482229494012,   -0.00000341368817,   -0.00000000000000,   -0.00000882377730,    2.57515625731853,    0.00000000000000,    2.57515625731853,   26.75392902674081,    0.00000000000000,
   27,    5,    0.33125000000000,    0.05625000000000,    2.58482229494012,    0.00000000000000,    2.58482229494012,   -0.00000341368817,   -0.00000000000000,   -0.00000882377730,    2.57515625731853,    0.00000000000000,    2.57515625731853,   26.75392902674081,    0.00000000000000,
   28,    1,    0.34375000000000,    0.00625000000000,    2.59756783635121,    0.00000000000000,    2.59756783635121,   -0.00000322439145,   -0.00000000000000,   -0.00000837557552,    2.58794750956557,    0.00000000000000,    2.58794750956557,   25.06511346358602,    0.00000000000000,
   28,    2,    0.34375000000000,    0.01875000000000,    2.59756783635121,    0.00000000000000,    2.59756783635121,   -0.00000322439145,   -0.00000000000000,   -0.00000837557552,    2.58794750956557,    0.00000000000000,    2.58794750956557,   25.06511346358602,    0.00000000000000,
   28,    3,    0.34375000000000,    0.03125000000000,    2.59756783635121,    0.00000000000000,    2.59756783635121,   -0.00000322439145,   -0.00000000000000,   -0.00000837557552,    2.58794750956557,    0.00000000000000,    2.58794750956557,   25.06511346358602,    0.00000000000000,
   28,    4,    0.34375000000000,    0.04375000000000,    2.59756783635121,    0.00000000000000,    2.59756783635121,   -0.00000322439145,   -0.00000000000000,   -0.00000837557552,    2.58794750956557,    0.00000000000000,    2.58794750956557,   25.06511346358602,    0.00000000000000,
   28,    5,    0.34375000000000,    0.05625000000000,    2.59756783635121,    0.00000000000000,    2.59756783635121,   -0.00000322439145,   -0.00000000000000,   -0.00000837557552,    2.58794750956557,    0.00000000000000,    2.58794750956557,   25.06511346358602,    0.00000000000000,
   29,    1,    0.35625000000000,    0.00625000000000,    2.60941046037651,    0.00000000000000,    2.60941046037651,   -0.00000302030516,   -0.00000000000000,   -0.00000788121589,    2.59983218936815,    0.00000000000000,    2.59983218936815,   23.31132150397123,    0.00000000000000,
   29,    2,    0.35625000000000,    0.01875000000000,    2.60941046037651,    0.00000000000000,    2.60941046037651,   -0.00000302030516,   -0.00000000000000,   -0.00000788121589,    2.59983218936815,    0.00000000000000,    2.59983218936815,   23.31132150397123,    0.00000000000000,
   29,    3,    0.35625000000000,    0.03125000000000,    2.60941046037651,    0.00000000000000,    2.60941046037651,   -0.00000302030516,   -0.00000000000000,   -0.00000788121589,    2.59983218936815,    0.00000000000000,    2.59983218936815,   23.31132150397123,    0.00000000000000,
   29,    4,    0.35625000000000,    0.04375000000000,    2.60941046037651,    0.00000000000000,    2.60941046037651,   -0.00000302030516,   -0.00000000000000,   -0.00000788121589,    2.59983218936815,    0.00000000000000,    2.59983218936815,   23.31132150397123,    0.00000000000000,
   29,    5,    0.35625000000000,    0.05625000000000,    2.60941046037651,    0.00000000000000,    2.60941046037651,   -0.00000302030516,   -0.00000000000000,   -0.00000788121589,    2.59983218936815,    0.00000000000000,    2.59983218936815,   23.31132150397123,    0.00000000000000,
   30,    1,    0.36875000000000,    0.00625000000000,    2.62033180925183,    0.00000000000000,    2.62033180925183,   -0.00000280265273,   -0.00000000000000,   -0.00000734388011,    2.61079197141142,    0.00000000000000,    2.61079197141142,   21.49671875505851,    0.00000000000000,
   30,    2,    0.36875000000000,    0.01875000000000,    2.62033180925183,    0.00000000000000,    2.62033180925183,   -0.00000280265273,   -0.00000000000000,   -0.00000734388011,    2.61079197141142,    0.00000000000000,    2.61079197141142,   21.49671875505851,    0.00000000000000,
   30,    3,    0.36875000000000,    0.03125000000000,    2.62033180925183,    0.00000000000000,    2.62033180925183,   -0.00000280265273,   -0.00000000000000,   -0.00000734388011,    2.61079197141142,    0.00000000000000,    2.61079197141142,   21.49671875505851,    0.00000000000000,
   30,    4,    0.36875000000000,    0.04375000000000,    2.62033180925183,    0.00000000000000,    2.62033180925183,   -0.00000280265273,   -0.00000000000000,   -0.00000734388011,    2.61079197141142,    0.00000000000000,    2.61079197141142,   21.49671875505851,    0.00000000000000,
   30,    5,    0.36875000000000,    0.05625000000000,    2.62033180925183,    0.00000000000000,    2.62033180925183,   -0.00000280265273,   -0.00000000000000,   -0.00000734388011,    2.61079197141142,    0.00000000000000,    2.61079197141142,   21.49671875505851,    0.00000000000000,
   31,    1,    0.38125000000000,    0.00625000000000,    2.63031495366369,    0.00000000000000,    2.63031495366369,   -0.00000257265201,   -0.00000000000000,   -0.00000676688504,    2.62080995650587,    0.00000000000000,    2.62080995650587,   19.62571789959484,    0.00000000000000,
   31,    2,    0.38125000000000,    0.01875000000000,    2.63031495366369,    0.00000000000000,    2.63031495366369,   -0.00000257265201,   -0.00000000000000,   -0.00000676688504,    2.62080995650587,    0.00000000000000,    2.62080995650587,   19.62571789959484,    0.00000000000000,
   31,    3,    0.38125000000000,    0.03125000000000,    2.63031495366369,    0.00000000000000,    2.63031495366369,   -0.00000257265201,   -0.00000000000000,   -0.00000676688504,    2.62080995650587,    0.00000000000000,    2.62080995650587,   19.62571789959484,    0.00000000000000,
   31,    4,    0.38125000000000,    0.04375000000000,    2.63031495366369,    0.00000000000000,    2.63031495366369,   -0.00000257265201,   -0.00000000000000,   -0.00000676688504,    2.62080995650587,    0.00000000000000,    2.62080995650587,   19.62571789959484,    0.00000000000000,
   31,    5,    0.38125000000000,    0.05625000000000,    2.63031495366369,    0.00000000000000,    2.63031495366369,   -0.00000257265201,   -0.00000000000000,   -0.00000676688504,    2.62080995650587,    0.00000000000000,    2.62080995650587,   19.62571789959484,    0.00000000000000,
   32,    1,    0.39375000000000,    0.00625000000000,    2.63934441891484,    0.00000000000000,    2.63934441891484,   -0.00000233151379,   -0.00000000000000,   -0.00000615366790,    2.62987069764459,    0.00000000000000,    2.62987069764459,   17.70296193673223,    0.00000000000000,
   32,    2,    0.39375000000000,    0.01875000000000,    2.63934441891484,    0.00000000000000,    2.63934441891484,   -0.00000233151379,   -0.00000000000000,   -0.00000615366790,    2.62987069764459,    0.00000000000000,    2.62987069764459,   17.70296193673223,    0.00000000000000,
   32,    3,    0.39375000000000,    0.03125000000000,    2.63934441891484,    0.00000000000000,    2.63934441891484,   -0.00000233151379,   -0.00000000000000,   -0.00000615366790,    2.62987069764459,    0.00000000000000,    2.62987069764459,   17.70296193673223,    0.00000000000000,
   32,    4,    0.39375000000000,    0.04375000000000,    2.63934441891484,    0.00000000000000,    2.63934441891484,   -0.00000233151379,   -0.00000000000000,   -0.00000615366790,    2.62987069764459,    0.00000000000000,    2.62987069764459,   17.70296193673223,    0.00000000000000,
   32,    5,    0.39375000000000,    0.05625000000000,    2.63934441891484,    0.00000000000000,    2.63934441891484,   -0.00000233151379,   -0.00000000000000,   -0.00000615366790,    2.62987069764459,    0.00000000000000,    2.62987069764459,   17.70296193673223,    0.00000000000000,
   33,    1,    0.40625000000000,    0.00625000000000,    2.64740620883632,    0.00000000000000,    2.64740620883632,   -0.00000208044087,   -0.00000000000000,   -0.00000550777207,    2.63796022382147,    0.00000000000000,    2.63796022382147,   15.73330618388782,    0.00000000000000,
   33,    2,    0.40625000000000,    0.01875000000000,    2.64740620883632,    0.00000000000000,    2.64740620883632,   -0.00000208044087,   -0.00000000000000,   -0.00000550777207,    2.63796022382147,    0.00000000000000,    2.63796022382147,   15.73330618388782,    0.00000000000000,
   33,    3,    0.40625000000000,    0.03125000000000,    2.64740620883632,    0.00000000000000,    2.64740620883632,   -0.00000208044087,   -0.00000000000000,   -0.00000550777207,    2.63796022382147,    0.00000000000000,    2.63796022382147,   15.73330618388782,    0.00000000000000,
   33,    4,    0.40625000000000,    0.04375000000000,    2.64740620883632,    0.00000000000000,    2.64740620883632,   -0.00000208044087,   -0.00000000000000,   -0.00000550777207,    2.63796022382147,    0.00000000000000,    2.63796022382147,   15.73330618388782,    0.00000000000000,
   33,    5,    0.40625000000000,    0.05625000000000,    2.64740620883632,    0.00000000000000,    2.64740620883632,   -0.00000208044087,   -0.00000000000000,   -0.00000550777207,    2.63796022382147,    0.00000000000000,    2.63796022382147,   15.73330618388782,    0.00000000000000,
   34,    1,    0.41875000000000,    0.00625000000000,    2.65448782741091,    0.00000000000000,    2.65448782741091,   -0.00000182062759,   -0.00000000000000,   -0.00000483283377,    2.64506606157351,    0.00000000000000,    2.64506606157351,   13.72179913422155,    0.00000000000000,
   34,    2,    0.41875000000000,    0.01875000000000,    2.65448782741091,    0.00000000000000,    2.65448782741091,   -0.00000182062759,   -0.00000000000000,   -0.00000483283377,    2.64506606157351,    0.00000000000000,    2.64506606157351,   13.72179913422155,    0.00000000000000,
   34,    3,    0.41875000000000,    0.03125000000000,    2.65448782741091,    0.00000000000000,    2.65448782741091,   -0.00000182062759,   -0.00000000000000,   -0.00000483283377,    2.64506606157351,    0.00000000000000,    2.64506606157351,   13.72179913422155,    0.00000000000000,
   34,    4,    0.41875000000000,    0.04375000000000,    2.65448782741091,    0.00000000000000,    2.65448782741091,   -0.00000182062759,   -0.00000000000000,   -0.00000483283377,    2.64506606157351,    0.00000000000000,    2.64506606157351,   13.72179913422155,    0.00000000000000,
   34,    5,    0.41875000000000,    0.05625000000000,    2.65448782741091,    0.00000000000000,    2.65448782741091,   -0.00000182062759,   -0.00000000000000,   -0.00000483283377,    2.64506606157351,    0.00000000000000,    2.64506606157351,   13.72179913422155,    0.00000000000000,
   35,    1,    0.43125000000000,    0.00625000000000,    2.66057829807571,    0.00000000000000,    2.66057829807571,   -0.00000155325984,   -0.00000000000000,   -0.00000413256941,    2.65117725421391,    0.00000000000000,    2.65117725421391,   11.67366227111084,    0.00000000000000,
   35,    2,    0.43125000000000,    0.01875000000000,    2.66057829807571,    0.00000000000000,    2.66057829807571,   -0.00000155325984,   -0.00000000000000,   -0.00000413256941,    2.65117725421391,    0.00000000000000,    2.65117725421391,   11.67366227111084,    0.00000000000000,
   35,    3,    0.43125000000000,    0.03125000000000,    2.66057829807571,    0.00000000000000,    2.66057829807571,   -0.00000155325984,   -0.00000000000000,   -0.00000413256941,    2.65117725421391,    0.00000000000000,    2.65117725421391,   11.67366227111084,    0.00000000000000,
   35,    4,    0.43125000000000,    0.04375000000000,    2.66057829807571,    0.00000000000000,    2.66057829807571,   -0.00000155325984,   -0.00000000000000,   -0.00000413256941,    2.65117725421391,    0.00000000000000,    2.65117725421391,   11.67366227111084,    0.00000000000000,
   35,    5,    0.43125000000000,    0.05625000000000,    2.66057829807571,    0.00000000000000,    2.66057829807571,   -0.00000155325984,   -0.00000000000000,   -0.00000413256941,    2.65117725421391,    0.00000000000000,    2.65117725421391,   11.67366227111084,    0.00000000000000,
   36,    1,    0.44375000000000,    0.00625000000000,    2.66566818067508,    0.00000000000000,    2.66566818067508,   -0.00000127951540,   -0.00000000000000,   -0.00000341076349,    2.65628437872659,    0.00000000000000,    2.65628437872659,    9.59426894720387,    0.00000000000000,
   36,    2,    0.44375000000000,    0.01875000000000,    2.66566818067508,    0.00000000000000,    2.66566818067508,   -0.00000127951540,   -0.00000000000000,   -0.00000341076349,    2.65628437872659,    0.00000000000000,    2.65628437872659,    9.59426894720387,    0.00000000000000,
   36,    3,    0.44375000000000,    0.03125000000000,    2.66566818067508,    0.00000000000000,    2.66566818067508,   -0.00000127951540,   -0.00000000000000,   -0.00000341076349,    2.65628437872659,    0.00000000000000,    2.65628437872659,    9.59426894720387,    0.00000000000000,
   36,    4,    0.44375000000000,    0.04375000000000,    2.66566818067508,    0.00000000000000,    2.66566818067508,   -0.00000127951540,   -0.00000000000000,   -0.00000341076349,    2.65628437872659,    0.00000000000000,    2.65628437872659,    9.59426894720387,    0.00000000000000,
   36,    5,    0.44375000000000,    0.05625000000000,    2.66566818067508,    0.00000000000000,    2.66566818067508,   -0.00000127951540,   -0.00000000000000,   -0.00000341076349,    2.65628437872659,    0.00000000000000,    2.65628437872659,    9.59426894720387,    0.00000000000000,
   37,    1,    0.45625000000000,    0.00625000000000,    2.66974958603907,    0.00000000000000,    2.66974958603907,   -0.00000100056470,   -0.00000000000000,   -0.00000267125721,    2.66037956029572,    0.00000000000000,    2.66037956029572,    7.48912244119802,    0.00000000000000,
   37,    2,    0.45625000000000,    0.01875000000000,    2.66974958603907,    0.00000000000000,    2.66974958603907,   -0.00000100056470,   -0.00000000000000,   -0.00000267125721,    2.66037956029572,    0.00000000000000,    2.66037956029572,    7.48912244119802,    0.00000000000000,
   37,    3,    0.45625000000000,    0.03125000000000,    2.66974958603907,    0.00000000000000,    2.66974958603907,   -0.00000100056470,   -0.00000000000000,   -0.00000267125721,    2.66037956029572,    0.00000000000000,    2.66037956029572,    7.48912244119802,    0.00000000000000,
   37,    4,    0.45625000000000,    0.04375000000000,    2.66974958603907,    0.00000000000000,    2.66974958603907,   -0.00000100056470,   -0.00000000000000,   -0.00000267125721,    2.66037956029572,    0.00000000000000,    2.66037956029572,    7.48912244119802,    0.00000000000000,
   37,    5,    0.45625000000000,    0.05625000000000,    2.66974958603907,    0.00000000000000,    2.66974958603907,   -0.00000100056470,   -0.00000000000000,   -0.00000267125721,    2.66037956029572,    0.00000000000000,    2.66037956029572,    7.48912244119802,    0.00000000000000,
   38,    1,    0.46875000000000,    0.00625000000000,    2.67281618816531,    0.00000000000000,    2.67281618816531,   -0.00000071757175,   -0.00000000000000,   -0.00000191793739,    2.66345648444813,    0.00000000000000,    2.66345648444813,    5.36383331038393,    0.00000000000000,
   38,    2,    0.46875000000000,    0.01875000000000,    2.67281618816531,    0.00000000000000,    2.67281618816531,   -0.00000071757175,   -0.00000000000000,   -0.00000191793739,    2.66345648444813,    0.00000000000000,    2.66345648444813,    5.36383331038393,    0.00000000000000,
   38,    3,    0.46875000000000,    0.03125000000000,    2.67281618816531,    0.00000000000000,    2.67281618816531,   -0.00000071757175,   -0.00000000000000,   -0.00000191793739,    2.66345648444813,    0.00000000000000,    2.66345648444813,    5.36383331038393,    0.00000000000000,
   38,    4,    0.46875000000000,    0.04375000000000,    2.67281618816531,    0.00000000000000,    2.67281618816531,   -0.00000071757175,   -0.00000000000000,   -0.00000191793739,    2.66345648444813,    0.00000000000000,    2.66345648444813,    5.36383331038393,    0.00000000000000,
   38,    5,    0.46875000000000,    0.05625000000000,    2.67281618816531,    0.00000000000000,    2.67281618816531,   -0.00000071757175,   -0.00000000000000,   -0.00000191793739,    2.66345648444813,    0.00000000000000,    2.66345648444813,    5.36383331038393,    0.00000000000000,
   39,    1,    0.48125000000000,    0.00625000000000,    2.67486323398640,    0.00000000000000,    2.67486323398640,   -0.00000043169533,   -0.00000000000000,   -0.00000115472598,    2.66551040678981,    0.00000000000000,    2.66551040678981,    3.22409616118799,    0.00000000000000,
   39,    2,    0.48125000000000,    0.01875000000000,    2.67486323398640,    0.00000000000000,    2.67486323398640,   -0.00000043169533,   -0.00000000000000,   -0.00000115472598,    2.66551040678981,    0.00000000000000,    2.66551040678981,    3.22409616118799,    0.00000000000000,
   39,    3,    0.48125000000000,    0.03125000000000,    2.67486323398640,    0.00000000000000,    2.67486323398640,   -0.00000043169533,   -0.00000000000000,   -0.00000115472598,    2.66551040678981,    0.00000000000000,    2.66551040678981,    3.22409616118799,    0.00000000000000,
   39,    4,    0.48125000000000,    0.04375000000000,    2.67486323398640,    0.00000000000000,    2.67486323398640,   -0.00000043169533,   -0.00000000000000,   -0.00000115472598,    2.66551040678981,    0.00000000000000,    2.66551040678981,    3.22409616118799,    0.00000000000000,
   39,    5,    0.48125000000000,    0.05625000000000,    2.67486323398640,    0.00000000000000,    2.67486323398640,   -0.00000043169533,   -0.00000000000000,   -0.00000115472598,    2.66551040678981,    0.00000000000000,    2.66551040678981,    3.22409616118799,    0.00000000000000,
   40,    1,    0.49375000000000,    0.00625000000000,    2.67588755070822,    0.00000000000000,    2.67588755070822,   -0.00000014409041,   -0.00000000000000,   -0.00000038556974,    2.66653816032138,    0.00000000000000,    2.66653816032138,    1.07566596341223,    0.00000000000000,
   40,    2,    0.49375000000000,    0.01875000000000,    2.67588755070822,    0.00000000000000,    2.67588755070822,   -0.00000014409041,   -0.00000000000000,   -0.00000038556974,    2.66653816032138,    0.00000000000000,    2.66653816032138,    1.07566596341223,    0.00000000000000,
   40,    3,    0.49375000000000,    0.03125000000000,    2.67588755070822,    0.00000000000000,    2.67588755070822,   -0.00000014409041,   -0.00000000000000,   -0.00000038556974,    2.66653816032138,    0.00000000000000,    2.66653816032138,    1.07566596341223,    0.00000000000000,
   40,    4,    0.49375000000000,    0.04375000000000,    2.67588755070822,    0.00000000000000,    2.67588755070822,   -0.00000014409041,   -0.00000000000000,   -0.00000038556974,    2.66653816032138,    0.00000000000000,    2.66653816032138,    1.07566596341223,    0.00000000000000,
   40,    5,    0.49375000000000,    0.05625000000000,    2.67588755070822,    0.00000000000000,    2.67588755070822,   -0.00000014409041,   -0.00000000000000,   -0.00000038556974,    2.66653816032138,    0.00000000000000,    2.66653816032138,    1.07566596341223,    0.00000000000000,
   41,    1,    0.50625000000000,    0.00625000000000,    2.67588755070822,    0.00000000000000,    2.67588755070822,    0.00000014409041,   -0.00000000000000,    0.00000038556974,    2.66653816032138,    0.00000000000000,    2.66653816032138,   -1.07566596341223,    0.00000000000000,
   41,    2,    0.50625000000000,    0.01875000000000,    2.67588755070822,    0.00000000000000,    2.67588755070822,    0.00000014409041,   -0.00000000000000,    0.00000038556974,    2.66653816032138,    0.00000000000000,    2.66653816032138,   -1.07566596341223,    0.00000000000000,
   41,    3,    0.50625000000000,    0.03125000000000,    2.67588755070822,    0.00000000000000,    2.67588755070822,    0.00000014409041,   -0.00000000000000,    0.00000038556974,    2.66653816032138,    0.00000000000000,    2.66653816032138,   -1.07566596341223,    0.00000000000000,
   41,    4,    0.50625000000000,    0.04375000000000,    2.67588755070822,    0.00000000000000,    2.67588755070822,    0.00000014409041,   -0.00000000000000,    0.00000038556974,    2.66653816032138,    0.00000000000000,    2.66653816032138,   -1.07566596341223,    0.00000000000000,
   41,    5,    0.50625000000000,    0.05625000000000,    2.67588755070822,    0.00000000000000,    2.67588755070822,    0.00000014409041,   -0.00000000000000,    0.00000038556974,    2.66653816032138,    0.00000000000000,    2.66653816032138,   -1.07566596341223,    0.00000000000000,
   42,    1,    0.51875000000000,    0.00625000000000,    2.67486323398640,    0.00000000000000,    2.67486323398640,    0.00000043169533,   -0.00000000000000,    0.00000115472598,    2.66551040678981,    0.00000000000000,    2.66551040678981,   -3.22409616118800,    0.00000000000000,
   42,    2,    0.51875000000000,    0.01875000000000,    2.67486323398640,    0.00000000000000,    2.67486323398640,    0.00000043169533,   -0.00000000000000,    0.00000115472598,    2.66551040678981,    0.00000000000000,    2.66551040678981,   -3.22409616118800,    0.00000000000000,
   42,    3,    0.51875000000000,    0.03125000000000,    2.67486323398640,    0.00000000000000,    2.67486323398640,    0.00000043169533,   -0.00000000000000,    0.00000115472598,    2.66551040678981,    0.00000000000000,    2.66551040678981,   -3.22409616118800,    0.00000000000000,
   42,    4,    0.51875000000000,    0.04375000000000,    2.67486323398640,    0.00000000000000,    2.67486323398640,    0.00000043169533,   -0.00000000000000,    0.00000115472598,    2.66551040678981,    0.00000000000000,    2.66551040678981,   -3.22409616118800,    0.00000000000000,
   42,    5,    0.51875000000000,    0.05625000000000,    2.67486323398640,    0.00000000000000,    2.67486323398640,    0.00000043169533,   -0.00000000000000,    0.00000115472598,    2.66551040678981,    0.00000000000000,    2.66551040678981,   -3.22409616118800,    0.00000000000000,
   43,    1,    0.53125000000000,    0.00625000000000,    2.67281618816531,    0.00000000000000,    2.67281618816531,    0.00000071757175,   -0.00000000000000,    0.00000191793739,    2.66345648444813,    0.00000000000000,    2.66345648444813,   -5.36383331038392,    0.00000000000000,
   43,    2,    0.53125000000000,    0.01875000000000,    2.67281618816531,    0.00000000000000,    2.67281618816531,    0.00000071757175,   -0.00000000000000,    0.00000191793739,    2.66345648444813,    0.00000000000000,    2.66345648444813,   -5.36383331038392,    0.00000000000000,
   43,    3,    0.53125000000000,    0.03125000000000,    2.67281618816531,    0.00000000000000,    2.67281618816531,    0.00000071757175,   -0.00000000000000,    0.00000191793739,    2.66345648444813,    0.00000000000000,    2.66345648444813,   -5.36383331038392,    0.00000000000000,
   43,    4,    0.53125000000000,    0.04375000000000,    2.67281618816531,    0.00000000000000,    2.67281618816531,    0.00000071757175,   -0.00000000000000,    0.00000191793739,    2.66345648444813,    0.00000000000000,    2.66345648444813,   -5.36383331038392,    0.00000000000000,
   43,    5,    0.53125000000000,    0.05625000000000,    2.67281618816531,    0.00000000000000,    2.67281618816531,    0.00000071757175,   -0.00000000000000,    0.00000191793739,    2.66345648444813,    0.00000000000000,    2.66345648444813,   -5.36383331038392,    0.00000000000000,
   44,    1,    0.54375000000000,    0.00625000000000,    2.66974958603907,    0.00000000000000,    2.66974958603907,    0.00000100056471,   -0.00000000000000,    0.00000267125721,    2.66037956029572,    0.00000000000000,    2.66037956029572,   -7.48912244119802,    0.00000000000000,
   44,    2,    0.54375000000000,    0.01875000000000,    2.66974958603907,    0.00000000000000,    2.66974958603907,    0.00000100056471,   -0.00000000000000,    0.00000267125721,    2.66037956029572,    0.00000000000000,    2.66037956029572,   -7.48912244119802,    0.00000000000000,
   44,    3,    0.54375000000000,    0.03125000000000,    2.66974958603907,    0.00000000000000,    2.66974958603907,    0.00000100056471,   -0.00000000000000,    0.00000267125721,    2.66037956029572,    0.00000000000000,    2.66037956029572,   -7.48912244119802,    0.00000000000000,
   44,    4,    0.54375000000000,    0.04375000000000,    2.66974958603907,    0.00000000000000,    2.66974958603907,    0.00000100056471,   -0.00000000000000,    0.00000267125721,    2.66037956029572,    0.00000000000000,    2.66037956029572,   -7.48912244119802,    0.00000000000000,
   44,    5,    0.54375000000000,    0.05625000000000,    2.66974958603907,    0.00000000000000,    2.66974958603907,    0.00000100056471,   -0.00000000000000,    0.00000267125721,    2.66037956029572,    0.00000000000000,    2.66037956029572,   -7.48912244119802,    0.00000000000000,
   45,    1,    0.55625000000000,    0.00625000000000,    2.66566818067508,    0.00000000000000,    2.66566818067508,    0.00000127951540,   -0.00000000000000,    0.00000341076350,    2.65628437872659,    0.00000000000000,    2.65628437872659,   -9.59426894720387,    0.00000000000000,
   45,    2,    0.55625000000000,    0.01875000000000,    2.66566818067508,    0.00000000000000,    2.66566818067508,    0.00000127951540,   -0.00000000000000,    0.00000341076350,    2.65628437872659,    0.00000000000000,    2.65628437872659,   -9.59426894720387,    0.00000000000000,
   45,    3,    0.55625000000000,    0.03125000000000,    2.66566818067508,    0.00000000000000,    2.66566818067508,    0.00000127951540,   -0.00000000000000,    0.00000341076350,    2.65628437872659,    0.00000000000000,    2.65628437872659,   -9.59426894720387,    0.00000000000000,
   45,    4,    0.55625000000000,    0.04375000000000,    2.66566818067508,    0.00000000000000,    2.66566818067508,    0.00000127951540,   -0.00000000000000,    0.00000341076350,    2.65628437872659,    0.00000000000000,    2.65628437872659,   -9.59426894720387,    0.00000000000000,
   45,    5,    0.55625000000000,    0.05625000000000,    2.66566818067508,    0.00000000000000,    2.66566818067508,    0.00000127951540,   -0.00000000000000,    0.00000341076350,    2.65628437872659,    0.00000000000000,    2.65628437872659,   -9.59426894720387,    0.00000000000000,
   46,    1,    0.56875000000000,    0.00625000000000,    2.66057829807571,    0.00000000000000,    2.66057829807571,    0.00000155325984,   -0.00000000000000,    0.00000413256941,    2.65117725421391,    0.00000000000000,    2.65117725421391,  -11.67366227111084,    0.00000000000000,
   46,    2,    0.56875000000000,    0.01875000000000,    2.66057829807571,    0.00000000000000,    2.66057829807571,    0.00000155325984,   -0.00000000000000,    0.00000413256941,    2.65117725421391,    0.00000000000000,    2.65117725421391,  -11.67366227111084,    0.00000000000000,
   46,    3,    0.56875000000000,    0.03125000000000,    2.66057829807571,    0.00000000000000,    2.66057829807571,    0.00000155325984,   -0.00000000000000,    0.00000413256941,    2.65117725421391,    0.00000000000000,    2.65117725421391,  -11.67366227111084,    0.00000000000000,
   46,    4,    0.56875000000000,    0.04375000000000,    2.66057829807571,    0.00000000000000,    2.66057829807571,    0.00000155325984,   -0.00000000000000,    0.00000413256941,    2.65117725421391,    0.00000000000000,    2.65117725421391,  -11.67366227111084,    0.00000000000000,
   46,    5,    0.56875000000000,    0.05625000000000,    2.66057829807571,    0.00000000000000,    2.66057829807571,    0.00000155325984,   -0.00000000000000,    0.00000413256941,    2.65117725421391,    0.00000000000000,    2.65117725421391,  -11.67366227111084,    0.00000000000000,
   47,    1,    0.58125000000000,    0.00625000000000,    2.65448782741091,    0.00000000000000,    2.65448782741091,    0.00000182062759,   -0.00000000000000,    0.00000483283378,    2.64506606157351,    0.00000000000000,    2.64506606157351,  -13.72179913422156,    0.00000000000000,
   47,    2,    0.58125000000000,    0.01875000000000,    2.65448782741091,    0.00000000000000,    2.65448782741091,    0.00000182062759,   -0.00000000000000,    0.00000483283378,    2.64506606157351,    0.00000000000000,    2.64506606157351,  -13.72179913422156,    0.00000000000000,
   47,    3,    0.58125000000000,    0.03125000000000,    2.65448782741091,    0.00000000000000,    2.65448782741091,    0.00000182062759,   -0.00000000000000,    0.00000483283378,    2.64506606157351,    0.00000000000000,    2.64506606157351,  -13.72179913422156,    0.00000000000000,
   47,    4,    0.58125000000000,    0.04375000000000,    2.65448782741091,    0.00000000000000,    2.65448782741091,    0.00000182062759,   -0.00000000000000,    0.00000483283378,    2.64506606157351,    0.00000000000000,    2.64506606157351,  -13.72179913422156,    0.00000000000000,
   47,    5,    0.58125000000000,    0.05625000000000,    2.65448782741091,    0.00000000000000,    2.65448782741091,    0.00000182062759,   -0.00000000000000,    0.00000483283378,    2.64506606157351,    0.00000000000000,    2.64506606157351,  -13.72179913422156,    0.00000000000000,
   48,    1,    0.59375000000000,    0.00625000000000,    2.64740620883632,    0.00000000000000,    2.64740620883632,    0.00000208044087,   -0.00000000000000,    0.00000550777207,    2.63796022382147,    0.00000000000000,    2.63796022382147,  -15.73330618388782,    0.00000000000000,
   48,    2,    0.59375000000000,    0.01875000000000,    2.64740620883632,    0.00000000000000,    2.64740620883632,    0.00000208044087,   -0.00000000000000,    0.00000550777207,    2.63796022382147,    0.00000000000000,    2.63796022382147,  -15.73330618388782,    0.00000000000000,
   48,    3,    0.59375000000000,    0.03125000000000,    2.64740620883632,    0.00000000000000,    2.64740620883632,    0.00000208044087,   -0.00000000000000,    0.00000550777207,    2.63796022382147,    0.00000000000000,    2.63796022382147,  -15.73330618388782,    0.00000000000000,
   48,    4,    0.59375000000000,    0.04375000000000,    2.64740620883632,    0.00000000000000,    2.64740620883632,    0.00000208044087,   -0.00000000000000,    0.00000550777207,    2.63796022382147,    0.00000000000000,    2.63796022382147,  -15.73330618388782,    0.00000000000000,
   48,    5,    0.59375000000000,    0.05625000000000,    2.64740620883632,    0.00000000000000,    2.64740620883632,    0.00000208044087,   -0.00000000000000,    0.00000550777207,    2.63796022382147,    0.00000000000000,    2.63796022382147,  -15.73330618388782,    0.00000000000000,
   49,    1,    0.60625000000000,    0.00625000000000,    2.63934441891484,    0.00000000000000,    2.63934441891484,    0.00000233151379,   -0.00000000000000,    0.00000615366790,    2.62987069764459,    0.00000000000000,    2.62987069764459,  -17.70296193673224,    0.00000000000000,
   49,    2,    0.60625000000000,    0.01875000000000,    2.63934441891484,    0.00000000000000,    2.63934441891484,    0.00000233151379,   -0.00000000000000,    0.00000615366790,    2.62987069764459,    0.00000000000000,    2.62987069764459,  -17.70296193673224,    0.00000000000000,
   49,    3,    0.60625000000000,    0.03125000000000,    2.63934441891484,    0.00000000000000,    2.63934441891484,    0.00000233151379,   -0.00000000000000,    0.00000615366790,    2.62987069764459,    0.00000000000000,    2.62987069764459,  -17.70296193673224,    0.00000000000000,
   49,    4,    0.60625000000000,    0.04375000000000,    2.63934441891484,    0.00000000000000,    2.63934441891484,    0.00000233151379,   -0.00000000000000,    0.00000615366790,    2.62987069764459,    0.00000000000000,    2.62987069764459,  -17.70296193673224,    0.00000000000000,
   49,    5,    0.60625000000000,    0.05625000000000,    2.63934441891484,    0.00000000000000,    2.63934441891484,    0.00000233151379,   -0.00000000000000,    0.00000615366790,    2.62987069764459,    0.00000000000000,    2.62987069764459,  -17.70296193673224,    0.00000000000000,
   50,    1,    0.61875000000000,    0.00625000000000,    2.63031495366369,    0.00000000000000,    2.63031495366369,    0.00000257265201,   -0.00000000000000,    0.00000676688505,    2.62080995650587,    0.00000000000000,    2.62080995650587,  -19.62571789959485,    0.00000000000000,
   50,    2,    0.61875000000000,    0.01875000000000,    2.63031495366369,    0.00000000000000,    2.63031495366369,    0.00000257265201,   -0.00000000000000,    0.00000676688505,    2.62080995650587,    0.00000000000000,    2.62080995650587,  -19.62571789959485,    0.00000000000000,
   50,    3,    0.61875000000000,    0.03125000000000,    2.63031495366369,    0.00000000000000,    2.63031495366369,    0.00000257265201,   -0.00000000000000,    0.00000676688505,    2.62080995650587,    0.00000000000000,    2.62080995650587,  -19.62571789959485,    0.00000000000000,
   50,    4,    0.61875000000000,    0.04375000000000,    2.63031495366369,    0.00000000000000,    2.63031495366369,    0.00000257265201,   -0.00000000000000,    0.00000676688505,    2.62080995650587,    0.00000000000000,    2.62080995650587,  -19.62571789959485,    0.00000000000000,
   50,    5,    0.61875000000000,    0.05625000000000,    2.63031495366369,    0.00000000000000,    2.63031495366369,    0.00000257265201,   -0.00000000000000,    0.00000676688505,    2.62080995650587,    0.00000000000000,    2.62080995650587,  -19.62571789959485,    0.00000000000000,
   51,    1,    0.63125000000000,    0.00625000000000,    2.62033180925183,    0.00000000000000,    2.62033180925183,    0.00000280265273,   -0.00000000000000,    0.00000734388011,    2.61079197141142,    0.00000000000000,    2.61079197141142,  -21.49671875505853,    0.00000000000000,
   51,    2,    0.63125000000000,    0.01875000000000,    2.62033180925183,    0.00000000000000,    2.62033180925183,    0.00000280265273,   -0.00000000000000,    0.00000734388011,    2.61079197141142,    0.00000000000000,    2.61079197141142,  -21.49671875505853,    0.00000000000000,
   51,    3,    0.63125000000000,    0.03125000000000,    2.62033180925183,    0.00000000000000,    2.62033180925183,    0.00000280265273,   -0.00000000000000,    0.00000734388011,    2.61079197141142,    0.00000000000000,    2.61079197141142,  -21.49671875505853,    0.00000000000000,
   51,    4,    0.63125000000000,    0.04375000000000,    2.62033180925183,    0.00000000000000,    2.62033180925183,    0.00000280265273,   -0.00000000000000,    0.00000734388011,    2.61079197141142,    0.00000000000000,    2.61079197141142,  -21.49671875505853,    0.00000000000000,
   51,    5,    0.63125000000000,    0.05625000000000,    2.62033180925183,    0.00000000000000,    2.62033180925183,    0.00000280265273,   -0.00000000000000,    0.00000734388011,    2.61079197141142,    0.00000000000000,    2.61079197141142,  -21.49671875505853,    0.00000000000000,
   52,    1,    0.64375000000000,    0.00625000000000,    2.60941046037651,    0.00000000000000,    2.60941046037651,    0.00000302030517,   -0.00000000000000,    0.00000788121589,    2.59983218936815,    0.00000000000000,    2.59983218936815,  -23.31132150397124,    0.00000000000000,
   52,    2,    0.64375000000000,    0.01875000000000,    2.60941046037651,    0.00000000000000,    2.60941046037651,    0.00000302030517,   -0.00000000000000,    0.00000788121589,    2.59983218936815,    0.00000000000000,    2.59983218936815,  -23.31132150397124,    0.00000000000000,
   52,    3,    0.64375000000000,    0.03125000000000,    2.60941046037651,    0.00000000000000,    2.60941046037651,    0.00000302030517,   -0.00000000000000,    0.00000788121589,    2.59983218936815,    0.00000000000000,    2.59983218936815,  -23.31132150397124,    0.00000000000000,
   52,    4,    0.64375000000000,    0.04375000000000,    2.60941046037651,    0.00000000000000,    2.60941046037651,    0.00000302030517,   -0.00000000000000,    0.00000788121589,    2.59983218936815,    0.00000000000000,    2.59983218936815,  -23.31132150397124,    0.00000000000000,
   52,    5,    0.64375000000000,    0.05625000000000,    2.60941046037651,    0.00000000000000,    2.60941046037651,    0.00000302030517,   -0.00000000000000,    0.00000788121589,    2.59983218936815,    0.00000000000000,    2.59983218936815,  -23.31132150397124,    0.00000000000000,
   53,    1,    0.65625000000000,    0.00625000000000,    2.59756783635121,    0.00000000000000,    2.59756783635121,    0.00000322439145,   -0.00000000000000,    0.00000837557552,    2.58794750956557,    0.00000000000000,    2.58794750956557,  -25.06511346358601,    0.00000000000000,
   53,    2,    0.65625000000000,    0.01875000000000,    2.59756783635121,    0.00000000000000,    2.59756783635121,    0.00000322439145,   -0.00000000000000,    0.00000837557552,    2.58794750956557,    0.00000000000000,    2.58794750956557,  -25.06511346358601,    0.00000000000000,
   53,    3,    0.65625000000000,    0.03125000000000,    2.59756783635121,    0.00000000000000,    2.59756783635121,    0.00000322439145,   -0.00000000000000,    0.00000837557552,    2.58794750956557,    0.00000000000000,    2.58794750956557,  -25.06511346358601,    0.00000000000000,
   53,    4,    0.65625000000000,    0.04375000000000,    2.59756783635121,    0.00000000000000,    2.59756783635121,    0.00000322439145,   -0.00000000000000,    0.00000837557552,    2.58794750956557,    0.00000000000000,    2.58794750956557,  -25.06511346358601,    0.00000000000000,
   53,    5,    0.65625000000000,    0.05625000000000,    2.59756783635121,    0.00000000000000,    2.59756783635121,    0.00000322439145,   -0.00000000000000,    0.00000837557552,    2.58794750956557,    0.00000000000000,    2.58794750956557,  -25.06511346358601,    0.00000000000000,
   54,    1,    0.66875000000000,    0.00625000000000,    2.58482229494012,    0.00000000000000,    2.58482229494012,    0.00000341368817,   -0.00000000000000,    0.00000882377730,    2.57515625731853,    0.00000000000000,    2.57515625731853,  -26.75392902674082,    0.00000000000000,
   54,    2,    0.66875000000000,    0.01875000000000,    2.58482229494012,    0.00000000000000,    2.58482229494012,    0.00000341368817,   -0.00000000000000,    0.00000882377730,    2.57515625731853,    0.00000000000000,    2.57515625731853,  -26.75392902674082,    0.00000000000000,
   54,    3,    0.66875000000000,    0.03125000000000,    2.58482229494012,    0.00000000000000,    2.58482229494012,    0.00000341368817,   -0.00000000000000,    0.00000882377730,    2.57515625731853,    0.00000000000000,    2.57515625731853,  -26.75392902674082,    0.00000000000000,
   54,    4,    0.66875000000000,    0.04375000000000,    2.58482229494012,    0.00000000000000,    2.58482229494012,    0.00000341368817,   -0.00000000000000,    0.00000882377730,    2.57515625731853,    0.00000000000000,    2.57515625731853,  -26.75392902674082,    0.00000000000000,
   54,    5,    0.66875000000000,    0.05625000000000,    2.58482229494012,    0.00000000000000,    2.58482229494012,    0.00000341368817,   -0.00000000000000,    0.00000882377730,    2.57515625731853,    0.00000000000000,    2.57515625731853,  -26.75392902674082,    0.00000000000000,
   55,    1,    0.68125000000000,    0.00625000000000,    2.57119359397811,    0.00000000000000,    2.57119359397811,    0.00000358696851,   -0.00000000000000,    0.00000922279046,    2.56147815581086,    0.00000000000000,    2.56147815581086,  -28.37386509486014,    0.00000000000000,
   55,    2,    0.68125000000000,    0.01875000000000,    2.57119359397811,    0.00000000000000,    2.57119359397811,    0.00000358696851,   -0.00000000000000,    0.00000922279046,    2.56147815581086,    0.00000000000000,    2.56147815581086,  -28.37386509486014,    0.00000000000000,
   55,    3,    0.68125000000000,    0.03125000000000,    2.57119359397811,    0.00000000000000,    2.57119359397811,    0.00000358696851,   -0.00000000000000,    0.00000922279046,    2.56147815581086,    0.00000000000000,    2.56147815581086,  -28.37386509486014,    0.00000000000000,
   55,    4,    0.68125000000000,    0.04375000000000,    2.57119359397811,    0.00000000000000,    2.57119359397811,    0.00000358696851,   -0.00000000000000,    0.00000922279046,    2.56147815581086,    0.00000000000000,    2.56147815581086,  -28.37386509486014,    0.00000000000000,
   55,    5,    0.68125000000000,    0.05625000000000,    2.57119359397811,    0.00000000000000,    2.57119359397811,    0.00000358696851,   -0.00000000000000,    0.00000922279046,    2.56147815581086,    0.00000000000000,    2.56147815581086,  -28.37386509486014,    0.00000000000000,
   56,    1,    0.69375000000000,    0.00625000000000,    2.55670286081806,    0.00000000000000,    2.55670286081806,    0.00000374300501,   -0.00000000000000,    0.00000956975161,    2.54693429568368,    0.00000000000000,    2.54693429568368,  -29.92129510543250,    0.00000000000000,
   56,    2,    0.69375000000000,    0.01875000000000,    2.55670286081806,    0.00000000000000,    2.55670286081806,    0.00000374300501,   -0.00000000000000,    0.00000956975161,    2.54693429568368,    0.00000000000000,    2.54693429568368,  -29.92129510543250,    0.00000000000000,
   56,    3,    0.69375000000000,    0.03125000000000,    2.55670286081806,    0.00000000000000,    2.55670286081806,    0.00000374300501,   -0.00000000000000,    0.00000956975161,    2.54693429568368,    0.00000000000000,    2.54693429568368,  -29.92129510543250,    0.00000000000000,
   56,    4,    0.69375000000000,    0.04375000000000,    2.55670286081806,    0.00000000000000,    2.55670286081806,    0.00000374300501,   -0.00000000000000,    0.00000956975161,    2.54693429568368,    0.00000000000000,    2.54693429568368,  -29.92129510543250,    0.00000000000000,
   56,    5,    0.69375000000000,    0.05625000000000,    2.55670286081806,    0.00000000000000,    2.55670286081806,    0.00000374300501,   -0.00000000000000,    0.00000956975161,    2.54693429568368,    0.00000000000000,    2.54693429568368,  -29.92129510543250,    0.00000000000000,
   57,    1,    0.70625000000000,    0.00625000000000,    2.54137255965077,    0.00000000000000,    2.54137255965077,    0.00000388057316,   -0.00000000000000,    0.00000986198214,    2.53154710251514,    0.00000000000000,    2.53154710251514,  -31.39288158295527,    0.00000000000000,
   57,    2,    0.70625000000000,    0.01875000000000,    2.54137255965077,    0.00000000000000,    2.54137255965077,    0.00000388057316,   -0.00000000000000,    0.00000986198214,    2.53154710251514,    0.00000000000000,    2.53154710251514,  -31.39288158295527,    0.00000000000000,
   57,    3,    0.70625000000000,    0.03125000000000,    2.54137255965077,    0.00000000000000,    2.54137255965077,    0.00000388057316,   -0.00000000000000,    0.00000986198214,    2.53154710251514,    0.00000000000000,    2.53154710251514,  -31.39288158295527,    0.00000000000000,
   57,    4,    0.70625000000000,    0.04375000000000,    2.54137255965077,    0.00000000000000,    2.54137255965077,    0.00000388057316,   -0.00000000000000,    0.00000986198214,    2.53154710251514,    0.00000000000000,    2.53154710251514,  -31.39288158295527,    0.00000000000000,
   57,    5,    0.70625000000000,    0.05625000000000,    2.54137255965077,    0.00000000000000,    2.54137255965077,    0.00000388057316,   -0.00000000000000,    0.00000986198214,    2.53154710251514,    0.00000000000000,    2.53154710251514,  -31.39288158295527,    0.00000000000000,
   58,    1,    0.71875000000000,    0.00625000000000,    2.52522645674530,    0.00000000000000,    2.52522645674530,    0.00000399845575,   -0.00000000000000,    0.00001009700624,    2.51534030224182,    0.00000000000000,    2.51534030224182,  -32.78558715108923,    0.00000000000000,
   58,    2,    0.71875000000000,    0.01875000000000,    2.52522645674530,    0.00000000000000,    2.52522645674530,    0.00000399845575,   -0.00000000000000,    0.00001009700624,    2.51534030224182,    0.00000000000000,    2.51534030224182,  -32.78558715108923,    0.00000000000000,
   58,    3,    0.71875000000000,    0.03125000000000,    2.52522645674530,    0.00000000000000,    2.52522645674530,    0.00000399845575,   -0.00000000000000,    0.00001009700624,    2.51534030224182,    0.00000000000000,    2.51534030224182,  -32.78558715108923,    0.00000000000000,
   58,    4,    0.71875000000000,    0.04375000000000,    2.52522645674530,    0.00000000000000,    2.52522645674530,    0.00000399845575,   -0.00000000000000,    0.00001009700624,    2.51534030224182,    0.00000000000000,    2.51534030224182,  -32.78558715108923,    0.00000000000000,
   58,    5,    0.71875000000000,    0.05625000000000,    2.52522645674530,    0.00000000000000,    2.52522645674530,    0.00000399845575,   -0.00000000000000,    0.00001009700624,    2.51534030224182,    0.00000000000000,    2.51534030224182,  -32.78558715108923,    0.00000000000000,
   59,    1,    0.73125000000000,    0.00625000000000,    2.50828958366142,    0.00000000000000,    2.50828958366142,    0.00000409544808,   -0.00000000000000,    0.00001027256975,    2.49833888457506,    0.00000000000000,    2.49833888457506,  -34.09668395287711,    0.00000000000000,
   59,    2,    0.73125000000000,    0.01875000000000,    2.50828958366142,    0.00000000000000,    2.50828958366142,    0.00000409544808,   -0.00000000000000,    0.00001027256975,    2.49833888457506,    0.00000000000000,    2.49833888457506,  -34.09668395287711,    0.00000000000000,
   59,    3,    0.73125000000000,    0.03125000000000,    2.50828958366142,    0.00000000000000,    2.50828958366142,    0.00000409544808,   -0.00000000000000,    0.00001027256975,    2.49833888457506,    0.00000000000000,    2.49833888457506,  -34.09668395287711,    0.00000000000000,
   59,    4,    0.73125000000000,    0.04375000000000,    2.50828958366142,    0.00000000000000,    2.50828958366142,    0.00000409544808,   -0.00000000000000,    0.00001027256975,    2.49833888457506,    0.00000000000000,    2.49833888457506,  -34.09668395287711,    0.00000000000000,
   59,    5,    0.73125000000000,    0.05625000000000,    2.50828958366142,    0.00000000000000,    2.50828958366142,    0.00000409544808,   -0.00000000000000,    0.00001027256975,    2.49833888457506,    0.00000000000000,    2.49833888457506,  -34.09668395287711,    0.00000000000000,
   60,    1,    0.74375000000000,    0.00625000000000,    2.49058819848773,    0.00000000000000,    2.49058819848773,    0.00000417036412,   -0.00000000000000,    0.00001038665966,    2.48056906446861,    0.00000000000000,    2.48056906446861,  -35.32376143529669,    0.00000000000000,
   60,    2,    0.74375000000000,    0.01875000000000,    2.49058819848773,    0.00000000000000,    2.49058819848773,    0.00000417036412,   -0.00000000000000,    0.00001038665966,    2.48056906446861,    0.00000000000000,    2.48056906446861,  -35.32376143529669,    0.00000000000000,
   60,    3,    0.74375000000000,    0.03125000000000,    2.49058819848773,    0.00000000000000,    2.49058819848773,    0.00000417036412,   -0.00000000000000,    0.00001038665966,    2.48056906446861,    0.00000000000000,    2.48056906446861,  -35.32376143529669,    0.00000000000000,
   60,    4,    0.74375000000000,    0.04375000000000,    2.49058819848773,    0.00000000000000,    2.49058819848773,    0.00000417036412,   -0.00000000000000,    0.00001038665966,    2.48056906446861,    0.00000000000000,    2.48056906446861,  -35.32376143529669,    0.00000000000000,
   60,    5,    0.74375000000000,    0.05625000000000,    2.49058819848773,    0.00000000000000,    2.49058819848773,    0.00000417036412,   -0.00000000000000,    0.00001038665966,    2.48056906446861,    0.00000000000000,    2.48056906446861,  -35.32376143529669,    0.00000000000000,
   61,    1,    0.75625000000000,    0.00625000000000,    2.47214974516255,    0.00000000000000,    2.47214974516255,    0.00000422204360,   -0.00000000000000,    0.00001043752402,    2.46205824169709,    0.00000000000000,    2.46205824169709,  -36.46473246408360,    0.00000000000000,
   61,    2,    0.75625000000000,    0.01875000000000,    2.47214974516255,    0.00000000000000,    2.47214974516255,    0.00000422204360,   -0.00000000000000,    0.00001043752402,    2.46205824169709,    0.00000000000000,    2.46205824169709,  -36.46473246408360,    0.00000000000000,
   61,    3,    0.75625000000000,    0.03125000000000,    2.47214974516255,    0.00000000000000,    2.47214974516255,    0.00000422204360,   -0.00000000000000,    0.00001043752402,    2.46205824169709,    0.00000000000000,    2.46205824169709,  -36.46473246408360,    0.00000000000000,
   61,    4,    0.75625000000000,    0.04375000000000,    2.47214974516255,    0.00000000000000,    2.47214974516255,    0.00000422204360,   -0.00000000000000,    0.00001043752402,    2.46205824169709,    0.00000000000000,    2.46205824169709,  -36.46473246408360,    0.00000000000000,
   61,    5,    0.75625000000000,    0.05625000000000,    2.47214974516255,    0.00000000000000,    2.47214974516255,    0.00000422204360,   -0.00000000000000,    0.00001043752402,    2.46205824169709,    0.00000000000000,    2.46205824169709,  -36.46473246408360,    0.00000000000000,
   62,    1,    0.76875000000000,    0.00625000000000,    2.45300281093713,    0.00000000000000,    2.45300281093713,    0.00000424936015,   -0.00000000000000,    0.00001042369239,    2.44283495860752,    0.00000000000000,    2.44283495860752,  -37.51783774461066,    0.00000000000000,
   62,    2,    0.76875000000000,    0.01875000000000,    2.45300281093713,    0.00000000000000,    2.45300281093713,    0.00000424936015,   -0.00000000000000,    0.00001042369239,    2.44283495860752,    0.00000000000000,    2.44283495860752,  -37.51783774461066,    0.00000000000000,
   62,    3,    0.76875000000000,    0.03125000000000,    2.45300281093713,    0.00000000000000,    2.45300281093713,    0.00000424936015,   -0.00000000000000,    0.00001042369239,    2.44283495860752,    0.00000000000000,    2.44283495860752,  -37.51783774461066,    0.00000000000000,
   62,    4,    0.76875000000000,    0.04375000000000,    2.45300281093713,    0.00000000000000,    2.45300281093713,    0.00000424936015,   -0.00000000000000,    0.00001042369239,    2.44283495860752,    0.00000000000000,    2.44283495860752,  -37.51783774461066,    0.00000000000000,
   62,    5,    0.76875000000000,    0.05625000000000,    2.45300281093713,    0.00000000000000,    2.45300281093713,    0.00000424936015,   -0.00000000000000,    0.00001042369239,    2.44283495860752,    0.00000000000000,    2.44283495860752,  -37.51783774461066,    0.00000000000000,
   63,    1,    0.78125000000000,    0.00625000000000,    2.43317708204329,    0.00000000000000,    2.43317708204329,    0.00000425123042,   -0.00000000000000,    0.00001034399642,    2.42292885610910,    0.00000000000000,    2.42292885610910,  -38.48164853459275,    0.00000000000000,
   63,    2,    0.78125000000000,    0.01875000000000,    2.43317708204329,    0.00000000000000,    2.43317708204329,    0.00000425123042,   -0.00000000000000,    0.00001034399642,    2.42292885610910,    0.00000000000000,    2.42292885610910,  -38.48164853459275,    0.00000000000000,
   63,    3,    0.78125000000000,    0.03125000000000,    2.43317708204329,    0.00000000000000,    2.43317708204329,    0.00000425123042,   -0.00000000000000,    0.00001034399642,    2.42292885610910,    0.00000000000000,    2.42292885610910,  -38.48164853459275,    0.00000000000000,
   63,    4,    0.78125000000000,    0.04375000000000,    2.43317708204329,    0.00000000000000,    2.43317708204329,    0.00000425123042,   -0.00000000000000,    0.00001034399642,    2.42292885610910,    0.00000000000000,    2.42292885610910,  -38.48164853459275,    0.00000000000000,
   63,    5,    0.78125000000000,    0.05625000000000,    2.43317708204329,    0.00000000000000,    2.43317708204329,    0.00000425123042,   -0.00000000000000,    0.00001034399642,    2.42292885610910,    0.00000000000000,    2.42292885610910,  -38.48164853459275,    0.00000000000000,
   64,    1,    0.79375000000000,    0.00625000000000,    2.41270329763027,    0.00000000000000,    2.41270329763027,    0.00000422662434,   -0.00000000000000,    0.00001019759047,    2.40237062796905,    0.00000000000000,    2.40237062796905,  -39.35506764443415,    0.00000000000000,
   64,    2,    0.79375000000000,    0.01875000000000,    2.41270329763027,    0.00000000000000,    2.41270329763027,    0.00000422662434,   -0.00000000000000,    0.00001019759047,    2.40237062796905,    0.00000000000000,    2.40237062796905,  -39.35506764443415,    0.00000000000000,
   64,    3,    0.79375000000000,    0.03125000000000,    2.41270329763027,    0.00000000000000,    2.41270329763027,    0.00000422662434,   -0.00000000000000,    0.00001019759047,    2.40237062796905,    0.00000000000000,    2.40237062796905,  -39.35506764443415,    0.00000000000000,
   64,    4,    0.79375000000000,    0.04375000000000,    2.41270329763027,    0.00000000000000,    2.41270329763027,    0.00000422662434,   -0.00000000000000,    0.00001019759047,    2.40237062796905,    0.00000000000000,    2.40237062796905,  -39.35506764443415,    0.00000000000000,
   64,    5,    0.79375000000000,    0.05625000000000,    2.41270329763027,    0.00000000000000,    2.41270329763027,    0.00000422662434,   -0.00000000000000,    0.00001019759047,    2.40237062796905,    0.00000000000000,    2.40237062796905,  -39.35506764443415,    0.00000000000000,
   65,    1,    0.80625000000000,    0.00625000000000,    2.39161320203774,    0.00000000000000,    2.39161320203774,    0.00000417457640,   -0.00000000000000,    0.00000998397203,    2.38119197348508,    0.00000000000000,    2.38119197348508,  -40.13732873109070,    0.00000000000000,
   65,    2,    0.80625000000000,    0.01875000000000,    2.39161320203774,    0.00000000000000,    2.39161320203774,    0.00000417457640,   -0.00000000000000,    0.00000998397203,    2.38119197348508,    0.00000000000000,    2.38119197348508,  -40.13732873109070,    0.00000000000000,
   65,    3,    0.80625000000000,    0.03125000000000,    2.39161320203774,    0.00000000000000,    2.39161320203774,    0.00000417457640,   -0.00000000000000,    0.00000998397203,    2.38119197348508,    0.00000000000000,    2.38119197348508,  -40.13732873109070,    0.00000000000000,
   65,    4,    0.80625000000000,    0.04375000000000,    2.39161320203774,    0.00000000000000,    2.39161320203774,    0.00000417457640,   -0.00000000000000,    0.00000998397203,    2.38119197348508,    0.00000000000000,    2.38119197348508,  -40.13732873109070,    0.00000000000000,
   65,    5,    0.80625000000000,    0.05625000000000,    2.39161320203774,    0.00000000000000,    2.39161320203774,    0.00000417457640,   -0.00000000000000,    0.00000998397203,    2.38119197348508,    0.00000000000000,    2.38119197348508,  -40.13732873109070,    0.00000000000000,
   66,    1,    0.81875000000000,    0.00625000000000,    2.36993949547460,    0.00000000000000,    2.36993949547460,    0.00000409419800,   -0.00000000000000,    0.00000970300155,    2.35942554860733,    0.00000000000000,    2.35942554860733,  -40.82799390131979,    0.00000000000000,
   66,    2,    0.81875000000000,    0.01875000000000,    2.36993949547460,    0.00000000000000,    2.36993949547460,    0.00000409419800,   -0.00000000000000,    0.00000970300155,    2.35942554860733,    0.00000000000000,    2.35942554860733,  -40.82799390131979,    0.00000000000000,
   66,    3,    0.81875000000000,    0.03125000000000,    2.36993949547460,    0.00000000000000,    2.36993949547460,    0.00000409419800,   -0.00000000000000,    0.00000970300155,    2.35942554860733,    0.00000000000000,    2.35942554860733,  -40.82799390131979,    0.00000000000000,
   66,    4,    0.81875000000000,    0.04375000000000,    2.36993949547460,    0.00000000000000,    2.36993949547460,    0.00000409419800,   -0.00000000000000,    0.00000970300155,    2.35942554860733,    0.00000000000000,    2.35942554860733,  -40.82799390131979,    0.00000000000000,
   66,    5,    0.81875000000000,    0.05625000000000,    2.36993949547460,    0.00000000000000,    2.36993949547460,    0.00000409419800,   -0.00000000000000,    0.00000970300155,    2.35942554860733,    0.00000000000000,    2.35942554860733,  -40.82799390131979,    0.00000000000000,
   67,    1,    0.83125000000000,    0.00625000000000,    2.34771578317505,    0.00000000000000,    2.34771578317505,    0.00000398469083,   -0.00000000000000,    0.00000935492156,    2.33710491558532,    0.00000000000000,    2.33710491558532,  -41.42694965007562,    0.00000000000000,
   67,    2,    0.83125000000000,    0.01875000000000,    2.34771578317505,    0.00000000000000,    2.34771578317505,    0.00000398469083,   -0.00000000000000,    0.00000935492156,    2.33710491558532,    0.00000000000000,    2.33710491558532,  -41.42694965007562,    0.00000000000000,
   67,    3,    0.83125000000000,    0.03125000000000,    2.34771578317505,    0.00000000000000,    2.34771578317505,    0.00000398469083,   -0.00000000000000,    0.00000935492156,    2.33710491558532,    0.00000000000000,    2.33710491558532,  -41.42694965007562,    0.00000000000000,
   67,    4,    0.83125000000000,    0.04375000000000,    2.34771578317505,    0.00000000000000,    2.34771578317505,    0.00000398469083,   -0.00000000000000,    0.00000935492156,    2.33710491558532,    0.00000000000000,    2.33710491558532,  -41.42694965007562,    0.00000000000000,
   67,    5,    0.83125000000000,    0.05625000000000,    2.34771578317505,    0.00000000000000,    2.34771578317505,    0.00000398469083,   -0.00000000000000,    0.00000935492156,    2.33710491558532,    0.00000000000000,    2.33710491558532,  -41.42694965007562,    0.00000000000000,
   68,    1,    0.84375000000000,    0.00625000000000,    2.32497652310585,    0.00000000000000,    2.32497652310585,    0.00000384536119,   -0.00000000000000,    0.00000894037450,    2.31426449121733,    0.00000000000000,    2.31426449121733,  -41.93440116951653,    0.00000000000000,
   68,    2,    0.84375000000000,    0.01875000000000,    2.32497652310585,    0.00000000000000,    2.32497652310585,    0.00000384536119,   -0.00000000000000,    0.00000894037450,    2.31426449121733,    0.00000000000000,    2.31426449121733,  -41.93440116951653,    0.00000000000000,
   68,    3,    0.84375000000000,    0.03125000000000,    2.32497652310585,    0.00000000000000,    2.32497652310585,    0.00000384536119,   -0.00000000000000,    0.00000894037450,    2.31426449121733,    0.00000000000000,    2.31426449121733,  -41.93440116951653,    0.00000000000000,
   68,    4,    0.84375000000000,    0.04375000000000,    2.32497652310585,    0.00000000000000,    2.32497652310585,    0.00000384536119,   -0.00000000000000,    0.00000894037450,    2.31426449121733,    0.00000000000000,    2.31426449121733,  -41.93440116951653,    0.00000000000000,
   68,    5,    0.84375000000000,    0.05625000000000,    2.32497652310585,    0.00000000000000,    2.32497652310585,    0.00000384536119,   -0.00000000000000,    0.00000894037450,    2.31426449121733,    0.00000000000000,    2.31426449121733,  -41.93440116951653,    0.00000000000000,
   69,    1,    0.85625000000000,    0.00625000000000,    2.30175697230050,    0.00000000000000,    2.30175697230050,    0.00000367563528,    0.00000000000000,    0.00000846041912,    2.29093949378223,    0.00000000000000,    2.29093949378223,  -42.35086507356528,    0.00000000000000,
   69,    2,    0.85625000000000,    0.01875000000000,    2.30175697230050,    0.00000000000000,    2.30175697230050,    0.00000367563528,    0.00000000000000,    0.00000846041912,    2.29093949378223,    0.00000000000000,    2.29093949378223,  -42.35086507356528,    0.00000000000000,
   69,    3,    0.85625000000000,    0.03125000000000,    2.30175697230050,    0.00000000000000,    2.30175697230050,    0.00000367563528,    0.00000000000000,    0.00000846041912,    2.29093949378223,    0.00000000000000,    2.29093949378223,  -42.35086507356528,    0.00000000000000,
   69,    4,    0.85625000000000,    0.04375000000000,    2.30175697230050,    0.00000000000000,    2.30175697230050,    0.00000367563528,    0.00000000000000,    0.00000846041912,    2.29093949378223,    0.00000000000000,    2.29093949378223,  -42.35086507356528,    0.00000000000000,
   69,    5,    0.85625000000000,    0.05625000000000,    2.30175697230050,    0.00000000000000,    2.30175697230050,    0.00000367563528,    0.00000000000000,    0.00000846041912,    2.29093949378223,    0.00000000000000,    2.29093949378223,  -42.35086507356528,    0.00000000000000,
   70,    1,    0.86875000000000,    0.00625000000000,    2.27809313189841,    0.00000000000000,    2.27809313189841,    0.00000347507514,    0.00000000000000,    0.00000791654480,    2.26716588873543,    0.00000000000000,    2.26716588873543,  -42.67716059214545,    0.00000000000000,
   70,    2,    0.86875000000000,    0.01875000000000,    2.27809313189841,    0.00000000000000,    2.27809313189841,    0.00000347507514,    0.00000000000000,    0.00000791654480,    2.26716588873543,    0.00000000000000,    2.26716588873543,  -42.67716059214545,    0.00000000000000,
   70,    3,    0.86875000000000,    0.03125000000000,    2.27809313189841,    0.00000000000000,    2.27809313189841,    0.00000347507514,    0.00000000000000,    0.00000791654480,    2.26716588873543,    0.00000000000000,    2.26716588873543,  -42.67716059214545,    0.00000000000000,
   70,    4,    0.86875000000000,    0.04375000000000,    2.27809313189841,    0.00000000000000,    2.27809313189841,    0.00000347507514,    0.00000000000000,    0.00000791654480,    2.26716588873543,    0.00000000000000,    2.26716588873543,  -42.67716059214545,    0.00000000000000,
   70,    5,    0.86875000000000,    0.05625000000000,    2.27809313189841,    0.00000000000000,    2.27809313189841,    0.00000347507514,    0.00000000000000,    0.00000791654480,    2.26716588873543,    0.00000000000000,    2.26716588873543,  -42.67716059214545,    0.00000000000000,
   71,    1,    0.88125000000000,    0.00625000000000,    2.25402169096842,    0.00000000000000,    2.25402169096842,    0.00000324339539,    0.00000000000000,    0.00000731068356,    2.24298033325277,    0.00000000000000,    2.24298033325277,  -42.91439929805090,    0.00000000000000,
   71,    2,    0.88125000000000,    0.01875000000000,    2.25402169096842,    0.00000000000000,    2.25402169096842,    0.00000324339539,    0.00000000000000,    0.00000731068356,    2.24298033325277,    0.00000000000000,    2.24298033325277,  -42.91439929805090,    0.00000000000000,
   71,    3,    0.88125000000000,    0.03125000000000,    2.25402169096842,    0.00000000000000,    2.25402169096842,    0.00000324339539,    0.00000000000000,    0.00000731068356,    2.24298033325277,    0.00000000000000,    2.24298033325277,  -42.91439929805090,    0.00000000000000,
   71,    4,    0.88125000000000,    0.04375000000000,    2.25402169096842,    0.00000000000000,    2.25402169096842,    0.00000324339539,    0.00000000000000,    0.00000731068356,    2.24298033325277,    0.00000000000000,    2.24298033325277,  -42.91439929805090,    0.00000000000000,
   71,    5,    0.88125000000000,    0.05625000000000,    2.25402169096842,    0.00000000000000,    2.25402169096842,    0.00000324339539,    0.00000000000000,    0.00000731068356,    2.24298033325277,    0.00000000000000,    2.24298033325277,  -42.91439929805090,    0.00000000000000,
   72,    1,    0.89375000000000,    0.00625000000000,    2.22957996919868,    0.00000000000000,    2.22957996919868,    0.00000298048028,   -0.00000000000000,    0.00000664521913,    2.21842011970780,    0.00000000000000,    2.21842011970780,  -43.06397343783831,    0.00000000000000,
   72,    2,    0.89375000000000,    0.01875000000000,    2.22957996919868,    0.00000000000000,    2.22957996919868,    0.00000298048028,   -0.00000000000000,    0.00000664521913,    2.21842011970780,    0.00000000000000,    2.21842011970780,  -43.06397343783831,    0.00000000000000,
   72,    3,    0.89375000000000,    0.03125000000000,    2.22957996919868,    0.00000000000000,    2.22957996919868,    0.00000298048028,   -0.00000000000000,    0.00000664521913,    2.21842011970780,    0.00000000000000,    2.21842011970780,  -43.06397343783831,    0.00000000000000,
   72,    4,    0.89375000000000,    0.04375000000000,    2.22957996919868,    0.00000000000000,    2.22957996919868,    0.00000298048028,   -0.00000000000000,    0.00000664521913,    2.21842011970780,    0.00000000000000,    2.21842011970780,  -43.06397343783831,    0.00000000000000,
   72,    5,    0.89375000000000,    0.05625000000000,    2.22957996919868,    0.00000000000000,    2.22957996919868,    0.00000298048028,   -0.00000000000000,    0.00000664521913,    2.21842011970780,    0.00000000000000,    2.21842011970780,  -43.06397343783831,    0.00000000000000,
   73,    1,    0.90625000000000,    0.00625000000000,    2.20480585853609,    0.00000000000000,    2.20480585853609,    0.00000268640110,    0.00000000000000,    0.00000592299288,    2.19352311816964,    0.00000000000000,    2.19352311816964,  -43.12754294611198,    0.00000000000000,
   73,    2,    0.90625000000000,    0.01875000000000,    2.20480585853609,    0.00000000000000,    2.20480585853609,    0.00000268640110,    0.00000000000000,    0.00000592299288,    2.19352311816964,    0.00000000000000,    2.19352311816964,  -43.12754294611198,    0.00000000000000,
   73,    3,    0.90625000000000,    0.03125000000000,    2.20480585853609,    0.00000000000000,    2.20480585853609,    0.00000268640110,    0.00000000000000,    0.00000592299288,    2.19352311816964,    0.00000000000000,    2.19352311816964,  -43.12754294611198,    0.00000000000000,
   73,    4,    0.90625000000000,    0.04375000000000,    2.20480585853609,    0.00000000000000,    2.20480585853609,    0.00000268640110,    0.00000000000000,    0.00000592299288,    2.19352311816964,    0.00000000000000,    2.19352311816964,  -43.12754294611198,    0.00000000000000,
   73,    5,    0.90625000000000,    0.05625000000000,    2.20480585853609,    0.00000000000000,    2.20480585853609,    0.00000268640110,    0.00000000000000,    0.00000592299288,    2.19352311816964,    0.00000000000000,    2.19352311816964,  -43.12754294611198,    0.00000000000000,
   74,    1,    0.91875000000000,    0.00625000000000,    2.17973776386055,    0.00000000000000,    2.17973776386055,    0.00000236143350,    0.00000000000000,    0.00000514730578,    2.16832771801011,    0.00000000000000,    2.16832771801011,  -43.10702123005034,    0.00000000000000,
   74,    2,    0.91875000000000,    0.01875000000000,    2.17973776386055,    0.00000000000000,    2.17973776386055,    0.00000236143350,    0.00000000000000,    0.00000514730578,    2.16832771801011,    0.00000000000000,    2.16832771801011,  -43.10702123005034,    0.00000000000000,
   74,    3,    0.91875000000000,    0.03125000000000,    2.17973776386055,    0.00000000000000,    2.17973776386055,    0.00000236143350,    0.00000000000000,    0.00000514730578,    2.16832771801011,    0.00000000000000,    2.16832771801011,  -43.10702123005034,    0.00000000000000,
   74,    4,    0.91875000000000,    0.04375000000000,    2.17973776386055,    0.00000000000000,    2.17973776386055,    0.00000236143350,    0.00000000000000,    0.00000514730578,    2.16832771801011,    0.00000000000000,    2.16832771801011,  -43.10702123005034,    0.00000000000000,
   74,    5,    0.91875000000000,    0.05625000000000,    2.17973776386055,    0.00000000000000,    2.17973776386055,    0.00000236143350,    0.00000000000000,    0.00000514730578,    2.16832771801011,    0.00000000000000,    2.16832771801011,  -43.10702123005034,    0.00000000000000,
   75,    1,    0.93125000000000,    0.00625000000000,    2.15441454278111,    0.00000000000000,    2.15441454278111,    0.00000200607464,    0.00000000000000,    0.00000432191638,    2.14287276871003,    0.00000000000000,    2.14287276871003,  -43.00455981795587,    0.00000000000000,
   75,    2,    0.93125000000000,    0.01875000000000,    2.15441454278111,    0.00000000000000,    2.15441454278111,    0.00000200607464,    0.00000000000000,    0.00000432191638,    2.14287276871003,    0.00000000000000,    2.14287276871003,  -43.00455981795587,    0.00000000000000,
   75,    3,    0.93125000000000,    0.03125000000000,    2.15441454278111,    0.00000000000000,    2.15441454278111,    0.00000200607464,    0.00000000000000,    0.00000432191638,    2.14287276871003,    0.00000000000000,    2.14287276871003,  -43.00455981795587,    0.00000000000000,
   75,    4,    0.93125000000000,    0.04375000000000,    2.15441454278111,    0.00000000000000,    2.15441454278111,    0.00000200607464,    0.00000000000000,    0.00000432191638,    2.14287276871003,    0.00000000000000,    2.14287276871003,  -43.00455981795587,    0.00000000000000,
   75,    5,    0.93125000000000,    0.05625000000000,    2.15441454278111,    0.00000000000000,    2.15441454278111,    0.00000200607464,    0.00000000000000,    0.00000432191638,    2.14287276871003,    0.00000000000000,    2.14287276871003,  -43.00455981795587,    0.00000000000000,
   76,    1,    0.94375000000000,    0.00625000000000,    2.12887544464270,    0.00000000000000,    2.12887544464270,    0.00000162105964,    0.00000000000000,    0.00000345103405,    2.11719751995624,    0.00000000000000,    2.11719751995624,  -42.82253197195666,    0.00000000000000,
   76,    2,    0.94375000000000,    0.01875000000000,    2.12887544464270,    0.00000000000000,    2.12887544464270,    0.00000162105964,    0.00000000000000,    0.00000345103405,    2.11719751995624,    0.00000000000000,    2.11719751995624,  -42.82253197195666,    0.00000000000000,
   76,    3,    0.94375000000000,    0.03125000000000,    2.12887544464270,    0.00000000000000,    2.12887544464270,    0.00000162105964,    0.00000000000000,    0.00000345103405,    2.11719751995624,    0.00000000000000,    2.11719751995624,  -42.82253197195666,    0.00000000000000,
   76,    4,    0.94375000000000,    0.04375000000000,    2.12887544464270,    0.00000000000000,    2.12887544464270,    0.00000162105964,    0.00000000000000,    0.00000345103405,    2.11719751995624,    0.00000000000000,    2.11719751995624,  -42.82253197195666,    0.00000000000000,
   76,    5,    0.94375000000000,    0.05625000000000,    2.12887544464270,    0.00000000000000,    2.12887544464270,    0.00000162105964,    0.00000000000000,    0.00000345103405,    2.11719751995624,    0.00000000000000,    2.11719751995624,  -42.82253197195666,    0.00000000000000,
   77,    1,    0.95625000000000,    0.00625000000000,    2.10316004883416,    0.00000000000000,    2.10316004883416,    0.00000120737712,    0.00000000000000,    0.00000253930732,    2.09134156112131,    0.00000000000000,    2.09134156112131,  -42.56351537070696,    0.00000000000000,
   77,    2,    0.95625000000000,    0.01875000000000,    2.10316004883416,    0.00000000000000,    2.10316004883416,    0.00000120737712,    0.00000000000000,    0.00000253930732,    2.09134156112131,    0.00000000000000,    2.09134156112131,  -42.56351537070696,    0.00000000000000,
   77,    3,    0.95625000000000,    0.03125000000000,    2.10316004883416,    0.00000000000000,    2.10316004883416,    0.00000120737712,    0.00000000000000,    0.00000253930732,    2.09134156112131,    0.00000000000000,    2.09134156112131,  -42.56351537070696,    0.00000000000000,
   77,    4,    0.95625000000000,    0.04375000000000,    2.10316004883416,    0.00000000000000,    2.10316004883416,    0.00000120737712,    0.00000000000000,    0.00000253930732,    2.09134156112131,    0.00000000000000,    2.09134156112131,  -42.56351537070696,    0.00000000000000,
   77,    5,    0.95625000000000,    0.05625000000000,    2.10316004883416,    0.00000000000000,    2.10316004883416,    0.00000120737712,    0.00000000000000,    0.00000253930732,    2.09134156112131,    0.00000000000000,    2.09134156112131,  -42.56351537070696,    0.00000000000000,
   78,    1,    0.96875000000000,    0.00625000000000,    2.07730820249000,    0.00000000000000,    2.07730820249000,    0.00000076628347,    0.00000000000000,    0.00000159180694,    2.06534476021971,    0.00000000000000,    2.06534476021971,  -42.23027397299441,    0.00000000000000,
   78,    2,    0.96875000000000,    0.01875000000000,    2.07730820249000,    0.00000000000000,    2.07730820249000,    0.00000076628347,    0.00000000000000,    0.00000159180694,    2.06534476021971,    0.00000000000000,    2.06534476021971,  -42.23027397299441,    0.00000000000000,
   78,    3,    0.96875000000000,    0.03125000000000,    2.07730820249000,    0.00000000000000,    2.07730820249000,    0.00000076628347,    0.00000000000000,    0.00000159180694,    2.06534476021971,    0.00000000000000,    2.06534476021971,  -42.23027397299441,    0.00000000000000,
   78,    4,    0.96875000000000,    0.04375000000000,    2.07730820249000,    0.00000000000000,    2.07730820249000,    0.00000076628347,    0.00000000000000,    0.00000159180694,    2.06534476021971,    0.00000000000000,    2.06534476021971,  -42.23027397299441,    0.00000000000000,
   78,    5,    0.96875000000000,    0.05625000000000,    2.07730820249000,    0.00000000000000,    2.07730820249000,    0.00000076628347,    0.00000000000000,    0.00000159180694,    2.06534476021971,    0.00000000000000,    2.06534476021971,  -42.23027397299441,    0.00000000000000,
   79,    1,    0.98125000000000,    0.00625000000000,    2.05135995768040,    0.00000000000000,    2.05135995768040,    0.00000029931531,    0.00000000000000,    0.00000061400345,    2.03924720243413,    0.00000000000000,    2.03924720243413,  -41.82573917753121,    0.00000000000000,
   79,    2,    0.98125000000000,    0.01875000000000,    2.05135995768040,    0.00000000000000,    2.05135995768040,    0.00000029931531,    0.00000000000000,    0.00000061400345,    2.03924720243413,    0.00000000000000,    2.03924720243413,  -41.82573917753121,    0.00000000000000,
   79,    3,    0.98125000000000,    0.03125000000000,    2.05135995768040,    0.00000000000000,    2.05135995768040,    0.00000029931531,    0.00000000000000,    0.00000061400345,    2.03924720243413,    0.00000000000000,    2.03924720243413,  -41.82573917753121,    0.00000000000000,
   79,    4,    0.98125000000000,    0.04375000000000,    2.05135995768040,    0.00000000000000,    2.05135995768040,    0.00000029931531,    0.00000000000000,    0.00000061400345,    2.03924720243413,    0.00000000000000,    2.03924720243413,  -41.82573917753121,    0.00000000000000,
   79,    5,    0.98125000000000,    0.05625000000000,    2.05135995768040,    0.00000000000000,    2.05135995768040,    0.00000029931531,    0.00000000000000,    0.00000061400345,    2.03924720243413,    0.00000000000000,    2.03924720243413,  -41.82573917753121,    0.00000000000000,
   80,    1,    0.99375000000000,    0.00625000000000,    2.02535550818577,    0.00000000000000,    2.02535550818577,   -0.00000019170014,    0.00000000000000,   -0.00000038826094,    2.01308912830709,    0.00000000000000,    2.01308912830709,  -41.35299039785988,    0.00000000000000,
   80,    2,    0.99375000000000,    0.01875000000000,    2.02535550818577,    0.00000000000000,    2.02535550818577,   -0.00000019170014,    0.00000000000000,   -0.00000038826094,    2.01308912830709,    0.00000000000000,    2.01308912830709,  -41.35299039785988,    0.00000000000000,
   80,    3,    0.99375000000000,    0.03125000000000,    2.02535550818577,    0.00000000000000,    2.02535550818577,   -0.00000019170014,    0.00000000000000,   -0.00000038826094,    2.01308912830709,    0.00000000000000,    2.01308912830709,  -41.35299039785988,    0.00000000000000,
   80,    4,    0.99375000000000,    0.04375000000000,    2.02535550818577,    0.00000000000000,    2.02535550818577,   -0.00000019170014,    0.00000000000000,   -0.00000038826094,    2.01308912830709,    0.00000000000000,    2.01308912830709,  -41.35299039785988,    0.00000000000000,
   80,    5,    0.99375000000000,    0.05625000000000,    2.02535550818577,    0.00000000000000,    2.02535550818577,   -0.00000019170014,    0.00000000000000,   -0.00000038826094,    2.01308912830709,    0.00000000000000,    2.01308912830709,  -41.35299039785988,    0.00000000000000,
   81,    1,    1.00625000000000,    0.00625000000000,    1.99933512595469,    0.00000000000000,    1.99933512595469,   -0.00000070463727,    0.00000000000000,   -0.00000140880605,    1.98691087169291,    0.00000000000000,    1.98691087169291,  -40.81523517422063,    0.00000000000000,
   81,    2,    1.00625000000000,    0.01875000000000,    1.99933512595469,    0.00000000000000,    1.99933512595469,   -0.00000070463727,    0.00000000000000,   -0.00000140880605,    1.98691087169291,    0.00000000000000,    1.98691087169291,  -40.81523517422063,    0.00000000000000,
   81,    3,    1.00625000000000,    0.03125000000000,    1.99933512595469,    0.00000000000000,    1.99933512595469,   -0.00000070463727,    0.00000000000000,   -0.00000140880605,    1.98691087169291,    0.00000000000000,    1.98691087169291,  -40.81523517422063,    0.00000000000000,
   81,    4,    1.00625000000000,    0.04375000000000,    1.99933512595469,    0.00000000000000,    1.99933512595469,   -0.00000070463727,    0.00000000000000,   -0.00000140880605,    1.98691087169291,    0.00000000000000,    1.98691087169291,  -40.81523517422063,    0.00000000000000,
   81,    5,    1.00625000000000,    0.05625000000000,    1.99933512595469,    0.00000000000000,    1.99933512595469,   -0.00000070463727,    0.00000000000000,   -0.00000140880605,    1.98691087169291,    0.00000000000000,    1.98691087169291,  -40.81523517422063,    0.00000000000000,
   82,    1,    1.01875000000000,    0.00625000000000,    1.97333909734607,    0.00000000000000,    1.97333909734607,   -0.00000123706726,    0.00000000000000,   -0.00000244115320,    1.96075279756587,    0.00000000000000,    1.96075279756587,  -40.21578894638894,    0.00000000000000,
   82,    2,    1.01875000000000,    0.01875000000000,    1.97333909734607,    0.00000000000000,    1.97333909734607,   -0.00000123706726,    0.00000000000000,   -0.00000244115320,    1.96075279756587,    0.00000000000000,    1.96075279756587,  -40.21578894638894,    0.00000000000000,
   82,    3,    1.01875000000000,    0.03125000000000,    1.97333909734607,    0.00000000000000,    1.97333909734607,   -0.00000123706726,    0.00000000000000,   -0.00000244115320,    1.96075279756587,    0.00000000000000,    1.96075279756587,  -40.21578894638894,    0.00000000000000,
   82,    4,    1.01875000000000,    0.04375000000000,    1.97333909734607,    0.00000000000000,    1.97333909734607,   -0.00000123706726,    0.00000000000000,   -0.00000244115320,    1.96075279756587,    0.00000000000000,    1.96075279756587,  -40.21578894638894,    0.00000000000000,
   82,    5,    1.01875000000000,    0.05625000000000,    1.97333909734607,    0.00000000000000,    1.97333909734607,   -0.00000123706726,    0.00000000000000,   -0.00000244115320,    1.96075279756587,    0.00000000000000,    1.96075279756587,  -40.21578894638894,    0.00000000000000,
   83,    1,    1.03125000000000,    0.00625000000000,    1.94740765925873,    0.00000000000000,    1.94740765925873,   -0.00000178625665,    0.00000000000000,   -0.00000347856988,    1.93465523978029,    0.00000000000000,    1.93465523978029,  -39.55805461288689,    0.00000000000000,
   83,    2,    1.03125000000000,    0.01875000000000,    1.94740765925873,    0.00000000000000,    1.94740765925873,   -0.00000178625665,    0.00000000000000,   -0.00000347856988,    1.93465523978029,    0.00000000000000,    1.93465523978029,  -39.55805461288689,    0.00000000000000,
   83,    3,    1.03125000000000,    0.03125000000000,    1.94740765925873,    0.00000000000000,    1.94740765925873,   -0.00000178625665,    0.00000000000000,   -0.00000347856988,    1.93465523978029,    0.00000000000000,    1.93465523978029,  -39.55805461288689,    0.00000000000000,
   83,    4,    1.03125000000000,    0.04375000000000,    1.94740765925873,    0.00000000000000,    1.94740765925873,   -0.00000178625665,    0.00000000000000,   -0.00000347856988,    1.93465523978029,    0.00000000000000,    1.93465523978029,  -39.55805461288689,    0.00000000000000,
   83,    5,    1.03125000000000,    0.05625000000000,    1.94740765925873,    0.00000000000000,    1.94740765925873,   -0.00000178625665,    0.00000000000000,   -0.00000347856988,    1.93465523978029,    0.00000000000000,    1.93465523978029,  -39.55805461288689,    0.00000000000000,
   84,    1,    1.04375000000000,    0.00625000000000,    1.92158093525458,    0.00000000000000,    1.92158093525458,   -0.00000234916968,    0.00000000000000,   -0.00000451411966,    1.90865843887869,    0.00000000000000,    1.90865843887869,  -38.84550200259237,    0.00000000000000,
   84,    2,    1.04375000000000,    0.01875000000000,    1.92158093525458,    0.00000000000000,    1.92158093525458,   -0.00000234916968,    0.00000000000000,   -0.00000451411966,    1.90865843887869,    0.00000000000000,    1.90865843887869,  -38.84550200259237,    0.00000000000000,
   84,    3,    1.04375000000000,    0.03125000000000,    1.92158093525458,    0.00000000000000,    1.92158093525458,   -0.00000234916968,    0.00000000000000,   -0.00000451411966,    1.90865843887869,    0.00000000000000,    1.90865843887869,  -38.84550200259237,    0.00000000000000,
   84,    4,    1.04375000000000,    0.04375000000000,    1.92158093525458,    0.00000000000000,    1.92158093525458,   -0.00000234916968,    0.00000000000000,   -0.00000451411966,    1.90865843887869,    0.00000000000000,    1.90865843887869,  -38.84550200259237,    0.00000000000000,
   84,    5,    1.04375000000000,    0.05625000000000,    1.92158093525458,    0.00000000000000,    1.92158093525458,   -0.00000234916968,    0.00000000000000,   -0.00000451411966,    1.90865843887869,    0.00000000000000,    1.90865843887869,  -38.84550200259237,    0.00000000000000,
   85,    1,    1.05625000000000,    0.00625000000000,    1.89589887178383,    0.00000000000000,    1.89589887178383,   -0.00000292247475,    0.00000000000000,   -0.00000554071658,    1.88280248004376,    0.00000000000000,    1.88280248004376,  -38.08164738461433,    0.00000000000000,
   85,    2,    1.05625000000000,    0.01875000000000,    1.89589887178383,    0.00000000000000,    1.89589887178383,   -0.00000292247475,    0.00000000000000,   -0.00000554071658,    1.88280248004376,    0.00000000000000,    1.88280248004376,  -38.08164738461433,    0.00000000000000,
   85,    3,    1.05625000000000,    0.03125000000000,    1.89589887178383,    0.00000000000000,    1.89589887178383,   -0.00000292247475,    0.00000000000000,   -0.00000554071658,    1.88280248004376,    0.00000000000000,    1.88280248004376,  -38.08164738461433,    0.00000000000000,
   85,    4,    1.05625000000000,    0.04375000000000,    1.89589887178383,    0.00000000000000,    1.89589887178383,   -0.00000292247475,    0.00000000000000,   -0.00000554071658,    1.88280248004376,    0.00000000000000,    1.88280248004376,  -38.08164738461433,    0.00000000000000,
   85,    5,    1.05625000000000,    0.05625000000000,    1.89589887178383,    0.00000000000000,    1.89589887178383,   -0.00000292247475,    0.00000000000000,   -0.00000554071658,    1.88280248004376,    0.00000000000000,    1.88280248004376,  -38.08164738461433,    0.00000000000000,
   86,    1,    1.06875000000000,    0.00625000000000,    1.87040117462390,    0.00000000000000,    1.87040117462390,   -0.00000350255529,    0.00000000000000,   -0.00000655118354,    1.85712723128997,    0.00000000000000,    1.85712723128997,  -37.27003314137087,    0.00000000000000,
   86,    2,    1.06875000000000,    0.01875000000000,    1.87040117462390,    0.00000000000000,    1.87040117462390,   -0.00000350255529,    0.00000000000000,   -0.00000655118354,    1.85712723128997,    0.00000000000000,    1.85712723128997,  -37.27003314137087,    0.00000000000000,
   86,    3,    1.06875000000000,    0.03125000000000,    1.87040117462390,    0.00000000000000,    1.87040117462390,   -0.00000350255529,    0.00000000000000,   -0.00000655118354,    1.85712723128997,    0.00000000000000,    1.85712723128997,  -37.27003314137087,    0.00000000000000,
   86,    4,    1.06875000000000,    0.04375000000000,    1.87040117462390,    0.00000000000000,    1.87040117462390,   -0.00000350255529,    0.00000000000000,   -0.00000655118354,    1.85712723128997,    0.00000000000000,    1.85712723128997,  -37.27003314137087,    0.00000000000000,
   86,    5,    1.06875000000000,    0.05625000000000,    1.87040117462390,    0.00000000000000,    1.87040117462390,   -0.00000350255529,    0.00000000000000,   -0.00000655118354,    1.85712723128997,    0.00000000000000,    1.85712723128997,  -37.27003314137087,    0.00000000000000,
   87,    1,    1.08125000000000,    0.00625000000000,    1.84512724564663,    0.00000000000000,    1.84512724564663,   -0.00000408552521,    0.00000000000000,   -0.00000753831388,    1.83167228198989,    0.00000000000000,    1.83167228198989,  -36.41420772810744,    0.00000000000000,
   87,    2,    1.08125000000000,    0.01875000000000,    1.84512724564663,    0.00000000000000,    1.84512724564663,   -0.00000408552521,    0.00000000000000,   -0.00000753831388,    1.83167228198989,    0.00000000000000,    1.83167228198989,  -36.41420772810744,    0.00000000000000,
   87,    3,    1.08125000000000,    0.03125000000000,    1.84512724564663,    0.00000000000000,    1.84512724564663,   -0.00000408552521,    0.00000000000000,   -0.00000753831388,    1.83167228198989,    0.00000000000000,    1.83167228198989,  -36.41420772810744,    0.00000000000000,
   87,    4,    1.08125000000000,    0.04375000000000,    1.84512724564663,    0.00000000000000,    1.84512724564663,   -0.00000408552521,    0.00000000000000,   -0.00000753831388,    1.83167228198989,    0.00000000000000,    1.83167228198989,  -36.41420772810744,    0.00000000000000,
   87,    5,    1.08125000000000,    0.05625000000000,    1.84512724564663,    0.00000000000000,    1.84512724564663,   -0.00000408552521,    0.00000000000000,   -0.00000753831388,    1.83167228198989,    0.00000000000000,    1.83167228198989,  -36.41420772810744,    0.00000000000000,
   88,    1,    1.09375000000000,    0.00625000000000,    1.82011612003146,    0.00000000000000,    1.82011612003146,   -0.00000466724915,    0.00000000000000,   -0.00000849493541,    1.80647688183036,    0.00000000000000,    1.80647688183036,  -35.51770603963700,    0.00000000000000,
   88,    2,    1.09375000000000,    0.01875000000000,    1.82011612003146,    0.00000000000000,    1.82011612003146,   -0.00000466724915,    0.00000000000000,   -0.00000849493541,    1.80647688183036,    0.00000000000000,    1.80647688183036,  -35.51770603963700,    0.00000000000000,
   88,    3,    1.09375000000000,    0.03125000000000,    1.82011612003146,    0.00000000000000,    1.82011612003146,   -0.00000466724915,    0.00000000000000,   -0.00000849493541,    1.80647688183036,    0.00000000000000,    1.80647688183036,  -35.51770603963700,    0.00000000000000,
   88,    4,    1.09375000000000,    0.04375000000000,    1.82011612003146,    0.00000000000000,    1.82011612003146,   -0.00000466724915,    0.00000000000000,   -0.00000849493541,    1.80647688183036,    0.00000000000000,    1.80647688183036,  -35.51770603963700,    0.00000000000000,
   88,    5,    1.09375000000000,    0.05625000000000,    1.82011612003146,    0.00000000000000,    1.82011612003146,   -0.00000466724915,    0.00000000000000,   -0.00000849493541,    1.80647688183036,    0.00000000000000,    1.80647688183036,  -35.51770603963700,    0.00000000000000,
   89,    1,    1.10625000000000,    0.00625000000000,    1.79540640404553,    0.00000000000000,    1.79540640404553,   -0.00000524336754,    0.00000000000000,   -0.00000941397566,    1.78157988029220,    0.00000000000000,    1.78157988029220,  -34.58403030188721,    0.00000000000000,
   89,    2,    1.10625000000000,    0.01875000000000,    1.79540640404553,    0.00000000000000,    1.79540640404553,   -0.00000524336754,    0.00000000000000,   -0.00000941397566,    1.78157988029220,    0.00000000000000,    1.78157988029220,  -34.58403030188721,    0.00000000000000,
   89,    3,    1.10625000000000,    0.03125000000000,    1.79540640404553,    0.00000000000000,    1.79540640404553,   -0.00000524336754,    0.00000000000000,   -0.00000941397566,    1.78157988029220,    0.00000000000000,    1.78157988029220,  -34.58403030188721,    0.00000000000000,
   89,    4,    1.10625000000000,    0.04375000000000,    1.79540640404553,    0.00000000000000,    1.79540640404553,   -0.00000524336754,    0.00000000000000,   -0.00000941397566,    1.78157988029220,    0.00000000000000,    1.78157988029220,  -34.58403030188721,    0.00000000000000,
   89,    5,    1.10625000000000,    0.05625000000000,    1.79540640404553,    0.00000000000000,    1.79540640404553,   -0.00000524336754,    0.00000000000000,   -0.00000941397566,    1.78157988029220,    0.00000000000000,    1.78157988029220,  -34.58403030188721,    0.00000000000000,
   90,    1,    1.11875000000000,    0.00625000000000,    1.77103621351469,    0.00000000000000,    1.77103621351469,   -0.00000580932653,    0.00000000000000,   -0.00001028852766,    1.75701966674723,    0.00000000000000,    1.75701966674723,  -33.61663160192406,    0.00000000000000,
   90,    2,    1.11875000000000,    0.01875000000000,    1.77103621351469,    0.00000000000000,    1.77103621351469,   -0.00000580932653,    0.00000000000000,   -0.00001028852766,    1.75701966674723,    0.00000000000000,    1.75701966674723,  -33.61663160192406,    0.00000000000000,
   90,    3,    1.11875000000000,    0.03125000000000,    1.77103621351469,    0.00000000000000,    1.77103621351469,   -0.00000580932653,    0.00000000000000,   -0.00001028852766,    1.75701966674723,    0.00000000000000,    1.75701966674723,  -33.61663160192406,    0.00000000000000,
   90,    4,    1.11875000000000,    0.04375000000000,    1.77103621351469,    0.00000000000000,    1.77103621351469,   -0.00000580932653,    0.00000000000000,   -0.00001028852766,    1.75701966674723,    0.00000000000000,    1.75701966674723,  -33.61663160192406,    0.00000000000000,
   90,    5,    1.11875000000000,    0.05625000000000,    1.77103621351469,    0.00000000000000,    1.77103621351469,   -0.00000580932653,    0.00000000000000,   -0.00001028852766,    1.75701966674723,    0.00000000000000,    1.75701966674723,  -33.61663160192406,    0.00000000000000,
   91,    1,    1.13125000000000,    0.00625000000000,    1.74704311311265,    0.00000000000000,    1.74704311311265,   -0.00000636041246,    0.00000000000000,   -0.00001111191478,    1.73283411126457,    0.00000000000000,    1.73283411126457,  -32.61889216551099,    0.00000000000000,
   91,    2,    1.13125000000000,    0.01875000000000,    1.74704311311265,    0.00000000000000,    1.74704311311265,   -0.00000636041246,    0.00000000000000,   -0.00001111191478,    1.73283411126457,    0.00000000000000,    1.73283411126457,  -32.61889216551099,    0.00000000000000,
   91,    3,    1.13125000000000,    0.03125000000000,    1.74704311311265,    0.00000000000000,    1.74704311311265,   -0.00000636041246,    0.00000000000000,   -0.00001111191478,    1.73283411126457,    0.00000000000000,    1.73283411126457,  -32.61889216551099,    0.00000000000000,
   91,    4,    1.13125000000000,    0.04375000000000,    1.74704311311265,    0.00000000000000,    1.74704311311265,   -0.00000636041246,    0.00000000000000,   -0.00001111191478,    1.73283411126457,    0.00000000000000,    1.73283411126457,  -32.61889216551099,    0.00000000000000,
   91,    5,    1.13125000000000,    0.05625000000000,    1.74704311311265,    0.00000000000000,    1.74704311311265,   -0.00000636041246,    0.00000000000000,   -0.00001111191478,    1.73283411126457,    0.00000000000000,    1.73283411126457,  -32.61889216551099,    0.00000000000000,
   92,    1,    1.14375000000000,    0.00625000000000,    1.72346405659831,    0.00000000000000,    1.72346405659831,   -0.00000689179086,    0.00000000000000,   -0.00001187775383,    1.70906050621777,    0.00000000000000,    1.70906050621777,  -31.59410848598708,    0.00000000000000,
   92,    2,    1.14375000000000,    0.01875000000000,    1.72346405659831,    0.00000000000000,    1.72346405659831,   -0.00000689179086,    0.00000000000000,   -0.00001187775383,    1.70906050621777,    0.00000000000000,    1.70906050621777,  -31.59410848598708,    0.00000000000000,
   92,    3,    1.14375000000000,    0.03125000000000,    1.72346405659831,    0.00000000000000,    1.72346405659831,   -0.00000689179086,    0.00000000000000,   -0.00001187775383,    1.70906050621777,    0.00000000000000,    1.70906050621777,  -31.59410848598708,    0.00000000000000,
   92,    4,    1.14375000000000,    0.04375000000000,    1.72346405659831,    0.00000000000000,    1.72346405659831,   -0.00000689179086,    0.00000000000000,   -0.00001187775383,    1.70906050621777,    0.00000000000000,    1.70906050621777,  -31.59410848598708,    0.00000000000000,
   92,    5,    1.14375000000000,    0.05625000000000,    1.72346405659831,    0.00000000000000,    1.72346405659831,   -0.00000689179086,    0.00000000000000,   -0.00001187775383,    1.70906050621777,    0.00000000000000,    1.70906050621777,  -31.59410848598708,    0.00000000000000,
   93,    1,    1.15625000000000,    0.00625000000000,    1.70033532813364,    0.00000000000000,    1.70033532813364,   -0.00000739854953,    0.00000000000000,   -0.00001258001514,    1.68573550878267,    0.00000000000000,    1.68573550878267,  -30.54547540234154,    0.00000000000000,
   93,    2,    1.15625000000000,    0.01875000000000,    1.70033532813364,    0.00000000000000,    1.70033532813364,   -0.00000739854953,    0.00000000000000,   -0.00001258001514,    1.68573550878267,    0.00000000000000,    1.68573550878267,  -30.54547540234154,    0.00000000000000,
   93,    3,    1.15625000000000,    0.03125000000000,    1.70033532813364,    0.00000000000000,    1.70033532813364,   -0.00000739854953,    0.00000000000000,   -0.00001258001514,    1.68573550878267,    0.00000000000000,    1.68573550878267,  -30.54547540234154,    0.00000000000000,
   93,    4,    1.15625000000000,    0.04375000000000,    1.70033532813364,    0.00000000000000,    1.70033532813364,   -0.00000739854953,    0.00000000000000,   -0.00001258001514,    1.68573550878267,    0.00000000000000,    1.68573550878267,  -30.54547540234154,    0.00000000000000,
   93,    5,    1.15625000000000,    0.05625000000000,    1.70033532813364,    0.00000000000000,    1.70033532813364,   -0.00000739854953,    0.00000000000000,   -0.00001258001514,    1.68573550878267,    0.00000000000000,    1.68573550878267,  -30.54547540234154,    0.00000000000000,
   94,    1,    1.16875000000000,    0.00625000000000,    1.67769248481681,    0.00000000000000,    1.67769248481681,   -0.00000787574528,    0.00000000000000,   -0.00001321307867,    1.66289508441468,    0.00000000000000,    1.66289508441468,  -29.47607121786061,    0.00000000000000,
   94,    2,    1.16875000000000,    0.01875000000000,    1.67769248481681,    0.00000000000000,    1.67769248481681,   -0.00000787574528,    0.00000000000000,   -0.00001321307867,    1.66289508441468,    0.00000000000000,    1.66289508441468,  -29.47607121786061,    0.00000000000000,
   94,    3,    1.16875000000000,    0.03125000000000,    1.67769248481681,    0.00000000000000,    1.67769248481681,   -0.00000787574528,    0.00000000000000,   -0.00001321307867,    1.66289508441468,    0.00000000000000,    1.66289508441468,  -29.47607121786061,    0.00000000000000,
   94,    4,    1.16875000000000,    0.04375000000000,    1.67769248481681,    0.00000000000000,    1.67769248481681,   -0.00000787574528,    0.00000000000000,   -0.00001321307867,    1.66289508441468,    0.00000000000000,    1.66289508441468,  -29.47607121786061,    0.00000000000000,
   94,    5,    1.16875000000000,    0.05625000000000,    1.67769248481681,    0.00000000000000,    1.67769248481681,   -0.00000787574528,    0.00000000000000,   -0.00001321307867,    1.66289508441468,    0.00000000000000,    1.66289508441468,  -29.47607121786061,    0.00000000000000,
   95,    1,    1.18125000000000,    0.00625000000000,    1.65557030056638,    0.00000000000000,    1.65557030056638,   -0.00000831845392,   -0.00000000000000,   -0.00001377178525,    1.64057445139267,    0.00000000000000,    1.64057445139267,  -28.38884394366968,    0.00000000000000,
   95,    2,    1.18125000000000,    0.01875000000000,    1.65557030056638,    0.00000000000000,    1.65557030056638,   -0.00000831845392,   -0.00000000000000,   -0.00001377178525,    1.64057445139267,    0.00000000000000,    1.64057445139267,  -28.38884394366968,    0.00000000000000,
   95,    3,    1.18125000000000,    0.03125000000000,    1.65557030056638,    0.00000000000000,    1.65557030056638,   -0.00000831845392,   -0.00000000000000,   -0.00001377178525,    1.64057445139267,    0.00000000000000,    1.64057445139267,  -28.38884394366968,    0.00000000000000,
   95,    4,    1.18125000000000,    0.04375000000000,    1.65557030056638,    0.00000000000000,    1.65557030056638,   -0.00000831845392,   -0.00000000000000,   -0.00001377178525,    1.64057445139267,    0.00000000000000,    1.64057445139267,  -28.38884394366968,    0.00000000000000,
   95,    5,    1.18125000000000,    0.05625000000000,    1.65557030056638,    0.00000000000000,    1.65557030056638,   -0.00000831845392,   -0.00000000000000,   -0.00001377178525,    1.64057445139267,    0.00000000000000,    1.64057445139267,  -28.38884394366968,    0.00000000000000,
   96,    1,    1.19375000000000,    0.00625000000000,    1.63400271149281,    0.00000000000000,    1.63400271149281,   -0.00000872182283,   -0.00000000000000,   -0.00001425148216,    1.61880802651492,    0.00000000000000,    1.61880802651492,  -27.28659874393155,    0.00000000000000,
   96,    2,    1.19375000000000,    0.01875000000000,    1.63400271149281,    0.00000000000000,    1.63400271149281,   -0.00000872182283,   -0.00000000000000,   -0.00001425148216,    1.61880802651492,    0.00000000000000,    1.61880802651492,  -27.28659874393155,    0.00000000000000,
   96,    3,    1.19375000000000,    0.03125000000000,    1.63400271149281,    0.00000000000000,    1.63400271149281,   -0.00000872182283,   -0.00000000000000,   -0.00001425148216,    1.61880802651492,    0.00000000000000,    1.61880802651492,  -27.28659874393155,    0.00000000000000,
   96,    4,    1.19375000000000,    0.04375000000000,    1.63400271149281,    0.00000000000000,    1.63400271149281,   -0.00000872182283,   -0.00000000000000,   -0.00001425148216,    1.61880802651492,    0.00000000000000,    1.61880802651492,  -27.28659874393155,    0.00000000000000,
   96,    5,    1.19375000000000,    0.05625000000000,    1.63400271149281,    0.00000000000000,    1.63400271149281,   -0.00000872182283,   -0.00000000000000,   -0.00001425148216,    1.61880802651492,    0.00000000000000,    1.61880802651492,  -27.28659874393155,    0.00000000000000,
   97,    1,    1.20625000000000,    0.00625000000000,    1.61302276289320,    0.00000000000000,    1.61302276289320,   -0.00000908112572,   -0.00000000000000,   -0.00001464806251,    1.59762937203095,    0.00000000000000,    1.59762937203095,  -26.17198665143814,    0.00000000000000,
   97,    2,    1.20625000000000,    0.01875000000000,    1.61302276289320,    0.00000000000000,    1.61302276289320,   -0.00000908112572,   -0.00000000000000,   -0.00001464806251,    1.59762937203095,    0.00000000000000,    1.59762937203095,  -26.17198665143814,    0.00000000000000,
   97,    3,    1.20625000000000,    0.03125000000000,    1.61302276289320,    0.00000000000000,    1.61302276289320,   -0.00000908112572,   -0.00000000000000,   -0.00001464806251,    1.59762937203095,    0.00000000000000,    1.59762937203095,  -26.17198665143814,    0.00000000000000,
   97,    4,    1.20625000000000,    0.04375000000000,    1.61302276289320,    0.00000000000000,    1.61302276289320,   -0.00000908112572,   -0.00000000000000,   -0.00001464806251,    1.59762937203095,    0.00000000000000,    1.59762937203095,  -26.17198665143814,    0.00000000000000,
   97,    5,    1.20625000000000,    0.05625000000000,    1.61302276289320,    0.00000000000000,    1.61302276289320,   -0.00000908112572,   -0.00000000000000,   -0.00001464806251,    1.59762937203095,    0.00000000000000,    1.59762937203095,  -26.17198665143814,    0.00000000000000,
   98,    1,    1.21875000000000,    0.00625000000000,    1.59266255800277,    0.00000000000000,    1.59266255800277,   -0.00000939181876,    0.00000000000000,   -0.00001495799808,    1.57707114389090,    0.00000000000000,    1.57707114389090,  -25.04749461390099,    0.00000000000000,
   98,    2,    1.21875000000000,    0.01875000000000,    1.59266255800277,    0.00000000000000,    1.59266255800277,   -0.00000939181876,    0.00000000000000,   -0.00001495799808,    1.57707114389090,    0.00000000000000,    1.57707114389090,  -25.04749461390099,    0.00000000000000,
   98,    3,    1.21875000000000,    0.03125000000000,    1.59266255800277,    0.00000000000000,    1.59266255800277,   -0.00000939181876,    0.00000000000000,   -0.00001495799808,    1.57707114389090,    0.00000000000000,    1.57707114389090,  -25.04749461390099,    0.00000000000000,
   98,    4,    1.21875000000000,    0.04375000000000,    1.59266255800277,    0.00000000000000,    1.59266255800277,   -0.00000939181876,    0.00000000000000,   -0.00001495799808,    1.57707114389090,    0.00000000000000,    1.57707114389090,  -25.04749461390099,    0.00000000000000,
   98,    5,    1.21875000000000,    0.05625000000000,    1.59266255800277,    0.00000000000000,    1.59266255800277,   -0.00000939181876,    0.00000000000000,   -0.00001495799808,    1.57707114389090,    0.00000000000000,    1.57707114389090,  -25.04749461390099,    0.00000000000000,
   99,    1,    1.23125000000000,    0.00625000000000,    1.57295320863359,    0.00000000000000,    1.57295320863359,   -0.00000964959762,    0.00000000000000,   -0.00001517836554,    1.55716504139248,    0.00000000000000,    1.55716504139248,  -23.91543692245368,    0.00000000000000,
   99,    2,    1.23125000000000,    0.01875000000000,    1.57295320863359,    0.00000000000000,    1.57295320863359,   -0.00000964959762,    0.00000000000000,   -0.00001517836554,    1.55716504139248,    0.00000000000000,    1.55716504139248,  -23.91543692245368,    0.00000000000000,
   99,    3,    1.23125000000000,    0.03125000000000,    1.57295320863359,    0.00000000000000,    1.57295320863359,   -0.00000964959762,    0.00000000000000,   -0.00001517836554,    1.55716504139248,    0.00000000000000,    1.55716504139248,  -23.91543692245368,    0.00000000000000,
   99,    4,    1.23125000000000,    0.04375000000000,    1.57295320863359,    0.00000000000000,    1.57295320863359,   -0.00000964959762,    0.00000000000000,   -0.00001517836554,    1.55716504139248,    0.00000000000000,    1.55716504139248,  -23.91543692245368,    0.00000000000000,
   99,    5,    1.23125000000000,    0.05625000000000,    1.57295320863359,    0.00000000000000,    1.57295320863359,   -0.00000964959762,    0.00000000000000,   -0.00001517836554,    1.55716504139248,    0.00000000000000,    1.55716504139248,  -23.91543692245368,    0.00000000000000,
  100,    1,    1.24375000000000,    0.00625000000000,    1.55392478782547,    0.00000000000000,    1.55392478782547,   -0.00000985045492,    0.00000000000000,   -0.00001530686608,    1.53794175830291,    0.00000000000000,    1.53794175830291,  -22.77794806478731,    0.00000000000000,
  100,    2,    1.24375000000000,    0.01875000000000,    1.55392478782547,    0.00000000000000,    1.55392478782547,   -0.00000985045492,    0.00000000000000,   -0.00001530686608,    1.53794175830291,    0.00000000000000,    1.53794175830291,  -22.77794806478731,    0.00000000000000,
  100,    3,    1.24375000000000,    0.03125000000000,    1.55392478782547,    0.00000000000000,    1.55392478782547,   -0.00000985045492,    0.00000000000000,   -0.00001530686608,    1.53794175830291,    0.00000000000000,    1.53794175830291,  -22.77794806478731,    0.00000000000000,
  100,    4,    1.24375000000000,    0.04375000000000,    1.55392478782547,    0.00000000000000,    1.55392478782547,   -0.00000985045492,    0.00000000000000,   -0.00001530686608,    1.53794175830291,    0.00000000000000,    1.53794175830291,  -22.77794806478731,    0.00000000000000,
  100,    5,    1.24375000000000,    0.05625000000000,    1.55392478782547,    0.00000000000000,    1.55392478782547,   -0.00000985045492,    0.00000000000000,   -0.00001530686608,    1.53794175830291,    0.00000000000000,    1.53794175830291,  -22.77794806478731,    0.00000000000000,
  101,    1,    1.25625000000000,    0.00625000000000,    1.53560628462717,    0.00000000000000,    1.53560628462717,   -0.00000999073729,    0.00000000000000,   -0.00001534183897,    1.51943093553139,    0.00000000000000,    1.51943093553139,  -21.63697703600041,    0.00000000000000,
  101,    2,    1.25625000000000,    0.01875000000000,    1.53560628462717,    0.00000000000000,    1.53560628462717,   -0.00000999073729,    0.00000000000000,   -0.00001534183897,    1.51943093553139,    0.00000000000000,    1.51943093553139,  -21.63697703600041,    0.00000000000000,
  101,    3,    1.25625000000000,    0.03125000000000,    1.53560628462717,    0.00000000000000,    1.53560628462717,   -0.00000999073729,    0.00000000000000,   -0.00001534183897,    1.51943093553139,    0.00000000000000,    1.51943093553139,  -21.63697703600041,    0.00000000000000,
  101,    4,    1.25625000000000,    0.04375000000000,    1.53560628462717,    0.00000000000000,    1.53560628462717,   -0.00000999073729,    0.00000000000000,   -0.00001534183897,    1.51943093553139,    0.00000000000000,    1.51943093553139,  -21.63697703600041,    0.00000000000000,
  101,    5,    1.25625000000000,    0.05625000000000,    1.53560628462717,    0.00000000000000,    1.53560628462717,   -0.00000999073729,    0.00000000000000,   -0.00001534183897,    1.51943093553139,    0.00000000000000,    1.51943093553139,  -21.63697703600041,    0.00000000000000,
  102,    1,    1.26875000000000,    0.00625000000000,    1.51802556111639,    0.00000000000000,    1.51802556111639,   -0.00001006720174,    0.00000000000000,   -0.00001528226957,    1.50166111542494,    0.00000000000000,    1.50166111542494,  -20.49428313072014,    0.00000000000000,
  102,    2,    1.26875000000000,    0.01875000000000,    1.51802556111639,    0.00000000000000,    1.51802556111639,   -0.00001006720174,    0.00000000000000,   -0.00001528226957,    1.50166111542494,    0.00000000000000,    1.50166111542494,  -20.49428313072014,    0.00000000000000,
  102,    3,    1.26875000000000,    0.03125000000000,    1.51802556111639,    0.00000000000000,    1.51802556111639,   -0.00001006720174,    0.00000000000000,   -0.00001528226957,    1.50166111542494,    0.00000000000000,    1.50166111542494,  -20.49428313072014,    0.00000000000000,
  102,    4,    1.26875000000000,    0.04375000000000,    1.51802556111639,    0.00000000000000,    1.51802556111639,   -0.00001006720174,    0.00000000000000,   -0.00001528226957,    1.50166111542494,    0.00000000000000,    1.50166111542494,  -20.49428313072014,    0.00000000000000,
  102,    5,    1.26875000000000,    0.05625000000000,    1.51802556111639,    0.00000000000000,    1.51802556111639,   -0.00001006720174,    0.00000000000000,   -0.00001528226957,    1.50166111542494,    0.00000000000000,    1.50166111542494,  -20.49428313072014,    0.00000000000000,
  103,    1,    1.28125000000000,    0.00625000000000,    1.50120931175603,    0.00000000000000,    1.50120931175603,   -0.00001007707077,    0.00000000000000,   -0.00001512779248,    1.48465969775818,    0.00000000000000,    1.48465969775818,  -19.35143323039749,    0.00000000000000,
  103,    2,    1.28125000000000,    0.01875000000000,    1.50120931175603,    0.00000000000000,    1.50120931175603,   -0.00001007707077,    0.00000000000000,   -0.00001512779248,    1.48465969775818,    0.00000000000000,    1.48465969775818,  -19.35143323039749,    0.00000000000000,
  103,    3,    1.28125000000000,    0.03125000000000,    1.50120931175603,    0.00000000000000,    1.50120931175603,   -0.00001007707077,    0.00000000000000,   -0.00001512779248,    1.48465969775818,    0.00000000000000,    1.48465969775818,  -19.35143323039749,    0.00000000000000,
  103,    4,    1.28125000000000,    0.04375000000000,    1.50120931175603,    0.00000000000000,    1.50120931175603,   -0.00001007707077,    0.00000000000000,   -0.00001512779248,    1.48465969775818,    0.00000000000000,    1.48465969775818,  -19.35143323039749,    0.00000000000000,
  103,    5,    1.28125000000000,    0.05625000000000,    1.50120931175603,    0.00000000000000,    1.50120931175603,   -0.00001007707077,    0.00000000000000,   -0.00001512779248,    1.48465969775818,    0.00000000000000,    1.48465969775818,  -19.35143323039749,    0.00000000000000,
  104,    1,    1.29375000000000,    0.00625000000000,    1.48518302517001,    0.00000000000000,    1.48518302517001,   -0.00001001808559,    0.00000000000000,   -0.00001487869067,    1.46845289748486,    0.00000000000000,    1.46845289748486,  -18.20980058995925,    0.00000000000000,
  104,    2,    1.29375000000000,    0.01875000000000,    1.48518302517001,    0.00000000000000,    1.48518302517001,   -0.00001001808559,    0.00000000000000,   -0.00001487869067,    1.46845289748486,    0.00000000000000,    1.46845289748486,  -18.20980058995925,    0.00000000000000,
  104,    3,    1.29375000000000,    0.03125000000000,    1.48518302517001,    0.00000000000000,    1.48518302517001,   -0.00001001808559,    0.00000000000000,   -0.00001487869067,    1.46845289748486,    0.00000000000000,    1.46845289748486,  -18.20980058995925,    0.00000000000000,
  104,    4,    1.29375000000000,    0.04375000000000,    1.48518302517001,    0.00000000000000,    1.48518302517001,   -0.00001001808559,    0.00000000000000,   -0.00001487869067,    1.46845289748486,    0.00000000000000,    1.46845289748486,  -18.20980058995925,    0.00000000000000,
  104,    5,    1.29375000000000,    0.05625000000000,    1.48518302517001,    0.00000000000000,    1.48518302517001,   -0.00001001808559,    0.00000000000000,   -0.00001487869067,    1.46845289748486,    0.00000000000000,    1.46845289748486,  -18.20980058995925,    0.00000000000000,
  105,    1,    1.30625000000000,    0.00625000000000,    1.46997094840642,    0.00000000000000,    1.46997094840642,   -0.00000988855696,   -0.00000000000000,   -0.00001453589145,    1.45306570431632,    0.00000000000000,    1.45306570431632,  -17.07056511827335,    0.00000000000000,
  105,    2,    1.30625000000000,    0.01875000000000,    1.46997094840642,    0.00000000000000,    1.46997094840642,   -0.00000988855696,   -0.00000000000000,   -0.00001453589145,    1.45306570431632,    0.00000000000000,    1.45306570431632,  -17.07056511827335,    0.00000000000000,
  105,    3,    1.30625000000000,    0.03125000000000,    1.46997094840642,    0.00000000000000,    1.46997094840642,   -0.00000988855696,   -0.00000000000000,   -0.00001453589145,    1.45306570431632,    0.00000000000000,    1.45306570431632,  -17.07056511827335,    0.00000000000000,
  105,    4,    1.30625000000000,    0.04375000000000,    1.46997094840642,    0.00000000000000,    1.46997094840642,   -0.00000988855696,   -0.00000000000000,   -0.00001453589145,    1.45306570431632,    0.00000000000000,    1.45306570431632,  -17.07056511827335,    0.00000000000000,
  105,    5,    1.30625000000000,    0.05625000000000,    1.46997094840642,    0.00000000000000,    1.46997094840642,   -0.00000988855696,   -0.00000000000000,   -0.00001453589145,    1.45306570431632,    0.00000000000000,    1.45306570431632,  -17.07056511827335,    0.00000000000000,
  106,    1,    1.31875000000000,    0.00625000000000,    1.45559605373703,    0.00000000000000,    1.45559605373703,   -0.00000968741285,   -0.00000000000000,   -0.00001410095992,    1.43852184418914,    0.00000000000000,    1.43852184418914,  -15.93471513721004,    0.00000000000000,
  106,    2,    1.31875000000000,    0.01875000000000,    1.45559605373703,    0.00000000000000,    1.45559605373703,   -0.00000968741285,   -0.00000000000000,   -0.00001410095992,    1.43852184418914,    0.00000000000000,    1.43852184418914,  -15.93471513721004,    0.00000000000000,
  106,    3,    1.31875000000000,    0.03125000000000,    1.45559605373703,    0.00000000000000,    1.45559605373703,   -0.00000968741285,   -0.00000000000000,   -0.00001410095992,    1.43852184418914,    0.00000000000000,    1.43852184418914,  -15.93471513721004,    0.00000000000000,
  106,    4,    1.31875000000000,    0.04375000000000,    1.45559605373703,    0.00000000000000,    1.45559605373703,   -0.00000968741285,   -0.00000000000000,   -0.00001410095992,    1.43852184418914,    0.00000000000000,    1.43852184418914,  -15.93471513721004,    0.00000000000000,
  106,    5,    1.31875000000000,    0.05625000000000,    1.45559605373703,    0.00000000000000,    1.45559605373703,   -0.00000968741285,   -0.00000000000000,   -0.00001410095992,    1.43852184418914,    0.00000000000000,    1.43852184418914,  -15.93471513721004,    0.00000000000000,
  107,    1,    1.33125000000000,    0.00625000000000,    1.44208000802288,    0.00000000000000,    1.44208000802288,   -0.00000941424227,   -0.00000000000000,   -0.00001357609057,    1.42484374268147,    0.00000000000000,    1.42484374268147,  -14.80305059452578,    0.00000000000000,
  107,    2,    1.33125000000000,    0.01875000000000,    1.44208000802288,    0.00000000000000,    1.44208000802288,   -0.00000941424227,   -0.00000000000000,   -0.00001357609057,    1.42484374268147,    0.00000000000000,    1.42484374268147,  -14.80305059452578,    0.00000000000000,
  107,    3,    1.33125000000000,    0.03125000000000,    1.44208000802288,    0.00000000000000,    1.44208000802288,   -0.00000941424227,   -0.00000000000000,   -0.00001357609057,    1.42484374268147,    0.00000000000000,    1.42484374268147,  -14.80305059452578,    0.00000000000000,
  107,    4,    1.33125000000000,    0.04375000000000,    1.44208000802288,    0.00000000000000,    1.44208000802288,   -0.00000941424227,   -0.00000000000000,   -0.00001357609057,    1.42484374268147,    0.00000000000000,    1.42484374268147,  -14.80305059452578,    0.00000000000000,
  107,    5,    1.33125000000000,    0.05625000000000,    1.44208000802288,    0.00000000000000,    1.44208000802288,   -0.00000941424227,   -0.00000000000000,   -0.00001357609057,    1.42484374268147,    0.00000000000000,    1.42484374268147,  -14.80305059452578,    0.00000000000000,
  108,    1,    1.34375000000000,    0.00625000000000,    1.42944314465301,    0.00000000000000,    1.42944314465301,   -0.00000906933398,   -0.00000000000000,   -0.00001296409728,    1.41205249043443,    0.00000000000000,    1.41205249043443,  -13.67618769641103,    0.00000000000000,
  108,    2,    1.34375000000000,    0.01875000000000,    1.42944314465301,    0.00000000000000,    1.42944314465301,   -0.00000906933398,   -0.00000000000000,   -0.00001296409728,    1.41205249043443,    0.00000000000000,    1.41205249043443,  -13.67618769641103,    0.00000000000000,
  108,    3,    1.34375000000000,    0.03125000000000,    1.42944314465301,    0.00000000000000,    1.42944314465301,   -0.00000906933398,   -0.00000000000000,   -0.00001296409728,    1.41205249043443,    0.00000000000000,    1.41205249043443,  -13.67618769641103,    0.00000000000000,
  108,    4,    1.34375000000000,    0.04375000000000,    1.42944314465301,    0.00000000000000,    1.42944314465301,   -0.00000906933398,   -0.00000000000000,   -0.00001296409728,    1.41205249043443,    0.00000000000000,    1.41205249043443,  -13.67618769641103,    0.00000000000000,
  108,    5,    1.34375000000000,    0.05625000000000,    1.42944314465301,    0.00000000000000,    1.42944314465301,   -0.00000906933398,   -0.00000000000000,   -0.00001296409728,    1.41205249043443,    0.00000000000000,    1.41205249043443,  -13.67618769641103,    0.00000000000000,
  109,    1,    1.35625000000000,    0.00625000000000,    1.41770443804158,    0.00000000000000,    1.41770443804158,   -0.00000865370913,   -0.00000000000000,   -0.00001226840184,    1.40016781063185,    0.00000000000000,    1.40016781063185,  -12.55456491639300,    0.00000000000000,
  109,    2,    1.35625000000000,    0.01875000000000,    1.41770443804158,    0.00000000000000,    1.41770443804158,   -0.00000865370913,   -0.00000000000000,   -0.00001226840184,    1.40016781063185,    0.00000000000000,    1.40016781063185,  -12.55456491639300,    0.00000000000000,
  109,    3,    1.35625000000000,    0.03125000000000,    1.41770443804158,    0.00000000000000,    1.41770443804158,   -0.00000865370913,   -0.00000000000000,   -0.00001226840184,    1.40016781063185,    0.00000000000000,    1.40016781063185,  -12.55456491639300,    0.00000000000000,
  109,    4,    1.35625000000000,    0.04375000000000,    1.41770443804158,    0.00000000000000,    1.41770443804158,   -0.00000865370913,   -0.00000000000000,   -0.00001226840184,    1.40016781063185,    0.00000000000000,    1.40016781063185,  -12.55456491639300,    0.00000000000000,
  109,    5,    1.35625000000000,    0.05625000000000,    1.41770443804158,    0.00000000000000,    1.41770443804158,   -0.00000865370913,   -0.00000000000000,   -0.00001226840184,    1.40016781063185,    0.00000000000000,    1.40016781063185,  -12.55456491639300,    0.00000000000000,
  110,    1,    1.36875000000000,    0.00625000000000,    1.40688148064448,    0.00000000000000,    1.40688148064448,   -0.00000816914628,    0.00000000000000,   -0.00001149302062,    1.38920802858858,    0.00000000000000,    1.38920802858858,  -11.43845032842406,    0.00000000000000,
  110,    2,    1.36875000000000,    0.01875000000000,    1.40688148064448,    0.00000000000000,    1.40688148064448,   -0.00000816914628,    0.00000000000000,   -0.00001149302062,    1.38920802858858,    0.00000000000000,    1.38920802858858,  -11.43845032842406,    0.00000000000000,
  110,    3,    1.36875000000000,    0.03125000000000,    1.40688148064448,    0.00000000000000,    1.40688148064448,   -0.00000816914628,    0.00000000000000,   -0.00001149302062,    1.38920802858858,    0.00000000000000,    1.38920802858858,  -11.43845032842406,    0.00000000000000,
  110,    4,    1.36875000000000,    0.04375000000000,    1.40688148064448,    0.00000000000000,    1.40688148064448,   -0.00000816914628,    0.00000000000000,   -0.00001149302062,    1.38920802858858,    0.00000000000000,    1.38920802858858,  -11.43845032842406,    0.00000000000000,
  110,    5,    1.36875000000000,    0.05625000000000,    1.40688148064448,    0.00000000000000,    1.40688148064448,   -0.00000816914628,    0.00000000000000,   -0.00001149302062,    1.38920802858858,    0.00000000000000,    1.38920802858858,  -11.43845032842406,    0.00000000000000,
  111,    1,    1.38125000000000,    0.00625000000000,    1.39699046243396,    0.00000000000000,    1.39699046243396,   -0.00000761819727,   -0.00000000000000,   -0.00001064254893,    1.37919004349413,    0.00000000000000,    1.37919004349413,  -10.32795020346799,    0.00000000000000,
  111,    2,    1.38125000000000,    0.01875000000000,    1.39699046243396,    0.00000000000000,    1.39699046243396,   -0.00000761819727,   -0.00000000000000,   -0.00001064254893,    1.37919004349413,    0.00000000000000,    1.37919004349413,  -10.32795020346799,    0.00000000000000,
  111,    3,    1.38125000000000,    0.03125000000000,    1.39699046243396,    0.00000000000000,    1.39699046243396,   -0.00000761819727,   -0.00000000000000,   -0.00001064254893,    1.37919004349413,    0.00000000000000,    1.37919004349413,  -10.32795020346799,    0.00000000000000,
  111,    4,    1.38125000000000,    0.04375000000000,    1.39699046243396,    0.00000000000000,    1.39699046243396,   -0.00000761819727,   -0.00000000000000,   -0.00001064254893,    1.37919004349413,    0.00000000000000,    1.37919004349413,  -10.32795020346799,    0.00000000000000,
  111,    5,    1.38125000000000,    0.05625000000000,    1.39699046243396,    0.00000000000000,    1.39699046243396,   -0.00000761819727,   -0.00000000000000,   -0.00001064254893,    1.37919004349413,    0.00000000000000,    1.37919004349413,  -10.32795020346799,    0.00000000000000,
  112,    1,    1.39375000000000,    0.00625000000000,    1.38804615274769,    0.00000000000000,    1.38804615274769,   -0.00000700419227,   -0.00000000000000,   -0.00000972214214,    1.37012930235541,    0.00000000000000,    1.37012930235541,   -9.22301880078114,    0.00000000000000,
  112,    2,    1.39375000000000,    0.01875000000000,    1.38804615274769,    0.00000000000000,    1.38804615274769,   -0.00000700419227,   -0.00000000000000,   -0.00000972214214,    1.37012930235541,    0.00000000000000,    1.37012930235541,   -9.22301880078114,    0.00000000000000,
  112,    3,    1.39375000000000,    0.03125000000000,    1.38804615274769,    0.00000000000000,    1.38804615274769,   -0.00000700419227,   -0.00000000000000,   -0.00000972214214,    1.37012930235541,    0.00000000000000,    1.37012930235541,   -9.22301880078114,    0.00000000000000,
  112,    4,    1.39375000000000,    0.04375000000000,    1.38804615274769,    0.00000000000000,    1.38804615274769,   -0.00000700419227,   -0.00000000000000,   -0.00000972214214,    1.37012930235541,    0.00000000000000,    1.37012930235541,   -9.22301880078114,    0.00000000000000,
  112,    5,    1.39375000000000,    0.05625000000000,    1.38804615274769,    0.00000000000000,    1.38804615274769,   -0.00000700419227,   -0.00000000000000,   -0.00000972214214,    1.37012930235541,    0.00000000000000,    1.37012930235541,   -9.22301880078114,    0.00000000000000,
  113,    1,    1.40625000000000,    0.00625000000000,    1.38006188440895,    0.00000000000000,    1.38006188440895,   -0.00000633123242,    0.00000000000000,   -0.00000873749255,    1.36203977617853,    0.00000000000000,    1.36203977617853,   -8.12346927741284,    0.00000000000000,
  113,    2,    1.40625000000000,    0.01875000000000,    1.38006188440895,    0.00000000000000,    1.38006188440895,   -0.00000633123242,    0.00000000000000,   -0.00000873749255,    1.36203977617853,    0.00000000000000,    1.36203977617853,   -8.12346927741284,    0.00000000000000,
  113,    3,    1.40625000000000,    0.03125000000000,    1.38006188440895,    0.00000000000000,    1.38006188440895,   -0.00000633123242,    0.00000000000000,   -0.00000873749255,    1.36203977617853,    0.00000000000000,    1.36203977617853,   -8.12346927741284,    0.00000000000000,
  113,    4,    1.40625000000000,    0.04375000000000,    1.38006188440895,    0.00000000000000,    1.38006188440895,   -0.00000633123242,    0.00000000000000,   -0.00000873749255,    1.36203977617853,    0.00000000000000,    1.36203977617853,   -8.12346927741284,    0.00000000000000,
  113,    5,    1.40625000000000,    0.05625000000000,    1.38006188440895,    0.00000000000000,    1.38006188440895,   -0.00000633123242,    0.00000000000000,   -0.00000873749255,    1.36203977617853,    0.00000000000000,    1.36203977617853,   -8.12346927741284,    0.00000000000000,
  114,    1,    1.41875000000000,    0.00625000000000,    1.37304953999781,    0.00000000000000,    1.37304953999781,   -0.00000560416860,    0.00000000000000,   -0.00000769480112,    1.35493393842649,    0.00000000000000,    1.35493393842649,   -7.02898563227865,    0.00000000000000,
  114,    2,    1.41875000000000,    0.01875000000000,    1.37304953999781,    0.00000000000000,    1.37304953999781,   -0.00000560416860,    0.00000000000000,   -0.00000769480112,    1.35493393842649,    0.00000000000000,    1.35493393842649,   -7.02898563227865,    0.00000000000000,
  114,    3,    1.41875000000000,    0.03125000000000,    1.37304953999781,    0.00000000000000,    1.37304953999781,   -0.00000560416860,    0.00000000000000,   -0.00000769480112,    1.35493393842649,    0.00000000000000,    1.35493393842649,   -7.02898563227865,    0.00000000000000,
  114,    4,    1.41875000000000,    0.04375000000000,    1.37304953999781,    0.00000000000000,    1.37304953999781,   -0.00000560416860,    0.00000000000000,   -0.00000769480112,    1.35493393842649,    0.00000000000000,    1.35493393842649,   -7.02898563227865,    0.00000000000000,
  114,    5,    1.41875000000000,    0.05625000000000,    1.37304953999781,    0.00000000000000,    1.37304953999781,   -0.00000560416860,    0.00000000000000,   -0.00000769480112,    1.35493393842649,    0.00000000000000,    1.35493393842649,   -7.02898563227865,    0.00000000000000,
  115,    1,    1.43125000000000,    0.00625000000000,    1.36701954014078,    0.00000000000000,    1.36701954014078,   -0.00000482856503,    0.00000000000000,   -0.00000660074275,    1.34882274578609,    0.00000000000000,    1.34882274578609,   -5.93913559452583,    0.00000000000000,
  115,    2,    1.43125000000000,    0.01875000000000,    1.36701954014078,    0.00000000000000,    1.36701954014078,   -0.00000482856503,    0.00000000000000,   -0.00000660074275,    1.34882274578609,    0.00000000000000,    1.34882274578609,   -5.93913559452583,    0.00000000000000,
  115,    3,    1.43125000000000,    0.03125000000000,    1.36701954014078,    0.00000000000000,    1.36701954014078,   -0.00000482856503,    0.00000000000000,   -0.00000660074275,    1.34882274578609,    0.00000000000000,    1.34882274578609,   -5.93913559452583,    0.00000000000000,
  115,    4,    1.43125000000000,    0.04375000000000,    1.36701954014078,    0.00000000000000,    1.36701954014078,   -0.00000482856503,    0.00000000000000,   -0.00000660074275,    1.34882274578609,    0.00000000000000,    1.34882274578609,   -5.93913559452583,    0.00000000000000,
  115,    5,    1.43125000000000,    0.05625000000000,    1.36701954014078,    0.00000000000000,    1.36701954014078,   -0.00000482856503,    0.00000000000000,   -0.00000660074275,    1.34882274578609,    0.00000000000000,    1.34882274578609,   -5.93913559452583,    0.00000000000000,
  116,    1,    1.44375000000000,    0.00625000000000,    1.36198083367860,    0.00000000000000,    1.36198083367860,   -0.00000401064724,    0.00000000000000,   -0.00000546242467,    1.34371562127341,    0.00000000000000,    1.34371562127341,   -4.85338435986155,    0.00000000000000,
  116,    2,    1.44375000000000,    0.01875000000000,    1.36198083367860,    0.00000000000000,    1.36198083367860,   -0.00000401064724,    0.00000000000000,   -0.00000546242467,    1.34371562127341,    0.00000000000000,    1.34371562127341,   -4.85338435986155,    0.00000000000000,
  116,    3,    1.44375000000000,    0.03125000000000,    1.36198083367860,    0.00000000000000,    1.36198083367860,   -0.00000401064724,    0.00000000000000,   -0.00000546242467,    1.34371562127341,    0.00000000000000,    1.34371562127341,   -4.85338435986155,    0.00000000000000,
  116,    4,    1.44375000000000,    0.04375000000000,    1.36198083367860,    0.00000000000000,    1.36198083367860,   -0.00000401064724,    0.00000000000000,   -0.00000546242467,    1.34371562127341,    0.00000000000000,    1.34371562127341,   -4.85338435986155,    0.00000000000000,
  116,    5,    1.44375000000000,    0.05625000000000,    1.36198083367860,    0.00000000000000,    1.36198083367860,   -0.00000401064724,    0.00000000000000,   -0.00000546242467,    1.34371562127341,    0.00000000000000,    1.34371562127341,   -4.85338435986155,    0.00000000000000,
  117,    1,    1.45625000000000,    0.00625000000000,    1.35794088957025,    0.00000000000000,    1.35794088957025,   -0.00000315723400,    0.00000000000000,   -0.00000428733715,    1.33962043970428,    0.00000000000000,    1.33962043970428,   -3.77110907308343,    0.00000000000000,
  117,    2,    1.45625000000000,    0.01875000000000,    1.35794088957025,    0.00000000000000,    1.35794088957025,   -0.00000315723400,    0.00000000000000,   -0.00000428733715,    1.33962043970428,    0.00000000000000,    1.33962043970428,   -3.77110907308343,    0.00000000000000,
  117,    3,    1.45625000000000,    0.03125000000000,    1.35794088957025,    0.00000000000000,    1.35794088957025,   -0.00000315723400,    0.00000000000000,   -0.00000428733715,    1.33962043970428,    0.00000000000000,    1.33962043970428,   -3.77110907308343,    0.00000000000000,
  117,    4,    1.45625000000000,    0.04375000000000,    1.35794088957025,    0.00000000000000,    1.35794088957025,   -0.00000315723400,    0.00000000000000,   -0.00000428733715,    1.33962043970428,    0.00000000000000,    1.33962043970428,   -3.77110907308343,    0.00000000000000,
  117,    5,    1.45625000000000,    0.05625000000000,    1.35794088957025,    0.00000000000000,    1.35794088957025,   -0.00000315723400,    0.00000000000000,   -0.00000428733715,    1.33962043970428,    0.00000000000000,    1.33962043970428,   -3.77110907308343,    0.00000000000000,
  118,    1,    1.46875000000000,    0.00625000000000,    1.35490569039548,    0.00000000000000,    1.35490569039548,   -0.00000227565416,    0.00000000000000,   -0.00000308329677,    1.33654351555187,    0.00000000000000,    1.33654351555187,   -2.69161395027640,    0.00000000000000,
  118,    2,    1.46875000000000,    0.01875000000000,    1.35490569039548,    0.00000000000000,    1.35490569039548,   -0.00000227565416,    0.00000000000000,   -0.00000308329677,    1.33654351555187,    0.00000000000000,    1.33654351555187,   -2.69161395027640,    0.00000000000000,
  118,    3,    1.46875000000000,    0.03125000000000,    1.35490569039548,    0.00000000000000,    1.35490569039548,   -0.00000227565416,    0.00000000000000,   -0.00000308329677,    1.33654351555187,    0.00000000000000,    1.33654351555187,   -2.69161395027640,    0.00000000000000,
  118,    4,    1.46875000000000,    0.04375000000000,    1.35490569039548,    0.00000000000000,    1.35490569039548,   -0.00000227565416,    0.00000000000000,   -0.00000308329677,    1.33654351555187,    0.00000000000000,    1.33654351555187,   -2.69161395027640,    0.00000000000000,
  118,    5,    1.46875000000000,    0.05625000000000,    1.35490569039548,    0.00000000000000,    1.35490569039548,   -0.00000227565416,    0.00000000000000,   -0.00000308329677,    1.33654351555187,    0.00000000000000,    1.33654351555187,   -2.69161395027640,    0.00000000000000,
  119,    1,    1.48125000000000,    0.00625000000000,    1.35287972732875,    0.00000000000000,    1.35287972732875,   -0.00000137364944,    0.00000000000000,   -0.00000185838248,    1.33448959321019,    0.00000000000000,    1.33448959321019,   -1.61414593004572,    0.00000000000000,
  119,    2,    1.48125000000000,    0.01875000000000,    1.35287972732875,    0.00000000000000,    1.35287972732875,   -0.00000137364944,    0.00000000000000,   -0.00000185838248,    1.33448959321019,    0.00000000000000,    1.33448959321019,   -1.61414593004572,    0.00000000000000,
  119,    3,    1.48125000000000,    0.03125000000000,    1.35287972732875,    0.00000000000000,    1.35287972732875,   -0.00000137364944,    0.00000000000000,   -0.00000185838248,    1.33448959321019,    0.00000000000000,    1.33448959321019,   -1.61414593004572,    0.00000000000000,
  119,    4,    1.48125000000000,    0.04375000000000,    1.35287972732875,    0.00000000000000,    1.35287972732875,   -0.00000137364944,    0.00000000000000,   -0.00000185838248,    1.33448959321019,    0.00000000000000,    1.33448959321019,   -1.61414593004572,    0.00000000000000,
  119,    5,    1.48125000000000,    0.05625000000000,    1.35287972732875,    0.00000000000000,    1.35287972732875,   -0.00000137364944,    0.00000000000000,   -0.00000185838248,    1.33448959321019,    0.00000000000000,    1.33448959321019,   -1.61414593004572,    0.00000000000000,
  120,    1,    1.49375000000000,    0.00625000000000,    1.35186599647429,    0.00000000000000,    1.35186599647429,   -0.00000045926557,    0.00000000000000,   -0.00000062086551,    1.33346183967862,    0.00000000000000,    1.33346183967862,   -0.53791073977297,    0.00000000000000,
  120,    2,    1.49375000000000,    0.01875000000000,    1.35186599647429,    0.00000000000000,    1.35186599647429,   -0.00000045926557,    0.00000000000000,   -0.00000062086551,    1.33346183967862,    0.00000000000000,    1.33346183967862,   -0.53791073977297,    0.00000000000000,
  120,    3,    1.49375000000000,    0.03125000000000,    1.35186599647429,    0.00000000000000,    1.35186599647429,   -0.00000045926557,    0.00000000000000,   -0.00000062086551,    1.33346183967862,    0.00000000000000,    1.33346183967862,   -0.53791073977297,    0.00000000000000,
  120,    4,    1.49375000000000,    0.04375000000000,    1.35186599647429,    0.00000000000000,    1.35186599647429,   -0.00000045926557,    0.00000000000000,   -0.00000062086551,    1.33346183967862,    0.00000000000000,    1.33346183967862,   -0.53791073977297,    0.00000000000000,
  120,    5,    1.49375000000000,    0.05625000000000,    1.35186599647429,    0.00000000000000,    1.35186599647429,   -0.00000045926557,    0.00000000000000,   -0.00000062086551,    1.33346183967862,    0.00000000000000,    1.33346183967862,   -0.53791073977297,    0.00000000000000,
  121,    1,    1.50625000000000,    0.00625000000000,    1.35186599647429,    0.00000000000000,    1.35186599647429,    0.00000045926558,    0.00000000000000,    0.00000062086551,    1.33346183967862,    0.00000000000000,    1.33346183967862,    0.53791073977298,    0.00000000000000,
  121,    2,    1.50625000000000,    0.01875000000000,    1.35186599647429,    0.00000000000000,    1.35186599647429,    0.00000045926558,    0.00000000000000,    0.00000062086551,    1.33346183967862,    0.00000000000000,    1.33346183967862,    0.53791073977298,    0.00000000000000,
  121,    3,    1.50625000000000,    0.03125000000000,    1.35186599647429,    0.00000000000000,    1.35186599647429,    0.00000045926558,    0.00000000000000,    0.00000062086551,    1.33346183967862,    0.00000000000000,    1.33346183967862,    0.53791073977298,    0.00000000000000,
  121,    4,    1.50625000000000,    0.04375000000000,    1.35186599647429,    0.00000000000000,    1.35186599647429,    0.00000045926558,    0.00000000000000,    0.00000062086551,    1.33346183967862,    0.00000000000000,    1.33346183967862,    0.53791073977298,    0.00000000000000,
  121,    5,    1.50625000000000,    0.05625000000000,    1.35186599647429,    0.00000000000000,    1.35186599647429,    0.00000045926558,    0.00000000000000,    0.00000062086551,    1.33346183967862,    0.00000000000000,    1.33346183967862,    0.53791073977298,    0.00000000000000,
  122,    1,    1.51875000000000,    0.00625000000000,    1.35287972732875,    0.00000000000000,    1.35287972732875,    0.00000137364944,    0.00000000000000,    0.00000185838249,    1.33448959321019,    0.00000000000000,    1.33448959321019,    1.61414593004573,    0.00000000000000,
  122,    2,    1.51875000000000,    0.01875000000000,    1.35287972732875,    0.00000000000000,    1.35287972732875,    0.00000137364944,    0.00000000000000,    0.00000185838249,    1.33448959321019,    0.00000000000000,    1.33448959321019,    1.61414593004573,    0.00000000000000,
  122,    3,    1.51875000000000,    0.03125000000000,    1.35287972732875,    0.00000000000000,    1.35287972732875,    0.00000137364944,    0.00000000000000,    0.00000185838249,    1.33448959321019,    0.00000000000000,    1.33448959321019,    1.61414593004573,    0.00000000000000,
  122,    4,    1.51875000000000,    0.04375000000000,    1.35287972732875,    0.00000000000000,    1.35287972732875,    0.00000137364944,    0.00000000000000,    0.00000185838249,    1.33448959321019,    0.00000000000000,    1.33448959321019,    1.61414593004573,    0.00000000000000,
  122,    5,    1.51875000000000,    0.05625000000000,    1.35287972732875,    0.00000000000000,    1.35287972732875,    0.00000137364944,    0.00000000000000,    0.00000185838249,    1.33448959321019,    0.00000000000000,    1.33448959321019,    1.61414593004573,    0.00000000000000,
  123,    1,    1.53125000000000,    0.00625000000000,    1.35490569039548,    0.00000000000000,    1.35490569039548,    0.00000227565416,   -0.00000000000000,    0.00000308329678,    1.33654351555187,    0.00000000000000,    1.33654351555187,    2.69161395027639,    0.00000000000000,
  123,    2,    1.53125000000000,    0.01875000000000,    1.35490569039548,    0.00000000000000,    1.35490569039548,    0.00000227565416,   -0.00000000000000,    0.00000308329678,    1.33654351555187,    0.00000000000000,    1.33654351555187,    2.69161395027639,    0.00000000000000,
  123,    3,    1.53125000000000,    0.03125000000000,    1.35490569039548,    0.00000000000000,    1.35490569039548,    0.00000227565416,   -0.00000000000000,    0.00000308329678,    1.33654351555187,    0.00000000000000,    1.33654351555187,    2.69161395027639,    0.00000000000000,
  123,    4,    1.53125000000000,    0.04375000000000,    1.35490569039548,    0.00000000000000,    1.35490569039548,    0.00000227565416,   -0.00000000000000,    0.00000308329678,    1.33654351555187,    0.00000000000000,    1.33654351555187,    2.69161395027639,    0.00000000000000,
  123,    5,    1.53125000000000,    0.05625000000000,    1.35490569039548,    0.00000000000000,    1.35490569039548,    0.00000227565416,   -0.00000000000000,    0.00000308329678,    1.33654351555187,    0.00000000000000,    1.33654351555187,    2.69161395027639,    0.00000000000000,
  124,    1,    1.54375000000000,    0.00625000000000,    1.35794088957025,    0.00000000000000,    1.35794088957025,    0.00000315723400,   -0.00000000000000,    0.00000428733715,    1.33962043970428,    0.00000000000000,    1.33962043970428,    3.77110907308345,    0.00000000000000,
  124,    2,    1.54375000000000,    0.01875000000000,    1.35794088957025,    0.00000000000000,    1.35794088957025,    0.00000315723400,   -0.00000000000000,    0.00000428733715,    1.33962043970428,    0.00000000000000,    1.33962043970428,    3.77110907308345,    0.00000000000000,
  124,    3,    1.54375000000000,    0.03125000000000,    1.35794088957025,    0.00000000000000,    1.35794088957025,    0.00000315723400,   -0.00000000000000,    0.00000428733715,    1.33962043970428,    0.00000000000000,    1.33962043970428,    3.77110907308345,    0.00000000000000,
  124,    4,    1.54375000000000,    0.04375000000000,    1.35794088957025,    0.00000000000000,    1.35794088957025,    0.00000315723400,   -0.00000000000000,    0.00000428733715,    1.33962043970428,    0.00000000000000,    1.33962043970428,    3.77110907308345,    0.00000000000000,
  124,    5,    1.54375000000000,    0.05625000000000,    1.35794088957025,    0.00000000000000,    1.35794088957025,    0.00000315723400,   -0.00000000000000,    0.00000428733715,    1.33962043970428,    0.00000000000000,    1.33962043970428,    3.77110907308345,    0.00000000000000,
  125,    1,    1.55625000000000,    0.00625000000000,    1.36198083367860,    0.00000000000000,    1.36198083367860,    0.00000401064724,   -0.00000000000000,    0.00000546242467,    1.34371562127341,    0.00000000000000,    1.34371562127341,    4.85338435986154,    0.00000000000000,
  125,    2,    1.55625000000000,    0.01875000000000,    1.36198083367860,    0.00000000000000,    1.36198083367860,    0.00000401064724,   -0.00000000000000,    0.00000546242467,    1.34371562127341,    0.00000000000000,    1.34371562127341,    4.85338435986154,    0.00000000000000,
  125,    3,    1.55625000000000,    0.03125000000000,    1.36198083367860,    0.00000000000000,    1.36198083367860,    0.00000401064724,   -0.00000000000000,    0.00000546242467,    1.34371562127341,    0.00000000000000,    1.34371562127341,    4.85338435986154,    0.00000000000000,
  125,    4,    1.55625000000000,    0.04375000000000,    1.36198083367860,    0.00000000000000,    1.36198083367860,    0.00000401064724,   -0.00000000000000,    0.00000546242467,    1.34371562127341,    0.00000000000000,    1.34371562127341,    4.85338435986154,    0.00000000000000,
  125,    5,    1.55625000000000,    0.05625000000000,    1.36198083367860,    0.00000000000000,    1.36198083367860,    0.00000401064724,   -0.00000000000000,    0.00000546242467,    1.34371562127341,    0.00000000000000,    1.34371562127341,    4.85338435986154,    0.00000000000000,
  126,    1,    1.56875000000000,    0.00625000000000,    1.36701954014078,    0.00000000000000,    1.36701954014078,    0.00000482856503,    0.00000000000000,    0.00000660074275,    1.34882274578609,    0.00000000000000,    1.34882274578609,    5.93913559452585,    0.00000000000000,
  126,    2,    1.56875000000000,    0.01875000000000,    1.36701954014078,    0.00000000000000,    1.36701954014078,    0.00000482856503,    0.00000000000000,    0.00000660074275,    1.34882274578609,    0.00000000000000,    1.34882274578609,    5.93913559452585,    0.00000000000000,
  126,    3,    1.56875000000000,    0.03125000000000,    1.36701954014078,    0.00000000000000,    1.36701954014078,    0.00000482856503,    0.00000000000000,    0.00000660074275,    1.34882274578609,    0.00000000000000,    1.34882274578609,    5.93913559452585,    0.00000000000000,
  126,    4,    1.56875000000000,    0.04375000000000,    1.36701954014078,    0.00000000000000,    1.36701954014078,    0.00000482856503,    0.00000000000000,    0.00000660074275,    1.34882274578609,    0.00000000000000,    1.34882274578609,    5.93913559452585,    0.00000000000000,
  126,    5,    1.56875000000000,    0.05625000000000,    1.36701954014078,    0.00000000000000,    1.36701954014078,    0.00000482856503,    0.00000000000000,    0.00000660074275,    1.34882274578609,    0.00000000000000,    1.34882274578609,    5.93913559452585,    0.00000000000000,
  127,    1,    1.58125000000000,    0.00625000000000,    1.37304953999781,    0.00000000000000,    1.37304953999781,    0.00000560416860,   -0.00000000000000,    0.00000769480112,    1.35493393842649,    0.00000000000000,    1.35493393842649,    7.02898563227866,    0.00000000000000,
  127,    2,    1.58125000000000,    0.01875000000000,    1.37304953999781,    0.00000000000000,    1.37304953999781,    0.00000560416860,   -0.00000000000000,    0.00000769480112,    1.35493393842649,    0.00000000000000,    1.35493393842649,    7.02898563227866,    0.00000000000000,
  127,    3,    1.58125000000000,    0.03125000000000,    1.37304953999781,    0.00000000000000,    1.37304953999781,    0.00000560416860,   -0.00000000000000,    0.00000769480112,    1.35493393842649,    0.00000000000000,    1.35493393842649,    7.02898563227866,    0.00000000000000,
  127,    4,    1.58125000000000,    0.04375000000000,    1.37304953999781,    0.00000000000000,    1.37304953999781,    0.00000560416860,   -0.00000000000000,    0.00000769480112,    1.35493393842649,    0.00000000000000,    1.35493393842649,    7.02898563227866,    0.00000000000000,
  127,    5,    1.58125000000000,    0.05625000000000,    1.37304953999781,    0.00000000000000,    1.37304953999781,    0.00000560416860,   -0.00000000000000,    0.00000769480112,    1.35493393842649,    0.00000000000000,    1.35493393842649,    7.02898563227866,    0.00000000000000,
  128,    1,    1.59375000000000,    0.00625000000000,    1.38006188440895,    0.00000000000000,    1.38006188440895,    0.00000633123243,   -0.00000000000000,    0.00000873749255,    1.36203977617853,    0.00000000000000,    1.36203977617853,    8.12346927741283,    0.00000000000000,
  128,    2,    1.59375000000000,    0.01875000000000,    1.38006188440895,    0.00000000000000,    1.38006188440895,    0.00000633123243,   -0.00000000000000,    0.00000873749255,    1.36203977617853,    0.00000000000000,    1.36203977617853,    8.12346927741283,    0.00000000000000,
  128,    3,    1.59375000000000,    0.03125000000000,    1.38006188440895,    0.00000000000000,    1.38006188440895,    0.00000633123243,   -0.00000000000000,    0.00000873749255,    1.36203977617853,    0.00000000000000,    1.36203977617853,    8.12346927741283,    0.00000000000000,
  128,    4,    1.59375000000000,    0.04375000000000,    1.38006188440895,    0.00000000000000,    1.38006188440895,    0.00000633123243,   -0.00000000000000,    0.00000873749255,    1.36203977617853,    0.00000000000000,    1.36203977617853,    8.12346927741283,    0.00000000000000,
  128,    5,    1.59375000000000,    0.05625000000000,    1.38006188440895,    0.00000000000000,    1.38006188440895,    0.00000633123243,   -0.00000000000000,    0.00000873749255,    1.36203977617853,    0.00000000000000,    1.36203977617853,    8.12346927741283,    0.00000000000000,
  129,    1,    1.60625000000000,    0.00625000000000,    1.38804615274769,    0.00000000000000,    1.38804615274769,    0.00000700419227,   -0.00000000000000,    0.00000972214214,    1.37012930235541,    0.00000000000000,    1.37012930235541,    9.22301880078115,    0.00000000000000,
  129,    2,    1.60625000000000,    0.01875000000000,    1.38804615274769,    0.00000000000000,    1.38804615274769,    0.00000700419227,   -0.00000000000000,    0.00000972214214,    1.37012930235541,    0.00000000000000,    1.37012930235541,    9.22301880078115,    0.00000000000000,
  129,    3,    1.60625000000000,    0.03125000000000,    1.38804615274769,    0.00000000000000,    1.38804615274769,    0.00000700419227,   -0.00000000000000,    0.00000972214214,    1.37012930235541,    0.00000000000000,    1.37012930235541,    9.22301880078115,    0.00000000000000,
  129,    4,    1.60625000000000,    0.04375000000000,    1.38804615274769,    0.00000000000000,    1.38804615274769,    0.00000700419227,   -0.00000000000000,    0.00000972214214,    1.37012930235541,    0.00000000000000,    1.37012930235541,    9.22301880078115,    0.00000000000000,
  129,    5,    1.60625000000000,    0.05625000000000,    1.38804615274769,    0.00000000000000,    1.38804615274769,    0.00000700419227,   -0.00000000000000,    0.00000972214214,    1.37012930235541,    0.00000000000000,    1.37012930235541,    9.22301880078115,    0.00000000000000,
  130,    1,    1.61875000000000,    0.00625000000000,    1.39699046243396,    0.00000000000000,    1.39699046243396,    0.00000761819728,    0.00000000000000,    0.00001064254894,    1.37919004349413,    0.00000000000000,    1.37919004349413,   10.32795020346801,    0.00000000000000,
  130,    2,    1.61875000000000,    0.01875000000000,    1.39699046243396,    0.00000000000000,    1.39699046243396,    0.00000761819728,    0.00000000000000,    0.00001064254894,    1.37919004349413,    0.00000000000000,    1.37919004349413,   10.32795020346801,    0.00000000000000,
  130,    3,    1.61875000000000,    0.03125000000000,    1.39699046243396,    0.00000000000000,    1.39699046243396,    0.00000761819728,    0.00000000000000,    0.00001064254894,    1.37919004349413,    0.00000000000000,    1.37919004349413,   10.32795020346801,    0.00000000000000,
  130,    4,    1.61875000000000,    0.04375000000000,    1.39699046243396,    0.00000000000000,    1.39699046243396,    0.00000761819728,    0.00000000000000,    0.00001064254894,    1.37919004349413,    0.00000000000000,    1.37919004349413,   10.32795020346801,    0.00000000000000,
  130,    5,    1.61875000000000,    0.05625000000000,    1.39699046243396,    0.00000000000000,    1.39699046243396,    0.00000761819728,    0.00000000000000,    0.00001064254894,    1.37919004349413,    0.00000000000000,    1.37919004349413,   10.32795020346801,    0.00000000000000,
  131,    1,    1.63125000000000,    0.00625000000000,    1.40688148064448,    0.00000000000000,    1.40688148064448,    0.00000816914629,   -0.00000000000000,    0.00001149302062,    1.38920802858858,    0.00000000000000,    1.38920802858858,   11.43845032842407,    0.00000000000000,
  131,    2,    1.63125000000000,    0.01875000000000,    1.40688148064448,    0.00000000000000,    1.40688148064448,    0.00000816914629,   -0.00000000000000,    0.00001149302062,    1.38920802858858,    0.00000000000000,    1.38920802858858,   11.43845032842407,    0.00000000000000,
  131,    3,    1.63125000000000,    0.03125000000000,    1.40688148064448,    0.00000000000000,    1.40688148064448,    0.00000816914629,   -0.00000000000000,    0.00001149302062,    1.38920802858858,    0.00000000000000,    1.38920802858858,   11.43845032842407,    0.00000000000000,
  131,    4,    1.63125000000000,    0.04375000000000,    1.40688148064448,    0.00000000000000,    1.40688148064448,    0.00000816914629,   -0.00000000000000,    0.00001149302062,    1.38920802858858,    0.00000000000000,    1.38920802858858,   11.43845032842407,    0.00000000000000,
  131,    5,    1.63125000000000,    0.05625000000000,    1.40688148064448,    0.00000000000000,    1.40688148064448,    0.00000816914629,   -0.00000000000000,    0.00001149302062,    1.38920802858858,    0.00000000000000,    1.38920802858858,   11.43845032842407,    0.00000000000000,
  132,    1,    1.64375000000000,    0.00625000000000,    1.41770443804158,    0.00000000000000,    1.41770443804158,    0.00000865370913,   -0.00000000000000,    0.00001226840184,    1.40016781063185,    0.00000000000000,    1.40016781063185,   12.55456491639302,    0.00000000000000,
  132,    2,    1.64375000000000,    0.01875000000000,    1.41770443804158,    0.00000000000000,    1.41770443804158,    0.00000865370913,   -0.00000000000000,    0.00001226840184,    1.40016781063185,    0.00000000000000,    1.40016781063185,   12.55456491639302,    0.00000000000000,
  132,    3,    1.64375000000000,    0.03125000000000,    1.41770443804158,    0.00000000000000,    1.41770443804158,    0.00000865370913,   -0.00000000000000,    0.00001226840184,    1.40016781063185,    0.00000000000000,    1.40016781063185,   12.55456491639302,    0.00000000000000,
  132,    4,    1.64375000000000,    0.04375000000000,    1.41770443804158,    0.00000000000000,    1.41770443804158,    0.00000865370913,   -0.00000000000000,    0.00001226840184,    1.40016781063185,    0.00000000000000,    1.40016781063185,   12.55456491639302,    0.00000000000000,
  132,    5,    1.64375000000000,    0.05625000000000,    1.41770443804158,    0.00000000000000,    1.41770443804158,    0.00000865370913,   -0.00000000000000,    0.00001226840184,    1.40016781063185,    0.00000000000000,    1.40016781063185,   12.55456491639302,    0.00000000000000,
  133,    1,    1.65625000000000,    0.00625000000000,    1.42944314465301,    0.00000000000000,    1.42944314465301,    0.00000906933398,   -0.00000000000000,    0.00001296409728,    1.41205249043443,    0.00000000000000,    1.41205249043443,   13.67618769641102,    0.00000000000000,
  133,    2,    1.65625000000000,    0.01875000000000,    1.42944314465301,    0.00000000000000,    1.42944314465301,    0.00000906933398,   -0.00000000000000,    0.00001296409728,    1.41205249043443,    0.00000000000000,    1.41205249043443,   13.67618769641102,    0.00000000000000,
  133,    3,    1.65625000000000,    0.03125000000000,    1.42944314465301,    0.00000000000000,    1.42944314465301,    0.00000906933398,   -0.00000000000000,    0.00001296409728,    1.41205249043443,    0.00000000000000,    1.41205249043443,   13.67618769641102,    0.00000000000000,
  133,    4,    1.65625000000000,    0.04375000000000,    1.42944314465301,    0.00000000000000,    1.42944314465301,    0.00000906933398,   -0.00000000000000,    0.00001296409728,    1.41205249043443,    0.00000000000000,    1.41205249043443,   13.67618769641102,    0.00000000000000,
  133,    5,    1.65625000000000,    0.05625000000000,    1.42944314465301,    0.00000000000000,    1.42944314465301,    0.00000906933398,   -0.00000000000000,    0.00001296409728,    1.41205249043443,    0.00000000000000,    1.41205249043443,   13.67618769641102,    0.00000000000000,
  134,    1,    1.66875000000000,    0.00625000000000,    1.44208000802288,    0.00000000000000,    1.44208000802288,    0.00000941424227,    0.00000000000000,    0.00001357609057,    1.42484374268147,    0.00000000000000,    1.42484374268147,   14.80305059452580,    0.00000000000000,
  134,    2,    1.66875000000000,    0.01875000000000,    1.44208000802288,    0.00000000000000,    1.44208000802288,    0.00000941424227,    0.00000000000000,    0.00001357609057,    1.42484374268147,    0.00000000000000,    1.42484374268147,   14.80305059452580,    0.00000000000000,
  134,    3,    1.66875000000000,    0.03125000000000,    1.44208000802288,    0.00000000000000,    1.44208000802288,    0.00000941424227,    0.00000000000000,    0.00001357609057,    1.42484374268147,    0.00000000000000,    1.42484374268147,   14.80305059452580,    0.00000000000000,
  134,    4,    1.66875000000000,    0.04375000000000,    1.44208000802288,    0.00000000000000,    1.44208000802288,    0.00000941424227,    0.00000000000000,    0.00001357609057,    1.42484374268147,    0.00000000000000,    1.42484374268147,   14.80305059452580,    0.00000000000000,
  134,    5,    1.66875000000000,    0.05625000000000,    1.44208000802288,    0.00000000000000,    1.44208000802288,    0.00000941424227,    0.00000000000000,    0.00001357609057,    1.42484374268147,    0.00000000000000,    1.42484374268147,   14.80305059452580,    0.00000000000000,
  135,    1,    1.68125000000000,    0.00625000000000,    1.45559605373703,    0.00000000000000,    1.45559605373703,    0.00000968741286,    0.00000000000000,    0.00001410095992,    1.43852184418914,    0.00000000000000,    1.43852184418914,   15.93471513721005,    0.00000000000000,
  135,    2,    1.68125000000000,    0.01875000000000,    1.45559605373703,    0.00000000000000,    1.45559605373703,    0.00000968741286,    0.00000000000000,    0.00001410095992,    1.43852184418914,    0.00000000000000,    1.43852184418914,   15.93471513721005,    0.00000000000000,
  135,    3,    1.68125000000000,    0.03125000000000,    1.45559605373703,    0.00000000000000,    1.45559605373703,    0.00000968741286,    0.00000000000000,    0.00001410095992,    1.43852184418914,    0.00000000000000,    1.43852184418914,   15.93471513721005,    0.00000000000000,
  135,    4,    1.68125000000000,    0.04375000000000,    1.45559605373703,    0.00000000000000,    1.45559605373703,    0.00000968741286,    0.00000000000000,    0.00001410095992,    1.43852184418914,    0.00000000000000,    1.43852184418914,   15.93471513721005,    0.00000000000000,
  135,    5,    1.68125000000000,    0.05625000000000,    1.45559605373703,    0.00000000000000,    1.45559605373703,    0.00000968741286,    0.00000000000000,    0.00001410095992,    1.43852184418914,    0.00000000000000,    1.43852184418914,   15.93471513721005,    0.00000000000000,
  136,    1,    1.69375000000000,    0.00625000000000,    1.46997094840642,    0.00000000000000,    1.46997094840642,    0.00000988855696,   -0.00000000000000,    0.00001453589145,    1.45306570431632,    0.00000000000000,    1.45306570431632,   17.07056511827334,    0.00000000000000,
  136,    2,    1.69375000000000,    0.01875000000000,    1.46997094840642,    0.00000000000000,    1.46997094840642,    0.00000988855696,   -0.00000000000000,    0.00001453589145,    1.45306570431632,    0.00000000000000,    1.45306570431632,   17.07056511827334,    0.00000000000000,
  136,    3,    1.69375000000000,    0.03125000000000,    1.46997094840642,    0.00000000000000,    1.46997094840642,    0.00000988855696,   -0.00000000000000,    0.00001453589145,    1.45306570431632,    0.00000000000000,    1.45306570431632,   17.07056511827334,    0.00000000000000,
  136,    4,    1.69375000000000,    0.04375000000000,    1.46997094840642,    0.00000000000000,    1.46997094840642,    0.00000988855696,   -0.00000000000000,    0.00001453589145,    1.45306570431632,    0.00000000000000,    1.45306570431632,   17.07056511827334,    0.00000000000000,
  136,    5,    1.69375000000000,    0.05625000000000,    1.46997094840642,    0.00000000000000,    1.46997094840642,    0.00000988855696,   -0.00000000000000,    0.00001453589145,    1.45306570431632,    0.00000000000000,    1.45306570431632,   17.07056511827334,    0.00000000000000,
  137,    1,    1.70625000000000,    0.00625000000000,    1.48518302517001,    0.00000000000000,    1.48518302517001,    0.00001001808560,    0.00000000000000,    0.00001487869067,    1.46845289748486,    0.00000000000000,    1.46845289748486,   18.20980058995926,    0.00000000000000,
  137,    2,    1.70625000000000,    0.01875000000000,    1.48518302517001,    0.00000000000000,    1.48518302517001,    0.00001001808560,    0.00000000000000,    0.00001487869067,    1.46845289748486,    0.00000000000000,    1.46845289748486,   18.20980058995926,    0.00000000000000,
  137,    3,    1.70625000000000,    0.03125000000000,    1.48518302517001,    0.00000000000000,    1.48518302517001,    0.00001001808560,    0.00000000000000,    0.00001487869067,    1.46845289748486,    0.00000000000000,    1.46845289748486,   18.20980058995926,    0.00000000000000,
  137,    4,    1.70625000000000,    0.04375000000000,    1.48518302517001,    0.00000000000000,    1.48518302517001,    0.00001001808560,    0.00000000000000,    0.00001487869067,    1.46845289748486,    0.00000000000000,    1.46845289748486,   18.20980058995926,    0.00000000000000,
  137,    5,    1.70625000000000,    0.05625000000000,    1.48518302517001,    0.00000000000000,    1.48518302517001,    0.00001001808560,    0.00000000000000,    0.00001487869067,    1.46845289748486,    0.00000000000000,    1.46845289748486,   18.20980058995926,    0.00000000000000,
  138,    1,    1.71875000000000,    0.00625000000000,    1.50120931175603,    0.00000000000000,    1.50120931175603,    0.00001007707077,   -0.00000000000000,    0.00001512779248,    1.48465969775818,    0.00000000000000,    1.48465969775818,   19.35143323039748,    0.00000000000000,
  138,    2,    1.71875000000000,    0.01875000000000,    1.50120931175603,    0.00000000000000,    1.50120931175603,    0.00001007707077,   -0.00000000000000,    0.00001512779248,    1.48465969775818,    0.00000000000000,    1.48465969775818,   19.35143323039748,    0.00000000000000,
  138,    3,    1.71875000000000,    0.03125000000000,    1.50120931175603,    0.00000000000000,    1.50120931175603,    0.00001007707077,   -0.00000000000000,    0.00001512779248,    1.48465969775818,    0.00000000000000,    1.48465969775818,   19.35143323039748,    0.00000000000000,
  138,    4,    1.71875000000000,    0.04375000000000,    1.50120931175603,    0.00000000000000,    1.50120931175603,    0.00001007707077,   -0.00000000000000,    0.00001512779248,    1.48465969775818,    0.00000000000000,    1.48465969775818,   19.35143323039748,    0.00000000000000,
  138,    5,    1.71875000000000,    0.05625000000000,    1.50120931175603,    0.00000000000000,    1.50120931175603,    0.00001007707077,   -0.00000000000000,    0.00001512779248,    1.48465969775818,    0.00000000000000,    1.48465969775818,   19.35143323039748,    0.00000000000000,
  139,    1,    1.73125000000000,    0.00625000000000,    1.51802556111639,    0.00000000000000,    1.51802556111639,    0.00001006720174,   -0.00000000000000,    0.00001528226957,    1.50166111542494,    0.00000000000000,    1.50166111542494,   20.49428313072016,    0.00000000000000,
  139,    2,    1.73125000000000,    0.01875000000000,    1.51802556111639,    0.00000000000000,    1.51802556111639,    0.00001006720174,   -0.00000000000000,    0.00001528226957,    1.50166111542494,    0.00000000000000,    1.50166111542494,   20.49428313072016,    0.00000000000000,
  139,    3,    1.73125000000000,    0.03125000000000,    1.51802556111639,    0.00000000000000,    1.51802556111639,    0.00001006720174,   -0.00000000000000,    0.00001528226957,    1.50166111542494,    0.00000000000000,    1.50166111542494,   20.49428313072016,    0.00000000000000,
  139,    4,    1.73125000000000,    0.04375000000000,    1.51802556111639,    0.00000000000000,    1.51802556111639,    0.00001006720174,   -0.00000000000000,    0.00001528226957,    1.50166111542494,    0.00000000000000,    1.50166111542494,   20.49428313072016,    0.00000000000000,
  139,    5,    1.73125000000000,    0.05625000000000,    1.51802556111639,    0.00000000000000,    1.51802556111639,    0.00001006720174,   -0.00000000000000,    0.00001528226957,    1.50166111542494,    0.00000000000000,    1.50166111542494,   20.49428313072016,    0.00000000000000,
  140,    1,    1.74375000000000,    0.00625000000000,    1.53560628462717,    0.00000000000000,    1.53560628462717,    0.00000999073729,   -0.00000000000000,    0.00001534183897,    1.51943093553139,    0.00000000000000,    1.51943093553139,   21.63697703600043,    0.00000000000000,
  140,    2,    1.74375000000000,    0.01875000000000,    1.53560628462717,    0.00000000000000,    1.53560628462717,    0.00000999073729,   -0.00000000000000,    0.00001534183897,    1.51943093553139,    0.00000000000000,    1.51943093553139,   21.63697703600043,    0.00000000000000,
  140,    3,    1.74375000000000,    0.03125000000000,    1.53560628462717,    0.00000000000000,    1.53560628462717,    0.00000999073729,   -0.00000000000000,    0.00001534183897,    1.51943093553139,    0.00000000000000,    1.51943093553139,   21.63697703600043,    0.00000000000000,
  140,    4,    1.74375000000000,    0.04375000000000,    1.53560628462717,    0.00000000000000,    1.53560628462717,    0.00000999073729,   -0.00000000000000,    0.00001534183897,    1.51943093553139,    0.00000000000000,    1.51943093553139,   21.63697703600043,    0.00000000000000,
  140,    5,    1.74375000000000,    0.05625000000000,    1.53560628462717,    0.00000000000000,    1.53560628462717,    0.00000999073729,   -0.00000000000000,    0.00001534183897,    1.51943093553139,    0.00000000000000,    1.51943093553139,   21.63697703600043,    0.00000000000000,
  141,    1,    1.75625000000000,    0.00625000000000,    1.55392478782547,    0.00000000000000,    1.55392478782547,    0.00000985045493,   -0.00000000000000,    0.00001530686608,    1.53794175830291,    0.00000000000000,    1.53794175830291,   22.77794806478731,    0.00000000000000,
  141,    2,    1.75625000000000,    0.01875000000000,    1.55392478782547,    0.00000000000000,    1.55392478782547,    0.00000985045493,   -0.00000000000000,    0.00001530686608,    1.53794175830291,    0.00000000000000,    1.53794175830291,   22.77794806478731,    0.00000000000000,
  141,    3,    1.75625000000000,    0.03125000000000,    1.55392478782547,    0.00000000000000,    1.55392478782547,    0.00000985045493,   -0.00000000000000,    0.00001530686608,    1.53794175830291,    0.00000000000000,    1.53794175830291,   22.77794806478731,    0.00000000000000,
  141,    4,    1.75625000000000,    0.04375000000000,    1.55392478782547,    0.00000000000000,    1.55392478782547,    0.00000985045493,   -0.00000000000000,    0.00001530686608,    1.53794175830291,    0.00000000000000,    1.53794175830291,   22.77794806478731,    0.00000000000000,
  141,    5,    1.75625000000000,    0.05625000000000,    1.55392478782547,    0.00000000000000,    1.55392478782547,    0.00000985045493,   -0.00000000000000,    0.00001530686608,    1.53794175830291,    0.00000000000000,    1.53794175830291,   22.77794806478731,    0.00000000000000,
  142,    1,    1.76875000000000,    0.00625000000000,    1.57295320863359,    0.00000000000000,    1.57295320863359,    0.00000964959762,    0.00000000000000,    0.00001517836554,    1.55716504139248,    0.00000000000000,    1.55716504139248,   23.91543692245369,    0.00000000000000,
  142,    2,    1.76875000000000,    0.01875000000000,    1.57295320863359,    0.00000000000000,    1.57295320863359,    0.00000964959762,    0.00000000000000,    0.00001517836554,    1.55716504139248,    0.00000000000000,    1.55716504139248,   23.91543692245369,    0.00000000000000,
  142,    3,    1.76875000000000,    0.03125000000000,    1.57295320863359,    0.00000000000000,    1.57295320863359,    0.00000964959762,    0.00000000000000,    0.00001517836554,    1.55716504139248,    0.00000000000000,    1.55716504139248,   23.91543692245369,    0.00000000000000,
  142,    4,    1.76875000000000,    0.04375000000000,    1.57295320863359,    0.00000000000000,    1.57295320863359,    0.00000964959762,    0.00000000000000,    0.00001517836554,    1.55716504139248,    0.00000000000000,    1.55716504139248,   23.91543692245369,    0.00000000000000,
  142,    5,    1.76875000000000,    0.05625000000000,    1.57295320863359,    0.00000000000000,    1.57295320863359,    0.00000964959762,    0.00000000000000,    0.00001517836554,    1.55716504139248,    0.00000000000000,    1.55716504139248,   23.91543692245369,    0.00000000000000,
  143,    1,    1.78125000000000,    0.00625000000000,    1.59266255800277,    0.00000000000000,    1.59266255800277,    0.00000939181876,   -0.00000000000000,    0.00001495799809,    1.57707114389090,    0.00000000000000,    1.57707114389090,   25.04749461390097,    0.00000000000000,
  143,    2,    1.78125000000000,    0.01875000000000,    1.59266255800277,    0.00000000000000,    1.59266255800277,    0.00000939181876,   -0.00000000000000,    0.00001495799809,    1.57707114389090,    0.00000000000000,    1.57707114389090,   25.04749461390097,    0.00000000000000,
  143,    3,    1.78125000000000,    0.03125000000000,    1.59266255800277,    0.00000000000000,    1.59266255800277,    0.00000939181876,   -0.00000000000000,    0.00001495799809,    1.57707114389090,    0.00000000000000,    1.57707114389090,   25.04749461390097,    0.00000000000000,
  143,    4,    1.78125000000000,    0.04375000000000,    1.59266255800277,    0.00000000000000,    1.59266255800277,    0.00000939181876,   -0.00000000000000,    0.00001495799809,    1.57707114389090,    0.00000000000000,    1.57707114389090,   25.04749461390097,    0.00000000000000,
  143,    5,    1.78125000000000,    0.05625000000000,    1.59266255800277,    0.00000000000000,    1.59266255800277,    0.00000939181876,   -0.00000000000000,    0.00001495799809,    1.57707114389090,    0.00000000000000,    1.57707114389090,   25.04749461390097,    0.00000000000000,
  144,    1,    1.79375000000000,    0.00625000000000,    1.61302276289320,    0.00000000000000,    1.61302276289320,    0.00000908112573,    0.00000000000000,    0.00001464806251,    1.59762937203095,    0.00000000000000,    1.59762937203095,   26.17198665143815,    0.00000000000000,
  144,    2,    1.79375000000000,    0.01875000000000,    1.61302276289320,    0.00000000000000,    1.61302276289320,    0.00000908112573,    0.00000000000000,    0.00001464806251,    1.59762937203095,    0.00000000000000,    1.59762937203095,   26.17198665143815,    0.00000000000000,
  144,    3,    1.79375000000000,    0.03125000000000,    1.61302276289320,    0.00000000000000,    1.61302276289320,    0.00000908112573,    0.00000000000000,    0.00001464806251,    1.59762937203095,    0.00000000000000,    1.59762937203095,   26.17198665143815,    0.00000000000000,
  144,    4,    1.79375000000000,    0.04375000000000,    1.61302276289320,    0.00000000000000,    1.61302276289320,    0.00000908112573,    0.00000000000000,    0.00001464806251,    1.59762937203095,    0.00000000000000,    1.59762937203095,   26.17198665143815,    0.00000000000000,
  144,    5,    1.79375000000000,    0.05625000000000,    1.61302276289320,    0.00000000000000,    1.61302276289320,    0.00000908112573,    0.00000000000000,    0.00001464806251,    1.59762937203095,    0.00000000000000,    1.59762937203095,   26.17198665143815,    0.00000000000000,
  145,    1,    1.80625000000000,    0.00625000000000,    1.63400271149281,    0.00000000000000,    1.63400271149281,    0.00000872182284,    0.00000000000000,    0.00001425148216,    1.61880802651493,    0.00000000000000,    1.61880802651493,   27.28659874393155,    0.00000000000000,
  145,    2,    1.80625000000000,    0.01875000000000,    1.63400271149281,    0.00000000000000,    1.63400271149281,    0.00000872182284,    0.00000000000000,    0.00001425148216,    1.61880802651493,    0.00000000000000,    1.61880802651493,   27.28659874393155,    0.00000000000000,
  145,    3,    1.80625000000000,    0.03125000000000,    1.63400271149281,    0.00000000000000,    1.63400271149281,    0.00000872182284,    0.00000000000000,    0.00001425148216,    1.61880802651493,    0.00000000000000,    1.61880802651493,   27.28659874393155,    0.00000000000000,
  145,    4,    1.80625000000000,    0.04375000000000,    1.63400271149281,    0.00000000000000,    1.63400271149281,    0.00000872182284,    0.00000000000000,    0.00001425148216,    1.61880802651493,    0.00000000000000,    1.61880802651493,   27.28659874393155,    0.00000000000000,
  145,    5,    1.80625000000000,    0.05625000000000,    1.63400271149281,    0.00000000000000,    1.63400271149281,    0.00000872182284,    0.00000000000000,    0.00001425148216,    1.61880802651493,    0.00000000000000,    1.61880802651493,   27.28659874393155,    0.00000000000000,
  146,    1,    1.81875000000000,    0.00625000000000,    1.65557030056638,    0.00000000000000,    1.65557030056638,    0.00000831845392,   -0.00000000000000,    0.00001377178526,    1.64057445139267,    0.00000000000000,    1.64057445139267,   28.38884394366970,    0.00000000000000,
  146,    2,    1.81875000000000,    0.01875000000000,    1.65557030056638,    0.00000000000000,    1.65557030056638,    0.00000831845392,   -0.00000000000000,    0.00001377178526,    1.64057445139267,    0.00000000000000,    1.64057445139267,   28.38884394366970,    0.00000000000000,
  146,    3,    1.81875000000000,    0.03125000000000,    1.65557030056638,    0.00000000000000,    1.65557030056638,    0.00000831845392,   -0.00000000000000,    0.00001377178526,    1.64057445139267,    0.00000000000000,    1.64057445139267,   28.38884394366970,    0.00000000000000,
  146,    4,    1.81875000000000,    0.04375000000000,    1.65557030056638,    0.00000000000000,    1.65557030056638,    0.00000831845392,   -0.00000000000000,    0.00001377178526,    1.64057445139267,    0.00000000000000,    1.64057445139267,   28.38884394366970,    0.00000000000000,
  146,    5,    1.81875000000000,    0.05625000000000,    1.65557030056638,    0.00000000000000,    1.65557030056638,    0.00000831845392,   -0.00000000000000,    0.00001377178526,    1.64057445139267,    0.00000000000000,    1.64057445139267,   28.38884394366970,    0.00000000000000,
  147,    1,    1.83125000000000,    0.00625000000000,    1.67769248481681,    0.00000000000000,    1.67769248481681,    0.00000787574528,    0.00000000000000,    0.00001321307868,    1.66289508441468,    0.00000000000000,    1.66289508441468,   29.47607121786061,    0.00000000000000,
  147,    2,    1.83125000000000,    0.01875000000000,    1.67769248481681,    0.00000000000000,    1.67769248481681,    0.00000787574528,    0.00000000000000,    0.00001321307868,    1.66289508441468,    0.00000000000000,    1.66289508441468,   29.47607121786061,    0.00000000000000,
  147,    3,    1.83125000000000,    0.03125000000000,    1.67769248481681,    0.00000000000000,    1.67769248481681,    0.00000787574528,    0.00000000000000,    0.00001321307868,    1.66289508441468,    0.00000000000000,    1.66289508441468,   29.47607121786061,    0.00000000000000,
  147,    4,    1.83125000000000,    0.04375000000000,    1.67769248481681,    0.00000000000000,    1.67769248481681,    0.00000787574528,    0.00000000000000,    0.00001321307868,    1.66289508441468,    0.00000000000000,    1.66289508441468,   29.47607121786061,    0.00000000000000,
  147,    5,    1.83125000000000,    0.05625000000000,    1.67769248481681,    0.00000000000000,    1.67769248481681,    0.00000787574528,    0.00000000000000,    0.00001321307868,    1.66289508441468,    0.00000000000000,    1.66289508441468,   29.47607121786061,    0.00000000000000,
  148,    1,    1.84375000000000,    0.00625000000000,    1.70033532813364,    0.00000000000000,    1.70033532813364,    0.00000739854953,    0.00000000000000,    0.00001258001514,    1.68573550878267,    0.00000000000000,    1.68573550878267,   30.54547540234153,    0.00000000000000,
  148,    2,    1.84375000000000,    0.01875000000000,    1.70033532813364,    0.00000000000000,    1.70033532813364,    0.00000739854953,    0.00000000000000,    0.00001258001514,    1.68573550878267,    0.00000000000000,    1.68573550878267,   30.54547540234153,    0.00000000000000,
  148,    3,    1.84375000000000,    0.03125000000000,    1.70033532813364,    0.00000000000000,    1.70033532813364,    0.00000739854953,    0.00000000000000,    0.00001258001514,    1.68573550878267,    0.00000000000000,    1.68573550878267,   30.54547540234153,    0.00000000000000,
  148,    4,    1.84375000000000,    0.04375000000000,    1.70033532813364,    0.00000000000000,    1.70033532813364,    0.00000739854953,    0.00000000000000,    0.00001258001514,    1.68573550878267,    0.00000000000000,    1.68573550878267,   30.54547540234153,    0.00000000000000,
  148,    5,    1.84375000000000,    0.05625000000000,    1.70033532813364,    0.00000000000000,    1.70033532813364,    0.00000739854953,    0.00000000000000,    0.00001258001514,    1.68573550878267,    0.00000000000000,    1.68573550878267,   30.54547540234153,    0.00000000000000,
  149,    1,    1.85625000000000,    0.00625000000000,    1.72346405659831,    0.00000000000000,    1.72346405659831,    0.00000689179086,   -0.00000000000000,    0.00001187775383,    1.70906050621777,    0.00000000000000,    1.70906050621777,   31.59410848598711,    0.00000000000000,
  149,    2,    1.85625000000000,    0.01875000000000,    1.72346405659831,    0.00000000000000,    1.72346405659831,    0.00000689179086,   -0.00000000000000,    0.00001187775383,    1.70906050621777,    0.00000000000000,    1.70906050621777,   31.59410848598711,    0.00000000000000,
  149,    3,    1.85625000000000,    0.03125000000000,    1.72346405659831,    0.00000000000000,    1.72346405659831,    0.00000689179086,   -0.00000000000000,    0.00001187775383,    1.70906050621777,    0.00000000000000,    1.70906050621777,   31.59410848598711,    0.00000000000000,
  149,    4,    1.85625000000000,    0.04375000000000,    1.72346405659831,    0.00000000000000,    1.72346405659831,    0.00000689179086,   -0.00000000000000,    0.00001187775383,    1.70906050621777,    0.00000000000000,    1.70906050621777,   31.59410848598711,    0.00000000000000,
  149,    5,    1.85625000000000,    0.05625000000000,    1.72346405659831,    0.00000000000000,    1.72346405659831,    0.00000689179086,   -0.00000000000000,    0.00001187775383,    1.70906050621777,    0.00000000000000,    1.70906050621777,   31.59410848598711,    0.00000000000000,
  150,    1,    1.86875000000000,    0.00625000000000,    1.74704311311265,    0.00000000000000,    1.74704311311265,    0.00000636041246,    0.00000000000000,    0.00001111191478,    1.73283411126457,    0.00000000000000,    1.73283411126457,   32.61889216551099,    0.00000000000000,
  150,    2,    1.86875000000000,    0.01875000000000,    1.74704311311265,    0.00000000000000,    1.74704311311265,    0.00000636041246,    0.00000000000000,    0.00001111191478,    1.73283411126457,    0.00000000000000,    1.73283411126457,   32.61889216551099,    0.00000000000000,
  150,    3,    1.86875000000000,    0.03125000000000,    1.74704311311265,    0.00000000000000,    1.74704311311265,    0.00000636041246,    0.00000000000000,    0.00001111191478,    1.73283411126457,    0.00000000000000,    1.73283411126457,   32.61889216551099,    0.00000000000000,
  150,    4,    1.86875000000000,    0.04375000000000,    1.74704311311265,    0.00000000000000,    1.74704311311265,    0.00000636041246,    0.00000000000000,    0.00001111191478,    1.73283411126457,    0.00000000000000,    1.73283411126457,   32.61889216551099,    0.00000000000000,
  150,    5,    1.86875000000000,    0.05625000000000,    1.74704311311265,    0.00000000000000,    1.74704311311265,    0.00000636041246,    0.00000000000000,    0.00001111191478,    1.73283411126457,    0.00000000000000,    1.73283411126457,   32.61889216551099,    0.00000000000000,
  151,    1,    1.88125000000000,    0.00625000000000,    1.77103621351469,    0.00000000000000,    1.77103621351469,    0.00000580932653,   -0.00000000000000,    0.00001028852766,    1.75701966674723,    0.00000000000000,    1.75701966674723,   33.61663160192407,    0.00000000000000,
  151,    2,    1.88125000000000,    0.01875000000000,    1.77103621351469,    0.00000000000000,    1.77103621351469,    0.00000580932653,   -0.00000000000000,    0.00001028852766,    1.75701966674723,    0.00000000000000,    1.75701966674723,   33.61663160192407,    0.00000000000000,
  151,    3,    1.88125000000000,    0.03125000000000,    1.77103621351469,    0.00000000000000,    1.77103621351469,    0.00000580932653,   -0.00000000000000,    0.00001028852766,    1.75701966674723,    0.00000000000000,    1.75701966674723,   33.61663160192407,    0.00000000000000,
  151,    4,    1.88125000000000,    0.04375000000000,    1.77103621351469,    0.00000000000000,    1.77103621351469,    0.00000580932653,   -0.00000000000000,    0.00001028852766,    1.75701966674723,    0.00000000000000,    1.75701966674723,   33.61663160192407,    0.00000000000000,
  151,    5,    1.88125000000000,    0.05625000000000,    1.77103621351469,    0.00000000000000,    1.77103621351469,    0.00000580932653,   -0.00000000000000,    0.00001028852766,    1.75701966674723,    0.00000000000000,    1.75701966674723,   33.61663160192407,    0.00000000000000,
  152,    1,    1.89375000000000,    0.00625000000000,    1.79540640404553,    0.00000000000000,    1.79540640404553,    0.00000524336754,   -0.00000000000000,    0.00000941397566,    1.78157988029220,    0.00000000000000,    1.78157988029220,   34.58403030188720,    0.00000000000000,
  152,    2,    1.89375000000000,    0.01875000000000,    1.79540640404553,    0.00000000000000,    1.79540640404553,    0.00000524336754,   -0.00000000000000,    0.00000941397566,    1.78157988029220,    0.00000000000000,    1.78157988029220,   34.58403030188720,    0.00000000000000,
  152,    3,    1.89375000000000,    0.03125000000000,    1.79540640404553,    0.00000000000000,    1.79540640404553,    0.00000524336754,   -0.00000000000000,    0.00000941397566,    1.78157988029220,    0.00000000000000,    1.78157988029220,   34.58403030188720,    0.00000000000000,
  152,    4,    1.89375000000000,    0.04375000000000,    1.79540640404553,    0.00000000000000,    1.79540640404553,    0.00000524336754,   -0.00000000000000,    0.00000941397566,    1.78157988029220,    0.00000000000000,    1.78157988029220,   34.58403030188720,    0.00000000000000,
  152,    5,    1.89375000000000,    0.05625000000000,    1.79540640404553,    0.00000000000000,    1.79540640404553,    0.00000524336754,   -0.00000000000000,    0.00000941397566,    1.78157988029220,    0.00000000000000,    1.78157988029220,   34.58403030188720,    0.00000000000000,
  153,    1,    1.90625000000000,    0.00625000000000,    1.82011612003146,    0.00000000000000,    1.82011612003146,    0.00000466724915,   -0.00000000000000,    0.00000849493541,    1.80647688183036,    0.00000000000000,    1.80647688183036,   35.51770603963699,    0.00000000000000,
  153,    2,    1.90625000000000,    0.01875000000000,    1.82011612003146,    0.00000000000000,    1.82011612003146,    0.00000466724915,   -0.00000000000000,    0.00000849493541,    1.80647688183036,    0.00000000000000,    1.80647688183036,   35.51770603963699,    0.00000000000000,
  153,    3,    1.90625000000000,    0.03125000000000,    1.82011612003146,    0.00000000000000,    1.82011612003146,    0.00000466724915,   -0.00000000000000,    0.00000849493541,    1.80647688183036,    0.00000000000000,    1.80647688183036,   35.51770603963699,    0.00000000000000,
  153,    4,    1.90625000000000,    0.04375000000000,    1.82011612003146,    0.00000000000000,    1.82011612003146,    0.00000466724915,   -0.00000000000000,    0.00000849493541,    1.80647688183036,    0.00000000000000,    1.80647688183036,   35.51770603963699,    0.00000000000000,
  153,    5,    1.90625000000000,    0.05625000000000,    1.82011612003146,    0.00000000000000,    1.82011612003146,    0.00000466724915,   -0.00000000000000,    0.00000849493541,    1.80647688183036,    0.00000000000000,    1.80647688183036,   35.51770603963699,    0.00000000000000,
  154,    1,    1.91875000000000,    0.00625000000000,    1.84512724564663,    0.00000000000000,    1.84512724564663,    0.00000408552521,   -0.00000000000000,    0.00000753831388,    1.83167228198989,    0.00000000000000,    1.83167228198989,   36.41420772810744,    0.00000000000000,
  154,    2,    1.91875000000000,    0.01875000000000,    1.84512724564663,    0.00000000000000,    1.84512724564663,    0.00000408552521,   -0.00000000000000,    0.00000753831388,    1.83167228198989,    0.00000000000000,    1.83167228198989,   36.41420772810744,    0.00000000000000,
  154,    3,    1.91875000000000,    0.03125000000000,    1.84512724564663,    0.00000000000000,    1.84512724564663,    0.00000408552521,   -0.00000000000000,    0.00000753831388,    1.83167228198989,    0.00000000000000,    1.83167228198989,   36.41420772810744,    0.00000000000000,
  154,    4,    1.91875000000000,    0.04375000000000,    1.84512724564663,    0.00000000000000,    1.84512724564663,    0.00000408552521,   -0.00000000000000,    0.00000753831388,    1.83167228198989,    0.00000000000000,    1.83167228198989,   36.41420772810744,    0.00000000000000,
  154,    5,    1.91875000000000,    0.05625000000000,    1.84512724564663,    0.00000000000000,    1.84512724564663,    0.00000408552521,   -0.00000000000000,    0.00000753831388,    1.83167228198989,    0.00000000000000,    1.83167228198989,   36.41420772810744,    0.00000000000000,
  155,    1,    1.93125000000000,    0.00625000000000,    1.87040117462390,    0.00000000000000,    1.87040117462390,    0.00000350255530,   -0.00000000000000,    0.00000655118354,    1.85712723128997,    0.00000000000000,    1.85712723128997,   37.27003314137088,    0.00000000000000,
  155,    2,    1.93125000000000,    0.01875000000000,    1.87040117462390,    0.00000000000000,    1.87040117462390,    0.00000350255530,   -0.00000000000000,    0.00000655118354,    1.85712723128997,    0.00000000000000,    1.85712723128997,   37.27003314137088,    0.00000000000000,
  155,    3,    1.93125000000000,    0.03125000000000,    1.87040117462390,    0.00000000000000,    1.87040117462390,    0.00000350255530,   -0.00000000000000,    0.00000655118354,    1.85712723128997,    0.00000000000000,    1.85712723128997,   37.27003314137088,    0.00000000000000,
  155,    4,    1.93125000000000,    0.04375000000000,    1.87040117462390,    0.00000000000000,    1.87040117462390,    0.00000350255530,   -0.00000000000000,    0.00000655118354,    1.85712723128997,    0.00000000000000,    1.85712723128997,   37.27003314137088,    0.00000000000000,
  155,    5,    1.93125000000000,    0.05625000000000,    1.87040117462390,    0.00000000000000,    1.87040117462390,    0.00000350255530,   -0.00000000000000,    0.00000655118354,    1.85712723128997,    0.00000000000000,    1.85712723128997,   37.27003314137088,    0.00000000000000,
  156,    1,    1.94375000000000,    0.00625000000000,    1.89589887178383,    0.00000000000000,    1.89589887178383,    0.00000292247475,   -0.00000000000000,    0.00000554071658,    1.88280248004376,    0.00000000000000,    1.88280248004376,   38.08164738461433,    0.00000000000000,
  156,    2,    1.94375000000000,    0.01875000000000,    1.89589887178383,    0.00000000000000,    1.89589887178383,    0.00000292247475,   -0.00000000000000,    0.00000554071658,    1.88280248004376,    0.00000000000000,    1.88280248004376,   38.08164738461433,    0.00000000000000,
  156,    3,    1.94375000000000,    0.03125000000000,    1.89589887178383,    0.00000000000000,    1.89589887178383,    0.00000292247475,   -0.00000000000000,    0.00000554071658,    1.88280248004376,    0.00000000000000,    1.88280248004376,   38.08164738461433,    0.00000000000000,
  156,    4,    1.94375000000000,    0.04375000000000,    1.89589887178383,    0.00000000000000,    1.89589887178383,    0.00000292247475,   -0.00000000000000,    0.00000554071658,    1.88280248004376,    0.00000000000000,    1.88280248004376,   38.08164738461433,    0.00000000000000,
  156,    5,    1.94375000000000,    0.05625000000000,    1.89589887178383,    0.00000000000000,    1.89589887178383,    0.00000292247475,   -0.00000000000000,    0.00000554071658,    1.88280248004376,    0.00000000000000,    1.88280248004376,   38.08164738461433,    0.00000000000000,
  157,    1,    1.95625000000000,    0.00625000000000,    1.92158093525458,    0.00000000000000,    1.92158093525458,    0.00000234916968,   -0.00000000000000,    0.00000451411966,    1.90865843887869,    0.00000000000000,    1.90865843887869,   38.84550200259237,    0.00000000000000,
  157,    2,    1.95625000000000,    0.01875000000000,    1.92158093525458,    0.00000000000000,    1.92158093525458,    0.00000234916968,   -0.00000000000000,    0.00000451411966,    1.90865843887869,    0.00000000000000,    1.90865843887869,   38.84550200259237,    0.00000000000000,
  157,    3,    1.95625000000000,    0.03125000000000,    1.92158093525458,    0.00000000000000,    1.92158093525458,    0.00000234916968,   -0.00000000000000,    0.00000451411966,    1.90865843887869,    0.00000000000000,    1.90865843887869,   38.84550200259237,    0.00000000000000,
  157,    4,    1.95625000000000,    0.04375000000000,    1.92158093525458,    0.00000000000000,    1.92158093525458,    0.00000234916968,   -0.00000000000000,    0.00000451411966,    1.90865843887869,    0.00000000000000,    1.90865843887869,   38.84550200259237,    0.00000000000000,
  157,    5,    1.95625000000000,    0.05625000000000,    1.92158093525458,    0.00000000000000,    1.92158093525458,    0.00000234916968,   -0.00000000000000,    0.00000451411966,    1.90865843887869,    0.00000000000000,    1.90865843887869,   38.84550200259237,    0.00000000000000,
  158,    1,    1.96875000000000,    0.00625000000000,    1.94740765925873,    0.00000000000000,    1.94740765925873,    0.00000178625665,   -0.00000000000000,    0.00000347856988,    1.93465523978029,    0.00000000000000,    1.93465523978029,   39.55805461288689,    0.00000000000000,
  158,    2,    1.96875000000000,    0.01875000000000,    1.94740765925873,    0.00000000000000,    1.94740765925873,    0.00000178625665,   -0.00000000000000,    0.00000347856988,    1.93465523978029,    0.00000000000000,    1.93465523978029,   39.55805461288689,    0.00000000000000,
  158,    3,    1.96875000000000,    0.03125000000000,    1.94740765925873,    0.00000000000000,    1.94740765925873,    0.00000178625665,   -0.00000000000000,    0.00000347856988,    1.93465523978029,    0.00000000000000,    1.93465523978029,   39.55805461288689,    0.00000000000000,
  158,    4,    1.96875000000000,    0.04375000000000,    1.94740765925873,    0.00000000000000,    1.94740765925873,    0.00000178625665,   -0.00000000000000,    0.00000347856988,    1.93465523978029,    0.00000000000000,    1.93465523978029,   39.55805461288689,    0.00000000000000,
  158,    5,    1.96875000000000,    0.05625000000000,    1.94740765925873,    0.00000000000000,    1.94740765925873,    0.00000178625665,   -0.00000000000000,    0.00000347856988,    1.93465523978029,    0.00000000000000,    1.93465523978029,   39.55805461288689,    0.00000000000000,
  159,    1,    1.98125000000000,    0.00625000000000,    1.97333909734607,    0.00000000000000,    1.97333909734607,    0.00000123706727,   -0.00000000000000,    0.00000244115320,    1.96075279756587,    0.00000000000000,    1.96075279756587,   40.21578894638895,    0.00000000000000,
  159,    2,    1.98125000000000,    0.01875000000000,    1.97333909734607,    0.00000000000000,    1.97333909734607,    0.00000123706727,   -0.00000000000000,    0.00000244115320,    1.96075279756587,    0.00000000000000,    1.96075279756587,   40.21578894638895,    0.00000000000000,
  159,    3,    1.98125000000000,    0.03125000000000,    1.97333909734607,    0.00000000000000,    1.97333909734607,    0.00000123706727,   -0.00000000000000,    0.00000244115320,    1.96075279756587,    0.00000000000000,    1.96075279756587,   40.21578894638895,    0.00000000000000,
  159,    4,    1.98125000000000,    0.04375000000000,    1.97333909734607,    0.00000000000000,    1.97333909734607,    0.00000123706727,   -0.00000000000000,    0.00000244115320,    1.96075279756587,    0.00000000000000,    1.96075279756587,   40.21578894638895,    0.00000000000000,
  159,    5,    1.98125000000000,    0.05625000000000,    1.97333909734607,    0.00000000000000,    1.97333909734607,    0.00000123706727,   -0.00000000000000,    0.00000244115320,    1.96075279756587,    0.00000000000000,    1.96075279756587,   40.21578894638895,    0.00000000000000,
  160,    1,    1.99375000000000,    0.00625000000000,    1.99933512595469,    0.00000000000000,    1.99933512595469,    0.00000070463728,   -0.00000000000000,    0.00000140880606,    1.98691087169291,    0.00000000000000,    1.98691087169291,   40.81523517422064,    0.00000000000000,
  160,    2,    1.99375000000000,    0.01875000000000,    1.99933512595469,    0.00000000000000,    1.99933512595469,    0.00000070463728,   -0.00000000000000,    0.00000140880606,    1.98691087169291,    0.00000000000000,    1.98691087169291,   40.81523517422064,    0.00000000000000,
  160,    3,    1.99375000000000,    0.03125000000000,    1.99933512595469,    0.00000000000000,    1.99933512595469,    0.00000070463728,   -0.00000000000000,    0.00000140880606,    1.98691087169291,    0.00000000000000,    1.98691087169291,   40.81523517422064,    0.00000000000000,
  160,    4,    1.99375000000000,    0.04375000000000,    1.99933512595469,    0.00000000000000,    1.99933512595469,    0.00000070463728,   -0.00000000000000,    0.00000140880606,    1.98691087169291,    0.00000000000000,    1.98691087169291,   40.81523517422064,    0.00000000000000,
  160,    5,    1.99375000000000,    0.05625000000000,    1.99933512595469,    0.00000000000000,    1.99933512595469,    0.00000070463728,   -0.00000000000000,    0.00000140880606,    1.98691087169291,    0.00000000000000,    1.98691087169291,   40.81523517422064,    0.00000000000000,
