 # Date: Fri May  8 10:11:08 2026
 # Fr =                  Infinity
 # tau =   1.0000000000000000      , uO =   0.0000000000000000     
 # Iteration No.:           61
 # Lx =***    Ly =   5
 #      Results of the computations
 # x   y     h(i,j)      u(i,j)      v(i,j)
 #------------------------------------------
   1   1    0.000000    Infinity         NaN
   1   2    0.000000    Infinity         NaN
   1   3    0.000000    Infinity         NaN
   1   4    0.000000    Infinity         NaN
   1   5    0.000000    Infinity         NaN
   2   1************ 2100.070653    0.000000
   2   2************ 2100.070653    0.000000
   2   3************ 2100.070653    0.000000
   2   4************ 2100.070653    0.000000
   2   5************ 2100.070653    0.000000
   3   1************ 2100.000001    0.000000
   3   2************ 2100.000001    0.000000
   3   3************ 2100.000001    0.000000
   3   4************ 2100.000001    0.000000
   3   5************ 2100.000001    0.000000
   4   1************ 2100.000012    0.000000
   4   2************ 2100.000012    0.000000
   4   3************ 2100.000012    0.000000
   4   4************ 2100.000012    0.000000
   4   5************ 2100.000012    0.000000
   5   125986.943881 2121.560307    0.000000
   5   225986.943881 2121.560307    0.000000
   5   325986.943881 2121.560307    0.000000
   5   425986.943881 2121.560307    0.000000
   5   525986.943881 2121.560307    0.000000
   6   1 1155.852550 1863.097305    0.000000
   6   2 1155.852550 1863.097305    0.000000
   6   3 1155.852550 1863.097305    0.000000
   6   4 1155.852550 1863.097305    0.000000
   6   5 1155.852550 1863.097305    0.000000
   7   1  160.458625 2863.888982    0.000000
   7   2  160.458625 2863.888982    0.000000
   7   3  160.458625 2863.888982    0.000000
   7   4  160.458625 2863.888982    0.000000
   7   5  160.458625 2863.888982    0.000000
   8   1  152.499203 1567.561612    0.000000
   8   2  152.499203 1567.561612    0.000000
   8   3  152.499203 1567.561612    0.000000
   8   4  152.499203 1567.561612    0.000000
   8   5  152.499203 1567.561612    0.000000
   9   1   65.797595 2231.444986    0.000000
   9   2   65.797595 2231.444986    0.000000
   9   3   65.797595 2231.444986    0.000000
   9   4   65.797595 2231.444986    0.000000
   9   5   65.797595 2231.444986    0.000000
  10   1   77.665028 1635.116690    0.000000
  10   2   77.665028 1635.116690    0.000000
  10   3   77.665028 1635.116690    0.000000
  10   4   77.665028 1635.116690    0.000000
  10   5   77.665028 1635.116690    0.000000
  11   1   61.577636 1846.614310    0.000000
  11   2   61.577636 1846.614310    0.000000
  11   3   61.577636 1846.614310    0.000000
  11   4   61.577636 1846.614310    0.000000
  11   5   61.577636 1846.614310    0.000000
  12   1   64.977087 1706.447003    0.000000
  12   2   64.977087 1706.447003    0.000000
  12   3   64.977087 1706.447003    0.000000
  12   4   64.977087 1706.447003    0.000000
  12   5   64.977087 1706.447003    0.000000
  13   1   61.737912 1755.454320    0.000000
  13   2   61.737912 1755.454320    0.000000
  13   3   61.737912 1755.454320    0.000000
  13   4   61.737912 1755.454320    0.000000
  13   5   61.737912 1755.454320    0.000000
  14   1   62.518073 1725.171194    0.000000
  14   2   62.518073 1725.171194    0.000000
  14   3   62.518073 1725.171194    0.000000
  14   4   62.518073 1725.171194    0.000000
  14   5   62.518073 1725.171194    0.000000
  15   1   61.996292 1730.896612    0.000000
  15   2   61.996292 1730.896612    0.000000
  15   3   61.996292 1730.896612    0.000000
  15   4   61.996292 1730.896612    0.000000
  15   5   61.996292 1730.896612    0.000000
  16   1   62.131476 1724.730588    0.000000
  16   2   62.131476 1724.730588    0.000000
  16   3   62.131476 1724.730588    0.000000
  16   4   62.131476 1724.730588    0.000000
  16   5   62.131476 1724.730588    0.000000
  17   1   62.153297 1722.013149    0.000000
  17   2   62.153297 1722.013149    0.000000
  17   3   62.153297 1722.013149    0.000000
  17   4   62.153297 1722.013149    0.000000
  17   5   62.153297 1722.013149    0.000000
  18   1   62.206264 1719.415591    0.000000
  18   2   62.206264 1719.415591    0.000000
  18   3   62.206264 1719.415591    0.000000
  18   4   62.206264 1719.415591    0.000000
  18   5   62.206264 1719.415591    0.000000
  19   1   62.277464 1717.124291    0.000000
  19   2   62.277464 1717.124291    0.000000
  19   3   62.277464 1717.124291    0.000000
  19   4   62.277464 1717.124291    0.000000
  19   5   62.277464 1717.124291    0.000000
  20   1   62.424611 1712.156739    0.000000
  20   2   62.424611 1712.156739    0.000000
  20   3   62.424611 1712.156739    0.000000
  20   4   62.424611 1712.156739    0.000000
  20   5   62.424611 1712.156739    0.000000
  21   1   62.620048 1699.055282    0.000000
  21   2   62.620048 1699.055282    0.000000
  21   3   62.620048 1699.055282    0.000000
  21   4   62.620048 1699.055282    0.000000
  21   5   62.620048 1699.055282    0.000000
  22   1   61.519199 1735.539719    0.000000
  22   2   61.519199 1735.539719    0.000000
  22   3   61.519199 1735.539719    0.000000
  22   4   61.519199 1735.539719    0.000000
  22   5   61.519199 1735.539719    0.000000
  23   1   61.619356 1797.473439    0.000000
  23   2   61.619356 1797.473439    0.000000
  23   3   61.619356 1797.473439    0.000000
  23   4   61.619356 1797.473439    0.000000
  23   5   61.619356 1797.473439    0.000000
  24   1   74.021369 1384.858603    0.000000
  24   2   74.021369 1384.858603    0.000000
  24   3   74.021369 1384.858603    0.000000
  24   4   74.021369 1384.858603    0.000000
  24   5   74.021369 1384.858603    0.000000
  25   1   56.141120 1453.383885    0.000000
  25   2   56.141120 1453.383885    0.000000
  25   3   56.141120 1453.383885    0.000000
  25   4   56.141120 1453.383885    0.000000
  25   5   56.141120 1453.383885    0.000000
  26   1   18.539027 6827.723973    0.000000
  26   2   18.539027 6827.723973    0.000000
  26   3   18.539027 6827.723973    0.000000
  26   4   18.539027 6827.723973    0.000000
  26   5   18.539027 6827.723973    0.000000
  27   1  243.579903  117.241496    0.000000
  27   2  243.579903  117.241496    0.000000
  27   3  243.579903  117.241496    0.000000
  27   4  243.579903  117.241496    0.000000
  27   5  243.579903  117.241496    0.000000
  28   1 1657.892989-1993.301989   -0.000000
  28   2 1657.892989-1993.301989   -0.000000
  28   3 1657.892989-1993.301989   -0.000000
  28   4 1657.892989-1993.301989   -0.000000
  28   5 1657.892989-1993.301989   -0.000000
  29   1 -370.371153 -442.902153   -0.000000
  29   2 -370.371153 -442.902153   -0.000000
  29   3 -370.371153 -442.902153   -0.000000
  29   4 -370.371153 -442.902153   -0.000000
  29   5 -370.371153 -442.902153   -0.000000
  30   1-3307.638646 -135.443705   -0.000000
  30   2-3307.638646 -135.443705   -0.000000
  30   3-3307.638646 -135.443705   -0.000000
  30   4-3307.638646 -135.443705   -0.000000
  30   5-3307.638646 -135.443705   -0.000000
  31   1  706.121892  271.534409    0.000000
  31   2  706.121892  271.534409    0.000000
  31   3  706.121892  271.534409    0.000000
  31   4  706.121892  271.534409    0.000000
  31   5  706.121892  271.534409    0.000000
  32   1 1743.327119 1916.831081    0.000000
  32   2 1743.327119 1916.831081    0.000000
  32   3 1743.327119 1916.831081    0.000000
  32   4 1743.327119 1916.831081    0.000000
  32   5 1743.327119 1916.831081    0.000000
  33   1 7899.697517-2116.374005   -0.000000
  33   2 7899.697517-2116.374005   -0.000000
  33   3 7899.697517-2116.374005   -0.000000
  33   4 7899.697517-2116.374005   -0.000000
  33   5 7899.697517-2116.374005   -0.000000
  34   1 -101.652824 2638.061671   -0.000000
  34   2 -101.652824 2638.061671   -0.000000
  34   3 -101.652824 2638.061671   -0.000000
  34   4 -101.652824 2638.061671   -0.000000
  34   5 -101.652824 2638.061671   -0.000000
  35   1************  -35.072610   -0.000000
  35   2************  -35.072610   -0.000000
  35   3************  -35.072610   -0.000000
  35   4************  -35.072610   -0.000000
  35   5************  -35.072610   -0.000000
  36   1 1285.933064  -55.004347    0.000000
  36   2 1285.933064  -55.004347    0.000000
  36   3 1285.933064  -55.004347    0.000000
  36   4 1285.933064  -55.004347    0.000000
  36   5 1285.933064  -55.004347    0.000000
  37   1 7668.003337 2215.499908    0.000000
  37   2 7668.003337 2215.499908    0.000000
  37   3 7668.003337 2215.499908    0.000000
  37   4 7668.003337 2215.499908    0.000000
  37   5 7668.003337 2215.499908    0.000000
  38   1  222.985561 2182.603837    0.000000
  38   2  222.985561 2182.603837    0.000000
  38   3  222.985561 2182.603837    0.000000
  38   4  222.985561 2182.603837    0.000000
  38   5  222.985561 2182.603837    0.000000
  39   1 -170.181282 2425.088373   -0.000000
  39   2 -170.181282 2425.088373   -0.000000
  39   3 -170.181282 2425.088373   -0.000000
  39   4 -170.181282 2425.088373   -0.000000
  39   5 -170.181282 2425.088373   -0.000000
  40   1   56.872605  936.528418   -0.000000
  40   2   56.872605  936.528418   -0.000000
  40   3   56.872605  936.528418   -0.000000
  40   4   56.872605  936.528418   -0.000000
  40   5   56.872605  936.528418   -0.000000
  41   1   51.797291  766.164292    0.000000
  41   2   51.797291  766.164292    0.000000
  41   3   51.797291  766.164292    0.000000
  41   4   51.797291  766.164292    0.000000
  41   5   51.797291  766.164292    0.000000
  42   1   89.233375 1599.045508    0.000000
  42   2   89.233375 1599.045508    0.000000
  42   3   89.233375 1599.045508    0.000000
  42   4   89.233375 1599.045508    0.000000
  42   5   89.233375 1599.045508    0.000000
  43   1   63.133676 1645.995613    0.000000
  43   2   63.133676 1645.995613    0.000000
  43   3   63.133676 1645.995613    0.000000
  43   4   63.133676 1645.995613    0.000000
  43   5   63.133676 1645.995613    0.000000
  44   1   56.160751 1703.654804    0.000000
  44   2   56.160751 1703.654804    0.000000
  44   3   56.160751 1703.654804    0.000000
  44   4   56.160751 1703.654804    0.000000
  44   5   56.160751 1703.654804    0.000000
  45   1   56.423930 1645.859540    0.000000
  45   2   56.423930 1645.859540    0.000000
  45   3   56.423930 1645.859540    0.000000
  45   4   56.423930 1645.859540    0.000000
  45   5   56.423930 1645.859540    0.000000
  46   1   56.528308 1558.769043    0.000000
  46   2   56.528308 1558.769043    0.000000
  46   3   56.528308 1558.769043    0.000000
  46   4   56.528308 1558.769043    0.000000
  46   5   56.528308 1558.769043    0.000000
  47   1   53.110200 1517.217337    0.000000
  47   2   53.110200 1517.217337    0.000000
  47   3   53.110200 1517.217337    0.000000
  47   4   53.110200 1517.217337    0.000000
  47   5   53.110200 1517.217337    0.000000
  48   1   47.308973 1522.792611    0.000000
  48   2   47.308973 1522.792611    0.000000
  48   3   47.308973 1522.792611    0.000000
  48   4   47.308973 1522.792611    0.000000
  48   5   47.308973 1522.792611    0.000000
  49   1   41.327666 1542.787524    0.000000
  49   2   41.327666 1542.787524    0.000000
  49   3   41.327666 1542.787524    0.000000
  49   4   41.327666 1542.787524    0.000000
  49   5   41.327666 1542.787524    0.000000
  50   1   35.949981 1550.518216    0.000000
  50   2   35.949981 1550.518216    0.000000
  50   3   35.949981 1550.518216    0.000000
  50   4   35.949981 1550.518216    0.000000
  50   5   35.949981 1550.518216    0.000000
  51   1   30.812317 1541.117475    0.000000
  51   2   30.812317 1541.117475    0.000000
  51   3   30.812317 1541.117475    0.000000
  51   4   30.812317 1541.117475    0.000000
  51   5   30.812317 1541.117475    0.000000
  52   1   25.433915 1518.721635    0.000000
  52   2   25.433915 1518.721635    0.000000
  52   3   25.433915 1518.721635    0.000000
  52   4   25.433915 1518.721635    0.000000
  52   5   25.433915 1518.721635    0.000000
  53   1   19.809903 1490.906216    0.000000
  53   2   19.809903 1490.906216    0.000000
  53   3   19.809903 1490.906216    0.000000
  53   4   19.809903 1490.906216    0.000000
  53   5   19.809903 1490.906216    0.000000
  54   1   13.121958 1373.848069    0.000000
  54   2   13.121958 1373.848069    0.000000
  54   3   13.121958 1373.848069    0.000000
  54   4   13.121958 1373.848069    0.000000
  54   5   13.121958 1373.848069    0.000000
  55   1   11.117080 1592.116542   -0.000000
  55   2   11.117080 1592.116542   -0.000000
  55   3   11.117080 1592.116542   -0.000000
  55   4   11.117080 1592.116542   -0.000000
  55   5   11.117080 1592.116542   -0.000000
  56   1    4.180325  237.200316   -0.000000
  56   2    4.180325  237.200316   -0.000000
  56   3    4.180325  237.200316   -0.000000
  56   4    4.180325  237.200316   -0.000000
  56   5    4.180325  237.200316   -0.000000
  57   1   11.355230 1722.152781    0.000000
  57   2   11.355230 1722.152781    0.000000
  57   3   11.355230 1722.152781    0.000000
  57   4   11.355230 1722.152781    0.000000
  57   5   11.355230 1722.152781    0.000000
  58   1    3.780540    0.301070    0.000000
  58   2    3.780540    0.301070    0.000000
  58   3    3.780540    0.301070    0.000000
  58   4    3.780540    0.301070    0.000000
  58   5    3.780540    0.301070    0.000000
  59   1   12.847335 1763.037769    0.000000
  59   2   12.847335 1763.037769    0.000000
  59   3   12.847335 1763.037769    0.000000
  59   4   12.847335 1763.037769    0.000000
  59   5   12.847335 1763.037769    0.000000
  60   1    3.385432    0.005761    0.000000
  60   2    3.385432    0.005761    0.000000
  60   3    3.385432    0.005761    0.000000
  60   4    3.385432    0.005761    0.000000
  60   5    3.385432    0.005761    0.000000
  61   1    5.816279 1377.888848    0.000000
  61   2    5.816279 1377.888848    0.000000
  61   3    5.816279 1377.888848    0.000000
  61   4    5.816279 1377.888848    0.000000
  61   5    5.816279 1377.888848    0.000000
  62   1    2.000000    0.000000    0.000000
  62   2    2.000000    0.000000    0.000000
  62   3    2.000000    0.000000    0.000000
  62   4    2.000000    0.000000    0.000000
  62   5    2.000000    0.000000    0.000000
  63   1    2.000000    0.000000    0.000000
  63   2    2.000000    0.000000    0.000000
  63   3    2.000000    0.000000    0.000000
  63   4    2.000000    0.000000    0.000000
  63   5    2.000000    0.000000    0.000000
  64   1    2.000000    0.000000    0.000000
  64   2    2.000000    0.000000    0.000000
  64   3    2.000000    0.000000    0.000000
  64   4    2.000000    0.000000    0.000000
  64   5    2.000000    0.000000    0.000000
  65   1    2.000000    0.000000    0.000000
  65   2    2.000000    0.000000    0.000000
  65   3    2.000000    0.000000    0.000000
  65   4    2.000000    0.000000    0.000000
  65   5    2.000000    0.000000    0.000000
  66   1    2.000000    0.000000    0.000000
  66   2    2.000000    0.000000    0.000000
  66   3    2.000000    0.000000    0.000000
  66   4    2.000000    0.000000    0.000000
  66   5    2.000000    0.000000    0.000000
  67   1    2.000000    0.000000    0.000000
  67   2    2.000000    0.000000    0.000000
  67   3    2.000000    0.000000    0.000000
  67   4    2.000000    0.000000    0.000000
  67   5    2.000000    0.000000    0.000000
  68   1    2.000000    0.000000    0.000000
  68   2    2.000000    0.000000    0.000000
  68   3    2.000000    0.000000    0.000000
  68   4    2.000000    0.000000    0.000000
  68   5    2.000000    0.000000    0.000000
  69   1    2.000000    0.000000    0.000000
  69   2    2.000000    0.000000    0.000000
  69   3    2.000000    0.000000    0.000000
  69   4    2.000000    0.000000    0.000000
  69   5    2.000000    0.000000    0.000000
  70   1    2.000000    0.000000    0.000000
  70   2    2.000000    0.000000    0.000000
  70   3    2.000000    0.000000    0.000000
  70   4    2.000000    0.000000    0.000000
  70   5    2.000000    0.000000    0.000000
  71   1    2.000000    0.000000    0.000000
  71   2    2.000000    0.000000    0.000000
  71   3    2.000000    0.000000    0.000000
  71   4    2.000000    0.000000    0.000000
  71   5    2.000000    0.000000    0.000000
  72   1    2.000000    0.000000    0.000000
  72   2    2.000000    0.000000    0.000000
  72   3    2.000000    0.000000    0.000000
  72   4    2.000000    0.000000    0.000000
  72   5    2.000000    0.000000    0.000000
  73   1    2.000000    0.000000    0.000000
  73   2    2.000000    0.000000    0.000000
  73   3    2.000000    0.000000    0.000000
  73   4    2.000000    0.000000    0.000000
  73   5    2.000000    0.000000    0.000000
  74   1    2.000000    0.000000    0.000000
  74   2    2.000000    0.000000    0.000000
  74   3    2.000000    0.000000    0.000000
  74   4    2.000000    0.000000    0.000000
  74   5    2.000000    0.000000    0.000000
  75   1    2.000000    0.000000    0.000000
  75   2    2.000000    0.000000    0.000000
  75   3    2.000000    0.000000    0.000000
  75   4    2.000000    0.000000    0.000000
  75   5    2.000000    0.000000    0.000000
  76   1    2.000000    0.000000    0.000000
  76   2    2.000000    0.000000    0.000000
  76   3    2.000000    0.000000    0.000000
  76   4    2.000000    0.000000    0.000000
  76   5    2.000000    0.000000    0.000000
  77   1    2.000000    0.000000    0.000000
  77   2    2.000000    0.000000    0.000000
  77   3    2.000000    0.000000    0.000000
  77   4    2.000000    0.000000    0.000000
  77   5    2.000000    0.000000    0.000000
  78   1    2.000000    0.000000    0.000000
  78   2    2.000000    0.000000    0.000000
  78   3    2.000000    0.000000    0.000000
  78   4    2.000000    0.000000    0.000000
  78   5    2.000000    0.000000    0.000000
  79   1    2.000000    0.000000    0.000000
  79   2    2.000000    0.000000    0.000000
  79   3    2.000000    0.000000    0.000000
  79   4    2.000000    0.000000    0.000000
  79   5    2.000000    0.000000    0.000000
  80   1    2.000000    0.000000    0.000000
  80   2    2.000000    0.000000    0.000000
  80   3    2.000000    0.000000    0.000000
  80   4    2.000000    0.000000    0.000000
  80   5    2.000000    0.000000    0.000000
  81   1    2.000000    0.000000    0.000000
  81   2    2.000000    0.000000    0.000000
  81   3    2.000000    0.000000    0.000000
  81   4    2.000000    0.000000    0.000000
  81   5    2.000000    0.000000    0.000000
  82   1    2.000000    0.000000    0.000000
  82   2    2.000000    0.000000    0.000000
  82   3    2.000000    0.000000    0.000000
  82   4    2.000000    0.000000    0.000000
  82   5    2.000000    0.000000    0.000000
  83   1    2.000000    0.000000    0.000000
  83   2    2.000000    0.000000    0.000000
  83   3    2.000000    0.000000    0.000000
  83   4    2.000000    0.000000    0.000000
  83   5    2.000000    0.000000    0.000000
  84   1    2.000000    0.000000    0.000000
  84   2    2.000000    0.000000    0.000000
  84   3    2.000000    0.000000    0.000000
  84   4    2.000000    0.000000    0.000000
  84   5    2.000000    0.000000    0.000000
  85   1    2.000000    0.000000    0.000000
  85   2    2.000000    0.000000    0.000000
  85   3    2.000000    0.000000    0.000000
  85   4    2.000000    0.000000    0.000000
  85   5    2.000000    0.000000    0.000000
  86   1    2.000000    0.000000    0.000000
  86   2    2.000000    0.000000    0.000000
  86   3    2.000000    0.000000    0.000000
  86   4    2.000000    0.000000    0.000000
  86   5    2.000000    0.000000    0.000000
  87   1    2.000000    0.000000    0.000000
  87   2    2.000000    0.000000    0.000000
  87   3    2.000000    0.000000    0.000000
  87   4    2.000000    0.000000    0.000000
  87   5    2.000000    0.000000    0.000000
  88   1    2.000000    0.000000    0.000000
  88   2    2.000000    0.000000    0.000000
  88   3    2.000000    0.000000    0.000000
  88   4    2.000000    0.000000    0.000000
  88   5    2.000000    0.000000    0.000000
  89   1    2.000000    0.000000    0.000000
  89   2    2.000000    0.000000    0.000000
  89   3    2.000000    0.000000    0.000000
  89   4    2.000000    0.000000    0.000000
  89   5    2.000000    0.000000    0.000000
  90   1    2.000000    0.000000    0.000000
  90   2    2.000000    0.000000    0.000000
  90   3    2.000000    0.000000    0.000000
  90   4    2.000000    0.000000    0.000000
  90   5    2.000000    0.000000    0.000000
  91   1    2.000000    0.000000    0.000000
  91   2    2.000000    0.000000    0.000000
  91   3    2.000000    0.000000    0.000000
  91   4    2.000000    0.000000    0.000000
  91   5    2.000000    0.000000    0.000000
  92   1    2.000000    0.000000    0.000000
  92   2    2.000000    0.000000    0.000000
  92   3    2.000000    0.000000    0.000000
  92   4    2.000000    0.000000    0.000000
  92   5    2.000000    0.000000    0.000000
  93   1    2.000000    0.000000    0.000000
  93   2    2.000000    0.000000    0.000000
  93   3    2.000000    0.000000    0.000000
  93   4    2.000000    0.000000    0.000000
  93   5    2.000000    0.000000    0.000000
  94   1    2.000000    0.000000    0.000000
  94   2    2.000000    0.000000    0.000000
  94   3    2.000000    0.000000    0.000000
  94   4    2.000000    0.000000    0.000000
  94   5    2.000000    0.000000    0.000000
  95   1    2.000000    0.000000    0.000000
  95   2    2.000000    0.000000    0.000000
  95   3    2.000000    0.000000    0.000000
  95   4    2.000000    0.000000    0.000000
  95   5    2.000000    0.000000    0.000000
  96   1    2.000000    0.000000    0.000000
  96   2    2.000000    0.000000    0.000000
  96   3    2.000000    0.000000    0.000000
  96   4    2.000000    0.000000    0.000000
  96   5    2.000000    0.000000    0.000000
  97   1    2.000000    0.000000    0.000000
  97   2    2.000000    0.000000    0.000000
  97   3    2.000000    0.000000    0.000000
  97   4    2.000000    0.000000    0.000000
  97   5    2.000000    0.000000    0.000000
  98   1    2.000000    0.000000    0.000000
  98   2    2.000000    0.000000    0.000000
  98   3    2.000000    0.000000    0.000000
  98   4    2.000000    0.000000    0.000000
  98   5    2.000000    0.000000    0.000000
  99   1    2.000000    0.000000    0.000000
  99   2    2.000000    0.000000    0.000000
  99   3    2.000000    0.000000    0.000000
  99   4    2.000000    0.000000    0.000000
  99   5    2.000000    0.000000    0.000000
 100   1    2.000000    0.000000    0.000000
 100   2    2.000000    0.000000    0.000000
 100   3    2.000000    0.000000    0.000000
 100   4    2.000000    0.000000    0.000000
 100   5    2.000000    0.000000    0.000000
 101   1    2.000000    0.000000    0.000000
 101   2    2.000000    0.000000    0.000000
 101   3    2.000000    0.000000    0.000000
 101   4    2.000000    0.000000    0.000000
 101   5    2.000000    0.000000    0.000000
 102   1    2.000000    0.000000    0.000000
 102   2    2.000000    0.000000    0.000000
 102   3    2.000000    0.000000    0.000000
 102   4    2.000000    0.000000    0.000000
 102   5    2.000000    0.000000    0.000000
 103   1    2.000000    0.000000    0.000000
 103   2    2.000000    0.000000    0.000000
 103   3    2.000000    0.000000    0.000000
 103   4    2.000000    0.000000    0.000000
 103   5    2.000000    0.000000    0.000000
 104   1    2.000000    0.000000    0.000000
 104   2    2.000000    0.000000    0.000000
 104   3    2.000000    0.000000    0.000000
 104   4    2.000000    0.000000    0.000000
 104   5    2.000000    0.000000    0.000000
 105   1    2.000000    0.000000    0.000000
 105   2    2.000000    0.000000    0.000000
 105   3    2.000000    0.000000    0.000000
 105   4    2.000000    0.000000    0.000000
 105   5    2.000000    0.000000    0.000000
 106   1    2.000000    0.000000    0.000000
 106   2    2.000000    0.000000    0.000000
 106   3    2.000000    0.000000    0.000000
 106   4    2.000000    0.000000    0.000000
 106   5    2.000000    0.000000    0.000000
 107   1    2.000000    0.000000    0.000000
 107   2    2.000000    0.000000    0.000000
 107   3    2.000000    0.000000    0.000000
 107   4    2.000000    0.000000    0.000000
 107   5    2.000000    0.000000    0.000000
 108   1    2.000000    0.000000    0.000000
 108   2    2.000000    0.000000    0.000000
 108   3    2.000000    0.000000    0.000000
 108   4    2.000000    0.000000    0.000000
 108   5    2.000000    0.000000    0.000000
 109   1    2.000000    0.000000    0.000000
 109   2    2.000000    0.000000    0.000000
 109   3    2.000000    0.000000    0.000000
 109   4    2.000000    0.000000    0.000000
 109   5    2.000000    0.000000    0.000000
 110   1    2.000000    0.000000    0.000000
 110   2    2.000000    0.000000    0.000000
 110   3    2.000000    0.000000    0.000000
 110   4    2.000000    0.000000    0.000000
 110   5    2.000000    0.000000    0.000000
 111   1    2.000000    0.000000    0.000000
 111   2    2.000000    0.000000    0.000000
 111   3    2.000000    0.000000    0.000000
 111   4    2.000000    0.000000    0.000000
 111   5    2.000000    0.000000    0.000000
 112   1    2.000000    0.000000    0.000000
 112   2    2.000000    0.000000    0.000000
 112   3    2.000000    0.000000    0.000000
 112   4    2.000000    0.000000    0.000000
 112   5    2.000000    0.000000    0.000000
 113   1    2.000000    0.000000    0.000000
 113   2    2.000000    0.000000    0.000000
 113   3    2.000000    0.000000    0.000000
 113   4    2.000000    0.000000    0.000000
 113   5    2.000000    0.000000    0.000000
 114   1    2.000000    0.000000    0.000000
 114   2    2.000000    0.000000    0.000000
 114   3    2.000000    0.000000    0.000000
 114   4    2.000000    0.000000    0.000000
 114   5    2.000000    0.000000    0.000000
 115   1    2.000000    0.000000    0.000000
 115   2    2.000000    0.000000    0.000000
 115   3    2.000000    0.000000    0.000000
 115   4    2.000000    0.000000    0.000000
 115   5    2.000000    0.000000    0.000000
 116   1    2.000000    0.000000    0.000000
 116   2    2.000000    0.000000    0.000000
 116   3    2.000000    0.000000    0.000000
 116   4    2.000000    0.000000    0.000000
 116   5    2.000000    0.000000    0.000000
 117   1    2.000000    0.000000    0.000000
 117   2    2.000000    0.000000    0.000000
 117   3    2.000000    0.000000    0.000000
 117   4    2.000000    0.000000    0.000000
 117   5    2.000000    0.000000    0.000000
 118   1    2.000000    0.000000    0.000000
 118   2    2.000000    0.000000    0.000000
 118   3    2.000000    0.000000    0.000000
 118   4    2.000000    0.000000    0.000000
 118   5    2.000000    0.000000    0.000000
 119   1    2.000000    0.000000    0.000000
 119   2    2.000000    0.000000    0.000000
 119   3    2.000000    0.000000    0.000000
 119   4    2.000000    0.000000    0.000000
 119   5    2.000000    0.000000    0.000000
 120   1    2.000000    0.000000    0.000000
 120   2    2.000000    0.000000    0.000000
 120   3    2.000000    0.000000    0.000000
 120   4    2.000000    0.000000    0.000000
 120   5    2.000000    0.000000    0.000000
 121   1    2.000000    0.000000    0.000000
 121   2    2.000000    0.000000    0.000000
 121   3    2.000000    0.000000    0.000000
 121   4    2.000000    0.000000    0.000000
 121   5    2.000000    0.000000    0.000000
 122   1    2.000000    0.000000    0.000000
 122   2    2.000000    0.000000    0.000000
 122   3    2.000000    0.000000    0.000000
 122   4    2.000000    0.000000    0.000000
 122   5    2.000000    0.000000    0.000000
 123   1    2.000000    0.000000    0.000000
 123   2    2.000000    0.000000    0.000000
 123   3    2.000000    0.000000    0.000000
 123   4    2.000000    0.000000    0.000000
 123   5    2.000000    0.000000    0.000000
 124   1    2.000000    0.000000    0.000000
 124   2    2.000000    0.000000    0.000000
 124   3    2.000000    0.000000    0.000000
 124   4    2.000000    0.000000    0.000000
 124   5    2.000000    0.000000    0.000000
 125   1    2.000000    0.000000    0.000000
 125   2    2.000000    0.000000    0.000000
 125   3    2.000000    0.000000    0.000000
 125   4    2.000000    0.000000    0.000000
 125   5    2.000000    0.000000    0.000000
 126   1    2.000000    0.000000    0.000000
 126   2    2.000000    0.000000    0.000000
 126   3    2.000000    0.000000    0.000000
 126   4    2.000000    0.000000    0.000000
 126   5    2.000000    0.000000    0.000000
 127   1    2.000000    0.000000    0.000000
 127   2    2.000000    0.000000    0.000000
 127   3    2.000000    0.000000    0.000000
 127   4    2.000000    0.000000    0.000000
 127   5    2.000000    0.000000    0.000000
 128   1    2.000000    0.000000    0.000000
 128   2    2.000000    0.000000    0.000000
 128   3    2.000000    0.000000    0.000000
 128   4    2.000000    0.000000    0.000000
 128   5    2.000000    0.000000    0.000000
 129   1    2.000000    0.000000    0.000000
 129   2    2.000000    0.000000    0.000000
 129   3    2.000000    0.000000    0.000000
 129   4    2.000000    0.000000    0.000000
 129   5    2.000000    0.000000    0.000000
 130   1    2.000000    0.000000    0.000000
 130   2    2.000000    0.000000    0.000000
 130   3    2.000000    0.000000    0.000000
 130   4    2.000000    0.000000    0.000000
 130   5    2.000000    0.000000    0.000000
 131   1    2.000000    0.000000    0.000000
 131   2    2.000000    0.000000    0.000000
 131   3    2.000000    0.000000    0.000000
 131   4    2.000000    0.000000    0.000000
 131   5    2.000000    0.000000    0.000000
 132   1    2.000000    0.000000    0.000000
 132   2    2.000000    0.000000    0.000000
 132   3    2.000000    0.000000    0.000000
 132   4    2.000000    0.000000    0.000000
 132   5    2.000000    0.000000    0.000000
 133   1    2.000000    0.000000    0.000000
 133   2    2.000000    0.000000    0.000000
 133   3    2.000000    0.000000    0.000000
 133   4    2.000000    0.000000    0.000000
 133   5    2.000000    0.000000    0.000000
 134   1    2.000000    0.000000    0.000000
 134   2    2.000000    0.000000    0.000000
 134   3    2.000000    0.000000    0.000000
 134   4    2.000000    0.000000    0.000000
 134   5    2.000000    0.000000    0.000000
 135   1    2.000000    0.000000    0.000000
 135   2    2.000000    0.000000    0.000000
 135   3    2.000000    0.000000    0.000000
 135   4    2.000000    0.000000    0.000000
 135   5    2.000000    0.000000    0.000000
 136   1    2.000000    0.000000    0.000000
 136   2    2.000000    0.000000    0.000000
 136   3    2.000000    0.000000    0.000000
 136   4    2.000000    0.000000    0.000000
 136   5    2.000000    0.000000    0.000000
 137   1    2.000000    0.000000    0.000000
 137   2    2.000000    0.000000    0.000000
 137   3    2.000000    0.000000    0.000000
 137   4    2.000000    0.000000    0.000000
 137   5    2.000000    0.000000    0.000000
 138   1    2.000000    0.000000    0.000000
 138   2    2.000000    0.000000    0.000000
 138   3    2.000000    0.000000    0.000000
 138   4    2.000000    0.000000    0.000000
 138   5    2.000000    0.000000    0.000000
 139   1    2.000000    0.000000    0.000000
 139   2    2.000000    0.000000    0.000000
 139   3    2.000000    0.000000    0.000000
 139   4    2.000000    0.000000    0.000000
 139   5    2.000000    0.000000    0.000000
 140   1    2.000000    0.000000    0.000000
 140   2    2.000000    0.000000    0.000000
 140   3    2.000000    0.000000    0.000000
 140   4    2.000000    0.000000    0.000000
 140   5    2.000000    0.000000    0.000000
 141   1    2.000000    0.000000    0.000000
 141   2    2.000000    0.000000    0.000000
 141   3    2.000000    0.000000    0.000000
 141   4    2.000000    0.000000    0.000000
 141   5    2.000000    0.000000    0.000000
 142   1    2.000000    0.000000    0.000000
 142   2    2.000000    0.000000    0.000000
 142   3    2.000000    0.000000    0.000000
 142   4    2.000000    0.000000    0.000000
 142   5    2.000000    0.000000    0.000000
 143   1    2.000000    0.000000    0.000000
 143   2    2.000000    0.000000    0.000000
 143   3    2.000000    0.000000    0.000000
 143   4    2.000000    0.000000    0.000000
 143   5    2.000000    0.000000    0.000000
 144   1    2.000000    0.000000    0.000000
 144   2    2.000000    0.000000    0.000000
 144   3    2.000000    0.000000    0.000000
 144   4    2.000000    0.000000    0.000000
 144   5    2.000000    0.000000    0.000000
 145   1    2.000000    0.000000    0.000000
 145   2    2.000000    0.000000    0.000000
 145   3    2.000000    0.000000    0.000000
 145   4    2.000000    0.000000    0.000000
 145   5    2.000000    0.000000    0.000000
 146   1    2.000000    0.000000    0.000000
 146   2    2.000000    0.000000    0.000000
 146   3    2.000000    0.000000    0.000000
 146   4    2.000000    0.000000    0.000000
 146   5    2.000000    0.000000    0.000000
 147   1    2.000000    0.000000    0.000000
 147   2    2.000000    0.000000    0.000000
 147   3    2.000000    0.000000    0.000000
 147   4    2.000000    0.000000    0.000000
 147   5    2.000000    0.000000    0.000000
 148   1    2.000000    0.000000    0.000000
 148   2    2.000000    0.000000    0.000000
 148   3    2.000000    0.000000    0.000000
 148   4    2.000000    0.000000    0.000000
 148   5    2.000000    0.000000    0.000000
 149   1    2.000000    0.000000    0.000000
 149   2    2.000000    0.000000    0.000000
 149   3    2.000000    0.000000    0.000000
 149   4    2.000000    0.000000    0.000000
 149   5    2.000000    0.000000    0.000000
 150   1    2.000000    0.000000    0.000000
 150   2    2.000000    0.000000    0.000000
 150   3    2.000000    0.000000    0.000000
 150   4    2.000000    0.000000    0.000000
 150   5    2.000000    0.000000    0.000000
 151   1    2.000000    0.000000    0.000000
 151   2    2.000000    0.000000    0.000000
 151   3    2.000000    0.000000    0.000000
 151   4    2.000000    0.000000    0.000000
 151   5    2.000000    0.000000    0.000000
 152   1    2.000000    0.000000    0.000000
 152   2    2.000000    0.000000    0.000000
 152   3    2.000000    0.000000    0.000000
 152   4    2.000000    0.000000    0.000000
 152   5    2.000000    0.000000    0.000000
 153   1    2.000000    0.000000    0.000000
 153   2    2.000000    0.000000    0.000000
 153   3    2.000000    0.000000    0.000000
 153   4    2.000000    0.000000    0.000000
 153   5    2.000000    0.000000    0.000000
 154   1    2.000000    0.000000    0.000000
 154   2    2.000000    0.000000    0.000000
 154   3    2.000000    0.000000    0.000000
 154   4    2.000000    0.000000    0.000000
 154   5    2.000000    0.000000    0.000000
 155   1    2.000000    0.000000    0.000000
 155   2    2.000000    0.000000    0.000000
 155   3    2.000000    0.000000    0.000000
 155   4    2.000000    0.000000    0.000000
 155   5    2.000000    0.000000    0.000000
 156   1    2.000000    0.000000    0.000000
 156   2    2.000000    0.000000    0.000000
 156   3    2.000000    0.000000    0.000000
 156   4    2.000000    0.000000    0.000000
 156   5    2.000000    0.000000    0.000000
 157   1    2.000000    0.000000    0.000000
 157   2    2.000000    0.000000    0.000000
 157   3    2.000000    0.000000    0.000000
 157   4    2.000000    0.000000    0.000000
 157   5    2.000000    0.000000    0.000000
 158   1    2.000000    0.000000    0.000000
 158   2    2.000000    0.000000    0.000000
 158   3    2.000000    0.000000    0.000000
 158   4    2.000000    0.000000    0.000000
 158   5    2.000000    0.000000    0.000000
 159   1    2.000000    0.000000    0.000000
 159   2    2.000000    0.000000    0.000000
 159   3    2.000000    0.000000    0.000000
 159   4    2.000000    0.000000    0.000000
 159   5    2.000000    0.000000    0.000000
 160   1    2.000000    0.000000    0.000000
 160   2    2.000000    0.000000    0.000000
 160   3    2.000000    0.000000    0.000000
 160   4    2.000000    0.000000    0.000000
 160   5    2.000000    0.000000    0.000000
 161   1    2.000000    0.000000    0.000000
 161   2    2.000000    0.000000    0.000000
 161   3    2.000000    0.000000    0.000000
 161   4    2.000000    0.000000    0.000000
 161   5    2.000000    0.000000    0.000000
 162   1    2.000000    0.000000    0.000000
 162   2    2.000000    0.000000    0.000000
 162   3    2.000000    0.000000    0.000000
 162   4    2.000000    0.000000    0.000000
 162   5    2.000000    0.000000    0.000000
 163   1    2.000000    0.000000    0.000000
 163   2    2.000000    0.000000    0.000000
 163   3    2.000000    0.000000    0.000000
 163   4    2.000000    0.000000    0.000000
 163   5    2.000000    0.000000    0.000000
 164   1    2.000000    0.000000    0.000000
 164   2    2.000000    0.000000    0.000000
 164   3    2.000000    0.000000    0.000000
 164   4    2.000000    0.000000    0.000000
 164   5    2.000000    0.000000    0.000000
 165   1    2.000000    0.000000    0.000000
 165   2    2.000000    0.000000    0.000000
 165   3    2.000000    0.000000    0.000000
 165   4    2.000000    0.000000    0.000000
 165   5    2.000000    0.000000    0.000000
 166   1    2.000000    0.000000    0.000000
 166   2    2.000000    0.000000    0.000000
 166   3    2.000000    0.000000    0.000000
 166   4    2.000000    0.000000    0.000000
 166   5    2.000000    0.000000    0.000000
 167   1    2.000000    0.000000    0.000000
 167   2    2.000000    0.000000    0.000000
 167   3    2.000000    0.000000    0.000000
 167   4    2.000000    0.000000    0.000000
 167   5    2.000000    0.000000    0.000000
 168   1    2.000000    0.000000    0.000000
 168   2    2.000000    0.000000    0.000000
 168   3    2.000000    0.000000    0.000000
 168   4    2.000000    0.000000    0.000000
 168   5    2.000000    0.000000    0.000000
 169   1    2.000000    0.000000    0.000000
 169   2    2.000000    0.000000    0.000000
 169   3    2.000000    0.000000    0.000000
 169   4    2.000000    0.000000    0.000000
 169   5    2.000000    0.000000    0.000000
 170   1    2.000000    0.000000    0.000000
 170   2    2.000000    0.000000    0.000000
 170   3    2.000000    0.000000    0.000000
 170   4    2.000000    0.000000    0.000000
 170   5    2.000000    0.000000    0.000000
 171   1    2.000000    0.000000    0.000000
 171   2    2.000000    0.000000    0.000000
 171   3    2.000000    0.000000    0.000000
 171   4    2.000000    0.000000    0.000000
 171   5    2.000000    0.000000    0.000000
 172   1    2.000000    0.000000    0.000000
 172   2    2.000000    0.000000    0.000000
 172   3    2.000000    0.000000    0.000000
 172   4    2.000000    0.000000    0.000000
 172   5    2.000000    0.000000    0.000000
 173   1    2.000000    0.000000    0.000000
 173   2    2.000000    0.000000    0.000000
 173   3    2.000000    0.000000    0.000000
 173   4    2.000000    0.000000    0.000000
 173   5    2.000000    0.000000    0.000000
 174   1    2.000000    0.000000    0.000000
 174   2    2.000000    0.000000    0.000000
 174   3    2.000000    0.000000    0.000000
 174   4    2.000000    0.000000    0.000000
 174   5    2.000000    0.000000    0.000000
 175   1    2.000000    0.000000    0.000000
 175   2    2.000000    0.000000    0.000000
 175   3    2.000000    0.000000    0.000000
 175   4    2.000000    0.000000    0.000000
 175   5    2.000000    0.000000    0.000000
 176   1    2.000000    0.000000    0.000000
 176   2    2.000000    0.000000    0.000000
 176   3    2.000000    0.000000    0.000000
 176   4    2.000000    0.000000    0.000000
 176   5    2.000000    0.000000    0.000000
 177   1    2.000000    0.000000    0.000000
 177   2    2.000000    0.000000    0.000000
 177   3    2.000000    0.000000    0.000000
 177   4    2.000000    0.000000    0.000000
 177   5    2.000000    0.000000    0.000000
 178   1    2.000000    0.000000    0.000000
 178   2    2.000000    0.000000    0.000000
 178   3    2.000000    0.000000    0.000000
 178   4    2.000000    0.000000    0.000000
 178   5    2.000000    0.000000    0.000000
 179   1    2.000000    0.000000    0.000000
 179   2    2.000000    0.000000    0.000000
 179   3    2.000000    0.000000    0.000000
 179   4    2.000000    0.000000    0.000000
 179   5    2.000000    0.000000    0.000000
 180   1    2.000000    0.000000    0.000000
 180   2    2.000000    0.000000    0.000000
 180   3    2.000000    0.000000    0.000000
 180   4    2.000000    0.000000    0.000000
 180   5    2.000000    0.000000    0.000000
 181   1    2.000000    0.000000    0.000000
 181   2    2.000000    0.000000    0.000000
 181   3    2.000000    0.000000    0.000000
 181   4    2.000000    0.000000    0.000000
 181   5    2.000000    0.000000    0.000000
 182   1    2.000000    0.000000    0.000000
 182   2    2.000000    0.000000    0.000000
 182   3    2.000000    0.000000    0.000000
 182   4    2.000000    0.000000    0.000000
 182   5    2.000000    0.000000    0.000000
 183   1    2.000000    0.000000    0.000000
 183   2    2.000000    0.000000    0.000000
 183   3    2.000000    0.000000    0.000000
 183   4    2.000000    0.000000    0.000000
 183   5    2.000000    0.000000    0.000000
 184   1    2.000000    0.000000    0.000000
 184   2    2.000000    0.000000    0.000000
 184   3    2.000000    0.000000    0.000000
 184   4    2.000000    0.000000    0.000000
 184   5    2.000000    0.000000    0.000000
 185   1    2.000000    0.000000    0.000000
 185   2    2.000000    0.000000    0.000000
 185   3    2.000000    0.000000    0.000000
 185   4    2.000000    0.000000    0.000000
 185   5    2.000000    0.000000    0.000000
 186   1    2.000000    0.000000    0.000000
 186   2    2.000000    0.000000    0.000000
 186   3    2.000000    0.000000    0.000000
 186   4    2.000000    0.000000    0.000000
 186   5    2.000000    0.000000    0.000000
 187   1    2.000000    0.000000    0.000000
 187   2    2.000000    0.000000    0.000000
 187   3    2.000000    0.000000    0.000000
 187   4    2.000000    0.000000    0.000000
 187   5    2.000000    0.000000    0.000000
 188   1    2.000000    0.000000    0.000000
 188   2    2.000000    0.000000    0.000000
 188   3    2.000000    0.000000    0.000000
 188   4    2.000000    0.000000    0.000000
 188   5    2.000000    0.000000    0.000000
 189   1    2.000000    0.000000    0.000000
 189   2    2.000000    0.000000    0.000000
 189   3    2.000000    0.000000    0.000000
 189   4    2.000000    0.000000    0.000000
 189   5    2.000000    0.000000    0.000000
 190   1    2.000000    0.000000    0.000000
 190   2    2.000000    0.000000    0.000000
 190   3    2.000000    0.000000    0.000000
 190   4    2.000000    0.000000    0.000000
 190   5    2.000000    0.000000    0.000000
 191   1    2.000000    0.000000    0.000000
 191   2    2.000000    0.000000    0.000000
 191   3    2.000000    0.000000    0.000000
 191   4    2.000000    0.000000    0.000000
 191   5    2.000000    0.000000    0.000000
 192   1    2.000000    0.000000    0.000000
 192   2    2.000000    0.000000    0.000000
 192   3    2.000000    0.000000    0.000000
 192   4    2.000000    0.000000    0.000000
 192   5    2.000000    0.000000    0.000000
 193   1    2.000000    0.000000    0.000000
 193   2    2.000000    0.000000    0.000000
 193   3    2.000000    0.000000    0.000000
 193   4    2.000000    0.000000    0.000000
 193   5    2.000000    0.000000    0.000000
 194   1    2.000000    0.000000    0.000000
 194   2    2.000000    0.000000    0.000000
 194   3    2.000000    0.000000    0.000000
 194   4    2.000000    0.000000    0.000000
 194   5    2.000000    0.000000    0.000000
 195   1    2.000000    0.000000    0.000000
 195   2    2.000000    0.000000    0.000000
 195   3    2.000000    0.000000    0.000000
 195   4    2.000000    0.000000    0.000000
 195   5    2.000000    0.000000    0.000000
 196   1    2.000000    0.000000    0.000000
 196   2    2.000000    0.000000    0.000000
 196   3    2.000000    0.000000    0.000000
 196   4    2.000000    0.000000    0.000000
 196   5    2.000000    0.000000    0.000000
 197   1    2.000000    0.000000    0.000000
 197   2    2.000000    0.000000    0.000000
 197   3    2.000000    0.000000    0.000000
 197   4    2.000000    0.000000    0.000000
 197   5    2.000000    0.000000    0.000000
 198   1    2.000000    0.000000    0.000000
 198   2    2.000000    0.000000    0.000000
 198   3    2.000000    0.000000    0.000000
 198   4    2.000000    0.000000    0.000000
 198   5    2.000000    0.000000    0.000000
 199   1    2.000000    0.000000    0.000000
 199   2    2.000000    0.000000    0.000000
 199   3    2.000000    0.000000    0.000000
 199   4    2.000000    0.000000    0.000000
 199   5    2.000000    0.000000    0.000000
 200   1    2.000000    0.000000    0.000000
 200   2    2.000000    0.000000    0.000000
 200   3    2.000000    0.000000    0.000000
 200   4    2.000000    0.000000    0.000000
 200   5    2.000000    0.000000    0.000000
 201   1    2.000000    0.000000    0.000000
 201   2    2.000000    0.000000    0.000000
 201   3    2.000000    0.000000    0.000000
 201   4    2.000000    0.000000    0.000000
 201   5    2.000000    0.000000    0.000000
 202   1    2.000000    0.000000    0.000000
 202   2    2.000000    0.000000    0.000000
 202   3    2.000000    0.000000    0.000000
 202   4    2.000000    0.000000    0.000000
 202   5    2.000000    0.000000    0.000000
 203   1    2.000000    0.000000    0.000000
 203   2    2.000000    0.000000    0.000000
 203   3    2.000000    0.000000    0.000000
 203   4    2.000000    0.000000    0.000000
 203   5    2.000000    0.000000    0.000000
 204   1    2.000000    0.000000    0.000000
 204   2    2.000000    0.000000    0.000000
 204   3    2.000000    0.000000    0.000000
 204   4    2.000000    0.000000    0.000000
 204   5    2.000000    0.000000    0.000000
 205   1    2.000000    0.000000    0.000000
 205   2    2.000000    0.000000    0.000000
 205   3    2.000000    0.000000    0.000000
 205   4    2.000000    0.000000    0.000000
 205   5    2.000000    0.000000    0.000000
 206   1    2.000000    0.000000    0.000000
 206   2    2.000000    0.000000    0.000000
 206   3    2.000000    0.000000    0.000000
 206   4    2.000000    0.000000    0.000000
 206   5    2.000000    0.000000    0.000000
 207   1    2.000000    0.000000    0.000000
 207   2    2.000000    0.000000    0.000000
 207   3    2.000000    0.000000    0.000000
 207   4    2.000000    0.000000    0.000000
 207   5    2.000000    0.000000    0.000000
 208   1    2.000000    0.000000    0.000000
 208   2    2.000000    0.000000    0.000000
 208   3    2.000000    0.000000    0.000000
 208   4    2.000000    0.000000    0.000000
 208   5    2.000000    0.000000    0.000000
 209   1    2.000000    0.000000    0.000000
 209   2    2.000000    0.000000    0.000000
 209   3    2.000000    0.000000    0.000000
 209   4    2.000000    0.000000    0.000000
 209   5    2.000000    0.000000    0.000000
 210   1    2.000000    0.000000    0.000000
 210   2    2.000000    0.000000    0.000000
 210   3    2.000000    0.000000    0.000000
 210   4    2.000000    0.000000    0.000000
 210   5    2.000000    0.000000    0.000000
 211   1    2.000000    0.000000    0.000000
 211   2    2.000000    0.000000    0.000000
 211   3    2.000000    0.000000    0.000000
 211   4    2.000000    0.000000    0.000000
 211   5    2.000000    0.000000    0.000000
 212   1    2.000000    0.000000    0.000000
 212   2    2.000000    0.000000    0.000000
 212   3    2.000000    0.000000    0.000000
 212   4    2.000000    0.000000    0.000000
 212   5    2.000000    0.000000    0.000000
 213   1    2.000000    0.000000    0.000000
 213   2    2.000000    0.000000    0.000000
 213   3    2.000000    0.000000    0.000000
 213   4    2.000000    0.000000    0.000000
 213   5    2.000000    0.000000    0.000000
 214   1    2.000000    0.000000    0.000000
 214   2    2.000000    0.000000    0.000000
 214   3    2.000000    0.000000    0.000000
 214   4    2.000000    0.000000    0.000000
 214   5    2.000000    0.000000    0.000000
 215   1    2.000000    0.000000    0.000000
 215   2    2.000000    0.000000    0.000000
 215   3    2.000000    0.000000    0.000000
 215   4    2.000000    0.000000    0.000000
 215   5    2.000000    0.000000    0.000000
 216   1    2.000000    0.000000    0.000000
 216   2    2.000000    0.000000    0.000000
 216   3    2.000000    0.000000    0.000000
 216   4    2.000000    0.000000    0.000000
 216   5    2.000000    0.000000    0.000000
 217   1    2.000000    0.000000    0.000000
 217   2    2.000000    0.000000    0.000000
 217   3    2.000000    0.000000    0.000000
 217   4    2.000000    0.000000    0.000000
 217   5    2.000000    0.000000    0.000000
 218   1    2.000000    0.000000    0.000000
 218   2    2.000000    0.000000    0.000000
 218   3    2.000000    0.000000    0.000000
 218   4    2.000000    0.000000    0.000000
 218   5    2.000000    0.000000    0.000000
 219   1    2.000000    0.000000    0.000000
 219   2    2.000000    0.000000    0.000000
 219   3    2.000000    0.000000    0.000000
 219   4    2.000000    0.000000    0.000000
 219   5    2.000000    0.000000    0.000000
 220   1    2.000000    0.000000    0.000000
 220   2    2.000000    0.000000    0.000000
 220   3    2.000000    0.000000    0.000000
 220   4    2.000000    0.000000    0.000000
 220   5    2.000000    0.000000    0.000000
 221   1    2.000000    0.000000    0.000000
 221   2    2.000000    0.000000    0.000000
 221   3    2.000000    0.000000    0.000000
 221   4    2.000000    0.000000    0.000000
 221   5    2.000000    0.000000    0.000000
 222   1    2.000000    0.000000    0.000000
 222   2    2.000000    0.000000    0.000000
 222   3    2.000000    0.000000    0.000000
 222   4    2.000000    0.000000    0.000000
 222   5    2.000000    0.000000    0.000000
 223   1    2.000000    0.000000    0.000000
 223   2    2.000000    0.000000    0.000000
 223   3    2.000000    0.000000    0.000000
 223   4    2.000000    0.000000    0.000000
 223   5    2.000000    0.000000    0.000000
 224   1    2.000000    0.000000    0.000000
 224   2    2.000000    0.000000    0.000000
 224   3    2.000000    0.000000    0.000000
 224   4    2.000000    0.000000    0.000000
 224   5    2.000000    0.000000    0.000000
 225   1    2.000000    0.000000    0.000000
 225   2    2.000000    0.000000    0.000000
 225   3    2.000000    0.000000    0.000000
 225   4    2.000000    0.000000    0.000000
 225   5    2.000000    0.000000    0.000000
 226   1    2.000000    0.000000    0.000000
 226   2    2.000000    0.000000    0.000000
 226   3    2.000000    0.000000    0.000000
 226   4    2.000000    0.000000    0.000000
 226   5    2.000000    0.000000    0.000000
 227   1    2.000000    0.000000    0.000000
 227   2    2.000000    0.000000    0.000000
 227   3    2.000000    0.000000    0.000000
 227   4    2.000000    0.000000    0.000000
 227   5    2.000000    0.000000    0.000000
 228   1    2.000000    0.000000    0.000000
 228   2    2.000000    0.000000    0.000000
 228   3    2.000000    0.000000    0.000000
 228   4    2.000000    0.000000    0.000000
 228   5    2.000000    0.000000    0.000000
 229   1    2.000000    0.000000    0.000000
 229   2    2.000000    0.000000    0.000000
 229   3    2.000000    0.000000    0.000000
 229   4    2.000000    0.000000    0.000000
 229   5    2.000000    0.000000    0.000000
 230   1    2.000000    0.000000    0.000000
 230   2    2.000000    0.000000    0.000000
 230   3    2.000000    0.000000    0.000000
 230   4    2.000000    0.000000    0.000000
 230   5    2.000000    0.000000    0.000000
 231   1    2.000000    0.000000    0.000000
 231   2    2.000000    0.000000    0.000000
 231   3    2.000000    0.000000    0.000000
 231   4    2.000000    0.000000    0.000000
 231   5    2.000000    0.000000    0.000000
 232   1    2.000000    0.000000    0.000000
 232   2    2.000000    0.000000    0.000000
 232   3    2.000000    0.000000    0.000000
 232   4    2.000000    0.000000    0.000000
 232   5    2.000000    0.000000    0.000000
 233   1    2.000000    0.000000    0.000000
 233   2    2.000000    0.000000    0.000000
 233   3    2.000000    0.000000    0.000000
 233   4    2.000000    0.000000    0.000000
 233   5    2.000000    0.000000    0.000000
 234   1    2.000000    0.000000    0.000000
 234   2    2.000000    0.000000    0.000000
 234   3    2.000000    0.000000    0.000000
 234   4    2.000000    0.000000    0.000000
 234   5    2.000000    0.000000    0.000000
 235   1    2.000000    0.000000    0.000000
 235   2    2.000000    0.000000    0.000000
 235   3    2.000000    0.000000    0.000000
 235   4    2.000000    0.000000    0.000000
 235   5    2.000000    0.000000    0.000000
 236   1    2.000000    0.000000    0.000000
 236   2    2.000000    0.000000    0.000000
 236   3    2.000000    0.000000    0.000000
 236   4    2.000000    0.000000    0.000000
 236   5    2.000000    0.000000    0.000000
 237   1    2.000000    0.000000    0.000000
 237   2    2.000000    0.000000    0.000000
 237   3    2.000000    0.000000    0.000000
 237   4    2.000000    0.000000    0.000000
 237   5    2.000000    0.000000    0.000000
 238   1    2.000000    0.000000    0.000000
 238   2    2.000000    0.000000    0.000000
 238   3    2.000000    0.000000    0.000000
 238   4    2.000000    0.000000    0.000000
 238   5    2.000000    0.000000    0.000000
 239   1    2.000000    0.000000    0.000000
 239   2    2.000000    0.000000    0.000000
 239   3    2.000000    0.000000    0.000000
 239   4    2.000000    0.000000    0.000000
 239   5    2.000000    0.000000    0.000000
 240   1    2.000000    0.000000    0.000000
 240   2    2.000000    0.000000    0.000000
 240   3    2.000000    0.000000    0.000000
 240   4    2.000000    0.000000    0.000000
 240   5    2.000000    0.000000    0.000000
 241   1    2.000000    0.000000    0.000000
 241   2    2.000000    0.000000    0.000000
 241   3    2.000000    0.000000    0.000000
 241   4    2.000000    0.000000    0.000000
 241   5    2.000000    0.000000    0.000000
 242   1    2.000000    0.000000    0.000000
 242   2    2.000000    0.000000    0.000000
 242   3    2.000000    0.000000    0.000000
 242   4    2.000000    0.000000    0.000000
 242   5    2.000000    0.000000    0.000000
 243   1    2.000000    0.000000    0.000000
 243   2    2.000000    0.000000    0.000000
 243   3    2.000000    0.000000    0.000000
 243   4    2.000000    0.000000    0.000000
 243   5    2.000000    0.000000    0.000000
 244   1    2.000000    0.000000    0.000000
 244   2    2.000000    0.000000    0.000000
 244   3    2.000000    0.000000    0.000000
 244   4    2.000000    0.000000    0.000000
 244   5    2.000000    0.000000    0.000000
 245   1    2.000000    0.000000    0.000000
 245   2    2.000000    0.000000    0.000000
 245   3    2.000000    0.000000    0.000000
 245   4    2.000000    0.000000    0.000000
 245   5    2.000000    0.000000    0.000000
 246   1    2.000000    0.000000    0.000000
 246   2    2.000000    0.000000    0.000000
 246   3    2.000000    0.000000    0.000000
 246   4    2.000000    0.000000    0.000000
 246   5    2.000000    0.000000    0.000000
 247   1    2.000000    0.000000    0.000000
 247   2    2.000000    0.000000    0.000000
 247   3    2.000000    0.000000    0.000000
 247   4    2.000000    0.000000    0.000000
 247   5    2.000000    0.000000    0.000000
 248   1    2.000000    0.000000    0.000000
 248   2    2.000000    0.000000    0.000000
 248   3    2.000000    0.000000    0.000000
 248   4    2.000000    0.000000    0.000000
 248   5    2.000000    0.000000    0.000000
 249   1    2.000000    0.000000    0.000000
 249   2    2.000000    0.000000    0.000000
 249   3    2.000000    0.000000    0.000000
 249   4    2.000000    0.000000    0.000000
 249   5    2.000000    0.000000    0.000000
 250   1    2.000000    0.000000    0.000000
 250   2    2.000000    0.000000    0.000000
 250   3    2.000000    0.000000    0.000000
 250   4    2.000000    0.000000    0.000000
 250   5    2.000000    0.000000    0.000000
 251   1    2.000000    0.000000    0.000000
 251   2    2.000000    0.000000    0.000000
 251   3    2.000000    0.000000    0.000000
 251   4    2.000000    0.000000    0.000000
 251   5    2.000000    0.000000    0.000000
 252   1    2.000000    0.000000    0.000000
 252   2    2.000000    0.000000    0.000000
 252   3    2.000000    0.000000    0.000000
 252   4    2.000000    0.000000    0.000000
 252   5    2.000000    0.000000    0.000000
 253   1    2.000000    0.000000    0.000000
 253   2    2.000000    0.000000    0.000000
 253   3    2.000000    0.000000    0.000000
 253   4    2.000000    0.000000    0.000000
 253   5    2.000000    0.000000    0.000000
 254   1    2.000000    0.000000    0.000000
 254   2    2.000000    0.000000    0.000000
 254   3    2.000000    0.000000    0.000000
 254   4    2.000000    0.000000    0.000000
 254   5    2.000000    0.000000    0.000000
 255   1    2.000000    0.000000    0.000000
 255   2    2.000000    0.000000    0.000000
 255   3    2.000000    0.000000    0.000000
 255   4    2.000000    0.000000    0.000000
 255   5    2.000000    0.000000    0.000000
 256   1    2.000000    0.000000    0.000000
 256   2    2.000000    0.000000    0.000000
 256   3    2.000000    0.000000    0.000000
 256   4    2.000000    0.000000    0.000000
 256   5    2.000000    0.000000    0.000000
 257   1    2.000000    0.000000    0.000000
 257   2    2.000000    0.000000    0.000000
 257   3    2.000000    0.000000    0.000000
 257   4    2.000000    0.000000    0.000000
 257   5    2.000000    0.000000    0.000000
 258   1    2.000000    0.000000    0.000000
 258   2    2.000000    0.000000    0.000000
 258   3    2.000000    0.000000    0.000000
 258   4    2.000000    0.000000    0.000000
 258   5    2.000000    0.000000    0.000000
 259   1    2.000000    0.000000    0.000000
 259   2    2.000000    0.000000    0.000000
 259   3    2.000000    0.000000    0.000000
 259   4    2.000000    0.000000    0.000000
 259   5    2.000000    0.000000    0.000000
 260   1    2.000000    0.000000    0.000000
 260   2    2.000000    0.000000    0.000000
 260   3    2.000000    0.000000    0.000000
 260   4    2.000000    0.000000    0.000000
 260   5    2.000000    0.000000    0.000000
 261   1    2.000000    0.000000    0.000000
 261   2    2.000000    0.000000    0.000000
 261   3    2.000000    0.000000    0.000000
 261   4    2.000000    0.000000    0.000000
 261   5    2.000000    0.000000    0.000000
 262   1    2.000000    0.000000    0.000000
 262   2    2.000000    0.000000    0.000000
 262   3    2.000000    0.000000    0.000000
 262   4    2.000000    0.000000    0.000000
 262   5    2.000000    0.000000    0.000000
 263   1    2.000000    0.000000    0.000000
 263   2    2.000000    0.000000    0.000000
 263   3    2.000000    0.000000    0.000000
 263   4    2.000000    0.000000    0.000000
 263   5    2.000000    0.000000    0.000000
 264   1    2.000000    0.000000    0.000000
 264   2    2.000000    0.000000    0.000000
 264   3    2.000000    0.000000    0.000000
 264   4    2.000000    0.000000    0.000000
 264   5    2.000000    0.000000    0.000000
 265   1    2.000000    0.000000    0.000000
 265   2    2.000000    0.000000    0.000000
 265   3    2.000000    0.000000    0.000000
 265   4    2.000000    0.000000    0.000000
 265   5    2.000000    0.000000    0.000000
 266   1    2.000000    0.000000    0.000000
 266   2    2.000000    0.000000    0.000000
 266   3    2.000000    0.000000    0.000000
 266   4    2.000000    0.000000    0.000000
 266   5    2.000000    0.000000    0.000000
 267   1    2.000000    0.000000    0.000000
 267   2    2.000000    0.000000    0.000000
 267   3    2.000000    0.000000    0.000000
 267   4    2.000000    0.000000    0.000000
 267   5    2.000000    0.000000    0.000000
 268   1    2.000000    0.000000    0.000000
 268   2    2.000000    0.000000    0.000000
 268   3    2.000000    0.000000    0.000000
 268   4    2.000000    0.000000    0.000000
 268   5    2.000000    0.000000    0.000000
 269   1    2.000000    0.000000    0.000000
 269   2    2.000000    0.000000    0.000000
 269   3    2.000000    0.000000    0.000000
 269   4    2.000000    0.000000    0.000000
 269   5    2.000000    0.000000    0.000000
 270   1    2.000000    0.000000    0.000000
 270   2    2.000000    0.000000    0.000000
 270   3    2.000000    0.000000    0.000000
 270   4    2.000000    0.000000    0.000000
 270   5    2.000000    0.000000    0.000000
 271   1    2.000000    0.000000    0.000000
 271   2    2.000000    0.000000    0.000000
 271   3    2.000000    0.000000    0.000000
 271   4    2.000000    0.000000    0.000000
 271   5    2.000000    0.000000    0.000000
 272   1    2.000000    0.000000    0.000000
 272   2    2.000000    0.000000    0.000000
 272   3    2.000000    0.000000    0.000000
 272   4    2.000000    0.000000    0.000000
 272   5    2.000000    0.000000    0.000000
 273   1    2.000000    0.000000    0.000000
 273   2    2.000000    0.000000    0.000000
 273   3    2.000000    0.000000    0.000000
 273   4    2.000000    0.000000    0.000000
 273   5    2.000000    0.000000    0.000000
 274   1    2.000000    0.000000    0.000000
 274   2    2.000000    0.000000    0.000000
 274   3    2.000000    0.000000    0.000000
 274   4    2.000000    0.000000    0.000000
 274   5    2.000000    0.000000    0.000000
 275   1    2.000000    0.000000    0.000000
 275   2    2.000000    0.000000    0.000000
 275   3    2.000000    0.000000    0.000000
 275   4    2.000000    0.000000    0.000000
 275   5    2.000000    0.000000    0.000000
 276   1    2.000000    0.000000    0.000000
 276   2    2.000000    0.000000    0.000000
 276   3    2.000000    0.000000    0.000000
 276   4    2.000000    0.000000    0.000000
 276   5    2.000000    0.000000    0.000000
 277   1    2.000000    0.000000    0.000000
 277   2    2.000000    0.000000    0.000000
 277   3    2.000000    0.000000    0.000000
 277   4    2.000000    0.000000    0.000000
 277   5    2.000000    0.000000    0.000000
 278   1    2.000000    0.000000    0.000000
 278   2    2.000000    0.000000    0.000000
 278   3    2.000000    0.000000    0.000000
 278   4    2.000000    0.000000    0.000000
 278   5    2.000000    0.000000    0.000000
 279   1    2.000000    0.000000    0.000000
 279   2    2.000000    0.000000    0.000000
 279   3    2.000000    0.000000    0.000000
 279   4    2.000000    0.000000    0.000000
 279   5    2.000000    0.000000    0.000000
 280   1    2.000000    0.000000    0.000000
 280   2    2.000000    0.000000    0.000000
 280   3    2.000000    0.000000    0.000000
 280   4    2.000000    0.000000    0.000000
 280   5    2.000000    0.000000    0.000000
 281   1    2.000000    0.000000    0.000000
 281   2    2.000000    0.000000    0.000000
 281   3    2.000000    0.000000    0.000000
 281   4    2.000000    0.000000    0.000000
 281   5    2.000000    0.000000    0.000000
 282   1    2.000000    0.000000    0.000000
 282   2    2.000000    0.000000    0.000000
 282   3    2.000000    0.000000    0.000000
 282   4    2.000000    0.000000    0.000000
 282   5    2.000000    0.000000    0.000000
 283   1    2.000000    0.000000    0.000000
 283   2    2.000000    0.000000    0.000000
 283   3    2.000000    0.000000    0.000000
 283   4    2.000000    0.000000    0.000000
 283   5    2.000000    0.000000    0.000000
 284   1    2.000000    0.000000    0.000000
 284   2    2.000000    0.000000    0.000000
 284   3    2.000000    0.000000    0.000000
 284   4    2.000000    0.000000    0.000000
 284   5    2.000000    0.000000    0.000000
 285   1    2.000000    0.000000    0.000000
 285   2    2.000000    0.000000    0.000000
 285   3    2.000000    0.000000    0.000000
 285   4    2.000000    0.000000    0.000000
 285   5    2.000000    0.000000    0.000000
 286   1    2.000000    0.000000    0.000000
 286   2    2.000000    0.000000    0.000000
 286   3    2.000000    0.000000    0.000000
 286   4    2.000000    0.000000    0.000000
 286   5    2.000000    0.000000    0.000000
 287   1    2.000000    0.000000    0.000000
 287   2    2.000000    0.000000    0.000000
 287   3    2.000000    0.000000    0.000000
 287   4    2.000000    0.000000    0.000000
 287   5    2.000000    0.000000    0.000000
 288   1    2.000000    0.000000    0.000000
 288   2    2.000000    0.000000    0.000000
 288   3    2.000000    0.000000    0.000000
 288   4    2.000000    0.000000    0.000000
 288   5    2.000000    0.000000    0.000000
 289   1    2.000000    0.000000    0.000000
 289   2    2.000000    0.000000    0.000000
 289   3    2.000000    0.000000    0.000000
 289   4    2.000000    0.000000    0.000000
 289   5    2.000000    0.000000    0.000000
 290   1    2.000000    0.000000    0.000000
 290   2    2.000000    0.000000    0.000000
 290   3    2.000000    0.000000    0.000000
 290   4    2.000000    0.000000    0.000000
 290   5    2.000000    0.000000    0.000000
 291   1    2.000000    0.000000    0.000000
 291   2    2.000000    0.000000    0.000000
 291   3    2.000000    0.000000    0.000000
 291   4    2.000000    0.000000    0.000000
 291   5    2.000000    0.000000    0.000000
 292   1    2.000000    0.000000    0.000000
 292   2    2.000000    0.000000    0.000000
 292   3    2.000000    0.000000    0.000000
 292   4    2.000000    0.000000    0.000000
 292   5    2.000000    0.000000    0.000000
 293   1    2.000000    0.000000    0.000000
 293   2    2.000000    0.000000    0.000000
 293   3    2.000000    0.000000    0.000000
 293   4    2.000000    0.000000    0.000000
 293   5    2.000000    0.000000    0.000000
 294   1    2.000000    0.000000    0.000000
 294   2    2.000000    0.000000    0.000000
 294   3    2.000000    0.000000    0.000000
 294   4    2.000000    0.000000    0.000000
 294   5    2.000000    0.000000    0.000000
 295   1    2.000000    0.000000    0.000000
 295   2    2.000000    0.000000    0.000000
 295   3    2.000000    0.000000    0.000000
 295   4    2.000000    0.000000    0.000000
 295   5    2.000000    0.000000    0.000000
 296   1    2.000000    0.000000    0.000000
 296   2    2.000000    0.000000    0.000000
 296   3    2.000000    0.000000    0.000000
 296   4    2.000000    0.000000    0.000000
 296   5    2.000000    0.000000    0.000000
 297   1    2.000000    0.000000    0.000000
 297   2    2.000000    0.000000    0.000000
 297   3    2.000000    0.000000    0.000000
 297   4    2.000000    0.000000    0.000000
 297   5    2.000000    0.000000    0.000000
 298   1    2.000000    0.000000    0.000000
 298   2    2.000000    0.000000    0.000000
 298   3    2.000000    0.000000    0.000000
 298   4    2.000000    0.000000    0.000000
 298   5    2.000000    0.000000    0.000000
 299   1    2.000000    0.000000    0.000000
 299   2    2.000000    0.000000    0.000000
 299   3    2.000000    0.000000    0.000000
 299   4    2.000000    0.000000    0.000000
 299   5    2.000000    0.000000    0.000000
 300   1    2.000000    0.000000    0.000000
 300   2    2.000000    0.000000    0.000000
 300   3    2.000000    0.000000    0.000000
 300   4    2.000000    0.000000    0.000000
 300   5    2.000000    0.000000    0.000000
 301   1    2.000000    0.000000    0.000000
 301   2    2.000000    0.000000    0.000000
 301   3    2.000000    0.000000    0.000000
 301   4    2.000000    0.000000    0.000000
 301   5    2.000000    0.000000    0.000000
 302   1    2.000000    0.000000    0.000000
 302   2    2.000000    0.000000    0.000000
 302   3    2.000000    0.000000    0.000000
 302   4    2.000000    0.000000    0.000000
 302   5    2.000000    0.000000    0.000000
 303   1    2.000000    0.000000    0.000000
 303   2    2.000000    0.000000    0.000000
 303   3    2.000000    0.000000    0.000000
 303   4    2.000000    0.000000    0.000000
 303   5    2.000000    0.000000    0.000000
 304   1    2.000000    0.000000    0.000000
 304   2    2.000000    0.000000    0.000000
 304   3    2.000000    0.000000    0.000000
 304   4    2.000000    0.000000    0.000000
 304   5    2.000000    0.000000    0.000000
 305   1    2.000000    0.000000    0.000000
 305   2    2.000000    0.000000    0.000000
 305   3    2.000000    0.000000    0.000000
 305   4    2.000000    0.000000    0.000000
 305   5    2.000000    0.000000    0.000000
 306   1    2.000000    0.000000    0.000000
 306   2    2.000000    0.000000    0.000000
 306   3    2.000000    0.000000    0.000000
 306   4    2.000000    0.000000    0.000000
 306   5    2.000000    0.000000    0.000000
 307   1    2.000000    0.000000    0.000000
 307   2    2.000000    0.000000    0.000000
 307   3    2.000000    0.000000    0.000000
 307   4    2.000000    0.000000    0.000000
 307   5    2.000000    0.000000    0.000000
 308   1    2.000000    0.000000    0.000000
 308   2    2.000000    0.000000    0.000000
 308   3    2.000000    0.000000    0.000000
 308   4    2.000000    0.000000    0.000000
 308   5    2.000000    0.000000    0.000000
 309   1    2.000000    0.000000    0.000000
 309   2    2.000000    0.000000    0.000000
 309   3    2.000000    0.000000    0.000000
 309   4    2.000000    0.000000    0.000000
 309   5    2.000000    0.000000    0.000000
 310   1    2.000000    0.000000    0.000000
 310   2    2.000000    0.000000    0.000000
 310   3    2.000000    0.000000    0.000000
 310   4    2.000000    0.000000    0.000000
 310   5    2.000000    0.000000    0.000000
 311   1    2.000000    0.000000    0.000000
 311   2    2.000000    0.000000    0.000000
 311   3    2.000000    0.000000    0.000000
 311   4    2.000000    0.000000    0.000000
 311   5    2.000000    0.000000    0.000000
 312   1    2.000000    0.000000    0.000000
 312   2    2.000000    0.000000    0.000000
 312   3    2.000000    0.000000    0.000000
 312   4    2.000000    0.000000    0.000000
 312   5    2.000000    0.000000    0.000000
 313   1    2.000000    0.000000    0.000000
 313   2    2.000000    0.000000    0.000000
 313   3    2.000000    0.000000    0.000000
 313   4    2.000000    0.000000    0.000000
 313   5    2.000000    0.000000    0.000000
 314   1    2.000000    0.000000    0.000000
 314   2    2.000000    0.000000    0.000000
 314   3    2.000000    0.000000    0.000000
 314   4    2.000000    0.000000    0.000000
 314   5    2.000000    0.000000    0.000000
 315   1    2.000000    0.000000    0.000000
 315   2    2.000000    0.000000    0.000000
 315   3    2.000000    0.000000    0.000000
 315   4    2.000000    0.000000    0.000000
 315   5    2.000000    0.000000    0.000000
 316   1    2.000000    0.000000    0.000000
 316   2    2.000000    0.000000    0.000000
 316   3    2.000000    0.000000    0.000000
 316   4    2.000000    0.000000    0.000000
 316   5    2.000000    0.000000    0.000000
 317   1    2.000000    0.000000    0.000000
 317   2    2.000000    0.000000    0.000000
 317   3    2.000000    0.000000    0.000000
 317   4    2.000000    0.000000    0.000000
 317   5    2.000000    0.000000    0.000000
 318   1    2.000000    0.000000    0.000000
 318   2    2.000000    0.000000    0.000000
 318   3    2.000000    0.000000    0.000000
 318   4    2.000000    0.000000    0.000000
 318   5    2.000000    0.000000    0.000000
 319   1    2.000000    0.000000    0.000000
 319   2    2.000000    0.000000    0.000000
 319   3    2.000000    0.000000    0.000000
 319   4    2.000000    0.000000    0.000000
 319   5    2.000000    0.000000    0.000000
 320   1    2.000000    0.000000    0.000000
 320   2    2.000000    0.000000    0.000000
 320   3    2.000000    0.000000    0.000000
 320   4    2.000000    0.000000    0.000000
 320   5    2.000000    0.000000    0.000000
 321   1    2.000000    0.000000    0.000000
 321   2    2.000000    0.000000    0.000000
 321   3    2.000000    0.000000    0.000000
 321   4    2.000000    0.000000    0.000000
 321   5    2.000000    0.000000    0.000000
 322   1    2.000000    0.000000    0.000000
 322   2    2.000000    0.000000    0.000000
 322   3    2.000000    0.000000    0.000000
 322   4    2.000000    0.000000    0.000000
 322   5    2.000000    0.000000    0.000000
 323   1    2.000000    0.000000    0.000000
 323   2    2.000000    0.000000    0.000000
 323   3    2.000000    0.000000    0.000000
 323   4    2.000000    0.000000    0.000000
 323   5    2.000000    0.000000    0.000000
 324   1    2.000000    0.000000    0.000000
 324   2    2.000000    0.000000    0.000000
 324   3    2.000000    0.000000    0.000000
 324   4    2.000000    0.000000    0.000000
 324   5    2.000000    0.000000    0.000000
 325   1    2.000000    0.000000    0.000000
 325   2    2.000000    0.000000    0.000000
 325   3    2.000000    0.000000    0.000000
 325   4    2.000000    0.000000    0.000000
 325   5    2.000000    0.000000    0.000000
 326   1    2.000000    0.000000    0.000000
 326   2    2.000000    0.000000    0.000000
 326   3    2.000000    0.000000    0.000000
 326   4    2.000000    0.000000    0.000000
 326   5    2.000000    0.000000    0.000000
 327   1    2.000000    0.000000    0.000000
 327   2    2.000000    0.000000    0.000000
 327   3    2.000000    0.000000    0.000000
 327   4    2.000000    0.000000    0.000000
 327   5    2.000000    0.000000    0.000000
 328   1    2.000000    0.000000    0.000000
 328   2    2.000000    0.000000    0.000000
 328   3    2.000000    0.000000    0.000000
 328   4    2.000000    0.000000    0.000000
 328   5    2.000000    0.000000    0.000000
 329   1    2.000000    0.000000    0.000000
 329   2    2.000000    0.000000    0.000000
 329   3    2.000000    0.000000    0.000000
 329   4    2.000000    0.000000    0.000000
 329   5    2.000000    0.000000    0.000000
 330   1    2.000000    0.000000    0.000000
 330   2    2.000000    0.000000    0.000000
 330   3    2.000000    0.000000    0.000000
 330   4    2.000000    0.000000    0.000000
 330   5    2.000000    0.000000    0.000000
 331   1    2.000000    0.000000    0.000000
 331   2    2.000000    0.000000    0.000000
 331   3    2.000000    0.000000    0.000000
 331   4    2.000000    0.000000    0.000000
 331   5    2.000000    0.000000    0.000000
 332   1    2.000000    0.000000    0.000000
 332   2    2.000000    0.000000    0.000000
 332   3    2.000000    0.000000    0.000000
 332   4    2.000000    0.000000    0.000000
 332   5    2.000000    0.000000    0.000000
 333   1    2.000000    0.000000    0.000000
 333   2    2.000000    0.000000    0.000000
 333   3    2.000000    0.000000    0.000000
 333   4    2.000000    0.000000    0.000000
 333   5    2.000000    0.000000    0.000000
 334   1    2.000000    0.000000    0.000000
 334   2    2.000000    0.000000    0.000000
 334   3    2.000000    0.000000    0.000000
 334   4    2.000000    0.000000    0.000000
 334   5    2.000000    0.000000    0.000000
 335   1    2.000000    0.000000    0.000000
 335   2    2.000000    0.000000    0.000000
 335   3    2.000000    0.000000    0.000000
 335   4    2.000000    0.000000    0.000000
 335   5    2.000000    0.000000    0.000000
 336   1    2.000000    0.000000    0.000000
 336   2    2.000000    0.000000    0.000000
 336   3    2.000000    0.000000    0.000000
 336   4    2.000000    0.000000    0.000000
 336   5    2.000000    0.000000    0.000000
 337   1    2.000000    0.000000    0.000000
 337   2    2.000000    0.000000    0.000000
 337   3    2.000000    0.000000    0.000000
 337   4    2.000000    0.000000    0.000000
 337   5    2.000000    0.000000    0.000000
 338   1    2.000000    0.000000    0.000000
 338   2    2.000000    0.000000    0.000000
 338   3    2.000000    0.000000    0.000000
 338   4    2.000000    0.000000    0.000000
 338   5    2.000000    0.000000    0.000000
 339   1    2.000000    0.000000    0.000000
 339   2    2.000000    0.000000    0.000000
 339   3    2.000000    0.000000    0.000000
 339   4    2.000000    0.000000    0.000000
 339   5    2.000000    0.000000    0.000000
 340   1    2.000000    0.000000    0.000000
 340   2    2.000000    0.000000    0.000000
 340   3    2.000000    0.000000    0.000000
 340   4    2.000000    0.000000    0.000000
 340   5    2.000000    0.000000    0.000000
 341   1    2.000000    0.000000    0.000000
 341   2    2.000000    0.000000    0.000000
 341   3    2.000000    0.000000    0.000000
 341   4    2.000000    0.000000    0.000000
 341   5    2.000000    0.000000    0.000000
 342   1    2.000000    0.000000    0.000000
 342   2    2.000000    0.000000    0.000000
 342   3    2.000000    0.000000    0.000000
 342   4    2.000000    0.000000    0.000000
 342   5    2.000000    0.000000    0.000000
 343   1    2.000000    0.000000    0.000000
 343   2    2.000000    0.000000    0.000000
 343   3    2.000000    0.000000    0.000000
 343   4    2.000000    0.000000    0.000000
 343   5    2.000000    0.000000    0.000000
 344   1    2.000000    0.000000    0.000000
 344   2    2.000000    0.000000    0.000000
 344   3    2.000000    0.000000    0.000000
 344   4    2.000000    0.000000    0.000000
 344   5    2.000000    0.000000    0.000000
 345   1    2.000000    0.000000    0.000000
 345   2    2.000000    0.000000    0.000000
 345   3    2.000000    0.000000    0.000000
 345   4    2.000000    0.000000    0.000000
 345   5    2.000000    0.000000    0.000000
 346   1    2.000000    0.000000    0.000000
 346   2    2.000000    0.000000    0.000000
 346   3    2.000000    0.000000    0.000000
 346   4    2.000000    0.000000    0.000000
 346   5    2.000000    0.000000    0.000000
 347   1    2.000000    0.000000    0.000000
 347   2    2.000000    0.000000    0.000000
 347   3    2.000000    0.000000    0.000000
 347   4    2.000000    0.000000    0.000000
 347   5    2.000000    0.000000    0.000000
 348   1    2.000000    0.000000    0.000000
 348   2    2.000000    0.000000    0.000000
 348   3    2.000000    0.000000    0.000000
 348   4    2.000000    0.000000    0.000000
 348   5    2.000000    0.000000    0.000000
 349   1    2.000000    0.000000    0.000000
 349   2    2.000000    0.000000    0.000000
 349   3    2.000000    0.000000    0.000000
 349   4    2.000000    0.000000    0.000000
 349   5    2.000000    0.000000    0.000000
 350   1    2.000000    0.000000    0.000000
 350   2    2.000000    0.000000    0.000000
 350   3    2.000000    0.000000    0.000000
 350   4    2.000000    0.000000    0.000000
 350   5    2.000000    0.000000    0.000000
 351   1    2.000000    0.000000    0.000000
 351   2    2.000000    0.000000    0.000000
 351   3    2.000000    0.000000    0.000000
 351   4    2.000000    0.000000    0.000000
 351   5    2.000000    0.000000    0.000000
 352   1    2.000000    0.000000    0.000000
 352   2    2.000000    0.000000    0.000000
 352   3    2.000000    0.000000    0.000000
 352   4    2.000000    0.000000    0.000000
 352   5    2.000000    0.000000    0.000000
 353   1    2.000000    0.000000    0.000000
 353   2    2.000000    0.000000    0.000000
 353   3    2.000000    0.000000    0.000000
 353   4    2.000000    0.000000    0.000000
 353   5    2.000000    0.000000    0.000000
 354   1    2.000000    0.000000    0.000000
 354   2    2.000000    0.000000    0.000000
 354   3    2.000000    0.000000    0.000000
 354   4    2.000000    0.000000    0.000000
 354   5    2.000000    0.000000    0.000000
 355   1    2.000000    0.000000    0.000000
 355   2    2.000000    0.000000    0.000000
 355   3    2.000000    0.000000    0.000000
 355   4    2.000000    0.000000    0.000000
 355   5    2.000000    0.000000    0.000000
 356   1    2.000000    0.000000    0.000000
 356   2    2.000000    0.000000    0.000000
 356   3    2.000000    0.000000    0.000000
 356   4    2.000000    0.000000    0.000000
 356   5    2.000000    0.000000    0.000000
 357   1    2.000000    0.000000    0.000000
 357   2    2.000000    0.000000    0.000000
 357   3    2.000000    0.000000    0.000000
 357   4    2.000000    0.000000    0.000000
 357   5    2.000000    0.000000    0.000000
 358   1    2.000000    0.000000    0.000000
 358   2    2.000000    0.000000    0.000000
 358   3    2.000000    0.000000    0.000000
 358   4    2.000000    0.000000    0.000000
 358   5    2.000000    0.000000    0.000000
 359   1    2.000000    0.000000    0.000000
 359   2    2.000000    0.000000    0.000000
 359   3    2.000000    0.000000    0.000000
 359   4    2.000000    0.000000    0.000000
 359   5    2.000000    0.000000    0.000000
 360   1    2.000000    0.000000    0.000000
 360   2    2.000000    0.000000    0.000000
 360   3    2.000000    0.000000    0.000000
 360   4    2.000000    0.000000    0.000000
 360   5    2.000000    0.000000    0.000000
 361   1    2.000000    0.000000    0.000000
 361   2    2.000000    0.000000    0.000000
 361   3    2.000000    0.000000    0.000000
 361   4    2.000000    0.000000    0.000000
 361   5    2.000000    0.000000    0.000000
 362   1    2.000000    0.000000    0.000000
 362   2    2.000000    0.000000    0.000000
 362   3    2.000000    0.000000    0.000000
 362   4    2.000000    0.000000    0.000000
 362   5    2.000000    0.000000    0.000000
 363   1    2.000000    0.000000    0.000000
 363   2    2.000000    0.000000    0.000000
 363   3    2.000000    0.000000    0.000000
 363   4    2.000000    0.000000    0.000000
 363   5    2.000000    0.000000    0.000000
 364   1    2.000000    0.000000    0.000000
 364   2    2.000000    0.000000    0.000000
 364   3    2.000000    0.000000    0.000000
 364   4    2.000000    0.000000    0.000000
 364   5    2.000000    0.000000    0.000000
 365   1    2.000000    0.000000    0.000000
 365   2    2.000000    0.000000    0.000000
 365   3    2.000000    0.000000    0.000000
 365   4    2.000000    0.000000    0.000000
 365   5    2.000000    0.000000    0.000000
 366   1    2.000000    0.000000    0.000000
 366   2    2.000000    0.000000    0.000000
 366   3    2.000000    0.000000    0.000000
 366   4    2.000000    0.000000    0.000000
 366   5    2.000000    0.000000    0.000000
 367   1    2.000000    0.000000    0.000000
 367   2    2.000000    0.000000    0.000000
 367   3    2.000000    0.000000    0.000000
 367   4    2.000000    0.000000    0.000000
 367   5    2.000000    0.000000    0.000000
 368   1    2.000000    0.000000    0.000000
 368   2    2.000000    0.000000    0.000000
 368   3    2.000000    0.000000    0.000000
 368   4    2.000000    0.000000    0.000000
 368   5    2.000000    0.000000    0.000000
 369   1    2.000000    0.000000    0.000000
 369   2    2.000000    0.000000    0.000000
 369   3    2.000000    0.000000    0.000000
 369   4    2.000000    0.000000    0.000000
 369   5    2.000000    0.000000    0.000000
 370   1    2.000000    0.000000    0.000000
 370   2    2.000000    0.000000    0.000000
 370   3    2.000000    0.000000    0.000000
 370   4    2.000000    0.000000    0.000000
 370   5    2.000000    0.000000    0.000000
 371   1    2.000000    0.000000    0.000000
 371   2    2.000000    0.000000    0.000000
 371   3    2.000000    0.000000    0.000000
 371   4    2.000000    0.000000    0.000000
 371   5    2.000000    0.000000    0.000000
 372   1    2.000000    0.000000    0.000000
 372   2    2.000000    0.000000    0.000000
 372   3    2.000000    0.000000    0.000000
 372   4    2.000000    0.000000    0.000000
 372   5    2.000000    0.000000    0.000000
 373   1    2.000000    0.000000    0.000000
 373   2    2.000000    0.000000    0.000000
 373   3    2.000000    0.000000    0.000000
 373   4    2.000000    0.000000    0.000000
 373   5    2.000000    0.000000    0.000000
 374   1    2.000000    0.000000    0.000000
 374   2    2.000000    0.000000    0.000000
 374   3    2.000000    0.000000    0.000000
 374   4    2.000000    0.000000    0.000000
 374   5    2.000000    0.000000    0.000000
 375   1    2.000000    0.000000    0.000000
 375   2    2.000000    0.000000    0.000000
 375   3    2.000000    0.000000    0.000000
 375   4    2.000000    0.000000    0.000000
 375   5    2.000000    0.000000    0.000000
 376   1    2.000000    0.000000    0.000000
 376   2    2.000000    0.000000    0.000000
 376   3    2.000000    0.000000    0.000000
 376   4    2.000000    0.000000    0.000000
 376   5    2.000000    0.000000    0.000000
 377   1    2.000000    0.000000    0.000000
 377   2    2.000000    0.000000    0.000000
 377   3    2.000000    0.000000    0.000000
 377   4    2.000000    0.000000    0.000000
 377   5    2.000000    0.000000    0.000000
 378   1    2.000000    0.000000    0.000000
 378   2    2.000000    0.000000    0.000000
 378   3    2.000000    0.000000    0.000000
 378   4    2.000000    0.000000    0.000000
 378   5    2.000000    0.000000    0.000000
 379   1    2.000000    0.000000    0.000000
 379   2    2.000000    0.000000    0.000000
 379   3    2.000000    0.000000    0.000000
 379   4    2.000000    0.000000    0.000000
 379   5    2.000000    0.000000    0.000000
 380   1    2.000000    0.000000    0.000000
 380   2    2.000000    0.000000    0.000000
 380   3    2.000000    0.000000    0.000000
 380   4    2.000000    0.000000    0.000000
 380   5    2.000000    0.000000    0.000000
 381   1    2.000000    0.000000    0.000000
 381   2    2.000000    0.000000    0.000000
 381   3    2.000000    0.000000    0.000000
 381   4    2.000000    0.000000    0.000000
 381   5    2.000000    0.000000    0.000000
 382   1    2.000000    0.000000    0.000000
 382   2    2.000000    0.000000    0.000000
 382   3    2.000000    0.000000    0.000000
 382   4    2.000000    0.000000    0.000000
 382   5    2.000000    0.000000    0.000000
 383   1    2.000000    0.000000    0.000000
 383   2    2.000000    0.000000    0.000000
 383   3    2.000000    0.000000    0.000000
 383   4    2.000000    0.000000    0.000000
 383   5    2.000000    0.000000    0.000000
 384   1    2.000000    0.000000    0.000000
 384   2    2.000000    0.000000    0.000000
 384   3    2.000000    0.000000    0.000000
 384   4    2.000000    0.000000    0.000000
 384   5    2.000000    0.000000    0.000000
 385   1    2.000000    0.000000    0.000000
 385   2    2.000000    0.000000    0.000000
 385   3    2.000000    0.000000    0.000000
 385   4    2.000000    0.000000    0.000000
 385   5    2.000000    0.000000    0.000000
 386   1    2.000000    0.000000    0.000000
 386   2    2.000000    0.000000    0.000000
 386   3    2.000000    0.000000    0.000000
 386   4    2.000000    0.000000    0.000000
 386   5    2.000000    0.000000    0.000000
 387   1    2.000000    0.000000    0.000000
 387   2    2.000000    0.000000    0.000000
 387   3    2.000000    0.000000    0.000000
 387   4    2.000000    0.000000    0.000000
 387   5    2.000000    0.000000    0.000000
 388   1    2.000000    0.000000    0.000000
 388   2    2.000000    0.000000    0.000000
 388   3    2.000000    0.000000    0.000000
 388   4    2.000000    0.000000    0.000000
 388   5    2.000000    0.000000    0.000000
 389   1    2.000000    0.000000    0.000000
 389   2    2.000000    0.000000    0.000000
 389   3    2.000000    0.000000    0.000000
 389   4    2.000000    0.000000    0.000000
 389   5    2.000000    0.000000    0.000000
 390   1    2.000000    0.000000    0.000000
 390   2    2.000000    0.000000    0.000000
 390   3    2.000000    0.000000    0.000000
 390   4    2.000000    0.000000    0.000000
 390   5    2.000000    0.000000    0.000000
 391   1    2.000000    0.000000    0.000000
 391   2    2.000000    0.000000    0.000000
 391   3    2.000000    0.000000    0.000000
 391   4    2.000000    0.000000    0.000000
 391   5    2.000000    0.000000    0.000000
 392   1    2.000000    0.000000    0.000000
 392   2    2.000000    0.000000    0.000000
 392   3    2.000000    0.000000    0.000000
 392   4    2.000000    0.000000    0.000000
 392   5    2.000000    0.000000    0.000000
 393   1    2.000000    0.000000    0.000000
 393   2    2.000000    0.000000    0.000000
 393   3    2.000000    0.000000    0.000000
 393   4    2.000000    0.000000    0.000000
 393   5    2.000000    0.000000    0.000000
 394   1    2.000000    0.000000    0.000000
 394   2    2.000000    0.000000    0.000000
 394   3    2.000000    0.000000    0.000000
 394   4    2.000000    0.000000    0.000000
 394   5    2.000000    0.000000    0.000000
 395   1    2.000000    0.000000    0.000000
 395   2    2.000000    0.000000    0.000000
 395   3    2.000000    0.000000    0.000000
 395   4    2.000000    0.000000    0.000000
 395   5    2.000000    0.000000    0.000000
 396   1    2.000000    0.000000    0.000000
 396   2    2.000000    0.000000    0.000000
 396   3    2.000000    0.000000    0.000000
 396   4    2.000000    0.000000    0.000000
 396   5    2.000000    0.000000    0.000000
 397   1    2.000000    0.000000    0.000000
 397   2    2.000000    0.000000    0.000000
 397   3    2.000000    0.000000    0.000000
 397   4    2.000000    0.000000    0.000000
 397   5    2.000000    0.000000    0.000000
 398   1    2.000000    0.000000    0.000000
 398   2    2.000000    0.000000    0.000000
 398   3    2.000000    0.000000    0.000000
 398   4    2.000000    0.000000    0.000000
 398   5    2.000000    0.000000    0.000000
 399   1    2.000000    0.000000    0.000000
 399   2    2.000000    0.000000    0.000000
 399   3    2.000000    0.000000    0.000000
 399   4    2.000000    0.000000    0.000000
 399   5    2.000000    0.000000    0.000000
 400   1    2.000000    0.000000    0.000000
 400   2    2.000000    0.000000    0.000000
 400   3    2.000000    0.000000    0.000000
 400   4    2.000000    0.000000    0.000000
 400   5    2.000000    0.000000    0.000000
 401   1    2.000000    0.000000    0.000000
 401   2    2.000000    0.000000    0.000000
 401   3    2.000000    0.000000    0.000000
 401   4    2.000000    0.000000    0.000000
 401   5    2.000000    0.000000    0.000000
 402   1    2.000000    0.000000    0.000000
 402   2    2.000000    0.000000    0.000000
 402   3    2.000000    0.000000    0.000000
 402   4    2.000000    0.000000    0.000000
 402   5    2.000000    0.000000    0.000000
 403   1    2.000000    0.000000    0.000000
 403   2    2.000000    0.000000    0.000000
 403   3    2.000000    0.000000    0.000000
 403   4    2.000000    0.000000    0.000000
 403   5    2.000000    0.000000    0.000000
 404   1    2.000000    0.000000    0.000000
 404   2    2.000000    0.000000    0.000000
 404   3    2.000000    0.000000    0.000000
 404   4    2.000000    0.000000    0.000000
 404   5    2.000000    0.000000    0.000000
 405   1    2.000000    0.000000    0.000000
 405   2    2.000000    0.000000    0.000000
 405   3    2.000000    0.000000    0.000000
 405   4    2.000000    0.000000    0.000000
 405   5    2.000000    0.000000    0.000000
 406   1    2.000000    0.000000    0.000000
 406   2    2.000000    0.000000    0.000000
 406   3    2.000000    0.000000    0.000000
 406   4    2.000000    0.000000    0.000000
 406   5    2.000000    0.000000    0.000000
 407   1    2.000000    0.000000    0.000000
 407   2    2.000000    0.000000    0.000000
 407   3    2.000000    0.000000    0.000000
 407   4    2.000000    0.000000    0.000000
 407   5    2.000000    0.000000    0.000000
 408   1    2.000000    0.000000    0.000000
 408   2    2.000000    0.000000    0.000000
 408   3    2.000000    0.000000    0.000000
 408   4    2.000000    0.000000    0.000000
 408   5    2.000000    0.000000    0.000000
 409   1    2.000000    0.000000    0.000000
 409   2    2.000000    0.000000    0.000000
 409   3    2.000000    0.000000    0.000000
 409   4    2.000000    0.000000    0.000000
 409   5    2.000000    0.000000    0.000000
 410   1    2.000000    0.000000    0.000000
 410   2    2.000000    0.000000    0.000000
 410   3    2.000000    0.000000    0.000000
 410   4    2.000000    0.000000    0.000000
 410   5    2.000000    0.000000    0.000000
 411   1    2.000000    0.000000    0.000000
 411   2    2.000000    0.000000    0.000000
 411   3    2.000000    0.000000    0.000000
 411   4    2.000000    0.000000    0.000000
 411   5    2.000000    0.000000    0.000000
 412   1    2.000000    0.000000    0.000000
 412   2    2.000000    0.000000    0.000000
 412   3    2.000000    0.000000    0.000000
 412   4    2.000000    0.000000    0.000000
 412   5    2.000000    0.000000    0.000000
 413   1    2.000000    0.000000    0.000000
 413   2    2.000000    0.000000    0.000000
 413   3    2.000000    0.000000    0.000000
 413   4    2.000000    0.000000    0.000000
 413   5    2.000000    0.000000    0.000000
 414   1    2.000000    0.000000    0.000000
 414   2    2.000000    0.000000    0.000000
 414   3    2.000000    0.000000    0.000000
 414   4    2.000000    0.000000    0.000000
 414   5    2.000000    0.000000    0.000000
 415   1    2.000000    0.000000    0.000000
 415   2    2.000000    0.000000    0.000000
 415   3    2.000000    0.000000    0.000000
 415   4    2.000000    0.000000    0.000000
 415   5    2.000000    0.000000    0.000000
 416   1    2.000000    0.000000    0.000000
 416   2    2.000000    0.000000    0.000000
 416   3    2.000000    0.000000    0.000000
 416   4    2.000000    0.000000    0.000000
 416   5    2.000000    0.000000    0.000000
 417   1    2.000000    0.000000    0.000000
 417   2    2.000000    0.000000    0.000000
 417   3    2.000000    0.000000    0.000000
 417   4    2.000000    0.000000    0.000000
 417   5    2.000000    0.000000    0.000000
 418   1    2.000000    0.000000    0.000000
 418   2    2.000000    0.000000    0.000000
 418   3    2.000000    0.000000    0.000000
 418   4    2.000000    0.000000    0.000000
 418   5    2.000000    0.000000    0.000000
 419   1    2.000000    0.000000    0.000000
 419   2    2.000000    0.000000    0.000000
 419   3    2.000000    0.000000    0.000000
 419   4    2.000000    0.000000    0.000000
 419   5    2.000000    0.000000    0.000000
 420   1    2.000000    0.000000    0.000000
 420   2    2.000000    0.000000    0.000000
 420   3    2.000000    0.000000    0.000000
 420   4    2.000000    0.000000    0.000000
 420   5    2.000000    0.000000    0.000000
 421   1    2.000000    0.000000    0.000000
 421   2    2.000000    0.000000    0.000000
 421   3    2.000000    0.000000    0.000000
 421   4    2.000000    0.000000    0.000000
 421   5    2.000000    0.000000    0.000000
 422   1    2.000000    0.000000    0.000000
 422   2    2.000000    0.000000    0.000000
 422   3    2.000000    0.000000    0.000000
 422   4    2.000000    0.000000    0.000000
 422   5    2.000000    0.000000    0.000000
 423   1    2.000000    0.000000    0.000000
 423   2    2.000000    0.000000    0.000000
 423   3    2.000000    0.000000    0.000000
 423   4    2.000000    0.000000    0.000000
 423   5    2.000000    0.000000    0.000000
 424   1    2.000000    0.000000    0.000000
 424   2    2.000000    0.000000    0.000000
 424   3    2.000000    0.000000    0.000000
 424   4    2.000000    0.000000    0.000000
 424   5    2.000000    0.000000    0.000000
 425   1    2.000000    0.000000    0.000000
 425   2    2.000000    0.000000    0.000000
 425   3    2.000000    0.000000    0.000000
 425   4    2.000000    0.000000    0.000000
 425   5    2.000000    0.000000    0.000000
 426   1    2.000000    0.000000    0.000000
 426   2    2.000000    0.000000    0.000000
 426   3    2.000000    0.000000    0.000000
 426   4    2.000000    0.000000    0.000000
 426   5    2.000000    0.000000    0.000000
 427   1    2.000000    0.000000    0.000000
 427   2    2.000000    0.000000    0.000000
 427   3    2.000000    0.000000    0.000000
 427   4    2.000000    0.000000    0.000000
 427   5    2.000000    0.000000    0.000000
 428   1    2.000000    0.000000    0.000000
 428   2    2.000000    0.000000    0.000000
 428   3    2.000000    0.000000    0.000000
 428   4    2.000000    0.000000    0.000000
 428   5    2.000000    0.000000    0.000000
 429   1    2.000000    0.000000    0.000000
 429   2    2.000000    0.000000    0.000000
 429   3    2.000000    0.000000    0.000000
 429   4    2.000000    0.000000    0.000000
 429   5    2.000000    0.000000    0.000000
 430   1    2.000000    0.000000    0.000000
 430   2    2.000000    0.000000    0.000000
 430   3    2.000000    0.000000    0.000000
 430   4    2.000000    0.000000    0.000000
 430   5    2.000000    0.000000    0.000000
 431   1    2.000000    0.000000    0.000000
 431   2    2.000000    0.000000    0.000000
 431   3    2.000000    0.000000    0.000000
 431   4    2.000000    0.000000    0.000000
 431   5    2.000000    0.000000    0.000000
 432   1    2.000000    0.000000    0.000000
 432   2    2.000000    0.000000    0.000000
 432   3    2.000000    0.000000    0.000000
 432   4    2.000000    0.000000    0.000000
 432   5    2.000000    0.000000    0.000000
 433   1    2.000000    0.000000    0.000000
 433   2    2.000000    0.000000    0.000000
 433   3    2.000000    0.000000    0.000000
 433   4    2.000000    0.000000    0.000000
 433   5    2.000000    0.000000    0.000000
 434   1    2.000000    0.000000    0.000000
 434   2    2.000000    0.000000    0.000000
 434   3    2.000000    0.000000    0.000000
 434   4    2.000000    0.000000    0.000000
 434   5    2.000000    0.000000    0.000000
 435   1    2.000000    0.000000    0.000000
 435   2    2.000000    0.000000    0.000000
 435   3    2.000000    0.000000    0.000000
 435   4    2.000000    0.000000    0.000000
 435   5    2.000000    0.000000    0.000000
 436   1    2.000000    0.000000    0.000000
 436   2    2.000000    0.000000    0.000000
 436   3    2.000000    0.000000    0.000000
 436   4    2.000000    0.000000    0.000000
 436   5    2.000000    0.000000    0.000000
 437   1    2.000000    0.000000    0.000000
 437   2    2.000000    0.000000    0.000000
 437   3    2.000000    0.000000    0.000000
 437   4    2.000000    0.000000    0.000000
 437   5    2.000000    0.000000    0.000000
 438   1    2.000000    0.000000    0.000000
 438   2    2.000000    0.000000    0.000000
 438   3    2.000000    0.000000    0.000000
 438   4    2.000000    0.000000    0.000000
 438   5    2.000000    0.000000    0.000000
 439   1    2.000000    0.000000    0.000000
 439   2    2.000000    0.000000    0.000000
 439   3    2.000000    0.000000    0.000000
 439   4    2.000000    0.000000    0.000000
 439   5    2.000000    0.000000    0.000000
 440   1    2.000000    0.000000    0.000000
 440   2    2.000000    0.000000    0.000000
 440   3    2.000000    0.000000    0.000000
 440   4    2.000000    0.000000    0.000000
 440   5    2.000000    0.000000    0.000000
 441   1    2.000000    0.000000    0.000000
 441   2    2.000000    0.000000    0.000000
 441   3    2.000000    0.000000    0.000000
 441   4    2.000000    0.000000    0.000000
 441   5    2.000000    0.000000    0.000000
 442   1    2.000000    0.000000    0.000000
 442   2    2.000000    0.000000    0.000000
 442   3    2.000000    0.000000    0.000000
 442   4    2.000000    0.000000    0.000000
 442   5    2.000000    0.000000    0.000000
 443   1    2.000000    0.000000    0.000000
 443   2    2.000000    0.000000    0.000000
 443   3    2.000000    0.000000    0.000000
 443   4    2.000000    0.000000    0.000000
 443   5    2.000000    0.000000    0.000000
 444   1    2.000000    0.000000    0.000000
 444   2    2.000000    0.000000    0.000000
 444   3    2.000000    0.000000    0.000000
 444   4    2.000000    0.000000    0.000000
 444   5    2.000000    0.000000    0.000000
 445   1    2.000000    0.000000    0.000000
 445   2    2.000000    0.000000    0.000000
 445   3    2.000000    0.000000    0.000000
 445   4    2.000000    0.000000    0.000000
 445   5    2.000000    0.000000    0.000000
 446   1    2.000000    0.000000    0.000000
 446   2    2.000000    0.000000    0.000000
 446   3    2.000000    0.000000    0.000000
 446   4    2.000000    0.000000    0.000000
 446   5    2.000000    0.000000    0.000000
 447   1    2.000000    0.000000    0.000000
 447   2    2.000000    0.000000    0.000000
 447   3    2.000000    0.000000    0.000000
 447   4    2.000000    0.000000    0.000000
 447   5    2.000000    0.000000    0.000000
 448   1    2.000000    0.000000    0.000000
 448   2    2.000000    0.000000    0.000000
 448   3    2.000000    0.000000    0.000000
 448   4    2.000000    0.000000    0.000000
 448   5    2.000000    0.000000    0.000000
 449   1    2.000000    0.000000    0.000000
 449   2    2.000000    0.000000    0.000000
 449   3    2.000000    0.000000    0.000000
 449   4    2.000000    0.000000    0.000000
 449   5    2.000000    0.000000    0.000000
 450   1    2.000000    0.000000    0.000000
 450   2    2.000000    0.000000    0.000000
 450   3    2.000000    0.000000    0.000000
 450   4    2.000000    0.000000    0.000000
 450   5    2.000000    0.000000    0.000000
 451   1    2.000000    0.000000    0.000000
 451   2    2.000000    0.000000    0.000000
 451   3    2.000000    0.000000    0.000000
 451   4    2.000000    0.000000    0.000000
 451   5    2.000000    0.000000    0.000000
 452   1    2.000000    0.000000    0.000000
 452   2    2.000000    0.000000    0.000000
 452   3    2.000000    0.000000    0.000000
 452   4    2.000000    0.000000    0.000000
 452   5    2.000000    0.000000    0.000000
 453   1    2.000000    0.000000    0.000000
 453   2    2.000000    0.000000    0.000000
 453   3    2.000000    0.000000    0.000000
 453   4    2.000000    0.000000    0.000000
 453   5    2.000000    0.000000    0.000000
 454   1    2.000000    0.000000    0.000000
 454   2    2.000000    0.000000    0.000000
 454   3    2.000000    0.000000    0.000000
 454   4    2.000000    0.000000    0.000000
 454   5    2.000000    0.000000    0.000000
 455   1    2.000000    0.000000    0.000000
 455   2    2.000000    0.000000    0.000000
 455   3    2.000000    0.000000    0.000000
 455   4    2.000000    0.000000    0.000000
 455   5    2.000000    0.000000    0.000000
 456   1    2.000000    0.000000    0.000000
 456   2    2.000000    0.000000    0.000000
 456   3    2.000000    0.000000    0.000000
 456   4    2.000000    0.000000    0.000000
 456   5    2.000000    0.000000    0.000000
 457   1    2.000000    0.000000    0.000000
 457   2    2.000000    0.000000    0.000000
 457   3    2.000000    0.000000    0.000000
 457   4    2.000000    0.000000    0.000000
 457   5    2.000000    0.000000    0.000000
 458   1    2.000000    0.000000    0.000000
 458   2    2.000000    0.000000    0.000000
 458   3    2.000000    0.000000    0.000000
 458   4    2.000000    0.000000    0.000000
 458   5    2.000000    0.000000    0.000000
 459   1    2.000000    0.000000    0.000000
 459   2    2.000000    0.000000    0.000000
 459   3    2.000000    0.000000    0.000000
 459   4    2.000000    0.000000    0.000000
 459   5    2.000000    0.000000    0.000000
 460   1    2.000000    0.000000    0.000000
 460   2    2.000000    0.000000    0.000000
 460   3    2.000000    0.000000    0.000000
 460   4    2.000000    0.000000    0.000000
 460   5    2.000000    0.000000    0.000000
 461   1    2.000000    0.000000    0.000000
 461   2    2.000000    0.000000    0.000000
 461   3    2.000000    0.000000    0.000000
 461   4    2.000000    0.000000    0.000000
 461   5    2.000000    0.000000    0.000000
 462   1    2.000000    0.000000    0.000000
 462   2    2.000000    0.000000    0.000000
 462   3    2.000000    0.000000    0.000000
 462   4    2.000000    0.000000    0.000000
 462   5    2.000000    0.000000    0.000000
 463   1    2.000000    0.000000    0.000000
 463   2    2.000000    0.000000    0.000000
 463   3    2.000000    0.000000    0.000000
 463   4    2.000000    0.000000    0.000000
 463   5    2.000000    0.000000    0.000000
 464   1    2.000000    0.000000    0.000000
 464   2    2.000000    0.000000    0.000000
 464   3    2.000000    0.000000    0.000000
 464   4    2.000000    0.000000    0.000000
 464   5    2.000000    0.000000    0.000000
 465   1    2.000000    0.000000    0.000000
 465   2    2.000000    0.000000    0.000000
 465   3    2.000000    0.000000    0.000000
 465   4    2.000000    0.000000    0.000000
 465   5    2.000000    0.000000    0.000000
 466   1    2.000000    0.000000    0.000000
 466   2    2.000000    0.000000    0.000000
 466   3    2.000000    0.000000    0.000000
 466   4    2.000000    0.000000    0.000000
 466   5    2.000000    0.000000    0.000000
 467   1    2.000000    0.000000    0.000000
 467   2    2.000000    0.000000    0.000000
 467   3    2.000000    0.000000    0.000000
 467   4    2.000000    0.000000    0.000000
 467   5    2.000000    0.000000    0.000000
 468   1    2.000000    0.000000    0.000000
 468   2    2.000000    0.000000    0.000000
 468   3    2.000000    0.000000    0.000000
 468   4    2.000000    0.000000    0.000000
 468   5    2.000000    0.000000    0.000000
 469   1    2.000000    0.000000    0.000000
 469   2    2.000000    0.000000    0.000000
 469   3    2.000000    0.000000    0.000000
 469   4    2.000000    0.000000    0.000000
 469   5    2.000000    0.000000    0.000000
 470   1    2.000000    0.000000    0.000000
 470   2    2.000000    0.000000    0.000000
 470   3    2.000000    0.000000    0.000000
 470   4    2.000000    0.000000    0.000000
 470   5    2.000000    0.000000    0.000000
 471   1    2.000000    0.000000    0.000000
 471   2    2.000000    0.000000    0.000000
 471   3    2.000000    0.000000    0.000000
 471   4    2.000000    0.000000    0.000000
 471   5    2.000000    0.000000    0.000000
 472   1    2.000000    0.000000    0.000000
 472   2    2.000000    0.000000    0.000000
 472   3    2.000000    0.000000    0.000000
 472   4    2.000000    0.000000    0.000000
 472   5    2.000000    0.000000    0.000000
 473   1    2.000000    0.000000    0.000000
 473   2    2.000000    0.000000    0.000000
 473   3    2.000000    0.000000    0.000000
 473   4    2.000000    0.000000    0.000000
 473   5    2.000000    0.000000    0.000000
 474   1    2.000000    0.000000    0.000000
 474   2    2.000000    0.000000    0.000000
 474   3    2.000000    0.000000    0.000000
 474   4    2.000000    0.000000    0.000000
 474   5    2.000000    0.000000    0.000000
 475   1    2.000000    0.000000    0.000000
 475   2    2.000000    0.000000    0.000000
 475   3    2.000000    0.000000    0.000000
 475   4    2.000000    0.000000    0.000000
 475   5    2.000000    0.000000    0.000000
 476   1    2.000000    0.000000    0.000000
 476   2    2.000000    0.000000    0.000000
 476   3    2.000000    0.000000    0.000000
 476   4    2.000000    0.000000    0.000000
 476   5    2.000000    0.000000    0.000000
 477   1    2.000000    0.000000    0.000000
 477   2    2.000000    0.000000    0.000000
 477   3    2.000000    0.000000    0.000000
 477   4    2.000000    0.000000    0.000000
 477   5    2.000000    0.000000    0.000000
 478   1    2.000000    0.000000    0.000000
 478   2    2.000000    0.000000    0.000000
 478   3    2.000000    0.000000    0.000000
 478   4    2.000000    0.000000    0.000000
 478   5    2.000000    0.000000    0.000000
 479   1    2.000000    0.000000    0.000000
 479   2    2.000000    0.000000    0.000000
 479   3    2.000000    0.000000    0.000000
 479   4    2.000000    0.000000    0.000000
 479   5    2.000000    0.000000    0.000000
 480   1    2.000000    0.000000    0.000000
 480   2    2.000000    0.000000    0.000000
 480   3    2.000000    0.000000    0.000000
 480   4    2.000000    0.000000    0.000000
 480   5    2.000000    0.000000    0.000000
 481   1    2.000000    0.000000    0.000000
 481   2    2.000000    0.000000    0.000000
 481   3    2.000000    0.000000    0.000000
 481   4    2.000000    0.000000    0.000000
 481   5    2.000000    0.000000    0.000000
 482   1    2.000000    0.000000    0.000000
 482   2    2.000000    0.000000    0.000000
 482   3    2.000000    0.000000    0.000000
 482   4    2.000000    0.000000    0.000000
 482   5    2.000000    0.000000    0.000000
 483   1    2.000000    0.000000    0.000000
 483   2    2.000000    0.000000    0.000000
 483   3    2.000000    0.000000    0.000000
 483   4    2.000000    0.000000    0.000000
 483   5    2.000000    0.000000    0.000000
 484   1    2.000000    0.000000    0.000000
 484   2    2.000000    0.000000    0.000000
 484   3    2.000000    0.000000    0.000000
 484   4    2.000000    0.000000    0.000000
 484   5    2.000000    0.000000    0.000000
 485   1    2.000000    0.000000    0.000000
 485   2    2.000000    0.000000    0.000000
 485   3    2.000000    0.000000    0.000000
 485   4    2.000000    0.000000    0.000000
 485   5    2.000000    0.000000    0.000000
 486   1    2.000000    0.000000    0.000000
 486   2    2.000000    0.000000    0.000000
 486   3    2.000000    0.000000    0.000000
 486   4    2.000000    0.000000    0.000000
 486   5    2.000000    0.000000    0.000000
 487   1    2.000000    0.000000    0.000000
 487   2    2.000000    0.000000    0.000000
 487   3    2.000000    0.000000    0.000000
 487   4    2.000000    0.000000    0.000000
 487   5    2.000000    0.000000    0.000000
 488   1    2.000000    0.000000    0.000000
 488   2    2.000000    0.000000    0.000000
 488   3    2.000000    0.000000    0.000000
 488   4    2.000000    0.000000    0.000000
 488   5    2.000000    0.000000    0.000000
 489   1    2.000000    0.000000    0.000000
 489   2    2.000000    0.000000    0.000000
 489   3    2.000000    0.000000    0.000000
 489   4    2.000000    0.000000    0.000000
 489   5    2.000000    0.000000    0.000000
 490   1    2.000000    0.000000    0.000000
 490   2    2.000000    0.000000    0.000000
 490   3    2.000000    0.000000    0.000000
 490   4    2.000000    0.000000    0.000000
 490   5    2.000000    0.000000    0.000000
 491   1    2.000000    0.000000    0.000000
 491   2    2.000000    0.000000    0.000000
 491   3    2.000000    0.000000    0.000000
 491   4    2.000000    0.000000    0.000000
 491   5    2.000000    0.000000    0.000000
 492   1    2.000000    0.000000    0.000000
 492   2    2.000000    0.000000    0.000000
 492   3    2.000000    0.000000    0.000000
 492   4    2.000000    0.000000    0.000000
 492   5    2.000000    0.000000    0.000000
 493   1    2.000000    0.000000    0.000000
 493   2    2.000000    0.000000    0.000000
 493   3    2.000000    0.000000    0.000000
 493   4    2.000000    0.000000    0.000000
 493   5    2.000000    0.000000    0.000000
 494   1    2.000000    0.000000    0.000000
 494   2    2.000000    0.000000    0.000000
 494   3    2.000000    0.000000    0.000000
 494   4    2.000000    0.000000    0.000000
 494   5    2.000000    0.000000    0.000000
 495   1    2.000000    0.000000    0.000000
 495   2    2.000000    0.000000    0.000000
 495   3    2.000000    0.000000    0.000000
 495   4    2.000000    0.000000    0.000000
 495   5    2.000000    0.000000    0.000000
 496   1    2.000000    0.000000    0.000000
 496   2    2.000000    0.000000    0.000000
 496   3    2.000000    0.000000    0.000000
 496   4    2.000000    0.000000    0.000000
 496   5    2.000000    0.000000    0.000000
 497   1    2.000000    0.000000    0.000000
 497   2    2.000000    0.000000    0.000000
 497   3    2.000000    0.000000    0.000000
 497   4    2.000000    0.000000    0.000000
 497   5    2.000000    0.000000    0.000000
 498   1    2.000000    0.000000    0.000000
 498   2    2.000000    0.000000    0.000000
 498   3    2.000000    0.000000    0.000000
 498   4    2.000000    0.000000    0.000000
 498   5    2.000000    0.000000    0.000000
 499   1    2.000000    0.000000    0.000000
 499   2    2.000000    0.000000    0.000000
 499   3    2.000000    0.000000    0.000000
 499   4    2.000000    0.000000    0.000000
 499   5    2.000000    0.000000    0.000000
 500   1    2.000000    0.000000    0.000000
 500   2    2.000000    0.000000    0.000000
 500   3    2.000000    0.000000    0.000000
 500   4    2.000000    0.000000    0.000000
 500   5    2.000000    0.000000    0.000000
 501   1    2.000000    0.000000    0.000000
 501   2    2.000000    0.000000    0.000000
 501   3    2.000000    0.000000    0.000000
 501   4    2.000000    0.000000    0.000000
 501   5    2.000000    0.000000    0.000000
 502   1    2.000000    0.000000    0.000000
 502   2    2.000000    0.000000    0.000000
 502   3    2.000000    0.000000    0.000000
 502   4    2.000000    0.000000    0.000000
 502   5    2.000000    0.000000    0.000000
 503   1    2.000000    0.000000    0.000000
 503   2    2.000000    0.000000    0.000000
 503   3    2.000000    0.000000    0.000000
 503   4    2.000000    0.000000    0.000000
 503   5    2.000000    0.000000    0.000000
 504   1    2.000000    0.000000    0.000000
 504   2    2.000000    0.000000    0.000000
 504   3    2.000000    0.000000    0.000000
 504   4    2.000000    0.000000    0.000000
 504   5    2.000000    0.000000    0.000000
 505   1    2.000000    0.000000    0.000000
 505   2    2.000000    0.000000    0.000000
 505   3    2.000000    0.000000    0.000000
 505   4    2.000000    0.000000    0.000000
 505   5    2.000000    0.000000    0.000000
 506   1    2.000000    0.000000    0.000000
 506   2    2.000000    0.000000    0.000000
 506   3    2.000000    0.000000    0.000000
 506   4    2.000000    0.000000    0.000000
 506   5    2.000000    0.000000    0.000000
 507   1    2.000000    0.000000    0.000000
 507   2    2.000000    0.000000    0.000000
 507   3    2.000000    0.000000    0.000000
 507   4    2.000000    0.000000    0.000000
 507   5    2.000000    0.000000    0.000000
 508   1    2.000000    0.000000    0.000000
 508   2    2.000000    0.000000    0.000000
 508   3    2.000000    0.000000    0.000000
 508   4    2.000000    0.000000    0.000000
 508   5    2.000000    0.000000    0.000000
 509   1    2.000000    0.000000    0.000000
 509   2    2.000000    0.000000    0.000000
 509   3    2.000000    0.000000    0.000000
 509   4    2.000000    0.000000    0.000000
 509   5    2.000000    0.000000    0.000000
 510   1    2.000000    0.000000    0.000000
 510   2    2.000000    0.000000    0.000000
 510   3    2.000000    0.000000    0.000000
 510   4    2.000000    0.000000    0.000000
 510   5    2.000000    0.000000    0.000000
 511   1    2.000000    0.000000    0.000000
 511   2    2.000000    0.000000    0.000000
 511   3    2.000000    0.000000    0.000000
 511   4    2.000000    0.000000    0.000000
 511   5    2.000000    0.000000    0.000000
 512   1    2.000000    0.000000    0.000000
 512   2    2.000000    0.000000    0.000000
 512   3    2.000000    0.000000    0.000000
 512   4    2.000000    0.000000    0.000000
 512   5    2.000000    0.000000    0.000000
 513   1    2.000000    0.000000    0.000000
 513   2    2.000000    0.000000    0.000000
 513   3    2.000000    0.000000    0.000000
 513   4    2.000000    0.000000    0.000000
 513   5    2.000000    0.000000    0.000000
 514   1    2.000000    0.000000    0.000000
 514   2    2.000000    0.000000    0.000000
 514   3    2.000000    0.000000    0.000000
 514   4    2.000000    0.000000    0.000000
 514   5    2.000000    0.000000    0.000000
 515   1    2.000000    0.000000    0.000000
 515   2    2.000000    0.000000    0.000000
 515   3    2.000000    0.000000    0.000000
 515   4    2.000000    0.000000    0.000000
 515   5    2.000000    0.000000    0.000000
 516   1    2.000000    0.000000    0.000000
 516   2    2.000000    0.000000    0.000000
 516   3    2.000000    0.000000    0.000000
 516   4    2.000000    0.000000    0.000000
 516   5    2.000000    0.000000    0.000000
 517   1    2.000000    0.000000    0.000000
 517   2    2.000000    0.000000    0.000000
 517   3    2.000000    0.000000    0.000000
 517   4    2.000000    0.000000    0.000000
 517   5    2.000000    0.000000    0.000000
 518   1    2.000000    0.000000    0.000000
 518   2    2.000000    0.000000    0.000000
 518   3    2.000000    0.000000    0.000000
 518   4    2.000000    0.000000    0.000000
 518   5    2.000000    0.000000    0.000000
 519   1    2.000000    0.000000    0.000000
 519   2    2.000000    0.000000    0.000000
 519   3    2.000000    0.000000    0.000000
 519   4    2.000000    0.000000    0.000000
 519   5    2.000000    0.000000    0.000000
 520   1    2.000000    0.000000    0.000000
 520   2    2.000000    0.000000    0.000000
 520   3    2.000000    0.000000    0.000000
 520   4    2.000000    0.000000    0.000000
 520   5    2.000000    0.000000    0.000000
 521   1    2.000000    0.000000    0.000000
 521   2    2.000000    0.000000    0.000000
 521   3    2.000000    0.000000    0.000000
 521   4    2.000000    0.000000    0.000000
 521   5    2.000000    0.000000    0.000000
 522   1    2.000000    0.000000    0.000000
 522   2    2.000000    0.000000    0.000000
 522   3    2.000000    0.000000    0.000000
 522   4    2.000000    0.000000    0.000000
 522   5    2.000000    0.000000    0.000000
 523   1    2.000000    0.000000    0.000000
 523   2    2.000000    0.000000    0.000000
 523   3    2.000000    0.000000    0.000000
 523   4    2.000000    0.000000    0.000000
 523   5    2.000000    0.000000    0.000000
 524   1    2.000000    0.000000    0.000000
 524   2    2.000000    0.000000    0.000000
 524   3    2.000000    0.000000    0.000000
 524   4    2.000000    0.000000    0.000000
 524   5    2.000000    0.000000    0.000000
 525   1    2.000000    0.000000    0.000000
 525   2    2.000000    0.000000    0.000000
 525   3    2.000000    0.000000    0.000000
 525   4    2.000000    0.000000    0.000000
 525   5    2.000000    0.000000    0.000000
 526   1    2.000000    0.000000    0.000000
 526   2    2.000000    0.000000    0.000000
 526   3    2.000000    0.000000    0.000000
 526   4    2.000000    0.000000    0.000000
 526   5    2.000000    0.000000    0.000000
 527   1    2.000000    0.000000    0.000000
 527   2    2.000000    0.000000    0.000000
 527   3    2.000000    0.000000    0.000000
 527   4    2.000000    0.000000    0.000000
 527   5    2.000000    0.000000    0.000000
 528   1    2.000000    0.000000    0.000000
 528   2    2.000000    0.000000    0.000000
 528   3    2.000000    0.000000    0.000000
 528   4    2.000000    0.000000    0.000000
 528   5    2.000000    0.000000    0.000000
 529   1    2.000000    0.000000    0.000000
 529   2    2.000000    0.000000    0.000000
 529   3    2.000000    0.000000    0.000000
 529   4    2.000000    0.000000    0.000000
 529   5    2.000000    0.000000    0.000000
 530   1    2.000000    0.000000    0.000000
 530   2    2.000000    0.000000    0.000000
 530   3    2.000000    0.000000    0.000000
 530   4    2.000000    0.000000    0.000000
 530   5    2.000000    0.000000    0.000000
 531   1    2.000000    0.000000    0.000000
 531   2    2.000000    0.000000    0.000000
 531   3    2.000000    0.000000    0.000000
 531   4    2.000000    0.000000    0.000000
 531   5    2.000000    0.000000    0.000000
 532   1    2.000000    0.000000    0.000000
 532   2    2.000000    0.000000    0.000000
 532   3    2.000000    0.000000    0.000000
 532   4    2.000000    0.000000    0.000000
 532   5    2.000000    0.000000    0.000000
 533   1    2.000000    0.000000    0.000000
 533   2    2.000000    0.000000    0.000000
 533   3    2.000000    0.000000    0.000000
 533   4    2.000000    0.000000    0.000000
 533   5    2.000000    0.000000    0.000000
 534   1    2.000000    0.000000    0.000000
 534   2    2.000000    0.000000    0.000000
 534   3    2.000000    0.000000    0.000000
 534   4    2.000000    0.000000    0.000000
 534   5    2.000000    0.000000    0.000000
 535   1    2.000000    0.000000    0.000000
 535   2    2.000000    0.000000    0.000000
 535   3    2.000000    0.000000    0.000000
 535   4    2.000000    0.000000    0.000000
 535   5    2.000000    0.000000    0.000000
 536   1    2.000000    0.000000    0.000000
 536   2    2.000000    0.000000    0.000000
 536   3    2.000000    0.000000    0.000000
 536   4    2.000000    0.000000    0.000000
 536   5    2.000000    0.000000    0.000000
 537   1    2.000000    0.000000    0.000000
 537   2    2.000000    0.000000    0.000000
 537   3    2.000000    0.000000    0.000000
 537   4    2.000000    0.000000    0.000000
 537   5    2.000000    0.000000    0.000000
 538   1    2.000000    0.000000    0.000000
 538   2    2.000000    0.000000    0.000000
 538   3    2.000000    0.000000    0.000000
 538   4    2.000000    0.000000    0.000000
 538   5    2.000000    0.000000    0.000000
 539   1    2.000000    0.000000    0.000000
 539   2    2.000000    0.000000    0.000000
 539   3    2.000000    0.000000    0.000000
 539   4    2.000000    0.000000    0.000000
 539   5    2.000000    0.000000    0.000000
 540   1    2.000000    0.000000    0.000000
 540   2    2.000000    0.000000    0.000000
 540   3    2.000000    0.000000    0.000000
 540   4    2.000000    0.000000    0.000000
 540   5    2.000000    0.000000    0.000000
 541   1    2.000000    0.000000    0.000000
 541   2    2.000000    0.000000    0.000000
 541   3    2.000000    0.000000    0.000000
 541   4    2.000000    0.000000    0.000000
 541   5    2.000000    0.000000    0.000000
 542   1    2.000000    0.000000    0.000000
 542   2    2.000000    0.000000    0.000000
 542   3    2.000000    0.000000    0.000000
 542   4    2.000000    0.000000    0.000000
 542   5    2.000000    0.000000    0.000000
 543   1    2.000000    0.000000    0.000000
 543   2    2.000000    0.000000    0.000000
 543   3    2.000000    0.000000    0.000000
 543   4    2.000000    0.000000    0.000000
 543   5    2.000000    0.000000    0.000000
 544   1    2.000000    0.000000    0.000000
 544   2    2.000000    0.000000    0.000000
 544   3    2.000000    0.000000    0.000000
 544   4    2.000000    0.000000    0.000000
 544   5    2.000000    0.000000    0.000000
 545   1    2.000000    0.000000    0.000000
 545   2    2.000000    0.000000    0.000000
 545   3    2.000000    0.000000    0.000000
 545   4    2.000000    0.000000    0.000000
 545   5    2.000000    0.000000    0.000000
 546   1    2.000000    0.000000    0.000000
 546   2    2.000000    0.000000    0.000000
 546   3    2.000000    0.000000    0.000000
 546   4    2.000000    0.000000    0.000000
 546   5    2.000000    0.000000    0.000000
 547   1    2.000000    0.000000    0.000000
 547   2    2.000000    0.000000    0.000000
 547   3    2.000000    0.000000    0.000000
 547   4    2.000000    0.000000    0.000000
 547   5    2.000000    0.000000    0.000000
 548   1    2.000000    0.000000    0.000000
 548   2    2.000000    0.000000    0.000000
 548   3    2.000000    0.000000    0.000000
 548   4    2.000000    0.000000    0.000000
 548   5    2.000000    0.000000    0.000000
 549   1    2.000000    0.000000    0.000000
 549   2    2.000000    0.000000    0.000000
 549   3    2.000000    0.000000    0.000000
 549   4    2.000000    0.000000    0.000000
 549   5    2.000000    0.000000    0.000000
 550   1    2.000000    0.000000    0.000000
 550   2    2.000000    0.000000    0.000000
 550   3    2.000000    0.000000    0.000000
 550   4    2.000000    0.000000    0.000000
 550   5    2.000000    0.000000    0.000000
 551   1    2.000000    0.000000    0.000000
 551   2    2.000000    0.000000    0.000000
 551   3    2.000000    0.000000    0.000000
 551   4    2.000000    0.000000    0.000000
 551   5    2.000000    0.000000    0.000000
 552   1    2.000000    0.000000    0.000000
 552   2    2.000000    0.000000    0.000000
 552   3    2.000000    0.000000    0.000000
 552   4    2.000000    0.000000    0.000000
 552   5    2.000000    0.000000    0.000000
 553   1    2.000000    0.000000    0.000000
 553   2    2.000000    0.000000    0.000000
 553   3    2.000000    0.000000    0.000000
 553   4    2.000000    0.000000    0.000000
 553   5    2.000000    0.000000    0.000000
 554   1    2.000000    0.000000    0.000000
 554   2    2.000000    0.000000    0.000000
 554   3    2.000000    0.000000    0.000000
 554   4    2.000000    0.000000    0.000000
 554   5    2.000000    0.000000    0.000000
 555   1    2.000000    0.000000    0.000000
 555   2    2.000000    0.000000    0.000000
 555   3    2.000000    0.000000    0.000000
 555   4    2.000000    0.000000    0.000000
 555   5    2.000000    0.000000    0.000000
 556   1    2.000000    0.000000    0.000000
 556   2    2.000000    0.000000    0.000000
 556   3    2.000000    0.000000    0.000000
 556   4    2.000000    0.000000    0.000000
 556   5    2.000000    0.000000    0.000000
 557   1    2.000000    0.000000    0.000000
 557   2    2.000000    0.000000    0.000000
 557   3    2.000000    0.000000    0.000000
 557   4    2.000000    0.000000    0.000000
 557   5    2.000000    0.000000    0.000000
 558   1    2.000000    0.000000    0.000000
 558   2    2.000000    0.000000    0.000000
 558   3    2.000000    0.000000    0.000000
 558   4    2.000000    0.000000    0.000000
 558   5    2.000000    0.000000    0.000000
 559   1    2.000000    0.000000    0.000000
 559   2    2.000000    0.000000    0.000000
 559   3    2.000000    0.000000    0.000000
 559   4    2.000000    0.000000    0.000000
 559   5    2.000000    0.000000    0.000000
 560   1    2.000000    0.000000    0.000000
 560   2    2.000000    0.000000    0.000000
 560   3    2.000000    0.000000    0.000000
 560   4    2.000000    0.000000    0.000000
 560   5    2.000000    0.000000    0.000000
 561   1    2.000000    0.000000    0.000000
 561   2    2.000000    0.000000    0.000000
 561   3    2.000000    0.000000    0.000000
 561   4    2.000000    0.000000    0.000000
 561   5    2.000000    0.000000    0.000000
 562   1    2.000000    0.000000    0.000000
 562   2    2.000000    0.000000    0.000000
 562   3    2.000000    0.000000    0.000000
 562   4    2.000000    0.000000    0.000000
 562   5    2.000000    0.000000    0.000000
 563   1    2.000000    0.000000    0.000000
 563   2    2.000000    0.000000    0.000000
 563   3    2.000000    0.000000    0.000000
 563   4    2.000000    0.000000    0.000000
 563   5    2.000000    0.000000    0.000000
 564   1    2.000000    0.000000    0.000000
 564   2    2.000000    0.000000    0.000000
 564   3    2.000000    0.000000    0.000000
 564   4    2.000000    0.000000    0.000000
 564   5    2.000000    0.000000    0.000000
 565   1    2.000000    0.000000    0.000000
 565   2    2.000000    0.000000    0.000000
 565   3    2.000000    0.000000    0.000000
 565   4    2.000000    0.000000    0.000000
 565   5    2.000000    0.000000    0.000000
 566   1    2.000000    0.000000    0.000000
 566   2    2.000000    0.000000    0.000000
 566   3    2.000000    0.000000    0.000000
 566   4    2.000000    0.000000    0.000000
 566   5    2.000000    0.000000    0.000000
 567   1    2.000000    0.000000    0.000000
 567   2    2.000000    0.000000    0.000000
 567   3    2.000000    0.000000    0.000000
 567   4    2.000000    0.000000    0.000000
 567   5    2.000000    0.000000    0.000000
 568   1    2.000000    0.000000    0.000000
 568   2    2.000000    0.000000    0.000000
 568   3    2.000000    0.000000    0.000000
 568   4    2.000000    0.000000    0.000000
 568   5    2.000000    0.000000    0.000000
 569   1    2.000000    0.000000    0.000000
 569   2    2.000000    0.000000    0.000000
 569   3    2.000000    0.000000    0.000000
 569   4    2.000000    0.000000    0.000000
 569   5    2.000000    0.000000    0.000000
 570   1    2.000000    0.000000    0.000000
 570   2    2.000000    0.000000    0.000000
 570   3    2.000000    0.000000    0.000000
 570   4    2.000000    0.000000    0.000000
 570   5    2.000000    0.000000    0.000000
 571   1    2.000000    0.000000    0.000000
 571   2    2.000000    0.000000    0.000000
 571   3    2.000000    0.000000    0.000000
 571   4    2.000000    0.000000    0.000000
 571   5    2.000000    0.000000    0.000000
 572   1    2.000000    0.000000    0.000000
 572   2    2.000000    0.000000    0.000000
 572   3    2.000000    0.000000    0.000000
 572   4    2.000000    0.000000    0.000000
 572   5    2.000000    0.000000    0.000000
 573   1    2.000000    0.000000    0.000000
 573   2    2.000000    0.000000    0.000000
 573   3    2.000000    0.000000    0.000000
 573   4    2.000000    0.000000    0.000000
 573   5    2.000000    0.000000    0.000000
 574   1    2.000000    0.000000    0.000000
 574   2    2.000000    0.000000    0.000000
 574   3    2.000000    0.000000    0.000000
 574   4    2.000000    0.000000    0.000000
 574   5    2.000000    0.000000    0.000000
 575   1    2.000000    0.000000    0.000000
 575   2    2.000000    0.000000    0.000000
 575   3    2.000000    0.000000    0.000000
 575   4    2.000000    0.000000    0.000000
 575   5    2.000000    0.000000    0.000000
 576   1    2.000000    0.000000    0.000000
 576   2    2.000000    0.000000    0.000000
 576   3    2.000000    0.000000    0.000000
 576   4    2.000000    0.000000    0.000000
 576   5    2.000000    0.000000    0.000000
 577   1    2.000000    0.000000    0.000000
 577   2    2.000000    0.000000    0.000000
 577   3    2.000000    0.000000    0.000000
 577   4    2.000000    0.000000    0.000000
 577   5    2.000000    0.000000    0.000000
 578   1    2.000000    0.000000    0.000000
 578   2    2.000000    0.000000    0.000000
 578   3    2.000000    0.000000    0.000000
 578   4    2.000000    0.000000    0.000000
 578   5    2.000000    0.000000    0.000000
 579   1    2.000000    0.000000    0.000000
 579   2    2.000000    0.000000    0.000000
 579   3    2.000000    0.000000    0.000000
 579   4    2.000000    0.000000    0.000000
 579   5    2.000000    0.000000    0.000000
 580   1    2.000000    0.000000    0.000000
 580   2    2.000000    0.000000    0.000000
 580   3    2.000000    0.000000    0.000000
 580   4    2.000000    0.000000    0.000000
 580   5    2.000000    0.000000    0.000000
 581   1    2.000000    0.000000    0.000000
 581   2    2.000000    0.000000    0.000000
 581   3    2.000000    0.000000    0.000000
 581   4    2.000000    0.000000    0.000000
 581   5    2.000000    0.000000    0.000000
 582   1    2.000000    0.000000    0.000000
 582   2    2.000000    0.000000    0.000000
 582   3    2.000000    0.000000    0.000000
 582   4    2.000000    0.000000    0.000000
 582   5    2.000000    0.000000    0.000000
 583   1    2.000000    0.000000    0.000000
 583   2    2.000000    0.000000    0.000000
 583   3    2.000000    0.000000    0.000000
 583   4    2.000000    0.000000    0.000000
 583   5    2.000000    0.000000    0.000000
 584   1    2.000000    0.000000    0.000000
 584   2    2.000000    0.000000    0.000000
 584   3    2.000000    0.000000    0.000000
 584   4    2.000000    0.000000    0.000000
 584   5    2.000000    0.000000    0.000000
 585   1    2.000000    0.000000    0.000000
 585   2    2.000000    0.000000    0.000000
 585   3    2.000000    0.000000    0.000000
 585   4    2.000000    0.000000    0.000000
 585   5    2.000000    0.000000    0.000000
 586   1    2.000000    0.000000    0.000000
 586   2    2.000000    0.000000    0.000000
 586   3    2.000000    0.000000    0.000000
 586   4    2.000000    0.000000    0.000000
 586   5    2.000000    0.000000    0.000000
 587   1    2.000000    0.000000    0.000000
 587   2    2.000000    0.000000    0.000000
 587   3    2.000000    0.000000    0.000000
 587   4    2.000000    0.000000    0.000000
 587   5    2.000000    0.000000    0.000000
 588   1    2.000000    0.000000    0.000000
 588   2    2.000000    0.000000    0.000000
 588   3    2.000000    0.000000    0.000000
 588   4    2.000000    0.000000    0.000000
 588   5    2.000000    0.000000    0.000000
 589   1    2.000000    0.000000    0.000000
 589   2    2.000000    0.000000    0.000000
 589   3    2.000000    0.000000    0.000000
 589   4    2.000000    0.000000    0.000000
 589   5    2.000000    0.000000    0.000000
 590   1    2.000000    0.000000    0.000000
 590   2    2.000000    0.000000    0.000000
 590   3    2.000000    0.000000    0.000000
 590   4    2.000000    0.000000    0.000000
 590   5    2.000000    0.000000    0.000000
 591   1    2.000000    0.000000    0.000000
 591   2    2.000000    0.000000    0.000000
 591   3    2.000000    0.000000    0.000000
 591   4    2.000000    0.000000    0.000000
 591   5    2.000000    0.000000    0.000000
 592   1    2.000000    0.000000    0.000000
 592   2    2.000000    0.000000    0.000000
 592   3    2.000000    0.000000    0.000000
 592   4    2.000000    0.000000    0.000000
 592   5    2.000000    0.000000    0.000000
 593   1    2.000000    0.000000    0.000000
 593   2    2.000000    0.000000    0.000000
 593   3    2.000000    0.000000    0.000000
 593   4    2.000000    0.000000    0.000000
 593   5    2.000000    0.000000    0.000000
 594   1    2.000000    0.000000    0.000000
 594   2    2.000000    0.000000    0.000000
 594   3    2.000000    0.000000    0.000000
 594   4    2.000000    0.000000    0.000000
 594   5    2.000000    0.000000    0.000000
 595   1    2.000000    0.000000    0.000000
 595   2    2.000000    0.000000    0.000000
 595   3    2.000000    0.000000    0.000000
 595   4    2.000000    0.000000    0.000000
 595   5    2.000000    0.000000    0.000000
 596   1    2.000000    0.000000    0.000000
 596   2    2.000000    0.000000    0.000000
 596   3    2.000000    0.000000    0.000000
 596   4    2.000000    0.000000    0.000000
 596   5    2.000000    0.000000    0.000000
 597   1    2.000000    0.000000    0.000000
 597   2    2.000000    0.000000    0.000000
 597   3    2.000000    0.000000    0.000000
 597   4    2.000000    0.000000    0.000000
 597   5    2.000000    0.000000    0.000000
 598   1    2.000000    0.000000    0.000000
 598   2    2.000000    0.000000    0.000000
 598   3    2.000000    0.000000    0.000000
 598   4    2.000000    0.000000    0.000000
 598   5    2.000000    0.000000    0.000000
 599   1    2.000000    0.000000    0.000000
 599   2    2.000000    0.000000    0.000000
 599   3    2.000000    0.000000    0.000000
 599   4    2.000000    0.000000    0.000000
 599   5    2.000000    0.000000    0.000000
 600   1    2.000000    0.000000    0.000000
 600   2    2.000000    0.000000    0.000000
 600   3    2.000000    0.000000    0.000000
 600   4    2.000000    0.000000    0.000000
 600   5    2.000000    0.000000    0.000000
 601   1    2.000000    0.000000    0.000000
 601   2    2.000000    0.000000    0.000000
 601   3    2.000000    0.000000    0.000000
 601   4    2.000000    0.000000    0.000000
 601   5    2.000000    0.000000    0.000000
 602   1    2.000000    0.000000    0.000000
 602   2    2.000000    0.000000    0.000000
 602   3    2.000000    0.000000    0.000000
 602   4    2.000000    0.000000    0.000000
 602   5    2.000000    0.000000    0.000000
 603   1    2.000000    0.000000    0.000000
 603   2    2.000000    0.000000    0.000000
 603   3    2.000000    0.000000    0.000000
 603   4    2.000000    0.000000    0.000000
 603   5    2.000000    0.000000    0.000000
 604   1    2.000000    0.000000    0.000000
 604   2    2.000000    0.000000    0.000000
 604   3    2.000000    0.000000    0.000000
 604   4    2.000000    0.000000    0.000000
 604   5    2.000000    0.000000    0.000000
 605   1    2.000000    0.000000    0.000000
 605   2    2.000000    0.000000    0.000000
 605   3    2.000000    0.000000    0.000000
 605   4    2.000000    0.000000    0.000000
 605   5    2.000000    0.000000    0.000000
 606   1    2.000000    0.000000    0.000000
 606   2    2.000000    0.000000    0.000000
 606   3    2.000000    0.000000    0.000000
 606   4    2.000000    0.000000    0.000000
 606   5    2.000000    0.000000    0.000000
 607   1    2.000000    0.000000    0.000000
 607   2    2.000000    0.000000    0.000000
 607   3    2.000000    0.000000    0.000000
 607   4    2.000000    0.000000    0.000000
 607   5    2.000000    0.000000    0.000000
 608   1    2.000000    0.000000    0.000000
 608   2    2.000000    0.000000    0.000000
 608   3    2.000000    0.000000    0.000000
 608   4    2.000000    0.000000    0.000000
 608   5    2.000000    0.000000    0.000000
 609   1    2.000000    0.000000    0.000000
 609   2    2.000000    0.000000    0.000000
 609   3    2.000000    0.000000    0.000000
 609   4    2.000000    0.000000    0.000000
 609   5    2.000000    0.000000    0.000000
 610   1    2.000000    0.000000    0.000000
 610   2    2.000000    0.000000    0.000000
 610   3    2.000000    0.000000    0.000000
 610   4    2.000000    0.000000    0.000000
 610   5    2.000000    0.000000    0.000000
 611   1    2.000000    0.000000    0.000000
 611   2    2.000000    0.000000    0.000000
 611   3    2.000000    0.000000    0.000000
 611   4    2.000000    0.000000    0.000000
 611   5    2.000000    0.000000    0.000000
 612   1    2.000000    0.000000    0.000000
 612   2    2.000000    0.000000    0.000000
 612   3    2.000000    0.000000    0.000000
 612   4    2.000000    0.000000    0.000000
 612   5    2.000000    0.000000    0.000000
 613   1    2.000000    0.000000    0.000000
 613   2    2.000000    0.000000    0.000000
 613   3    2.000000    0.000000    0.000000
 613   4    2.000000    0.000000    0.000000
 613   5    2.000000    0.000000    0.000000
 614   1    2.000000    0.000000    0.000000
 614   2    2.000000    0.000000    0.000000
 614   3    2.000000    0.000000    0.000000
 614   4    2.000000    0.000000    0.000000
 614   5    2.000000    0.000000    0.000000
 615   1    2.000000    0.000000    0.000000
 615   2    2.000000    0.000000    0.000000
 615   3    2.000000    0.000000    0.000000
 615   4    2.000000    0.000000    0.000000
 615   5    2.000000    0.000000    0.000000
 616   1    2.000000    0.000000    0.000000
 616   2    2.000000    0.000000    0.000000
 616   3    2.000000    0.000000    0.000000
 616   4    2.000000    0.000000    0.000000
 616   5    2.000000    0.000000    0.000000
 617   1    2.000000    0.000000    0.000000
 617   2    2.000000    0.000000    0.000000
 617   3    2.000000    0.000000    0.000000
 617   4    2.000000    0.000000    0.000000
 617   5    2.000000    0.000000    0.000000
 618   1    2.000000    0.000000    0.000000
 618   2    2.000000    0.000000    0.000000
 618   3    2.000000    0.000000    0.000000
 618   4    2.000000    0.000000    0.000000
 618   5    2.000000    0.000000    0.000000
 619   1    2.000000    0.000000    0.000000
 619   2    2.000000    0.000000    0.000000
 619   3    2.000000    0.000000    0.000000
 619   4    2.000000    0.000000    0.000000
 619   5    2.000000    0.000000    0.000000
 620   1    2.000000    0.000000    0.000000
 620   2    2.000000    0.000000    0.000000
 620   3    2.000000    0.000000    0.000000
 620   4    2.000000    0.000000    0.000000
 620   5    2.000000    0.000000    0.000000
 621   1    2.000000    0.000000    0.000000
 621   2    2.000000    0.000000    0.000000
 621   3    2.000000    0.000000    0.000000
 621   4    2.000000    0.000000    0.000000
 621   5    2.000000    0.000000    0.000000
 622   1    2.000000    0.000000    0.000000
 622   2    2.000000    0.000000    0.000000
 622   3    2.000000    0.000000    0.000000
 622   4    2.000000    0.000000    0.000000
 622   5    2.000000    0.000000    0.000000
 623   1    2.000000    0.000000    0.000000
 623   2    2.000000    0.000000    0.000000
 623   3    2.000000    0.000000    0.000000
 623   4    2.000000    0.000000    0.000000
 623   5    2.000000    0.000000    0.000000
 624   1    2.000000    0.000000    0.000000
 624   2    2.000000    0.000000    0.000000
 624   3    2.000000    0.000000    0.000000
 624   4    2.000000    0.000000    0.000000
 624   5    2.000000    0.000000    0.000000
 625   1    2.000000    0.000000    0.000000
 625   2    2.000000    0.000000    0.000000
 625   3    2.000000    0.000000    0.000000
 625   4    2.000000    0.000000    0.000000
 625   5    2.000000    0.000000    0.000000
 626   1    2.000000    0.000000    0.000000
 626   2    2.000000    0.000000    0.000000
 626   3    2.000000    0.000000    0.000000
 626   4    2.000000    0.000000    0.000000
 626   5    2.000000    0.000000    0.000000
 627   1    2.000000    0.000000    0.000000
 627   2    2.000000    0.000000    0.000000
 627   3    2.000000    0.000000    0.000000
 627   4    2.000000    0.000000    0.000000
 627   5    2.000000    0.000000    0.000000
 628   1    2.000000    0.000000    0.000000
 628   2    2.000000    0.000000    0.000000
 628   3    2.000000    0.000000    0.000000
 628   4    2.000000    0.000000    0.000000
 628   5    2.000000    0.000000    0.000000
 629   1    2.000000    0.000000    0.000000
 629   2    2.000000    0.000000    0.000000
 629   3    2.000000    0.000000    0.000000
 629   4    2.000000    0.000000    0.000000
 629   5    2.000000    0.000000    0.000000
 630   1    2.000000    0.000000    0.000000
 630   2    2.000000    0.000000    0.000000
 630   3    2.000000    0.000000    0.000000
 630   4    2.000000    0.000000    0.000000
 630   5    2.000000    0.000000    0.000000
 631   1    2.000000    0.000000    0.000000
 631   2    2.000000    0.000000    0.000000
 631   3    2.000000    0.000000    0.000000
 631   4    2.000000    0.000000    0.000000
 631   5    2.000000    0.000000    0.000000
 632   1    2.000000    0.000000    0.000000
 632   2    2.000000    0.000000    0.000000
 632   3    2.000000    0.000000    0.000000
 632   4    2.000000    0.000000    0.000000
 632   5    2.000000    0.000000    0.000000
 633   1    2.000000    0.000000    0.000000
 633   2    2.000000    0.000000    0.000000
 633   3    2.000000    0.000000    0.000000
 633   4    2.000000    0.000000    0.000000
 633   5    2.000000    0.000000    0.000000
 634   1    2.000000    0.000000    0.000000
 634   2    2.000000    0.000000    0.000000
 634   3    2.000000    0.000000    0.000000
 634   4    2.000000    0.000000    0.000000
 634   5    2.000000    0.000000    0.000000
 635   1    2.000000    0.000000    0.000000
 635   2    2.000000    0.000000    0.000000
 635   3    2.000000    0.000000    0.000000
 635   4    2.000000    0.000000    0.000000
 635   5    2.000000    0.000000    0.000000
 636   1    2.000000    0.000000    0.000000
 636   2    2.000000    0.000000    0.000000
 636   3    2.000000    0.000000    0.000000
 636   4    2.000000    0.000000    0.000000
 636   5    2.000000    0.000000    0.000000
 637   1    2.000000    0.000000    0.000000
 637   2    2.000000    0.000000    0.000000
 637   3    2.000000    0.000000    0.000000
 637   4    2.000000    0.000000    0.000000
 637   5    2.000000    0.000000    0.000000
 638   1    2.000000    0.000000    0.000000
 638   2    2.000000    0.000000    0.000000
 638   3    2.000000    0.000000    0.000000
 638   4    2.000000    0.000000    0.000000
 638   5    2.000000    0.000000    0.000000
 639   1    2.000000    0.000000    0.000000
 639   2    2.000000    0.000000    0.000000
 639   3    2.000000    0.000000    0.000000
 639   4    2.000000    0.000000    0.000000
 639   5    2.000000    0.000000    0.000000
 640   1    2.000000    0.000000    0.000000
 640   2    2.000000    0.000000    0.000000
 640   3    2.000000    0.000000    0.000000
 640   4    2.000000    0.000000    0.000000
 640   5    2.000000    0.000000    0.000000
 641   1    2.000000    0.000000    0.000000
 641   2    2.000000    0.000000    0.000000
 641   3    2.000000    0.000000    0.000000
 641   4    2.000000    0.000000    0.000000
 641   5    2.000000    0.000000    0.000000
 642   1    2.000000    0.000000    0.000000
 642   2    2.000000    0.000000    0.000000
 642   3    2.000000    0.000000    0.000000
 642   4    2.000000    0.000000    0.000000
 642   5    2.000000    0.000000    0.000000
 643   1    2.000000    0.000000    0.000000
 643   2    2.000000    0.000000    0.000000
 643   3    2.000000    0.000000    0.000000
 643   4    2.000000    0.000000    0.000000
 643   5    2.000000    0.000000    0.000000
 644   1    2.000000    0.000000    0.000000
 644   2    2.000000    0.000000    0.000000
 644   3    2.000000    0.000000    0.000000
 644   4    2.000000    0.000000    0.000000
 644   5    2.000000    0.000000    0.000000
 645   1    2.000000    0.000000    0.000000
 645   2    2.000000    0.000000    0.000000
 645   3    2.000000    0.000000    0.000000
 645   4    2.000000    0.000000    0.000000
 645   5    2.000000    0.000000    0.000000
 646   1    2.000000    0.000000    0.000000
 646   2    2.000000    0.000000    0.000000
 646   3    2.000000    0.000000    0.000000
 646   4    2.000000    0.000000    0.000000
 646   5    2.000000    0.000000    0.000000
 647   1    2.000000    0.000000    0.000000
 647   2    2.000000    0.000000    0.000000
 647   3    2.000000    0.000000    0.000000
 647   4    2.000000    0.000000    0.000000
 647   5    2.000000    0.000000    0.000000
 648   1    2.000000    0.000000    0.000000
 648   2    2.000000    0.000000    0.000000
 648   3    2.000000    0.000000    0.000000
 648   4    2.000000    0.000000    0.000000
 648   5    2.000000    0.000000    0.000000
 649   1    2.000000    0.000000    0.000000
 649   2    2.000000    0.000000    0.000000
 649   3    2.000000    0.000000    0.000000
 649   4    2.000000    0.000000    0.000000
 649   5    2.000000    0.000000    0.000000
 650   1    2.000000    0.000000    0.000000
 650   2    2.000000    0.000000    0.000000
 650   3    2.000000    0.000000    0.000000
 650   4    2.000000    0.000000    0.000000
 650   5    2.000000    0.000000    0.000000
 651   1    2.000000    0.000000    0.000000
 651   2    2.000000    0.000000    0.000000
 651   3    2.000000    0.000000    0.000000
 651   4    2.000000    0.000000    0.000000
 651   5    2.000000    0.000000    0.000000
 652   1    2.000000    0.000000    0.000000
 652   2    2.000000    0.000000    0.000000
 652   3    2.000000    0.000000    0.000000
 652   4    2.000000    0.000000    0.000000
 652   5    2.000000    0.000000    0.000000
 653   1    2.000000    0.000000    0.000000
 653   2    2.000000    0.000000    0.000000
 653   3    2.000000    0.000000    0.000000
 653   4    2.000000    0.000000    0.000000
 653   5    2.000000    0.000000    0.000000
 654   1    2.000000    0.000000    0.000000
 654   2    2.000000    0.000000    0.000000
 654   3    2.000000    0.000000    0.000000
 654   4    2.000000    0.000000    0.000000
 654   5    2.000000    0.000000    0.000000
 655   1    2.000000    0.000000    0.000000
 655   2    2.000000    0.000000    0.000000
 655   3    2.000000    0.000000    0.000000
 655   4    2.000000    0.000000    0.000000
 655   5    2.000000    0.000000    0.000000
 656   1    2.000000    0.000000    0.000000
 656   2    2.000000    0.000000    0.000000
 656   3    2.000000    0.000000    0.000000
 656   4    2.000000    0.000000    0.000000
 656   5    2.000000    0.000000    0.000000
 657   1    2.000000    0.000000    0.000000
 657   2    2.000000    0.000000    0.000000
 657   3    2.000000    0.000000    0.000000
 657   4    2.000000    0.000000    0.000000
 657   5    2.000000    0.000000    0.000000
 658   1    2.000000    0.000000    0.000000
 658   2    2.000000    0.000000    0.000000
 658   3    2.000000    0.000000    0.000000
 658   4    2.000000    0.000000    0.000000
 658   5    2.000000    0.000000    0.000000
 659   1    2.000000    0.000000    0.000000
 659   2    2.000000    0.000000    0.000000
 659   3    2.000000    0.000000    0.000000
 659   4    2.000000    0.000000    0.000000
 659   5    2.000000    0.000000    0.000000
 660   1    2.000000    0.000000    0.000000
 660   2    2.000000    0.000000    0.000000
 660   3    2.000000    0.000000    0.000000
 660   4    2.000000    0.000000    0.000000
 660   5    2.000000    0.000000    0.000000
 661   1    2.000000    0.000000    0.000000
 661   2    2.000000    0.000000    0.000000
 661   3    2.000000    0.000000    0.000000
 661   4    2.000000    0.000000    0.000000
 661   5    2.000000    0.000000    0.000000
 662   1    2.000000    0.000000    0.000000
 662   2    2.000000    0.000000    0.000000
 662   3    2.000000    0.000000    0.000000
 662   4    2.000000    0.000000    0.000000
 662   5    2.000000    0.000000    0.000000
 663   1    2.000000    0.000000    0.000000
 663   2    2.000000    0.000000    0.000000
 663   3    2.000000    0.000000    0.000000
 663   4    2.000000    0.000000    0.000000
 663   5    2.000000    0.000000    0.000000
 664   1    2.000000    0.000000    0.000000
 664   2    2.000000    0.000000    0.000000
 664   3    2.000000    0.000000    0.000000
 664   4    2.000000    0.000000    0.000000
 664   5    2.000000    0.000000    0.000000
 665   1    2.000000    0.000000    0.000000
 665   2    2.000000    0.000000    0.000000
 665   3    2.000000    0.000000    0.000000
 665   4    2.000000    0.000000    0.000000
 665   5    2.000000    0.000000    0.000000
 666   1    2.000000    0.000000    0.000000
 666   2    2.000000    0.000000    0.000000
 666   3    2.000000    0.000000    0.000000
 666   4    2.000000    0.000000    0.000000
 666   5    2.000000    0.000000    0.000000
 667   1    2.000000    0.000000    0.000000
 667   2    2.000000    0.000000    0.000000
 667   3    2.000000    0.000000    0.000000
 667   4    2.000000    0.000000    0.000000
 667   5    2.000000    0.000000    0.000000
 668   1    2.000000    0.000000    0.000000
 668   2    2.000000    0.000000    0.000000
 668   3    2.000000    0.000000    0.000000
 668   4    2.000000    0.000000    0.000000
 668   5    2.000000    0.000000    0.000000
 669   1    2.000000    0.000000    0.000000
 669   2    2.000000    0.000000    0.000000
 669   3    2.000000    0.000000    0.000000
 669   4    2.000000    0.000000    0.000000
 669   5    2.000000    0.000000    0.000000
 670   1    2.000000    0.000000    0.000000
 670   2    2.000000    0.000000    0.000000
 670   3    2.000000    0.000000    0.000000
 670   4    2.000000    0.000000    0.000000
 670   5    2.000000    0.000000    0.000000
 671   1    2.000000    0.000000    0.000000
 671   2    2.000000    0.000000    0.000000
 671   3    2.000000    0.000000    0.000000
 671   4    2.000000    0.000000    0.000000
 671   5    2.000000    0.000000    0.000000
 672   1    2.000000    0.000000    0.000000
 672   2    2.000000    0.000000    0.000000
 672   3    2.000000    0.000000    0.000000
 672   4    2.000000    0.000000    0.000000
 672   5    2.000000    0.000000    0.000000
 673   1    2.000000    0.000000    0.000000
 673   2    2.000000    0.000000    0.000000
 673   3    2.000000    0.000000    0.000000
 673   4    2.000000    0.000000    0.000000
 673   5    2.000000    0.000000    0.000000
 674   1    2.000000    0.000000    0.000000
 674   2    2.000000    0.000000    0.000000
 674   3    2.000000    0.000000    0.000000
 674   4    2.000000    0.000000    0.000000
 674   5    2.000000    0.000000    0.000000
 675   1    2.000000    0.000000    0.000000
 675   2    2.000000    0.000000    0.000000
 675   3    2.000000    0.000000    0.000000
 675   4    2.000000    0.000000    0.000000
 675   5    2.000000    0.000000    0.000000
 676   1    2.000000    0.000000    0.000000
 676   2    2.000000    0.000000    0.000000
 676   3    2.000000    0.000000    0.000000
 676   4    2.000000    0.000000    0.000000
 676   5    2.000000    0.000000    0.000000
 677   1    2.000000    0.000000    0.000000
 677   2    2.000000    0.000000    0.000000
 677   3    2.000000    0.000000    0.000000
 677   4    2.000000    0.000000    0.000000
 677   5    2.000000    0.000000    0.000000
 678   1    2.000000    0.000000    0.000000
 678   2    2.000000    0.000000    0.000000
 678   3    2.000000    0.000000    0.000000
 678   4    2.000000    0.000000    0.000000
 678   5    2.000000    0.000000    0.000000
 679   1    2.000000    0.000000    0.000000
 679   2    2.000000    0.000000    0.000000
 679   3    2.000000    0.000000    0.000000
 679   4    2.000000    0.000000    0.000000
 679   5    2.000000    0.000000    0.000000
 680   1    2.000000    0.000000    0.000000
 680   2    2.000000    0.000000    0.000000
 680   3    2.000000    0.000000    0.000000
 680   4    2.000000    0.000000    0.000000
 680   5    2.000000    0.000000    0.000000
 681   1    2.000000    0.000000    0.000000
 681   2    2.000000    0.000000    0.000000
 681   3    2.000000    0.000000    0.000000
 681   4    2.000000    0.000000    0.000000
 681   5    2.000000    0.000000    0.000000
 682   1    2.000000    0.000000    0.000000
 682   2    2.000000    0.000000    0.000000
 682   3    2.000000    0.000000    0.000000
 682   4    2.000000    0.000000    0.000000
 682   5    2.000000    0.000000    0.000000
 683   1    2.000000    0.000000    0.000000
 683   2    2.000000    0.000000    0.000000
 683   3    2.000000    0.000000    0.000000
 683   4    2.000000    0.000000    0.000000
 683   5    2.000000    0.000000    0.000000
 684   1    2.000000    0.000000    0.000000
 684   2    2.000000    0.000000    0.000000
 684   3    2.000000    0.000000    0.000000
 684   4    2.000000    0.000000    0.000000
 684   5    2.000000    0.000000    0.000000
 685   1    2.000000    0.000000    0.000000
 685   2    2.000000    0.000000    0.000000
 685   3    2.000000    0.000000    0.000000
 685   4    2.000000    0.000000    0.000000
 685   5    2.000000    0.000000    0.000000
 686   1    2.000000    0.000000    0.000000
 686   2    2.000000    0.000000    0.000000
 686   3    2.000000    0.000000    0.000000
 686   4    2.000000    0.000000    0.000000
 686   5    2.000000    0.000000    0.000000
 687   1    2.000000    0.000000    0.000000
 687   2    2.000000    0.000000    0.000000
 687   3    2.000000    0.000000    0.000000
 687   4    2.000000    0.000000    0.000000
 687   5    2.000000    0.000000    0.000000
 688   1    2.000000    0.000000    0.000000
 688   2    2.000000    0.000000    0.000000
 688   3    2.000000    0.000000    0.000000
 688   4    2.000000    0.000000    0.000000
 688   5    2.000000    0.000000    0.000000
 689   1    2.000000    0.000000    0.000000
 689   2    2.000000    0.000000    0.000000
 689   3    2.000000    0.000000    0.000000
 689   4    2.000000    0.000000    0.000000
 689   5    2.000000    0.000000    0.000000
 690   1    2.000000    0.000000    0.000000
 690   2    2.000000    0.000000    0.000000
 690   3    2.000000    0.000000    0.000000
 690   4    2.000000    0.000000    0.000000
 690   5    2.000000    0.000000    0.000000
 691   1    2.000000    0.000000    0.000000
 691   2    2.000000    0.000000    0.000000
 691   3    2.000000    0.000000    0.000000
 691   4    2.000000    0.000000    0.000000
 691   5    2.000000    0.000000    0.000000
 692   1    2.000000    0.000000    0.000000
 692   2    2.000000    0.000000    0.000000
 692   3    2.000000    0.000000    0.000000
 692   4    2.000000    0.000000    0.000000
 692   5    2.000000    0.000000    0.000000
 693   1    2.000000    0.000000    0.000000
 693   2    2.000000    0.000000    0.000000
 693   3    2.000000    0.000000    0.000000
 693   4    2.000000    0.000000    0.000000
 693   5    2.000000    0.000000    0.000000
 694   1    2.000000    0.000000    0.000000
 694   2    2.000000    0.000000    0.000000
 694   3    2.000000    0.000000    0.000000
 694   4    2.000000    0.000000    0.000000
 694   5    2.000000    0.000000    0.000000
 695   1    2.000000    0.000000    0.000000
 695   2    2.000000    0.000000    0.000000
 695   3    2.000000    0.000000    0.000000
 695   4    2.000000    0.000000    0.000000
 695   5    2.000000    0.000000    0.000000
 696   1    2.000000    0.000000    0.000000
 696   2    2.000000    0.000000    0.000000
 696   3    2.000000    0.000000    0.000000
 696   4    2.000000    0.000000    0.000000
 696   5    2.000000    0.000000    0.000000
 697   1    2.000000    0.000000    0.000000
 697   2    2.000000    0.000000    0.000000
 697   3    2.000000    0.000000    0.000000
 697   4    2.000000    0.000000    0.000000
 697   5    2.000000    0.000000    0.000000
 698   1    2.000000    0.000000    0.000000
 698   2    2.000000    0.000000    0.000000
 698   3    2.000000    0.000000    0.000000
 698   4    2.000000    0.000000    0.000000
 698   5    2.000000    0.000000    0.000000
 699   1    2.000000    0.000000    0.000000
 699   2    2.000000    0.000000    0.000000
 699   3    2.000000    0.000000    0.000000
 699   4    2.000000    0.000000    0.000000
 699   5    2.000000    0.000000    0.000000
 700   1    2.000000    0.000000    0.000000
 700   2    2.000000    0.000000    0.000000
 700   3    2.000000    0.000000    0.000000
 700   4    2.000000    0.000000    0.000000
 700   5    2.000000    0.000000    0.000000
 701   1    2.000000    0.000000    0.000000
 701   2    2.000000    0.000000    0.000000
 701   3    2.000000    0.000000    0.000000
 701   4    2.000000    0.000000    0.000000
 701   5    2.000000    0.000000    0.000000
 702   1    2.000000    0.000000    0.000000
 702   2    2.000000    0.000000    0.000000
 702   3    2.000000    0.000000    0.000000
 702   4    2.000000    0.000000    0.000000
 702   5    2.000000    0.000000    0.000000
 703   1    2.000000    0.000000    0.000000
 703   2    2.000000    0.000000    0.000000
 703   3    2.000000    0.000000    0.000000
 703   4    2.000000    0.000000    0.000000
 703   5    2.000000    0.000000    0.000000
 704   1    2.000000    0.000000    0.000000
 704   2    2.000000    0.000000    0.000000
 704   3    2.000000    0.000000    0.000000
 704   4    2.000000    0.000000    0.000000
 704   5    2.000000    0.000000    0.000000
 705   1    2.000000    0.000000    0.000000
 705   2    2.000000    0.000000    0.000000
 705   3    2.000000    0.000000    0.000000
 705   4    2.000000    0.000000    0.000000
 705   5    2.000000    0.000000    0.000000
 706   1    2.000000    0.000000    0.000000
 706   2    2.000000    0.000000    0.000000
 706   3    2.000000    0.000000    0.000000
 706   4    2.000000    0.000000    0.000000
 706   5    2.000000    0.000000    0.000000
 707   1    2.000000    0.000000    0.000000
 707   2    2.000000    0.000000    0.000000
 707   3    2.000000    0.000000    0.000000
 707   4    2.000000    0.000000    0.000000
 707   5    2.000000    0.000000    0.000000
 708   1    2.000000    0.000000    0.000000
 708   2    2.000000    0.000000    0.000000
 708   3    2.000000    0.000000    0.000000
 708   4    2.000000    0.000000    0.000000
 708   5    2.000000    0.000000    0.000000
 709   1    2.000000    0.000000    0.000000
 709   2    2.000000    0.000000    0.000000
 709   3    2.000000    0.000000    0.000000
 709   4    2.000000    0.000000    0.000000
 709   5    2.000000    0.000000    0.000000
 710   1    2.000000    0.000000    0.000000
 710   2    2.000000    0.000000    0.000000
 710   3    2.000000    0.000000    0.000000
 710   4    2.000000    0.000000    0.000000
 710   5    2.000000    0.000000    0.000000
 711   1    2.000000    0.000000    0.000000
 711   2    2.000000    0.000000    0.000000
 711   3    2.000000    0.000000    0.000000
 711   4    2.000000    0.000000    0.000000
 711   5    2.000000    0.000000    0.000000
 712   1    2.000000    0.000000    0.000000
 712   2    2.000000    0.000000    0.000000
 712   3    2.000000    0.000000    0.000000
 712   4    2.000000    0.000000    0.000000
 712   5    2.000000    0.000000    0.000000
 713   1    2.000000    0.000000    0.000000
 713   2    2.000000    0.000000    0.000000
 713   3    2.000000    0.000000    0.000000
 713   4    2.000000    0.000000    0.000000
 713   5    2.000000    0.000000    0.000000
 714   1    2.000000    0.000000    0.000000
 714   2    2.000000    0.000000    0.000000
 714   3    2.000000    0.000000    0.000000
 714   4    2.000000    0.000000    0.000000
 714   5    2.000000    0.000000    0.000000
 715   1    2.000000    0.000000    0.000000
 715   2    2.000000    0.000000    0.000000
 715   3    2.000000    0.000000    0.000000
 715   4    2.000000    0.000000    0.000000
 715   5    2.000000    0.000000    0.000000
 716   1    2.000000    0.000000    0.000000
 716   2    2.000000    0.000000    0.000000
 716   3    2.000000    0.000000    0.000000
 716   4    2.000000    0.000000    0.000000
 716   5    2.000000    0.000000    0.000000
 717   1    2.000000    0.000000    0.000000
 717   2    2.000000    0.000000    0.000000
 717   3    2.000000    0.000000    0.000000
 717   4    2.000000    0.000000    0.000000
 717   5    2.000000    0.000000    0.000000
 718   1    2.000000    0.000000    0.000000
 718   2    2.000000    0.000000    0.000000
 718   3    2.000000    0.000000    0.000000
 718   4    2.000000    0.000000    0.000000
 718   5    2.000000    0.000000    0.000000
 719   1    2.000000    0.000000    0.000000
 719   2    2.000000    0.000000    0.000000
 719   3    2.000000    0.000000    0.000000
 719   4    2.000000    0.000000    0.000000
 719   5    2.000000    0.000000    0.000000
 720   1    2.000000    0.000000    0.000000
 720   2    2.000000    0.000000    0.000000
 720   3    2.000000    0.000000    0.000000
 720   4    2.000000    0.000000    0.000000
 720   5    2.000000    0.000000    0.000000
 721   1    2.000000    0.000000    0.000000
 721   2    2.000000    0.000000    0.000000
 721   3    2.000000    0.000000    0.000000
 721   4    2.000000    0.000000    0.000000
 721   5    2.000000    0.000000    0.000000
 722   1    2.000000    0.000000    0.000000
 722   2    2.000000    0.000000    0.000000
 722   3    2.000000    0.000000    0.000000
 722   4    2.000000    0.000000    0.000000
 722   5    2.000000    0.000000    0.000000
 723   1    2.000000    0.000000    0.000000
 723   2    2.000000    0.000000    0.000000
 723   3    2.000000    0.000000    0.000000
 723   4    2.000000    0.000000    0.000000
 723   5    2.000000    0.000000    0.000000
 724   1    2.000000    0.000000    0.000000
 724   2    2.000000    0.000000    0.000000
 724   3    2.000000    0.000000    0.000000
 724   4    2.000000    0.000000    0.000000
 724   5    2.000000    0.000000    0.000000
 725   1    2.000000    0.000000    0.000000
 725   2    2.000000    0.000000    0.000000
 725   3    2.000000    0.000000    0.000000
 725   4    2.000000    0.000000    0.000000
 725   5    2.000000    0.000000    0.000000
 726   1    2.000000    0.000000    0.000000
 726   2    2.000000    0.000000    0.000000
 726   3    2.000000    0.000000    0.000000
 726   4    2.000000    0.000000    0.000000
 726   5    2.000000    0.000000    0.000000
 727   1    2.000000    0.000000    0.000000
 727   2    2.000000    0.000000    0.000000
 727   3    2.000000    0.000000    0.000000
 727   4    2.000000    0.000000    0.000000
 727   5    2.000000    0.000000    0.000000
 728   1    2.000000    0.000000    0.000000
 728   2    2.000000    0.000000    0.000000
 728   3    2.000000    0.000000    0.000000
 728   4    2.000000    0.000000    0.000000
 728   5    2.000000    0.000000    0.000000
 729   1    2.000000    0.000000    0.000000
 729   2    2.000000    0.000000    0.000000
 729   3    2.000000    0.000000    0.000000
 729   4    2.000000    0.000000    0.000000
 729   5    2.000000    0.000000    0.000000
 730   1    2.000000    0.000000    0.000000
 730   2    2.000000    0.000000    0.000000
 730   3    2.000000    0.000000    0.000000
 730   4    2.000000    0.000000    0.000000
 730   5    2.000000    0.000000    0.000000
 731   1    2.000000    0.000000    0.000000
 731   2    2.000000    0.000000    0.000000
 731   3    2.000000    0.000000    0.000000
 731   4    2.000000    0.000000    0.000000
 731   5    2.000000    0.000000    0.000000
 732   1    2.000000    0.000000    0.000000
 732   2    2.000000    0.000000    0.000000
 732   3    2.000000    0.000000    0.000000
 732   4    2.000000    0.000000    0.000000
 732   5    2.000000    0.000000    0.000000
 733   1    2.000000    0.000000    0.000000
 733   2    2.000000    0.000000    0.000000
 733   3    2.000000    0.000000    0.000000
 733   4    2.000000    0.000000    0.000000
 733   5    2.000000    0.000000    0.000000
 734   1    2.000000    0.000000    0.000000
 734   2    2.000000    0.000000    0.000000
 734   3    2.000000    0.000000    0.000000
 734   4    2.000000    0.000000    0.000000
 734   5    2.000000    0.000000    0.000000
 735   1    2.000000    0.000000    0.000000
 735   2    2.000000    0.000000    0.000000
 735   3    2.000000    0.000000    0.000000
 735   4    2.000000    0.000000    0.000000
 735   5    2.000000    0.000000    0.000000
 736   1    2.000000    0.000000    0.000000
 736   2    2.000000    0.000000    0.000000
 736   3    2.000000    0.000000    0.000000
 736   4    2.000000    0.000000    0.000000
 736   5    2.000000    0.000000    0.000000
 737   1    2.000000    0.000000    0.000000
 737   2    2.000000    0.000000    0.000000
 737   3    2.000000    0.000000    0.000000
 737   4    2.000000    0.000000    0.000000
 737   5    2.000000    0.000000    0.000000
 738   1    2.000000    0.000000    0.000000
 738   2    2.000000    0.000000    0.000000
 738   3    2.000000    0.000000    0.000000
 738   4    2.000000    0.000000    0.000000
 738   5    2.000000    0.000000    0.000000
 739   1    2.000000    0.000000    0.000000
 739   2    2.000000    0.000000    0.000000
 739   3    2.000000    0.000000    0.000000
 739   4    2.000000    0.000000    0.000000
 739   5    2.000000    0.000000    0.000000
 740   1    2.000000    0.000000    0.000000
 740   2    2.000000    0.000000    0.000000
 740   3    2.000000    0.000000    0.000000
 740   4    2.000000    0.000000    0.000000
 740   5    2.000000    0.000000    0.000000
 741   1    2.000000    0.000000    0.000000
 741   2    2.000000    0.000000    0.000000
 741   3    2.000000    0.000000    0.000000
 741   4    2.000000    0.000000    0.000000
 741   5    2.000000    0.000000    0.000000
 742   1    2.000000    0.000000    0.000000
 742   2    2.000000    0.000000    0.000000
 742   3    2.000000    0.000000    0.000000
 742   4    2.000000    0.000000    0.000000
 742   5    2.000000    0.000000    0.000000
 743   1    2.000000    0.000000    0.000000
 743   2    2.000000    0.000000    0.000000
 743   3    2.000000    0.000000    0.000000
 743   4    2.000000    0.000000    0.000000
 743   5    2.000000    0.000000    0.000000
 744   1    2.000000    0.000000    0.000000
 744   2    2.000000    0.000000    0.000000
 744   3    2.000000    0.000000    0.000000
 744   4    2.000000    0.000000    0.000000
 744   5    2.000000    0.000000    0.000000
 745   1    2.000000    0.000000    0.000000
 745   2    2.000000    0.000000    0.000000
 745   3    2.000000    0.000000    0.000000
 745   4    2.000000    0.000000    0.000000
 745   5    2.000000    0.000000    0.000000
 746   1    2.000000    0.000000    0.000000
 746   2    2.000000    0.000000    0.000000
 746   3    2.000000    0.000000    0.000000
 746   4    2.000000    0.000000    0.000000
 746   5    2.000000    0.000000    0.000000
 747   1    2.000000    0.000000    0.000000
 747   2    2.000000    0.000000    0.000000
 747   3    2.000000    0.000000    0.000000
 747   4    2.000000    0.000000    0.000000
 747   5    2.000000    0.000000    0.000000
 748   1    2.000000    0.000000    0.000000
 748   2    2.000000    0.000000    0.000000
 748   3    2.000000    0.000000    0.000000
 748   4    2.000000    0.000000    0.000000
 748   5    2.000000    0.000000    0.000000
 749   1    2.000000    0.000000    0.000000
 749   2    2.000000    0.000000    0.000000
 749   3    2.000000    0.000000    0.000000
 749   4    2.000000    0.000000    0.000000
 749   5    2.000000    0.000000    0.000000
 750   1    2.000000    0.000000    0.000000
 750   2    2.000000    0.000000    0.000000
 750   3    2.000000    0.000000    0.000000
 750   4    2.000000    0.000000    0.000000
 750   5    2.000000    0.000000    0.000000
 751   1    2.000000    0.000000    0.000000
 751   2    2.000000    0.000000    0.000000
 751   3    2.000000    0.000000    0.000000
 751   4    2.000000    0.000000    0.000000
 751   5    2.000000    0.000000    0.000000
 752   1    2.000000    0.000000    0.000000
 752   2    2.000000    0.000000    0.000000
 752   3    2.000000    0.000000    0.000000
 752   4    2.000000    0.000000    0.000000
 752   5    2.000000    0.000000    0.000000
 753   1    2.000000    0.000000    0.000000
 753   2    2.000000    0.000000    0.000000
 753   3    2.000000    0.000000    0.000000
 753   4    2.000000    0.000000    0.000000
 753   5    2.000000    0.000000    0.000000
 754   1    2.000000    0.000000    0.000000
 754   2    2.000000    0.000000    0.000000
 754   3    2.000000    0.000000    0.000000
 754   4    2.000000    0.000000    0.000000
 754   5    2.000000    0.000000    0.000000
 755   1    2.000000    0.000000    0.000000
 755   2    2.000000    0.000000    0.000000
 755   3    2.000000    0.000000    0.000000
 755   4    2.000000    0.000000    0.000000
 755   5    2.000000    0.000000    0.000000
 756   1    2.000000    0.000000    0.000000
 756   2    2.000000    0.000000    0.000000
 756   3    2.000000    0.000000    0.000000
 756   4    2.000000    0.000000    0.000000
 756   5    2.000000    0.000000    0.000000
 757   1    2.000000    0.000000    0.000000
 757   2    2.000000    0.000000    0.000000
 757   3    2.000000    0.000000    0.000000
 757   4    2.000000    0.000000    0.000000
 757   5    2.000000    0.000000    0.000000
 758   1    2.000000    0.000000    0.000000
 758   2    2.000000    0.000000    0.000000
 758   3    2.000000    0.000000    0.000000
 758   4    2.000000    0.000000    0.000000
 758   5    2.000000    0.000000    0.000000
 759   1    2.000000    0.000000    0.000000
 759   2    2.000000    0.000000    0.000000
 759   3    2.000000    0.000000    0.000000
 759   4    2.000000    0.000000    0.000000
 759   5    2.000000    0.000000    0.000000
 760   1    2.000000    0.000000    0.000000
 760   2    2.000000    0.000000    0.000000
 760   3    2.000000    0.000000    0.000000
 760   4    2.000000    0.000000    0.000000
 760   5    2.000000    0.000000    0.000000
 761   1    2.000000    0.000000    0.000000
 761   2    2.000000    0.000000    0.000000
 761   3    2.000000    0.000000    0.000000
 761   4    2.000000    0.000000    0.000000
 761   5    2.000000    0.000000    0.000000
 762   1    2.000000    0.000000    0.000000
 762   2    2.000000    0.000000    0.000000
 762   3    2.000000    0.000000    0.000000
 762   4    2.000000    0.000000    0.000000
 762   5    2.000000    0.000000    0.000000
 763   1    2.000000    0.000000    0.000000
 763   2    2.000000    0.000000    0.000000
 763   3    2.000000    0.000000    0.000000
 763   4    2.000000    0.000000    0.000000
 763   5    2.000000    0.000000    0.000000
 764   1    2.000000    0.000000    0.000000
 764   2    2.000000    0.000000    0.000000
 764   3    2.000000    0.000000    0.000000
 764   4    2.000000    0.000000    0.000000
 764   5    2.000000    0.000000    0.000000
 765   1    2.000000    0.000000    0.000000
 765   2    2.000000    0.000000    0.000000
 765   3    2.000000    0.000000    0.000000
 765   4    2.000000    0.000000    0.000000
 765   5    2.000000    0.000000    0.000000
 766   1    2.000000    0.000000    0.000000
 766   2    2.000000    0.000000    0.000000
 766   3    2.000000    0.000000    0.000000
 766   4    2.000000    0.000000    0.000000
 766   5    2.000000    0.000000    0.000000
 767   1    2.000000    0.000000    0.000000
 767   2    2.000000    0.000000    0.000000
 767   3    2.000000    0.000000    0.000000
 767   4    2.000000    0.000000    0.000000
 767   5    2.000000    0.000000    0.000000
 768   1    2.000000    0.000000    0.000000
 768   2    2.000000    0.000000    0.000000
 768   3    2.000000    0.000000    0.000000
 768   4    2.000000    0.000000    0.000000
 768   5    2.000000    0.000000    0.000000
 769   1    2.000000    0.000000    0.000000
 769   2    2.000000    0.000000    0.000000
 769   3    2.000000    0.000000    0.000000
 769   4    2.000000    0.000000    0.000000
 769   5    2.000000    0.000000    0.000000
 770   1    2.000000    0.000000    0.000000
 770   2    2.000000    0.000000    0.000000
 770   3    2.000000    0.000000    0.000000
 770   4    2.000000    0.000000    0.000000
 770   5    2.000000    0.000000    0.000000
 771   1    2.000000    0.000000    0.000000
 771   2    2.000000    0.000000    0.000000
 771   3    2.000000    0.000000    0.000000
 771   4    2.000000    0.000000    0.000000
 771   5    2.000000    0.000000    0.000000
 772   1    2.000000    0.000000    0.000000
 772   2    2.000000    0.000000    0.000000
 772   3    2.000000    0.000000    0.000000
 772   4    2.000000    0.000000    0.000000
 772   5    2.000000    0.000000    0.000000
 773   1    2.000000    0.000000    0.000000
 773   2    2.000000    0.000000    0.000000
 773   3    2.000000    0.000000    0.000000
 773   4    2.000000    0.000000    0.000000
 773   5    2.000000    0.000000    0.000000
 774   1    2.000000    0.000000    0.000000
 774   2    2.000000    0.000000    0.000000
 774   3    2.000000    0.000000    0.000000
 774   4    2.000000    0.000000    0.000000
 774   5    2.000000    0.000000    0.000000
 775   1    2.000000    0.000000    0.000000
 775   2    2.000000    0.000000    0.000000
 775   3    2.000000    0.000000    0.000000
 775   4    2.000000    0.000000    0.000000
 775   5    2.000000    0.000000    0.000000
 776   1    2.000000    0.000000    0.000000
 776   2    2.000000    0.000000    0.000000
 776   3    2.000000    0.000000    0.000000
 776   4    2.000000    0.000000    0.000000
 776   5    2.000000    0.000000    0.000000
 777   1    2.000000    0.000000    0.000000
 777   2    2.000000    0.000000    0.000000
 777   3    2.000000    0.000000    0.000000
 777   4    2.000000    0.000000    0.000000
 777   5    2.000000    0.000000    0.000000
 778   1    2.000000    0.000000    0.000000
 778   2    2.000000    0.000000    0.000000
 778   3    2.000000    0.000000    0.000000
 778   4    2.000000    0.000000    0.000000
 778   5    2.000000    0.000000    0.000000
 779   1    2.000000    0.000000    0.000000
 779   2    2.000000    0.000000    0.000000
 779   3    2.000000    0.000000    0.000000
 779   4    2.000000    0.000000    0.000000
 779   5    2.000000    0.000000    0.000000
 780   1    2.000000    0.000000    0.000000
 780   2    2.000000    0.000000    0.000000
 780   3    2.000000    0.000000    0.000000
 780   4    2.000000    0.000000    0.000000
 780   5    2.000000    0.000000    0.000000
 781   1    2.000000    0.000000    0.000000
 781   2    2.000000    0.000000    0.000000
 781   3    2.000000    0.000000    0.000000
 781   4    2.000000    0.000000    0.000000
 781   5    2.000000    0.000000    0.000000
 782   1    2.000000    0.000000    0.000000
 782   2    2.000000    0.000000    0.000000
 782   3    2.000000    0.000000    0.000000
 782   4    2.000000    0.000000    0.000000
 782   5    2.000000    0.000000    0.000000
 783   1    2.000000    0.000000    0.000000
 783   2    2.000000    0.000000    0.000000
 783   3    2.000000    0.000000    0.000000
 783   4    2.000000    0.000000    0.000000
 783   5    2.000000    0.000000    0.000000
 784   1    2.000000    0.000000    0.000000
 784   2    2.000000    0.000000    0.000000
 784   3    2.000000    0.000000    0.000000
 784   4    2.000000    0.000000    0.000000
 784   5    2.000000    0.000000    0.000000
 785   1    2.000000    0.000000    0.000000
 785   2    2.000000    0.000000    0.000000
 785   3    2.000000    0.000000    0.000000
 785   4    2.000000    0.000000    0.000000
 785   5    2.000000    0.000000    0.000000
 786   1    2.000000    0.000000    0.000000
 786   2    2.000000    0.000000    0.000000
 786   3    2.000000    0.000000    0.000000
 786   4    2.000000    0.000000    0.000000
 786   5    2.000000    0.000000    0.000000
 787   1    2.000000    0.000000    0.000000
 787   2    2.000000    0.000000    0.000000
 787   3    2.000000    0.000000    0.000000
 787   4    2.000000    0.000000    0.000000
 787   5    2.000000    0.000000    0.000000
 788   1    2.000000    0.000000    0.000000
 788   2    2.000000    0.000000    0.000000
 788   3    2.000000    0.000000    0.000000
 788   4    2.000000    0.000000    0.000000
 788   5    2.000000    0.000000    0.000000
 789   1    2.000000    0.000000    0.000000
 789   2    2.000000    0.000000    0.000000
 789   3    2.000000    0.000000    0.000000
 789   4    2.000000    0.000000    0.000000
 789   5    2.000000    0.000000    0.000000
 790   1    2.000000    0.000000    0.000000
 790   2    2.000000    0.000000    0.000000
 790   3    2.000000    0.000000    0.000000
 790   4    2.000000    0.000000    0.000000
 790   5    2.000000    0.000000    0.000000
 791   1    2.000000    0.000000    0.000000
 791   2    2.000000    0.000000    0.000000
 791   3    2.000000    0.000000    0.000000
 791   4    2.000000    0.000000    0.000000
 791   5    2.000000    0.000000    0.000000
 792   1    2.000000    0.000000    0.000000
 792   2    2.000000    0.000000    0.000000
 792   3    2.000000    0.000000    0.000000
 792   4    2.000000    0.000000    0.000000
 792   5    2.000000    0.000000    0.000000
 793   1    2.000000    0.000000    0.000000
 793   2    2.000000    0.000000    0.000000
 793   3    2.000000    0.000000    0.000000
 793   4    2.000000    0.000000    0.000000
 793   5    2.000000    0.000000    0.000000
 794   1    2.000000    0.000000    0.000000
 794   2    2.000000    0.000000    0.000000
 794   3    2.000000    0.000000    0.000000
 794   4    2.000000    0.000000    0.000000
 794   5    2.000000    0.000000    0.000000
 795   1    2.000000    0.000000    0.000000
 795   2    2.000000    0.000000    0.000000
 795   3    2.000000    0.000000    0.000000
 795   4    2.000000    0.000000    0.000000
 795   5    2.000000    0.000000    0.000000
 796   1    2.000000    0.000000    0.000000
 796   2    2.000000    0.000000    0.000000
 796   3    2.000000    0.000000    0.000000
 796   4    2.000000    0.000000    0.000000
 796   5    2.000000    0.000000    0.000000
 797   1    2.000000    0.000000    0.000000
 797   2    2.000000    0.000000    0.000000
 797   3    2.000000    0.000000    0.000000
 797   4    2.000000    0.000000    0.000000
 797   5    2.000000    0.000000    0.000000
 798   1    2.000000    0.000000    0.000000
 798   2    2.000000    0.000000    0.000000
 798   3    2.000000    0.000000    0.000000
 798   4    2.000000    0.000000    0.000000
 798   5    2.000000    0.000000    0.000000
 799   1    2.000000    0.000000    0.000000
 799   2    2.000000    0.000000    0.000000
 799   3    2.000000    0.000000    0.000000
 799   4    2.000000    0.000000    0.000000
 799   5    2.000000    0.000000    0.000000
 800   1    2.000000    0.000000    0.000000
 800   2    2.000000    0.000000    0.000000
 800   3    2.000000    0.000000    0.000000
 800   4    2.000000    0.000000    0.000000
 800   5    2.000000    0.000000    0.000000
 801   1    2.000000    0.000000    0.000000
 801   2    2.000000    0.000000    0.000000
 801   3    2.000000    0.000000    0.000000
 801   4    2.000000    0.000000    0.000000
 801   5    2.000000    0.000000    0.000000
 802   1    2.000000    0.000000    0.000000
 802   2    2.000000    0.000000    0.000000
 802   3    2.000000    0.000000    0.000000
 802   4    2.000000    0.000000    0.000000
 802   5    2.000000    0.000000    0.000000
 803   1    2.000000    0.000000    0.000000
 803   2    2.000000    0.000000    0.000000
 803   3    2.000000    0.000000    0.000000
 803   4    2.000000    0.000000    0.000000
 803   5    2.000000    0.000000    0.000000
 804   1    2.000000    0.000000    0.000000
 804   2    2.000000    0.000000    0.000000
 804   3    2.000000    0.000000    0.000000
 804   4    2.000000    0.000000    0.000000
 804   5    2.000000    0.000000    0.000000
 805   1    2.000000    0.000000    0.000000
 805   2    2.000000    0.000000    0.000000
 805   3    2.000000    0.000000    0.000000
 805   4    2.000000    0.000000    0.000000
 805   5    2.000000    0.000000    0.000000
 806   1    2.000000    0.000000    0.000000
 806   2    2.000000    0.000000    0.000000
 806   3    2.000000    0.000000    0.000000
 806   4    2.000000    0.000000    0.000000
 806   5    2.000000    0.000000    0.000000
 807   1    2.000000    0.000000    0.000000
 807   2    2.000000    0.000000    0.000000
 807   3    2.000000    0.000000    0.000000
 807   4    2.000000    0.000000    0.000000
 807   5    2.000000    0.000000    0.000000
 808   1    2.000000    0.000000    0.000000
 808   2    2.000000    0.000000    0.000000
 808   3    2.000000    0.000000    0.000000
 808   4    2.000000    0.000000    0.000000
 808   5    2.000000    0.000000    0.000000
 809   1    2.000000    0.000000    0.000000
 809   2    2.000000    0.000000    0.000000
 809   3    2.000000    0.000000    0.000000
 809   4    2.000000    0.000000    0.000000
 809   5    2.000000    0.000000    0.000000
 810   1    2.000000    0.000000    0.000000
 810   2    2.000000    0.000000    0.000000
 810   3    2.000000    0.000000    0.000000
 810   4    2.000000    0.000000    0.000000
 810   5    2.000000    0.000000    0.000000
 811   1    2.000000    0.000000    0.000000
 811   2    2.000000    0.000000    0.000000
 811   3    2.000000    0.000000    0.000000
 811   4    2.000000    0.000000    0.000000
 811   5    2.000000    0.000000    0.000000
 812   1    2.000000    0.000000    0.000000
 812   2    2.000000    0.000000    0.000000
 812   3    2.000000    0.000000    0.000000
 812   4    2.000000    0.000000    0.000000
 812   5    2.000000    0.000000    0.000000
 813   1    2.000000    0.000000    0.000000
 813   2    2.000000    0.000000    0.000000
 813   3    2.000000    0.000000    0.000000
 813   4    2.000000    0.000000    0.000000
 813   5    2.000000    0.000000    0.000000
 814   1    2.000000    0.000000    0.000000
 814   2    2.000000    0.000000    0.000000
 814   3    2.000000    0.000000    0.000000
 814   4    2.000000    0.000000    0.000000
 814   5    2.000000    0.000000    0.000000
 815   1    2.000000    0.000000    0.000000
 815   2    2.000000    0.000000    0.000000
 815   3    2.000000    0.000000    0.000000
 815   4    2.000000    0.000000    0.000000
 815   5    2.000000    0.000000    0.000000
 816   1    2.000000    0.000000    0.000000
 816   2    2.000000    0.000000    0.000000
 816   3    2.000000    0.000000    0.000000
 816   4    2.000000    0.000000    0.000000
 816   5    2.000000    0.000000    0.000000
 817   1    2.000000    0.000000    0.000000
 817   2    2.000000    0.000000    0.000000
 817   3    2.000000    0.000000    0.000000
 817   4    2.000000    0.000000    0.000000
 817   5    2.000000    0.000000    0.000000
 818   1    2.000000    0.000000    0.000000
 818   2    2.000000    0.000000    0.000000
 818   3    2.000000    0.000000    0.000000
 818   4    2.000000    0.000000    0.000000
 818   5    2.000000    0.000000    0.000000
 819   1    2.000000    0.000000    0.000000
 819   2    2.000000    0.000000    0.000000
 819   3    2.000000    0.000000    0.000000
 819   4    2.000000    0.000000    0.000000
 819   5    2.000000    0.000000    0.000000
 820   1    2.000000    0.000000    0.000000
 820   2    2.000000    0.000000    0.000000
 820   3    2.000000    0.000000    0.000000
 820   4    2.000000    0.000000    0.000000
 820   5    2.000000    0.000000    0.000000
 821   1    2.000000    0.000000    0.000000
 821   2    2.000000    0.000000    0.000000
 821   3    2.000000    0.000000    0.000000
 821   4    2.000000    0.000000    0.000000
 821   5    2.000000    0.000000    0.000000
 822   1    2.000000    0.000000    0.000000
 822   2    2.000000    0.000000    0.000000
 822   3    2.000000    0.000000    0.000000
 822   4    2.000000    0.000000    0.000000
 822   5    2.000000    0.000000    0.000000
 823   1    2.000000    0.000000    0.000000
 823   2    2.000000    0.000000    0.000000
 823   3    2.000000    0.000000    0.000000
 823   4    2.000000    0.000000    0.000000
 823   5    2.000000    0.000000    0.000000
 824   1    2.000000    0.000000    0.000000
 824   2    2.000000    0.000000    0.000000
 824   3    2.000000    0.000000    0.000000
 824   4    2.000000    0.000000    0.000000
 824   5    2.000000    0.000000    0.000000
 825   1    2.000000    0.000000    0.000000
 825   2    2.000000    0.000000    0.000000
 825   3    2.000000    0.000000    0.000000
 825   4    2.000000    0.000000    0.000000
 825   5    2.000000    0.000000    0.000000
 826   1    2.000000    0.000000    0.000000
 826   2    2.000000    0.000000    0.000000
 826   3    2.000000    0.000000    0.000000
 826   4    2.000000    0.000000    0.000000
 826   5    2.000000    0.000000    0.000000
 827   1    2.000000    0.000000    0.000000
 827   2    2.000000    0.000000    0.000000
 827   3    2.000000    0.000000    0.000000
 827   4    2.000000    0.000000    0.000000
 827   5    2.000000    0.000000    0.000000
 828   1    2.000000    0.000000    0.000000
 828   2    2.000000    0.000000    0.000000
 828   3    2.000000    0.000000    0.000000
 828   4    2.000000    0.000000    0.000000
 828   5    2.000000    0.000000    0.000000
 829   1    2.000000    0.000000    0.000000
 829   2    2.000000    0.000000    0.000000
 829   3    2.000000    0.000000    0.000000
 829   4    2.000000    0.000000    0.000000
 829   5    2.000000    0.000000    0.000000
 830   1    2.000000    0.000000    0.000000
 830   2    2.000000    0.000000    0.000000
 830   3    2.000000    0.000000    0.000000
 830   4    2.000000    0.000000    0.000000
 830   5    2.000000    0.000000    0.000000
 831   1    2.000000    0.000000    0.000000
 831   2    2.000000    0.000000    0.000000
 831   3    2.000000    0.000000    0.000000
 831   4    2.000000    0.000000    0.000000
 831   5    2.000000    0.000000    0.000000
 832   1    2.000000    0.000000    0.000000
 832   2    2.000000    0.000000    0.000000
 832   3    2.000000    0.000000    0.000000
 832   4    2.000000    0.000000    0.000000
 832   5    2.000000    0.000000    0.000000
 833   1    2.000000    0.000000    0.000000
 833   2    2.000000    0.000000    0.000000
 833   3    2.000000    0.000000    0.000000
 833   4    2.000000    0.000000    0.000000
 833   5    2.000000    0.000000    0.000000
 834   1    2.000000    0.000000    0.000000
 834   2    2.000000    0.000000    0.000000
 834   3    2.000000    0.000000    0.000000
 834   4    2.000000    0.000000    0.000000
 834   5    2.000000    0.000000    0.000000
 835   1    2.000000    0.000000    0.000000
 835   2    2.000000    0.000000    0.000000
 835   3    2.000000    0.000000    0.000000
 835   4    2.000000    0.000000    0.000000
 835   5    2.000000    0.000000    0.000000
 836   1    2.000000    0.000000    0.000000
 836   2    2.000000    0.000000    0.000000
 836   3    2.000000    0.000000    0.000000
 836   4    2.000000    0.000000    0.000000
 836   5    2.000000    0.000000    0.000000
 837   1    2.000000    0.000000    0.000000
 837   2    2.000000    0.000000    0.000000
 837   3    2.000000    0.000000    0.000000
 837   4    2.000000    0.000000    0.000000
 837   5    2.000000    0.000000    0.000000
 838   1    2.000000    0.000000    0.000000
 838   2    2.000000    0.000000    0.000000
 838   3    2.000000    0.000000    0.000000
 838   4    2.000000    0.000000    0.000000
 838   5    2.000000    0.000000    0.000000
 839   1    2.000000    0.000000    0.000000
 839   2    2.000000    0.000000    0.000000
 839   3    2.000000    0.000000    0.000000
 839   4    2.000000    0.000000    0.000000
 839   5    2.000000    0.000000    0.000000
 840   1    2.000000    0.000000    0.000000
 840   2    2.000000    0.000000    0.000000
 840   3    2.000000    0.000000    0.000000
 840   4    2.000000    0.000000    0.000000
 840   5    2.000000    0.000000    0.000000
 841   1    2.000000    0.000000    0.000000
 841   2    2.000000    0.000000    0.000000
 841   3    2.000000    0.000000    0.000000
 841   4    2.000000    0.000000    0.000000
 841   5    2.000000    0.000000    0.000000
 842   1    2.000000    0.000000    0.000000
 842   2    2.000000    0.000000    0.000000
 842   3    2.000000    0.000000    0.000000
 842   4    2.000000    0.000000    0.000000
 842   5    2.000000    0.000000    0.000000
 843   1    2.000000    0.000000    0.000000
 843   2    2.000000    0.000000    0.000000
 843   3    2.000000    0.000000    0.000000
 843   4    2.000000    0.000000    0.000000
 843   5    2.000000    0.000000    0.000000
 844   1    2.000000    0.000000    0.000000
 844   2    2.000000    0.000000    0.000000
 844   3    2.000000    0.000000    0.000000
 844   4    2.000000    0.000000    0.000000
 844   5    2.000000    0.000000    0.000000
 845   1    2.000000    0.000000    0.000000
 845   2    2.000000    0.000000    0.000000
 845   3    2.000000    0.000000    0.000000
 845   4    2.000000    0.000000    0.000000
 845   5    2.000000    0.000000    0.000000
 846   1    2.000000    0.000000    0.000000
 846   2    2.000000    0.000000    0.000000
 846   3    2.000000    0.000000    0.000000
 846   4    2.000000    0.000000    0.000000
 846   5    2.000000    0.000000    0.000000
 847   1    2.000000    0.000000    0.000000
 847   2    2.000000    0.000000    0.000000
 847   3    2.000000    0.000000    0.000000
 847   4    2.000000    0.000000    0.000000
 847   5    2.000000    0.000000    0.000000
 848   1    2.000000    0.000000    0.000000
 848   2    2.000000    0.000000    0.000000
 848   3    2.000000    0.000000    0.000000
 848   4    2.000000    0.000000    0.000000
 848   5    2.000000    0.000000    0.000000
 849   1    2.000000    0.000000    0.000000
 849   2    2.000000    0.000000    0.000000
 849   3    2.000000    0.000000    0.000000
 849   4    2.000000    0.000000    0.000000
 849   5    2.000000    0.000000    0.000000
 850   1    2.000000    0.000000    0.000000
 850   2    2.000000    0.000000    0.000000
 850   3    2.000000    0.000000    0.000000
 850   4    2.000000    0.000000    0.000000
 850   5    2.000000    0.000000    0.000000
 851   1    2.000000    0.000000    0.000000
 851   2    2.000000    0.000000    0.000000
 851   3    2.000000    0.000000    0.000000
 851   4    2.000000    0.000000    0.000000
 851   5    2.000000    0.000000    0.000000
 852   1    2.000000    0.000000    0.000000
 852   2    2.000000    0.000000    0.000000
 852   3    2.000000    0.000000    0.000000
 852   4    2.000000    0.000000    0.000000
 852   5    2.000000    0.000000    0.000000
 853   1    2.000000    0.000000    0.000000
 853   2    2.000000    0.000000    0.000000
 853   3    2.000000    0.000000    0.000000
 853   4    2.000000    0.000000    0.000000
 853   5    2.000000    0.000000    0.000000
 854   1    2.000000    0.000000    0.000000
 854   2    2.000000    0.000000    0.000000
 854   3    2.000000    0.000000    0.000000
 854   4    2.000000    0.000000    0.000000
 854   5    2.000000    0.000000    0.000000
 855   1    2.000000    0.000000    0.000000
 855   2    2.000000    0.000000    0.000000
 855   3    2.000000    0.000000    0.000000
 855   4    2.000000    0.000000    0.000000
 855   5    2.000000    0.000000    0.000000
 856   1    2.000000    0.000000    0.000000
 856   2    2.000000    0.000000    0.000000
 856   3    2.000000    0.000000    0.000000
 856   4    2.000000    0.000000    0.000000
 856   5    2.000000    0.000000    0.000000
 857   1    2.000000    0.000000    0.000000
 857   2    2.000000    0.000000    0.000000
 857   3    2.000000    0.000000    0.000000
 857   4    2.000000    0.000000    0.000000
 857   5    2.000000    0.000000    0.000000
 858   1    2.000000    0.000000    0.000000
 858   2    2.000000    0.000000    0.000000
 858   3    2.000000    0.000000    0.000000
 858   4    2.000000    0.000000    0.000000
 858   5    2.000000    0.000000    0.000000
 859   1    2.000000    0.000000    0.000000
 859   2    2.000000    0.000000    0.000000
 859   3    2.000000    0.000000    0.000000
 859   4    2.000000    0.000000    0.000000
 859   5    2.000000    0.000000    0.000000
 860   1    2.000000    0.000000    0.000000
 860   2    2.000000    0.000000    0.000000
 860   3    2.000000    0.000000    0.000000
 860   4    2.000000    0.000000    0.000000
 860   5    2.000000    0.000000    0.000000
 861   1    2.000000    0.000000    0.000000
 861   2    2.000000    0.000000    0.000000
 861   3    2.000000    0.000000    0.000000
 861   4    2.000000    0.000000    0.000000
 861   5    2.000000    0.000000    0.000000
 862   1    2.000000    0.000000    0.000000
 862   2    2.000000    0.000000    0.000000
 862   3    2.000000    0.000000    0.000000
 862   4    2.000000    0.000000    0.000000
 862   5    2.000000    0.000000    0.000000
 863   1    2.000000    0.000000    0.000000
 863   2    2.000000    0.000000    0.000000
 863   3    2.000000    0.000000    0.000000
 863   4    2.000000    0.000000    0.000000
 863   5    2.000000    0.000000    0.000000
 864   1    2.000000    0.000000    0.000000
 864   2    2.000000    0.000000    0.000000
 864   3    2.000000    0.000000    0.000000
 864   4    2.000000    0.000000    0.000000
 864   5    2.000000    0.000000    0.000000
 865   1    2.000000    0.000000    0.000000
 865   2    2.000000    0.000000    0.000000
 865   3    2.000000    0.000000    0.000000
 865   4    2.000000    0.000000    0.000000
 865   5    2.000000    0.000000    0.000000
 866   1    2.000000    0.000000    0.000000
 866   2    2.000000    0.000000    0.000000
 866   3    2.000000    0.000000    0.000000
 866   4    2.000000    0.000000    0.000000
 866   5    2.000000    0.000000    0.000000
 867   1    2.000000    0.000000    0.000000
 867   2    2.000000    0.000000    0.000000
 867   3    2.000000    0.000000    0.000000
 867   4    2.000000    0.000000    0.000000
 867   5    2.000000    0.000000    0.000000
 868   1    2.000000    0.000000    0.000000
 868   2    2.000000    0.000000    0.000000
 868   3    2.000000    0.000000    0.000000
 868   4    2.000000    0.000000    0.000000
 868   5    2.000000    0.000000    0.000000
 869   1    2.000000    0.000000    0.000000
 869   2    2.000000    0.000000    0.000000
 869   3    2.000000    0.000000    0.000000
 869   4    2.000000    0.000000    0.000000
 869   5    2.000000    0.000000    0.000000
 870   1    2.000000    0.000000    0.000000
 870   2    2.000000    0.000000    0.000000
 870   3    2.000000    0.000000    0.000000
 870   4    2.000000    0.000000    0.000000
 870   5    2.000000    0.000000    0.000000
 871   1    2.000000    0.000000    0.000000
 871   2    2.000000    0.000000    0.000000
 871   3    2.000000    0.000000    0.000000
 871   4    2.000000    0.000000    0.000000
 871   5    2.000000    0.000000    0.000000
 872   1    2.000000    0.000000    0.000000
 872   2    2.000000    0.000000    0.000000
 872   3    2.000000    0.000000    0.000000
 872   4    2.000000    0.000000    0.000000
 872   5    2.000000    0.000000    0.000000
 873   1    2.000000    0.000000    0.000000
 873   2    2.000000    0.000000    0.000000
 873   3    2.000000    0.000000    0.000000
 873   4    2.000000    0.000000    0.000000
 873   5    2.000000    0.000000    0.000000
 874   1    2.000000    0.000000    0.000000
 874   2    2.000000    0.000000    0.000000
 874   3    2.000000    0.000000    0.000000
 874   4    2.000000    0.000000    0.000000
 874   5    2.000000    0.000000    0.000000
 875   1    2.000000    0.000000    0.000000
 875   2    2.000000    0.000000    0.000000
 875   3    2.000000    0.000000    0.000000
 875   4    2.000000    0.000000    0.000000
 875   5    2.000000    0.000000    0.000000
 876   1    2.000000    0.000000    0.000000
 876   2    2.000000    0.000000    0.000000
 876   3    2.000000    0.000000    0.000000
 876   4    2.000000    0.000000    0.000000
 876   5    2.000000    0.000000    0.000000
 877   1    2.000000    0.000000    0.000000
 877   2    2.000000    0.000000    0.000000
 877   3    2.000000    0.000000    0.000000
 877   4    2.000000    0.000000    0.000000
 877   5    2.000000    0.000000    0.000000
 878   1    2.000000    0.000000    0.000000
 878   2    2.000000    0.000000    0.000000
 878   3    2.000000    0.000000    0.000000
 878   4    2.000000    0.000000    0.000000
 878   5    2.000000    0.000000    0.000000
 879   1    2.000000    0.000000    0.000000
 879   2    2.000000    0.000000    0.000000
 879   3    2.000000    0.000000    0.000000
 879   4    2.000000    0.000000    0.000000
 879   5    2.000000    0.000000    0.000000
 880   1    2.000000    0.000000    0.000000
 880   2    2.000000    0.000000    0.000000
 880   3    2.000000    0.000000    0.000000
 880   4    2.000000    0.000000    0.000000
 880   5    2.000000    0.000000    0.000000
 881   1    2.000000    0.000000    0.000000
 881   2    2.000000    0.000000    0.000000
 881   3    2.000000    0.000000    0.000000
 881   4    2.000000    0.000000    0.000000
 881   5    2.000000    0.000000    0.000000
 882   1    2.000000    0.000000    0.000000
 882   2    2.000000    0.000000    0.000000
 882   3    2.000000    0.000000    0.000000
 882   4    2.000000    0.000000    0.000000
 882   5    2.000000    0.000000    0.000000
 883   1    2.000000    0.000000    0.000000
 883   2    2.000000    0.000000    0.000000
 883   3    2.000000    0.000000    0.000000
 883   4    2.000000    0.000000    0.000000
 883   5    2.000000    0.000000    0.000000
 884   1    2.000000    0.000000    0.000000
 884   2    2.000000    0.000000    0.000000
 884   3    2.000000    0.000000    0.000000
 884   4    2.000000    0.000000    0.000000
 884   5    2.000000    0.000000    0.000000
 885   1    2.000000    0.000000    0.000000
 885   2    2.000000    0.000000    0.000000
 885   3    2.000000    0.000000    0.000000
 885   4    2.000000    0.000000    0.000000
 885   5    2.000000    0.000000    0.000000
 886   1    2.000000    0.000000    0.000000
 886   2    2.000000    0.000000    0.000000
 886   3    2.000000    0.000000    0.000000
 886   4    2.000000    0.000000    0.000000
 886   5    2.000000    0.000000    0.000000
 887   1    2.000000    0.000000    0.000000
 887   2    2.000000    0.000000    0.000000
 887   3    2.000000    0.000000    0.000000
 887   4    2.000000    0.000000    0.000000
 887   5    2.000000    0.000000    0.000000
 888   1    2.000000    0.000000    0.000000
 888   2    2.000000    0.000000    0.000000
 888   3    2.000000    0.000000    0.000000
 888   4    2.000000    0.000000    0.000000
 888   5    2.000000    0.000000    0.000000
 889   1    2.000000    0.000000    0.000000
 889   2    2.000000    0.000000    0.000000
 889   3    2.000000    0.000000    0.000000
 889   4    2.000000    0.000000    0.000000
 889   5    2.000000    0.000000    0.000000
 890   1    2.000000    0.000000    0.000000
 890   2    2.000000    0.000000    0.000000
 890   3    2.000000    0.000000    0.000000
 890   4    2.000000    0.000000    0.000000
 890   5    2.000000    0.000000    0.000000
 891   1    2.000000    0.000000    0.000000
 891   2    2.000000    0.000000    0.000000
 891   3    2.000000    0.000000    0.000000
 891   4    2.000000    0.000000    0.000000
 891   5    2.000000    0.000000    0.000000
 892   1    2.000000    0.000000    0.000000
 892   2    2.000000    0.000000    0.000000
 892   3    2.000000    0.000000    0.000000
 892   4    2.000000    0.000000    0.000000
 892   5    2.000000    0.000000    0.000000
 893   1    2.000000    0.000000    0.000000
 893   2    2.000000    0.000000    0.000000
 893   3    2.000000    0.000000    0.000000
 893   4    2.000000    0.000000    0.000000
 893   5    2.000000    0.000000    0.000000
 894   1    2.000000    0.000000    0.000000
 894   2    2.000000    0.000000    0.000000
 894   3    2.000000    0.000000    0.000000
 894   4    2.000000    0.000000    0.000000
 894   5    2.000000    0.000000    0.000000
 895   1    2.000000    0.000000    0.000000
 895   2    2.000000    0.000000    0.000000
 895   3    2.000000    0.000000    0.000000
 895   4    2.000000    0.000000    0.000000
 895   5    2.000000    0.000000    0.000000
 896   1    2.000000    0.000000    0.000000
 896   2    2.000000    0.000000    0.000000
 896   3    2.000000    0.000000    0.000000
 896   4    2.000000    0.000000    0.000000
 896   5    2.000000    0.000000    0.000000
 897   1    2.000000    0.000000    0.000000
 897   2    2.000000    0.000000    0.000000
 897   3    2.000000    0.000000    0.000000
 897   4    2.000000    0.000000    0.000000
 897   5    2.000000    0.000000    0.000000
 898   1    2.000000    0.000000    0.000000
 898   2    2.000000    0.000000    0.000000
 898   3    2.000000    0.000000    0.000000
 898   4    2.000000    0.000000    0.000000
 898   5    2.000000    0.000000    0.000000
 899   1    2.000000    0.000000    0.000000
 899   2    2.000000    0.000000    0.000000
 899   3    2.000000    0.000000    0.000000
 899   4    2.000000    0.000000    0.000000
 899   5    2.000000    0.000000    0.000000
 900   1    2.000000    0.000000    0.000000
 900   2    2.000000    0.000000    0.000000
 900   3    2.000000    0.000000    0.000000
 900   4    2.000000    0.000000    0.000000
 900   5    2.000000    0.000000    0.000000
 901   1    2.000000    0.000000    0.000000
 901   2    2.000000    0.000000    0.000000
 901   3    2.000000    0.000000    0.000000
 901   4    2.000000    0.000000    0.000000
 901   5    2.000000    0.000000    0.000000
 902   1    2.000000    0.000000    0.000000
 902   2    2.000000    0.000000    0.000000
 902   3    2.000000    0.000000    0.000000
 902   4    2.000000    0.000000    0.000000
 902   5    2.000000    0.000000    0.000000
 903   1    2.000000    0.000000    0.000000
 903   2    2.000000    0.000000    0.000000
 903   3    2.000000    0.000000    0.000000
 903   4    2.000000    0.000000    0.000000
 903   5    2.000000    0.000000    0.000000
 904   1    2.000000    0.000000    0.000000
 904   2    2.000000    0.000000    0.000000
 904   3    2.000000    0.000000    0.000000
 904   4    2.000000    0.000000    0.000000
 904   5    2.000000    0.000000    0.000000
 905   1    2.000000    0.000000    0.000000
 905   2    2.000000    0.000000    0.000000
 905   3    2.000000    0.000000    0.000000
 905   4    2.000000    0.000000    0.000000
 905   5    2.000000    0.000000    0.000000
 906   1    2.000000    0.000000    0.000000
 906   2    2.000000    0.000000    0.000000
 906   3    2.000000    0.000000    0.000000
 906   4    2.000000    0.000000    0.000000
 906   5    2.000000    0.000000    0.000000
 907   1    2.000000    0.000000    0.000000
 907   2    2.000000    0.000000    0.000000
 907   3    2.000000    0.000000    0.000000
 907   4    2.000000    0.000000    0.000000
 907   5    2.000000    0.000000    0.000000
 908   1    2.000000    0.000000    0.000000
 908   2    2.000000    0.000000    0.000000
 908   3    2.000000    0.000000    0.000000
 908   4    2.000000    0.000000    0.000000
 908   5    2.000000    0.000000    0.000000
 909   1    2.000000    0.000000    0.000000
 909   2    2.000000    0.000000    0.000000
 909   3    2.000000    0.000000    0.000000
 909   4    2.000000    0.000000    0.000000
 909   5    2.000000    0.000000    0.000000
 910   1    2.000000    0.000000    0.000000
 910   2    2.000000    0.000000    0.000000
 910   3    2.000000    0.000000    0.000000
 910   4    2.000000    0.000000    0.000000
 910   5    2.000000    0.000000    0.000000
 911   1    2.000000    0.000000    0.000000
 911   2    2.000000    0.000000    0.000000
 911   3    2.000000    0.000000    0.000000
 911   4    2.000000    0.000000    0.000000
 911   5    2.000000    0.000000    0.000000
 912   1    2.000000    0.000000    0.000000
 912   2    2.000000    0.000000    0.000000
 912   3    2.000000    0.000000    0.000000
 912   4    2.000000    0.000000    0.000000
 912   5    2.000000    0.000000    0.000000
 913   1    2.000000    0.000000    0.000000
 913   2    2.000000    0.000000    0.000000
 913   3    2.000000    0.000000    0.000000
 913   4    2.000000    0.000000    0.000000
 913   5    2.000000    0.000000    0.000000
 914   1    2.000000    0.000000    0.000000
 914   2    2.000000    0.000000    0.000000
 914   3    2.000000    0.000000    0.000000
 914   4    2.000000    0.000000    0.000000
 914   5    2.000000    0.000000    0.000000
 915   1    2.000000    0.000000    0.000000
 915   2    2.000000    0.000000    0.000000
 915   3    2.000000    0.000000    0.000000
 915   4    2.000000    0.000000    0.000000
 915   5    2.000000    0.000000    0.000000
 916   1    2.000000    0.000000    0.000000
 916   2    2.000000    0.000000    0.000000
 916   3    2.000000    0.000000    0.000000
 916   4    2.000000    0.000000    0.000000
 916   5    2.000000    0.000000    0.000000
 917   1    2.000000    0.000000    0.000000
 917   2    2.000000    0.000000    0.000000
 917   3    2.000000    0.000000    0.000000
 917   4    2.000000    0.000000    0.000000
 917   5    2.000000    0.000000    0.000000
 918   1    2.000000    0.000000    0.000000
 918   2    2.000000    0.000000    0.000000
 918   3    2.000000    0.000000    0.000000
 918   4    2.000000    0.000000    0.000000
 918   5    2.000000    0.000000    0.000000
 919   1    2.000000    0.000000    0.000000
 919   2    2.000000    0.000000    0.000000
 919   3    2.000000    0.000000    0.000000
 919   4    2.000000    0.000000    0.000000
 919   5    2.000000    0.000000    0.000000
 920   1    2.000000    0.000000    0.000000
 920   2    2.000000    0.000000    0.000000
 920   3    2.000000    0.000000    0.000000
 920   4    2.000000    0.000000    0.000000
 920   5    2.000000    0.000000    0.000000
 921   1    2.000000    0.000000    0.000000
 921   2    2.000000    0.000000    0.000000
 921   3    2.000000    0.000000    0.000000
 921   4    2.000000    0.000000    0.000000
 921   5    2.000000    0.000000    0.000000
 922   1    2.000000    0.000000    0.000000
 922   2    2.000000    0.000000    0.000000
 922   3    2.000000    0.000000    0.000000
 922   4    2.000000    0.000000    0.000000
 922   5    2.000000    0.000000    0.000000
 923   1    2.000000    0.000000    0.000000
 923   2    2.000000    0.000000    0.000000
 923   3    2.000000    0.000000    0.000000
 923   4    2.000000    0.000000    0.000000
 923   5    2.000000    0.000000    0.000000
 924   1    2.000000    0.000000    0.000000
 924   2    2.000000    0.000000    0.000000
 924   3    2.000000    0.000000    0.000000
 924   4    2.000000    0.000000    0.000000
 924   5    2.000000    0.000000    0.000000
 925   1    2.000000    0.000000    0.000000
 925   2    2.000000    0.000000    0.000000
 925   3    2.000000    0.000000    0.000000
 925   4    2.000000    0.000000    0.000000
 925   5    2.000000    0.000000    0.000000
 926   1    2.000000    0.000000    0.000000
 926   2    2.000000    0.000000    0.000000
 926   3    2.000000    0.000000    0.000000
 926   4    2.000000    0.000000    0.000000
 926   5    2.000000    0.000000    0.000000
 927   1    2.000000    0.000000    0.000000
 927   2    2.000000    0.000000    0.000000
 927   3    2.000000    0.000000    0.000000
 927   4    2.000000    0.000000    0.000000
 927   5    2.000000    0.000000    0.000000
 928   1    2.000000    0.000000    0.000000
 928   2    2.000000    0.000000    0.000000
 928   3    2.000000    0.000000    0.000000
 928   4    2.000000    0.000000    0.000000
 928   5    2.000000    0.000000    0.000000
 929   1    2.000000    0.000000    0.000000
 929   2    2.000000    0.000000    0.000000
 929   3    2.000000    0.000000    0.000000
 929   4    2.000000    0.000000    0.000000
 929   5    2.000000    0.000000    0.000000
 930   1    2.000000    0.000000    0.000000
 930   2    2.000000    0.000000    0.000000
 930   3    2.000000    0.000000    0.000000
 930   4    2.000000    0.000000    0.000000
 930   5    2.000000    0.000000    0.000000
 931   1    2.000000    0.000000    0.000000
 931   2    2.000000    0.000000    0.000000
 931   3    2.000000    0.000000    0.000000
 931   4    2.000000    0.000000    0.000000
 931   5    2.000000    0.000000    0.000000
 932   1    2.000000    0.000000    0.000000
 932   2    2.000000    0.000000    0.000000
 932   3    2.000000    0.000000    0.000000
 932   4    2.000000    0.000000    0.000000
 932   5    2.000000    0.000000    0.000000
 933   1    2.000000    0.000000    0.000000
 933   2    2.000000    0.000000    0.000000
 933   3    2.000000    0.000000    0.000000
 933   4    2.000000    0.000000    0.000000
 933   5    2.000000    0.000000    0.000000
 934   1    2.000000    0.000000    0.000000
 934   2    2.000000    0.000000    0.000000
 934   3    2.000000    0.000000    0.000000
 934   4    2.000000    0.000000    0.000000
 934   5    2.000000    0.000000    0.000000
 935   1    2.000000    0.000000    0.000000
 935   2    2.000000    0.000000    0.000000
 935   3    2.000000    0.000000    0.000000
 935   4    2.000000    0.000000    0.000000
 935   5    2.000000    0.000000    0.000000
 936   1    2.000000    0.000000    0.000000
 936   2    2.000000    0.000000    0.000000
 936   3    2.000000    0.000000    0.000000
 936   4    2.000000    0.000000    0.000000
 936   5    2.000000    0.000000    0.000000
 937   1    2.000000    0.000000    0.000000
 937   2    2.000000    0.000000    0.000000
 937   3    2.000000    0.000000    0.000000
 937   4    2.000000    0.000000    0.000000
 937   5    2.000000    0.000000    0.000000
 938   1    2.000000    0.000000    0.000000
 938   2    2.000000    0.000000    0.000000
 938   3    2.000000    0.000000    0.000000
 938   4    2.000000    0.000000    0.000000
 938   5    2.000000    0.000000    0.000000
 939   1    2.000000    0.000000    0.000000
 939   2    2.000000    0.000000    0.000000
 939   3    2.000000    0.000000    0.000000
 939   4    2.000000    0.000000    0.000000
 939   5    2.000000    0.000000    0.000000
 940   1    2.000000    0.000000    0.000000
 940   2    2.000000    0.000000    0.000000
 940   3    2.000000    0.000000    0.000000
 940   4    2.000000    0.000000    0.000000
 940   5    2.000000    0.000000    0.000000
 941   1    2.000000    0.000000    0.000000
 941   2    2.000000    0.000000    0.000000
 941   3    2.000000    0.000000    0.000000
 941   4    2.000000    0.000000    0.000000
 941   5    2.000000    0.000000    0.000000
 942   1    2.000000    0.000000    0.000000
 942   2    2.000000    0.000000    0.000000
 942   3    2.000000    0.000000    0.000000
 942   4    2.000000    0.000000    0.000000
 942   5    2.000000    0.000000    0.000000
 943   1    2.000000    0.000000    0.000000
 943   2    2.000000    0.000000    0.000000
 943   3    2.000000    0.000000    0.000000
 943   4    2.000000    0.000000    0.000000
 943   5    2.000000    0.000000    0.000000
 944   1    2.000000    0.000000    0.000000
 944   2    2.000000    0.000000    0.000000
 944   3    2.000000    0.000000    0.000000
 944   4    2.000000    0.000000    0.000000
 944   5    2.000000    0.000000    0.000000
 945   1    2.000000    0.000000    0.000000
 945   2    2.000000    0.000000    0.000000
 945   3    2.000000    0.000000    0.000000
 945   4    2.000000    0.000000    0.000000
 945   5    2.000000    0.000000    0.000000
 946   1    2.000000    0.000000    0.000000
 946   2    2.000000    0.000000    0.000000
 946   3    2.000000    0.000000    0.000000
 946   4    2.000000    0.000000    0.000000
 946   5    2.000000    0.000000    0.000000
 947   1    2.000000    0.000000    0.000000
 947   2    2.000000    0.000000    0.000000
 947   3    2.000000    0.000000    0.000000
 947   4    2.000000    0.000000    0.000000
 947   5    2.000000    0.000000    0.000000
 948   1    2.000000    0.000000    0.000000
 948   2    2.000000    0.000000    0.000000
 948   3    2.000000    0.000000    0.000000
 948   4    2.000000    0.000000    0.000000
 948   5    2.000000    0.000000    0.000000
 949   1    2.000000    0.000000    0.000000
 949   2    2.000000    0.000000    0.000000
 949   3    2.000000    0.000000    0.000000
 949   4    2.000000    0.000000    0.000000
 949   5    2.000000    0.000000    0.000000
 950   1    2.000000    0.000000    0.000000
 950   2    2.000000    0.000000    0.000000
 950   3    2.000000    0.000000    0.000000
 950   4    2.000000    0.000000    0.000000
 950   5    2.000000    0.000000    0.000000
 951   1    2.000000    0.000000    0.000000
 951   2    2.000000    0.000000    0.000000
 951   3    2.000000    0.000000    0.000000
 951   4    2.000000    0.000000    0.000000
 951   5    2.000000    0.000000    0.000000
 952   1    2.000000    0.000000    0.000000
 952   2    2.000000    0.000000    0.000000
 952   3    2.000000    0.000000    0.000000
 952   4    2.000000    0.000000    0.000000
 952   5    2.000000    0.000000    0.000000
 953   1    2.000000    0.000000    0.000000
 953   2    2.000000    0.000000    0.000000
 953   3    2.000000    0.000000    0.000000
 953   4    2.000000    0.000000    0.000000
 953   5    2.000000    0.000000    0.000000
 954   1    2.000000    0.000000    0.000000
 954   2    2.000000    0.000000    0.000000
 954   3    2.000000    0.000000    0.000000
 954   4    2.000000    0.000000    0.000000
 954   5    2.000000    0.000000    0.000000
 955   1    2.000000    0.000000    0.000000
 955   2    2.000000    0.000000    0.000000
 955   3    2.000000    0.000000    0.000000
 955   4    2.000000    0.000000    0.000000
 955   5    2.000000    0.000000    0.000000
 956   1    2.000000    0.000000    0.000000
 956   2    2.000000    0.000000    0.000000
 956   3    2.000000    0.000000    0.000000
 956   4    2.000000    0.000000    0.000000
 956   5    2.000000    0.000000    0.000000
 957   1    2.000000    0.000000    0.000000
 957   2    2.000000    0.000000    0.000000
 957   3    2.000000    0.000000    0.000000
 957   4    2.000000    0.000000    0.000000
 957   5    2.000000    0.000000    0.000000
 958   1    2.000000    0.000000    0.000000
 958   2    2.000000    0.000000    0.000000
 958   3    2.000000    0.000000    0.000000
 958   4    2.000000    0.000000    0.000000
 958   5    2.000000    0.000000    0.000000
 959   1    2.000000    0.000000    0.000000
 959   2    2.000000    0.000000    0.000000
 959   3    2.000000    0.000000    0.000000
 959   4    2.000000    0.000000    0.000000
 959   5    2.000000    0.000000    0.000000
 960   1    2.000000    0.000000    0.000000
 960   2    2.000000    0.000000    0.000000
 960   3    2.000000    0.000000    0.000000
 960   4    2.000000    0.000000    0.000000
 960   5    2.000000    0.000000    0.000000
 961   1    2.000000    0.000000    0.000000
 961   2    2.000000    0.000000    0.000000
 961   3    2.000000    0.000000    0.000000
 961   4    2.000000    0.000000    0.000000
 961   5    2.000000    0.000000    0.000000
 962   1    2.000000    0.000000    0.000000
 962   2    2.000000    0.000000    0.000000
 962   3    2.000000    0.000000    0.000000
 962   4    2.000000    0.000000    0.000000
 962   5    2.000000    0.000000    0.000000
 963   1    2.000000    0.000000    0.000000
 963   2    2.000000    0.000000    0.000000
 963   3    2.000000    0.000000    0.000000
 963   4    2.000000    0.000000    0.000000
 963   5    2.000000    0.000000    0.000000
 964   1    2.000000    0.000000    0.000000
 964   2    2.000000    0.000000    0.000000
 964   3    2.000000    0.000000    0.000000
 964   4    2.000000    0.000000    0.000000
 964   5    2.000000    0.000000    0.000000
 965   1    2.000000    0.000000    0.000000
 965   2    2.000000    0.000000    0.000000
 965   3    2.000000    0.000000    0.000000
 965   4    2.000000    0.000000    0.000000
 965   5    2.000000    0.000000    0.000000
 966   1    2.000000    0.000000    0.000000
 966   2    2.000000    0.000000    0.000000
 966   3    2.000000    0.000000    0.000000
 966   4    2.000000    0.000000    0.000000
 966   5    2.000000    0.000000    0.000000
 967   1    2.000000    0.000000    0.000000
 967   2    2.000000    0.000000    0.000000
 967   3    2.000000    0.000000    0.000000
 967   4    2.000000    0.000000    0.000000
 967   5    2.000000    0.000000    0.000000
 968   1    2.000000    0.000000    0.000000
 968   2    2.000000    0.000000    0.000000
 968   3    2.000000    0.000000    0.000000
 968   4    2.000000    0.000000    0.000000
 968   5    2.000000    0.000000    0.000000
 969   1    2.000000    0.000000    0.000000
 969   2    2.000000    0.000000    0.000000
 969   3    2.000000    0.000000    0.000000
 969   4    2.000000    0.000000    0.000000
 969   5    2.000000    0.000000    0.000000
 970   1    2.000000    0.000000    0.000000
 970   2    2.000000    0.000000    0.000000
 970   3    2.000000    0.000000    0.000000
 970   4    2.000000    0.000000    0.000000
 970   5    2.000000    0.000000    0.000000
 971   1    2.000000    0.000000    0.000000
 971   2    2.000000    0.000000    0.000000
 971   3    2.000000    0.000000    0.000000
 971   4    2.000000    0.000000    0.000000
 971   5    2.000000    0.000000    0.000000
 972   1    2.000000    0.000000    0.000000
 972   2    2.000000    0.000000    0.000000
 972   3    2.000000    0.000000    0.000000
 972   4    2.000000    0.000000    0.000000
 972   5    2.000000    0.000000    0.000000
 973   1    2.000000    0.000000    0.000000
 973   2    2.000000    0.000000    0.000000
 973   3    2.000000    0.000000    0.000000
 973   4    2.000000    0.000000    0.000000
 973   5    2.000000    0.000000    0.000000
 974   1    2.000000    0.000000    0.000000
 974   2    2.000000    0.000000    0.000000
 974   3    2.000000    0.000000    0.000000
 974   4    2.000000    0.000000    0.000000
 974   5    2.000000    0.000000    0.000000
 975   1    2.000000    0.000000    0.000000
 975   2    2.000000    0.000000    0.000000
 975   3    2.000000    0.000000    0.000000
 975   4    2.000000    0.000000    0.000000
 975   5    2.000000    0.000000    0.000000
 976   1    2.000000    0.000000    0.000000
 976   2    2.000000    0.000000    0.000000
 976   3    2.000000    0.000000    0.000000
 976   4    2.000000    0.000000    0.000000
 976   5    2.000000    0.000000    0.000000
 977   1    2.000000    0.000000    0.000000
 977   2    2.000000    0.000000    0.000000
 977   3    2.000000    0.000000    0.000000
 977   4    2.000000    0.000000    0.000000
 977   5    2.000000    0.000000    0.000000
 978   1    2.000000    0.000000    0.000000
 978   2    2.000000    0.000000    0.000000
 978   3    2.000000    0.000000    0.000000
 978   4    2.000000    0.000000    0.000000
 978   5    2.000000    0.000000    0.000000
 979   1    2.000000    0.000000    0.000000
 979   2    2.000000    0.000000    0.000000
 979   3    2.000000    0.000000    0.000000
 979   4    2.000000    0.000000    0.000000
 979   5    2.000000    0.000000    0.000000
 980   1    2.000000    0.000000    0.000000
 980   2    2.000000    0.000000    0.000000
 980   3    2.000000    0.000000    0.000000
 980   4    2.000000    0.000000    0.000000
 980   5    2.000000    0.000000    0.000000
 981   1    2.000000    0.000000    0.000000
 981   2    2.000000    0.000000    0.000000
 981   3    2.000000    0.000000    0.000000
 981   4    2.000000    0.000000    0.000000
 981   5    2.000000    0.000000    0.000000
 982   1    2.000000    0.000000    0.000000
 982   2    2.000000    0.000000    0.000000
 982   3    2.000000    0.000000    0.000000
 982   4    2.000000    0.000000    0.000000
 982   5    2.000000    0.000000    0.000000
 983   1    2.000000    0.000000    0.000000
 983   2    2.000000    0.000000    0.000000
 983   3    2.000000    0.000000    0.000000
 983   4    2.000000    0.000000    0.000000
 983   5    2.000000    0.000000    0.000000
 984   1    2.000000    0.000000    0.000000
 984   2    2.000000    0.000000    0.000000
 984   3    2.000000    0.000000    0.000000
 984   4    2.000000    0.000000    0.000000
 984   5    2.000000    0.000000    0.000000
 985   1    2.000000    0.000000    0.000000
 985   2    2.000000    0.000000    0.000000
 985   3    2.000000    0.000000    0.000000
 985   4    2.000000    0.000000    0.000000
 985   5    2.000000    0.000000    0.000000
 986   1    2.000000    0.000000    0.000000
 986   2    2.000000    0.000000    0.000000
 986   3    2.000000    0.000000    0.000000
 986   4    2.000000    0.000000    0.000000
 986   5    2.000000    0.000000    0.000000
 987   1    2.000000    0.000000    0.000000
 987   2    2.000000    0.000000    0.000000
 987   3    2.000000    0.000000    0.000000
 987   4    2.000000    0.000000    0.000000
 987   5    2.000000    0.000000    0.000000
 988   1    2.000000    0.000000    0.000000
 988   2    2.000000    0.000000    0.000000
 988   3    2.000000    0.000000    0.000000
 988   4    2.000000    0.000000    0.000000
 988   5    2.000000    0.000000    0.000000
 989   1    2.000000    0.000000    0.000000
 989   2    2.000000    0.000000    0.000000
 989   3    2.000000    0.000000    0.000000
 989   4    2.000000    0.000000    0.000000
 989   5    2.000000    0.000000    0.000000
 990   1    2.000000    0.000000    0.000000
 990   2    2.000000    0.000000    0.000000
 990   3    2.000000    0.000000    0.000000
 990   4    2.000000    0.000000    0.000000
 990   5    2.000000    0.000000    0.000000
 991   1    2.000000    0.000000    0.000000
 991   2    2.000000    0.000000    0.000000
 991   3    2.000000    0.000000    0.000000
 991   4    2.000000    0.000000    0.000000
 991   5    2.000000    0.000000    0.000000
 992   1    2.000000    0.000000    0.000000
 992   2    2.000000    0.000000    0.000000
 992   3    2.000000    0.000000    0.000000
 992   4    2.000000    0.000000    0.000000
 992   5    2.000000    0.000000    0.000000
 993   1    2.000000    0.000000    0.000000
 993   2    2.000000    0.000000    0.000000
 993   3    2.000000    0.000000    0.000000
 993   4    2.000000    0.000000    0.000000
 993   5    2.000000    0.000000    0.000000
 994   1    2.000000    0.000000    0.000000
 994   2    2.000000    0.000000    0.000000
 994   3    2.000000    0.000000    0.000000
 994   4    2.000000    0.000000    0.000000
 994   5    2.000000    0.000000    0.000000
 995   1    2.000000    0.000000    0.000000
 995   2    2.000000    0.000000    0.000000
 995   3    2.000000    0.000000    0.000000
 995   4    2.000000    0.000000    0.000000
 995   5    2.000000    0.000000    0.000000
 996   1    2.000000    0.000000    0.000000
 996   2    2.000000    0.000000    0.000000
 996   3    2.000000    0.000000    0.000000
 996   4    2.000000    0.000000    0.000000
 996   5    2.000000    0.000000    0.000000
 997   1    2.000000    0.000000    0.000000
 997   2    2.000000    0.000000    0.000000
 997   3    2.000000    0.000000    0.000000
 997   4    2.000000    0.000000    0.000000
 997   5    2.000000    0.000000    0.000000
 998   1    2.000000    0.000000    0.000000
 998   2    2.000000    0.000000    0.000000
 998   3    2.000000    0.000000    0.000000
 998   4    2.000000    0.000000    0.000000
 998   5    2.000000    0.000000    0.000000
 999   1    2.000000    0.000000    0.000000
 999   2    2.000000    0.000000    0.000000
 999   3    2.000000    0.000000    0.000000
 999   4    2.000000    0.000000    0.000000
 999   5    2.000000    0.000000    0.000000
1000   1    2.000000    0.000000    0.000000
1000   2    2.000000    0.000000    0.000000
1000   3    2.000000    0.000000    0.000000
1000   4    2.000000    0.000000    0.000000
1000   5    2.000000    0.000000    0.000000
