x (nodes),y (nodes),x (m),y (m),h + zb (m),zb (m),h (m),u (m/s),v (m/s), q (m^2/s), h analytical (m), u analytical (m/s), h analytical + zb (m) , Fx MMS, Fy MMS
    1,    1, 0.02500000000000, 0.02500000000000, 2.14002060173962, 0.00003082666267, 2.13998977507695, 0.00655456826763, 0.00000000000000, 0.01402670907278, 2.10428964336015, 0.00000000000000, 2.10432047002282,42.08635445948227, 0.00000000000000,
    1,    2, 0.02500000000000, 0.07500000000000, 2.14002060173962, 0.00003082666267, 2.13998977507695, 0.00655456826763, 0.00000000000000, 0.01402670907278, 2.10428964336015, 0.00000000000000, 2.10432047002282,42.08635445948227, 0.00000000000000,
    1,    3, 0.02500000000000, 0.12500000000000, 2.14002060173962, 0.00003082666267, 2.13998977507695, 0.00655456826763, 0.00000000000000, 0.01402670907278, 2.10428964336015, 0.00000000000000, 2.10432047002282,42.08635445948227, 0.00000000000000,
    1,    4, 0.02500000000000, 0.17500000000000, 2.14002060173962, 0.00003082666267, 2.13998977507695, 0.00655456826763, 0.00000000000000, 0.01402670907278, 2.10428964336015, 0.00000000000000, 2.10432047002282,42.08635445948227, 0.00000000000000,
    1,    5, 0.02500000000000, 0.22500000000000, 2.14002060173962, 0.00003082666267, 2.13998977507695, 0.00655456826763, 0.00000000000000, 0.01402670907278, 2.10428964336015, 0.00000000000000, 2.10432047002282,42.08635445948227, 0.00000000000000,
    1,    6, 0.02500000000000, 0.27500000000000, 2.14002060173962, 0.00003082666267, 2.13998977507695, 0.00655456826763, 0.00000000000000, 0.01402670907278, 2.10428964336015, 0.00000000000000, 2.10432047002282,42.08635445948227, 0.00000000000000,
    1,    7, 0.02500000000000, 0.32500000000000, 2.14002060173962, 0.00003082666267, 2.13998977507695, 0.00655456826763, 0.00000000000000, 0.01402670907278, 2.10428964336015, 0.00000000000000, 2.10432047002282,42.08635445948227, 0.00000000000000,
    1,    8, 0.02500000000000, 0.37500000000000, 2.14002060173962, 0.00003082666267, 2.13998977507695, 0.00655456826763, 0.00000000000000, 0.01402670907278, 2.10428964336015, 0.00000000000000, 2.10432047002282,42.08635445948227, 0.00000000000000,
    1,    9, 0.02500000000000, 0.42500000000000, 2.14002060173962, 0.00003082666267, 2.13998977507695, 0.00655456826763, 0.00000000000000, 0.01402670907278, 2.10428964336015, 0.00000000000000, 2.10432047002282,42.08635445948227, 0.00000000000000,
    1,   10, 0.02500000000000, 0.47500000000000, 2.14002060173962, 0.00003082666267, 2.13998977507695, 0.00655456826763, 0.00000000000000, 0.01402670907278, 2.10428964336015, 0.00000000000000, 2.10432047002282,42.08635445948227, 0.00000000000000,
    1,   11, 0.02500000000000, 0.52500000000000, 2.14002060173962, 0.00003082666267, 2.13998977507695, 0.00655456826763, 0.00000000000000, 0.01402670907278, 2.10428964336015, 0.00000000000000, 2.10432047002282,42.08635445948227, 0.00000000000000,
    1,   12, 0.02500000000000, 0.57500000000000, 2.14002060173962, 0.00003082666267, 2.13998977507695, 0.00655456826763, 0.00000000000000, 0.01402670907278, 2.10428964336015, 0.00000000000000, 2.10432047002282,42.08635445948227, 0.00000000000000,
    1,   13, 0.02500000000000, 0.62500000000000, 2.14002060173962, 0.00003082666267, 2.13998977507695, 0.00655456826763, 0.00000000000000, 0.01402670907278, 2.10428964336015, 0.00000000000000, 2.10432047002282,42.08635445948227, 0.00000000000000,
    1,   14, 0.02500000000000, 0.67500000000000, 2.14002060173962, 0.00003082666267, 2.13998977507695, 0.00655456826763, 0.00000000000000, 0.01402670907278, 2.10428964336015, 0.00000000000000, 2.10432047002282,42.08635445948227, 0.00000000000000,
    1,   15, 0.02500000000000, 0.72500000000000, 2.14002060173962, 0.00003082666267, 2.13998977507695, 0.00655456826763, 0.00000000000000, 0.01402670907278, 2.10428964336015, 0.00000000000000, 2.10432047002282,42.08635445948227, 0.00000000000000,
    1,   16, 0.02500000000000, 0.77500000000000, 2.14002060173962, 0.00003082666267, 2.13998977507695, 0.00655456826763, 0.00000000000000, 0.01402670907278, 2.10428964336015, 0.00000000000000, 2.10432047002282,42.08635445948227, 0.00000000000000,
    1,   17, 0.02500000000000, 0.82500000000000, 2.14002060173962, 0.00003082666267, 2.13998977507695, 0.00655456826763, 0.00000000000000, 0.01402670907278, 2.10428964336015, 0.00000000000000, 2.10432047002282,42.08635445948227, 0.00000000000000,
    1,   18, 0.02500000000000, 0.87500000000000, 2.14002060173962, 0.00003082666267, 2.13998977507695, 0.00655456826763, 0.00000000000000, 0.01402670907278, 2.10428964336015, 0.00000000000000, 2.10432047002282,42.08635445948227, 0.00000000000000,
    1,   19, 0.02500000000000, 0.92500000000000, 2.14002060173962, 0.00003082666267, 2.13998977507695, 0.00655456826763, 0.00000000000000, 0.01402670907278, 2.10428964336015, 0.00000000000000, 2.10432047002282,42.08635445948227, 0.00000000000000,
    1,   20, 0.02500000000000, 0.97500000000000, 2.14002060173962, 0.00003082666267, 2.13998977507695, 0.00655456826763, 0.00000000000000, 0.01402670907278, 2.10428964336015, 0.00000000000000, 2.10432047002282,42.08635445948227, 0.00000000000000,
    1,   21, 0.02500000000000, 1.02500000000000, 2.14002060173962, 0.00003082666267, 2.13998977507695, 0.00655456826763, 0.00000000000000, 0.01402670907278, 2.10428964336015, 0.00000000000000, 2.10432047002282,42.08635445948227, 0.00000000000000,
    1,   22, 0.02500000000000, 1.07500000000000, 2.14002060173962, 0.00003082666267, 2.13998977507695, 0.00655456826763, 0.00000000000000, 0.01402670907278, 2.10428964336015, 0.00000000000000, 2.10432047002282,42.08635445948227, 0.00000000000000,
    1,   23, 0.02500000000000, 1.12500000000000, 2.14002060173962, 0.00003082666267, 2.13998977507695, 0.00655456826763, 0.00000000000000, 0.01402670907278, 2.10428964336015, 0.00000000000000, 2.10432047002282,42.08635445948227, 0.00000000000000,
    1,   24, 0.02500000000000, 1.17500000000000, 2.14002060173962, 0.00003082666267, 2.13998977507695, 0.00655456826763, 0.00000000000000, 0.01402670907278, 2.10428964336015, 0.00000000000000, 2.10432047002282,42.08635445948227, 0.00000000000000,
    1,   25, 0.02500000000000, 1.22500000000000, 2.14002060173962, 0.00003082666267, 2.13998977507695, 0.00655456826763, 0.00000000000000, 0.01402670907278, 2.10428964336015, 0.00000000000000, 2.10432047002282,42.08635445948227, 0.00000000000000,
    1,   26, 0.02500000000000, 1.27500000000000, 2.14002060173962, 0.00003082666267, 2.13998977507695, 0.00655456826763, 0.00000000000000, 0.01402670907278, 2.10428964336015, 0.00000000000000, 2.10432047002282,42.08635445948227, 0.00000000000000,
    1,   27, 0.02500000000000, 1.32500000000000, 2.14002060173962, 0.00003082666267, 2.13998977507695, 0.00655456826763, 0.00000000000000, 0.01402670907278, 2.10428964336015, 0.00000000000000, 2.10432047002282,42.08635445948227, 0.00000000000000,
    1,   28, 0.02500000000000, 1.37500000000000, 2.14002060173962, 0.00003082666267, 2.13998977507695, 0.00655456826763, 0.00000000000000, 0.01402670907278, 2.10428964336015, 0.00000000000000, 2.10432047002282,42.08635445948227, 0.00000000000000,
    1,   29, 0.02500000000000, 1.42500000000000, 2.14002060173962, 0.00003082666267, 2.13998977507695, 0.00655456826763, 0.00000000000000, 0.01402670907278, 2.10428964336015, 0.00000000000000, 2.10432047002282,42.08635445948227, 0.00000000000000,
    1,   30, 0.02500000000000, 1.47500000000000, 2.14002060173962, 0.00003082666267, 2.13998977507695, 0.00655456826763, 0.00000000000000, 0.01402670907278, 2.10428964336015, 0.00000000000000, 2.10432047002282,42.08635445948227, 0.00000000000000,
    1,   31, 0.02500000000000, 1.52500000000000, 2.14002060173962, 0.00003082666267, 2.13998977507695, 0.00655456826763, 0.00000000000000, 0.01402670907278, 2.10428964336015, 0.00000000000000, 2.10432047002282,42.08635445948227, 0.00000000000000,
    1,   32, 0.02500000000000, 1.57500000000000, 2.14002060173962, 0.00003082666267, 2.13998977507695, 0.00655456826763, 0.00000000000000, 0.01402670907278, 2.10428964336015, 0.00000000000000, 2.10432047002282,42.08635445948227, 0.00000000000000,
    1,   33, 0.02500000000000, 1.62500000000000, 2.14002060173962, 0.00003082666267, 2.13998977507695, 0.00655456826763, 0.00000000000000, 0.01402670907278, 2.10428964336015, 0.00000000000000, 2.10432047002282,42.08635445948227, 0.00000000000000,
    1,   34, 0.02500000000000, 1.67500000000000, 2.14002060173962, 0.00003082666267, 2.13998977507695, 0.00655456826763, 0.00000000000000, 0.01402670907278, 2.10428964336015, 0.00000000000000, 2.10432047002282,42.08635445948227, 0.00000000000000,
    1,   35, 0.02500000000000, 1.72500000000000, 2.14002060173962, 0.00003082666267, 2.13998977507695, 0.00655456826763, 0.00000000000000, 0.01402670907278, 2.10428964336015, 0.00000000000000, 2.10432047002282,42.08635445948227, 0.00000000000000,
    1,   36, 0.02500000000000, 1.77500000000000, 2.14002060173962, 0.00003082666267, 2.13998977507695, 0.00655456826763, 0.00000000000000, 0.01402670907278, 2.10428964336015, 0.00000000000000, 2.10432047002282,42.08635445948227, 0.00000000000000,
    1,   37, 0.02500000000000, 1.82500000000000, 2.14002060173962, 0.00003082666267, 2.13998977507695, 0.00655456826763, 0.00000000000000, 0.01402670907278, 2.10428964336015, 0.00000000000000, 2.10432047002282,42.08635445948227, 0.00000000000000,
    1,   38, 0.02500000000000, 1.87500000000000, 2.14002060173962, 0.00003082666267, 2.13998977507695, 0.00655456826763, 0.00000000000000, 0.01402670907278, 2.10428964336015, 0.00000000000000, 2.10432047002282,42.08635445948227, 0.00000000000000,
    1,   39, 0.02500000000000, 1.92500000000000, 2.14002060173962, 0.00003082666267, 2.13998977507695, 0.00655456826763, 0.00000000000000, 0.01402670907278, 2.10428964336015, 0.00000000000000, 2.10432047002282,42.08635445948227, 0.00000000000000,
    1,   40, 0.02500000000000, 1.97500000000000, 2.14002060173962, 0.00003082666267, 2.13998977507695, 0.00655456826763, 0.00000000000000, 0.01402670907278, 2.10428964336015, 0.00000000000000, 2.10432047002282,42.08635445948227, 0.00000000000000,
    2,    1, 0.07500000000000, 0.02500000000000, 2.23964156438179, 0.00027630079602, 2.23936526358576, 0.00626418986211, 0.00000000000000, 0.01402780918172, 2.20601132958330, 0.00000000000000, 2.20628763037932,43.22097773555599, 0.00000000000000,
    2,    2, 0.07500000000000, 0.07500000000000, 2.23964156438179, 0.00027630079602, 2.23936526358576, 0.00626418986211, 0.00000000000000, 0.01402780918172, 2.20601132958330, 0.00000000000000, 2.20628763037932,43.22097773555599, 0.00000000000000,
    2,    3, 0.07500000000000, 0.12500000000000, 2.23964156438179, 0.00027630079602, 2.23936526358576, 0.00626418986211, 0.00000000000000, 0.01402780918172, 2.20601132958330, 0.00000000000000, 2.20628763037932,43.22097773555599, 0.00000000000000,
    2,    4, 0.07500000000000, 0.17500000000000, 2.23964156438179, 0.00027630079602, 2.23936526358576, 0.00626418986211, 0.00000000000000, 0.01402780918172, 2.20601132958330, 0.00000000000000, 2.20628763037932,43.22097773555599, 0.00000000000000,
    2,    5, 0.07500000000000, 0.22500000000000, 2.23964156438179, 0.00027630079602, 2.23936526358576, 0.00626418986211, 0.00000000000000, 0.01402780918172, 2.20601132958330, 0.00000000000000, 2.20628763037932,43.22097773555599, 0.00000000000000,
    2,    6, 0.07500000000000, 0.27500000000000, 2.23964156438179, 0.00027630079602, 2.23936526358576, 0.00626418986211, 0.00000000000000, 0.01402780918172, 2.20601132958330, 0.00000000000000, 2.20628763037932,43.22097773555599, 0.00000000000000,
    2,    7, 0.07500000000000, 0.32500000000000, 2.23964156438179, 0.00027630079602, 2.23936526358576, 0.00626418986211, 0.00000000000000, 0.01402780918172, 2.20601132958330, 0.00000000000000, 2.20628763037932,43.22097773555599, 0.00000000000000,
    2,    8, 0.07500000000000, 0.37500000000000, 2.23964156438179, 0.00027630079602, 2.23936526358576, 0.00626418986211, 0.00000000000000, 0.01402780918172, 2.20601132958330, 0.00000000000000, 2.20628763037932,43.22097773555599, 0.00000000000000,
    2,    9, 0.07500000000000, 0.42500000000000, 2.23964156438179, 0.00027630079602, 2.23936526358576, 0.00626418986211, 0.00000000000000, 0.01402780918172, 2.20601132958330, 0.00000000000000, 2.20628763037932,43.22097773555599, 0.00000000000000,
    2,   10, 0.07500000000000, 0.47500000000000, 2.23964156438179, 0.00027630079602, 2.23936526358576, 0.00626418986211, 0.00000000000000, 0.01402780918172, 2.20601132958330, 0.00000000000000, 2.20628763037932,43.22097773555599, 0.00000000000000,
    2,   11, 0.07500000000000, 0.52500000000000, 2.23964156438179, 0.00027630079602, 2.23936526358576, 0.00626418986211, 0.00000000000000, 0.01402780918172, 2.20601132958330, 0.00000000000000, 2.20628763037932,43.22097773555599, 0.00000000000000,
    2,   12, 0.07500000000000, 0.57500000000000, 2.23964156438179, 0.00027630079602, 2.23936526358576, 0.00626418986211, 0.00000000000000, 0.01402780918172, 2.20601132958330, 0.00000000000000, 2.20628763037932,43.22097773555599, 0.00000000000000,
    2,   13, 0.07500000000000, 0.62500000000000, 2.23964156438179, 0.00027630079602, 2.23936526358576, 0.00626418986211, 0.00000000000000, 0.01402780918172, 2.20601132958330, 0.00000000000000, 2.20628763037932,43.22097773555599, 0.00000000000000,
    2,   14, 0.07500000000000, 0.67500000000000, 2.23964156438179, 0.00027630079602, 2.23936526358576, 0.00626418986211, 0.00000000000000, 0.01402780918172, 2.20601132958330, 0.00000000000000, 2.20628763037932,43.22097773555599, 0.00000000000000,
    2,   15, 0.07500000000000, 0.72500000000000, 2.23964156438179, 0.00027630079602, 2.23936526358576, 0.00626418986211, 0.00000000000000, 0.01402780918172, 2.20601132958330, 0.00000000000000, 2.20628763037932,43.22097773555599, 0.00000000000000,
    2,   16, 0.07500000000000, 0.77500000000000, 2.23964156438179, 0.00027630079602, 2.23936526358576, 0.00626418986211, 0.00000000000000, 0.01402780918172, 2.20601132958330, 0.00000000000000, 2.20628763037932,43.22097773555599, 0.00000000000000,
    2,   17, 0.07500000000000, 0.82500000000000, 2.23964156438179, 0.00027630079602, 2.23936526358576, 0.00626418986211, 0.00000000000000, 0.01402780918172, 2.20601132958330, 0.00000000000000, 2.20628763037932,43.22097773555599, 0.00000000000000,
    2,   18, 0.07500000000000, 0.87500000000000, 2.23964156438179, 0.00027630079602, 2.23936526358576, 0.00626418986211, 0.00000000000000, 0.01402780918172, 2.20601132958330, 0.00000000000000, 2.20628763037932,43.22097773555599, 0.00000000000000,
    2,   19, 0.07500000000000, 0.92500000000000, 2.23964156438179, 0.00027630079602, 2.23936526358576, 0.00626418986211, 0.00000000000000, 0.01402780918172, 2.20601132958330, 0.00000000000000, 2.20628763037932,43.22097773555599, 0.00000000000000,
    2,   20, 0.07500000000000, 0.97500000000000, 2.23964156438179, 0.00027630079602, 2.23936526358576, 0.00626418986211, 0.00000000000000, 0.01402780918172, 2.20601132958330, 0.00000000000000, 2.20628763037932,43.22097773555599, 0.00000000000000,
    2,   21, 0.07500000000000, 1.02500000000000, 2.23964156438179, 0.00027630079602, 2.23936526358576, 0.00626418986211, 0.00000000000000, 0.01402780918172, 2.20601132958330, 0.00000000000000, 2.20628763037932,43.22097773555599, 0.00000000000000,
    2,   22, 0.07500000000000, 1.07500000000000, 2.23964156438179, 0.00027630079602, 2.23936526358576, 0.00626418986211, 0.00000000000000, 0.01402780918172, 2.20601132958330, 0.00000000000000, 2.20628763037932,43.22097773555599, 0.00000000000000,
    2,   23, 0.07500000000000, 1.12500000000000, 2.23964156438179, 0.00027630079602, 2.23936526358576, 0.00626418986211, 0.00000000000000, 0.01402780918172, 2.20601132958330, 0.00000000000000, 2.20628763037932,43.22097773555599, 0.00000000000000,
    2,   24, 0.07500000000000, 1.17500000000000, 2.23964156438179, 0.00027630079602, 2.23936526358576, 0.00626418986211, 0.00000000000000, 0.01402780918172, 2.20601132958330, 0.00000000000000, 2.20628763037932,43.22097773555599, 0.00000000000000,
    2,   25, 0.07500000000000, 1.22500000000000, 2.23964156438179, 0.00027630079602, 2.23936526358576, 0.00626418986211, 0.00000000000000, 0.01402780918172, 2.20601132958330, 0.00000000000000, 2.20628763037932,43.22097773555599, 0.00000000000000,
    2,   26, 0.07500000000000, 1.27500000000000, 2.23964156438179, 0.00027630079602, 2.23936526358576, 0.00626418986211, 0.00000000000000, 0.01402780918172, 2.20601132958330, 0.00000000000000, 2.20628763037932,43.22097773555599, 0.00000000000000,
    2,   27, 0.07500000000000, 1.32500000000000, 2.23964156438179, 0.00027630079602, 2.23936526358576, 0.00626418986211, 0.00000000000000, 0.01402780918172, 2.20601132958330, 0.00000000000000, 2.20628763037932,43.22097773555599, 0.00000000000000,
    2,   28, 0.07500000000000, 1.37500000000000, 2.23964156438179, 0.00027630079602, 2.23936526358576, 0.00626418986211, 0.00000000000000, 0.01402780918172, 2.20601132958330, 0.00000000000000, 2.20628763037932,43.22097773555599, 0.00000000000000,
    2,   29, 0.07500000000000, 1.42500000000000, 2.23964156438179, 0.00027630079602, 2.23936526358576, 0.00626418986211, 0.00000000000000, 0.01402780918172, 2.20601132958330, 0.00000000000000, 2.20628763037932,43.22097773555599, 0.00000000000000,
    2,   30, 0.07500000000000, 1.47500000000000, 2.23964156438179, 0.00027630079602, 2.23936526358576, 0.00626418986211, 0.00000000000000, 0.01402780918172, 2.20601132958330, 0.00000000000000, 2.20628763037932,43.22097773555599, 0.00000000000000,
    2,   31, 0.07500000000000, 1.52500000000000, 2.23964156438179, 0.00027630079602, 2.23936526358576, 0.00626418986211, 0.00000000000000, 0.01402780918172, 2.20601132958330, 0.00000000000000, 2.20628763037932,43.22097773555599, 0.00000000000000,
    2,   32, 0.07500000000000, 1.57500000000000, 2.23964156438179, 0.00027630079602, 2.23936526358576, 0.00626418986211, 0.00000000000000, 0.01402780918172, 2.20601132958330, 0.00000000000000, 2.20628763037932,43.22097773555599, 0.00000000000000,
    2,   33, 0.07500000000000, 1.62500000000000, 2.23964156438179, 0.00027630079602, 2.23936526358576, 0.00626418986211, 0.00000000000000, 0.01402780918172, 2.20601132958330, 0.00000000000000, 2.20628763037932,43.22097773555599, 0.00000000000000,
    2,   34, 0.07500000000000, 1.67500000000000, 2.23964156438179, 0.00027630079602, 2.23936526358576, 0.00626418986211, 0.00000000000000, 0.01402780918172, 2.20601132958330, 0.00000000000000, 2.20628763037932,43.22097773555599, 0.00000000000000,
    2,   35, 0.07500000000000, 1.72500000000000, 2.23964156438179, 0.00027630079602, 2.23936526358576, 0.00626418986211, 0.00000000000000, 0.01402780918172, 2.20601132958330, 0.00000000000000, 2.20628763037932,43.22097773555599, 0.00000000000000,
    2,   36, 0.07500000000000, 1.77500000000000, 2.23964156438179, 0.00027630079602, 2.23936526358576, 0.00626418986211, 0.00000000000000, 0.01402780918172, 2.20601132958330, 0.00000000000000, 2.20628763037932,43.22097773555599, 0.00000000000000,
    2,   37, 0.07500000000000, 1.82500000000000, 2.23964156438179, 0.00027630079602, 2.23936526358576, 0.00626418986211, 0.00000000000000, 0.01402780918172, 2.20601132958330, 0.00000000000000, 2.20628763037932,43.22097773555599, 0.00000000000000,
    2,   38, 0.07500000000000, 1.87500000000000, 2.23964156438179, 0.00027630079602, 2.23936526358576, 0.00626418986211, 0.00000000000000, 0.01402780918172, 2.20601132958330, 0.00000000000000, 2.20628763037932,43.22097773555599, 0.00000000000000,
    2,   39, 0.07500000000000, 1.92500000000000, 2.23964156438179, 0.00027630079602, 2.23936526358576, 0.00626418986211, 0.00000000000000, 0.01402780918172, 2.20601132958330, 0.00000000000000, 2.20628763037932,43.22097773555599, 0.00000000000000,
    2,   40, 0.07500000000000, 1.97500000000000, 2.23964156438179, 0.00027630079602, 2.23936526358576, 0.00626418986211, 0.00000000000000, 0.01402780918172, 2.20601132958330, 0.00000000000000, 2.20628763037932,43.22097773555599, 0.00000000000000,
    3,    1, 0.12500000000000, 0.02500000000000, 2.33614944824671, 0.00076120467489, 2.33538824357183, 0.00600699417408,-0.00000000000000, 0.01402866357335, 2.30266033315970, 0.00000000000000, 2.30342153783459,43.07279901592882, 0.00000000000000,
    3,    2, 0.12500000000000, 0.07500000000000, 2.33614944824671, 0.00076120467489, 2.33538824357183, 0.00600699417408,-0.00000000000000, 0.01402866357335, 2.30266033315970, 0.00000000000000, 2.30342153783459,43.07279901592882, 0.00000000000000,
    3,    3, 0.12500000000000, 0.12500000000000, 2.33614944824671, 0.00076120467489, 2.33538824357183, 0.00600699417408,-0.00000000000000, 0.01402866357335, 2.30266033315970, 0.00000000000000, 2.30342153783459,43.07279901592882, 0.00000000000000,
    3,    4, 0.12500000000000, 0.17500000000000, 2.33614944824671, 0.00076120467489, 2.33538824357183, 0.00600699417408,-0.00000000000000, 0.01402866357335, 2.30266033315970, 0.00000000000000, 2.30342153783459,43.07279901592882, 0.00000000000000,
    3,    5, 0.12500000000000, 0.22500000000000, 2.33614944824671, 0.00076120467489, 2.33538824357183, 0.00600699417408,-0.00000000000000, 0.01402866357335, 2.30266033315970, 0.00000000000000, 2.30342153783459,43.07279901592882, 0.00000000000000,
    3,    6, 0.12500000000000, 0.27500000000000, 2.33614944824671, 0.00076120467489, 2.33538824357183, 0.00600699417408,-0.00000000000000, 0.01402866357335, 2.30266033315970, 0.00000000000000, 2.30342153783459,43.07279901592882, 0.00000000000000,
    3,    7, 0.12500000000000, 0.32500000000000, 2.33614944824671, 0.00076120467489, 2.33538824357183, 0.00600699417408,-0.00000000000000, 0.01402866357335, 2.30266033315970, 0.00000000000000, 2.30342153783459,43.07279901592882, 0.00000000000000,
    3,    8, 0.12500000000000, 0.37500000000000, 2.33614944824671, 0.00076120467489, 2.33538824357183, 0.00600699417408,-0.00000000000000, 0.01402866357335, 2.30266033315970, 0.00000000000000, 2.30342153783459,43.07279901592882, 0.00000000000000,
    3,    9, 0.12500000000000, 0.42500000000000, 2.33614944824671, 0.00076120467489, 2.33538824357183, 0.00600699417408,-0.00000000000000, 0.01402866357335, 2.30266033315970, 0.00000000000000, 2.30342153783459,43.07279901592882, 0.00000000000000,
    3,   10, 0.12500000000000, 0.47500000000000, 2.33614944824671, 0.00076120467489, 2.33538824357183, 0.00600699417408,-0.00000000000000, 0.01402866357335, 2.30266033315970, 0.00000000000000, 2.30342153783459,43.07279901592882, 0.00000000000000,
    3,   11, 0.12500000000000, 0.52500000000000, 2.33614944824671, 0.00076120467489, 2.33538824357183, 0.00600699417408,-0.00000000000000, 0.01402866357335, 2.30266033315970, 0.00000000000000, 2.30342153783459,43.07279901592882, 0.00000000000000,
    3,   12, 0.12500000000000, 0.57500000000000, 2.33614944824671, 0.00076120467489, 2.33538824357183, 0.00600699417408,-0.00000000000000, 0.01402866357335, 2.30266033315970, 0.00000000000000, 2.30342153783459,43.07279901592882, 0.00000000000000,
    3,   13, 0.12500000000000, 0.62500000000000, 2.33614944824671, 0.00076120467489, 2.33538824357183, 0.00600699417408,-0.00000000000000, 0.01402866357335, 2.30266033315970, 0.00000000000000, 2.30342153783459,43.07279901592882, 0.00000000000000,
    3,   14, 0.12500000000000, 0.67500000000000, 2.33614944824671, 0.00076120467489, 2.33538824357183, 0.00600699417408,-0.00000000000000, 0.01402866357335, 2.30266033315970, 0.00000000000000, 2.30342153783459,43.07279901592882, 0.00000000000000,
    3,   15, 0.12500000000000, 0.72500000000000, 2.33614944824671, 0.00076120467489, 2.33538824357183, 0.00600699417408,-0.00000000000000, 0.01402866357335, 2.30266033315970, 0.00000000000000, 2.30342153783459,43.07279901592882, 0.00000000000000,
    3,   16, 0.12500000000000, 0.77500000000000, 2.33614944824671, 0.00076120467489, 2.33538824357183, 0.00600699417408,-0.00000000000000, 0.01402866357335, 2.30266033315970, 0.00000000000000, 2.30342153783459,43.07279901592882, 0.00000000000000,
    3,   17, 0.12500000000000, 0.82500000000000, 2.33614944824671, 0.00076120467489, 2.33538824357183, 0.00600699417408,-0.00000000000000, 0.01402866357335, 2.30266033315970, 0.00000000000000, 2.30342153783459,43.07279901592882, 0.00000000000000,
    3,   18, 0.12500000000000, 0.87500000000000, 2.33614944824671, 0.00076120467489, 2.33538824357183, 0.00600699417408,-0.00000000000000, 0.01402866357335, 2.30266033315970, 0.00000000000000, 2.30342153783459,43.07279901592882, 0.00000000000000,
    3,   19, 0.12500000000000, 0.92500000000000, 2.33614944824671, 0.00076120467489, 2.33538824357183, 0.00600699417408,-0.00000000000000, 0.01402866357335, 2.30266033315970, 0.00000000000000, 2.30342153783459,43.07279901592882, 0.00000000000000,
    3,   20, 0.12500000000000, 0.97500000000000, 2.33614944824671, 0.00076120467489, 2.33538824357183, 0.00600699417408,-0.00000000000000, 0.01402866357335, 2.30266033315970, 0.00000000000000, 2.30342153783459,43.07279901592882, 0.00000000000000,
    3,   21, 0.12500000000000, 1.02500000000000, 2.33614944824671, 0.00076120467489, 2.33538824357183, 0.00600699417408,-0.00000000000000, 0.01402866357335, 2.30266033315970, 0.00000000000000, 2.30342153783459,43.07279901592882, 0.00000000000000,
    3,   22, 0.12500000000000, 1.07500000000000, 2.33614944824671, 0.00076120467489, 2.33538824357183, 0.00600699417408,-0.00000000000000, 0.01402866357335, 2.30266033315970, 0.00000000000000, 2.30342153783459,43.07279901592882, 0.00000000000000,
    3,   23, 0.12500000000000, 1.12500000000000, 2.33614944824671, 0.00076120467489, 2.33538824357183, 0.00600699417408,-0.00000000000000, 0.01402866357335, 2.30266033315970, 0.00000000000000, 2.30342153783459,43.07279901592882, 0.00000000000000,
    3,   24, 0.12500000000000, 1.17500000000000, 2.33614944824671, 0.00076120467489, 2.33538824357183, 0.00600699417408,-0.00000000000000, 0.01402866357335, 2.30266033315970, 0.00000000000000, 2.30342153783459,43.07279901592882, 0.00000000000000,
    3,   25, 0.12500000000000, 1.22500000000000, 2.33614944824671, 0.00076120467489, 2.33538824357183, 0.00600699417408,-0.00000000000000, 0.01402866357335, 2.30266033315970, 0.00000000000000, 2.30342153783459,43.07279901592882, 0.00000000000000,
    3,   26, 0.12500000000000, 1.27500000000000, 2.33614944824671, 0.00076120467489, 2.33538824357183, 0.00600699417408,-0.00000000000000, 0.01402866357335, 2.30266033315970, 0.00000000000000, 2.30342153783459,43.07279901592882, 0.00000000000000,
    3,   27, 0.12500000000000, 1.32500000000000, 2.33614944824671, 0.00076120467489, 2.33538824357183, 0.00600699417408,-0.00000000000000, 0.01402866357335, 2.30266033315970, 0.00000000000000, 2.30342153783459,43.07279901592882, 0.00000000000000,
    3,   28, 0.12500000000000, 1.37500000000000, 2.33614944824671, 0.00076120467489, 2.33538824357183, 0.00600699417408,-0.00000000000000, 0.01402866357335, 2.30266033315970, 0.00000000000000, 2.30342153783459,43.07279901592882, 0.00000000000000,
    3,   29, 0.12500000000000, 1.42500000000000, 2.33614944824671, 0.00076120467489, 2.33538824357183, 0.00600699417408,-0.00000000000000, 0.01402866357335, 2.30266033315970, 0.00000000000000, 2.30342153783459,43.07279901592882, 0.00000000000000,
    3,   30, 0.12500000000000, 1.47500000000000, 2.33614944824671, 0.00076120467489, 2.33538824357183, 0.00600699417408,-0.00000000000000, 0.01402866357335, 2.30266033315970, 0.00000000000000, 2.30342153783459,43.07279901592882, 0.00000000000000,
    3,   31, 0.12500000000000, 1.52500000000000, 2.33614944824671, 0.00076120467489, 2.33538824357183, 0.00600699417408,-0.00000000000000, 0.01402866357335, 2.30266033315970, 0.00000000000000, 2.30342153783459,43.07279901592882, 0.00000000000000,
    3,   32, 0.12500000000000, 1.57500000000000, 2.33614944824671, 0.00076120467489, 2.33538824357183, 0.00600699417408,-0.00000000000000, 0.01402866357335, 2.30266033315970, 0.00000000000000, 2.30342153783459,43.07279901592882, 0.00000000000000,
    3,   33, 0.12500000000000, 1.62500000000000, 2.33614944824671, 0.00076120467489, 2.33538824357183, 0.00600699417408,-0.00000000000000, 0.01402866357335, 2.30266033315970, 0.00000000000000, 2.30342153783459,43.07279901592882, 0.00000000000000,
    3,   34, 0.12500000000000, 1.67500000000000, 2.33614944824671, 0.00076120467489, 2.33538824357183, 0.00600699417408,-0.00000000000000, 0.01402866357335, 2.30266033315970, 0.00000000000000, 2.30342153783459,43.07279901592882, 0.00000000000000,
    3,   35, 0.12500000000000, 1.72500000000000, 2.33614944824671, 0.00076120467489, 2.33538824357183, 0.00600699417408,-0.00000000000000, 0.01402866357335, 2.30266033315970, 0.00000000000000, 2.30342153783459,43.07279901592882, 0.00000000000000,
    3,   36, 0.12500000000000, 1.77500000000000, 2.33614944824671, 0.00076120467489, 2.33538824357183, 0.00600699417408,-0.00000000000000, 0.01402866357335, 2.30266033315970, 0.00000000000000, 2.30342153783459,43.07279901592882, 0.00000000000000,
    3,   37, 0.12500000000000, 1.82500000000000, 2.33614944824671, 0.00076120467489, 2.33538824357183, 0.00600699417408,-0.00000000000000, 0.01402866357335, 2.30266033315970, 0.00000000000000, 2.30342153783459,43.07279901592882, 0.00000000000000,
    3,   38, 0.12500000000000, 1.87500000000000, 2.33614944824671, 0.00076120467489, 2.33538824357183, 0.00600699417408,-0.00000000000000, 0.01402866357335, 2.30266033315970, 0.00000000000000, 2.30342153783459,43.07279901592882, 0.00000000000000,
    3,   39, 0.12500000000000, 1.92500000000000, 2.33614944824671, 0.00076120467489, 2.33538824357183, 0.00600699417408,-0.00000000000000, 0.01402866357335, 2.30266033315970, 0.00000000000000, 2.30342153783459,43.07279901592882, 0.00000000000000,
    3,   40, 0.12500000000000, 1.97500000000000, 2.33614944824671, 0.00076120467489, 2.33538824357183, 0.00600699417408,-0.00000000000000, 0.01402866357335, 2.30266033315970, 0.00000000000000, 2.30342153783459,43.07279901592882, 0.00000000000000,
    4,    1, 0.17500000000000, 0.02500000000000, 2.42708269764782, 0.00147359835646, 2.42560909929136, 0.00578377854878,-0.00000000000000, 0.01402918587620, 2.39185683486165, 0.00000000000000, 2.39333043321811,41.51707955179140, 0.00000000000000,
    4,    2, 0.17500000000000, 0.07500000000000, 2.42708269764782, 0.00147359835646, 2.42560909929136, 0.00578377854878,-0.00000000000000, 0.01402918587620, 2.39185683486165, 0.00000000000000, 2.39333043321811,41.51707955179140, 0.00000000000000,
    4,    3, 0.17500000000000, 0.12500000000000, 2.42708269764782, 0.00147359835646, 2.42560909929136, 0.00578377854878,-0.00000000000000, 0.01402918587620, 2.39185683486165, 0.00000000000000, 2.39333043321811,41.51707955179140, 0.00000000000000,
    4,    4, 0.17500000000000, 0.17500000000000, 2.42708269764782, 0.00147359835646, 2.42560909929136, 0.00578377854878,-0.00000000000000, 0.01402918587620, 2.39185683486165, 0.00000000000000, 2.39333043321811,41.51707955179140, 0.00000000000000,
    4,    5, 0.17500000000000, 0.22500000000000, 2.42708269764782, 0.00147359835646, 2.42560909929136, 0.00578377854878,-0.00000000000000, 0.01402918587620, 2.39185683486165, 0.00000000000000, 2.39333043321811,41.51707955179140, 0.00000000000000,
    4,    6, 0.17500000000000, 0.27500000000000, 2.42708269764782, 0.00147359835646, 2.42560909929136, 0.00578377854878,-0.00000000000000, 0.01402918587620, 2.39185683486165, 0.00000000000000, 2.39333043321811,41.51707955179140, 0.00000000000000,
    4,    7, 0.17500000000000, 0.32500000000000, 2.42708269764782, 0.00147359835646, 2.42560909929136, 0.00578377854878,-0.00000000000000, 0.01402918587620, 2.39185683486165, 0.00000000000000, 2.39333043321811,41.51707955179140, 0.00000000000000,
    4,    8, 0.17500000000000, 0.37500000000000, 2.42708269764782, 0.00147359835646, 2.42560909929136, 0.00578377854878,-0.00000000000000, 0.01402918587620, 2.39185683486165, 0.00000000000000, 2.39333043321811,41.51707955179140, 0.00000000000000,
    4,    9, 0.17500000000000, 0.42500000000000, 2.42708269764782, 0.00147359835646, 2.42560909929136, 0.00578377854878,-0.00000000000000, 0.01402918587620, 2.39185683486165, 0.00000000000000, 2.39333043321811,41.51707955179140, 0.00000000000000,
    4,   10, 0.17500000000000, 0.47500000000000, 2.42708269764782, 0.00147359835646, 2.42560909929136, 0.00578377854878,-0.00000000000000, 0.01402918587620, 2.39185683486165, 0.00000000000000, 2.39333043321811,41.51707955179140, 0.00000000000000,
    4,   11, 0.17500000000000, 0.52500000000000, 2.42708269764782, 0.00147359835646, 2.42560909929136, 0.00578377854878,-0.00000000000000, 0.01402918587620, 2.39185683486165, 0.00000000000000, 2.39333043321811,41.51707955179140, 0.00000000000000,
    4,   12, 0.17500000000000, 0.57500000000000, 2.42708269764782, 0.00147359835646, 2.42560909929136, 0.00578377854878,-0.00000000000000, 0.01402918587620, 2.39185683486165, 0.00000000000000, 2.39333043321811,41.51707955179140, 0.00000000000000,
    4,   13, 0.17500000000000, 0.62500000000000, 2.42708269764782, 0.00147359835646, 2.42560909929136, 0.00578377854878,-0.00000000000000, 0.01402918587620, 2.39185683486165, 0.00000000000000, 2.39333043321811,41.51707955179140, 0.00000000000000,
    4,   14, 0.17500000000000, 0.67500000000000, 2.42708269764782, 0.00147359835646, 2.42560909929136, 0.00578377854878,-0.00000000000000, 0.01402918587620, 2.39185683486165, 0.00000000000000, 2.39333043321811,41.51707955179140, 0.00000000000000,
    4,   15, 0.17500000000000, 0.72500000000000, 2.42708269764782, 0.00147359835646, 2.42560909929136, 0.00578377854878,-0.00000000000000, 0.01402918587620, 2.39185683486165, 0.00000000000000, 2.39333043321811,41.51707955179140, 0.00000000000000,
    4,   16, 0.17500000000000, 0.77500000000000, 2.42708269764782, 0.00147359835646, 2.42560909929136, 0.00578377854878,-0.00000000000000, 0.01402918587620, 2.39185683486165, 0.00000000000000, 2.39333043321811,41.51707955179140, 0.00000000000000,
    4,   17, 0.17500000000000, 0.82500000000000, 2.42708269764782, 0.00147359835646, 2.42560909929136, 0.00578377854878,-0.00000000000000, 0.01402918587620, 2.39185683486165, 0.00000000000000, 2.39333043321811,41.51707955179140, 0.00000000000000,
    4,   18, 0.17500000000000, 0.87500000000000, 2.42708269764782, 0.00147359835646, 2.42560909929136, 0.00578377854878,-0.00000000000000, 0.01402918587620, 2.39185683486165, 0.00000000000000, 2.39333043321811,41.51707955179140, 0.00000000000000,
    4,   19, 0.17500000000000, 0.92500000000000, 2.42708269764782, 0.00147359835646, 2.42560909929136, 0.00578377854878,-0.00000000000000, 0.01402918587620, 2.39185683486165, 0.00000000000000, 2.39333043321811,41.51707955179140, 0.00000000000000,
    4,   20, 0.17500000000000, 0.97500000000000, 2.42708269764782, 0.00147359835646, 2.42560909929136, 0.00578377854878,-0.00000000000000, 0.01402918587620, 2.39185683486165, 0.00000000000000, 2.39333043321811,41.51707955179140, 0.00000000000000,
    4,   21, 0.17500000000000, 1.02500000000000, 2.42708269764782, 0.00147359835646, 2.42560909929136, 0.00578377854878,-0.00000000000000, 0.01402918587620, 2.39185683486165, 0.00000000000000, 2.39333043321811,41.51707955179140, 0.00000000000000,
    4,   22, 0.17500000000000, 1.07500000000000, 2.42708269764782, 0.00147359835646, 2.42560909929136, 0.00578377854878,-0.00000000000000, 0.01402918587620, 2.39185683486165, 0.00000000000000, 2.39333043321811,41.51707955179140, 0.00000000000000,
    4,   23, 0.17500000000000, 1.12500000000000, 2.42708269764782, 0.00147359835646, 2.42560909929136, 0.00578377854878,-0.00000000000000, 0.01402918587620, 2.39185683486165, 0.00000000000000, 2.39333043321811,41.51707955179140, 0.00000000000000,
    4,   24, 0.17500000000000, 1.17500000000000, 2.42708269764782, 0.00147359835646, 2.42560909929136, 0.00578377854878,-0.00000000000000, 0.01402918587620, 2.39185683486165, 0.00000000000000, 2.39333043321811,41.51707955179140, 0.00000000000000,
    4,   25, 0.17500000000000, 1.22500000000000, 2.42708269764782, 0.00147359835646, 2.42560909929136, 0.00578377854878,-0.00000000000000, 0.01402918587620, 2.39185683486165, 0.00000000000000, 2.39333043321811,41.51707955179140, 0.00000000000000,
    4,   26, 0.17500000000000, 1.27500000000000, 2.42708269764782, 0.00147359835646, 2.42560909929136, 0.00578377854878,-0.00000000000000, 0.01402918587620, 2.39185683486165, 0.00000000000000, 2.39333043321811,41.51707955179140, 0.00000000000000,
    4,   27, 0.17500000000000, 1.32500000000000, 2.42708269764782, 0.00147359835646, 2.42560909929136, 0.00578377854878,-0.00000000000000, 0.01402918587620, 2.39185683486165, 0.00000000000000, 2.39333043321811,41.51707955179140, 0.00000000000000,
    4,   28, 0.17500000000000, 1.37500000000000, 2.42708269764782, 0.00147359835646, 2.42560909929136, 0.00578377854878,-0.00000000000000, 0.01402918587620, 2.39185683486165, 0.00000000000000, 2.39333043321811,41.51707955179140, 0.00000000000000,
    4,   29, 0.17500000000000, 1.42500000000000, 2.42708269764782, 0.00147359835646, 2.42560909929136, 0.00578377854878,-0.00000000000000, 0.01402918587620, 2.39185683486165, 0.00000000000000, 2.39333043321811,41.51707955179140, 0.00000000000000,
    4,   30, 0.17500000000000, 1.47500000000000, 2.42708269764782, 0.00147359835646, 2.42560909929136, 0.00578377854878,-0.00000000000000, 0.01402918587620, 2.39185683486165, 0.00000000000000, 2.39333043321811,41.51707955179140, 0.00000000000000,
    4,   31, 0.17500000000000, 1.52500000000000, 2.42708269764782, 0.00147359835646, 2.42560909929136, 0.00578377854878,-0.00000000000000, 0.01402918587620, 2.39185683486165, 0.00000000000000, 2.39333043321811,41.51707955179140, 0.00000000000000,
    4,   32, 0.17500000000000, 1.57500000000000, 2.42708269764782, 0.00147359835646, 2.42560909929136, 0.00578377854878,-0.00000000000000, 0.01402918587620, 2.39185683486165, 0.00000000000000, 2.39333043321811,41.51707955179140, 0.00000000000000,
    4,   33, 0.17500000000000, 1.62500000000000, 2.42708269764782, 0.00147359835646, 2.42560909929136, 0.00578377854878,-0.00000000000000, 0.01402918587620, 2.39185683486165, 0.00000000000000, 2.39333043321811,41.51707955179140, 0.00000000000000,
    4,   34, 0.17500000000000, 1.67500000000000, 2.42708269764782, 0.00147359835646, 2.42560909929136, 0.00578377854878,-0.00000000000000, 0.01402918587620, 2.39185683486165, 0.00000000000000, 2.39333043321811,41.51707955179140, 0.00000000000000,
    4,   35, 0.17500000000000, 1.72500000000000, 2.42708269764782, 0.00147359835646, 2.42560909929136, 0.00578377854878,-0.00000000000000, 0.01402918587620, 2.39185683486165, 0.00000000000000, 2.39333043321811,41.51707955179140, 0.00000000000000,
    4,   36, 0.17500000000000, 1.77500000000000, 2.42708269764782, 0.00147359835646, 2.42560909929136, 0.00578377854878,-0.00000000000000, 0.01402918587620, 2.39185683486165, 0.00000000000000, 2.39333043321811,41.51707955179140, 0.00000000000000,
    4,   37, 0.17500000000000, 1.82500000000000, 2.42708269764782, 0.00147359835646, 2.42560909929136, 0.00578377854878,-0.00000000000000, 0.01402918587620, 2.39185683486165, 0.00000000000000, 2.39333043321811,41.51707955179140, 0.00000000000000,
    4,   38, 0.17500000000000, 1.87500000000000, 2.42708269764782, 0.00147359835646, 2.42560909929136, 0.00578377854878,-0.00000000000000, 0.01402918587620, 2.39185683486165, 0.00000000000000, 2.39333043321811,41.51707955179140, 0.00000000000000,
    4,   39, 0.17500000000000, 1.92500000000000, 2.42708269764782, 0.00147359835646, 2.42560909929136, 0.00578377854878,-0.00000000000000, 0.01402918587620, 2.39185683486165, 0.00000000000000, 2.39333043321811,41.51707955179140, 0.00000000000000,
    4,   40, 0.17500000000000, 1.97500000000000, 2.42708269764782, 0.00147359835646, 2.42560909929136, 0.00578377854878,-0.00000000000000, 0.01402918587620, 2.39185683486165, 0.00000000000000, 2.39333043321811,41.51707955179140, 0.00000000000000,
    5,    1, 0.22500000000000, 0.02500000000000, 2.51011738282508, 0.00239594034400, 2.50772144248108, 0.00559446635580,-0.00000000000000, 0.01402936323967, 2.47140452079103, 0.00000000000000, 2.47380046113503,38.49794797047222, 0.00000000000000,
    5,    2, 0.22500000000000, 0.07500000000000, 2.51011738282508, 0.00239594034400, 2.50772144248108, 0.00559446635580,-0.00000000000000, 0.01402936323967, 2.47140452079103, 0.00000000000000, 2.47380046113503,38.49794797047222, 0.00000000000000,
    5,    3, 0.22500000000000, 0.12500000000000, 2.51011738282508, 0.00239594034400, 2.50772144248108, 0.00559446635580,-0.00000000000000, 0.01402936323967, 2.47140452079103, 0.00000000000000, 2.47380046113503,38.49794797047222, 0.00000000000000,
    5,    4, 0.22500000000000, 0.17500000000000, 2.51011738282508, 0.00239594034400, 2.50772144248108, 0.00559446635580,-0.00000000000000, 0.01402936323967, 2.47140452079103, 0.00000000000000, 2.47380046113503,38.49794797047222, 0.00000000000000,
    5,    5, 0.22500000000000, 0.22500000000000, 2.51011738282508, 0.00239594034400, 2.50772144248108, 0.00559446635580,-0.00000000000000, 0.01402936323967, 2.47140452079103, 0.00000000000000, 2.47380046113503,38.49794797047222, 0.00000000000000,
    5,    6, 0.22500000000000, 0.27500000000000, 2.51011738282508, 0.00239594034400, 2.50772144248108, 0.00559446635580,-0.00000000000000, 0.01402936323967, 2.47140452079103, 0.00000000000000, 2.47380046113503,38.49794797047222, 0.00000000000000,
    5,    7, 0.22500000000000, 0.32500000000000, 2.51011738282508, 0.00239594034400, 2.50772144248108, 0.00559446635580,-0.00000000000000, 0.01402936323967, 2.47140452079103, 0.00000000000000, 2.47380046113503,38.49794797047222, 0.00000000000000,
    5,    8, 0.22500000000000, 0.37500000000000, 2.51011738282508, 0.00239594034400, 2.50772144248108, 0.00559446635580,-0.00000000000000, 0.01402936323967, 2.47140452079103, 0.00000000000000, 2.47380046113503,38.49794797047222, 0.00000000000000,
    5,    9, 0.22500000000000, 0.42500000000000, 2.51011738282508, 0.00239594034400, 2.50772144248108, 0.00559446635580,-0.00000000000000, 0.01402936323967, 2.47140452079103, 0.00000000000000, 2.47380046113503,38.49794797047222, 0.00000000000000,
    5,   10, 0.22500000000000, 0.47500000000000, 2.51011738282508, 0.00239594034400, 2.50772144248108, 0.00559446635580,-0.00000000000000, 0.01402936323967, 2.47140452079103, 0.00000000000000, 2.47380046113503,38.49794797047222, 0.00000000000000,
    5,   11, 0.22500000000000, 0.52500000000000, 2.51011738282508, 0.00239594034400, 2.50772144248108, 0.00559446635580,-0.00000000000000, 0.01402936323967, 2.47140452079103, 0.00000000000000, 2.47380046113503,38.49794797047222, 0.00000000000000,
    5,   12, 0.22500000000000, 0.57500000000000, 2.51011738282508, 0.00239594034400, 2.50772144248108, 0.00559446635580,-0.00000000000000, 0.01402936323967, 2.47140452079103, 0.00000000000000, 2.47380046113503,38.49794797047222, 0.00000000000000,
    5,   13, 0.22500000000000, 0.62500000000000, 2.51011738282508, 0.00239594034400, 2.50772144248108, 0.00559446635580,-0.00000000000000, 0.01402936323967, 2.47140452079103, 0.00000000000000, 2.47380046113503,38.49794797047222, 0.00000000000000,
    5,   14, 0.22500000000000, 0.67500000000000, 2.51011738282508, 0.00239594034400, 2.50772144248108, 0.00559446635580,-0.00000000000000, 0.01402936323967, 2.47140452079103, 0.00000000000000, 2.47380046113503,38.49794797047222, 0.00000000000000,
    5,   15, 0.22500000000000, 0.72500000000000, 2.51011738282508, 0.00239594034400, 2.50772144248108, 0.00559446635580,-0.00000000000000, 0.01402936323967, 2.47140452079103, 0.00000000000000, 2.47380046113503,38.49794797047222, 0.00000000000000,
    5,   16, 0.22500000000000, 0.77500000000000, 2.51011738282508, 0.00239594034400, 2.50772144248108, 0.00559446635580,-0.00000000000000, 0.01402936323967, 2.47140452079103, 0.00000000000000, 2.47380046113503,38.49794797047222, 0.00000000000000,
    5,   17, 0.22500000000000, 0.82500000000000, 2.51011738282508, 0.00239594034400, 2.50772144248108, 0.00559446635580,-0.00000000000000, 0.01402936323967, 2.47140452079103, 0.00000000000000, 2.47380046113503,38.49794797047222, 0.00000000000000,
    5,   18, 0.22500000000000, 0.87500000000000, 2.51011738282508, 0.00239594034400, 2.50772144248108, 0.00559446635580,-0.00000000000000, 0.01402936323967, 2.47140452079103, 0.00000000000000, 2.47380046113503,38.49794797047222, 0.00000000000000,
    5,   19, 0.22500000000000, 0.92500000000000, 2.51011738282508, 0.00239594034400, 2.50772144248108, 0.00559446635580,-0.00000000000000, 0.01402936323967, 2.47140452079103, 0.00000000000000, 2.47380046113503,38.49794797047222, 0.00000000000000,
    5,   20, 0.22500000000000, 0.97500000000000, 2.51011738282508, 0.00239594034400, 2.50772144248108, 0.00559446635580,-0.00000000000000, 0.01402936323967, 2.47140452079103, 0.00000000000000, 2.47380046113503,38.49794797047222, 0.00000000000000,
    5,   21, 0.22500000000000, 1.02500000000000, 2.51011738282508, 0.00239594034400, 2.50772144248108, 0.00559446635580,-0.00000000000000, 0.01402936323967, 2.47140452079103, 0.00000000000000, 2.47380046113503,38.49794797047222, 0.00000000000000,
    5,   22, 0.22500000000000, 1.07500000000000, 2.51011738282508, 0.00239594034400, 2.50772144248108, 0.00559446635580,-0.00000000000000, 0.01402936323967, 2.47140452079103, 0.00000000000000, 2.47380046113503,38.49794797047222, 0.00000000000000,
    5,   23, 0.22500000000000, 1.12500000000000, 2.51011738282508, 0.00239594034400, 2.50772144248108, 0.00559446635580,-0.00000000000000, 0.01402936323967, 2.47140452079103, 0.00000000000000, 2.47380046113503,38.49794797047222, 0.00000000000000,
    5,   24, 0.22500000000000, 1.17500000000000, 2.51011738282508, 0.00239594034400, 2.50772144248108, 0.00559446635580,-0.00000000000000, 0.01402936323967, 2.47140452079103, 0.00000000000000, 2.47380046113503,38.49794797047222, 0.00000000000000,
    5,   25, 0.22500000000000, 1.22500000000000, 2.51011738282508, 0.00239594034400, 2.50772144248108, 0.00559446635580,-0.00000000000000, 0.01402936323967, 2.47140452079103, 0.00000000000000, 2.47380046113503,38.49794797047222, 0.00000000000000,
    5,   26, 0.22500000000000, 1.27500000000000, 2.51011738282508, 0.00239594034400, 2.50772144248108, 0.00559446635580,-0.00000000000000, 0.01402936323967, 2.47140452079103, 0.00000000000000, 2.47380046113503,38.49794797047222, 0.00000000000000,
    5,   27, 0.22500000000000, 1.32500000000000, 2.51011738282508, 0.00239594034400, 2.50772144248108, 0.00559446635580,-0.00000000000000, 0.01402936323967, 2.47140452079103, 0.00000000000000, 2.47380046113503,38.49794797047222, 0.00000000000000,
    5,   28, 0.22500000000000, 1.37500000000000, 2.51011738282508, 0.00239594034400, 2.50772144248108, 0.00559446635580,-0.00000000000000, 0.01402936323967, 2.47140452079103, 0.00000000000000, 2.47380046113503,38.49794797047222, 0.00000000000000,
    5,   29, 0.22500000000000, 1.42500000000000, 2.51011738282508, 0.00239594034400, 2.50772144248108, 0.00559446635580,-0.00000000000000, 0.01402936323967, 2.47140452079103, 0.00000000000000, 2.47380046113503,38.49794797047222, 0.00000000000000,
    5,   30, 0.22500000000000, 1.47500000000000, 2.51011738282508, 0.00239594034400, 2.50772144248108, 0.00559446635580,-0.00000000000000, 0.01402936323967, 2.47140452079103, 0.00000000000000, 2.47380046113503,38.49794797047222, 0.00000000000000,
    5,   31, 0.22500000000000, 1.52500000000000, 2.51011738282508, 0.00239594034400, 2.50772144248108, 0.00559446635580,-0.00000000000000, 0.01402936323967, 2.47140452079103, 0.00000000000000, 2.47380046113503,38.49794797047222, 0.00000000000000,
    5,   32, 0.22500000000000, 1.57500000000000, 2.51011738282508, 0.00239594034400, 2.50772144248108, 0.00559446635580,-0.00000000000000, 0.01402936323967, 2.47140452079103, 0.00000000000000, 2.47380046113503,38.49794797047222, 0.00000000000000,
    5,   33, 0.22500000000000, 1.62500000000000, 2.51011738282508, 0.00239594034400, 2.50772144248108, 0.00559446635580,-0.00000000000000, 0.01402936323967, 2.47140452079103, 0.00000000000000, 2.47380046113503,38.49794797047222, 0.00000000000000,
    5,   34, 0.22500000000000, 1.67500000000000, 2.51011738282508, 0.00239594034400, 2.50772144248108, 0.00559446635580,-0.00000000000000, 0.01402936323967, 2.47140452079103, 0.00000000000000, 2.47380046113503,38.49794797047222, 0.00000000000000,
    5,   35, 0.22500000000000, 1.72500000000000, 2.51011738282508, 0.00239594034400, 2.50772144248108, 0.00559446635580,-0.00000000000000, 0.01402936323967, 2.47140452079103, 0.00000000000000, 2.47380046113503,38.49794797047222, 0.00000000000000,
    5,   36, 0.22500000000000, 1.77500000000000, 2.51011738282508, 0.00239594034400, 2.50772144248108, 0.00559446635580,-0.00000000000000, 0.01402936323967, 2.47140452079103, 0.00000000000000, 2.47380046113503,38.49794797047222, 0.00000000000000,
    5,   37, 0.22500000000000, 1.82500000000000, 2.51011738282508, 0.00239594034400, 2.50772144248108, 0.00559446635580,-0.00000000000000, 0.01402936323967, 2.47140452079103, 0.00000000000000, 2.47380046113503,38.49794797047222, 0.00000000000000,
    5,   38, 0.22500000000000, 1.87500000000000, 2.51011738282508, 0.00239594034400, 2.50772144248108, 0.00559446635580,-0.00000000000000, 0.01402936323967, 2.47140452079103, 0.00000000000000, 2.47380046113503,38.49794797047222, 0.00000000000000,
    5,   39, 0.22500000000000, 1.92500000000000, 2.51011738282508, 0.00239594034400, 2.50772144248108, 0.00559446635580,-0.00000000000000, 0.01402936323967, 2.47140452079103, 0.00000000000000, 2.47380046113503,38.49794797047222, 0.00000000000000,
    5,   40, 0.22500000000000, 1.97500000000000, 2.51011738282508, 0.00239594034400, 2.50772144248108, 0.00559446635580,-0.00000000000000, 0.01402936323967, 2.47140452079103, 0.00000000000000, 2.47380046113503,38.49794797047222, 0.00000000000000,
    6,    1, 0.27500000000000, 0.02500000000000, 2.58312977958872, 0.00350551951670, 2.57962426007202, 0.00543845699799, 0.00000000000000, 0.01402917560937, 2.53934466291663, 0.00000000000000, 2.54285018243333,34.03899484704007, 0.00000000000000,
    6,    2, 0.27500000000000, 0.07500000000000, 2.58312977958872, 0.00350551951670, 2.57962426007202, 0.00543845699799, 0.00000000000000, 0.01402917560937, 2.53934466291663, 0.00000000000000, 2.54285018243333,34.03899484704007, 0.00000000000000,
    6,    3, 0.27500000000000, 0.12500000000000, 2.58312977958872, 0.00350551951670, 2.57962426007202, 0.00543845699799, 0.00000000000000, 0.01402917560937, 2.53934466291663, 0.00000000000000, 2.54285018243333,34.03899484704007, 0.00000000000000,
    6,    4, 0.27500000000000, 0.17500000000000, 2.58312977958872, 0.00350551951670, 2.57962426007202, 0.00543845699799, 0.00000000000000, 0.01402917560937, 2.53934466291663, 0.00000000000000, 2.54285018243333,34.03899484704007, 0.00000000000000,
    6,    5, 0.27500000000000, 0.22500000000000, 2.58312977958872, 0.00350551951670, 2.57962426007202, 0.00543845699799, 0.00000000000000, 0.01402917560937, 2.53934466291663, 0.00000000000000, 2.54285018243333,34.03899484704007, 0.00000000000000,
    6,    6, 0.27500000000000, 0.27500000000000, 2.58312977958872, 0.00350551951670, 2.57962426007202, 0.00543845699799, 0.00000000000000, 0.01402917560937, 2.53934466291663, 0.00000000000000, 2.54285018243333,34.03899484704007, 0.00000000000000,
    6,    7, 0.27500000000000, 0.32500000000000, 2.58312977958872, 0.00350551951670, 2.57962426007202, 0.00543845699799, 0.00000000000000, 0.01402917560937, 2.53934466291663, 0.00000000000000, 2.54285018243333,34.03899484704007, 0.00000000000000,
    6,    8, 0.27500000000000, 0.37500000000000, 2.58312977958872, 0.00350551951670, 2.57962426007202, 0.00543845699799, 0.00000000000000, 0.01402917560937, 2.53934466291663, 0.00000000000000, 2.54285018243333,34.03899484704007, 0.00000000000000,
    6,    9, 0.27500000000000, 0.42500000000000, 2.58312977958872, 0.00350551951670, 2.57962426007202, 0.00543845699799, 0.00000000000000, 0.01402917560937, 2.53934466291663, 0.00000000000000, 2.54285018243333,34.03899484704007, 0.00000000000000,
    6,   10, 0.27500000000000, 0.47500000000000, 2.58312977958872, 0.00350551951670, 2.57962426007202, 0.00543845699799, 0.00000000000000, 0.01402917560937, 2.53934466291663, 0.00000000000000, 2.54285018243333,34.03899484704007, 0.00000000000000,
    6,   11, 0.27500000000000, 0.52500000000000, 2.58312977958872, 0.00350551951670, 2.57962426007202, 0.00543845699799, 0.00000000000000, 0.01402917560937, 2.53934466291663, 0.00000000000000, 2.54285018243333,34.03899484704007, 0.00000000000000,
    6,   12, 0.27500000000000, 0.57500000000000, 2.58312977958872, 0.00350551951670, 2.57962426007202, 0.00543845699799, 0.00000000000000, 0.01402917560937, 2.53934466291663, 0.00000000000000, 2.54285018243333,34.03899484704007, 0.00000000000000,
    6,   13, 0.27500000000000, 0.62500000000000, 2.58312977958872, 0.00350551951670, 2.57962426007202, 0.00543845699799, 0.00000000000000, 0.01402917560937, 2.53934466291663, 0.00000000000000, 2.54285018243333,34.03899484704007, 0.00000000000000,
    6,   14, 0.27500000000000, 0.67500000000000, 2.58312977958872, 0.00350551951670, 2.57962426007202, 0.00543845699799, 0.00000000000000, 0.01402917560937, 2.53934466291663, 0.00000000000000, 2.54285018243333,34.03899484704007, 0.00000000000000,
    6,   15, 0.27500000000000, 0.72500000000000, 2.58312977958872, 0.00350551951670, 2.57962426007202, 0.00543845699799, 0.00000000000000, 0.01402917560937, 2.53934466291663, 0.00000000000000, 2.54285018243333,34.03899484704007, 0.00000000000000,
    6,   16, 0.27500000000000, 0.77500000000000, 2.58312977958872, 0.00350551951670, 2.57962426007202, 0.00543845699799, 0.00000000000000, 0.01402917560937, 2.53934466291663, 0.00000000000000, 2.54285018243333,34.03899484704007, 0.00000000000000,
    6,   17, 0.27500000000000, 0.82500000000000, 2.58312977958872, 0.00350551951670, 2.57962426007202, 0.00543845699799, 0.00000000000000, 0.01402917560937, 2.53934466291663, 0.00000000000000, 2.54285018243333,34.03899484704007, 0.00000000000000,
    6,   18, 0.27500000000000, 0.87500000000000, 2.58312977958872, 0.00350551951670, 2.57962426007202, 0.00543845699799, 0.00000000000000, 0.01402917560937, 2.53934466291663, 0.00000000000000, 2.54285018243333,34.03899484704007, 0.00000000000000,
    6,   19, 0.27500000000000, 0.92500000000000, 2.58312977958872, 0.00350551951670, 2.57962426007202, 0.00543845699799, 0.00000000000000, 0.01402917560937, 2.53934466291663, 0.00000000000000, 2.54285018243333,34.03899484704007, 0.00000000000000,
    6,   20, 0.27500000000000, 0.97500000000000, 2.58312977958872, 0.00350551951670, 2.57962426007202, 0.00543845699799, 0.00000000000000, 0.01402917560937, 2.53934466291663, 0.00000000000000, 2.54285018243333,34.03899484704007, 0.00000000000000,
    6,   21, 0.27500000000000, 1.02500000000000, 2.58312977958872, 0.00350551951670, 2.57962426007202, 0.00543845699799, 0.00000000000000, 0.01402917560937, 2.53934466291663, 0.00000000000000, 2.54285018243333,34.03899484704007, 0.00000000000000,
    6,   22, 0.27500000000000, 1.07500000000000, 2.58312977958872, 0.00350551951670, 2.57962426007202, 0.00543845699799, 0.00000000000000, 0.01402917560937, 2.53934466291663, 0.00000000000000, 2.54285018243333,34.03899484704007, 0.00000000000000,
    6,   23, 0.27500000000000, 1.12500000000000, 2.58312977958872, 0.00350551951670, 2.57962426007202, 0.00543845699799, 0.00000000000000, 0.01402917560937, 2.53934466291663, 0.00000000000000, 2.54285018243333,34.03899484704007, 0.00000000000000,
    6,   24, 0.27500000000000, 1.17500000000000, 2.58312977958872, 0.00350551951670, 2.57962426007202, 0.00543845699799, 0.00000000000000, 0.01402917560937, 2.53934466291663, 0.00000000000000, 2.54285018243333,34.03899484704007, 0.00000000000000,
    6,   25, 0.27500000000000, 1.22500000000000, 2.58312977958872, 0.00350551951670, 2.57962426007202, 0.00543845699799, 0.00000000000000, 0.01402917560937, 2.53934466291663, 0.00000000000000, 2.54285018243333,34.03899484704007, 0.00000000000000,
    6,   26, 0.27500000000000, 1.27500000000000, 2.58312977958872, 0.00350551951670, 2.57962426007202, 0.00543845699799, 0.00000000000000, 0.01402917560937, 2.53934466291663, 0.00000000000000, 2.54285018243333,34.03899484704007, 0.00000000000000,
    6,   27, 0.27500000000000, 1.32500000000000, 2.58312977958872, 0.00350551951670, 2.57962426007202, 0.00543845699799, 0.00000000000000, 0.01402917560937, 2.53934466291663, 0.00000000000000, 2.54285018243333,34.03899484704007, 0.00000000000000,
    6,   28, 0.27500000000000, 1.37500000000000, 2.58312977958872, 0.00350551951670, 2.57962426007202, 0.00543845699799, 0.00000000000000, 0.01402917560937, 2.53934466291663, 0.00000000000000, 2.54285018243333,34.03899484704007, 0.00000000000000,
    6,   29, 0.27500000000000, 1.42500000000000, 2.58312977958872, 0.00350551951670, 2.57962426007202, 0.00543845699799, 0.00000000000000, 0.01402917560937, 2.53934466291663, 0.00000000000000, 2.54285018243333,34.03899484704007, 0.00000000000000,
    6,   30, 0.27500000000000, 1.47500000000000, 2.58312977958872, 0.00350551951670, 2.57962426007202, 0.00543845699799, 0.00000000000000, 0.01402917560937, 2.53934466291663, 0.00000000000000, 2.54285018243333,34.03899484704007, 0.00000000000000,
    6,   31, 0.27500000000000, 1.52500000000000, 2.58312977958872, 0.00350551951670, 2.57962426007202, 0.00543845699799, 0.00000000000000, 0.01402917560937, 2.53934466291663, 0.00000000000000, 2.54285018243333,34.03899484704007, 0.00000000000000,
    6,   32, 0.27500000000000, 1.57500000000000, 2.58312977958872, 0.00350551951670, 2.57962426007202, 0.00543845699799, 0.00000000000000, 0.01402917560937, 2.53934466291663, 0.00000000000000, 2.54285018243333,34.03899484704007, 0.00000000000000,
    6,   33, 0.27500000000000, 1.62500000000000, 2.58312977958872, 0.00350551951670, 2.57962426007202, 0.00543845699799, 0.00000000000000, 0.01402917560937, 2.53934466291663, 0.00000000000000, 2.54285018243333,34.03899484704007, 0.00000000000000,
    6,   34, 0.27500000000000, 1.67500000000000, 2.58312977958872, 0.00350551951670, 2.57962426007202, 0.00543845699799, 0.00000000000000, 0.01402917560937, 2.53934466291663, 0.00000000000000, 2.54285018243333,34.03899484704007, 0.00000000000000,
    6,   35, 0.27500000000000, 1.72500000000000, 2.58312977958872, 0.00350551951670, 2.57962426007202, 0.00543845699799, 0.00000000000000, 0.01402917560937, 2.53934466291663, 0.00000000000000, 2.54285018243333,34.03899484704007, 0.00000000000000,
    6,   36, 0.27500000000000, 1.77500000000000, 2.58312977958872, 0.00350551951670, 2.57962426007202, 0.00543845699799, 0.00000000000000, 0.01402917560937, 2.53934466291663, 0.00000000000000, 2.54285018243333,34.03899484704007, 0.00000000000000,
    6,   37, 0.27500000000000, 1.82500000000000, 2.58312977958872, 0.00350551951670, 2.57962426007202, 0.00543845699799, 0.00000000000000, 0.01402917560937, 2.53934466291663, 0.00000000000000, 2.54285018243333,34.03899484704007, 0.00000000000000,
    6,   38, 0.27500000000000, 1.87500000000000, 2.58312977958872, 0.00350551951670, 2.57962426007202, 0.00543845699799, 0.00000000000000, 0.01402917560937, 2.53934466291663, 0.00000000000000, 2.54285018243333,34.03899484704007, 0.00000000000000,
    6,   39, 0.27500000000000, 1.92500000000000, 2.58312977958872, 0.00350551951670, 2.57962426007202, 0.00543845699799, 0.00000000000000, 0.01402917560937, 2.53934466291663, 0.00000000000000, 2.54285018243333,34.03899484704007, 0.00000000000000,
    6,   40, 0.27500000000000, 1.97500000000000, 2.58312977958872, 0.00350551951670, 2.57962426007202, 0.00543845699799, 0.00000000000000, 0.01402917560937, 2.53934466291663, 0.00000000000000, 2.54285018243333,34.03899484704007, 0.00000000000000,
    7,    1, 0.32500000000000, 0.02500000000000, 2.64425232725459, 0.00477501435284, 2.63947731290175, 0.00531494225006, 0.00000000000000, 0.01402866948842, 2.59400434945891, 0.00000000000000, 2.59877936381175,28.24765963510666, 0.00000000000000,
    7,    2, 0.32500000000000, 0.07500000000000, 2.64425232725459, 0.00477501435284, 2.63947731290175, 0.00531494225006, 0.00000000000000, 0.01402866948842, 2.59400434945891, 0.00000000000000, 2.59877936381175,28.24765963510666, 0.00000000000000,
    7,    3, 0.32500000000000, 0.12500000000000, 2.64425232725459, 0.00477501435284, 2.63947731290175, 0.00531494225006, 0.00000000000000, 0.01402866948842, 2.59400434945891, 0.00000000000000, 2.59877936381175,28.24765963510666, 0.00000000000000,
    7,    4, 0.32500000000000, 0.17500000000000, 2.64425232725459, 0.00477501435284, 2.63947731290175, 0.00531494225006, 0.00000000000000, 0.01402866948842, 2.59400434945891, 0.00000000000000, 2.59877936381175,28.24765963510666, 0.00000000000000,
    7,    5, 0.32500000000000, 0.22500000000000, 2.64425232725459, 0.00477501435284, 2.63947731290175, 0.00531494225006, 0.00000000000000, 0.01402866948842, 2.59400434945891, 0.00000000000000, 2.59877936381175,28.24765963510666, 0.00000000000000,
    7,    6, 0.32500000000000, 0.27500000000000, 2.64425232725459, 0.00477501435284, 2.63947731290175, 0.00531494225006, 0.00000000000000, 0.01402866948842, 2.59400434945891, 0.00000000000000, 2.59877936381175,28.24765963510666, 0.00000000000000,
    7,    7, 0.32500000000000, 0.32500000000000, 2.64425232725459, 0.00477501435284, 2.63947731290175, 0.00531494225006, 0.00000000000000, 0.01402866948842, 2.59400434945891, 0.00000000000000, 2.59877936381175,28.24765963510666, 0.00000000000000,
    7,    8, 0.32500000000000, 0.37500000000000, 2.64425232725459, 0.00477501435284, 2.63947731290175, 0.00531494225006, 0.00000000000000, 0.01402866948842, 2.59400434945891, 0.00000000000000, 2.59877936381175,28.24765963510666, 0.00000000000000,
    7,    9, 0.32500000000000, 0.42500000000000, 2.64425232725459, 0.00477501435284, 2.63947731290175, 0.00531494225006, 0.00000000000000, 0.01402866948842, 2.59400434945891, 0.00000000000000, 2.59877936381175,28.24765963510666, 0.00000000000000,
    7,   10, 0.32500000000000, 0.47500000000000, 2.64425232725459, 0.00477501435284, 2.63947731290175, 0.00531494225006, 0.00000000000000, 0.01402866948842, 2.59400434945891, 0.00000000000000, 2.59877936381175,28.24765963510666, 0.00000000000000,
    7,   11, 0.32500000000000, 0.52500000000000, 2.64425232725459, 0.00477501435284, 2.63947731290175, 0.00531494225006, 0.00000000000000, 0.01402866948842, 2.59400434945891, 0.00000000000000, 2.59877936381175,28.24765963510666, 0.00000000000000,
    7,   12, 0.32500000000000, 0.57500000000000, 2.64425232725459, 0.00477501435284, 2.63947731290175, 0.00531494225006, 0.00000000000000, 0.01402866948842, 2.59400434945891, 0.00000000000000, 2.59877936381175,28.24765963510666, 0.00000000000000,
    7,   13, 0.32500000000000, 0.62500000000000, 2.64425232725459, 0.00477501435284, 2.63947731290175, 0.00531494225006, 0.00000000000000, 0.01402866948842, 2.59400434945891, 0.00000000000000, 2.59877936381175,28.24765963510666, 0.00000000000000,
    7,   14, 0.32500000000000, 0.67500000000000, 2.64425232725459, 0.00477501435284, 2.63947731290175, 0.00531494225006, 0.00000000000000, 0.01402866948842, 2.59400434945891, 0.00000000000000, 2.59877936381175,28.24765963510666, 0.00000000000000,
    7,   15, 0.32500000000000, 0.72500000000000, 2.64425232725459, 0.00477501435284, 2.63947731290175, 0.00531494225006, 0.00000000000000, 0.01402866948842, 2.59400434945891, 0.00000000000000, 2.59877936381175,28.24765963510666, 0.00000000000000,
    7,   16, 0.32500000000000, 0.77500000000000, 2.64425232725459, 0.00477501435284, 2.63947731290175, 0.00531494225006, 0.00000000000000, 0.01402866948842, 2.59400434945891, 0.00000000000000, 2.59877936381175,28.24765963510666, 0.00000000000000,
    7,   17, 0.32500000000000, 0.82500000000000, 2.64425232725459, 0.00477501435284, 2.63947731290175, 0.00531494225006, 0.00000000000000, 0.01402866948842, 2.59400434945891, 0.00000000000000, 2.59877936381175,28.24765963510666, 0.00000000000000,
    7,   18, 0.32500000000000, 0.87500000000000, 2.64425232725459, 0.00477501435284, 2.63947731290175, 0.00531494225006, 0.00000000000000, 0.01402866948842, 2.59400434945891, 0.00000000000000, 2.59877936381175,28.24765963510666, 0.00000000000000,
    7,   19, 0.32500000000000, 0.92500000000000, 2.64425232725459, 0.00477501435284, 2.63947731290175, 0.00531494225006, 0.00000000000000, 0.01402866948842, 2.59400434945891, 0.00000000000000, 2.59877936381175,28.24765963510666, 0.00000000000000,
    7,   20, 0.32500000000000, 0.97500000000000, 2.64425232725459, 0.00477501435284, 2.63947731290175, 0.00531494225006, 0.00000000000000, 0.01402866948842, 2.59400434945891, 0.00000000000000, 2.59877936381175,28.24765963510666, 0.00000000000000,
    7,   21, 0.32500000000000, 1.02500000000000, 2.64425232725459, 0.00477501435284, 2.63947731290175, 0.00531494225006, 0.00000000000000, 0.01402866948842, 2.59400434945891, 0.00000000000000, 2.59877936381175,28.24765963510666, 0.00000000000000,
    7,   22, 0.32500000000000, 1.07500000000000, 2.64425232725459, 0.00477501435284, 2.63947731290175, 0.00531494225006, 0.00000000000000, 0.01402866948842, 2.59400434945891, 0.00000000000000, 2.59877936381175,28.24765963510666, 0.00000000000000,
    7,   23, 0.32500000000000, 1.12500000000000, 2.64425232725459, 0.00477501435284, 2.63947731290175, 0.00531494225006, 0.00000000000000, 0.01402866948842, 2.59400434945891, 0.00000000000000, 2.59877936381175,28.24765963510666, 0.00000000000000,
    7,   24, 0.32500000000000, 1.17500000000000, 2.64425232725459, 0.00477501435284, 2.63947731290175, 0.00531494225006, 0.00000000000000, 0.01402866948842, 2.59400434945891, 0.00000000000000, 2.59877936381175,28.24765963510666, 0.00000000000000,
    7,   25, 0.32500000000000, 1.22500000000000, 2.64425232725459, 0.00477501435284, 2.63947731290175, 0.00531494225006, 0.00000000000000, 0.01402866948842, 2.59400434945891, 0.00000000000000, 2.59877936381175,28.24765963510666, 0.00000000000000,
    7,   26, 0.32500000000000, 1.27500000000000, 2.64425232725459, 0.00477501435284, 2.63947731290175, 0.00531494225006, 0.00000000000000, 0.01402866948842, 2.59400434945891, 0.00000000000000, 2.59877936381175,28.24765963510666, 0.00000000000000,
    7,   27, 0.32500000000000, 1.32500000000000, 2.64425232725459, 0.00477501435284, 2.63947731290175, 0.00531494225006, 0.00000000000000, 0.01402866948842, 2.59400434945891, 0.00000000000000, 2.59877936381175,28.24765963510666, 0.00000000000000,
    7,   28, 0.32500000000000, 1.37500000000000, 2.64425232725459, 0.00477501435284, 2.63947731290175, 0.00531494225006, 0.00000000000000, 0.01402866948842, 2.59400434945891, 0.00000000000000, 2.59877936381175,28.24765963510666, 0.00000000000000,
    7,   29, 0.32500000000000, 1.42500000000000, 2.64425232725459, 0.00477501435284, 2.63947731290175, 0.00531494225006, 0.00000000000000, 0.01402866948842, 2.59400434945891, 0.00000000000000, 2.59877936381175,28.24765963510666, 0.00000000000000,
    7,   30, 0.32500000000000, 1.47500000000000, 2.64425232725459, 0.00477501435284, 2.63947731290175, 0.00531494225006, 0.00000000000000, 0.01402866948842, 2.59400434945891, 0.00000000000000, 2.59877936381175,28.24765963510666, 0.00000000000000,
    7,   31, 0.32500000000000, 1.52500000000000, 2.64425232725459, 0.00477501435284, 2.63947731290175, 0.00531494225006, 0.00000000000000, 0.01402866948842, 2.59400434945891, 0.00000000000000, 2.59877936381175,28.24765963510666, 0.00000000000000,
    7,   32, 0.32500000000000, 1.57500000000000, 2.64425232725459, 0.00477501435284, 2.63947731290175, 0.00531494225006, 0.00000000000000, 0.01402866948842, 2.59400434945891, 0.00000000000000, 2.59877936381175,28.24765963510666, 0.00000000000000,
    7,   33, 0.32500000000000, 1.62500000000000, 2.64425232725459, 0.00477501435284, 2.63947731290175, 0.00531494225006, 0.00000000000000, 0.01402866948842, 2.59400434945891, 0.00000000000000, 2.59877936381175,28.24765963510666, 0.00000000000000,
    7,   34, 0.32500000000000, 1.67500000000000, 2.64425232725459, 0.00477501435284, 2.63947731290175, 0.00531494225006, 0.00000000000000, 0.01402866948842, 2.59400434945891, 0.00000000000000, 2.59877936381175,28.24765963510666, 0.00000000000000,
    7,   35, 0.32500000000000, 1.72500000000000, 2.64425232725459, 0.00477501435284, 2.63947731290175, 0.00531494225006, 0.00000000000000, 0.01402866948842, 2.59400434945891, 0.00000000000000, 2.59877936381175,28.24765963510666, 0.00000000000000,
    7,   36, 0.32500000000000, 1.77500000000000, 2.64425232725459, 0.00477501435284, 2.63947731290175, 0.00531494225006, 0.00000000000000, 0.01402866948842, 2.59400434945891, 0.00000000000000, 2.59877936381175,28.24765963510666, 0.00000000000000,
    7,   37, 0.32500000000000, 1.82500000000000, 2.64425232725459, 0.00477501435284, 2.63947731290175, 0.00531494225006, 0.00000000000000, 0.01402866948842, 2.59400434945891, 0.00000000000000, 2.59877936381175,28.24765963510666, 0.00000000000000,
    7,   38, 0.32500000000000, 1.87500000000000, 2.64425232725459, 0.00477501435284, 2.63947731290175, 0.00531494225006, 0.00000000000000, 0.01402866948842, 2.59400434945891, 0.00000000000000, 2.59877936381175,28.24765963510666, 0.00000000000000,
    7,   39, 0.32500000000000, 1.92500000000000, 2.64425232725459, 0.00477501435284, 2.63947731290175, 0.00531494225006, 0.00000000000000, 0.01402866948842, 2.59400434945891, 0.00000000000000, 2.59877936381175,28.24765963510666, 0.00000000000000,
    7,   40, 0.32500000000000, 1.97500000000000, 2.64425232725459, 0.00477501435284, 2.63947731290175, 0.00531494225006, 0.00000000000000, 0.01402866948842, 2.59400434945891, 0.00000000000000, 2.59877936381175,28.24765963510666, 0.00000000000000,
    8,    1, 0.37500000000000, 0.02500000000000, 2.69192199794729, 0.00617316567635, 2.68574883227094, 0.00522307726212, 0.00000000000000, 0.01402787365759, 2.63403767753010, 0.00000000000000, 2.64021084320645,21.31281565227066, 0.00000000000000,
    8,    2, 0.37500000000000, 0.07500000000000, 2.69192199794729, 0.00617316567635, 2.68574883227094, 0.00522307726212, 0.00000000000000, 0.01402787365759, 2.63403767753010, 0.00000000000000, 2.64021084320645,21.31281565227066, 0.00000000000000,
    8,    3, 0.37500000000000, 0.12500000000000, 2.69192199794729, 0.00617316567635, 2.68574883227094, 0.00522307726212, 0.00000000000000, 0.01402787365759, 2.63403767753010, 0.00000000000000, 2.64021084320645,21.31281565227066, 0.00000000000000,
    8,    4, 0.37500000000000, 0.17500000000000, 2.69192199794729, 0.00617316567635, 2.68574883227094, 0.00522307726212, 0.00000000000000, 0.01402787365759, 2.63403767753010, 0.00000000000000, 2.64021084320645,21.31281565227066, 0.00000000000000,
    8,    5, 0.37500000000000, 0.22500000000000, 2.69192199794729, 0.00617316567635, 2.68574883227094, 0.00522307726212, 0.00000000000000, 0.01402787365759, 2.63403767753010, 0.00000000000000, 2.64021084320645,21.31281565227066, 0.00000000000000,
    8,    6, 0.37500000000000, 0.27500000000000, 2.69192199794729, 0.00617316567635, 2.68574883227094, 0.00522307726212, 0.00000000000000, 0.01402787365759, 2.63403767753010, 0.00000000000000, 2.64021084320645,21.31281565227066, 0.00000000000000,
    8,    7, 0.37500000000000, 0.32500000000000, 2.69192199794729, 0.00617316567635, 2.68574883227094, 0.00522307726212, 0.00000000000000, 0.01402787365759, 2.63403767753010, 0.00000000000000, 2.64021084320645,21.31281565227066, 0.00000000000000,
    8,    8, 0.37500000000000, 0.37500000000000, 2.69192199794729, 0.00617316567635, 2.68574883227094, 0.00522307726212, 0.00000000000000, 0.01402787365759, 2.63403767753010, 0.00000000000000, 2.64021084320645,21.31281565227066, 0.00000000000000,
    8,    9, 0.37500000000000, 0.42500000000000, 2.69192199794729, 0.00617316567635, 2.68574883227094, 0.00522307726212, 0.00000000000000, 0.01402787365759, 2.63403767753010, 0.00000000000000, 2.64021084320645,21.31281565227066, 0.00000000000000,
    8,   10, 0.37500000000000, 0.47500000000000, 2.69192199794729, 0.00617316567635, 2.68574883227094, 0.00522307726212, 0.00000000000000, 0.01402787365759, 2.63403767753010, 0.00000000000000, 2.64021084320645,21.31281565227066, 0.00000000000000,
    8,   11, 0.37500000000000, 0.52500000000000, 2.69192199794729, 0.00617316567635, 2.68574883227094, 0.00522307726212, 0.00000000000000, 0.01402787365759, 2.63403767753010, 0.00000000000000, 2.64021084320645,21.31281565227066, 0.00000000000000,
    8,   12, 0.37500000000000, 0.57500000000000, 2.69192199794729, 0.00617316567635, 2.68574883227094, 0.00522307726212, 0.00000000000000, 0.01402787365759, 2.63403767753010, 0.00000000000000, 2.64021084320645,21.31281565227066, 0.00000000000000,
    8,   13, 0.37500000000000, 0.62500000000000, 2.69192199794729, 0.00617316567635, 2.68574883227094, 0.00522307726212, 0.00000000000000, 0.01402787365759, 2.63403767753010, 0.00000000000000, 2.64021084320645,21.31281565227066, 0.00000000000000,
    8,   14, 0.37500000000000, 0.67500000000000, 2.69192199794729, 0.00617316567635, 2.68574883227094, 0.00522307726212, 0.00000000000000, 0.01402787365759, 2.63403767753010, 0.00000000000000, 2.64021084320645,21.31281565227066, 0.00000000000000,
    8,   15, 0.37500000000000, 0.72500000000000, 2.69192199794729, 0.00617316567635, 2.68574883227094, 0.00522307726212, 0.00000000000000, 0.01402787365759, 2.63403767753010, 0.00000000000000, 2.64021084320645,21.31281565227066, 0.00000000000000,
    8,   16, 0.37500000000000, 0.77500000000000, 2.69192199794729, 0.00617316567635, 2.68574883227094, 0.00522307726212, 0.00000000000000, 0.01402787365759, 2.63403767753010, 0.00000000000000, 2.64021084320645,21.31281565227066, 0.00000000000000,
    8,   17, 0.37500000000000, 0.82500000000000, 2.69192199794729, 0.00617316567635, 2.68574883227094, 0.00522307726212, 0.00000000000000, 0.01402787365759, 2.63403767753010, 0.00000000000000, 2.64021084320645,21.31281565227066, 0.00000000000000,
    8,   18, 0.37500000000000, 0.87500000000000, 2.69192199794729, 0.00617316567635, 2.68574883227094, 0.00522307726212, 0.00000000000000, 0.01402787365759, 2.63403767753010, 0.00000000000000, 2.64021084320645,21.31281565227066, 0.00000000000000,
    8,   19, 0.37500000000000, 0.92500000000000, 2.69192199794729, 0.00617316567635, 2.68574883227094, 0.00522307726212, 0.00000000000000, 0.01402787365759, 2.63403767753010, 0.00000000000000, 2.64021084320645,21.31281565227066, 0.00000000000000,
    8,   20, 0.37500000000000, 0.97500000000000, 2.69192199794729, 0.00617316567635, 2.68574883227094, 0.00522307726212, 0.00000000000000, 0.01402787365759, 2.63403767753010, 0.00000000000000, 2.64021084320645,21.31281565227066, 0.00000000000000,
    8,   21, 0.37500000000000, 1.02500000000000, 2.69192199794729, 0.00617316567635, 2.68574883227094, 0.00522307726212, 0.00000000000000, 0.01402787365759, 2.63403767753010, 0.00000000000000, 2.64021084320645,21.31281565227066, 0.00000000000000,
    8,   22, 0.37500000000000, 1.07500000000000, 2.69192199794729, 0.00617316567635, 2.68574883227094, 0.00522307726212, 0.00000000000000, 0.01402787365759, 2.63403767753010, 0.00000000000000, 2.64021084320645,21.31281565227066, 0.00000000000000,
    8,   23, 0.37500000000000, 1.12500000000000, 2.69192199794729, 0.00617316567635, 2.68574883227094, 0.00522307726212, 0.00000000000000, 0.01402787365759, 2.63403767753010, 0.00000000000000, 2.64021084320645,21.31281565227066, 0.00000000000000,
    8,   24, 0.37500000000000, 1.17500000000000, 2.69192199794729, 0.00617316567635, 2.68574883227094, 0.00522307726212, 0.00000000000000, 0.01402787365759, 2.63403767753010, 0.00000000000000, 2.64021084320645,21.31281565227066, 0.00000000000000,
    8,   25, 0.37500000000000, 1.22500000000000, 2.69192199794729, 0.00617316567635, 2.68574883227094, 0.00522307726212, 0.00000000000000, 0.01402787365759, 2.63403767753010, 0.00000000000000, 2.64021084320645,21.31281565227066, 0.00000000000000,
    8,   26, 0.37500000000000, 1.27500000000000, 2.69192199794729, 0.00617316567635, 2.68574883227094, 0.00522307726212, 0.00000000000000, 0.01402787365759, 2.63403767753010, 0.00000000000000, 2.64021084320645,21.31281565227066, 0.00000000000000,
    8,   27, 0.37500000000000, 1.32500000000000, 2.69192199794729, 0.00617316567635, 2.68574883227094, 0.00522307726212, 0.00000000000000, 0.01402787365759, 2.63403767753010, 0.00000000000000, 2.64021084320645,21.31281565227066, 0.00000000000000,
    8,   28, 0.37500000000000, 1.37500000000000, 2.69192199794729, 0.00617316567635, 2.68574883227094, 0.00522307726212, 0.00000000000000, 0.01402787365759, 2.63403767753010, 0.00000000000000, 2.64021084320645,21.31281565227066, 0.00000000000000,
    8,   29, 0.37500000000000, 1.42500000000000, 2.69192199794729, 0.00617316567635, 2.68574883227094, 0.00522307726212, 0.00000000000000, 0.01402787365759, 2.63403767753010, 0.00000000000000, 2.64021084320645,21.31281565227066, 0.00000000000000,
    8,   30, 0.37500000000000, 1.47500000000000, 2.69192199794729, 0.00617316567635, 2.68574883227094, 0.00522307726212, 0.00000000000000, 0.01402787365759, 2.63403767753010, 0.00000000000000, 2.64021084320645,21.31281565227066, 0.00000000000000,
    8,   31, 0.37500000000000, 1.52500000000000, 2.69192199794729, 0.00617316567635, 2.68574883227094, 0.00522307726212, 0.00000000000000, 0.01402787365759, 2.63403767753010, 0.00000000000000, 2.64021084320645,21.31281565227066, 0.00000000000000,
    8,   32, 0.37500000000000, 1.57500000000000, 2.69192199794729, 0.00617316567635, 2.68574883227094, 0.00522307726212, 0.00000000000000, 0.01402787365759, 2.63403767753010, 0.00000000000000, 2.64021084320645,21.31281565227066, 0.00000000000000,
    8,   33, 0.37500000000000, 1.62500000000000, 2.69192199794729, 0.00617316567635, 2.68574883227094, 0.00522307726212, 0.00000000000000, 0.01402787365759, 2.63403767753010, 0.00000000000000, 2.64021084320645,21.31281565227066, 0.00000000000000,
    8,   34, 0.37500000000000, 1.67500000000000, 2.69192199794729, 0.00617316567635, 2.68574883227094, 0.00522307726212, 0.00000000000000, 0.01402787365759, 2.63403767753010, 0.00000000000000, 2.64021084320645,21.31281565227066, 0.00000000000000,
    8,   35, 0.37500000000000, 1.72500000000000, 2.69192199794729, 0.00617316567635, 2.68574883227094, 0.00522307726212, 0.00000000000000, 0.01402787365759, 2.63403767753010, 0.00000000000000, 2.64021084320645,21.31281565227066, 0.00000000000000,
    8,   36, 0.37500000000000, 1.77500000000000, 2.69192199794729, 0.00617316567635, 2.68574883227094, 0.00522307726212, 0.00000000000000, 0.01402787365759, 2.63403767753010, 0.00000000000000, 2.64021084320645,21.31281565227066, 0.00000000000000,
    8,   37, 0.37500000000000, 1.82500000000000, 2.69192199794729, 0.00617316567635, 2.68574883227094, 0.00522307726212, 0.00000000000000, 0.01402787365759, 2.63403767753010, 0.00000000000000, 2.64021084320645,21.31281565227066, 0.00000000000000,
    8,   38, 0.37500000000000, 1.87500000000000, 2.69192199794729, 0.00617316567635, 2.68574883227094, 0.00522307726212, 0.00000000000000, 0.01402787365759, 2.63403767753010, 0.00000000000000, 2.64021084320645,21.31281565227066, 0.00000000000000,
    8,   39, 0.37500000000000, 1.92500000000000, 2.69192199794729, 0.00617316567635, 2.68574883227094, 0.00522307726212, 0.00000000000000, 0.01402787365759, 2.63403767753010, 0.00000000000000, 2.64021084320645,21.31281565227066, 0.00000000000000,
    8,   40, 0.37500000000000, 1.97500000000000, 2.69192199794729, 0.00617316567635, 2.68574883227094, 0.00522307726212, 0.00000000000000, 0.01402787365759, 2.63403767753010, 0.00000000000000, 2.64021084320645,21.31281565227066, 0.00000000000000,
    9,    1, 0.42500000000000, 0.02500000000000, 2.72492025912091, 0.00766554636144, 2.71725471275947, 0.00516214836011, 0.00000000000000, 0.01402687195946, 2.65845889373009, 0.00000000000000, 2.66612444009153,13.49559002279745, 0.00000000000000,
    9,    2, 0.42500000000000, 0.07500000000000, 2.72492025912091, 0.00766554636144, 2.71725471275947, 0.00516214836011, 0.00000000000000, 0.01402687195946, 2.65845889373009, 0.00000000000000, 2.66612444009153,13.49559002279745, 0.00000000000000,
    9,    3, 0.42500000000000, 0.12500000000000, 2.72492025912091, 0.00766554636144, 2.71725471275947, 0.00516214836011, 0.00000000000000, 0.01402687195946, 2.65845889373009, 0.00000000000000, 2.66612444009153,13.49559002279745, 0.00000000000000,
    9,    4, 0.42500000000000, 0.17500000000000, 2.72492025912091, 0.00766554636144, 2.71725471275947, 0.00516214836011, 0.00000000000000, 0.01402687195946, 2.65845889373009, 0.00000000000000, 2.66612444009153,13.49559002279745, 0.00000000000000,
    9,    5, 0.42500000000000, 0.22500000000000, 2.72492025912091, 0.00766554636144, 2.71725471275947, 0.00516214836011, 0.00000000000000, 0.01402687195946, 2.65845889373009, 0.00000000000000, 2.66612444009153,13.49559002279745, 0.00000000000000,
    9,    6, 0.42500000000000, 0.27500000000000, 2.72492025912091, 0.00766554636144, 2.71725471275947, 0.00516214836011, 0.00000000000000, 0.01402687195946, 2.65845889373009, 0.00000000000000, 2.66612444009153,13.49559002279745, 0.00000000000000,
    9,    7, 0.42500000000000, 0.32500000000000, 2.72492025912091, 0.00766554636144, 2.71725471275947, 0.00516214836011, 0.00000000000000, 0.01402687195946, 2.65845889373009, 0.00000000000000, 2.66612444009153,13.49559002279745, 0.00000000000000,
    9,    8, 0.42500000000000, 0.37500000000000, 2.72492025912091, 0.00766554636144, 2.71725471275947, 0.00516214836011, 0.00000000000000, 0.01402687195946, 2.65845889373009, 0.00000000000000, 2.66612444009153,13.49559002279745, 0.00000000000000,
    9,    9, 0.42500000000000, 0.42500000000000, 2.72492025912091, 0.00766554636144, 2.71725471275947, 0.00516214836011, 0.00000000000000, 0.01402687195946, 2.65845889373009, 0.00000000000000, 2.66612444009153,13.49559002279745, 0.00000000000000,
    9,   10, 0.42500000000000, 0.47500000000000, 2.72492025912091, 0.00766554636144, 2.71725471275947, 0.00516214836011, 0.00000000000000, 0.01402687195946, 2.65845889373009, 0.00000000000000, 2.66612444009153,13.49559002279745, 0.00000000000000,
    9,   11, 0.42500000000000, 0.52500000000000, 2.72492025912091, 0.00766554636144, 2.71725471275947, 0.00516214836011, 0.00000000000000, 0.01402687195946, 2.65845889373009, 0.00000000000000, 2.66612444009153,13.49559002279745, 0.00000000000000,
    9,   12, 0.42500000000000, 0.57500000000000, 2.72492025912091, 0.00766554636144, 2.71725471275947, 0.00516214836011, 0.00000000000000, 0.01402687195946, 2.65845889373009, 0.00000000000000, 2.66612444009153,13.49559002279745, 0.00000000000000,
    9,   13, 0.42500000000000, 0.62500000000000, 2.72492025912091, 0.00766554636144, 2.71725471275947, 0.00516214836011, 0.00000000000000, 0.01402687195946, 2.65845889373009, 0.00000000000000, 2.66612444009153,13.49559002279745, 0.00000000000000,
    9,   14, 0.42500000000000, 0.67500000000000, 2.72492025912091, 0.00766554636144, 2.71725471275947, 0.00516214836011, 0.00000000000000, 0.01402687195946, 2.65845889373009, 0.00000000000000, 2.66612444009153,13.49559002279745, 0.00000000000000,
    9,   15, 0.42500000000000, 0.72500000000000, 2.72492025912091, 0.00766554636144, 2.71725471275947, 0.00516214836011, 0.00000000000000, 0.01402687195946, 2.65845889373009, 0.00000000000000, 2.66612444009153,13.49559002279745, 0.00000000000000,
    9,   16, 0.42500000000000, 0.77500000000000, 2.72492025912091, 0.00766554636144, 2.71725471275947, 0.00516214836011, 0.00000000000000, 0.01402687195946, 2.65845889373009, 0.00000000000000, 2.66612444009153,13.49559002279745, 0.00000000000000,
    9,   17, 0.42500000000000, 0.82500000000000, 2.72492025912091, 0.00766554636144, 2.71725471275947, 0.00516214836011, 0.00000000000000, 0.01402687195946, 2.65845889373009, 0.00000000000000, 2.66612444009153,13.49559002279745, 0.00000000000000,
    9,   18, 0.42500000000000, 0.87500000000000, 2.72492025912091, 0.00766554636144, 2.71725471275947, 0.00516214836011, 0.00000000000000, 0.01402687195946, 2.65845889373009, 0.00000000000000, 2.66612444009153,13.49559002279745, 0.00000000000000,
    9,   19, 0.42500000000000, 0.92500000000000, 2.72492025912091, 0.00766554636144, 2.71725471275947, 0.00516214836011, 0.00000000000000, 0.01402687195946, 2.65845889373009, 0.00000000000000, 2.66612444009153,13.49559002279745, 0.00000000000000,
    9,   20, 0.42500000000000, 0.97500000000000, 2.72492025912091, 0.00766554636144, 2.71725471275947, 0.00516214836011, 0.00000000000000, 0.01402687195946, 2.65845889373009, 0.00000000000000, 2.66612444009153,13.49559002279745, 0.00000000000000,
    9,   21, 0.42500000000000, 1.02500000000000, 2.72492025912091, 0.00766554636144, 2.71725471275947, 0.00516214836011, 0.00000000000000, 0.01402687195946, 2.65845889373009, 0.00000000000000, 2.66612444009153,13.49559002279745, 0.00000000000000,
    9,   22, 0.42500000000000, 1.07500000000000, 2.72492025912091, 0.00766554636144, 2.71725471275947, 0.00516214836011, 0.00000000000000, 0.01402687195946, 2.65845889373009, 0.00000000000000, 2.66612444009153,13.49559002279745, 0.00000000000000,
    9,   23, 0.42500000000000, 1.12500000000000, 2.72492025912091, 0.00766554636144, 2.71725471275947, 0.00516214836011, 0.00000000000000, 0.01402687195946, 2.65845889373009, 0.00000000000000, 2.66612444009153,13.49559002279745, 0.00000000000000,
    9,   24, 0.42500000000000, 1.17500000000000, 2.72492025912091, 0.00766554636144, 2.71725471275947, 0.00516214836011, 0.00000000000000, 0.01402687195946, 2.65845889373009, 0.00000000000000, 2.66612444009153,13.49559002279745, 0.00000000000000,
    9,   25, 0.42500000000000, 1.22500000000000, 2.72492025912091, 0.00766554636144, 2.71725471275947, 0.00516214836011, 0.00000000000000, 0.01402687195946, 2.65845889373009, 0.00000000000000, 2.66612444009153,13.49559002279745, 0.00000000000000,
    9,   26, 0.42500000000000, 1.27500000000000, 2.72492025912091, 0.00766554636144, 2.71725471275947, 0.00516214836011, 0.00000000000000, 0.01402687195946, 2.65845889373009, 0.00000000000000, 2.66612444009153,13.49559002279745, 0.00000000000000,
    9,   27, 0.42500000000000, 1.32500000000000, 2.72492025912091, 0.00766554636144, 2.71725471275947, 0.00516214836011, 0.00000000000000, 0.01402687195946, 2.65845889373009, 0.00000000000000, 2.66612444009153,13.49559002279745, 0.00000000000000,
    9,   28, 0.42500000000000, 1.37500000000000, 2.72492025912091, 0.00766554636144, 2.71725471275947, 0.00516214836011, 0.00000000000000, 0.01402687195946, 2.65845889373009, 0.00000000000000, 2.66612444009153,13.49559002279745, 0.00000000000000,
    9,   29, 0.42500000000000, 1.42500000000000, 2.72492025912091, 0.00766554636144, 2.71725471275947, 0.00516214836011, 0.00000000000000, 0.01402687195946, 2.65845889373009, 0.00000000000000, 2.66612444009153,13.49559002279745, 0.00000000000000,
    9,   30, 0.42500000000000, 1.47500000000000, 2.72492025912091, 0.00766554636144, 2.71725471275947, 0.00516214836011, 0.00000000000000, 0.01402687195946, 2.65845889373009, 0.00000000000000, 2.66612444009153,13.49559002279745, 0.00000000000000,
    9,   31, 0.42500000000000, 1.52500000000000, 2.72492025912091, 0.00766554636144, 2.71725471275947, 0.00516214836011, 0.00000000000000, 0.01402687195946, 2.65845889373009, 0.00000000000000, 2.66612444009153,13.49559002279745, 0.00000000000000,
    9,   32, 0.42500000000000, 1.57500000000000, 2.72492025912091, 0.00766554636144, 2.71725471275947, 0.00516214836011, 0.00000000000000, 0.01402687195946, 2.65845889373009, 0.00000000000000, 2.66612444009153,13.49559002279745, 0.00000000000000,
    9,   33, 0.42500000000000, 1.62500000000000, 2.72492025912091, 0.00766554636144, 2.71725471275947, 0.00516214836011, 0.00000000000000, 0.01402687195946, 2.65845889373009, 0.00000000000000, 2.66612444009153,13.49559002279745, 0.00000000000000,
    9,   34, 0.42500000000000, 1.67500000000000, 2.72492025912091, 0.00766554636144, 2.71725471275947, 0.00516214836011, 0.00000000000000, 0.01402687195946, 2.65845889373009, 0.00000000000000, 2.66612444009153,13.49559002279745, 0.00000000000000,
    9,   35, 0.42500000000000, 1.72500000000000, 2.72492025912091, 0.00766554636144, 2.71725471275947, 0.00516214836011, 0.00000000000000, 0.01402687195946, 2.65845889373009, 0.00000000000000, 2.66612444009153,13.49559002279745, 0.00000000000000,
    9,   36, 0.42500000000000, 1.77500000000000, 2.72492025912091, 0.00766554636144, 2.71725471275947, 0.00516214836011, 0.00000000000000, 0.01402687195946, 2.65845889373009, 0.00000000000000, 2.66612444009153,13.49559002279745, 0.00000000000000,
    9,   37, 0.42500000000000, 1.82500000000000, 2.72492025912091, 0.00766554636144, 2.71725471275947, 0.00516214836011, 0.00000000000000, 0.01402687195946, 2.65845889373009, 0.00000000000000, 2.66612444009153,13.49559002279745, 0.00000000000000,
    9,   38, 0.42500000000000, 1.87500000000000, 2.72492025912091, 0.00766554636144, 2.71725471275947, 0.00516214836011, 0.00000000000000, 0.01402687195946, 2.65845889373009, 0.00000000000000, 2.66612444009153,13.49559002279745, 0.00000000000000,
    9,   39, 0.42500000000000, 1.92500000000000, 2.72492025912091, 0.00766554636144, 2.71725471275947, 0.00516214836011, 0.00000000000000, 0.01402687195946, 2.65845889373009, 0.00000000000000, 2.66612444009153,13.49559002279745, 0.00000000000000,
    9,   40, 0.42500000000000, 1.97500000000000, 2.72492025912091, 0.00766554636144, 2.71725471275947, 0.00516214836011, 0.00000000000000, 0.01402687195946, 2.65845889373009, 0.00000000000000, 2.66612444009153,13.49559002279745, 0.00000000000000,
   10,    1, 0.47500000000000, 0.02500000000000, 2.74240394361163, 0.00921540904272, 2.73318853456891, 0.00513163271066, 0.00000000000000, 0.01402571968839, 2.66666666666667, 0.00000000000000, 2.67588207570939, 5.11408798724776, 0.00000000000000,
   10,    2, 0.47500000000000, 0.07500000000000, 2.74240394361163, 0.00921540904272, 2.73318853456891, 0.00513163271066, 0.00000000000000, 0.01402571968839, 2.66666666666667, 0.00000000000000, 2.67588207570939, 5.11408798724776, 0.00000000000000,
   10,    3, 0.47500000000000, 0.12500000000000, 2.74240394361163, 0.00921540904272, 2.73318853456891, 0.00513163271066, 0.00000000000000, 0.01402571968839, 2.66666666666667, 0.00000000000000, 2.67588207570939, 5.11408798724776, 0.00000000000000,
   10,    4, 0.47500000000000, 0.17500000000000, 2.74240394361163, 0.00921540904272, 2.73318853456891, 0.00513163271066, 0.00000000000000, 0.01402571968839, 2.66666666666667, 0.00000000000000, 2.67588207570939, 5.11408798724776, 0.00000000000000,
   10,    5, 0.47500000000000, 0.22500000000000, 2.74240394361163, 0.00921540904272, 2.73318853456891, 0.00513163271066, 0.00000000000000, 0.01402571968839, 2.66666666666667, 0.00000000000000, 2.67588207570939, 5.11408798724776, 0.00000000000000,
   10,    6, 0.47500000000000, 0.27500000000000, 2.74240394361163, 0.00921540904272, 2.73318853456891, 0.00513163271066, 0.00000000000000, 0.01402571968839, 2.66666666666667, 0.00000000000000, 2.67588207570939, 5.11408798724776, 0.00000000000000,
   10,    7, 0.47500000000000, 0.32500000000000, 2.74240394361163, 0.00921540904272, 2.73318853456891, 0.00513163271066, 0.00000000000000, 0.01402571968839, 2.66666666666667, 0.00000000000000, 2.67588207570939, 5.11408798724776, 0.00000000000000,
   10,    8, 0.47500000000000, 0.37500000000000, 2.74240394361163, 0.00921540904272, 2.73318853456891, 0.00513163271066, 0.00000000000000, 0.01402571968839, 2.66666666666667, 0.00000000000000, 2.67588207570939, 5.11408798724776, 0.00000000000000,
   10,    9, 0.47500000000000, 0.42500000000000, 2.74240394361163, 0.00921540904272, 2.73318853456891, 0.00513163271066, 0.00000000000000, 0.01402571968839, 2.66666666666667, 0.00000000000000, 2.67588207570939, 5.11408798724776, 0.00000000000000,
   10,   10, 0.47500000000000, 0.47500000000000, 2.74240394361163, 0.00921540904272, 2.73318853456891, 0.00513163271066, 0.00000000000000, 0.01402571968839, 2.66666666666667, 0.00000000000000, 2.67588207570939, 5.11408798724776, 0.00000000000000,
   10,   11, 0.47500000000000, 0.52500000000000, 2.74240394361163, 0.00921540904272, 2.73318853456891, 0.00513163271066, 0.00000000000000, 0.01402571968839, 2.66666666666667, 0.00000000000000, 2.67588207570939, 5.11408798724776, 0.00000000000000,
   10,   12, 0.47500000000000, 0.57500000000000, 2.74240394361163, 0.00921540904272, 2.73318853456891, 0.00513163271066, 0.00000000000000, 0.01402571968839, 2.66666666666667, 0.00000000000000, 2.67588207570939, 5.11408798724776, 0.00000000000000,
   10,   13, 0.47500000000000, 0.62500000000000, 2.74240394361163, 0.00921540904272, 2.73318853456891, 0.00513163271066, 0.00000000000000, 0.01402571968839, 2.66666666666667, 0.00000000000000, 2.67588207570939, 5.11408798724776, 0.00000000000000,
   10,   14, 0.47500000000000, 0.67500000000000, 2.74240394361163, 0.00921540904272, 2.73318853456891, 0.00513163271066, 0.00000000000000, 0.01402571968839, 2.66666666666667, 0.00000000000000, 2.67588207570939, 5.11408798724776, 0.00000000000000,
   10,   15, 0.47500000000000, 0.72500000000000, 2.74240394361163, 0.00921540904272, 2.73318853456891, 0.00513163271066, 0.00000000000000, 0.01402571968839, 2.66666666666667, 0.00000000000000, 2.67588207570939, 5.11408798724776, 0.00000000000000,
   10,   16, 0.47500000000000, 0.77500000000000, 2.74240394361163, 0.00921540904272, 2.73318853456891, 0.00513163271066, 0.00000000000000, 0.01402571968839, 2.66666666666667, 0.00000000000000, 2.67588207570939, 5.11408798724776, 0.00000000000000,
   10,   17, 0.47500000000000, 0.82500000000000, 2.74240394361163, 0.00921540904272, 2.73318853456891, 0.00513163271066, 0.00000000000000, 0.01402571968839, 2.66666666666667, 0.00000000000000, 2.67588207570939, 5.11408798724776, 0.00000000000000,
   10,   18, 0.47500000000000, 0.87500000000000, 2.74240394361163, 0.00921540904272, 2.73318853456891, 0.00513163271066, 0.00000000000000, 0.01402571968839, 2.66666666666667, 0.00000000000000, 2.67588207570939, 5.11408798724776, 0.00000000000000,
   10,   19, 0.47500000000000, 0.92500000000000, 2.74240394361163, 0.00921540904272, 2.73318853456891, 0.00513163271066, 0.00000000000000, 0.01402571968839, 2.66666666666667, 0.00000000000000, 2.67588207570939, 5.11408798724776, 0.00000000000000,
   10,   20, 0.47500000000000, 0.97500000000000, 2.74240394361163, 0.00921540904272, 2.73318853456891, 0.00513163271066, 0.00000000000000, 0.01402571968839, 2.66666666666667, 0.00000000000000, 2.67588207570939, 5.11408798724776, 0.00000000000000,
   10,   21, 0.47500000000000, 1.02500000000000, 2.74240394361163, 0.00921540904272, 2.73318853456891, 0.00513163271066, 0.00000000000000, 0.01402571968839, 2.66666666666667, 0.00000000000000, 2.67588207570939, 5.11408798724776, 0.00000000000000,
   10,   22, 0.47500000000000, 1.07500000000000, 2.74240394361163, 0.00921540904272, 2.73318853456891, 0.00513163271066, 0.00000000000000, 0.01402571968839, 2.66666666666667, 0.00000000000000, 2.67588207570939, 5.11408798724776, 0.00000000000000,
   10,   23, 0.47500000000000, 1.12500000000000, 2.74240394361163, 0.00921540904272, 2.73318853456891, 0.00513163271066, 0.00000000000000, 0.01402571968839, 2.66666666666667, 0.00000000000000, 2.67588207570939, 5.11408798724776, 0.00000000000000,
   10,   24, 0.47500000000000, 1.17500000000000, 2.74240394361163, 0.00921540904272, 2.73318853456891, 0.00513163271066, 0.00000000000000, 0.01402571968839, 2.66666666666667, 0.00000000000000, 2.67588207570939, 5.11408798724776, 0.00000000000000,
   10,   25, 0.47500000000000, 1.22500000000000, 2.74240394361163, 0.00921540904272, 2.73318853456891, 0.00513163271066, 0.00000000000000, 0.01402571968839, 2.66666666666667, 0.00000000000000, 2.67588207570939, 5.11408798724776, 0.00000000000000,
   10,   26, 0.47500000000000, 1.27500000000000, 2.74240394361163, 0.00921540904272, 2.73318853456891, 0.00513163271066, 0.00000000000000, 0.01402571968839, 2.66666666666667, 0.00000000000000, 2.67588207570939, 5.11408798724776, 0.00000000000000,
   10,   27, 0.47500000000000, 1.32500000000000, 2.74240394361163, 0.00921540904272, 2.73318853456891, 0.00513163271066, 0.00000000000000, 0.01402571968839, 2.66666666666667, 0.00000000000000, 2.67588207570939, 5.11408798724776, 0.00000000000000,
   10,   28, 0.47500000000000, 1.37500000000000, 2.74240394361163, 0.00921540904272, 2.73318853456891, 0.00513163271066, 0.00000000000000, 0.01402571968839, 2.66666666666667, 0.00000000000000, 2.67588207570939, 5.11408798724776, 0.00000000000000,
   10,   29, 0.47500000000000, 1.42500000000000, 2.74240394361163, 0.00921540904272, 2.73318853456891, 0.00513163271066, 0.00000000000000, 0.01402571968839, 2.66666666666667, 0.00000000000000, 2.67588207570939, 5.11408798724776, 0.00000000000000,
   10,   30, 0.47500000000000, 1.47500000000000, 2.74240394361163, 0.00921540904272, 2.73318853456891, 0.00513163271066, 0.00000000000000, 0.01402571968839, 2.66666666666667, 0.00000000000000, 2.67588207570939, 5.11408798724776, 0.00000000000000,
   10,   31, 0.47500000000000, 1.52500000000000, 2.74240394361163, 0.00921540904272, 2.73318853456891, 0.00513163271066, 0.00000000000000, 0.01402571968839, 2.66666666666667, 0.00000000000000, 2.67588207570939, 5.11408798724776, 0.00000000000000,
   10,   32, 0.47500000000000, 1.57500000000000, 2.74240394361163, 0.00921540904272, 2.73318853456891, 0.00513163271066, 0.00000000000000, 0.01402571968839, 2.66666666666667, 0.00000000000000, 2.67588207570939, 5.11408798724776, 0.00000000000000,
   10,   33, 0.47500000000000, 1.62500000000000, 2.74240394361163, 0.00921540904272, 2.73318853456891, 0.00513163271066, 0.00000000000000, 0.01402571968839, 2.66666666666667, 0.00000000000000, 2.67588207570939, 5.11408798724776, 0.00000000000000,
   10,   34, 0.47500000000000, 1.67500000000000, 2.74240394361163, 0.00921540904272, 2.73318853456891, 0.00513163271066, 0.00000000000000, 0.01402571968839, 2.66666666666667, 0.00000000000000, 2.67588207570939, 5.11408798724776, 0.00000000000000,
   10,   35, 0.47500000000000, 1.72500000000000, 2.74240394361163, 0.00921540904272, 2.73318853456891, 0.00513163271066, 0.00000000000000, 0.01402571968839, 2.66666666666667, 0.00000000000000, 2.67588207570939, 5.11408798724776, 0.00000000000000,
   10,   36, 0.47500000000000, 1.77500000000000, 2.74240394361163, 0.00921540904272, 2.73318853456891, 0.00513163271066, 0.00000000000000, 0.01402571968839, 2.66666666666667, 0.00000000000000, 2.67588207570939, 5.11408798724776, 0.00000000000000,
   10,   37, 0.47500000000000, 1.82500000000000, 2.74240394361163, 0.00921540904272, 2.73318853456891, 0.00513163271066, 0.00000000000000, 0.01402571968839, 2.66666666666667, 0.00000000000000, 2.67588207570939, 5.11408798724776, 0.00000000000000,
   10,   38, 0.47500000000000, 1.87500000000000, 2.74240394361163, 0.00921540904272, 2.73318853456891, 0.00513163271066, 0.00000000000000, 0.01402571968839, 2.66666666666667, 0.00000000000000, 2.67588207570939, 5.11408798724776, 0.00000000000000,
   10,   39, 0.47500000000000, 1.92500000000000, 2.74240394361163, 0.00921540904272, 2.73318853456891, 0.00513163271066, 0.00000000000000, 0.01402571968839, 2.66666666666667, 0.00000000000000, 2.67588207570939, 5.11408798724776, 0.00000000000000,
   10,   40, 0.47500000000000, 1.97500000000000, 2.74240394361163, 0.00921540904272, 2.73318853456891, 0.00513163271066, 0.00000000000000, 0.01402571968839, 2.66666666666667, 0.00000000000000, 2.67588207570939, 5.11408798724776, 0.00000000000000,
   11,    1, 0.52500000000000, 0.02500000000000, 2.74392648358660, 0.01078459095728, 2.73314189262933, 0.00513128049358, 0.00000000000000, 0.01402451767985, 2.65845889373009, 0.00000000000000, 2.66924348468737,-3.47673638697654, 0.00000000000000,
   11,    2, 0.52500000000000, 0.07500000000000, 2.74392648358660, 0.01078459095728, 2.73314189262933, 0.00513128049358, 0.00000000000000, 0.01402451767985, 2.65845889373009, 0.00000000000000, 2.66924348468737,-3.47673638697654, 0.00000000000000,
   11,    3, 0.52500000000000, 0.12500000000000, 2.74392648358660, 0.01078459095728, 2.73314189262933, 0.00513128049358, 0.00000000000000, 0.01402451767985, 2.65845889373009, 0.00000000000000, 2.66924348468737,-3.47673638697654, 0.00000000000000,
   11,    4, 0.52500000000000, 0.17500000000000, 2.74392648358660, 0.01078459095728, 2.73314189262933, 0.00513128049358, 0.00000000000000, 0.01402451767985, 2.65845889373009, 0.00000000000000, 2.66924348468737,-3.47673638697654, 0.00000000000000,
   11,    5, 0.52500000000000, 0.22500000000000, 2.74392648358660, 0.01078459095728, 2.73314189262933, 0.00513128049358, 0.00000000000000, 0.01402451767985, 2.65845889373009, 0.00000000000000, 2.66924348468737,-3.47673638697654, 0.00000000000000,
   11,    6, 0.52500000000000, 0.27500000000000, 2.74392648358660, 0.01078459095728, 2.73314189262933, 0.00513128049358, 0.00000000000000, 0.01402451767985, 2.65845889373009, 0.00000000000000, 2.66924348468737,-3.47673638697654, 0.00000000000000,
   11,    7, 0.52500000000000, 0.32500000000000, 2.74392648358660, 0.01078459095728, 2.73314189262933, 0.00513128049358, 0.00000000000000, 0.01402451767985, 2.65845889373009, 0.00000000000000, 2.66924348468737,-3.47673638697654, 0.00000000000000,
   11,    8, 0.52500000000000, 0.37500000000000, 2.74392648358660, 0.01078459095728, 2.73314189262933, 0.00513128049358, 0.00000000000000, 0.01402451767985, 2.65845889373009, 0.00000000000000, 2.66924348468737,-3.47673638697654, 0.00000000000000,
   11,    9, 0.52500000000000, 0.42500000000000, 2.74392648358660, 0.01078459095728, 2.73314189262933, 0.00513128049358, 0.00000000000000, 0.01402451767985, 2.65845889373009, 0.00000000000000, 2.66924348468737,-3.47673638697654, 0.00000000000000,
   11,   10, 0.52500000000000, 0.47500000000000, 2.74392648358660, 0.01078459095728, 2.73314189262933, 0.00513128049358, 0.00000000000000, 0.01402451767985, 2.65845889373009, 0.00000000000000, 2.66924348468737,-3.47673638697654, 0.00000000000000,
   11,   11, 0.52500000000000, 0.52500000000000, 2.74392648358660, 0.01078459095728, 2.73314189262933, 0.00513128049358, 0.00000000000000, 0.01402451767985, 2.65845889373009, 0.00000000000000, 2.66924348468737,-3.47673638697654, 0.00000000000000,
   11,   12, 0.52500000000000, 0.57500000000000, 2.74392648358660, 0.01078459095728, 2.73314189262933, 0.00513128049358, 0.00000000000000, 0.01402451767985, 2.65845889373009, 0.00000000000000, 2.66924348468737,-3.47673638697654, 0.00000000000000,
   11,   13, 0.52500000000000, 0.62500000000000, 2.74392648358660, 0.01078459095728, 2.73314189262933, 0.00513128049358, 0.00000000000000, 0.01402451767985, 2.65845889373009, 0.00000000000000, 2.66924348468737,-3.47673638697654, 0.00000000000000,
   11,   14, 0.52500000000000, 0.67500000000000, 2.74392648358660, 0.01078459095728, 2.73314189262933, 0.00513128049358, 0.00000000000000, 0.01402451767985, 2.65845889373009, 0.00000000000000, 2.66924348468737,-3.47673638697654, 0.00000000000000,
   11,   15, 0.52500000000000, 0.72500000000000, 2.74392648358660, 0.01078459095728, 2.73314189262933, 0.00513128049358, 0.00000000000000, 0.01402451767985, 2.65845889373009, 0.00000000000000, 2.66924348468737,-3.47673638697654, 0.00000000000000,
   11,   16, 0.52500000000000, 0.77500000000000, 2.74392648358660, 0.01078459095728, 2.73314189262933, 0.00513128049358, 0.00000000000000, 0.01402451767985, 2.65845889373009, 0.00000000000000, 2.66924348468737,-3.47673638697654, 0.00000000000000,
   11,   17, 0.52500000000000, 0.82500000000000, 2.74392648358660, 0.01078459095728, 2.73314189262933, 0.00513128049358, 0.00000000000000, 0.01402451767985, 2.65845889373009, 0.00000000000000, 2.66924348468737,-3.47673638697654, 0.00000000000000,
   11,   18, 0.52500000000000, 0.87500000000000, 2.74392648358660, 0.01078459095728, 2.73314189262933, 0.00513128049358, 0.00000000000000, 0.01402451767985, 2.65845889373009, 0.00000000000000, 2.66924348468737,-3.47673638697654, 0.00000000000000,
   11,   19, 0.52500000000000, 0.92500000000000, 2.74392648358660, 0.01078459095728, 2.73314189262933, 0.00513128049358, 0.00000000000000, 0.01402451767985, 2.65845889373009, 0.00000000000000, 2.66924348468737,-3.47673638697654, 0.00000000000000,
   11,   20, 0.52500000000000, 0.97500000000000, 2.74392648358660, 0.01078459095728, 2.73314189262933, 0.00513128049358, 0.00000000000000, 0.01402451767985, 2.65845889373009, 0.00000000000000, 2.66924348468737,-3.47673638697654, 0.00000000000000,
   11,   21, 0.52500000000000, 1.02500000000000, 2.74392648358660, 0.01078459095728, 2.73314189262933, 0.00513128049358, 0.00000000000000, 0.01402451767985, 2.65845889373009, 0.00000000000000, 2.66924348468737,-3.47673638697654, 0.00000000000000,
   11,   22, 0.52500000000000, 1.07500000000000, 2.74392648358660, 0.01078459095728, 2.73314189262933, 0.00513128049358, 0.00000000000000, 0.01402451767985, 2.65845889373009, 0.00000000000000, 2.66924348468737,-3.47673638697654, 0.00000000000000,
   11,   23, 0.52500000000000, 1.12500000000000, 2.74392648358660, 0.01078459095728, 2.73314189262933, 0.00513128049358, 0.00000000000000, 0.01402451767985, 2.65845889373009, 0.00000000000000, 2.66924348468737,-3.47673638697654, 0.00000000000000,
   11,   24, 0.52500000000000, 1.17500000000000, 2.74392648358660, 0.01078459095728, 2.73314189262933, 0.00513128049358, 0.00000000000000, 0.01402451767985, 2.65845889373009, 0.00000000000000, 2.66924348468737,-3.47673638697654, 0.00000000000000,
   11,   25, 0.52500000000000, 1.22500000000000, 2.74392648358660, 0.01078459095728, 2.73314189262933, 0.00513128049358, 0.00000000000000, 0.01402451767985, 2.65845889373009, 0.00000000000000, 2.66924348468737,-3.47673638697654, 0.00000000000000,
   11,   26, 0.52500000000000, 1.27500000000000, 2.74392648358660, 0.01078459095728, 2.73314189262933, 0.00513128049358, 0.00000000000000, 0.01402451767985, 2.65845889373009, 0.00000000000000, 2.66924348468737,-3.47673638697654, 0.00000000000000,
   11,   27, 0.52500000000000, 1.32500000000000, 2.74392648358660, 0.01078459095728, 2.73314189262933, 0.00513128049358, 0.00000000000000, 0.01402451767985, 2.65845889373009, 0.00000000000000, 2.66924348468737,-3.47673638697654, 0.00000000000000,
   11,   28, 0.52500000000000, 1.37500000000000, 2.74392648358660, 0.01078459095728, 2.73314189262933, 0.00513128049358, 0.00000000000000, 0.01402451767985, 2.65845889373009, 0.00000000000000, 2.66924348468737,-3.47673638697654, 0.00000000000000,
   11,   29, 0.52500000000000, 1.42500000000000, 2.74392648358660, 0.01078459095728, 2.73314189262933, 0.00513128049358, 0.00000000000000, 0.01402451767985, 2.65845889373009, 0.00000000000000, 2.66924348468737,-3.47673638697654, 0.00000000000000,
   11,   30, 0.52500000000000, 1.47500000000000, 2.74392648358660, 0.01078459095728, 2.73314189262933, 0.00513128049358, 0.00000000000000, 0.01402451767985, 2.65845889373009, 0.00000000000000, 2.66924348468737,-3.47673638697654, 0.00000000000000,
   11,   31, 0.52500000000000, 1.52500000000000, 2.74392648358660, 0.01078459095728, 2.73314189262933, 0.00513128049358, 0.00000000000000, 0.01402451767985, 2.65845889373009, 0.00000000000000, 2.66924348468737,-3.47673638697654, 0.00000000000000,
   11,   32, 0.52500000000000, 1.57500000000000, 2.74392648358660, 0.01078459095728, 2.73314189262933, 0.00513128049358, 0.00000000000000, 0.01402451767985, 2.65845889373009, 0.00000000000000, 2.66924348468737,-3.47673638697654, 0.00000000000000,
   11,   33, 0.52500000000000, 1.62500000000000, 2.74392648358660, 0.01078459095728, 2.73314189262933, 0.00513128049358, 0.00000000000000, 0.01402451767985, 2.65845889373009, 0.00000000000000, 2.66924348468737,-3.47673638697654, 0.00000000000000,
   11,   34, 0.52500000000000, 1.67500000000000, 2.74392648358660, 0.01078459095728, 2.73314189262933, 0.00513128049358, 0.00000000000000, 0.01402451767985, 2.65845889373009, 0.00000000000000, 2.66924348468737,-3.47673638697654, 0.00000000000000,
   11,   35, 0.52500000000000, 1.72500000000000, 2.74392648358660, 0.01078459095728, 2.73314189262933, 0.00513128049358, 0.00000000000000, 0.01402451767985, 2.65845889373009, 0.00000000000000, 2.66924348468737,-3.47673638697654, 0.00000000000000,
   11,   36, 0.52500000000000, 1.77500000000000, 2.74392648358660, 0.01078459095728, 2.73314189262933, 0.00513128049358, 0.00000000000000, 0.01402451767985, 2.65845889373009, 0.00000000000000, 2.66924348468737,-3.47673638697654, 0.00000000000000,
   11,   37, 0.52500000000000, 1.82500000000000, 2.74392648358660, 0.01078459095728, 2.73314189262933, 0.00513128049358, 0.00000000000000, 0.01402451767985, 2.65845889373009, 0.00000000000000, 2.66924348468737,-3.47673638697654, 0.00000000000000,
   11,   38, 0.52500000000000, 1.87500000000000, 2.74392648358660, 0.01078459095728, 2.73314189262933, 0.00513128049358, 0.00000000000000, 0.01402451767985, 2.65845889373009, 0.00000000000000, 2.66924348468737,-3.47673638697654, 0.00000000000000,
   11,   39, 0.52500000000000, 1.92500000000000, 2.74392648358660, 0.01078459095728, 2.73314189262933, 0.00513128049358, 0.00000000000000, 0.01402451767985, 2.65845889373009, 0.00000000000000, 2.66924348468737,-3.47673638697654, 0.00000000000000,
   11,   40, 0.52500000000000, 1.97500000000000, 2.74392648358660, 0.01078459095728, 2.73314189262933, 0.00513128049358, 0.00000000000000, 0.01402451767985, 2.65845889373009, 0.00000000000000, 2.66924348468737,-3.47673638697654, 0.00000000000000,
   12,    1, 0.57500000000000, 0.02500000000000, 2.72944912496374, 0.01233445363856, 2.71711467132518, 0.00516111084250, 0.00000000000000, 0.01402332999048, 2.63403767753010, 0.00000000000000, 2.64637213116866,*****************, 0.00000000000000,
   12,    2, 0.57500000000000, 0.07500000000000, 2.72944912496374, 0.01233445363856, 2.71711467132518, 0.00516111084250, 0.00000000000000, 0.01402332999048, 2.63403767753010, 0.00000000000000, 2.64637213116866,*****************, 0.00000000000000,
   12,    3, 0.57500000000000, 0.12500000000000, 2.72944912496374, 0.01233445363856, 2.71711467132518, 0.00516111084250, 0.00000000000000, 0.01402332999048, 2.63403767753010, 0.00000000000000, 2.64637213116866,*****************, 0.00000000000000,
   12,    4, 0.57500000000000, 0.17500000000000, 2.72944912496374, 0.01233445363856, 2.71711467132518, 0.00516111084250, 0.00000000000000, 0.01402332999048, 2.63403767753010, 0.00000000000000, 2.64637213116866,*****************, 0.00000000000000,
   12,    5, 0.57500000000000, 0.22500000000000, 2.72944912496374, 0.01233445363856, 2.71711467132518, 0.00516111084250, 0.00000000000000, 0.01402332999048, 2.63403767753010, 0.00000000000000, 2.64637213116866,*****************, 0.00000000000000,
   12,    6, 0.57500000000000, 0.27500000000000, 2.72944912496374, 0.01233445363856, 2.71711467132518, 0.00516111084250, 0.00000000000000, 0.01402332999048, 2.63403767753010, 0.00000000000000, 2.64637213116866,*****************, 0.00000000000000,
   12,    7, 0.57500000000000, 0.32500000000000, 2.72944912496374, 0.01233445363856, 2.71711467132518, 0.00516111084250, 0.00000000000000, 0.01402332999048, 2.63403767753010, 0.00000000000000, 2.64637213116866,*****************, 0.00000000000000,
   12,    8, 0.57500000000000, 0.37500000000000, 2.72944912496374, 0.01233445363856, 2.71711467132518, 0.00516111084250, 0.00000000000000, 0.01402332999048, 2.63403767753010, 0.00000000000000, 2.64637213116866,*****************, 0.00000000000000,
   12,    9, 0.57500000000000, 0.42500000000000, 2.72944912496374, 0.01233445363856, 2.71711467132518, 0.00516111084250, 0.00000000000000, 0.01402332999048, 2.63403767753010, 0.00000000000000, 2.64637213116866,*****************, 0.00000000000000,
   12,   10, 0.57500000000000, 0.47500000000000, 2.72944912496374, 0.01233445363856, 2.71711467132518, 0.00516111084250, 0.00000000000000, 0.01402332999048, 2.63403767753010, 0.00000000000000, 2.64637213116866,*****************, 0.00000000000000,
   12,   11, 0.57500000000000, 0.52500000000000, 2.72944912496374, 0.01233445363856, 2.71711467132518, 0.00516111084250, 0.00000000000000, 0.01402332999048, 2.63403767753010, 0.00000000000000, 2.64637213116866,*****************, 0.00000000000000,
   12,   12, 0.57500000000000, 0.57500000000000, 2.72944912496374, 0.01233445363856, 2.71711467132518, 0.00516111084250, 0.00000000000000, 0.01402332999048, 2.63403767753010, 0.00000000000000, 2.64637213116866,*****************, 0.00000000000000,
   12,   13, 0.57500000000000, 0.62500000000000, 2.72944912496374, 0.01233445363856, 2.71711467132518, 0.00516111084250, 0.00000000000000, 0.01402332999048, 2.63403767753010, 0.00000000000000, 2.64637213116866,*****************, 0.00000000000000,
   12,   14, 0.57500000000000, 0.67500000000000, 2.72944912496374, 0.01233445363856, 2.71711467132518, 0.00516111084250, 0.00000000000000, 0.01402332999048, 2.63403767753010, 0.00000000000000, 2.64637213116866,*****************, 0.00000000000000,
   12,   15, 0.57500000000000, 0.72500000000000, 2.72944912496374, 0.01233445363856, 2.71711467132518, 0.00516111084250, 0.00000000000000, 0.01402332999048, 2.63403767753010, 0.00000000000000, 2.64637213116866,*****************, 0.00000000000000,
   12,   16, 0.57500000000000, 0.77500000000000, 2.72944912496374, 0.01233445363856, 2.71711467132518, 0.00516111084250, 0.00000000000000, 0.01402332999048, 2.63403767753010, 0.00000000000000, 2.64637213116866,*****************, 0.00000000000000,
   12,   17, 0.57500000000000, 0.82500000000000, 2.72944912496374, 0.01233445363856, 2.71711467132518, 0.00516111084250, 0.00000000000000, 0.01402332999048, 2.63403767753010, 0.00000000000000, 2.64637213116866,*****************, 0.00000000000000,
   12,   18, 0.57500000000000, 0.87500000000000, 2.72944912496374, 0.01233445363856, 2.71711467132518, 0.00516111084250, 0.00000000000000, 0.01402332999048, 2.63403767753010, 0.00000000000000, 2.64637213116866,*****************, 0.00000000000000,
   12,   19, 0.57500000000000, 0.92500000000000, 2.72944912496374, 0.01233445363856, 2.71711467132518, 0.00516111084250, 0.00000000000000, 0.01402332999048, 2.63403767753010, 0.00000000000000, 2.64637213116866,*****************, 0.00000000000000,
   12,   20, 0.57500000000000, 0.97500000000000, 2.72944912496374, 0.01233445363856, 2.71711467132518, 0.00516111084250, 0.00000000000000, 0.01402332999048, 2.63403767753010, 0.00000000000000, 2.64637213116866,*****************, 0.00000000000000,
   12,   21, 0.57500000000000, 1.02500000000000, 2.72944912496374, 0.01233445363856, 2.71711467132518, 0.00516111084250, 0.00000000000000, 0.01402332999048, 2.63403767753010, 0.00000000000000, 2.64637213116866,*****************, 0.00000000000000,
   12,   22, 0.57500000000000, 1.07500000000000, 2.72944912496374, 0.01233445363856, 2.71711467132518, 0.00516111084250, 0.00000000000000, 0.01402332999048, 2.63403767753010, 0.00000000000000, 2.64637213116866,*****************, 0.00000000000000,
   12,   23, 0.57500000000000, 1.12500000000000, 2.72944912496374, 0.01233445363856, 2.71711467132518, 0.00516111084250, 0.00000000000000, 0.01402332999048, 2.63403767753010, 0.00000000000000, 2.64637213116866,*****************, 0.00000000000000,
   12,   24, 0.57500000000000, 1.17500000000000, 2.72944912496374, 0.01233445363856, 2.71711467132518, 0.00516111084250, 0.00000000000000, 0.01402332999048, 2.63403767753010, 0.00000000000000, 2.64637213116866,*****************, 0.00000000000000,
   12,   25, 0.57500000000000, 1.22500000000000, 2.72944912496374, 0.01233445363856, 2.71711467132518, 0.00516111084250, 0.00000000000000, 0.01402332999048, 2.63403767753010, 0.00000000000000, 2.64637213116866,*****************, 0.00000000000000,
   12,   26, 0.57500000000000, 1.27500000000000, 2.72944912496374, 0.01233445363856, 2.71711467132518, 0.00516111084250, 0.00000000000000, 0.01402332999048, 2.63403767753010, 0.00000000000000, 2.64637213116866,*****************, 0.00000000000000,
   12,   27, 0.57500000000000, 1.32500000000000, 2.72944912496374, 0.01233445363856, 2.71711467132518, 0.00516111084250, 0.00000000000000, 0.01402332999048, 2.63403767753010, 0.00000000000000, 2.64637213116866,*****************, 0.00000000000000,
   12,   28, 0.57500000000000, 1.37500000000000, 2.72944912496374, 0.01233445363856, 2.71711467132518, 0.00516111084250, 0.00000000000000, 0.01402332999048, 2.63403767753010, 0.00000000000000, 2.64637213116866,*****************, 0.00000000000000,
   12,   29, 0.57500000000000, 1.42500000000000, 2.72944912496374, 0.01233445363856, 2.71711467132518, 0.00516111084250, 0.00000000000000, 0.01402332999048, 2.63403767753010, 0.00000000000000, 2.64637213116866,*****************, 0.00000000000000,
   12,   30, 0.57500000000000, 1.47500000000000, 2.72944912496374, 0.01233445363856, 2.71711467132518, 0.00516111084250, 0.00000000000000, 0.01402332999048, 2.63403767753010, 0.00000000000000, 2.64637213116866,*****************, 0.00000000000000,
   12,   31, 0.57500000000000, 1.52500000000000, 2.72944912496374, 0.01233445363856, 2.71711467132518, 0.00516111084250, 0.00000000000000, 0.01402332999048, 2.63403767753010, 0.00000000000000, 2.64637213116866,*****************, 0.00000000000000,
   12,   32, 0.57500000000000, 1.57500000000000, 2.72944912496374, 0.01233445363856, 2.71711467132518, 0.00516111084250, 0.00000000000000, 0.01402332999048, 2.63403767753010, 0.00000000000000, 2.64637213116866,*****************, 0.00000000000000,
   12,   33, 0.57500000000000, 1.62500000000000, 2.72944912496374, 0.01233445363856, 2.71711467132518, 0.00516111084250, 0.00000000000000, 0.01402332999048, 2.63403767753010, 0.00000000000000, 2.64637213116866,*****************, 0.00000000000000,
   12,   34, 0.57500000000000, 1.67500000000000, 2.72944912496374, 0.01233445363856, 2.71711467132518, 0.00516111084250, 0.00000000000000, 0.01402332999048, 2.63403767753010, 0.00000000000000, 2.64637213116866,*****************, 0.00000000000000,
   12,   35, 0.57500000000000, 1.72500000000000, 2.72944912496374, 0.01233445363856, 2.71711467132518, 0.00516111084250, 0.00000000000000, 0.01402332999048, 2.63403767753010, 0.00000000000000, 2.64637213116866,*****************, 0.00000000000000,
   12,   36, 0.57500000000000, 1.77500000000000, 2.72944912496374, 0.01233445363856, 2.71711467132518, 0.00516111084250, 0.00000000000000, 0.01402332999048, 2.63403767753010, 0.00000000000000, 2.64637213116866,*****************, 0.00000000000000,
   12,   37, 0.57500000000000, 1.82500000000000, 2.72944912496374, 0.01233445363856, 2.71711467132518, 0.00516111084250, 0.00000000000000, 0.01402332999048, 2.63403767753010, 0.00000000000000, 2.64637213116866,*****************, 0.00000000000000,
   12,   38, 0.57500000000000, 1.87500000000000, 2.72944912496374, 0.01233445363856, 2.71711467132518, 0.00516111084250, 0.00000000000000, 0.01402332999048, 2.63403767753010, 0.00000000000000, 2.64637213116866,*****************, 0.00000000000000,
   12,   39, 0.57500000000000, 1.92500000000000, 2.72944912496374, 0.01233445363856, 2.71711467132518, 0.00516111084250, 0.00000000000000, 0.01402332999048, 2.63403767753010, 0.00000000000000, 2.64637213116866,*****************, 0.00000000000000,
   12,   40, 0.57500000000000, 1.97500000000000, 2.72944912496374, 0.01233445363856, 2.71711467132518, 0.00516111084250, 0.00000000000000, 0.01402332999048, 2.63403767753010, 0.00000000000000, 2.64637213116866,*****************, 0.00000000000000,
   13,    1, 0.62500000000000, 0.02500000000000, 2.69934191579841, 0.01382683432365, 2.68551508147476, 0.00522144106965, 0.00000000000000, 0.01402225873957, 2.59400434945891, 0.00000000000000, 2.60783118378256,*****************, 0.00000000000000,
   13,    2, 0.62500000000000, 0.07500000000000, 2.69934191579841, 0.01382683432365, 2.68551508147476, 0.00522144106965, 0.00000000000000, 0.01402225873957, 2.59400434945891, 0.00000000000000, 2.60783118378256,*****************, 0.00000000000000,
   13,    3, 0.62500000000000, 0.12500000000000, 2.69934191579841, 0.01382683432365, 2.68551508147476, 0.00522144106965, 0.00000000000000, 0.01402225873957, 2.59400434945891, 0.00000000000000, 2.60783118378256,*****************, 0.00000000000000,
   13,    4, 0.62500000000000, 0.17500000000000, 2.69934191579841, 0.01382683432365, 2.68551508147476, 0.00522144106965, 0.00000000000000, 0.01402225873957, 2.59400434945891, 0.00000000000000, 2.60783118378256,*****************, 0.00000000000000,
   13,    5, 0.62500000000000, 0.22500000000000, 2.69934191579841, 0.01382683432365, 2.68551508147476, 0.00522144106965, 0.00000000000000, 0.01402225873957, 2.59400434945891, 0.00000000000000, 2.60783118378256,*****************, 0.00000000000000,
   13,    6, 0.62500000000000, 0.27500000000000, 2.69934191579841, 0.01382683432365, 2.68551508147476, 0.00522144106965, 0.00000000000000, 0.01402225873957, 2.59400434945891, 0.00000000000000, 2.60783118378256,*****************, 0.00000000000000,
   13,    7, 0.62500000000000, 0.32500000000000, 2.69934191579841, 0.01382683432365, 2.68551508147476, 0.00522144106965, 0.00000000000000, 0.01402225873957, 2.59400434945891, 0.00000000000000, 2.60783118378256,*****************, 0.00000000000000,
   13,    8, 0.62500000000000, 0.37500000000000, 2.69934191579841, 0.01382683432365, 2.68551508147476, 0.00522144106965, 0.00000000000000, 0.01402225873957, 2.59400434945891, 0.00000000000000, 2.60783118378256,*****************, 0.00000000000000,
   13,    9, 0.62500000000000, 0.42500000000000, 2.69934191579841, 0.01382683432365, 2.68551508147476, 0.00522144106965, 0.00000000000000, 0.01402225873957, 2.59400434945891, 0.00000000000000, 2.60783118378256,*****************, 0.00000000000000,
   13,   10, 0.62500000000000, 0.47500000000000, 2.69934191579841, 0.01382683432365, 2.68551508147476, 0.00522144106965, 0.00000000000000, 0.01402225873957, 2.59400434945891, 0.00000000000000, 2.60783118378256,*****************, 0.00000000000000,
   13,   11, 0.62500000000000, 0.52500000000000, 2.69934191579841, 0.01382683432365, 2.68551508147476, 0.00522144106965, 0.00000000000000, 0.01402225873957, 2.59400434945891, 0.00000000000000, 2.60783118378256,*****************, 0.00000000000000,
   13,   12, 0.62500000000000, 0.57500000000000, 2.69934191579841, 0.01382683432365, 2.68551508147476, 0.00522144106965, 0.00000000000000, 0.01402225873957, 2.59400434945891, 0.00000000000000, 2.60783118378256,*****************, 0.00000000000000,
   13,   13, 0.62500000000000, 0.62500000000000, 2.69934191579841, 0.01382683432365, 2.68551508147476, 0.00522144106965, 0.00000000000000, 0.01402225873957, 2.59400434945891, 0.00000000000000, 2.60783118378256,*****************, 0.00000000000000,
   13,   14, 0.62500000000000, 0.67500000000000, 2.69934191579841, 0.01382683432365, 2.68551508147476, 0.00522144106965, 0.00000000000000, 0.01402225873957, 2.59400434945891, 0.00000000000000, 2.60783118378256,*****************, 0.00000000000000,
   13,   15, 0.62500000000000, 0.72500000000000, 2.69934191579841, 0.01382683432365, 2.68551508147476, 0.00522144106965, 0.00000000000000, 0.01402225873957, 2.59400434945891, 0.00000000000000, 2.60783118378256,*****************, 0.00000000000000,
   13,   16, 0.62500000000000, 0.77500000000000, 2.69934191579841, 0.01382683432365, 2.68551508147476, 0.00522144106965, 0.00000000000000, 0.01402225873957, 2.59400434945891, 0.00000000000000, 2.60783118378256,*****************, 0.00000000000000,
   13,   17, 0.62500000000000, 0.82500000000000, 2.69934191579841, 0.01382683432365, 2.68551508147476, 0.00522144106965, 0.00000000000000, 0.01402225873957, 2.59400434945891, 0.00000000000000, 2.60783118378256,*****************, 0.00000000000000,
   13,   18, 0.62500000000000, 0.87500000000000, 2.69934191579841, 0.01382683432365, 2.68551508147476, 0.00522144106965, 0.00000000000000, 0.01402225873957, 2.59400434945891, 0.00000000000000, 2.60783118378256,*****************, 0.00000000000000,
   13,   19, 0.62500000000000, 0.92500000000000, 2.69934191579841, 0.01382683432365, 2.68551508147476, 0.00522144106965, 0.00000000000000, 0.01402225873957, 2.59400434945891, 0.00000000000000, 2.60783118378256,*****************, 0.00000000000000,
   13,   20, 0.62500000000000, 0.97500000000000, 2.69934191579841, 0.01382683432365, 2.68551508147476, 0.00522144106965, 0.00000000000000, 0.01402225873957, 2.59400434945891, 0.00000000000000, 2.60783118378256,*****************, 0.00000000000000,
   13,   21, 0.62500000000000, 1.02500000000000, 2.69934191579841, 0.01382683432365, 2.68551508147476, 0.00522144106965, 0.00000000000000, 0.01402225873957, 2.59400434945891, 0.00000000000000, 2.60783118378256,*****************, 0.00000000000000,
   13,   22, 0.62500000000000, 1.07500000000000, 2.69934191579841, 0.01382683432365, 2.68551508147476, 0.00522144106965, 0.00000000000000, 0.01402225873957, 2.59400434945891, 0.00000000000000, 2.60783118378256,*****************, 0.00000000000000,
   13,   23, 0.62500000000000, 1.12500000000000, 2.69934191579841, 0.01382683432365, 2.68551508147476, 0.00522144106965, 0.00000000000000, 0.01402225873957, 2.59400434945891, 0.00000000000000, 2.60783118378256,*****************, 0.00000000000000,
   13,   24, 0.62500000000000, 1.17500000000000, 2.69934191579841, 0.01382683432365, 2.68551508147476, 0.00522144106965, 0.00000000000000, 0.01402225873957, 2.59400434945891, 0.00000000000000, 2.60783118378256,*****************, 0.00000000000000,
   13,   25, 0.62500000000000, 1.22500000000000, 2.69934191579841, 0.01382683432365, 2.68551508147476, 0.00522144106965, 0.00000000000000, 0.01402225873957, 2.59400434945891, 0.00000000000000, 2.60783118378256,*****************, 0.00000000000000,
   13,   26, 0.62500000000000, 1.27500000000000, 2.69934191579841, 0.01382683432365, 2.68551508147476, 0.00522144106965, 0.00000000000000, 0.01402225873957, 2.59400434945891, 0.00000000000000, 2.60783118378256,*****************, 0.00000000000000,
   13,   27, 0.62500000000000, 1.32500000000000, 2.69934191579841, 0.01382683432365, 2.68551508147476, 0.00522144106965, 0.00000000000000, 0.01402225873957, 2.59400434945891, 0.00000000000000, 2.60783118378256,*****************, 0.00000000000000,
   13,   28, 0.62500000000000, 1.37500000000000, 2.69934191579841, 0.01382683432365, 2.68551508147476, 0.00522144106965, 0.00000000000000, 0.01402225873957, 2.59400434945891, 0.00000000000000, 2.60783118378256,*****************, 0.00000000000000,
   13,   29, 0.62500000000000, 1.42500000000000, 2.69934191579841, 0.01382683432365, 2.68551508147476, 0.00522144106965, 0.00000000000000, 0.01402225873957, 2.59400434945891, 0.00000000000000, 2.60783118378256,*****************, 0.00000000000000,
   13,   30, 0.62500000000000, 1.47500000000000, 2.69934191579841, 0.01382683432365, 2.68551508147476, 0.00522144106965, 0.00000000000000, 0.01402225873957, 2.59400434945891, 0.00000000000000, 2.60783118378256,*****************, 0.00000000000000,
   13,   31, 0.62500000000000, 1.52500000000000, 2.69934191579841, 0.01382683432365, 2.68551508147476, 0.00522144106965, 0.00000000000000, 0.01402225873957, 2.59400434945891, 0.00000000000000, 2.60783118378256,*****************, 0.00000000000000,
   13,   32, 0.62500000000000, 1.57500000000000, 2.69934191579841, 0.01382683432365, 2.68551508147476, 0.00522144106965, 0.00000000000000, 0.01402225873957, 2.59400434945891, 0.00000000000000, 2.60783118378256,*****************, 0.00000000000000,
   13,   33, 0.62500000000000, 1.62500000000000, 2.69934191579841, 0.01382683432365, 2.68551508147476, 0.00522144106965, 0.00000000000000, 0.01402225873957, 2.59400434945891, 0.00000000000000, 2.60783118378256,*****************, 0.00000000000000,
   13,   34, 0.62500000000000, 1.67500000000000, 2.69934191579841, 0.01382683432365, 2.68551508147476, 0.00522144106965, 0.00000000000000, 0.01402225873957, 2.59400434945891, 0.00000000000000, 2.60783118378256,*****************, 0.00000000000000,
   13,   35, 0.62500000000000, 1.72500000000000, 2.69934191579841, 0.01382683432365, 2.68551508147476, 0.00522144106965, 0.00000000000000, 0.01402225873957, 2.59400434945891, 0.00000000000000, 2.60783118378256,*****************, 0.00000000000000,
   13,   36, 0.62500000000000, 1.77500000000000, 2.69934191579841, 0.01382683432365, 2.68551508147476, 0.00522144106965, 0.00000000000000, 0.01402225873957, 2.59400434945891, 0.00000000000000, 2.60783118378256,*****************, 0.00000000000000,
   13,   37, 0.62500000000000, 1.82500000000000, 2.69934191579841, 0.01382683432365, 2.68551508147476, 0.00522144106965, 0.00000000000000, 0.01402225873957, 2.59400434945891, 0.00000000000000, 2.60783118378256,*****************, 0.00000000000000,
   13,   38, 0.62500000000000, 1.87500000000000, 2.69934191579841, 0.01382683432365, 2.68551508147476, 0.00522144106965, 0.00000000000000, 0.01402225873957, 2.59400434945891, 0.00000000000000, 2.60783118378256,*****************, 0.00000000000000,
   13,   39, 0.62500000000000, 1.92500000000000, 2.69934191579841, 0.01382683432365, 2.68551508147476, 0.00522144106965, 0.00000000000000, 0.01402225873957, 2.59400434945891, 0.00000000000000, 2.60783118378256,*****************, 0.00000000000000,
   13,   40, 0.62500000000000, 1.97500000000000, 2.69934191579841, 0.01382683432365, 2.68551508147476, 0.00522144106965, 0.00000000000000, 0.01402225873957, 2.59400434945891, 0.00000000000000, 2.60783118378256,*****************, 0.00000000000000,
   14,    1, 0.67500000000000, 0.02500000000000, 2.65437444873600, 0.01522498564716, 2.63914946308884, 0.00531283356690,-0.00000000000000, 0.01402136185557, 2.53934466291663, 0.00000000000000, 2.55456964856379,*****************, 0.00000000000000,
   14,    2, 0.67500000000000, 0.07500000000000, 2.65437444873600, 0.01522498564716, 2.63914946308884, 0.00531283356690,-0.00000000000000, 0.01402136185557, 2.53934466291663, 0.00000000000000, 2.55456964856379,*****************, 0.00000000000000,
   14,    3, 0.67500000000000, 0.12500000000000, 2.65437444873600, 0.01522498564716, 2.63914946308884, 0.00531283356690,-0.00000000000000, 0.01402136185557, 2.53934466291663, 0.00000000000000, 2.55456964856379,*****************, 0.00000000000000,
   14,    4, 0.67500000000000, 0.17500000000000, 2.65437444873600, 0.01522498564716, 2.63914946308884, 0.00531283356690,-0.00000000000000, 0.01402136185557, 2.53934466291663, 0.00000000000000, 2.55456964856379,*****************, 0.00000000000000,
   14,    5, 0.67500000000000, 0.22500000000000, 2.65437444873600, 0.01522498564716, 2.63914946308884, 0.00531283356690,-0.00000000000000, 0.01402136185557, 2.53934466291663, 0.00000000000000, 2.55456964856379,*****************, 0.00000000000000,
   14,    6, 0.67500000000000, 0.27500000000000, 2.65437444873600, 0.01522498564716, 2.63914946308884, 0.00531283356690,-0.00000000000000, 0.01402136185557, 2.53934466291663, 0.00000000000000, 2.55456964856379,*****************, 0.00000000000000,
   14,    7, 0.67500000000000, 0.32500000000000, 2.65437444873600, 0.01522498564716, 2.63914946308884, 0.00531283356690,-0.00000000000000, 0.01402136185557, 2.53934466291663, 0.00000000000000, 2.55456964856379,*****************, 0.00000000000000,
   14,    8, 0.67500000000000, 0.37500000000000, 2.65437444873600, 0.01522498564716, 2.63914946308884, 0.00531283356690,-0.00000000000000, 0.01402136185557, 2.53934466291663, 0.00000000000000, 2.55456964856379,*****************, 0.00000000000000,
   14,    9, 0.67500000000000, 0.42500000000000, 2.65437444873600, 0.01522498564716, 2.63914946308884, 0.00531283356690,-0.00000000000000, 0.01402136185557, 2.53934466291663, 0.00000000000000, 2.55456964856379,*****************, 0.00000000000000,
   14,   10, 0.67500000000000, 0.47500000000000, 2.65437444873600, 0.01522498564716, 2.63914946308884, 0.00531283356690,-0.00000000000000, 0.01402136185557, 2.53934466291663, 0.00000000000000, 2.55456964856379,*****************, 0.00000000000000,
   14,   11, 0.67500000000000, 0.52500000000000, 2.65437444873600, 0.01522498564716, 2.63914946308884, 0.00531283356690,-0.00000000000000, 0.01402136185557, 2.53934466291663, 0.00000000000000, 2.55456964856379,*****************, 0.00000000000000,
   14,   12, 0.67500000000000, 0.57500000000000, 2.65437444873600, 0.01522498564716, 2.63914946308884, 0.00531283356690,-0.00000000000000, 0.01402136185557, 2.53934466291663, 0.00000000000000, 2.55456964856379,*****************, 0.00000000000000,
   14,   13, 0.67500000000000, 0.62500000000000, 2.65437444873600, 0.01522498564716, 2.63914946308884, 0.00531283356690,-0.00000000000000, 0.01402136185557, 2.53934466291663, 0.00000000000000, 2.55456964856379,*****************, 0.00000000000000,
   14,   14, 0.67500000000000, 0.67500000000000, 2.65437444873600, 0.01522498564716, 2.63914946308884, 0.00531283356690,-0.00000000000000, 0.01402136185557, 2.53934466291663, 0.00000000000000, 2.55456964856379,*****************, 0.00000000000000,
   14,   15, 0.67500000000000, 0.72500000000000, 2.65437444873600, 0.01522498564716, 2.63914946308884, 0.00531283356690,-0.00000000000000, 0.01402136185557, 2.53934466291663, 0.00000000000000, 2.55456964856379,*****************, 0.00000000000000,
   14,   16, 0.67500000000000, 0.77500000000000, 2.65437444873600, 0.01522498564716, 2.63914946308884, 0.00531283356690,-0.00000000000000, 0.01402136185557, 2.53934466291663, 0.00000000000000, 2.55456964856379,*****************, 0.00000000000000,
   14,   17, 0.67500000000000, 0.82500000000000, 2.65437444873600, 0.01522498564716, 2.63914946308884, 0.00531283356690,-0.00000000000000, 0.01402136185557, 2.53934466291663, 0.00000000000000, 2.55456964856379,*****************, 0.00000000000000,
   14,   18, 0.67500000000000, 0.87500000000000, 2.65437444873600, 0.01522498564716, 2.63914946308884, 0.00531283356690,-0.00000000000000, 0.01402136185557, 2.53934466291663, 0.00000000000000, 2.55456964856379,*****************, 0.00000000000000,
   14,   19, 0.67500000000000, 0.92500000000000, 2.65437444873600, 0.01522498564716, 2.63914946308884, 0.00531283356690,-0.00000000000000, 0.01402136185557, 2.53934466291663, 0.00000000000000, 2.55456964856379,*****************, 0.00000000000000,
   14,   20, 0.67500000000000, 0.97500000000000, 2.65437444873600, 0.01522498564716, 2.63914946308884, 0.00531283356690,-0.00000000000000, 0.01402136185557, 2.53934466291663, 0.00000000000000, 2.55456964856379,*****************, 0.00000000000000,
   14,   21, 0.67500000000000, 1.02500000000000, 2.65437444873600, 0.01522498564716, 2.63914946308884, 0.00531283356690,-0.00000000000000, 0.01402136185557, 2.53934466291663, 0.00000000000000, 2.55456964856379,*****************, 0.00000000000000,
   14,   22, 0.67500000000000, 1.07500000000000, 2.65437444873600, 0.01522498564716, 2.63914946308884, 0.00531283356690,-0.00000000000000, 0.01402136185557, 2.53934466291663, 0.00000000000000, 2.55456964856379,*****************, 0.00000000000000,
   14,   23, 0.67500000000000, 1.12500000000000, 2.65437444873600, 0.01522498564716, 2.63914946308884, 0.00531283356690,-0.00000000000000, 0.01402136185557, 2.53934466291663, 0.00000000000000, 2.55456964856379,*****************, 0.00000000000000,
   14,   24, 0.67500000000000, 1.17500000000000, 2.65437444873600, 0.01522498564716, 2.63914946308884, 0.00531283356690,-0.00000000000000, 0.01402136185557, 2.53934466291663, 0.00000000000000, 2.55456964856379,*****************, 0.00000000000000,
   14,   25, 0.67500000000000, 1.22500000000000, 2.65437444873600, 0.01522498564716, 2.63914946308884, 0.00531283356690,-0.00000000000000, 0.01402136185557, 2.53934466291663, 0.00000000000000, 2.55456964856379,*****************, 0.00000000000000,
   14,   26, 0.67500000000000, 1.27500000000000, 2.65437444873600, 0.01522498564716, 2.63914946308884, 0.00531283356690,-0.00000000000000, 0.01402136185557, 2.53934466291663, 0.00000000000000, 2.55456964856379,*****************, 0.00000000000000,
   14,   27, 0.67500000000000, 1.32500000000000, 2.65437444873600, 0.01522498564716, 2.63914946308884, 0.00531283356690,-0.00000000000000, 0.01402136185557, 2.53934466291663, 0.00000000000000, 2.55456964856379,*****************, 0.00000000000000,
   14,   28, 0.67500000000000, 1.37500000000000, 2.65437444873600, 0.01522498564716, 2.63914946308884, 0.00531283356690,-0.00000000000000, 0.01402136185557, 2.53934466291663, 0.00000000000000, 2.55456964856379,*****************, 0.00000000000000,
   14,   29, 0.67500000000000, 1.42500000000000, 2.65437444873600, 0.01522498564716, 2.63914946308884, 0.00531283356690,-0.00000000000000, 0.01402136185557, 2.53934466291663, 0.00000000000000, 2.55456964856379,*****************, 0.00000000000000,
   14,   30, 0.67500000000000, 1.47500000000000, 2.65437444873600, 0.01522498564716, 2.63914946308884, 0.00531283356690,-0.00000000000000, 0.01402136185557, 2.53934466291663, 0.00000000000000, 2.55456964856379,*****************, 0.00000000000000,
   14,   31, 0.67500000000000, 1.52500000000000, 2.65437444873600, 0.01522498564716, 2.63914946308884, 0.00531283356690,-0.00000000000000, 0.01402136185557, 2.53934466291663, 0.00000000000000, 2.55456964856379,*****************, 0.00000000000000,
   14,   32, 0.67500000000000, 1.57500000000000, 2.65437444873600, 0.01522498564716, 2.63914946308884, 0.00531283356690,-0.00000000000000, 0.01402136185557, 2.53934466291663, 0.00000000000000, 2.55456964856379,*****************, 0.00000000000000,
   14,   33, 0.67500000000000, 1.62500000000000, 2.65437444873600, 0.01522498564716, 2.63914946308884, 0.00531283356690,-0.00000000000000, 0.01402136185557, 2.53934466291663, 0.00000000000000, 2.55456964856379,*****************, 0.00000000000000,
   14,   34, 0.67500000000000, 1.67500000000000, 2.65437444873600, 0.01522498564716, 2.63914946308884, 0.00531283356690,-0.00000000000000, 0.01402136185557, 2.53934466291663, 0.00000000000000, 2.55456964856379,*****************, 0.00000000000000,
   14,   35, 0.67500000000000, 1.72500000000000, 2.65437444873600, 0.01522498564716, 2.63914946308884, 0.00531283356690,-0.00000000000000, 0.01402136185557, 2.53934466291663, 0.00000000000000, 2.55456964856379,*****************, 0.00000000000000,
   14,   36, 0.67500000000000, 1.77500000000000, 2.65437444873600, 0.01522498564716, 2.63914946308884, 0.00531283356690,-0.00000000000000, 0.01402136185557, 2.53934466291663, 0.00000000000000, 2.55456964856379,*****************, 0.00000000000000,
   14,   37, 0.67500000000000, 1.82500000000000, 2.65437444873600, 0.01522498564716, 2.63914946308884, 0.00531283356690,-0.00000000000000, 0.01402136185557, 2.53934466291663, 0.00000000000000, 2.55456964856379,*****************, 0.00000000000000,
   14,   38, 0.67500000000000, 1.87500000000000, 2.65437444873600, 0.01522498564716, 2.63914946308884, 0.00531283356690,-0.00000000000000, 0.01402136185557, 2.53934466291663, 0.00000000000000, 2.55456964856379,*****************, 0.00000000000000,
   14,   39, 0.67500000000000, 1.92500000000000, 2.65437444873600, 0.01522498564716, 2.63914946308884, 0.00531283356690,-0.00000000000000, 0.01402136185557, 2.53934466291663, 0.00000000000000, 2.55456964856379,*****************, 0.00000000000000,
   14,   40, 0.67500000000000, 1.97500000000000, 2.65437444873600, 0.01522498564716, 2.63914946308884, 0.00531283356690,-0.00000000000000, 0.01402136185557, 2.53934466291663, 0.00000000000000, 2.55456964856379,*****************, 0.00000000000000,
   15,    1, 0.72500000000000, 0.02500000000000, 2.59569652473571, 0.01649448048330, 2.57920204425241, 0.00543607168633,-0.00000000000000, 0.01402072720608, 2.47140452079103, 0.00000000000000, 2.48789900127433,*****************, 0.00000000000000,
   15,    2, 0.72500000000000, 0.07500000000000, 2.59569652473571, 0.01649448048330, 2.57920204425241, 0.00543607168633,-0.00000000000000, 0.01402072720608, 2.47140452079103, 0.00000000000000, 2.48789900127433,*****************, 0.00000000000000,
   15,    3, 0.72500000000000, 0.12500000000000, 2.59569652473571, 0.01649448048330, 2.57920204425241, 0.00543607168633,-0.00000000000000, 0.01402072720608, 2.47140452079103, 0.00000000000000, 2.48789900127433,*****************, 0.00000000000000,
   15,    4, 0.72500000000000, 0.17500000000000, 2.59569652473571, 0.01649448048330, 2.57920204425241, 0.00543607168633,-0.00000000000000, 0.01402072720608, 2.47140452079103, 0.00000000000000, 2.48789900127433,*****************, 0.00000000000000,
   15,    5, 0.72500000000000, 0.22500000000000, 2.59569652473571, 0.01649448048330, 2.57920204425241, 0.00543607168633,-0.00000000000000, 0.01402072720608, 2.47140452079103, 0.00000000000000, 2.48789900127433,*****************, 0.00000000000000,
   15,    6, 0.72500000000000, 0.27500000000000, 2.59569652473571, 0.01649448048330, 2.57920204425241, 0.00543607168633,-0.00000000000000, 0.01402072720608, 2.47140452079103, 0.00000000000000, 2.48789900127433,*****************, 0.00000000000000,
   15,    7, 0.72500000000000, 0.32500000000000, 2.59569652473571, 0.01649448048330, 2.57920204425241, 0.00543607168633,-0.00000000000000, 0.01402072720608, 2.47140452079103, 0.00000000000000, 2.48789900127433,*****************, 0.00000000000000,
   15,    8, 0.72500000000000, 0.37500000000000, 2.59569652473571, 0.01649448048330, 2.57920204425241, 0.00543607168633,-0.00000000000000, 0.01402072720608, 2.47140452079103, 0.00000000000000, 2.48789900127433,*****************, 0.00000000000000,
   15,    9, 0.72500000000000, 0.42500000000000, 2.59569652473571, 0.01649448048330, 2.57920204425241, 0.00543607168633,-0.00000000000000, 0.01402072720608, 2.47140452079103, 0.00000000000000, 2.48789900127433,*****************, 0.00000000000000,
   15,   10, 0.72500000000000, 0.47500000000000, 2.59569652473571, 0.01649448048330, 2.57920204425241, 0.00543607168633,-0.00000000000000, 0.01402072720608, 2.47140452079103, 0.00000000000000, 2.48789900127433,*****************, 0.00000000000000,
   15,   11, 0.72500000000000, 0.52500000000000, 2.59569652473571, 0.01649448048330, 2.57920204425241, 0.00543607168633,-0.00000000000000, 0.01402072720608, 2.47140452079103, 0.00000000000000, 2.48789900127433,*****************, 0.00000000000000,
   15,   12, 0.72500000000000, 0.57500000000000, 2.59569652473571, 0.01649448048330, 2.57920204425241, 0.00543607168633,-0.00000000000000, 0.01402072720608, 2.47140452079103, 0.00000000000000, 2.48789900127433,*****************, 0.00000000000000,
   15,   13, 0.72500000000000, 0.62500000000000, 2.59569652473571, 0.01649448048330, 2.57920204425241, 0.00543607168633,-0.00000000000000, 0.01402072720608, 2.47140452079103, 0.00000000000000, 2.48789900127433,*****************, 0.00000000000000,
   15,   14, 0.72500000000000, 0.67500000000000, 2.59569652473571, 0.01649448048330, 2.57920204425241, 0.00543607168633,-0.00000000000000, 0.01402072720608, 2.47140452079103, 0.00000000000000, 2.48789900127433,*****************, 0.00000000000000,
   15,   15, 0.72500000000000, 0.72500000000000, 2.59569652473571, 0.01649448048330, 2.57920204425241, 0.00543607168633,-0.00000000000000, 0.01402072720608, 2.47140452079103, 0.00000000000000, 2.48789900127433,*****************, 0.00000000000000,
   15,   16, 0.72500000000000, 0.77500000000000, 2.59569652473571, 0.01649448048330, 2.57920204425241, 0.00543607168633,-0.00000000000000, 0.01402072720608, 2.47140452079103, 0.00000000000000, 2.48789900127433,*****************, 0.00000000000000,
   15,   17, 0.72500000000000, 0.82500000000000, 2.59569652473571, 0.01649448048330, 2.57920204425241, 0.00543607168633,-0.00000000000000, 0.01402072720608, 2.47140452079103, 0.00000000000000, 2.48789900127433,*****************, 0.00000000000000,
   15,   18, 0.72500000000000, 0.87500000000000, 2.59569652473571, 0.01649448048330, 2.57920204425241, 0.00543607168633,-0.00000000000000, 0.01402072720608, 2.47140452079103, 0.00000000000000, 2.48789900127433,*****************, 0.00000000000000,
   15,   19, 0.72500000000000, 0.92500000000000, 2.59569652473571, 0.01649448048330, 2.57920204425241, 0.00543607168633,-0.00000000000000, 0.01402072720608, 2.47140452079103, 0.00000000000000, 2.48789900127433,*****************, 0.00000000000000,
   15,   20, 0.72500000000000, 0.97500000000000, 2.59569652473571, 0.01649448048330, 2.57920204425241, 0.00543607168633,-0.00000000000000, 0.01402072720608, 2.47140452079103, 0.00000000000000, 2.48789900127433,*****************, 0.00000000000000,
   15,   21, 0.72500000000000, 1.02500000000000, 2.59569652473571, 0.01649448048330, 2.57920204425241, 0.00543607168633,-0.00000000000000, 0.01402072720608, 2.47140452079103, 0.00000000000000, 2.48789900127433,*****************, 0.00000000000000,
   15,   22, 0.72500000000000, 1.07500000000000, 2.59569652473571, 0.01649448048330, 2.57920204425241, 0.00543607168633,-0.00000000000000, 0.01402072720608, 2.47140452079103, 0.00000000000000, 2.48789900127433,*****************, 0.00000000000000,
   15,   23, 0.72500000000000, 1.12500000000000, 2.59569652473571, 0.01649448048330, 2.57920204425241, 0.00543607168633,-0.00000000000000, 0.01402072720608, 2.47140452079103, 0.00000000000000, 2.48789900127433,*****************, 0.00000000000000,
   15,   24, 0.72500000000000, 1.17500000000000, 2.59569652473571, 0.01649448048330, 2.57920204425241, 0.00543607168633,-0.00000000000000, 0.01402072720608, 2.47140452079103, 0.00000000000000, 2.48789900127433,*****************, 0.00000000000000,
   15,   25, 0.72500000000000, 1.22500000000000, 2.59569652473571, 0.01649448048330, 2.57920204425241, 0.00543607168633,-0.00000000000000, 0.01402072720608, 2.47140452079103, 0.00000000000000, 2.48789900127433,*****************, 0.00000000000000,
   15,   26, 0.72500000000000, 1.27500000000000, 2.59569652473571, 0.01649448048330, 2.57920204425241, 0.00543607168633,-0.00000000000000, 0.01402072720608, 2.47140452079103, 0.00000000000000, 2.48789900127433,*****************, 0.00000000000000,
   15,   27, 0.72500000000000, 1.32500000000000, 2.59569652473571, 0.01649448048330, 2.57920204425241, 0.00543607168633,-0.00000000000000, 0.01402072720608, 2.47140452079103, 0.00000000000000, 2.48789900127433,*****************, 0.00000000000000,
   15,   28, 0.72500000000000, 1.37500000000000, 2.59569652473571, 0.01649448048330, 2.57920204425241, 0.00543607168633,-0.00000000000000, 0.01402072720608, 2.47140452079103, 0.00000000000000, 2.48789900127433,*****************, 0.00000000000000,
   15,   29, 0.72500000000000, 1.42500000000000, 2.59569652473571, 0.01649448048330, 2.57920204425241, 0.00543607168633,-0.00000000000000, 0.01402072720608, 2.47140452079103, 0.00000000000000, 2.48789900127433,*****************, 0.00000000000000,
   15,   30, 0.72500000000000, 1.47500000000000, 2.59569652473571, 0.01649448048330, 2.57920204425241, 0.00543607168633,-0.00000000000000, 0.01402072720608, 2.47140452079103, 0.00000000000000, 2.48789900127433,*****************, 0.00000000000000,
   15,   31, 0.72500000000000, 1.52500000000000, 2.59569652473571, 0.01649448048330, 2.57920204425241, 0.00543607168633,-0.00000000000000, 0.01402072720608, 2.47140452079103, 0.00000000000000, 2.48789900127433,*****************, 0.00000000000000,
   15,   32, 0.72500000000000, 1.57500000000000, 2.59569652473571, 0.01649448048330, 2.57920204425241, 0.00543607168633,-0.00000000000000, 0.01402072720608, 2.47140452079103, 0.00000000000000, 2.48789900127433,*****************, 0.00000000000000,
   15,   33, 0.72500000000000, 1.62500000000000, 2.59569652473571, 0.01649448048330, 2.57920204425241, 0.00543607168633,-0.00000000000000, 0.01402072720608, 2.47140452079103, 0.00000000000000, 2.48789900127433,*****************, 0.00000000000000,
   15,   34, 0.72500000000000, 1.67500000000000, 2.59569652473571, 0.01649448048330, 2.57920204425241, 0.00543607168633,-0.00000000000000, 0.01402072720608, 2.47140452079103, 0.00000000000000, 2.48789900127433,*****************, 0.00000000000000,
   15,   35, 0.72500000000000, 1.72500000000000, 2.59569652473571, 0.01649448048330, 2.57920204425241, 0.00543607168633,-0.00000000000000, 0.01402072720608, 2.47140452079103, 0.00000000000000, 2.48789900127433,*****************, 0.00000000000000,
   15,   36, 0.72500000000000, 1.77500000000000, 2.59569652473571, 0.01649448048330, 2.57920204425241, 0.00543607168633,-0.00000000000000, 0.01402072720608, 2.47140452079103, 0.00000000000000, 2.48789900127433,*****************, 0.00000000000000,
   15,   37, 0.72500000000000, 1.82500000000000, 2.59569652473571, 0.01649448048330, 2.57920204425241, 0.00543607168633,-0.00000000000000, 0.01402072720608, 2.47140452079103, 0.00000000000000, 2.48789900127433,*****************, 0.00000000000000,
   15,   38, 0.72500000000000, 1.87500000000000, 2.59569652473571, 0.01649448048330, 2.57920204425241, 0.00543607168633,-0.00000000000000, 0.01402072720608, 2.47140452079103, 0.00000000000000, 2.48789900127433,*****************, 0.00000000000000,
   15,   39, 0.72500000000000, 1.92500000000000, 2.59569652473571, 0.01649448048330, 2.57920204425241, 0.00543607168633,-0.00000000000000, 0.01402072720608, 2.47140452079103, 0.00000000000000, 2.48789900127433,*****************, 0.00000000000000,
   15,   40, 0.72500000000000, 1.97500000000000, 2.59569652473571, 0.01649448048330, 2.57920204425241, 0.00543607168633,-0.00000000000000, 0.01402072720608, 2.47140452079103, 0.00000000000000, 2.48789900127433,*****************, 0.00000000000000,
   16,    1, 0.77500000000000, 0.02500000000000, 2.52480908335371, 0.01760405965600, 2.50720502369771, 0.00559203933189, 0.00000000000000, 0.01402038910562, 2.39185683486165, 0.00000000000000, 2.40946089451765,*****************, 0.00000000000000,
   16,    2, 0.77500000000000, 0.07500000000000, 2.52480908335371, 0.01760405965600, 2.50720502369771, 0.00559203933189, 0.00000000000000, 0.01402038910562, 2.39185683486165, 0.00000000000000, 2.40946089451765,*****************, 0.00000000000000,
   16,    3, 0.77500000000000, 0.12500000000000, 2.52480908335371, 0.01760405965600, 2.50720502369771, 0.00559203933189, 0.00000000000000, 0.01402038910562, 2.39185683486165, 0.00000000000000, 2.40946089451765,*****************, 0.00000000000000,
   16,    4, 0.77500000000000, 0.17500000000000, 2.52480908335371, 0.01760405965600, 2.50720502369771, 0.00559203933189, 0.00000000000000, 0.01402038910562, 2.39185683486165, 0.00000000000000, 2.40946089451765,*****************, 0.00000000000000,
   16,    5, 0.77500000000000, 0.22500000000000, 2.52480908335371, 0.01760405965600, 2.50720502369771, 0.00559203933189, 0.00000000000000, 0.01402038910562, 2.39185683486165, 0.00000000000000, 2.40946089451765,*****************, 0.00000000000000,
   16,    6, 0.77500000000000, 0.27500000000000, 2.52480908335371, 0.01760405965600, 2.50720502369771, 0.00559203933189, 0.00000000000000, 0.01402038910562, 2.39185683486165, 0.00000000000000, 2.40946089451765,*****************, 0.00000000000000,
   16,    7, 0.77500000000000, 0.32500000000000, 2.52480908335371, 0.01760405965600, 2.50720502369771, 0.00559203933189, 0.00000000000000, 0.01402038910562, 2.39185683486165, 0.00000000000000, 2.40946089451765,*****************, 0.00000000000000,
   16,    8, 0.77500000000000, 0.37500000000000, 2.52480908335371, 0.01760405965600, 2.50720502369771, 0.00559203933189, 0.00000000000000, 0.01402038910562, 2.39185683486165, 0.00000000000000, 2.40946089451765,*****************, 0.00000000000000,
   16,    9, 0.77500000000000, 0.42500000000000, 2.52480908335371, 0.01760405965600, 2.50720502369771, 0.00559203933189, 0.00000000000000, 0.01402038910562, 2.39185683486165, 0.00000000000000, 2.40946089451765,*****************, 0.00000000000000,
   16,   10, 0.77500000000000, 0.47500000000000, 2.52480908335371, 0.01760405965600, 2.50720502369771, 0.00559203933189, 0.00000000000000, 0.01402038910562, 2.39185683486165, 0.00000000000000, 2.40946089451765,*****************, 0.00000000000000,
   16,   11, 0.77500000000000, 0.52500000000000, 2.52480908335371, 0.01760405965600, 2.50720502369771, 0.00559203933189, 0.00000000000000, 0.01402038910562, 2.39185683486165, 0.00000000000000, 2.40946089451765,*****************, 0.00000000000000,
   16,   12, 0.77500000000000, 0.57500000000000, 2.52480908335371, 0.01760405965600, 2.50720502369771, 0.00559203933189, 0.00000000000000, 0.01402038910562, 2.39185683486165, 0.00000000000000, 2.40946089451765,*****************, 0.00000000000000,
   16,   13, 0.77500000000000, 0.62500000000000, 2.52480908335371, 0.01760405965600, 2.50720502369771, 0.00559203933189, 0.00000000000000, 0.01402038910562, 2.39185683486165, 0.00000000000000, 2.40946089451765,*****************, 0.00000000000000,
   16,   14, 0.77500000000000, 0.67500000000000, 2.52480908335371, 0.01760405965600, 2.50720502369771, 0.00559203933189, 0.00000000000000, 0.01402038910562, 2.39185683486165, 0.00000000000000, 2.40946089451765,*****************, 0.00000000000000,
   16,   15, 0.77500000000000, 0.72500000000000, 2.52480908335371, 0.01760405965600, 2.50720502369771, 0.00559203933189, 0.00000000000000, 0.01402038910562, 2.39185683486165, 0.00000000000000, 2.40946089451765,*****************, 0.00000000000000,
   16,   16, 0.77500000000000, 0.77500000000000, 2.52480908335371, 0.01760405965600, 2.50720502369771, 0.00559203933189, 0.00000000000000, 0.01402038910562, 2.39185683486165, 0.00000000000000, 2.40946089451765,*****************, 0.00000000000000,
   16,   17, 0.77500000000000, 0.82500000000000, 2.52480908335371, 0.01760405965600, 2.50720502369771, 0.00559203933189, 0.00000000000000, 0.01402038910562, 2.39185683486165, 0.00000000000000, 2.40946089451765,*****************, 0.00000000000000,
   16,   18, 0.77500000000000, 0.87500000000000, 2.52480908335371, 0.01760405965600, 2.50720502369771, 0.00559203933189, 0.00000000000000, 0.01402038910562, 2.39185683486165, 0.00000000000000, 2.40946089451765,*****************, 0.00000000000000,
   16,   19, 0.77500000000000, 0.92500000000000, 2.52480908335371, 0.01760405965600, 2.50720502369771, 0.00559203933189, 0.00000000000000, 0.01402038910562, 2.39185683486165, 0.00000000000000, 2.40946089451765,*****************, 0.00000000000000,
   16,   20, 0.77500000000000, 0.97500000000000, 2.52480908335371, 0.01760405965600, 2.50720502369771, 0.00559203933189, 0.00000000000000, 0.01402038910562, 2.39185683486165, 0.00000000000000, 2.40946089451765,*****************, 0.00000000000000,
   16,   21, 0.77500000000000, 1.02500000000000, 2.52480908335371, 0.01760405965600, 2.50720502369771, 0.00559203933189, 0.00000000000000, 0.01402038910562, 2.39185683486165, 0.00000000000000, 2.40946089451765,*****************, 0.00000000000000,
   16,   22, 0.77500000000000, 1.07500000000000, 2.52480908335371, 0.01760405965600, 2.50720502369771, 0.00559203933189, 0.00000000000000, 0.01402038910562, 2.39185683486165, 0.00000000000000, 2.40946089451765,*****************, 0.00000000000000,
   16,   23, 0.77500000000000, 1.12500000000000, 2.52480908335371, 0.01760405965600, 2.50720502369771, 0.00559203933189, 0.00000000000000, 0.01402038910562, 2.39185683486165, 0.00000000000000, 2.40946089451765,*****************, 0.00000000000000,
   16,   24, 0.77500000000000, 1.17500000000000, 2.52480908335371, 0.01760405965600, 2.50720502369771, 0.00559203933189, 0.00000000000000, 0.01402038910562, 2.39185683486165, 0.00000000000000, 2.40946089451765,*****************, 0.00000000000000,
   16,   25, 0.77500000000000, 1.22500000000000, 2.52480908335371, 0.01760405965600, 2.50720502369771, 0.00559203933189, 0.00000000000000, 0.01402038910562, 2.39185683486165, 0.00000000000000, 2.40946089451765,*****************, 0.00000000000000,
   16,   26, 0.77500000000000, 1.27500000000000, 2.52480908335371, 0.01760405965600, 2.50720502369771, 0.00559203933189, 0.00000000000000, 0.01402038910562, 2.39185683486165, 0.00000000000000, 2.40946089451765,*****************, 0.00000000000000,
   16,   27, 0.77500000000000, 1.32500000000000, 2.52480908335371, 0.01760405965600, 2.50720502369771, 0.00559203933189, 0.00000000000000, 0.01402038910562, 2.39185683486165, 0.00000000000000, 2.40946089451765,*****************, 0.00000000000000,
   16,   28, 0.77500000000000, 1.37500000000000, 2.52480908335371, 0.01760405965600, 2.50720502369771, 0.00559203933189, 0.00000000000000, 0.01402038910562, 2.39185683486165, 0.00000000000000, 2.40946089451765,*****************, 0.00000000000000,
   16,   29, 0.77500000000000, 1.42500000000000, 2.52480908335371, 0.01760405965600, 2.50720502369771, 0.00559203933189, 0.00000000000000, 0.01402038910562, 2.39185683486165, 0.00000000000000, 2.40946089451765,*****************, 0.00000000000000,
   16,   30, 0.77500000000000, 1.47500000000000, 2.52480908335371, 0.01760405965600, 2.50720502369771, 0.00559203933189, 0.00000000000000, 0.01402038910562, 2.39185683486165, 0.00000000000000, 2.40946089451765,*****************, 0.00000000000000,
   16,   31, 0.77500000000000, 1.52500000000000, 2.52480908335371, 0.01760405965600, 2.50720502369771, 0.00559203933189, 0.00000000000000, 0.01402038910562, 2.39185683486165, 0.00000000000000, 2.40946089451765,*****************, 0.00000000000000,
   16,   32, 0.77500000000000, 1.57500000000000, 2.52480908335371, 0.01760405965600, 2.50720502369771, 0.00559203933189, 0.00000000000000, 0.01402038910562, 2.39185683486165, 0.00000000000000, 2.40946089451765,*****************, 0.00000000000000,
   16,   33, 0.77500000000000, 1.62500000000000, 2.52480908335371, 0.01760405965600, 2.50720502369771, 0.00559203933189, 0.00000000000000, 0.01402038910562, 2.39185683486165, 0.00000000000000, 2.40946089451765,*****************, 0.00000000000000,
   16,   34, 0.77500000000000, 1.67500000000000, 2.52480908335371, 0.01760405965600, 2.50720502369771, 0.00559203933189, 0.00000000000000, 0.01402038910562, 2.39185683486165, 0.00000000000000, 2.40946089451765,*****************, 0.00000000000000,
   16,   35, 0.77500000000000, 1.72500000000000, 2.52480908335371, 0.01760405965600, 2.50720502369771, 0.00559203933189, 0.00000000000000, 0.01402038910562, 2.39185683486165, 0.00000000000000, 2.40946089451765,*****************, 0.00000000000000,
   16,   36, 0.77500000000000, 1.77500000000000, 2.52480908335371, 0.01760405965600, 2.50720502369771, 0.00559203933189, 0.00000000000000, 0.01402038910562, 2.39185683486165, 0.00000000000000, 2.40946089451765,*****************, 0.00000000000000,
   16,   37, 0.77500000000000, 1.82500000000000, 2.52480908335371, 0.01760405965600, 2.50720502369771, 0.00559203933189, 0.00000000000000, 0.01402038910562, 2.39185683486165, 0.00000000000000, 2.40946089451765,*****************, 0.00000000000000,
   16,   38, 0.77500000000000, 1.87500000000000, 2.52480908335371, 0.01760405965600, 2.50720502369771, 0.00559203933189, 0.00000000000000, 0.01402038910562, 2.39185683486165, 0.00000000000000, 2.40946089451765,*****************, 0.00000000000000,
   16,   39, 0.77500000000000, 1.92500000000000, 2.52480908335371, 0.01760405965600, 2.50720502369771, 0.00559203933189, 0.00000000000000, 0.01402038910562, 2.39185683486165, 0.00000000000000, 2.40946089451765,*****************, 0.00000000000000,
   16,   40, 0.77500000000000, 1.97500000000000, 2.52480908335371, 0.01760405965600, 2.50720502369771, 0.00559203933189, 0.00000000000000, 0.01402038910562, 2.39185683486165, 0.00000000000000, 2.40946089451765,*****************, 0.00000000000000,
   17,    1, 0.82500000000000, 0.02500000000000, 2.44352590654275, 0.01852640164354, 2.42499950489921, 0.00578160984852,-0.00000000000000, 0.01402040102019, 2.30266033315970, 0.00000000000000, 2.32118673480324,*****************, 0.00000000000000,
   17,    2, 0.82500000000000, 0.07500000000000, 2.44352590654275, 0.01852640164354, 2.42499950489921, 0.00578160984852,-0.00000000000000, 0.01402040102019, 2.30266033315970, 0.00000000000000, 2.32118673480324,*****************, 0.00000000000000,
   17,    3, 0.82500000000000, 0.12500000000000, 2.44352590654275, 0.01852640164354, 2.42499950489921, 0.00578160984852,-0.00000000000000, 0.01402040102019, 2.30266033315970, 0.00000000000000, 2.32118673480324,*****************, 0.00000000000000,
   17,    4, 0.82500000000000, 0.17500000000000, 2.44352590654275, 0.01852640164354, 2.42499950489921, 0.00578160984852,-0.00000000000000, 0.01402040102019, 2.30266033315970, 0.00000000000000, 2.32118673480324,*****************, 0.00000000000000,
   17,    5, 0.82500000000000, 0.22500000000000, 2.44352590654275, 0.01852640164354, 2.42499950489921, 0.00578160984852,-0.00000000000000, 0.01402040102019, 2.30266033315970, 0.00000000000000, 2.32118673480324,*****************, 0.00000000000000,
   17,    6, 0.82500000000000, 0.27500000000000, 2.44352590654275, 0.01852640164354, 2.42499950489921, 0.00578160984852,-0.00000000000000, 0.01402040102019, 2.30266033315970, 0.00000000000000, 2.32118673480324,*****************, 0.00000000000000,
   17,    7, 0.82500000000000, 0.32500000000000, 2.44352590654275, 0.01852640164354, 2.42499950489921, 0.00578160984852,-0.00000000000000, 0.01402040102019, 2.30266033315970, 0.00000000000000, 2.32118673480324,*****************, 0.00000000000000,
   17,    8, 0.82500000000000, 0.37500000000000, 2.44352590654275, 0.01852640164354, 2.42499950489921, 0.00578160984852,-0.00000000000000, 0.01402040102019, 2.30266033315970, 0.00000000000000, 2.32118673480324,*****************, 0.00000000000000,
   17,    9, 0.82500000000000, 0.42500000000000, 2.44352590654275, 0.01852640164354, 2.42499950489921, 0.00578160984852,-0.00000000000000, 0.01402040102019, 2.30266033315970, 0.00000000000000, 2.32118673480324,*****************, 0.00000000000000,
   17,   10, 0.82500000000000, 0.47500000000000, 2.44352590654275, 0.01852640164354, 2.42499950489921, 0.00578160984852,-0.00000000000000, 0.01402040102019, 2.30266033315970, 0.00000000000000, 2.32118673480324,*****************, 0.00000000000000,
   17,   11, 0.82500000000000, 0.52500000000000, 2.44352590654275, 0.01852640164354, 2.42499950489921, 0.00578160984852,-0.00000000000000, 0.01402040102019, 2.30266033315970, 0.00000000000000, 2.32118673480324,*****************, 0.00000000000000,
   17,   12, 0.82500000000000, 0.57500000000000, 2.44352590654275, 0.01852640164354, 2.42499950489921, 0.00578160984852,-0.00000000000000, 0.01402040102019, 2.30266033315970, 0.00000000000000, 2.32118673480324,*****************, 0.00000000000000,
   17,   13, 0.82500000000000, 0.62500000000000, 2.44352590654275, 0.01852640164354, 2.42499950489921, 0.00578160984852,-0.00000000000000, 0.01402040102019, 2.30266033315970, 0.00000000000000, 2.32118673480324,*****************, 0.00000000000000,
   17,   14, 0.82500000000000, 0.67500000000000, 2.44352590654275, 0.01852640164354, 2.42499950489921, 0.00578160984852,-0.00000000000000, 0.01402040102019, 2.30266033315970, 0.00000000000000, 2.32118673480324,*****************, 0.00000000000000,
   17,   15, 0.82500000000000, 0.72500000000000, 2.44352590654275, 0.01852640164354, 2.42499950489921, 0.00578160984852,-0.00000000000000, 0.01402040102019, 2.30266033315970, 0.00000000000000, 2.32118673480324,*****************, 0.00000000000000,
   17,   16, 0.82500000000000, 0.77500000000000, 2.44352590654275, 0.01852640164354, 2.42499950489921, 0.00578160984852,-0.00000000000000, 0.01402040102019, 2.30266033315970, 0.00000000000000, 2.32118673480324,*****************, 0.00000000000000,
   17,   17, 0.82500000000000, 0.82500000000000, 2.44352590654275, 0.01852640164354, 2.42499950489921, 0.00578160984852,-0.00000000000000, 0.01402040102019, 2.30266033315970, 0.00000000000000, 2.32118673480324,*****************, 0.00000000000000,
   17,   18, 0.82500000000000, 0.87500000000000, 2.44352590654275, 0.01852640164354, 2.42499950489921, 0.00578160984852,-0.00000000000000, 0.01402040102019, 2.30266033315970, 0.00000000000000, 2.32118673480324,*****************, 0.00000000000000,
   17,   19, 0.82500000000000, 0.92500000000000, 2.44352590654275, 0.01852640164354, 2.42499950489921, 0.00578160984852,-0.00000000000000, 0.01402040102019, 2.30266033315970, 0.00000000000000, 2.32118673480324,*****************, 0.00000000000000,
   17,   20, 0.82500000000000, 0.97500000000000, 2.44352590654275, 0.01852640164354, 2.42499950489921, 0.00578160984852,-0.00000000000000, 0.01402040102019, 2.30266033315970, 0.00000000000000, 2.32118673480324,*****************, 0.00000000000000,
   17,   21, 0.82500000000000, 1.02500000000000, 2.44352590654275, 0.01852640164354, 2.42499950489921, 0.00578160984852,-0.00000000000000, 0.01402040102019, 2.30266033315970, 0.00000000000000, 2.32118673480324,*****************, 0.00000000000000,
   17,   22, 0.82500000000000, 1.07500000000000, 2.44352590654275, 0.01852640164354, 2.42499950489921, 0.00578160984852,-0.00000000000000, 0.01402040102019, 2.30266033315970, 0.00000000000000, 2.32118673480324,*****************, 0.00000000000000,
   17,   23, 0.82500000000000, 1.12500000000000, 2.44352590654275, 0.01852640164354, 2.42499950489921, 0.00578160984852,-0.00000000000000, 0.01402040102019, 2.30266033315970, 0.00000000000000, 2.32118673480324,*****************, 0.00000000000000,
   17,   24, 0.82500000000000, 1.17500000000000, 2.44352590654275, 0.01852640164354, 2.42499950489921, 0.00578160984852,-0.00000000000000, 0.01402040102019, 2.30266033315970, 0.00000000000000, 2.32118673480324,*****************, 0.00000000000000,
   17,   25, 0.82500000000000, 1.22500000000000, 2.44352590654275, 0.01852640164354, 2.42499950489921, 0.00578160984852,-0.00000000000000, 0.01402040102019, 2.30266033315970, 0.00000000000000, 2.32118673480324,*****************, 0.00000000000000,
   17,   26, 0.82500000000000, 1.27500000000000, 2.44352590654275, 0.01852640164354, 2.42499950489921, 0.00578160984852,-0.00000000000000, 0.01402040102019, 2.30266033315970, 0.00000000000000, 2.32118673480324,*****************, 0.00000000000000,
   17,   27, 0.82500000000000, 1.32500000000000, 2.44352590654275, 0.01852640164354, 2.42499950489921, 0.00578160984852,-0.00000000000000, 0.01402040102019, 2.30266033315970, 0.00000000000000, 2.32118673480324,*****************, 0.00000000000000,
   17,   28, 0.82500000000000, 1.37500000000000, 2.44352590654275, 0.01852640164354, 2.42499950489921, 0.00578160984852,-0.00000000000000, 0.01402040102019, 2.30266033315970, 0.00000000000000, 2.32118673480324,*****************, 0.00000000000000,
   17,   29, 0.82500000000000, 1.42500000000000, 2.44352590654275, 0.01852640164354, 2.42499950489921, 0.00578160984852,-0.00000000000000, 0.01402040102019, 2.30266033315970, 0.00000000000000, 2.32118673480324,*****************, 0.00000000000000,
   17,   30, 0.82500000000000, 1.47500000000000, 2.44352590654275, 0.01852640164354, 2.42499950489921, 0.00578160984852,-0.00000000000000, 0.01402040102019, 2.30266033315970, 0.00000000000000, 2.32118673480324,*****************, 0.00000000000000,
   17,   31, 0.82500000000000, 1.52500000000000, 2.44352590654275, 0.01852640164354, 2.42499950489921, 0.00578160984852,-0.00000000000000, 0.01402040102019, 2.30266033315970, 0.00000000000000, 2.32118673480324,*****************, 0.00000000000000,
   17,   32, 0.82500000000000, 1.57500000000000, 2.44352590654275, 0.01852640164354, 2.42499950489921, 0.00578160984852,-0.00000000000000, 0.01402040102019, 2.30266033315970, 0.00000000000000, 2.32118673480324,*****************, 0.00000000000000,
   17,   33, 0.82500000000000, 1.62500000000000, 2.44352590654275, 0.01852640164354, 2.42499950489921, 0.00578160984852,-0.00000000000000, 0.01402040102019, 2.30266033315970, 0.00000000000000, 2.32118673480324,*****************, 0.00000000000000,
   17,   34, 0.82500000000000, 1.67500000000000, 2.44352590654275, 0.01852640164354, 2.42499950489921, 0.00578160984852,-0.00000000000000, 0.01402040102019, 2.30266033315970, 0.00000000000000, 2.32118673480324,*****************, 0.00000000000000,
   17,   35, 0.82500000000000, 1.72500000000000, 2.44352590654275, 0.01852640164354, 2.42499950489921, 0.00578160984852,-0.00000000000000, 0.01402040102019, 2.30266033315970, 0.00000000000000, 2.32118673480324,*****************, 0.00000000000000,
   17,   36, 0.82500000000000, 1.77500000000000, 2.44352590654275, 0.01852640164354, 2.42499950489921, 0.00578160984852,-0.00000000000000, 0.01402040102019, 2.30266033315970, 0.00000000000000, 2.32118673480324,*****************, 0.00000000000000,
   17,   37, 0.82500000000000, 1.82500000000000, 2.44352590654275, 0.01852640164354, 2.42499950489921, 0.00578160984852,-0.00000000000000, 0.01402040102019, 2.30266033315970, 0.00000000000000, 2.32118673480324,*****************, 0.00000000000000,
   17,   38, 0.82500000000000, 1.87500000000000, 2.44352590654275, 0.01852640164354, 2.42499950489921, 0.00578160984852,-0.00000000000000, 0.01402040102019, 2.30266033315970, 0.00000000000000, 2.32118673480324,*****************, 0.00000000000000,
   17,   39, 0.82500000000000, 1.92500000000000, 2.44352590654275, 0.01852640164354, 2.42499950489921, 0.00578160984852,-0.00000000000000, 0.01402040102019, 2.30266033315970, 0.00000000000000, 2.32118673480324,*****************, 0.00000000000000,
   17,   40, 0.82500000000000, 1.97500000000000, 2.44352590654275, 0.01852640164354, 2.42499950489921, 0.00578160984852,-0.00000000000000, 0.01402040102019, 2.30266033315970, 0.00000000000000, 2.32118673480324,*****************, 0.00000000000000,
   18,    1, 0.87500000000000, 0.02500000000000, 2.35392674556722, 0.01923879532511, 2.33468795024211, 0.00600540693636, 0.00000000000000, 0.01402075121062, 2.20601132958330, 0.00000000000000, 2.22525012490841,*****************, 0.00000000000000,
   18,    2, 0.87500000000000, 0.07500000000000, 2.35392674556722, 0.01923879532511, 2.33468795024211, 0.00600540693636, 0.00000000000000, 0.01402075121062, 2.20601132958330, 0.00000000000000, 2.22525012490841,*****************, 0.00000000000000,
   18,    3, 0.87500000000000, 0.12500000000000, 2.35392674556722, 0.01923879532511, 2.33468795024211, 0.00600540693636, 0.00000000000000, 0.01402075121062, 2.20601132958330, 0.00000000000000, 2.22525012490841,*****************, 0.00000000000000,
   18,    4, 0.87500000000000, 0.17500000000000, 2.35392674556722, 0.01923879532511, 2.33468795024211, 0.00600540693636, 0.00000000000000, 0.01402075121062, 2.20601132958330, 0.00000000000000, 2.22525012490841,*****************, 0.00000000000000,
   18,    5, 0.87500000000000, 0.22500000000000, 2.35392674556722, 0.01923879532511, 2.33468795024211, 0.00600540693636, 0.00000000000000, 0.01402075121062, 2.20601132958330, 0.00000000000000, 2.22525012490841,*****************, 0.00000000000000,
   18,    6, 0.87500000000000, 0.27500000000000, 2.35392674556722, 0.01923879532511, 2.33468795024211, 0.00600540693636, 0.00000000000000, 0.01402075121062, 2.20601132958330, 0.00000000000000, 2.22525012490841,*****************, 0.00000000000000,
   18,    7, 0.87500000000000, 0.32500000000000, 2.35392674556722, 0.01923879532511, 2.33468795024211, 0.00600540693636, 0.00000000000000, 0.01402075121062, 2.20601132958330, 0.00000000000000, 2.22525012490841,*****************, 0.00000000000000,
   18,    8, 0.87500000000000, 0.37500000000000, 2.35392674556722, 0.01923879532511, 2.33468795024211, 0.00600540693636, 0.00000000000000, 0.01402075121062, 2.20601132958330, 0.00000000000000, 2.22525012490841,*****************, 0.00000000000000,
   18,    9, 0.87500000000000, 0.42500000000000, 2.35392674556722, 0.01923879532511, 2.33468795024211, 0.00600540693636, 0.00000000000000, 0.01402075121062, 2.20601132958330, 0.00000000000000, 2.22525012490841,*****************, 0.00000000000000,
   18,   10, 0.87500000000000, 0.47500000000000, 2.35392674556722, 0.01923879532511, 2.33468795024211, 0.00600540693636, 0.00000000000000, 0.01402075121062, 2.20601132958330, 0.00000000000000, 2.22525012490841,*****************, 0.00000000000000,
   18,   11, 0.87500000000000, 0.52500000000000, 2.35392674556722, 0.01923879532511, 2.33468795024211, 0.00600540693636, 0.00000000000000, 0.01402075121062, 2.20601132958330, 0.00000000000000, 2.22525012490841,*****************, 0.00000000000000,
   18,   12, 0.87500000000000, 0.57500000000000, 2.35392674556722, 0.01923879532511, 2.33468795024211, 0.00600540693636, 0.00000000000000, 0.01402075121062, 2.20601132958330, 0.00000000000000, 2.22525012490841,*****************, 0.00000000000000,
   18,   13, 0.87500000000000, 0.62500000000000, 2.35392674556722, 0.01923879532511, 2.33468795024211, 0.00600540693636, 0.00000000000000, 0.01402075121062, 2.20601132958330, 0.00000000000000, 2.22525012490841,*****************, 0.00000000000000,
   18,   14, 0.87500000000000, 0.67500000000000, 2.35392674556722, 0.01923879532511, 2.33468795024211, 0.00600540693636, 0.00000000000000, 0.01402075121062, 2.20601132958330, 0.00000000000000, 2.22525012490841,*****************, 0.00000000000000,
   18,   15, 0.87500000000000, 0.72500000000000, 2.35392674556722, 0.01923879532511, 2.33468795024211, 0.00600540693636, 0.00000000000000, 0.01402075121062, 2.20601132958330, 0.00000000000000, 2.22525012490841,*****************, 0.00000000000000,
   18,   16, 0.87500000000000, 0.77500000000000, 2.35392674556722, 0.01923879532511, 2.33468795024211, 0.00600540693636, 0.00000000000000, 0.01402075121062, 2.20601132958330, 0.00000000000000, 2.22525012490841,*****************, 0.00000000000000,
   18,   17, 0.87500000000000, 0.82500000000000, 2.35392674556722, 0.01923879532511, 2.33468795024211, 0.00600540693636, 0.00000000000000, 0.01402075121062, 2.20601132958330, 0.00000000000000, 2.22525012490841,*****************, 0.00000000000000,
   18,   18, 0.87500000000000, 0.87500000000000, 2.35392674556722, 0.01923879532511, 2.33468795024211, 0.00600540693636, 0.00000000000000, 0.01402075121062, 2.20601132958330, 0.00000000000000, 2.22525012490841,*****************, 0.00000000000000,
   18,   19, 0.87500000000000, 0.92500000000000, 2.35392674556722, 0.01923879532511, 2.33468795024211, 0.00600540693636, 0.00000000000000, 0.01402075121062, 2.20601132958330, 0.00000000000000, 2.22525012490841,*****************, 0.00000000000000,
   18,   20, 0.87500000000000, 0.97500000000000, 2.35392674556722, 0.01923879532511, 2.33468795024211, 0.00600540693636, 0.00000000000000, 0.01402075121062, 2.20601132958330, 0.00000000000000, 2.22525012490841,*****************, 0.00000000000000,
   18,   21, 0.87500000000000, 1.02500000000000, 2.35392674556722, 0.01923879532511, 2.33468795024211, 0.00600540693636, 0.00000000000000, 0.01402075121062, 2.20601132958330, 0.00000000000000, 2.22525012490841,*****************, 0.00000000000000,
   18,   22, 0.87500000000000, 1.07500000000000, 2.35392674556722, 0.01923879532511, 2.33468795024211, 0.00600540693636, 0.00000000000000, 0.01402075121062, 2.20601132958330, 0.00000000000000, 2.22525012490841,*****************, 0.00000000000000,
   18,   23, 0.87500000000000, 1.12500000000000, 2.35392674556722, 0.01923879532511, 2.33468795024211, 0.00600540693636, 0.00000000000000, 0.01402075121062, 2.20601132958330, 0.00000000000000, 2.22525012490841,*****************, 0.00000000000000,
   18,   24, 0.87500000000000, 1.17500000000000, 2.35392674556722, 0.01923879532511, 2.33468795024211, 0.00600540693636, 0.00000000000000, 0.01402075121062, 2.20601132958330, 0.00000000000000, 2.22525012490841,*****************, 0.00000000000000,
   18,   25, 0.87500000000000, 1.22500000000000, 2.35392674556722, 0.01923879532511, 2.33468795024211, 0.00600540693636, 0.00000000000000, 0.01402075121062, 2.20601132958330, 0.00000000000000, 2.22525012490841,*****************, 0.00000000000000,
   18,   26, 0.87500000000000, 1.27500000000000, 2.35392674556722, 0.01923879532511, 2.33468795024211, 0.00600540693636, 0.00000000000000, 0.01402075121062, 2.20601132958330, 0.00000000000000, 2.22525012490841,*****************, 0.00000000000000,
   18,   27, 0.87500000000000, 1.32500000000000, 2.35392674556722, 0.01923879532511, 2.33468795024211, 0.00600540693636, 0.00000000000000, 0.01402075121062, 2.20601132958330, 0.00000000000000, 2.22525012490841,*****************, 0.00000000000000,
   18,   28, 0.87500000000000, 1.37500000000000, 2.35392674556722, 0.01923879532511, 2.33468795024211, 0.00600540693636, 0.00000000000000, 0.01402075121062, 2.20601132958330, 0.00000000000000, 2.22525012490841,*****************, 0.00000000000000,
   18,   29, 0.87500000000000, 1.42500000000000, 2.35392674556722, 0.01923879532511, 2.33468795024211, 0.00600540693636, 0.00000000000000, 0.01402075121062, 2.20601132958330, 0.00000000000000, 2.22525012490841,*****************, 0.00000000000000,
   18,   30, 0.87500000000000, 1.47500000000000, 2.35392674556722, 0.01923879532511, 2.33468795024211, 0.00600540693636, 0.00000000000000, 0.01402075121062, 2.20601132958330, 0.00000000000000, 2.22525012490841,*****************, 0.00000000000000,
   18,   31, 0.87500000000000, 1.52500000000000, 2.35392674556722, 0.01923879532511, 2.33468795024211, 0.00600540693636, 0.00000000000000, 0.01402075121062, 2.20601132958330, 0.00000000000000, 2.22525012490841,*****************, 0.00000000000000,
   18,   32, 0.87500000000000, 1.57500000000000, 2.35392674556722, 0.01923879532511, 2.33468795024211, 0.00600540693636, 0.00000000000000, 0.01402075121062, 2.20601132958330, 0.00000000000000, 2.22525012490841,*****************, 0.00000000000000,
   18,   33, 0.87500000000000, 1.62500000000000, 2.35392674556722, 0.01923879532511, 2.33468795024211, 0.00600540693636, 0.00000000000000, 0.01402075121062, 2.20601132958330, 0.00000000000000, 2.22525012490841,*****************, 0.00000000000000,
   18,   34, 0.87500000000000, 1.67500000000000, 2.35392674556722, 0.01923879532511, 2.33468795024211, 0.00600540693636, 0.00000000000000, 0.01402075121062, 2.20601132958330, 0.00000000000000, 2.22525012490841,*****************, 0.00000000000000,
   18,   35, 0.87500000000000, 1.72500000000000, 2.35392674556722, 0.01923879532511, 2.33468795024211, 0.00600540693636, 0.00000000000000, 0.01402075121062, 2.20601132958330, 0.00000000000000, 2.22525012490841,*****************, 0.00000000000000,
   18,   36, 0.87500000000000, 1.77500000000000, 2.35392674556722, 0.01923879532511, 2.33468795024211, 0.00600540693636, 0.00000000000000, 0.01402075121062, 2.20601132958330, 0.00000000000000, 2.22525012490841,*****************, 0.00000000000000,
   18,   37, 0.87500000000000, 1.82500000000000, 2.35392674556722, 0.01923879532511, 2.33468795024211, 0.00600540693636, 0.00000000000000, 0.01402075121062, 2.20601132958330, 0.00000000000000, 2.22525012490841,*****************, 0.00000000000000,
   18,   38, 0.87500000000000, 1.87500000000000, 2.35392674556722, 0.01923879532511, 2.33468795024211, 0.00600540693636, 0.00000000000000, 0.01402075121062, 2.20601132958330, 0.00000000000000, 2.22525012490841,*****************, 0.00000000000000,
   18,   39, 0.87500000000000, 1.92500000000000, 2.35392674556722, 0.01923879532511, 2.33468795024211, 0.00600540693636, 0.00000000000000, 0.01402075121062, 2.20601132958330, 0.00000000000000, 2.22525012490841,*****************, 0.00000000000000,
   18,   40, 0.87500000000000, 1.97500000000000, 2.35392674556722, 0.01923879532511, 2.33468795024211, 0.00600540693636, 0.00000000000000, 0.01402075121062, 2.20601132958330, 0.00000000000000, 2.22525012490841,*****************, 0.00000000000000,
   19,    1, 0.92500000000000, 0.02500000000000, 2.25830265150983, 0.01972369920398, 2.23857895230585, 0.00626354321210, 0.00000000000000, 0.01402143600147, 2.10428964336015, 0.00000000000000, 2.12401334256413,*****************, 0.00000000000000,
   19,    2, 0.92500000000000, 0.07500000000000, 2.25830265150983, 0.01972369920398, 2.23857895230585, 0.00626354321210, 0.00000000000000, 0.01402143600147, 2.10428964336015, 0.00000000000000, 2.12401334256413,*****************, 0.00000000000000,
   19,    3, 0.92500000000000, 0.12500000000000, 2.25830265150983, 0.01972369920398, 2.23857895230585, 0.00626354321210, 0.00000000000000, 0.01402143600147, 2.10428964336015, 0.00000000000000, 2.12401334256413,*****************, 0.00000000000000,
   19,    4, 0.92500000000000, 0.17500000000000, 2.25830265150983, 0.01972369920398, 2.23857895230585, 0.00626354321210, 0.00000000000000, 0.01402143600147, 2.10428964336015, 0.00000000000000, 2.12401334256413,*****************, 0.00000000000000,
   19,    5, 0.92500000000000, 0.22500000000000, 2.25830265150983, 0.01972369920398, 2.23857895230585, 0.00626354321210, 0.00000000000000, 0.01402143600147, 2.10428964336015, 0.00000000000000, 2.12401334256413,*****************, 0.00000000000000,
   19,    6, 0.92500000000000, 0.27500000000000, 2.25830265150983, 0.01972369920398, 2.23857895230585, 0.00626354321210, 0.00000000000000, 0.01402143600147, 2.10428964336015, 0.00000000000000, 2.12401334256413,*****************, 0.00000000000000,
   19,    7, 0.92500000000000, 0.32500000000000, 2.25830265150983, 0.01972369920398, 2.23857895230585, 0.00626354321210, 0.00000000000000, 0.01402143600147, 2.10428964336015, 0.00000000000000, 2.12401334256413,*****************, 0.00000000000000,
   19,    8, 0.92500000000000, 0.37500000000000, 2.25830265150983, 0.01972369920398, 2.23857895230585, 0.00626354321210, 0.00000000000000, 0.01402143600147, 2.10428964336015, 0.00000000000000, 2.12401334256413,*****************, 0.00000000000000,
   19,    9, 0.92500000000000, 0.42500000000000, 2.25830265150983, 0.01972369920398, 2.23857895230585, 0.00626354321210, 0.00000000000000, 0.01402143600147, 2.10428964336015, 0.00000000000000, 2.12401334256413,*****************, 0.00000000000000,
   19,   10, 0.92500000000000, 0.47500000000000, 2.25830265150983, 0.01972369920398, 2.23857895230585, 0.00626354321210, 0.00000000000000, 0.01402143600147, 2.10428964336015, 0.00000000000000, 2.12401334256413,*****************, 0.00000000000000,
   19,   11, 0.92500000000000, 0.52500000000000, 2.25830265150983, 0.01972369920398, 2.23857895230585, 0.00626354321210, 0.00000000000000, 0.01402143600147, 2.10428964336015, 0.00000000000000, 2.12401334256413,*****************, 0.00000000000000,
   19,   12, 0.92500000000000, 0.57500000000000, 2.25830265150983, 0.01972369920398, 2.23857895230585, 0.00626354321210, 0.00000000000000, 0.01402143600147, 2.10428964336015, 0.00000000000000, 2.12401334256413,*****************, 0.00000000000000,
   19,   13, 0.92500000000000, 0.62500000000000, 2.25830265150983, 0.01972369920398, 2.23857895230585, 0.00626354321210, 0.00000000000000, 0.01402143600147, 2.10428964336015, 0.00000000000000, 2.12401334256413,*****************, 0.00000000000000,
   19,   14, 0.92500000000000, 0.67500000000000, 2.25830265150983, 0.01972369920398, 2.23857895230585, 0.00626354321210, 0.00000000000000, 0.01402143600147, 2.10428964336015, 0.00000000000000, 2.12401334256413,*****************, 0.00000000000000,
   19,   15, 0.92500000000000, 0.72500000000000, 2.25830265150983, 0.01972369920398, 2.23857895230585, 0.00626354321210, 0.00000000000000, 0.01402143600147, 2.10428964336015, 0.00000000000000, 2.12401334256413,*****************, 0.00000000000000,
   19,   16, 0.92500000000000, 0.77500000000000, 2.25830265150983, 0.01972369920398, 2.23857895230585, 0.00626354321210, 0.00000000000000, 0.01402143600147, 2.10428964336015, 0.00000000000000, 2.12401334256413,*****************, 0.00000000000000,
   19,   17, 0.92500000000000, 0.82500000000000, 2.25830265150983, 0.01972369920398, 2.23857895230585, 0.00626354321210, 0.00000000000000, 0.01402143600147, 2.10428964336015, 0.00000000000000, 2.12401334256413,*****************, 0.00000000000000,
   19,   18, 0.92500000000000, 0.87500000000000, 2.25830265150983, 0.01972369920398, 2.23857895230585, 0.00626354321210, 0.00000000000000, 0.01402143600147, 2.10428964336015, 0.00000000000000, 2.12401334256413,*****************, 0.00000000000000,
   19,   19, 0.92500000000000, 0.92500000000000, 2.25830265150983, 0.01972369920398, 2.23857895230585, 0.00626354321210, 0.00000000000000, 0.01402143600147, 2.10428964336015, 0.00000000000000, 2.12401334256413,*****************, 0.00000000000000,
   19,   20, 0.92500000000000, 0.97500000000000, 2.25830265150983, 0.01972369920398, 2.23857895230585, 0.00626354321210, 0.00000000000000, 0.01402143600147, 2.10428964336015, 0.00000000000000, 2.12401334256413,*****************, 0.00000000000000,
   19,   21, 0.92500000000000, 1.02500000000000, 2.25830265150983, 0.01972369920398, 2.23857895230585, 0.00626354321210, 0.00000000000000, 0.01402143600147, 2.10428964336015, 0.00000000000000, 2.12401334256413,*****************, 0.00000000000000,
   19,   22, 0.92500000000000, 1.07500000000000, 2.25830265150983, 0.01972369920398, 2.23857895230585, 0.00626354321210, 0.00000000000000, 0.01402143600147, 2.10428964336015, 0.00000000000000, 2.12401334256413,*****************, 0.00000000000000,
   19,   23, 0.92500000000000, 1.12500000000000, 2.25830265150983, 0.01972369920398, 2.23857895230585, 0.00626354321210, 0.00000000000000, 0.01402143600147, 2.10428964336015, 0.00000000000000, 2.12401334256413,*****************, 0.00000000000000,
   19,   24, 0.92500000000000, 1.17500000000000, 2.25830265150983, 0.01972369920398, 2.23857895230585, 0.00626354321210, 0.00000000000000, 0.01402143600147, 2.10428964336015, 0.00000000000000, 2.12401334256413,*****************, 0.00000000000000,
   19,   25, 0.92500000000000, 1.22500000000000, 2.25830265150983, 0.01972369920398, 2.23857895230585, 0.00626354321210, 0.00000000000000, 0.01402143600147, 2.10428964336015, 0.00000000000000, 2.12401334256413,*****************, 0.00000000000000,
   19,   26, 0.92500000000000, 1.27500000000000, 2.25830265150983, 0.01972369920398, 2.23857895230585, 0.00626354321210, 0.00000000000000, 0.01402143600147, 2.10428964336015, 0.00000000000000, 2.12401334256413,*****************, 0.00000000000000,
   19,   27, 0.92500000000000, 1.32500000000000, 2.25830265150983, 0.01972369920398, 2.23857895230585, 0.00626354321210, 0.00000000000000, 0.01402143600147, 2.10428964336015, 0.00000000000000, 2.12401334256413,*****************, 0.00000000000000,
   19,   28, 0.92500000000000, 1.37500000000000, 2.25830265150983, 0.01972369920398, 2.23857895230585, 0.00626354321210, 0.00000000000000, 0.01402143600147, 2.10428964336015, 0.00000000000000, 2.12401334256413,*****************, 0.00000000000000,
   19,   29, 0.92500000000000, 1.42500000000000, 2.25830265150983, 0.01972369920398, 2.23857895230585, 0.00626354321210, 0.00000000000000, 0.01402143600147, 2.10428964336015, 0.00000000000000, 2.12401334256413,*****************, 0.00000000000000,
   19,   30, 0.92500000000000, 1.47500000000000, 2.25830265150983, 0.01972369920398, 2.23857895230585, 0.00626354321210, 0.00000000000000, 0.01402143600147, 2.10428964336015, 0.00000000000000, 2.12401334256413,*****************, 0.00000000000000,
   19,   31, 0.92500000000000, 1.52500000000000, 2.25830265150983, 0.01972369920398, 2.23857895230585, 0.00626354321210, 0.00000000000000, 0.01402143600147, 2.10428964336015, 0.00000000000000, 2.12401334256413,*****************, 0.00000000000000,
   19,   32, 0.92500000000000, 1.57500000000000, 2.25830265150983, 0.01972369920398, 2.23857895230585, 0.00626354321210, 0.00000000000000, 0.01402143600147, 2.10428964336015, 0.00000000000000, 2.12401334256413,*****************, 0.00000000000000,
   19,   33, 0.92500000000000, 1.62500000000000, 2.25830265150983, 0.01972369920398, 2.23857895230585, 0.00626354321210, 0.00000000000000, 0.01402143600147, 2.10428964336015, 0.00000000000000, 2.12401334256413,*****************, 0.00000000000000,
   19,   34, 0.92500000000000, 1.67500000000000, 2.25830265150983, 0.01972369920398, 2.23857895230585, 0.00626354321210, 0.00000000000000, 0.01402143600147, 2.10428964336015, 0.00000000000000, 2.12401334256413,*****************, 0.00000000000000,
   19,   35, 0.92500000000000, 1.72500000000000, 2.25830265150983, 0.01972369920398, 2.23857895230585, 0.00626354321210, 0.00000000000000, 0.01402143600147, 2.10428964336015, 0.00000000000000, 2.12401334256413,*****************, 0.00000000000000,
   19,   36, 0.92500000000000, 1.77500000000000, 2.25830265150983, 0.01972369920398, 2.23857895230585, 0.00626354321210, 0.00000000000000, 0.01402143600147, 2.10428964336015, 0.00000000000000, 2.12401334256413,*****************, 0.00000000000000,
   19,   37, 0.92500000000000, 1.82500000000000, 2.25830265150983, 0.01972369920398, 2.23857895230585, 0.00626354321210, 0.00000000000000, 0.01402143600147, 2.10428964336015, 0.00000000000000, 2.12401334256413,*****************, 0.00000000000000,
   19,   38, 0.92500000000000, 1.87500000000000, 2.25830265150983, 0.01972369920398, 2.23857895230585, 0.00626354321210, 0.00000000000000, 0.01402143600147, 2.10428964336015, 0.00000000000000, 2.12401334256413,*****************, 0.00000000000000,
   19,   39, 0.92500000000000, 1.92500000000000, 2.25830265150983, 0.01972369920398, 2.23857895230585, 0.00626354321210, 0.00000000000000, 0.01402143600147, 2.10428964336015, 0.00000000000000, 2.12401334256413,*****************, 0.00000000000000,
   19,   40, 0.92500000000000, 1.97500000000000, 2.25830265150983, 0.01972369920398, 2.23857895230585, 0.00626354321210, 0.00000000000000, 0.01402143600147, 2.10428964336015, 0.00000000000000, 2.12401334256413,*****************, 0.00000000000000,
   20,    1, 0.97500000000000, 0.02500000000000, 2.15909443275440, 0.01996917333733, 2.13912525941707, 0.00655519279649, 0.00000000000000, 0.01402237849133, 2.00000000000000, 0.00000000000000, 2.01996917333733,*****************, 0.00000000000000,
   20,    2, 0.97500000000000, 0.07500000000000, 2.15909443275440, 0.01996917333733, 2.13912525941707, 0.00655519279649, 0.00000000000000, 0.01402237849133, 2.00000000000000, 0.00000000000000, 2.01996917333733,*****************, 0.00000000000000,
   20,    3, 0.97500000000000, 0.12500000000000, 2.15909443275440, 0.01996917333733, 2.13912525941707, 0.00655519279649, 0.00000000000000, 0.01402237849133, 2.00000000000000, 0.00000000000000, 2.01996917333733,*****************, 0.00000000000000,
   20,    4, 0.97500000000000, 0.17500000000000, 2.15909443275440, 0.01996917333733, 2.13912525941707, 0.00655519279649, 0.00000000000000, 0.01402237849133, 2.00000000000000, 0.00000000000000, 2.01996917333733,*****************, 0.00000000000000,
   20,    5, 0.97500000000000, 0.22500000000000, 2.15909443275440, 0.01996917333733, 2.13912525941707, 0.00655519279649, 0.00000000000000, 0.01402237849133, 2.00000000000000, 0.00000000000000, 2.01996917333733,*****************, 0.00000000000000,
   20,    6, 0.97500000000000, 0.27500000000000, 2.15909443275440, 0.01996917333733, 2.13912525941707, 0.00655519279649, 0.00000000000000, 0.01402237849133, 2.00000000000000, 0.00000000000000, 2.01996917333733,*****************, 0.00000000000000,
   20,    7, 0.97500000000000, 0.32500000000000, 2.15909443275440, 0.01996917333733, 2.13912525941707, 0.00655519279649, 0.00000000000000, 0.01402237849133, 2.00000000000000, 0.00000000000000, 2.01996917333733,*****************, 0.00000000000000,
   20,    8, 0.97500000000000, 0.37500000000000, 2.15909443275440, 0.01996917333733, 2.13912525941707, 0.00655519279649, 0.00000000000000, 0.01402237849133, 2.00000000000000, 0.00000000000000, 2.01996917333733,*****************, 0.00000000000000,
   20,    9, 0.97500000000000, 0.42500000000000, 2.15909443275440, 0.01996917333733, 2.13912525941707, 0.00655519279649, 0.00000000000000, 0.01402237849133, 2.00000000000000, 0.00000000000000, 2.01996917333733,*****************, 0.00000000000000,
   20,   10, 0.97500000000000, 0.47500000000000, 2.15909443275440, 0.01996917333733, 2.13912525941707, 0.00655519279649, 0.00000000000000, 0.01402237849133, 2.00000000000000, 0.00000000000000, 2.01996917333733,*****************, 0.00000000000000,
   20,   11, 0.97500000000000, 0.52500000000000, 2.15909443275440, 0.01996917333733, 2.13912525941707, 0.00655519279649, 0.00000000000000, 0.01402237849133, 2.00000000000000, 0.00000000000000, 2.01996917333733,*****************, 0.00000000000000,
   20,   12, 0.97500000000000, 0.57500000000000, 2.15909443275440, 0.01996917333733, 2.13912525941707, 0.00655519279649, 0.00000000000000, 0.01402237849133, 2.00000000000000, 0.00000000000000, 2.01996917333733,*****************, 0.00000000000000,
   20,   13, 0.97500000000000, 0.62500000000000, 2.15909443275440, 0.01996917333733, 2.13912525941707, 0.00655519279649, 0.00000000000000, 0.01402237849133, 2.00000000000000, 0.00000000000000, 2.01996917333733,*****************, 0.00000000000000,
   20,   14, 0.97500000000000, 0.67500000000000, 2.15909443275440, 0.01996917333733, 2.13912525941707, 0.00655519279649, 0.00000000000000, 0.01402237849133, 2.00000000000000, 0.00000000000000, 2.01996917333733,*****************, 0.00000000000000,
   20,   15, 0.97500000000000, 0.72500000000000, 2.15909443275440, 0.01996917333733, 2.13912525941707, 0.00655519279649, 0.00000000000000, 0.01402237849133, 2.00000000000000, 0.00000000000000, 2.01996917333733,*****************, 0.00000000000000,
   20,   16, 0.97500000000000, 0.77500000000000, 2.15909443275440, 0.01996917333733, 2.13912525941707, 0.00655519279649, 0.00000000000000, 0.01402237849133, 2.00000000000000, 0.00000000000000, 2.01996917333733,*****************, 0.00000000000000,
   20,   17, 0.97500000000000, 0.82500000000000, 2.15909443275440, 0.01996917333733, 2.13912525941707, 0.00655519279649, 0.00000000000000, 0.01402237849133, 2.00000000000000, 0.00000000000000, 2.01996917333733,*****************, 0.00000000000000,
   20,   18, 0.97500000000000, 0.87500000000000, 2.15909443275440, 0.01996917333733, 2.13912525941707, 0.00655519279649, 0.00000000000000, 0.01402237849133, 2.00000000000000, 0.00000000000000, 2.01996917333733,*****************, 0.00000000000000,
   20,   19, 0.97500000000000, 0.92500000000000, 2.15909443275440, 0.01996917333733, 2.13912525941707, 0.00655519279649, 0.00000000000000, 0.01402237849133, 2.00000000000000, 0.00000000000000, 2.01996917333733,*****************, 0.00000000000000,
   20,   20, 0.97500000000000, 0.97500000000000, 2.15909443275440, 0.01996917333733, 2.13912525941707, 0.00655519279649, 0.00000000000000, 0.01402237849133, 2.00000000000000, 0.00000000000000, 2.01996917333733,*****************, 0.00000000000000,
   20,   21, 0.97500000000000, 1.02500000000000, 2.15909443275440, 0.01996917333733, 2.13912525941707, 0.00655519279649, 0.00000000000000, 0.01402237849133, 2.00000000000000, 0.00000000000000, 2.01996917333733,*****************, 0.00000000000000,
   20,   22, 0.97500000000000, 1.07500000000000, 2.15909443275440, 0.01996917333733, 2.13912525941707, 0.00655519279649, 0.00000000000000, 0.01402237849133, 2.00000000000000, 0.00000000000000, 2.01996917333733,*****************, 0.00000000000000,
   20,   23, 0.97500000000000, 1.12500000000000, 2.15909443275440, 0.01996917333733, 2.13912525941707, 0.00655519279649, 0.00000000000000, 0.01402237849133, 2.00000000000000, 0.00000000000000, 2.01996917333733,*****************, 0.00000000000000,
   20,   24, 0.97500000000000, 1.17500000000000, 2.15909443275440, 0.01996917333733, 2.13912525941707, 0.00655519279649, 0.00000000000000, 0.01402237849133, 2.00000000000000, 0.00000000000000, 2.01996917333733,*****************, 0.00000000000000,
   20,   25, 0.97500000000000, 1.22500000000000, 2.15909443275440, 0.01996917333733, 2.13912525941707, 0.00655519279649, 0.00000000000000, 0.01402237849133, 2.00000000000000, 0.00000000000000, 2.01996917333733,*****************, 0.00000000000000,
   20,   26, 0.97500000000000, 1.27500000000000, 2.15909443275440, 0.01996917333733, 2.13912525941707, 0.00655519279649, 0.00000000000000, 0.01402237849133, 2.00000000000000, 0.00000000000000, 2.01996917333733,*****************, 0.00000000000000,
   20,   27, 0.97500000000000, 1.32500000000000, 2.15909443275440, 0.01996917333733, 2.13912525941707, 0.00655519279649, 0.00000000000000, 0.01402237849133, 2.00000000000000, 0.00000000000000, 2.01996917333733,*****************, 0.00000000000000,
   20,   28, 0.97500000000000, 1.37500000000000, 2.15909443275440, 0.01996917333733, 2.13912525941707, 0.00655519279649, 0.00000000000000, 0.01402237849133, 2.00000000000000, 0.00000000000000, 2.01996917333733,*****************, 0.00000000000000,
   20,   29, 0.97500000000000, 1.42500000000000, 2.15909443275440, 0.01996917333733, 2.13912525941707, 0.00655519279649, 0.00000000000000, 0.01402237849133, 2.00000000000000, 0.00000000000000, 2.01996917333733,*****************, 0.00000000000000,
   20,   30, 0.97500000000000, 1.47500000000000, 2.15909443275440, 0.01996917333733, 2.13912525941707, 0.00655519279649, 0.00000000000000, 0.01402237849133, 2.00000000000000, 0.00000000000000, 2.01996917333733,*****************, 0.00000000000000,
   20,   31, 0.97500000000000, 1.52500000000000, 2.15909443275440, 0.01996917333733, 2.13912525941707, 0.00655519279649, 0.00000000000000, 0.01402237849133, 2.00000000000000, 0.00000000000000, 2.01996917333733,*****************, 0.00000000000000,
   20,   32, 0.97500000000000, 1.57500000000000, 2.15909443275440, 0.01996917333733, 2.13912525941707, 0.00655519279649, 0.00000000000000, 0.01402237849133, 2.00000000000000, 0.00000000000000, 2.01996917333733,*****************, 0.00000000000000,
   20,   33, 0.97500000000000, 1.62500000000000, 2.15909443275440, 0.01996917333733, 2.13912525941707, 0.00655519279649, 0.00000000000000, 0.01402237849133, 2.00000000000000, 0.00000000000000, 2.01996917333733,*****************, 0.00000000000000,
   20,   34, 0.97500000000000, 1.67500000000000, 2.15909443275440, 0.01996917333733, 2.13912525941707, 0.00655519279649, 0.00000000000000, 0.01402237849133, 2.00000000000000, 0.00000000000000, 2.01996917333733,*****************, 0.00000000000000,
   20,   35, 0.97500000000000, 1.72500000000000, 2.15909443275440, 0.01996917333733, 2.13912525941707, 0.00655519279649, 0.00000000000000, 0.01402237849133, 2.00000000000000, 0.00000000000000, 2.01996917333733,*****************, 0.00000000000000,
   20,   36, 0.97500000000000, 1.77500000000000, 2.15909443275440, 0.01996917333733, 2.13912525941707, 0.00655519279649, 0.00000000000000, 0.01402237849133, 2.00000000000000, 0.00000000000000, 2.01996917333733,*****************, 0.00000000000000,
   20,   37, 0.97500000000000, 1.82500000000000, 2.15909443275440, 0.01996917333733, 2.13912525941707, 0.00655519279649, 0.00000000000000, 0.01402237849133, 2.00000000000000, 0.00000000000000, 2.01996917333733,*****************, 0.00000000000000,
   20,   38, 0.97500000000000, 1.87500000000000, 2.15909443275440, 0.01996917333733, 2.13912525941707, 0.00655519279649, 0.00000000000000, 0.01402237849133, 2.00000000000000, 0.00000000000000, 2.01996917333733,*****************, 0.00000000000000,
   20,   39, 0.97500000000000, 1.92500000000000, 2.15909443275440, 0.01996917333733, 2.13912525941707, 0.00655519279649, 0.00000000000000, 0.01402237849133, 2.00000000000000, 0.00000000000000, 2.01996917333733,*****************, 0.00000000000000,
   20,   40, 0.97500000000000, 1.97500000000000, 2.15909443275440, 0.01996917333733, 2.13912525941707, 0.00655519279649, 0.00000000000000, 0.01402237849133, 2.00000000000000, 0.00000000000000, 2.01996917333733,*****************, 0.00000000000000,
   21,    1, 1.02500000000000, 0.02500000000000, 2.05882536691346, 0.01996917333733, 2.03885619357613, 0.00687812515044,-0.00000000000000, 0.01402350806317, 1.89571035663985, 0.00000000000000, 1.91567952997718,*****************, 0.00000000000000,
   21,    2, 1.02500000000000, 0.07500000000000, 2.05882536691346, 0.01996917333733, 2.03885619357613, 0.00687812515044,-0.00000000000000, 0.01402350806317, 1.89571035663985, 0.00000000000000, 1.91567952997718,*****************, 0.00000000000000,
   21,    3, 1.02500000000000, 0.12500000000000, 2.05882536691346, 0.01996917333733, 2.03885619357613, 0.00687812515044,-0.00000000000000, 0.01402350806317, 1.89571035663985, 0.00000000000000, 1.91567952997718,*****************, 0.00000000000000,
   21,    4, 1.02500000000000, 0.17500000000000, 2.05882536691346, 0.01996917333733, 2.03885619357613, 0.00687812515044,-0.00000000000000, 0.01402350806317, 1.89571035663985, 0.00000000000000, 1.91567952997718,*****************, 0.00000000000000,
   21,    5, 1.02500000000000, 0.22500000000000, 2.05882536691346, 0.01996917333733, 2.03885619357613, 0.00687812515044,-0.00000000000000, 0.01402350806317, 1.89571035663985, 0.00000000000000, 1.91567952997718,*****************, 0.00000000000000,
   21,    6, 1.02500000000000, 0.27500000000000, 2.05882536691346, 0.01996917333733, 2.03885619357613, 0.00687812515044,-0.00000000000000, 0.01402350806317, 1.89571035663985, 0.00000000000000, 1.91567952997718,*****************, 0.00000000000000,
   21,    7, 1.02500000000000, 0.32500000000000, 2.05882536691346, 0.01996917333733, 2.03885619357613, 0.00687812515044,-0.00000000000000, 0.01402350806317, 1.89571035663985, 0.00000000000000, 1.91567952997718,*****************, 0.00000000000000,
   21,    8, 1.02500000000000, 0.37500000000000, 2.05882536691346, 0.01996917333733, 2.03885619357613, 0.00687812515044,-0.00000000000000, 0.01402350806317, 1.89571035663985, 0.00000000000000, 1.91567952997718,*****************, 0.00000000000000,
   21,    9, 1.02500000000000, 0.42500000000000, 2.05882536691346, 0.01996917333733, 2.03885619357613, 0.00687812515044,-0.00000000000000, 0.01402350806317, 1.89571035663985, 0.00000000000000, 1.91567952997718,*****************, 0.00000000000000,
   21,   10, 1.02500000000000, 0.47500000000000, 2.05882536691346, 0.01996917333733, 2.03885619357613, 0.00687812515044,-0.00000000000000, 0.01402350806317, 1.89571035663985, 0.00000000000000, 1.91567952997718,*****************, 0.00000000000000,
   21,   11, 1.02500000000000, 0.52500000000000, 2.05882536691346, 0.01996917333733, 2.03885619357613, 0.00687812515044,-0.00000000000000, 0.01402350806317, 1.89571035663985, 0.00000000000000, 1.91567952997718,*****************, 0.00000000000000,
   21,   12, 1.02500000000000, 0.57500000000000, 2.05882536691346, 0.01996917333733, 2.03885619357613, 0.00687812515044,-0.00000000000000, 0.01402350806317, 1.89571035663985, 0.00000000000000, 1.91567952997718,*****************, 0.00000000000000,
   21,   13, 1.02500000000000, 0.62500000000000, 2.05882536691346, 0.01996917333733, 2.03885619357613, 0.00687812515044,-0.00000000000000, 0.01402350806317, 1.89571035663985, 0.00000000000000, 1.91567952997718,*****************, 0.00000000000000,
   21,   14, 1.02500000000000, 0.67500000000000, 2.05882536691346, 0.01996917333733, 2.03885619357613, 0.00687812515044,-0.00000000000000, 0.01402350806317, 1.89571035663985, 0.00000000000000, 1.91567952997718,*****************, 0.00000000000000,
   21,   15, 1.02500000000000, 0.72500000000000, 2.05882536691346, 0.01996917333733, 2.03885619357613, 0.00687812515044,-0.00000000000000, 0.01402350806317, 1.89571035663985, 0.00000000000000, 1.91567952997718,*****************, 0.00000000000000,
   21,   16, 1.02500000000000, 0.77500000000000, 2.05882536691346, 0.01996917333733, 2.03885619357613, 0.00687812515044,-0.00000000000000, 0.01402350806317, 1.89571035663985, 0.00000000000000, 1.91567952997718,*****************, 0.00000000000000,
   21,   17, 1.02500000000000, 0.82500000000000, 2.05882536691346, 0.01996917333733, 2.03885619357613, 0.00687812515044,-0.00000000000000, 0.01402350806317, 1.89571035663985, 0.00000000000000, 1.91567952997718,*****************, 0.00000000000000,
   21,   18, 1.02500000000000, 0.87500000000000, 2.05882536691346, 0.01996917333733, 2.03885619357613, 0.00687812515044,-0.00000000000000, 0.01402350806317, 1.89571035663985, 0.00000000000000, 1.91567952997718,*****************, 0.00000000000000,
   21,   19, 1.02500000000000, 0.92500000000000, 2.05882536691346, 0.01996917333733, 2.03885619357613, 0.00687812515044,-0.00000000000000, 0.01402350806317, 1.89571035663985, 0.00000000000000, 1.91567952997718,*****************, 0.00000000000000,
   21,   20, 1.02500000000000, 0.97500000000000, 2.05882536691346, 0.01996917333733, 2.03885619357613, 0.00687812515044,-0.00000000000000, 0.01402350806317, 1.89571035663985, 0.00000000000000, 1.91567952997718,*****************, 0.00000000000000,
   21,   21, 1.02500000000000, 1.02500000000000, 2.05882536691346, 0.01996917333733, 2.03885619357613, 0.00687812515044,-0.00000000000000, 0.01402350806317, 1.89571035663985, 0.00000000000000, 1.91567952997718,*****************, 0.00000000000000,
   21,   22, 1.02500000000000, 1.07500000000000, 2.05882536691346, 0.01996917333733, 2.03885619357613, 0.00687812515044,-0.00000000000000, 0.01402350806317, 1.89571035663985, 0.00000000000000, 1.91567952997718,*****************, 0.00000000000000,
   21,   23, 1.02500000000000, 1.12500000000000, 2.05882536691346, 0.01996917333733, 2.03885619357613, 0.00687812515044,-0.00000000000000, 0.01402350806317, 1.89571035663985, 0.00000000000000, 1.91567952997718,*****************, 0.00000000000000,
   21,   24, 1.02500000000000, 1.17500000000000, 2.05882536691346, 0.01996917333733, 2.03885619357613, 0.00687812515044,-0.00000000000000, 0.01402350806317, 1.89571035663985, 0.00000000000000, 1.91567952997718,*****************, 0.00000000000000,
   21,   25, 1.02500000000000, 1.22500000000000, 2.05882536691346, 0.01996917333733, 2.03885619357613, 0.00687812515044,-0.00000000000000, 0.01402350806317, 1.89571035663985, 0.00000000000000, 1.91567952997718,*****************, 0.00000000000000,
   21,   26, 1.02500000000000, 1.27500000000000, 2.05882536691346, 0.01996917333733, 2.03885619357613, 0.00687812515044,-0.00000000000000, 0.01402350806317, 1.89571035663985, 0.00000000000000, 1.91567952997718,*****************, 0.00000000000000,
   21,   27, 1.02500000000000, 1.32500000000000, 2.05882536691346, 0.01996917333733, 2.03885619357613, 0.00687812515044,-0.00000000000000, 0.01402350806317, 1.89571035663985, 0.00000000000000, 1.91567952997718,*****************, 0.00000000000000,
   21,   28, 1.02500000000000, 1.37500000000000, 2.05882536691346, 0.01996917333733, 2.03885619357613, 0.00687812515044,-0.00000000000000, 0.01402350806317, 1.89571035663985, 0.00000000000000, 1.91567952997718,*****************, 0.00000000000000,
   21,   29, 1.02500000000000, 1.42500000000000, 2.05882536691346, 0.01996917333733, 2.03885619357613, 0.00687812515044,-0.00000000000000, 0.01402350806317, 1.89571035663985, 0.00000000000000, 1.91567952997718,*****************, 0.00000000000000,
   21,   30, 1.02500000000000, 1.47500000000000, 2.05882536691346, 0.01996917333733, 2.03885619357613, 0.00687812515044,-0.00000000000000, 0.01402350806317, 1.89571035663985, 0.00000000000000, 1.91567952997718,*****************, 0.00000000000000,
   21,   31, 1.02500000000000, 1.52500000000000, 2.05882536691346, 0.01996917333733, 2.03885619357613, 0.00687812515044,-0.00000000000000, 0.01402350806317, 1.89571035663985, 0.00000000000000, 1.91567952997718,*****************, 0.00000000000000,
   21,   32, 1.02500000000000, 1.57500000000000, 2.05882536691346, 0.01996917333733, 2.03885619357613, 0.00687812515044,-0.00000000000000, 0.01402350806317, 1.89571035663985, 0.00000000000000, 1.91567952997718,*****************, 0.00000000000000,
   21,   33, 1.02500000000000, 1.62500000000000, 2.05882536691346, 0.01996917333733, 2.03885619357613, 0.00687812515044,-0.00000000000000, 0.01402350806317, 1.89571035663985, 0.00000000000000, 1.91567952997718,*****************, 0.00000000000000,
   21,   34, 1.02500000000000, 1.67500000000000, 2.05882536691346, 0.01996917333733, 2.03885619357613, 0.00687812515044,-0.00000000000000, 0.01402350806317, 1.89571035663985, 0.00000000000000, 1.91567952997718,*****************, 0.00000000000000,
   21,   35, 1.02500000000000, 1.72500000000000, 2.05882536691346, 0.01996917333733, 2.03885619357613, 0.00687812515044,-0.00000000000000, 0.01402350806317, 1.89571035663985, 0.00000000000000, 1.91567952997718,*****************, 0.00000000000000,
   21,   36, 1.02500000000000, 1.77500000000000, 2.05882536691346, 0.01996917333733, 2.03885619357613, 0.00687812515044,-0.00000000000000, 0.01402350806317, 1.89571035663985, 0.00000000000000, 1.91567952997718,*****************, 0.00000000000000,
   21,   37, 1.02500000000000, 1.82500000000000, 2.05882536691346, 0.01996917333733, 2.03885619357613, 0.00687812515044,-0.00000000000000, 0.01402350806317, 1.89571035663985, 0.00000000000000, 1.91567952997718,*****************, 0.00000000000000,
   21,   38, 1.02500000000000, 1.87500000000000, 2.05882536691346, 0.01996917333733, 2.03885619357613, 0.00687812515044,-0.00000000000000, 0.01402350806317, 1.89571035663985, 0.00000000000000, 1.91567952997718,*****************, 0.00000000000000,
   21,   39, 1.02500000000000, 1.92500000000000, 2.05882536691346, 0.01996917333733, 2.03885619357613, 0.00687812515044,-0.00000000000000, 0.01402350806317, 1.89571035663985, 0.00000000000000, 1.91567952997718,*****************, 0.00000000000000,
   21,   40, 1.02500000000000, 1.97500000000000, 2.05882536691346, 0.01996917333733, 2.03885619357613, 0.00687812515044,-0.00000000000000, 0.01402350806317, 1.89571035663985, 0.00000000000000, 1.91567952997718,*****************, 0.00000000000000,
   22,    1, 1.07500000000000, 0.02500000000000, 1.96002963944829, 0.01972369920398, 1.94030594024431, 0.00722808096910, 0.00000000000000, 0.01402468844091, 1.79398867041670, 0.00000000000000, 1.81371236962068,*****************, 0.00000000000000,
   22,    2, 1.07500000000000, 0.07500000000000, 1.96002963944829, 0.01972369920398, 1.94030594024431, 0.00722808096910, 0.00000000000000, 0.01402468844091, 1.79398867041670, 0.00000000000000, 1.81371236962068,*****************, 0.00000000000000,
   22,    3, 1.07500000000000, 0.12500000000000, 1.96002963944829, 0.01972369920398, 1.94030594024431, 0.00722808096910, 0.00000000000000, 0.01402468844091, 1.79398867041670, 0.00000000000000, 1.81371236962068,*****************, 0.00000000000000,
   22,    4, 1.07500000000000, 0.17500000000000, 1.96002963944829, 0.01972369920398, 1.94030594024431, 0.00722808096910, 0.00000000000000, 0.01402468844091, 1.79398867041670, 0.00000000000000, 1.81371236962068,*****************, 0.00000000000000,
   22,    5, 1.07500000000000, 0.22500000000000, 1.96002963944829, 0.01972369920398, 1.94030594024431, 0.00722808096910, 0.00000000000000, 0.01402468844091, 1.79398867041670, 0.00000000000000, 1.81371236962068,*****************, 0.00000000000000,
   22,    6, 1.07500000000000, 0.27500000000000, 1.96002963944829, 0.01972369920398, 1.94030594024431, 0.00722808096910, 0.00000000000000, 0.01402468844091, 1.79398867041670, 0.00000000000000, 1.81371236962068,*****************, 0.00000000000000,
   22,    7, 1.07500000000000, 0.32500000000000, 1.96002963944829, 0.01972369920398, 1.94030594024431, 0.00722808096910, 0.00000000000000, 0.01402468844091, 1.79398867041670, 0.00000000000000, 1.81371236962068,*****************, 0.00000000000000,
   22,    8, 1.07500000000000, 0.37500000000000, 1.96002963944829, 0.01972369920398, 1.94030594024431, 0.00722808096910, 0.00000000000000, 0.01402468844091, 1.79398867041670, 0.00000000000000, 1.81371236962068,*****************, 0.00000000000000,
   22,    9, 1.07500000000000, 0.42500000000000, 1.96002963944829, 0.01972369920398, 1.94030594024431, 0.00722808096910, 0.00000000000000, 0.01402468844091, 1.79398867041670, 0.00000000000000, 1.81371236962068,*****************, 0.00000000000000,
   22,   10, 1.07500000000000, 0.47500000000000, 1.96002963944829, 0.01972369920398, 1.94030594024431, 0.00722808096910, 0.00000000000000, 0.01402468844091, 1.79398867041670, 0.00000000000000, 1.81371236962068,*****************, 0.00000000000000,
   22,   11, 1.07500000000000, 0.52500000000000, 1.96002963944829, 0.01972369920398, 1.94030594024431, 0.00722808096910, 0.00000000000000, 0.01402468844091, 1.79398867041670, 0.00000000000000, 1.81371236962068,*****************, 0.00000000000000,
   22,   12, 1.07500000000000, 0.57500000000000, 1.96002963944829, 0.01972369920398, 1.94030594024431, 0.00722808096910, 0.00000000000000, 0.01402468844091, 1.79398867041670, 0.00000000000000, 1.81371236962068,*****************, 0.00000000000000,
   22,   13, 1.07500000000000, 0.62500000000000, 1.96002963944829, 0.01972369920398, 1.94030594024431, 0.00722808096910, 0.00000000000000, 0.01402468844091, 1.79398867041670, 0.00000000000000, 1.81371236962068,*****************, 0.00000000000000,
   22,   14, 1.07500000000000, 0.67500000000000, 1.96002963944829, 0.01972369920398, 1.94030594024431, 0.00722808096910, 0.00000000000000, 0.01402468844091, 1.79398867041670, 0.00000000000000, 1.81371236962068,*****************, 0.00000000000000,
   22,   15, 1.07500000000000, 0.72500000000000, 1.96002963944829, 0.01972369920398, 1.94030594024431, 0.00722808096910, 0.00000000000000, 0.01402468844091, 1.79398867041670, 0.00000000000000, 1.81371236962068,*****************, 0.00000000000000,
   22,   16, 1.07500000000000, 0.77500000000000, 1.96002963944829, 0.01972369920398, 1.94030594024431, 0.00722808096910, 0.00000000000000, 0.01402468844091, 1.79398867041670, 0.00000000000000, 1.81371236962068,*****************, 0.00000000000000,
   22,   17, 1.07500000000000, 0.82500000000000, 1.96002963944829, 0.01972369920398, 1.94030594024431, 0.00722808096910, 0.00000000000000, 0.01402468844091, 1.79398867041670, 0.00000000000000, 1.81371236962068,*****************, 0.00000000000000,
   22,   18, 1.07500000000000, 0.87500000000000, 1.96002963944829, 0.01972369920398, 1.94030594024431, 0.00722808096910, 0.00000000000000, 0.01402468844091, 1.79398867041670, 0.00000000000000, 1.81371236962068,*****************, 0.00000000000000,
   22,   19, 1.07500000000000, 0.92500000000000, 1.96002963944829, 0.01972369920398, 1.94030594024431, 0.00722808096910, 0.00000000000000, 0.01402468844091, 1.79398867041670, 0.00000000000000, 1.81371236962068,*****************, 0.00000000000000,
   22,   20, 1.07500000000000, 0.97500000000000, 1.96002963944829, 0.01972369920398, 1.94030594024431, 0.00722808096910, 0.00000000000000, 0.01402468844091, 1.79398867041670, 0.00000000000000, 1.81371236962068,*****************, 0.00000000000000,
   22,   21, 1.07500000000000, 1.02500000000000, 1.96002963944829, 0.01972369920398, 1.94030594024431, 0.00722808096910, 0.00000000000000, 0.01402468844091, 1.79398867041670, 0.00000000000000, 1.81371236962068,*****************, 0.00000000000000,
   22,   22, 1.07500000000000, 1.07500000000000, 1.96002963944829, 0.01972369920398, 1.94030594024431, 0.00722808096910, 0.00000000000000, 0.01402468844091, 1.79398867041670, 0.00000000000000, 1.81371236962068,*****************, 0.00000000000000,
   22,   23, 1.07500000000000, 1.12500000000000, 1.96002963944829, 0.01972369920398, 1.94030594024431, 0.00722808096910, 0.00000000000000, 0.01402468844091, 1.79398867041670, 0.00000000000000, 1.81371236962068,*****************, 0.00000000000000,
   22,   24, 1.07500000000000, 1.17500000000000, 1.96002963944829, 0.01972369920398, 1.94030594024431, 0.00722808096910, 0.00000000000000, 0.01402468844091, 1.79398867041670, 0.00000000000000, 1.81371236962068,*****************, 0.00000000000000,
   22,   25, 1.07500000000000, 1.22500000000000, 1.96002963944829, 0.01972369920398, 1.94030594024431, 0.00722808096910, 0.00000000000000, 0.01402468844091, 1.79398867041670, 0.00000000000000, 1.81371236962068,*****************, 0.00000000000000,
   22,   26, 1.07500000000000, 1.27500000000000, 1.96002963944829, 0.01972369920398, 1.94030594024431, 0.00722808096910, 0.00000000000000, 0.01402468844091, 1.79398867041670, 0.00000000000000, 1.81371236962068,*****************, 0.00000000000000,
   22,   27, 1.07500000000000, 1.32500000000000, 1.96002963944829, 0.01972369920398, 1.94030594024431, 0.00722808096910, 0.00000000000000, 0.01402468844091, 1.79398867041670, 0.00000000000000, 1.81371236962068,*****************, 0.00000000000000,
   22,   28, 1.07500000000000, 1.37500000000000, 1.96002963944829, 0.01972369920398, 1.94030594024431, 0.00722808096910, 0.00000000000000, 0.01402468844091, 1.79398867041670, 0.00000000000000, 1.81371236962068,*****************, 0.00000000000000,
   22,   29, 1.07500000000000, 1.42500000000000, 1.96002963944829, 0.01972369920398, 1.94030594024431, 0.00722808096910, 0.00000000000000, 0.01402468844091, 1.79398867041670, 0.00000000000000, 1.81371236962068,*****************, 0.00000000000000,
   22,   30, 1.07500000000000, 1.47500000000000, 1.96002963944829, 0.01972369920398, 1.94030594024431, 0.00722808096910, 0.00000000000000, 0.01402468844091, 1.79398867041670, 0.00000000000000, 1.81371236962068,*****************, 0.00000000000000,
   22,   31, 1.07500000000000, 1.52500000000000, 1.96002963944829, 0.01972369920398, 1.94030594024431, 0.00722808096910, 0.00000000000000, 0.01402468844091, 1.79398867041670, 0.00000000000000, 1.81371236962068,*****************, 0.00000000000000,
   22,   32, 1.07500000000000, 1.57500000000000, 1.96002963944829, 0.01972369920398, 1.94030594024431, 0.00722808096910, 0.00000000000000, 0.01402468844091, 1.79398867041670, 0.00000000000000, 1.81371236962068,*****************, 0.00000000000000,
   22,   33, 1.07500000000000, 1.62500000000000, 1.96002963944829, 0.01972369920398, 1.94030594024431, 0.00722808096910, 0.00000000000000, 0.01402468844091, 1.79398867041670, 0.00000000000000, 1.81371236962068,*****************, 0.00000000000000,
   22,   34, 1.07500000000000, 1.67500000000000, 1.96002963944829, 0.01972369920398, 1.94030594024431, 0.00722808096910, 0.00000000000000, 0.01402468844091, 1.79398867041670, 0.00000000000000, 1.81371236962068,*****************, 0.00000000000000,
   22,   35, 1.07500000000000, 1.72500000000000, 1.96002963944829, 0.01972369920398, 1.94030594024431, 0.00722808096910, 0.00000000000000, 0.01402468844091, 1.79398867041670, 0.00000000000000, 1.81371236962068,*****************, 0.00000000000000,
   22,   36, 1.07500000000000, 1.77500000000000, 1.96002963944829, 0.01972369920398, 1.94030594024431, 0.00722808096910, 0.00000000000000, 0.01402468844091, 1.79398867041670, 0.00000000000000, 1.81371236962068,*****************, 0.00000000000000,
   22,   37, 1.07500000000000, 1.82500000000000, 1.96002963944829, 0.01972369920398, 1.94030594024431, 0.00722808096910, 0.00000000000000, 0.01402468844091, 1.79398867041670, 0.00000000000000, 1.81371236962068,*****************, 0.00000000000000,
   22,   38, 1.07500000000000, 1.87500000000000, 1.96002963944829, 0.01972369920398, 1.94030594024431, 0.00722808096910, 0.00000000000000, 0.01402468844091, 1.79398867041670, 0.00000000000000, 1.81371236962068,*****************, 0.00000000000000,
   22,   39, 1.07500000000000, 1.92500000000000, 1.96002963944829, 0.01972369920398, 1.94030594024431, 0.00722808096910, 0.00000000000000, 0.01402468844091, 1.79398867041670, 0.00000000000000, 1.81371236962068,*****************, 0.00000000000000,
   22,   40, 1.07500000000000, 1.97500000000000, 1.96002963944829, 0.01972369920398, 1.94030594024431, 0.00722808096910, 0.00000000000000, 0.01402468844091, 1.79398867041670, 0.00000000000000, 1.81371236962068,*****************, 0.00000000000000,
   23,    1, 1.12500000000000, 0.02500000000000, 1.86517856778141, 0.01923879532511, 1.84593977245629, 0.00759819384095,-0.00000000000000, 0.01402580820984, 1.69733966684030, 0.00000000000000, 1.71657846216541,*****************, 0.00000000000000,
   23,    2, 1.12500000000000, 0.07500000000000, 1.86517856778141, 0.01923879532511, 1.84593977245629, 0.00759819384095,-0.00000000000000, 0.01402580820984, 1.69733966684030, 0.00000000000000, 1.71657846216541,*****************, 0.00000000000000,
   23,    3, 1.12500000000000, 0.12500000000000, 1.86517856778141, 0.01923879532511, 1.84593977245629, 0.00759819384095,-0.00000000000000, 0.01402580820984, 1.69733966684030, 0.00000000000000, 1.71657846216541,*****************, 0.00000000000000,
   23,    4, 1.12500000000000, 0.17500000000000, 1.86517856778141, 0.01923879532511, 1.84593977245629, 0.00759819384095,-0.00000000000000, 0.01402580820984, 1.69733966684030, 0.00000000000000, 1.71657846216541,*****************, 0.00000000000000,
   23,    5, 1.12500000000000, 0.22500000000000, 1.86517856778141, 0.01923879532511, 1.84593977245629, 0.00759819384095,-0.00000000000000, 0.01402580820984, 1.69733966684030, 0.00000000000000, 1.71657846216541,*****************, 0.00000000000000,
   23,    6, 1.12500000000000, 0.27500000000000, 1.86517856778141, 0.01923879532511, 1.84593977245629, 0.00759819384095,-0.00000000000000, 0.01402580820984, 1.69733966684030, 0.00000000000000, 1.71657846216541,*****************, 0.00000000000000,
   23,    7, 1.12500000000000, 0.32500000000000, 1.86517856778141, 0.01923879532511, 1.84593977245629, 0.00759819384095,-0.00000000000000, 0.01402580820984, 1.69733966684030, 0.00000000000000, 1.71657846216541,*****************, 0.00000000000000,
   23,    8, 1.12500000000000, 0.37500000000000, 1.86517856778141, 0.01923879532511, 1.84593977245629, 0.00759819384095,-0.00000000000000, 0.01402580820984, 1.69733966684030, 0.00000000000000, 1.71657846216541,*****************, 0.00000000000000,
   23,    9, 1.12500000000000, 0.42500000000000, 1.86517856778141, 0.01923879532511, 1.84593977245629, 0.00759819384095,-0.00000000000000, 0.01402580820984, 1.69733966684030, 0.00000000000000, 1.71657846216541,*****************, 0.00000000000000,
   23,   10, 1.12500000000000, 0.47500000000000, 1.86517856778141, 0.01923879532511, 1.84593977245629, 0.00759819384095,-0.00000000000000, 0.01402580820984, 1.69733966684030, 0.00000000000000, 1.71657846216541,*****************, 0.00000000000000,
   23,   11, 1.12500000000000, 0.52500000000000, 1.86517856778141, 0.01923879532511, 1.84593977245629, 0.00759819384095,-0.00000000000000, 0.01402580820984, 1.69733966684030, 0.00000000000000, 1.71657846216541,*****************, 0.00000000000000,
   23,   12, 1.12500000000000, 0.57500000000000, 1.86517856778141, 0.01923879532511, 1.84593977245629, 0.00759819384095,-0.00000000000000, 0.01402580820984, 1.69733966684030, 0.00000000000000, 1.71657846216541,*****************, 0.00000000000000,
   23,   13, 1.12500000000000, 0.62500000000000, 1.86517856778141, 0.01923879532511, 1.84593977245629, 0.00759819384095,-0.00000000000000, 0.01402580820984, 1.69733966684030, 0.00000000000000, 1.71657846216541,*****************, 0.00000000000000,
   23,   14, 1.12500000000000, 0.67500000000000, 1.86517856778141, 0.01923879532511, 1.84593977245629, 0.00759819384095,-0.00000000000000, 0.01402580820984, 1.69733966684030, 0.00000000000000, 1.71657846216541,*****************, 0.00000000000000,
   23,   15, 1.12500000000000, 0.72500000000000, 1.86517856778141, 0.01923879532511, 1.84593977245629, 0.00759819384095,-0.00000000000000, 0.01402580820984, 1.69733966684030, 0.00000000000000, 1.71657846216541,*****************, 0.00000000000000,
   23,   16, 1.12500000000000, 0.77500000000000, 1.86517856778141, 0.01923879532511, 1.84593977245629, 0.00759819384095,-0.00000000000000, 0.01402580820984, 1.69733966684030, 0.00000000000000, 1.71657846216541,*****************, 0.00000000000000,
   23,   17, 1.12500000000000, 0.82500000000000, 1.86517856778141, 0.01923879532511, 1.84593977245629, 0.00759819384095,-0.00000000000000, 0.01402580820984, 1.69733966684030, 0.00000000000000, 1.71657846216541,*****************, 0.00000000000000,
   23,   18, 1.12500000000000, 0.87500000000000, 1.86517856778141, 0.01923879532511, 1.84593977245629, 0.00759819384095,-0.00000000000000, 0.01402580820984, 1.69733966684030, 0.00000000000000, 1.71657846216541,*****************, 0.00000000000000,
   23,   19, 1.12500000000000, 0.92500000000000, 1.86517856778141, 0.01923879532511, 1.84593977245629, 0.00759819384095,-0.00000000000000, 0.01402580820984, 1.69733966684030, 0.00000000000000, 1.71657846216541,*****************, 0.00000000000000,
   23,   20, 1.12500000000000, 0.97500000000000, 1.86517856778141, 0.01923879532511, 1.84593977245629, 0.00759819384095,-0.00000000000000, 0.01402580820984, 1.69733966684030, 0.00000000000000, 1.71657846216541,*****************, 0.00000000000000,
   23,   21, 1.12500000000000, 1.02500000000000, 1.86517856778141, 0.01923879532511, 1.84593977245629, 0.00759819384095,-0.00000000000000, 0.01402580820984, 1.69733966684030, 0.00000000000000, 1.71657846216541,*****************, 0.00000000000000,
   23,   22, 1.12500000000000, 1.07500000000000, 1.86517856778141, 0.01923879532511, 1.84593977245629, 0.00759819384095,-0.00000000000000, 0.01402580820984, 1.69733966684030, 0.00000000000000, 1.71657846216541,*****************, 0.00000000000000,
   23,   23, 1.12500000000000, 1.12500000000000, 1.86517856778141, 0.01923879532511, 1.84593977245629, 0.00759819384095,-0.00000000000000, 0.01402580820984, 1.69733966684030, 0.00000000000000, 1.71657846216541,*****************, 0.00000000000000,
   23,   24, 1.12500000000000, 1.17500000000000, 1.86517856778141, 0.01923879532511, 1.84593977245629, 0.00759819384095,-0.00000000000000, 0.01402580820984, 1.69733966684030, 0.00000000000000, 1.71657846216541,*****************, 0.00000000000000,
   23,   25, 1.12500000000000, 1.22500000000000, 1.86517856778141, 0.01923879532511, 1.84593977245629, 0.00759819384095,-0.00000000000000, 0.01402580820984, 1.69733966684030, 0.00000000000000, 1.71657846216541,*****************, 0.00000000000000,
   23,   26, 1.12500000000000, 1.27500000000000, 1.86517856778141, 0.01923879532511, 1.84593977245629, 0.00759819384095,-0.00000000000000, 0.01402580820984, 1.69733966684030, 0.00000000000000, 1.71657846216541,*****************, 0.00000000000000,
   23,   27, 1.12500000000000, 1.32500000000000, 1.86517856778141, 0.01923879532511, 1.84593977245629, 0.00759819384095,-0.00000000000000, 0.01402580820984, 1.69733966684030, 0.00000000000000, 1.71657846216541,*****************, 0.00000000000000,
   23,   28, 1.12500000000000, 1.37500000000000, 1.86517856778141, 0.01923879532511, 1.84593977245629, 0.00759819384095,-0.00000000000000, 0.01402580820984, 1.69733966684030, 0.00000000000000, 1.71657846216541,*****************, 0.00000000000000,
   23,   29, 1.12500000000000, 1.42500000000000, 1.86517856778141, 0.01923879532511, 1.84593977245629, 0.00759819384095,-0.00000000000000, 0.01402580820984, 1.69733966684030, 0.00000000000000, 1.71657846216541,*****************, 0.00000000000000,
   23,   30, 1.12500000000000, 1.47500000000000, 1.86517856778141, 0.01923879532511, 1.84593977245629, 0.00759819384095,-0.00000000000000, 0.01402580820984, 1.69733966684030, 0.00000000000000, 1.71657846216541,*****************, 0.00000000000000,
   23,   31, 1.12500000000000, 1.52500000000000, 1.86517856778141, 0.01923879532511, 1.84593977245629, 0.00759819384095,-0.00000000000000, 0.01402580820984, 1.69733966684030, 0.00000000000000, 1.71657846216541,*****************, 0.00000000000000,
   23,   32, 1.12500000000000, 1.57500000000000, 1.86517856778141, 0.01923879532511, 1.84593977245629, 0.00759819384095,-0.00000000000000, 0.01402580820984, 1.69733966684030, 0.00000000000000, 1.71657846216541,*****************, 0.00000000000000,
   23,   33, 1.12500000000000, 1.62500000000000, 1.86517856778141, 0.01923879532511, 1.84593977245629, 0.00759819384095,-0.00000000000000, 0.01402580820984, 1.69733966684030, 0.00000000000000, 1.71657846216541,*****************, 0.00000000000000,
   23,   34, 1.12500000000000, 1.67500000000000, 1.86517856778141, 0.01923879532511, 1.84593977245629, 0.00759819384095,-0.00000000000000, 0.01402580820984, 1.69733966684030, 0.00000000000000, 1.71657846216541,*****************, 0.00000000000000,
   23,   35, 1.12500000000000, 1.72500000000000, 1.86517856778141, 0.01923879532511, 1.84593977245629, 0.00759819384095,-0.00000000000000, 0.01402580820984, 1.69733966684030, 0.00000000000000, 1.71657846216541,*****************, 0.00000000000000,
   23,   36, 1.12500000000000, 1.77500000000000, 1.86517856778141, 0.01923879532511, 1.84593977245629, 0.00759819384095,-0.00000000000000, 0.01402580820984, 1.69733966684030, 0.00000000000000, 1.71657846216541,*****************, 0.00000000000000,
   23,   37, 1.12500000000000, 1.82500000000000, 1.86517856778141, 0.01923879532511, 1.84593977245629, 0.00759819384095,-0.00000000000000, 0.01402580820984, 1.69733966684030, 0.00000000000000, 1.71657846216541,*****************, 0.00000000000000,
   23,   38, 1.12500000000000, 1.87500000000000, 1.86517856778141, 0.01923879532511, 1.84593977245629, 0.00759819384095,-0.00000000000000, 0.01402580820984, 1.69733966684030, 0.00000000000000, 1.71657846216541,*****************, 0.00000000000000,
   23,   39, 1.12500000000000, 1.92500000000000, 1.86517856778141, 0.01923879532511, 1.84593977245629, 0.00759819384095,-0.00000000000000, 0.01402580820984, 1.69733966684030, 0.00000000000000, 1.71657846216541,*****************, 0.00000000000000,
   23,   40, 1.12500000000000, 1.97500000000000, 1.86517856778141, 0.01923879532511, 1.84593977245629, 0.00759819384095,-0.00000000000000, 0.01402580820984, 1.69733966684030, 0.00000000000000, 1.71657846216541,*****************, 0.00000000000000,
   24,    1, 1.17500000000000, 0.02500000000000, 1.77660757603761, 0.01852640164354, 1.75808117439407, 0.00797842506329,-0.00000000000000, 0.01402671890509, 1.60814316513835, 0.00000000000000, 1.62666956678189,*****************, 0.00000000000000,
   24,    2, 1.17500000000000, 0.07500000000000, 1.77660757603761, 0.01852640164354, 1.75808117439407, 0.00797842506329,-0.00000000000000, 0.01402671890509, 1.60814316513835, 0.00000000000000, 1.62666956678189,*****************, 0.00000000000000,
   24,    3, 1.17500000000000, 0.12500000000000, 1.77660757603761, 0.01852640164354, 1.75808117439407, 0.00797842506329,-0.00000000000000, 0.01402671890509, 1.60814316513835, 0.00000000000000, 1.62666956678189,*****************, 0.00000000000000,
   24,    4, 1.17500000000000, 0.17500000000000, 1.77660757603761, 0.01852640164354, 1.75808117439407, 0.00797842506329,-0.00000000000000, 0.01402671890509, 1.60814316513835, 0.00000000000000, 1.62666956678189,*****************, 0.00000000000000,
   24,    5, 1.17500000000000, 0.22500000000000, 1.77660757603761, 0.01852640164354, 1.75808117439407, 0.00797842506329,-0.00000000000000, 0.01402671890509, 1.60814316513835, 0.00000000000000, 1.62666956678189,*****************, 0.00000000000000,
   24,    6, 1.17500000000000, 0.27500000000000, 1.77660757603761, 0.01852640164354, 1.75808117439407, 0.00797842506329,-0.00000000000000, 0.01402671890509, 1.60814316513835, 0.00000000000000, 1.62666956678189,*****************, 0.00000000000000,
   24,    7, 1.17500000000000, 0.32500000000000, 1.77660757603761, 0.01852640164354, 1.75808117439407, 0.00797842506329,-0.00000000000000, 0.01402671890509, 1.60814316513835, 0.00000000000000, 1.62666956678189,*****************, 0.00000000000000,
   24,    8, 1.17500000000000, 0.37500000000000, 1.77660757603761, 0.01852640164354, 1.75808117439407, 0.00797842506329,-0.00000000000000, 0.01402671890509, 1.60814316513835, 0.00000000000000, 1.62666956678189,*****************, 0.00000000000000,
   24,    9, 1.17500000000000, 0.42500000000000, 1.77660757603761, 0.01852640164354, 1.75808117439407, 0.00797842506329,-0.00000000000000, 0.01402671890509, 1.60814316513835, 0.00000000000000, 1.62666956678189,*****************, 0.00000000000000,
   24,   10, 1.17500000000000, 0.47500000000000, 1.77660757603761, 0.01852640164354, 1.75808117439407, 0.00797842506329,-0.00000000000000, 0.01402671890509, 1.60814316513835, 0.00000000000000, 1.62666956678189,*****************, 0.00000000000000,
   24,   11, 1.17500000000000, 0.52500000000000, 1.77660757603761, 0.01852640164354, 1.75808117439407, 0.00797842506329,-0.00000000000000, 0.01402671890509, 1.60814316513835, 0.00000000000000, 1.62666956678189,*****************, 0.00000000000000,
   24,   12, 1.17500000000000, 0.57500000000000, 1.77660757603761, 0.01852640164354, 1.75808117439407, 0.00797842506329,-0.00000000000000, 0.01402671890509, 1.60814316513835, 0.00000000000000, 1.62666956678189,*****************, 0.00000000000000,
   24,   13, 1.17500000000000, 0.62500000000000, 1.77660757603761, 0.01852640164354, 1.75808117439407, 0.00797842506329,-0.00000000000000, 0.01402671890509, 1.60814316513835, 0.00000000000000, 1.62666956678189,*****************, 0.00000000000000,
   24,   14, 1.17500000000000, 0.67500000000000, 1.77660757603761, 0.01852640164354, 1.75808117439407, 0.00797842506329,-0.00000000000000, 0.01402671890509, 1.60814316513835, 0.00000000000000, 1.62666956678189,*****************, 0.00000000000000,
   24,   15, 1.17500000000000, 0.72500000000000, 1.77660757603761, 0.01852640164354, 1.75808117439407, 0.00797842506329,-0.00000000000000, 0.01402671890509, 1.60814316513835, 0.00000000000000, 1.62666956678189,*****************, 0.00000000000000,
   24,   16, 1.17500000000000, 0.77500000000000, 1.77660757603761, 0.01852640164354, 1.75808117439407, 0.00797842506329,-0.00000000000000, 0.01402671890509, 1.60814316513835, 0.00000000000000, 1.62666956678189,*****************, 0.00000000000000,
   24,   17, 1.17500000000000, 0.82500000000000, 1.77660757603761, 0.01852640164354, 1.75808117439407, 0.00797842506329,-0.00000000000000, 0.01402671890509, 1.60814316513835, 0.00000000000000, 1.62666956678189,*****************, 0.00000000000000,
   24,   18, 1.17500000000000, 0.87500000000000, 1.77660757603761, 0.01852640164354, 1.75808117439407, 0.00797842506329,-0.00000000000000, 0.01402671890509, 1.60814316513835, 0.00000000000000, 1.62666956678189,*****************, 0.00000000000000,
   24,   19, 1.17500000000000, 0.92500000000000, 1.77660757603761, 0.01852640164354, 1.75808117439407, 0.00797842506329,-0.00000000000000, 0.01402671890509, 1.60814316513835, 0.00000000000000, 1.62666956678189,*****************, 0.00000000000000,
   24,   20, 1.17500000000000, 0.97500000000000, 1.77660757603761, 0.01852640164354, 1.75808117439407, 0.00797842506329,-0.00000000000000, 0.01402671890509, 1.60814316513835, 0.00000000000000, 1.62666956678189,*****************, 0.00000000000000,
   24,   21, 1.17500000000000, 1.02500000000000, 1.77660757603761, 0.01852640164354, 1.75808117439407, 0.00797842506329,-0.00000000000000, 0.01402671890509, 1.60814316513835, 0.00000000000000, 1.62666956678189,*****************, 0.00000000000000,
   24,   22, 1.17500000000000, 1.07500000000000, 1.77660757603761, 0.01852640164354, 1.75808117439407, 0.00797842506329,-0.00000000000000, 0.01402671890509, 1.60814316513835, 0.00000000000000, 1.62666956678189,*****************, 0.00000000000000,
   24,   23, 1.17500000000000, 1.12500000000000, 1.77660757603761, 0.01852640164354, 1.75808117439407, 0.00797842506329,-0.00000000000000, 0.01402671890509, 1.60814316513835, 0.00000000000000, 1.62666956678189,*****************, 0.00000000000000,
   24,   24, 1.17500000000000, 1.17500000000000, 1.77660757603761, 0.01852640164354, 1.75808117439407, 0.00797842506329,-0.00000000000000, 0.01402671890509, 1.60814316513835, 0.00000000000000, 1.62666956678189,*****************, 0.00000000000000,
   24,   25, 1.17500000000000, 1.22500000000000, 1.77660757603761, 0.01852640164354, 1.75808117439407, 0.00797842506329,-0.00000000000000, 0.01402671890509, 1.60814316513835, 0.00000000000000, 1.62666956678189,*****************, 0.00000000000000,
   24,   26, 1.17500000000000, 1.27500000000000, 1.77660757603761, 0.01852640164354, 1.75808117439407, 0.00797842506329,-0.00000000000000, 0.01402671890509, 1.60814316513835, 0.00000000000000, 1.62666956678189,*****************, 0.00000000000000,
   24,   27, 1.17500000000000, 1.32500000000000, 1.77660757603761, 0.01852640164354, 1.75808117439407, 0.00797842506329,-0.00000000000000, 0.01402671890509, 1.60814316513835, 0.00000000000000, 1.62666956678189,*****************, 0.00000000000000,
   24,   28, 1.17500000000000, 1.37500000000000, 1.77660757603761, 0.01852640164354, 1.75808117439407, 0.00797842506329,-0.00000000000000, 0.01402671890509, 1.60814316513835, 0.00000000000000, 1.62666956678189,*****************, 0.00000000000000,
   24,   29, 1.17500000000000, 1.42500000000000, 1.77660757603761, 0.01852640164354, 1.75808117439407, 0.00797842506329,-0.00000000000000, 0.01402671890509, 1.60814316513835, 0.00000000000000, 1.62666956678189,*****************, 0.00000000000000,
   24,   30, 1.17500000000000, 1.47500000000000, 1.77660757603761, 0.01852640164354, 1.75808117439407, 0.00797842506329,-0.00000000000000, 0.01402671890509, 1.60814316513835, 0.00000000000000, 1.62666956678189,*****************, 0.00000000000000,
   24,   31, 1.17500000000000, 1.52500000000000, 1.77660757603761, 0.01852640164354, 1.75808117439407, 0.00797842506329,-0.00000000000000, 0.01402671890509, 1.60814316513835, 0.00000000000000, 1.62666956678189,*****************, 0.00000000000000,
   24,   32, 1.17500000000000, 1.57500000000000, 1.77660757603761, 0.01852640164354, 1.75808117439407, 0.00797842506329,-0.00000000000000, 0.01402671890509, 1.60814316513835, 0.00000000000000, 1.62666956678189,*****************, 0.00000000000000,
   24,   33, 1.17500000000000, 1.62500000000000, 1.77660757603761, 0.01852640164354, 1.75808117439407, 0.00797842506329,-0.00000000000000, 0.01402671890509, 1.60814316513835, 0.00000000000000, 1.62666956678189,*****************, 0.00000000000000,
   24,   34, 1.17500000000000, 1.67500000000000, 1.77660757603761, 0.01852640164354, 1.75808117439407, 0.00797842506329,-0.00000000000000, 0.01402671890509, 1.60814316513835, 0.00000000000000, 1.62666956678189,*****************, 0.00000000000000,
   24,   35, 1.17500000000000, 1.72500000000000, 1.77660757603761, 0.01852640164354, 1.75808117439407, 0.00797842506329,-0.00000000000000, 0.01402671890509, 1.60814316513835, 0.00000000000000, 1.62666956678189,*****************, 0.00000000000000,
   24,   36, 1.17500000000000, 1.77500000000000, 1.77660757603761, 0.01852640164354, 1.75808117439407, 0.00797842506329,-0.00000000000000, 0.01402671890509, 1.60814316513835, 0.00000000000000, 1.62666956678189,*****************, 0.00000000000000,
   24,   37, 1.17500000000000, 1.82500000000000, 1.77660757603761, 0.01852640164354, 1.75808117439407, 0.00797842506329,-0.00000000000000, 0.01402671890509, 1.60814316513835, 0.00000000000000, 1.62666956678189,*****************, 0.00000000000000,
   24,   38, 1.17500000000000, 1.87500000000000, 1.77660757603761, 0.01852640164354, 1.75808117439407, 0.00797842506329,-0.00000000000000, 0.01402671890509, 1.60814316513835, 0.00000000000000, 1.62666956678189,*****************, 0.00000000000000,
   24,   39, 1.17500000000000, 1.92500000000000, 1.77660757603761, 0.01852640164354, 1.75808117439407, 0.00797842506329,-0.00000000000000, 0.01402671890509, 1.60814316513835, 0.00000000000000, 1.62666956678189,*****************, 0.00000000000000,
   24,   40, 1.17500000000000, 1.97500000000000, 1.77660757603761, 0.01852640164354, 1.75808117439407, 0.00797842506329,-0.00000000000000, 0.01402671890509, 1.60814316513835, 0.00000000000000, 1.62666956678189,*****************, 0.00000000000000,
   25,    1, 1.22500000000000, 0.02500000000000, 1.69644806590176, 0.01760405965600, 1.67884400624576, 0.00835535130063, 0.00000000000000, 0.01402733145113, 1.52859547920897, 0.00000000000000, 1.54619953886497,*****************, 0.00000000000000,
   25,    2, 1.22500000000000, 0.07500000000000, 1.69644806590176, 0.01760405965600, 1.67884400624576, 0.00835535130063, 0.00000000000000, 0.01402733145113, 1.52859547920897, 0.00000000000000, 1.54619953886497,*****************, 0.00000000000000,
   25,    3, 1.22500000000000, 0.12500000000000, 1.69644806590176, 0.01760405965600, 1.67884400624576, 0.00835535130063, 0.00000000000000, 0.01402733145113, 1.52859547920897, 0.00000000000000, 1.54619953886497,*****************, 0.00000000000000,
   25,    4, 1.22500000000000, 0.17500000000000, 1.69644806590176, 0.01760405965600, 1.67884400624576, 0.00835535130063, 0.00000000000000, 0.01402733145113, 1.52859547920897, 0.00000000000000, 1.54619953886497,*****************, 0.00000000000000,
   25,    5, 1.22500000000000, 0.22500000000000, 1.69644806590176, 0.01760405965600, 1.67884400624576, 0.00835535130063, 0.00000000000000, 0.01402733145113, 1.52859547920897, 0.00000000000000, 1.54619953886497,*****************, 0.00000000000000,
   25,    6, 1.22500000000000, 0.27500000000000, 1.69644806590176, 0.01760405965600, 1.67884400624576, 0.00835535130063, 0.00000000000000, 0.01402733145113, 1.52859547920897, 0.00000000000000, 1.54619953886497,*****************, 0.00000000000000,
   25,    7, 1.22500000000000, 0.32500000000000, 1.69644806590176, 0.01760405965600, 1.67884400624576, 0.00835535130063, 0.00000000000000, 0.01402733145113, 1.52859547920897, 0.00000000000000, 1.54619953886497,*****************, 0.00000000000000,
   25,    8, 1.22500000000000, 0.37500000000000, 1.69644806590176, 0.01760405965600, 1.67884400624576, 0.00835535130063, 0.00000000000000, 0.01402733145113, 1.52859547920897, 0.00000000000000, 1.54619953886497,*****************, 0.00000000000000,
   25,    9, 1.22500000000000, 0.42500000000000, 1.69644806590176, 0.01760405965600, 1.67884400624576, 0.00835535130063, 0.00000000000000, 0.01402733145113, 1.52859547920897, 0.00000000000000, 1.54619953886497,*****************, 0.00000000000000,
   25,   10, 1.22500000000000, 0.47500000000000, 1.69644806590176, 0.01760405965600, 1.67884400624576, 0.00835535130063, 0.00000000000000, 0.01402733145113, 1.52859547920897, 0.00000000000000, 1.54619953886497,*****************, 0.00000000000000,
   25,   11, 1.22500000000000, 0.52500000000000, 1.69644806590176, 0.01760405965600, 1.67884400624576, 0.00835535130063, 0.00000000000000, 0.01402733145113, 1.52859547920897, 0.00000000000000, 1.54619953886497,*****************, 0.00000000000000,
   25,   12, 1.22500000000000, 0.57500000000000, 1.69644806590176, 0.01760405965600, 1.67884400624576, 0.00835535130063, 0.00000000000000, 0.01402733145113, 1.52859547920897, 0.00000000000000, 1.54619953886497,*****************, 0.00000000000000,
   25,   13, 1.22500000000000, 0.62500000000000, 1.69644806590176, 0.01760405965600, 1.67884400624576, 0.00835535130063, 0.00000000000000, 0.01402733145113, 1.52859547920897, 0.00000000000000, 1.54619953886497,*****************, 0.00000000000000,
   25,   14, 1.22500000000000, 0.67500000000000, 1.69644806590176, 0.01760405965600, 1.67884400624576, 0.00835535130063, 0.00000000000000, 0.01402733145113, 1.52859547920897, 0.00000000000000, 1.54619953886497,*****************, 0.00000000000000,
   25,   15, 1.22500000000000, 0.72500000000000, 1.69644806590176, 0.01760405965600, 1.67884400624576, 0.00835535130063, 0.00000000000000, 0.01402733145113, 1.52859547920897, 0.00000000000000, 1.54619953886497,*****************, 0.00000000000000,
   25,   16, 1.22500000000000, 0.77500000000000, 1.69644806590176, 0.01760405965600, 1.67884400624576, 0.00835535130063, 0.00000000000000, 0.01402733145113, 1.52859547920897, 0.00000000000000, 1.54619953886497,*****************, 0.00000000000000,
   25,   17, 1.22500000000000, 0.82500000000000, 1.69644806590176, 0.01760405965600, 1.67884400624576, 0.00835535130063, 0.00000000000000, 0.01402733145113, 1.52859547920897, 0.00000000000000, 1.54619953886497,*****************, 0.00000000000000,
   25,   18, 1.22500000000000, 0.87500000000000, 1.69644806590176, 0.01760405965600, 1.67884400624576, 0.00835535130063, 0.00000000000000, 0.01402733145113, 1.52859547920897, 0.00000000000000, 1.54619953886497,*****************, 0.00000000000000,
   25,   19, 1.22500000000000, 0.92500000000000, 1.69644806590176, 0.01760405965600, 1.67884400624576, 0.00835535130063, 0.00000000000000, 0.01402733145113, 1.52859547920897, 0.00000000000000, 1.54619953886497,*****************, 0.00000000000000,
   25,   20, 1.22500000000000, 0.97500000000000, 1.69644806590176, 0.01760405965600, 1.67884400624576, 0.00835535130063, 0.00000000000000, 0.01402733145113, 1.52859547920897, 0.00000000000000, 1.54619953886497,*****************, 0.00000000000000,
   25,   21, 1.22500000000000, 1.02500000000000, 1.69644806590176, 0.01760405965600, 1.67884400624576, 0.00835535130063, 0.00000000000000, 0.01402733145113, 1.52859547920897, 0.00000000000000, 1.54619953886497,*****************, 0.00000000000000,
   25,   22, 1.22500000000000, 1.07500000000000, 1.69644806590176, 0.01760405965600, 1.67884400624576, 0.00835535130063, 0.00000000000000, 0.01402733145113, 1.52859547920897, 0.00000000000000, 1.54619953886497,*****************, 0.00000000000000,
   25,   23, 1.22500000000000, 1.12500000000000, 1.69644806590176, 0.01760405965600, 1.67884400624576, 0.00835535130063, 0.00000000000000, 0.01402733145113, 1.52859547920897, 0.00000000000000, 1.54619953886497,*****************, 0.00000000000000,
   25,   24, 1.22500000000000, 1.17500000000000, 1.69644806590176, 0.01760405965600, 1.67884400624576, 0.00835535130063, 0.00000000000000, 0.01402733145113, 1.52859547920897, 0.00000000000000, 1.54619953886497,*****************, 0.00000000000000,
   25,   25, 1.22500000000000, 1.22500000000000, 1.69644806590176, 0.01760405965600, 1.67884400624576, 0.00835535130063, 0.00000000000000, 0.01402733145113, 1.52859547920897, 0.00000000000000, 1.54619953886497,*****************, 0.00000000000000,
   25,   26, 1.22500000000000, 1.27500000000000, 1.69644806590176, 0.01760405965600, 1.67884400624576, 0.00835535130063, 0.00000000000000, 0.01402733145113, 1.52859547920897, 0.00000000000000, 1.54619953886497,*****************, 0.00000000000000,
   25,   27, 1.22500000000000, 1.32500000000000, 1.69644806590176, 0.01760405965600, 1.67884400624576, 0.00835535130063, 0.00000000000000, 0.01402733145113, 1.52859547920897, 0.00000000000000, 1.54619953886497,*****************, 0.00000000000000,
   25,   28, 1.22500000000000, 1.37500000000000, 1.69644806590176, 0.01760405965600, 1.67884400624576, 0.00835535130063, 0.00000000000000, 0.01402733145113, 1.52859547920897, 0.00000000000000, 1.54619953886497,*****************, 0.00000000000000,
   25,   29, 1.22500000000000, 1.42500000000000, 1.69644806590176, 0.01760405965600, 1.67884400624576, 0.00835535130063, 0.00000000000000, 0.01402733145113, 1.52859547920897, 0.00000000000000, 1.54619953886497,*****************, 0.00000000000000,
   25,   30, 1.22500000000000, 1.47500000000000, 1.69644806590176, 0.01760405965600, 1.67884400624576, 0.00835535130063, 0.00000000000000, 0.01402733145113, 1.52859547920897, 0.00000000000000, 1.54619953886497,*****************, 0.00000000000000,
   25,   31, 1.22500000000000, 1.52500000000000, 1.69644806590176, 0.01760405965600, 1.67884400624576, 0.00835535130063, 0.00000000000000, 0.01402733145113, 1.52859547920897, 0.00000000000000, 1.54619953886497,*****************, 0.00000000000000,
   25,   32, 1.22500000000000, 1.57500000000000, 1.69644806590176, 0.01760405965600, 1.67884400624576, 0.00835535130063, 0.00000000000000, 0.01402733145113, 1.52859547920897, 0.00000000000000, 1.54619953886497,*****************, 0.00000000000000,
   25,   33, 1.22500000000000, 1.62500000000000, 1.69644806590176, 0.01760405965600, 1.67884400624576, 0.00835535130063, 0.00000000000000, 0.01402733145113, 1.52859547920897, 0.00000000000000, 1.54619953886497,*****************, 0.00000000000000,
   25,   34, 1.22500000000000, 1.67500000000000, 1.69644806590176, 0.01760405965600, 1.67884400624576, 0.00835535130063, 0.00000000000000, 0.01402733145113, 1.52859547920897, 0.00000000000000, 1.54619953886497,*****************, 0.00000000000000,
   25,   35, 1.22500000000000, 1.72500000000000, 1.69644806590176, 0.01760405965600, 1.67884400624576, 0.00835535130063, 0.00000000000000, 0.01402733145113, 1.52859547920897, 0.00000000000000, 1.54619953886497,*****************, 0.00000000000000,
   25,   36, 1.22500000000000, 1.77500000000000, 1.69644806590176, 0.01760405965600, 1.67884400624576, 0.00835535130063, 0.00000000000000, 0.01402733145113, 1.52859547920897, 0.00000000000000, 1.54619953886497,*****************, 0.00000000000000,
   25,   37, 1.22500000000000, 1.82500000000000, 1.69644806590176, 0.01760405965600, 1.67884400624576, 0.00835535130063, 0.00000000000000, 0.01402733145113, 1.52859547920897, 0.00000000000000, 1.54619953886497,*****************, 0.00000000000000,
   25,   38, 1.22500000000000, 1.87500000000000, 1.69644806590176, 0.01760405965600, 1.67884400624576, 0.00835535130063, 0.00000000000000, 0.01402733145113, 1.52859547920897, 0.00000000000000, 1.54619953886497,*****************, 0.00000000000000,
   25,   39, 1.22500000000000, 1.92500000000000, 1.69644806590176, 0.01760405965600, 1.67884400624576, 0.00835535130063, 0.00000000000000, 0.01402733145113, 1.52859547920897, 0.00000000000000, 1.54619953886497,*****************, 0.00000000000000,
   25,   40, 1.22500000000000, 1.97500000000000, 1.69644806590176, 0.01760405965600, 1.67884400624576, 0.00835535130063, 0.00000000000000, 0.01402733145113, 1.52859547920897, 0.00000000000000, 1.54619953886497,*****************, 0.00000000000000,
   26,    1, 1.27500000000000, 0.02500000000000, 1.62656946276816, 0.01649448048330, 1.61007498228486, 0.00871236055645,-0.00000000000000, 0.01402755376858, 1.46065533708337, 0.00000000000000, 1.47714981756667,*****************, 0.00000000000000,
   26,    2, 1.27500000000000, 0.07500000000000, 1.62656946276816, 0.01649448048330, 1.61007498228486, 0.00871236055645,-0.00000000000000, 0.01402755376858, 1.46065533708337, 0.00000000000000, 1.47714981756667,*****************, 0.00000000000000,
   26,    3, 1.27500000000000, 0.12500000000000, 1.62656946276816, 0.01649448048330, 1.61007498228486, 0.00871236055645,-0.00000000000000, 0.01402755376858, 1.46065533708337, 0.00000000000000, 1.47714981756667,*****************, 0.00000000000000,
   26,    4, 1.27500000000000, 0.17500000000000, 1.62656946276816, 0.01649448048330, 1.61007498228486, 0.00871236055645,-0.00000000000000, 0.01402755376858, 1.46065533708337, 0.00000000000000, 1.47714981756667,*****************, 0.00000000000000,
   26,    5, 1.27500000000000, 0.22500000000000, 1.62656946276816, 0.01649448048330, 1.61007498228486, 0.00871236055645,-0.00000000000000, 0.01402755376858, 1.46065533708337, 0.00000000000000, 1.47714981756667,*****************, 0.00000000000000,
   26,    6, 1.27500000000000, 0.27500000000000, 1.62656946276816, 0.01649448048330, 1.61007498228486, 0.00871236055645,-0.00000000000000, 0.01402755376858, 1.46065533708337, 0.00000000000000, 1.47714981756667,*****************, 0.00000000000000,
   26,    7, 1.27500000000000, 0.32500000000000, 1.62656946276816, 0.01649448048330, 1.61007498228486, 0.00871236055645,-0.00000000000000, 0.01402755376858, 1.46065533708337, 0.00000000000000, 1.47714981756667,*****************, 0.00000000000000,
   26,    8, 1.27500000000000, 0.37500000000000, 1.62656946276816, 0.01649448048330, 1.61007498228486, 0.00871236055645,-0.00000000000000, 0.01402755376858, 1.46065533708337, 0.00000000000000, 1.47714981756667,*****************, 0.00000000000000,
   26,    9, 1.27500000000000, 0.42500000000000, 1.62656946276816, 0.01649448048330, 1.61007498228486, 0.00871236055645,-0.00000000000000, 0.01402755376858, 1.46065533708337, 0.00000000000000, 1.47714981756667,*****************, 0.00000000000000,
   26,   10, 1.27500000000000, 0.47500000000000, 1.62656946276816, 0.01649448048330, 1.61007498228486, 0.00871236055645,-0.00000000000000, 0.01402755376858, 1.46065533708337, 0.00000000000000, 1.47714981756667,*****************, 0.00000000000000,
   26,   11, 1.27500000000000, 0.52500000000000, 1.62656946276816, 0.01649448048330, 1.61007498228486, 0.00871236055645,-0.00000000000000, 0.01402755376858, 1.46065533708337, 0.00000000000000, 1.47714981756667,*****************, 0.00000000000000,
   26,   12, 1.27500000000000, 0.57500000000000, 1.62656946276816, 0.01649448048330, 1.61007498228486, 0.00871236055645,-0.00000000000000, 0.01402755376858, 1.46065533708337, 0.00000000000000, 1.47714981756667,*****************, 0.00000000000000,
   26,   13, 1.27500000000000, 0.62500000000000, 1.62656946276816, 0.01649448048330, 1.61007498228486, 0.00871236055645,-0.00000000000000, 0.01402755376858, 1.46065533708337, 0.00000000000000, 1.47714981756667,*****************, 0.00000000000000,
   26,   14, 1.27500000000000, 0.67500000000000, 1.62656946276816, 0.01649448048330, 1.61007498228486, 0.00871236055645,-0.00000000000000, 0.01402755376858, 1.46065533708337, 0.00000000000000, 1.47714981756667,*****************, 0.00000000000000,
   26,   15, 1.27500000000000, 0.72500000000000, 1.62656946276816, 0.01649448048330, 1.61007498228486, 0.00871236055645,-0.00000000000000, 0.01402755376858, 1.46065533708337, 0.00000000000000, 1.47714981756667,*****************, 0.00000000000000,
   26,   16, 1.27500000000000, 0.77500000000000, 1.62656946276816, 0.01649448048330, 1.61007498228486, 0.00871236055645,-0.00000000000000, 0.01402755376858, 1.46065533708337, 0.00000000000000, 1.47714981756667,*****************, 0.00000000000000,
   26,   17, 1.27500000000000, 0.82500000000000, 1.62656946276816, 0.01649448048330, 1.61007498228486, 0.00871236055645,-0.00000000000000, 0.01402755376858, 1.46065533708337, 0.00000000000000, 1.47714981756667,*****************, 0.00000000000000,
   26,   18, 1.27500000000000, 0.87500000000000, 1.62656946276816, 0.01649448048330, 1.61007498228486, 0.00871236055645,-0.00000000000000, 0.01402755376858, 1.46065533708337, 0.00000000000000, 1.47714981756667,*****************, 0.00000000000000,
   26,   19, 1.27500000000000, 0.92500000000000, 1.62656946276816, 0.01649448048330, 1.61007498228486, 0.00871236055645,-0.00000000000000, 0.01402755376858, 1.46065533708337, 0.00000000000000, 1.47714981756667,*****************, 0.00000000000000,
   26,   20, 1.27500000000000, 0.97500000000000, 1.62656946276816, 0.01649448048330, 1.61007498228486, 0.00871236055645,-0.00000000000000, 0.01402755376858, 1.46065533708337, 0.00000000000000, 1.47714981756667,*****************, 0.00000000000000,
   26,   21, 1.27500000000000, 1.02500000000000, 1.62656946276816, 0.01649448048330, 1.61007498228486, 0.00871236055645,-0.00000000000000, 0.01402755376858, 1.46065533708337, 0.00000000000000, 1.47714981756667,*****************, 0.00000000000000,
   26,   22, 1.27500000000000, 1.07500000000000, 1.62656946276816, 0.01649448048330, 1.61007498228486, 0.00871236055645,-0.00000000000000, 0.01402755376858, 1.46065533708337, 0.00000000000000, 1.47714981756667,*****************, 0.00000000000000,
   26,   23, 1.27500000000000, 1.12500000000000, 1.62656946276816, 0.01649448048330, 1.61007498228486, 0.00871236055645,-0.00000000000000, 0.01402755376858, 1.46065533708337, 0.00000000000000, 1.47714981756667,*****************, 0.00000000000000,
   26,   24, 1.27500000000000, 1.17500000000000, 1.62656946276816, 0.01649448048330, 1.61007498228486, 0.00871236055645,-0.00000000000000, 0.01402755376858, 1.46065533708337, 0.00000000000000, 1.47714981756667,*****************, 0.00000000000000,
   26,   25, 1.27500000000000, 1.22500000000000, 1.62656946276816, 0.01649448048330, 1.61007498228486, 0.00871236055645,-0.00000000000000, 0.01402755376858, 1.46065533708337, 0.00000000000000, 1.47714981756667,*****************, 0.00000000000000,
   26,   26, 1.27500000000000, 1.27500000000000, 1.62656946276816, 0.01649448048330, 1.61007498228486, 0.00871236055645,-0.00000000000000, 0.01402755376858, 1.46065533708337, 0.00000000000000, 1.47714981756667,*****************, 0.00000000000000,
   26,   27, 1.27500000000000, 1.32500000000000, 1.62656946276816, 0.01649448048330, 1.61007498228486, 0.00871236055645,-0.00000000000000, 0.01402755376858, 1.46065533708337, 0.00000000000000, 1.47714981756667,*****************, 0.00000000000000,
   26,   28, 1.27500000000000, 1.37500000000000, 1.62656946276816, 0.01649448048330, 1.61007498228486, 0.00871236055645,-0.00000000000000, 0.01402755376858, 1.46065533708337, 0.00000000000000, 1.47714981756667,*****************, 0.00000000000000,
   26,   29, 1.27500000000000, 1.42500000000000, 1.62656946276816, 0.01649448048330, 1.61007498228486, 0.00871236055645,-0.00000000000000, 0.01402755376858, 1.46065533708337, 0.00000000000000, 1.47714981756667,*****************, 0.00000000000000,
   26,   30, 1.27500000000000, 1.47500000000000, 1.62656946276816, 0.01649448048330, 1.61007498228486, 0.00871236055645,-0.00000000000000, 0.01402755376858, 1.46065533708337, 0.00000000000000, 1.47714981756667,*****************, 0.00000000000000,
   26,   31, 1.27500000000000, 1.52500000000000, 1.62656946276816, 0.01649448048330, 1.61007498228486, 0.00871236055645,-0.00000000000000, 0.01402755376858, 1.46065533708337, 0.00000000000000, 1.47714981756667,*****************, 0.00000000000000,
   26,   32, 1.27500000000000, 1.57500000000000, 1.62656946276816, 0.01649448048330, 1.61007498228486, 0.00871236055645,-0.00000000000000, 0.01402755376858, 1.46065533708337, 0.00000000000000, 1.47714981756667,*****************, 0.00000000000000,
   26,   33, 1.27500000000000, 1.62500000000000, 1.62656946276816, 0.01649448048330, 1.61007498228486, 0.00871236055645,-0.00000000000000, 0.01402755376858, 1.46065533708337, 0.00000000000000, 1.47714981756667,*****************, 0.00000000000000,
   26,   34, 1.27500000000000, 1.67500000000000, 1.62656946276816, 0.01649448048330, 1.61007498228486, 0.00871236055645,-0.00000000000000, 0.01402755376858, 1.46065533708337, 0.00000000000000, 1.47714981756667,*****************, 0.00000000000000,
   26,   35, 1.27500000000000, 1.72500000000000, 1.62656946276816, 0.01649448048330, 1.61007498228486, 0.00871236055645,-0.00000000000000, 0.01402755376858, 1.46065533708337, 0.00000000000000, 1.47714981756667,*****************, 0.00000000000000,
   26,   36, 1.27500000000000, 1.77500000000000, 1.62656946276816, 0.01649448048330, 1.61007498228486, 0.00871236055645,-0.00000000000000, 0.01402755376858, 1.46065533708337, 0.00000000000000, 1.47714981756667,*****************, 0.00000000000000,
   26,   37, 1.27500000000000, 1.82500000000000, 1.62656946276816, 0.01649448048330, 1.61007498228486, 0.00871236055645,-0.00000000000000, 0.01402755376858, 1.46065533708337, 0.00000000000000, 1.47714981756667,*****************, 0.00000000000000,
   26,   38, 1.27500000000000, 1.87500000000000, 1.62656946276816, 0.01649448048330, 1.61007498228486, 0.00871236055645,-0.00000000000000, 0.01402755376858, 1.46065533708337, 0.00000000000000, 1.47714981756667,*****************, 0.00000000000000,
   26,   39, 1.27500000000000, 1.92500000000000, 1.62656946276816, 0.01649448048330, 1.61007498228486, 0.00871236055645,-0.00000000000000, 0.01402755376858, 1.46065533708337, 0.00000000000000, 1.47714981756667,*****************, 0.00000000000000,
   26,   40, 1.27500000000000, 1.97500000000000, 1.62656946276816, 0.01649448048330, 1.61007498228486, 0.00871236055645,-0.00000000000000, 0.01402755376858, 1.46065533708337, 0.00000000000000, 1.47714981756667,*****************, 0.00000000000000,
   27,    1, 1.32500000000000, 0.02500000000000, 1.56853709740777, 0.01522498564716, 1.55331211176061, 0.00903062545831, 0.00000000000000, 0.01402737990117, 1.40599565054109, 0.00000000000000, 1.42122063618825,*****************, 0.00000000000000,
   27,    2, 1.32500000000000, 0.07500000000000, 1.56853709740777, 0.01522498564716, 1.55331211176061, 0.00903062545831, 0.00000000000000, 0.01402737990117, 1.40599565054109, 0.00000000000000, 1.42122063618825,*****************, 0.00000000000000,
   27,    3, 1.32500000000000, 0.12500000000000, 1.56853709740777, 0.01522498564716, 1.55331211176061, 0.00903062545831, 0.00000000000000, 0.01402737990117, 1.40599565054109, 0.00000000000000, 1.42122063618825,*****************, 0.00000000000000,
   27,    4, 1.32500000000000, 0.17500000000000, 1.56853709740777, 0.01522498564716, 1.55331211176061, 0.00903062545831, 0.00000000000000, 0.01402737990117, 1.40599565054109, 0.00000000000000, 1.42122063618825,*****************, 0.00000000000000,
   27,    5, 1.32500000000000, 0.22500000000000, 1.56853709740777, 0.01522498564716, 1.55331211176061, 0.00903062545831, 0.00000000000000, 0.01402737990117, 1.40599565054109, 0.00000000000000, 1.42122063618825,*****************, 0.00000000000000,
   27,    6, 1.32500000000000, 0.27500000000000, 1.56853709740777, 0.01522498564716, 1.55331211176061, 0.00903062545831, 0.00000000000000, 0.01402737990117, 1.40599565054109, 0.00000000000000, 1.42122063618825,*****************, 0.00000000000000,
   27,    7, 1.32500000000000, 0.32500000000000, 1.56853709740777, 0.01522498564716, 1.55331211176061, 0.00903062545831, 0.00000000000000, 0.01402737990117, 1.40599565054109, 0.00000000000000, 1.42122063618825,*****************, 0.00000000000000,
   27,    8, 1.32500000000000, 0.37500000000000, 1.56853709740777, 0.01522498564716, 1.55331211176061, 0.00903062545831, 0.00000000000000, 0.01402737990117, 1.40599565054109, 0.00000000000000, 1.42122063618825,*****************, 0.00000000000000,
   27,    9, 1.32500000000000, 0.42500000000000, 1.56853709740777, 0.01522498564716, 1.55331211176061, 0.00903062545831, 0.00000000000000, 0.01402737990117, 1.40599565054109, 0.00000000000000, 1.42122063618825,*****************, 0.00000000000000,
   27,   10, 1.32500000000000, 0.47500000000000, 1.56853709740777, 0.01522498564716, 1.55331211176061, 0.00903062545831, 0.00000000000000, 0.01402737990117, 1.40599565054109, 0.00000000000000, 1.42122063618825,*****************, 0.00000000000000,
   27,   11, 1.32500000000000, 0.52500000000000, 1.56853709740777, 0.01522498564716, 1.55331211176061, 0.00903062545831, 0.00000000000000, 0.01402737990117, 1.40599565054109, 0.00000000000000, 1.42122063618825,*****************, 0.00000000000000,
   27,   12, 1.32500000000000, 0.57500000000000, 1.56853709740777, 0.01522498564716, 1.55331211176061, 0.00903062545831, 0.00000000000000, 0.01402737990117, 1.40599565054109, 0.00000000000000, 1.42122063618825,*****************, 0.00000000000000,
   27,   13, 1.32500000000000, 0.62500000000000, 1.56853709740777, 0.01522498564716, 1.55331211176061, 0.00903062545831, 0.00000000000000, 0.01402737990117, 1.40599565054109, 0.00000000000000, 1.42122063618825,*****************, 0.00000000000000,
   27,   14, 1.32500000000000, 0.67500000000000, 1.56853709740777, 0.01522498564716, 1.55331211176061, 0.00903062545831, 0.00000000000000, 0.01402737990117, 1.40599565054109, 0.00000000000000, 1.42122063618825,*****************, 0.00000000000000,
   27,   15, 1.32500000000000, 0.72500000000000, 1.56853709740777, 0.01522498564716, 1.55331211176061, 0.00903062545831, 0.00000000000000, 0.01402737990117, 1.40599565054109, 0.00000000000000, 1.42122063618825,*****************, 0.00000000000000,
   27,   16, 1.32500000000000, 0.77500000000000, 1.56853709740777, 0.01522498564716, 1.55331211176061, 0.00903062545831, 0.00000000000000, 0.01402737990117, 1.40599565054109, 0.00000000000000, 1.42122063618825,*****************, 0.00000000000000,
   27,   17, 1.32500000000000, 0.82500000000000, 1.56853709740777, 0.01522498564716, 1.55331211176061, 0.00903062545831, 0.00000000000000, 0.01402737990117, 1.40599565054109, 0.00000000000000, 1.42122063618825,*****************, 0.00000000000000,
   27,   18, 1.32500000000000, 0.87500000000000, 1.56853709740777, 0.01522498564716, 1.55331211176061, 0.00903062545831, 0.00000000000000, 0.01402737990117, 1.40599565054109, 0.00000000000000, 1.42122063618825,*****************, 0.00000000000000,
   27,   19, 1.32500000000000, 0.92500000000000, 1.56853709740777, 0.01522498564716, 1.55331211176061, 0.00903062545831, 0.00000000000000, 0.01402737990117, 1.40599565054109, 0.00000000000000, 1.42122063618825,*****************, 0.00000000000000,
   27,   20, 1.32500000000000, 0.97500000000000, 1.56853709740777, 0.01522498564716, 1.55331211176061, 0.00903062545831, 0.00000000000000, 0.01402737990117, 1.40599565054109, 0.00000000000000, 1.42122063618825,*****************, 0.00000000000000,
   27,   21, 1.32500000000000, 1.02500000000000, 1.56853709740777, 0.01522498564716, 1.55331211176061, 0.00903062545831, 0.00000000000000, 0.01402737990117, 1.40599565054109, 0.00000000000000, 1.42122063618825,*****************, 0.00000000000000,
   27,   22, 1.32500000000000, 1.07500000000000, 1.56853709740777, 0.01522498564716, 1.55331211176061, 0.00903062545831, 0.00000000000000, 0.01402737990117, 1.40599565054109, 0.00000000000000, 1.42122063618825,*****************, 0.00000000000000,
   27,   23, 1.32500000000000, 1.12500000000000, 1.56853709740777, 0.01522498564716, 1.55331211176061, 0.00903062545831, 0.00000000000000, 0.01402737990117, 1.40599565054109, 0.00000000000000, 1.42122063618825,*****************, 0.00000000000000,
   27,   24, 1.32500000000000, 1.17500000000000, 1.56853709740777, 0.01522498564716, 1.55331211176061, 0.00903062545831, 0.00000000000000, 0.01402737990117, 1.40599565054109, 0.00000000000000, 1.42122063618825,*****************, 0.00000000000000,
   27,   25, 1.32500000000000, 1.22500000000000, 1.56853709740777, 0.01522498564716, 1.55331211176061, 0.00903062545831, 0.00000000000000, 0.01402737990117, 1.40599565054109, 0.00000000000000, 1.42122063618825,*****************, 0.00000000000000,
   27,   26, 1.32500000000000, 1.27500000000000, 1.56853709740777, 0.01522498564716, 1.55331211176061, 0.00903062545831, 0.00000000000000, 0.01402737990117, 1.40599565054109, 0.00000000000000, 1.42122063618825,*****************, 0.00000000000000,
   27,   27, 1.32500000000000, 1.32500000000000, 1.56853709740777, 0.01522498564716, 1.55331211176061, 0.00903062545831, 0.00000000000000, 0.01402737990117, 1.40599565054109, 0.00000000000000, 1.42122063618825,*****************, 0.00000000000000,
   27,   28, 1.32500000000000, 1.37500000000000, 1.56853709740777, 0.01522498564716, 1.55331211176061, 0.00903062545831, 0.00000000000000, 0.01402737990117, 1.40599565054109, 0.00000000000000, 1.42122063618825,*****************, 0.00000000000000,
   27,   29, 1.32500000000000, 1.42500000000000, 1.56853709740777, 0.01522498564716, 1.55331211176061, 0.00903062545831, 0.00000000000000, 0.01402737990117, 1.40599565054109, 0.00000000000000, 1.42122063618825,*****************, 0.00000000000000,
   27,   30, 1.32500000000000, 1.47500000000000, 1.56853709740777, 0.01522498564716, 1.55331211176061, 0.00903062545831, 0.00000000000000, 0.01402737990117, 1.40599565054109, 0.00000000000000, 1.42122063618825,*****************, 0.00000000000000,
   27,   31, 1.32500000000000, 1.52500000000000, 1.56853709740777, 0.01522498564716, 1.55331211176061, 0.00903062545831, 0.00000000000000, 0.01402737990117, 1.40599565054109, 0.00000000000000, 1.42122063618825,*****************, 0.00000000000000,
   27,   32, 1.32500000000000, 1.57500000000000, 1.56853709740777, 0.01522498564716, 1.55331211176061, 0.00903062545831, 0.00000000000000, 0.01402737990117, 1.40599565054109, 0.00000000000000, 1.42122063618825,*****************, 0.00000000000000,
   27,   33, 1.32500000000000, 1.62500000000000, 1.56853709740777, 0.01522498564716, 1.55331211176061, 0.00903062545831, 0.00000000000000, 0.01402737990117, 1.40599565054109, 0.00000000000000, 1.42122063618825,*****************, 0.00000000000000,
   27,   34, 1.32500000000000, 1.67500000000000, 1.56853709740777, 0.01522498564716, 1.55331211176061, 0.00903062545831, 0.00000000000000, 0.01402737990117, 1.40599565054109, 0.00000000000000, 1.42122063618825,*****************, 0.00000000000000,
   27,   35, 1.32500000000000, 1.72500000000000, 1.56853709740777, 0.01522498564716, 1.55331211176061, 0.00903062545831, 0.00000000000000, 0.01402737990117, 1.40599565054109, 0.00000000000000, 1.42122063618825,*****************, 0.00000000000000,
   27,   36, 1.32500000000000, 1.77500000000000, 1.56853709740777, 0.01522498564716, 1.55331211176061, 0.00903062545831, 0.00000000000000, 0.01402737990117, 1.40599565054109, 0.00000000000000, 1.42122063618825,*****************, 0.00000000000000,
   27,   37, 1.32500000000000, 1.82500000000000, 1.56853709740777, 0.01522498564716, 1.55331211176061, 0.00903062545831, 0.00000000000000, 0.01402737990117, 1.40599565054109, 0.00000000000000, 1.42122063618825,*****************, 0.00000000000000,
   27,   38, 1.32500000000000, 1.87500000000000, 1.56853709740777, 0.01522498564716, 1.55331211176061, 0.00903062545831, 0.00000000000000, 0.01402737990117, 1.40599565054109, 0.00000000000000, 1.42122063618825,*****************, 0.00000000000000,
   27,   39, 1.32500000000000, 1.92500000000000, 1.56853709740777, 0.01522498564716, 1.55331211176061, 0.00903062545831, 0.00000000000000, 0.01402737990117, 1.40599565054109, 0.00000000000000, 1.42122063618825,*****************, 0.00000000000000,
   27,   40, 1.32500000000000, 1.97500000000000, 1.56853709740777, 0.01522498564716, 1.55331211176061, 0.00903062545831, 0.00000000000000, 0.01402737990117, 1.40599565054109, 0.00000000000000, 1.42122063618825,*****************, 0.00000000000000,
   28,    1, 1.37500000000000, 0.02500000000000, 1.52359024942679, 0.01382683432365, 1.50976341510314, 0.00929073709550,-0.00000000000000, 0.01402681496613, 1.36596232246990, 0.00000000000000, 1.37978915679355,*****************, 0.00000000000000,
   28,    2, 1.37500000000000, 0.07500000000000, 1.52359024942679, 0.01382683432365, 1.50976341510314, 0.00929073709550,-0.00000000000000, 0.01402681496613, 1.36596232246990, 0.00000000000000, 1.37978915679355,*****************, 0.00000000000000,
   28,    3, 1.37500000000000, 0.12500000000000, 1.52359024942679, 0.01382683432365, 1.50976341510314, 0.00929073709550,-0.00000000000000, 0.01402681496613, 1.36596232246990, 0.00000000000000, 1.37978915679355,*****************, 0.00000000000000,
   28,    4, 1.37500000000000, 0.17500000000000, 1.52359024942679, 0.01382683432365, 1.50976341510314, 0.00929073709550,-0.00000000000000, 0.01402681496613, 1.36596232246990, 0.00000000000000, 1.37978915679355,*****************, 0.00000000000000,
   28,    5, 1.37500000000000, 0.22500000000000, 1.52359024942679, 0.01382683432365, 1.50976341510314, 0.00929073709550,-0.00000000000000, 0.01402681496613, 1.36596232246990, 0.00000000000000, 1.37978915679355,*****************, 0.00000000000000,
   28,    6, 1.37500000000000, 0.27500000000000, 1.52359024942679, 0.01382683432365, 1.50976341510314, 0.00929073709550,-0.00000000000000, 0.01402681496613, 1.36596232246990, 0.00000000000000, 1.37978915679355,*****************, 0.00000000000000,
   28,    7, 1.37500000000000, 0.32500000000000, 1.52359024942679, 0.01382683432365, 1.50976341510314, 0.00929073709550,-0.00000000000000, 0.01402681496613, 1.36596232246990, 0.00000000000000, 1.37978915679355,*****************, 0.00000000000000,
   28,    8, 1.37500000000000, 0.37500000000000, 1.52359024942679, 0.01382683432365, 1.50976341510314, 0.00929073709550,-0.00000000000000, 0.01402681496613, 1.36596232246990, 0.00000000000000, 1.37978915679355,*****************, 0.00000000000000,
   28,    9, 1.37500000000000, 0.42500000000000, 1.52359024942679, 0.01382683432365, 1.50976341510314, 0.00929073709550,-0.00000000000000, 0.01402681496613, 1.36596232246990, 0.00000000000000, 1.37978915679355,*****************, 0.00000000000000,
   28,   10, 1.37500000000000, 0.47500000000000, 1.52359024942679, 0.01382683432365, 1.50976341510314, 0.00929073709550,-0.00000000000000, 0.01402681496613, 1.36596232246990, 0.00000000000000, 1.37978915679355,*****************, 0.00000000000000,
   28,   11, 1.37500000000000, 0.52500000000000, 1.52359024942679, 0.01382683432365, 1.50976341510314, 0.00929073709550,-0.00000000000000, 0.01402681496613, 1.36596232246990, 0.00000000000000, 1.37978915679355,*****************, 0.00000000000000,
   28,   12, 1.37500000000000, 0.57500000000000, 1.52359024942679, 0.01382683432365, 1.50976341510314, 0.00929073709550,-0.00000000000000, 0.01402681496613, 1.36596232246990, 0.00000000000000, 1.37978915679355,*****************, 0.00000000000000,
   28,   13, 1.37500000000000, 0.62500000000000, 1.52359024942679, 0.01382683432365, 1.50976341510314, 0.00929073709550,-0.00000000000000, 0.01402681496613, 1.36596232246990, 0.00000000000000, 1.37978915679355,*****************, 0.00000000000000,
   28,   14, 1.37500000000000, 0.67500000000000, 1.52359024942679, 0.01382683432365, 1.50976341510314, 0.00929073709550,-0.00000000000000, 0.01402681496613, 1.36596232246990, 0.00000000000000, 1.37978915679355,*****************, 0.00000000000000,
   28,   15, 1.37500000000000, 0.72500000000000, 1.52359024942679, 0.01382683432365, 1.50976341510314, 0.00929073709550,-0.00000000000000, 0.01402681496613, 1.36596232246990, 0.00000000000000, 1.37978915679355,*****************, 0.00000000000000,
   28,   16, 1.37500000000000, 0.77500000000000, 1.52359024942679, 0.01382683432365, 1.50976341510314, 0.00929073709550,-0.00000000000000, 0.01402681496613, 1.36596232246990, 0.00000000000000, 1.37978915679355,*****************, 0.00000000000000,
   28,   17, 1.37500000000000, 0.82500000000000, 1.52359024942679, 0.01382683432365, 1.50976341510314, 0.00929073709550,-0.00000000000000, 0.01402681496613, 1.36596232246990, 0.00000000000000, 1.37978915679355,*****************, 0.00000000000000,
   28,   18, 1.37500000000000, 0.87500000000000, 1.52359024942679, 0.01382683432365, 1.50976341510314, 0.00929073709550,-0.00000000000000, 0.01402681496613, 1.36596232246990, 0.00000000000000, 1.37978915679355,*****************, 0.00000000000000,
   28,   19, 1.37500000000000, 0.92500000000000, 1.52359024942679, 0.01382683432365, 1.50976341510314, 0.00929073709550,-0.00000000000000, 0.01402681496613, 1.36596232246990, 0.00000000000000, 1.37978915679355,*****************, 0.00000000000000,
   28,   20, 1.37500000000000, 0.97500000000000, 1.52359024942679, 0.01382683432365, 1.50976341510314, 0.00929073709550,-0.00000000000000, 0.01402681496613, 1.36596232246990, 0.00000000000000, 1.37978915679355,*****************, 0.00000000000000,
   28,   21, 1.37500000000000, 1.02500000000000, 1.52359024942679, 0.01382683432365, 1.50976341510314, 0.00929073709550,-0.00000000000000, 0.01402681496613, 1.36596232246990, 0.00000000000000, 1.37978915679355,*****************, 0.00000000000000,
   28,   22, 1.37500000000000, 1.07500000000000, 1.52359024942679, 0.01382683432365, 1.50976341510314, 0.00929073709550,-0.00000000000000, 0.01402681496613, 1.36596232246990, 0.00000000000000, 1.37978915679355,*****************, 0.00000000000000,
   28,   23, 1.37500000000000, 1.12500000000000, 1.52359024942679, 0.01382683432365, 1.50976341510314, 0.00929073709550,-0.00000000000000, 0.01402681496613, 1.36596232246990, 0.00000000000000, 1.37978915679355,*****************, 0.00000000000000,
   28,   24, 1.37500000000000, 1.17500000000000, 1.52359024942679, 0.01382683432365, 1.50976341510314, 0.00929073709550,-0.00000000000000, 0.01402681496613, 1.36596232246990, 0.00000000000000, 1.37978915679355,*****************, 0.00000000000000,
   28,   25, 1.37500000000000, 1.22500000000000, 1.52359024942679, 0.01382683432365, 1.50976341510314, 0.00929073709550,-0.00000000000000, 0.01402681496613, 1.36596232246990, 0.00000000000000, 1.37978915679355,*****************, 0.00000000000000,
   28,   26, 1.37500000000000, 1.27500000000000, 1.52359024942679, 0.01382683432365, 1.50976341510314, 0.00929073709550,-0.00000000000000, 0.01402681496613, 1.36596232246990, 0.00000000000000, 1.37978915679355,*****************, 0.00000000000000,
   28,   27, 1.37500000000000, 1.32500000000000, 1.52359024942679, 0.01382683432365, 1.50976341510314, 0.00929073709550,-0.00000000000000, 0.01402681496613, 1.36596232246990, 0.00000000000000, 1.37978915679355,*****************, 0.00000000000000,
   28,   28, 1.37500000000000, 1.37500000000000, 1.52359024942679, 0.01382683432365, 1.50976341510314, 0.00929073709550,-0.00000000000000, 0.01402681496613, 1.36596232246990, 0.00000000000000, 1.37978915679355,*****************, 0.00000000000000,
   28,   29, 1.37500000000000, 1.42500000000000, 1.52359024942679, 0.01382683432365, 1.50976341510314, 0.00929073709550,-0.00000000000000, 0.01402681496613, 1.36596232246990, 0.00000000000000, 1.37978915679355,*****************, 0.00000000000000,
   28,   30, 1.37500000000000, 1.47500000000000, 1.52359024942679, 0.01382683432365, 1.50976341510314, 0.00929073709550,-0.00000000000000, 0.01402681496613, 1.36596232246990, 0.00000000000000, 1.37978915679355,*****************, 0.00000000000000,
   28,   31, 1.37500000000000, 1.52500000000000, 1.52359024942679, 0.01382683432365, 1.50976341510314, 0.00929073709550,-0.00000000000000, 0.01402681496613, 1.36596232246990, 0.00000000000000, 1.37978915679355,*****************, 0.00000000000000,
   28,   32, 1.37500000000000, 1.57500000000000, 1.52359024942679, 0.01382683432365, 1.50976341510314, 0.00929073709550,-0.00000000000000, 0.01402681496613, 1.36596232246990, 0.00000000000000, 1.37978915679355,*****************, 0.00000000000000,
   28,   33, 1.37500000000000, 1.62500000000000, 1.52359024942679, 0.01382683432365, 1.50976341510314, 0.00929073709550,-0.00000000000000, 0.01402681496613, 1.36596232246990, 0.00000000000000, 1.37978915679355,*****************, 0.00000000000000,
   28,   34, 1.37500000000000, 1.67500000000000, 1.52359024942679, 0.01382683432365, 1.50976341510314, 0.00929073709550,-0.00000000000000, 0.01402681496613, 1.36596232246990, 0.00000000000000, 1.37978915679355,*****************, 0.00000000000000,
   28,   35, 1.37500000000000, 1.72500000000000, 1.52359024942679, 0.01382683432365, 1.50976341510314, 0.00929073709550,-0.00000000000000, 0.01402681496613, 1.36596232246990, 0.00000000000000, 1.37978915679355,*****************, 0.00000000000000,
   28,   36, 1.37500000000000, 1.77500000000000, 1.52359024942679, 0.01382683432365, 1.50976341510314, 0.00929073709550,-0.00000000000000, 0.01402681496613, 1.36596232246990, 0.00000000000000, 1.37978915679355,*****************, 0.00000000000000,
   28,   37, 1.37500000000000, 1.82500000000000, 1.52359024942679, 0.01382683432365, 1.50976341510314, 0.00929073709550,-0.00000000000000, 0.01402681496613, 1.36596232246990, 0.00000000000000, 1.37978915679355,*****************, 0.00000000000000,
   28,   38, 1.37500000000000, 1.87500000000000, 1.52359024942679, 0.01382683432365, 1.50976341510314, 0.00929073709550,-0.00000000000000, 0.01402681496613, 1.36596232246990, 0.00000000000000, 1.37978915679355,*****************, 0.00000000000000,
   28,   39, 1.37500000000000, 1.92500000000000, 1.52359024942679, 0.01382683432365, 1.50976341510314, 0.00929073709550,-0.00000000000000, 0.01402681496613, 1.36596232246990, 0.00000000000000, 1.37978915679355,*****************, 0.00000000000000,
   28,   40, 1.37500000000000, 1.97500000000000, 1.52359024942679, 0.01382683432365, 1.50976341510314, 0.00929073709550,-0.00000000000000, 0.01402681496613, 1.36596232246990, 0.00000000000000, 1.37978915679355,*****************, 0.00000000000000,
   29,    1, 1.42500000000000, 0.02500000000000, 1.49264097672875, 0.01233445363856, 1.48030652309019, 0.00947503039327, 0.00000000000000, 0.01402594929764, 1.34154110626991, 0.00000000000000, 1.35387555990847,-6.88859920414100, 0.00000000000000,
   29,    2, 1.42500000000000, 0.07500000000000, 1.49264097672875, 0.01233445363856, 1.48030652309019, 0.00947503039327, 0.00000000000000, 0.01402594929764, 1.34154110626991, 0.00000000000000, 1.35387555990847,-6.88859920414100, 0.00000000000000,
   29,    3, 1.42500000000000, 0.12500000000000, 1.49264097672875, 0.01233445363856, 1.48030652309019, 0.00947503039327, 0.00000000000000, 0.01402594929764, 1.34154110626991, 0.00000000000000, 1.35387555990847,-6.88859920414100, 0.00000000000000,
   29,    4, 1.42500000000000, 0.17500000000000, 1.49264097672875, 0.01233445363856, 1.48030652309019, 0.00947503039327, 0.00000000000000, 0.01402594929764, 1.34154110626991, 0.00000000000000, 1.35387555990847,-6.88859920414100, 0.00000000000000,
   29,    5, 1.42500000000000, 0.22500000000000, 1.49264097672875, 0.01233445363856, 1.48030652309019, 0.00947503039327, 0.00000000000000, 0.01402594929764, 1.34154110626991, 0.00000000000000, 1.35387555990847,-6.88859920414100, 0.00000000000000,
   29,    6, 1.42500000000000, 0.27500000000000, 1.49264097672875, 0.01233445363856, 1.48030652309019, 0.00947503039327, 0.00000000000000, 0.01402594929764, 1.34154110626991, 0.00000000000000, 1.35387555990847,-6.88859920414100, 0.00000000000000,
   29,    7, 1.42500000000000, 0.32500000000000, 1.49264097672875, 0.01233445363856, 1.48030652309019, 0.00947503039327, 0.00000000000000, 0.01402594929764, 1.34154110626991, 0.00000000000000, 1.35387555990847,-6.88859920414100, 0.00000000000000,
   29,    8, 1.42500000000000, 0.37500000000000, 1.49264097672875, 0.01233445363856, 1.48030652309019, 0.00947503039327, 0.00000000000000, 0.01402594929764, 1.34154110626991, 0.00000000000000, 1.35387555990847,-6.88859920414100, 0.00000000000000,
   29,    9, 1.42500000000000, 0.42500000000000, 1.49264097672875, 0.01233445363856, 1.48030652309019, 0.00947503039327, 0.00000000000000, 0.01402594929764, 1.34154110626991, 0.00000000000000, 1.35387555990847,-6.88859920414100, 0.00000000000000,
   29,   10, 1.42500000000000, 0.47500000000000, 1.49264097672875, 0.01233445363856, 1.48030652309019, 0.00947503039327, 0.00000000000000, 0.01402594929764, 1.34154110626991, 0.00000000000000, 1.35387555990847,-6.88859920414100, 0.00000000000000,
   29,   11, 1.42500000000000, 0.52500000000000, 1.49264097672875, 0.01233445363856, 1.48030652309019, 0.00947503039327, 0.00000000000000, 0.01402594929764, 1.34154110626991, 0.00000000000000, 1.35387555990847,-6.88859920414100, 0.00000000000000,
   29,   12, 1.42500000000000, 0.57500000000000, 1.49264097672875, 0.01233445363856, 1.48030652309019, 0.00947503039327, 0.00000000000000, 0.01402594929764, 1.34154110626991, 0.00000000000000, 1.35387555990847,-6.88859920414100, 0.00000000000000,
   29,   13, 1.42500000000000, 0.62500000000000, 1.49264097672875, 0.01233445363856, 1.48030652309019, 0.00947503039327, 0.00000000000000, 0.01402594929764, 1.34154110626991, 0.00000000000000, 1.35387555990847,-6.88859920414100, 0.00000000000000,
   29,   14, 1.42500000000000, 0.67500000000000, 1.49264097672875, 0.01233445363856, 1.48030652309019, 0.00947503039327, 0.00000000000000, 0.01402594929764, 1.34154110626991, 0.00000000000000, 1.35387555990847,-6.88859920414100, 0.00000000000000,
   29,   15, 1.42500000000000, 0.72500000000000, 1.49264097672875, 0.01233445363856, 1.48030652309019, 0.00947503039327, 0.00000000000000, 0.01402594929764, 1.34154110626991, 0.00000000000000, 1.35387555990847,-6.88859920414100, 0.00000000000000,
   29,   16, 1.42500000000000, 0.77500000000000, 1.49264097672875, 0.01233445363856, 1.48030652309019, 0.00947503039327, 0.00000000000000, 0.01402594929764, 1.34154110626991, 0.00000000000000, 1.35387555990847,-6.88859920414100, 0.00000000000000,
   29,   17, 1.42500000000000, 0.82500000000000, 1.49264097672875, 0.01233445363856, 1.48030652309019, 0.00947503039327, 0.00000000000000, 0.01402594929764, 1.34154110626991, 0.00000000000000, 1.35387555990847,-6.88859920414100, 0.00000000000000,
   29,   18, 1.42500000000000, 0.87500000000000, 1.49264097672875, 0.01233445363856, 1.48030652309019, 0.00947503039327, 0.00000000000000, 0.01402594929764, 1.34154110626991, 0.00000000000000, 1.35387555990847,-6.88859920414100, 0.00000000000000,
   29,   19, 1.42500000000000, 0.92500000000000, 1.49264097672875, 0.01233445363856, 1.48030652309019, 0.00947503039327, 0.00000000000000, 0.01402594929764, 1.34154110626991, 0.00000000000000, 1.35387555990847,-6.88859920414100, 0.00000000000000,
   29,   20, 1.42500000000000, 0.97500000000000, 1.49264097672875, 0.01233445363856, 1.48030652309019, 0.00947503039327, 0.00000000000000, 0.01402594929764, 1.34154110626991, 0.00000000000000, 1.35387555990847,-6.88859920414100, 0.00000000000000,
   29,   21, 1.42500000000000, 1.02500000000000, 1.49264097672875, 0.01233445363856, 1.48030652309019, 0.00947503039327, 0.00000000000000, 0.01402594929764, 1.34154110626991, 0.00000000000000, 1.35387555990847,-6.88859920414100, 0.00000000000000,
   29,   22, 1.42500000000000, 1.07500000000000, 1.49264097672875, 0.01233445363856, 1.48030652309019, 0.00947503039327, 0.00000000000000, 0.01402594929764, 1.34154110626991, 0.00000000000000, 1.35387555990847,-6.88859920414100, 0.00000000000000,
   29,   23, 1.42500000000000, 1.12500000000000, 1.49264097672875, 0.01233445363856, 1.48030652309019, 0.00947503039327, 0.00000000000000, 0.01402594929764, 1.34154110626991, 0.00000000000000, 1.35387555990847,-6.88859920414100, 0.00000000000000,
   29,   24, 1.42500000000000, 1.17500000000000, 1.49264097672875, 0.01233445363856, 1.48030652309019, 0.00947503039327, 0.00000000000000, 0.01402594929764, 1.34154110626991, 0.00000000000000, 1.35387555990847,-6.88859920414100, 0.00000000000000,
   29,   25, 1.42500000000000, 1.22500000000000, 1.49264097672875, 0.01233445363856, 1.48030652309019, 0.00947503039327, 0.00000000000000, 0.01402594929764, 1.34154110626991, 0.00000000000000, 1.35387555990847,-6.88859920414100, 0.00000000000000,
   29,   26, 1.42500000000000, 1.27500000000000, 1.49264097672875, 0.01233445363856, 1.48030652309019, 0.00947503039327, 0.00000000000000, 0.01402594929764, 1.34154110626991, 0.00000000000000, 1.35387555990847,-6.88859920414100, 0.00000000000000,
   29,   27, 1.42500000000000, 1.32500000000000, 1.49264097672875, 0.01233445363856, 1.48030652309019, 0.00947503039327, 0.00000000000000, 0.01402594929764, 1.34154110626991, 0.00000000000000, 1.35387555990847,-6.88859920414100, 0.00000000000000,
   29,   28, 1.42500000000000, 1.37500000000000, 1.49264097672875, 0.01233445363856, 1.48030652309019, 0.00947503039327, 0.00000000000000, 0.01402594929764, 1.34154110626991, 0.00000000000000, 1.35387555990847,-6.88859920414100, 0.00000000000000,
   29,   29, 1.42500000000000, 1.42500000000000, 1.49264097672875, 0.01233445363856, 1.48030652309019, 0.00947503039327, 0.00000000000000, 0.01402594929764, 1.34154110626991, 0.00000000000000, 1.35387555990847,-6.88859920414100, 0.00000000000000,
   29,   30, 1.42500000000000, 1.47500000000000, 1.49264097672875, 0.01233445363856, 1.48030652309019, 0.00947503039327, 0.00000000000000, 0.01402594929764, 1.34154110626991, 0.00000000000000, 1.35387555990847,-6.88859920414100, 0.00000000000000,
   29,   31, 1.42500000000000, 1.52500000000000, 1.49264097672875, 0.01233445363856, 1.48030652309019, 0.00947503039327, 0.00000000000000, 0.01402594929764, 1.34154110626991, 0.00000000000000, 1.35387555990847,-6.88859920414100, 0.00000000000000,
   29,   32, 1.42500000000000, 1.57500000000000, 1.49264097672875, 0.01233445363856, 1.48030652309019, 0.00947503039327, 0.00000000000000, 0.01402594929764, 1.34154110626991, 0.00000000000000, 1.35387555990847,-6.88859920414100, 0.00000000000000,
   29,   33, 1.42500000000000, 1.62500000000000, 1.49264097672875, 0.01233445363856, 1.48030652309019, 0.00947503039327, 0.00000000000000, 0.01402594929764, 1.34154110626991, 0.00000000000000, 1.35387555990847,-6.88859920414100, 0.00000000000000,
   29,   34, 1.42500000000000, 1.67500000000000, 1.49264097672875, 0.01233445363856, 1.48030652309019, 0.00947503039327, 0.00000000000000, 0.01402594929764, 1.34154110626991, 0.00000000000000, 1.35387555990847,-6.88859920414100, 0.00000000000000,
   29,   35, 1.42500000000000, 1.72500000000000, 1.49264097672875, 0.01233445363856, 1.48030652309019, 0.00947503039327, 0.00000000000000, 0.01402594929764, 1.34154110626991, 0.00000000000000, 1.35387555990847,-6.88859920414100, 0.00000000000000,
   29,   36, 1.42500000000000, 1.77500000000000, 1.49264097672875, 0.01233445363856, 1.48030652309019, 0.00947503039327, 0.00000000000000, 0.01402594929764, 1.34154110626991, 0.00000000000000, 1.35387555990847,-6.88859920414100, 0.00000000000000,
   29,   37, 1.42500000000000, 1.82500000000000, 1.49264097672875, 0.01233445363856, 1.48030652309019, 0.00947503039327, 0.00000000000000, 0.01402594929764, 1.34154110626991, 0.00000000000000, 1.35387555990847,-6.88859920414100, 0.00000000000000,
   29,   38, 1.42500000000000, 1.87500000000000, 1.49264097672875, 0.01233445363856, 1.48030652309019, 0.00947503039327, 0.00000000000000, 0.01402594929764, 1.34154110626991, 0.00000000000000, 1.35387555990847,-6.88859920414100, 0.00000000000000,
   29,   39, 1.42500000000000, 1.92500000000000, 1.49264097672875, 0.01233445363856, 1.48030652309019, 0.00947503039327, 0.00000000000000, 0.01402594929764, 1.34154110626991, 0.00000000000000, 1.35387555990847,-6.88859920414100, 0.00000000000000,
   29,   40, 1.42500000000000, 1.97500000000000, 1.49264097672875, 0.01233445363856, 1.48030652309019, 0.00947503039327, 0.00000000000000, 0.01402594929764, 1.34154110626991, 0.00000000000000, 1.35387555990847,-6.88859920414100, 0.00000000000000,
   30,    1, 1.47500000000000, 0.02500000000000, 1.47628881856424, 0.01078459095728, 1.46550422760696, 0.00956999611143,-0.00000000000000, 0.01402486975949, 1.33333333333333, 0.00000000000000, 1.34411792429061,-2.56296043817642, 0.00000000000000,
   30,    2, 1.47500000000000, 0.07500000000000, 1.47628881856424, 0.01078459095728, 1.46550422760696, 0.00956999611143,-0.00000000000000, 0.01402486975949, 1.33333333333333, 0.00000000000000, 1.34411792429061,-2.56296043817642, 0.00000000000000,
   30,    3, 1.47500000000000, 0.12500000000000, 1.47628881856424, 0.01078459095728, 1.46550422760696, 0.00956999611143,-0.00000000000000, 0.01402486975949, 1.33333333333333, 0.00000000000000, 1.34411792429061,-2.56296043817642, 0.00000000000000,
   30,    4, 1.47500000000000, 0.17500000000000, 1.47628881856424, 0.01078459095728, 1.46550422760696, 0.00956999611143,-0.00000000000000, 0.01402486975949, 1.33333333333333, 0.00000000000000, 1.34411792429061,-2.56296043817642, 0.00000000000000,
   30,    5, 1.47500000000000, 0.22500000000000, 1.47628881856424, 0.01078459095728, 1.46550422760696, 0.00956999611143,-0.00000000000000, 0.01402486975949, 1.33333333333333, 0.00000000000000, 1.34411792429061,-2.56296043817642, 0.00000000000000,
   30,    6, 1.47500000000000, 0.27500000000000, 1.47628881856424, 0.01078459095728, 1.46550422760696, 0.00956999611143,-0.00000000000000, 0.01402486975949, 1.33333333333333, 0.00000000000000, 1.34411792429061,-2.56296043817642, 0.00000000000000,
   30,    7, 1.47500000000000, 0.32500000000000, 1.47628881856424, 0.01078459095728, 1.46550422760696, 0.00956999611143,-0.00000000000000, 0.01402486975949, 1.33333333333333, 0.00000000000000, 1.34411792429061,-2.56296043817642, 0.00000000000000,
   30,    8, 1.47500000000000, 0.37500000000000, 1.47628881856424, 0.01078459095728, 1.46550422760696, 0.00956999611143,-0.00000000000000, 0.01402486975949, 1.33333333333333, 0.00000000000000, 1.34411792429061,-2.56296043817642, 0.00000000000000,
   30,    9, 1.47500000000000, 0.42500000000000, 1.47628881856424, 0.01078459095728, 1.46550422760696, 0.00956999611143,-0.00000000000000, 0.01402486975949, 1.33333333333333, 0.00000000000000, 1.34411792429061,-2.56296043817642, 0.00000000000000,
   30,   10, 1.47500000000000, 0.47500000000000, 1.47628881856424, 0.01078459095728, 1.46550422760696, 0.00956999611143,-0.00000000000000, 0.01402486975949, 1.33333333333333, 0.00000000000000, 1.34411792429061,-2.56296043817642, 0.00000000000000,
   30,   11, 1.47500000000000, 0.52500000000000, 1.47628881856424, 0.01078459095728, 1.46550422760696, 0.00956999611143,-0.00000000000000, 0.01402486975949, 1.33333333333333, 0.00000000000000, 1.34411792429061,-2.56296043817642, 0.00000000000000,
   30,   12, 1.47500000000000, 0.57500000000000, 1.47628881856424, 0.01078459095728, 1.46550422760696, 0.00956999611143,-0.00000000000000, 0.01402486975949, 1.33333333333333, 0.00000000000000, 1.34411792429061,-2.56296043817642, 0.00000000000000,
   30,   13, 1.47500000000000, 0.62500000000000, 1.47628881856424, 0.01078459095728, 1.46550422760696, 0.00956999611143,-0.00000000000000, 0.01402486975949, 1.33333333333333, 0.00000000000000, 1.34411792429061,-2.56296043817642, 0.00000000000000,
   30,   14, 1.47500000000000, 0.67500000000000, 1.47628881856424, 0.01078459095728, 1.46550422760696, 0.00956999611143,-0.00000000000000, 0.01402486975949, 1.33333333333333, 0.00000000000000, 1.34411792429061,-2.56296043817642, 0.00000000000000,
   30,   15, 1.47500000000000, 0.72500000000000, 1.47628881856424, 0.01078459095728, 1.46550422760696, 0.00956999611143,-0.00000000000000, 0.01402486975949, 1.33333333333333, 0.00000000000000, 1.34411792429061,-2.56296043817642, 0.00000000000000,
   30,   16, 1.47500000000000, 0.77500000000000, 1.47628881856424, 0.01078459095728, 1.46550422760696, 0.00956999611143,-0.00000000000000, 0.01402486975949, 1.33333333333333, 0.00000000000000, 1.34411792429061,-2.56296043817642, 0.00000000000000,
   30,   17, 1.47500000000000, 0.82500000000000, 1.47628881856424, 0.01078459095728, 1.46550422760696, 0.00956999611143,-0.00000000000000, 0.01402486975949, 1.33333333333333, 0.00000000000000, 1.34411792429061,-2.56296043817642, 0.00000000000000,
   30,   18, 1.47500000000000, 0.87500000000000, 1.47628881856424, 0.01078459095728, 1.46550422760696, 0.00956999611143,-0.00000000000000, 0.01402486975949, 1.33333333333333, 0.00000000000000, 1.34411792429061,-2.56296043817642, 0.00000000000000,
   30,   19, 1.47500000000000, 0.92500000000000, 1.47628881856424, 0.01078459095728, 1.46550422760696, 0.00956999611143,-0.00000000000000, 0.01402486975949, 1.33333333333333, 0.00000000000000, 1.34411792429061,-2.56296043817642, 0.00000000000000,
   30,   20, 1.47500000000000, 0.97500000000000, 1.47628881856424, 0.01078459095728, 1.46550422760696, 0.00956999611143,-0.00000000000000, 0.01402486975949, 1.33333333333333, 0.00000000000000, 1.34411792429061,-2.56296043817642, 0.00000000000000,
   30,   21, 1.47500000000000, 1.02500000000000, 1.47628881856424, 0.01078459095728, 1.46550422760696, 0.00956999611143,-0.00000000000000, 0.01402486975949, 1.33333333333333, 0.00000000000000, 1.34411792429061,-2.56296043817642, 0.00000000000000,
   30,   22, 1.47500000000000, 1.07500000000000, 1.47628881856424, 0.01078459095728, 1.46550422760696, 0.00956999611143,-0.00000000000000, 0.01402486975949, 1.33333333333333, 0.00000000000000, 1.34411792429061,-2.56296043817642, 0.00000000000000,
   30,   23, 1.47500000000000, 1.12500000000000, 1.47628881856424, 0.01078459095728, 1.46550422760696, 0.00956999611143,-0.00000000000000, 0.01402486975949, 1.33333333333333, 0.00000000000000, 1.34411792429061,-2.56296043817642, 0.00000000000000,
   30,   24, 1.47500000000000, 1.17500000000000, 1.47628881856424, 0.01078459095728, 1.46550422760696, 0.00956999611143,-0.00000000000000, 0.01402486975949, 1.33333333333333, 0.00000000000000, 1.34411792429061,-2.56296043817642, 0.00000000000000,
   30,   25, 1.47500000000000, 1.22500000000000, 1.47628881856424, 0.01078459095728, 1.46550422760696, 0.00956999611143,-0.00000000000000, 0.01402486975949, 1.33333333333333, 0.00000000000000, 1.34411792429061,-2.56296043817642, 0.00000000000000,
   30,   26, 1.47500000000000, 1.27500000000000, 1.47628881856424, 0.01078459095728, 1.46550422760696, 0.00956999611143,-0.00000000000000, 0.01402486975949, 1.33333333333333, 0.00000000000000, 1.34411792429061,-2.56296043817642, 0.00000000000000,
   30,   27, 1.47500000000000, 1.32500000000000, 1.47628881856424, 0.01078459095728, 1.46550422760696, 0.00956999611143,-0.00000000000000, 0.01402486975949, 1.33333333333333, 0.00000000000000, 1.34411792429061,-2.56296043817642, 0.00000000000000,
   30,   28, 1.47500000000000, 1.37500000000000, 1.47628881856424, 0.01078459095728, 1.46550422760696, 0.00956999611143,-0.00000000000000, 0.01402486975949, 1.33333333333333, 0.00000000000000, 1.34411792429061,-2.56296043817642, 0.00000000000000,
   30,   29, 1.47500000000000, 1.42500000000000, 1.47628881856424, 0.01078459095728, 1.46550422760696, 0.00956999611143,-0.00000000000000, 0.01402486975949, 1.33333333333333, 0.00000000000000, 1.34411792429061,-2.56296043817642, 0.00000000000000,
   30,   30, 1.47500000000000, 1.47500000000000, 1.47628881856424, 0.01078459095728, 1.46550422760696, 0.00956999611143,-0.00000000000000, 0.01402486975949, 1.33333333333333, 0.00000000000000, 1.34411792429061,-2.56296043817642, 0.00000000000000,
   30,   31, 1.47500000000000, 1.52500000000000, 1.47628881856424, 0.01078459095728, 1.46550422760696, 0.00956999611143,-0.00000000000000, 0.01402486975949, 1.33333333333333, 0.00000000000000, 1.34411792429061,-2.56296043817642, 0.00000000000000,
   30,   32, 1.47500000000000, 1.57500000000000, 1.47628881856424, 0.01078459095728, 1.46550422760696, 0.00956999611143,-0.00000000000000, 0.01402486975949, 1.33333333333333, 0.00000000000000, 1.34411792429061,-2.56296043817642, 0.00000000000000,
   30,   33, 1.47500000000000, 1.62500000000000, 1.47628881856424, 0.01078459095728, 1.46550422760696, 0.00956999611143,-0.00000000000000, 0.01402486975949, 1.33333333333333, 0.00000000000000, 1.34411792429061,-2.56296043817642, 0.00000000000000,
   30,   34, 1.47500000000000, 1.67500000000000, 1.47628881856424, 0.01078459095728, 1.46550422760696, 0.00956999611143,-0.00000000000000, 0.01402486975949, 1.33333333333333, 0.00000000000000, 1.34411792429061,-2.56296043817642, 0.00000000000000,
   30,   35, 1.47500000000000, 1.72500000000000, 1.47628881856424, 0.01078459095728, 1.46550422760696, 0.00956999611143,-0.00000000000000, 0.01402486975949, 1.33333333333333, 0.00000000000000, 1.34411792429061,-2.56296043817642, 0.00000000000000,
   30,   36, 1.47500000000000, 1.77500000000000, 1.47628881856424, 0.01078459095728, 1.46550422760696, 0.00956999611143,-0.00000000000000, 0.01402486975949, 1.33333333333333, 0.00000000000000, 1.34411792429061,-2.56296043817642, 0.00000000000000,
   30,   37, 1.47500000000000, 1.82500000000000, 1.47628881856424, 0.01078459095728, 1.46550422760696, 0.00956999611143,-0.00000000000000, 0.01402486975949, 1.33333333333333, 0.00000000000000, 1.34411792429061,-2.56296043817642, 0.00000000000000,
   30,   38, 1.47500000000000, 1.87500000000000, 1.47628881856424, 0.01078459095728, 1.46550422760696, 0.00956999611143,-0.00000000000000, 0.01402486975949, 1.33333333333333, 0.00000000000000, 1.34411792429061,-2.56296043817642, 0.00000000000000,
   30,   39, 1.47500000000000, 1.92500000000000, 1.47628881856424, 0.01078459095728, 1.46550422760696, 0.00956999611143,-0.00000000000000, 0.01402486975949, 1.33333333333333, 0.00000000000000, 1.34411792429061,-2.56296043817642, 0.00000000000000,
   30,   40, 1.47500000000000, 1.97500000000000, 1.47628881856424, 0.01078459095728, 1.46550422760696, 0.00956999611143,-0.00000000000000, 0.01402486975949, 1.33333333333333, 0.00000000000000, 1.34411792429061,-2.56296043817642, 0.00000000000000,
   31,    1, 1.52500000000000, 0.02500000000000, 1.47484129970987, 0.00921540904272, 1.46562589066715, 0.00956842055156,-0.00000000000000, 0.01402372489316, 1.34154110626991, 0.00000000000000, 1.35075651531263, 1.74239040001047, 0.00000000000000,
   31,    2, 1.52500000000000, 0.07500000000000, 1.47484129970987, 0.00921540904272, 1.46562589066715, 0.00956842055156,-0.00000000000000, 0.01402372489316, 1.34154110626991, 0.00000000000000, 1.35075651531263, 1.74239040001047, 0.00000000000000,
   31,    3, 1.52500000000000, 0.12500000000000, 1.47484129970987, 0.00921540904272, 1.46562589066715, 0.00956842055156,-0.00000000000000, 0.01402372489316, 1.34154110626991, 0.00000000000000, 1.35075651531263, 1.74239040001047, 0.00000000000000,
   31,    4, 1.52500000000000, 0.17500000000000, 1.47484129970987, 0.00921540904272, 1.46562589066715, 0.00956842055156,-0.00000000000000, 0.01402372489316, 1.34154110626991, 0.00000000000000, 1.35075651531263, 1.74239040001047, 0.00000000000000,
   31,    5, 1.52500000000000, 0.22500000000000, 1.47484129970987, 0.00921540904272, 1.46562589066715, 0.00956842055156,-0.00000000000000, 0.01402372489316, 1.34154110626991, 0.00000000000000, 1.35075651531263, 1.74239040001047, 0.00000000000000,
   31,    6, 1.52500000000000, 0.27500000000000, 1.47484129970987, 0.00921540904272, 1.46562589066715, 0.00956842055156,-0.00000000000000, 0.01402372489316, 1.34154110626991, 0.00000000000000, 1.35075651531263, 1.74239040001047, 0.00000000000000,
   31,    7, 1.52500000000000, 0.32500000000000, 1.47484129970987, 0.00921540904272, 1.46562589066715, 0.00956842055156,-0.00000000000000, 0.01402372489316, 1.34154110626991, 0.00000000000000, 1.35075651531263, 1.74239040001047, 0.00000000000000,
   31,    8, 1.52500000000000, 0.37500000000000, 1.47484129970987, 0.00921540904272, 1.46562589066715, 0.00956842055156,-0.00000000000000, 0.01402372489316, 1.34154110626991, 0.00000000000000, 1.35075651531263, 1.74239040001047, 0.00000000000000,
   31,    9, 1.52500000000000, 0.42500000000000, 1.47484129970987, 0.00921540904272, 1.46562589066715, 0.00956842055156,-0.00000000000000, 0.01402372489316, 1.34154110626991, 0.00000000000000, 1.35075651531263, 1.74239040001047, 0.00000000000000,
   31,   10, 1.52500000000000, 0.47500000000000, 1.47484129970987, 0.00921540904272, 1.46562589066715, 0.00956842055156,-0.00000000000000, 0.01402372489316, 1.34154110626991, 0.00000000000000, 1.35075651531263, 1.74239040001047, 0.00000000000000,
   31,   11, 1.52500000000000, 0.52500000000000, 1.47484129970987, 0.00921540904272, 1.46562589066715, 0.00956842055156,-0.00000000000000, 0.01402372489316, 1.34154110626991, 0.00000000000000, 1.35075651531263, 1.74239040001047, 0.00000000000000,
   31,   12, 1.52500000000000, 0.57500000000000, 1.47484129970987, 0.00921540904272, 1.46562589066715, 0.00956842055156,-0.00000000000000, 0.01402372489316, 1.34154110626991, 0.00000000000000, 1.35075651531263, 1.74239040001047, 0.00000000000000,
   31,   13, 1.52500000000000, 0.62500000000000, 1.47484129970987, 0.00921540904272, 1.46562589066715, 0.00956842055156,-0.00000000000000, 0.01402372489316, 1.34154110626991, 0.00000000000000, 1.35075651531263, 1.74239040001047, 0.00000000000000,
   31,   14, 1.52500000000000, 0.67500000000000, 1.47484129970987, 0.00921540904272, 1.46562589066715, 0.00956842055156,-0.00000000000000, 0.01402372489316, 1.34154110626991, 0.00000000000000, 1.35075651531263, 1.74239040001047, 0.00000000000000,
   31,   15, 1.52500000000000, 0.72500000000000, 1.47484129970987, 0.00921540904272, 1.46562589066715, 0.00956842055156,-0.00000000000000, 0.01402372489316, 1.34154110626991, 0.00000000000000, 1.35075651531263, 1.74239040001047, 0.00000000000000,
   31,   16, 1.52500000000000, 0.77500000000000, 1.47484129970987, 0.00921540904272, 1.46562589066715, 0.00956842055156,-0.00000000000000, 0.01402372489316, 1.34154110626991, 0.00000000000000, 1.35075651531263, 1.74239040001047, 0.00000000000000,
   31,   17, 1.52500000000000, 0.82500000000000, 1.47484129970987, 0.00921540904272, 1.46562589066715, 0.00956842055156,-0.00000000000000, 0.01402372489316, 1.34154110626991, 0.00000000000000, 1.35075651531263, 1.74239040001047, 0.00000000000000,
   31,   18, 1.52500000000000, 0.87500000000000, 1.47484129970987, 0.00921540904272, 1.46562589066715, 0.00956842055156,-0.00000000000000, 0.01402372489316, 1.34154110626991, 0.00000000000000, 1.35075651531263, 1.74239040001047, 0.00000000000000,
   31,   19, 1.52500000000000, 0.92500000000000, 1.47484129970987, 0.00921540904272, 1.46562589066715, 0.00956842055156,-0.00000000000000, 0.01402372489316, 1.34154110626991, 0.00000000000000, 1.35075651531263, 1.74239040001047, 0.00000000000000,
   31,   20, 1.52500000000000, 0.97500000000000, 1.47484129970987, 0.00921540904272, 1.46562589066715, 0.00956842055156,-0.00000000000000, 0.01402372489316, 1.34154110626991, 0.00000000000000, 1.35075651531263, 1.74239040001047, 0.00000000000000,
   31,   21, 1.52500000000000, 1.02500000000000, 1.47484129970987, 0.00921540904272, 1.46562589066715, 0.00956842055156,-0.00000000000000, 0.01402372489316, 1.34154110626991, 0.00000000000000, 1.35075651531263, 1.74239040001047, 0.00000000000000,
   31,   22, 1.52500000000000, 1.07500000000000, 1.47484129970987, 0.00921540904272, 1.46562589066715, 0.00956842055156,-0.00000000000000, 0.01402372489316, 1.34154110626991, 0.00000000000000, 1.35075651531263, 1.74239040001047, 0.00000000000000,
   31,   23, 1.52500000000000, 1.12500000000000, 1.47484129970987, 0.00921540904272, 1.46562589066715, 0.00956842055156,-0.00000000000000, 0.01402372489316, 1.34154110626991, 0.00000000000000, 1.35075651531263, 1.74239040001047, 0.00000000000000,
   31,   24, 1.52500000000000, 1.17500000000000, 1.47484129970987, 0.00921540904272, 1.46562589066715, 0.00956842055156,-0.00000000000000, 0.01402372489316, 1.34154110626991, 0.00000000000000, 1.35075651531263, 1.74239040001047, 0.00000000000000,
   31,   25, 1.52500000000000, 1.22500000000000, 1.47484129970987, 0.00921540904272, 1.46562589066715, 0.00956842055156,-0.00000000000000, 0.01402372489316, 1.34154110626991, 0.00000000000000, 1.35075651531263, 1.74239040001047, 0.00000000000000,
   31,   26, 1.52500000000000, 1.27500000000000, 1.47484129970987, 0.00921540904272, 1.46562589066715, 0.00956842055156,-0.00000000000000, 0.01402372489316, 1.34154110626991, 0.00000000000000, 1.35075651531263, 1.74239040001047, 0.00000000000000,
   31,   27, 1.52500000000000, 1.32500000000000, 1.47484129970987, 0.00921540904272, 1.46562589066715, 0.00956842055156,-0.00000000000000, 0.01402372489316, 1.34154110626991, 0.00000000000000, 1.35075651531263, 1.74239040001047, 0.00000000000000,
   31,   28, 1.52500000000000, 1.37500000000000, 1.47484129970987, 0.00921540904272, 1.46562589066715, 0.00956842055156,-0.00000000000000, 0.01402372489316, 1.34154110626991, 0.00000000000000, 1.35075651531263, 1.74239040001047, 0.00000000000000,
   31,   29, 1.52500000000000, 1.42500000000000, 1.47484129970987, 0.00921540904272, 1.46562589066715, 0.00956842055156,-0.00000000000000, 0.01402372489316, 1.34154110626991, 0.00000000000000, 1.35075651531263, 1.74239040001047, 0.00000000000000,
   31,   30, 1.52500000000000, 1.47500000000000, 1.47484129970987, 0.00921540904272, 1.46562589066715, 0.00956842055156,-0.00000000000000, 0.01402372489316, 1.34154110626991, 0.00000000000000, 1.35075651531263, 1.74239040001047, 0.00000000000000,
   31,   31, 1.52500000000000, 1.52500000000000, 1.47484129970987, 0.00921540904272, 1.46562589066715, 0.00956842055156,-0.00000000000000, 0.01402372489316, 1.34154110626991, 0.00000000000000, 1.35075651531263, 1.74239040001047, 0.00000000000000,
   31,   32, 1.52500000000000, 1.57500000000000, 1.47484129970987, 0.00921540904272, 1.46562589066715, 0.00956842055156,-0.00000000000000, 0.01402372489316, 1.34154110626991, 0.00000000000000, 1.35075651531263, 1.74239040001047, 0.00000000000000,
   31,   33, 1.52500000000000, 1.62500000000000, 1.47484129970987, 0.00921540904272, 1.46562589066715, 0.00956842055156,-0.00000000000000, 0.01402372489316, 1.34154110626991, 0.00000000000000, 1.35075651531263, 1.74239040001047, 0.00000000000000,
   31,   34, 1.52500000000000, 1.67500000000000, 1.47484129970987, 0.00921540904272, 1.46562589066715, 0.00956842055156,-0.00000000000000, 0.01402372489316, 1.34154110626991, 0.00000000000000, 1.35075651531263, 1.74239040001047, 0.00000000000000,
   31,   35, 1.52500000000000, 1.72500000000000, 1.47484129970987, 0.00921540904272, 1.46562589066715, 0.00956842055156,-0.00000000000000, 0.01402372489316, 1.34154110626991, 0.00000000000000, 1.35075651531263, 1.74239040001047, 0.00000000000000,
   31,   36, 1.52500000000000, 1.77500000000000, 1.47484129970987, 0.00921540904272, 1.46562589066715, 0.00956842055156,-0.00000000000000, 0.01402372489316, 1.34154110626991, 0.00000000000000, 1.35075651531263, 1.74239040001047, 0.00000000000000,
   31,   37, 1.52500000000000, 1.82500000000000, 1.47484129970987, 0.00921540904272, 1.46562589066715, 0.00956842055156,-0.00000000000000, 0.01402372489316, 1.34154110626991, 0.00000000000000, 1.35075651531263, 1.74239040001047, 0.00000000000000,
   31,   38, 1.52500000000000, 1.87500000000000, 1.47484129970987, 0.00921540904272, 1.46562589066715, 0.00956842055156,-0.00000000000000, 0.01402372489316, 1.34154110626991, 0.00000000000000, 1.35075651531263, 1.74239040001047, 0.00000000000000,
   31,   39, 1.52500000000000, 1.92500000000000, 1.47484129970987, 0.00921540904272, 1.46562589066715, 0.00956842055156,-0.00000000000000, 0.01402372489316, 1.34154110626991, 0.00000000000000, 1.35075651531263, 1.74239040001047, 0.00000000000000,
   31,   40, 1.52500000000000, 1.97500000000000, 1.47484129970987, 0.00921540904272, 1.46562589066715, 0.00956842055156,-0.00000000000000, 0.01402372489316, 1.34154110626991, 0.00000000000000, 1.35075651531263, 1.74239040001047, 0.00000000000000,
   32,    1, 1.57500000000000, 0.02500000000000, 1.48832846757729, 0.00766554636144, 1.48066292121585, 0.00947050971462, 0.00000000000000, 0.01402263257946, 1.36596232246990, 0.00000000000000, 1.37362786883134, 6.07842599775764, 0.00000000000000,
   32,    2, 1.57500000000000, 0.07500000000000, 1.48832846757729, 0.00766554636144, 1.48066292121585, 0.00947050971462, 0.00000000000000, 0.01402263257946, 1.36596232246990, 0.00000000000000, 1.37362786883134, 6.07842599775764, 0.00000000000000,
   32,    3, 1.57500000000000, 0.12500000000000, 1.48832846757729, 0.00766554636144, 1.48066292121585, 0.00947050971462, 0.00000000000000, 0.01402263257946, 1.36596232246990, 0.00000000000000, 1.37362786883134, 6.07842599775764, 0.00000000000000,
   32,    4, 1.57500000000000, 0.17500000000000, 1.48832846757729, 0.00766554636144, 1.48066292121585, 0.00947050971462, 0.00000000000000, 0.01402263257946, 1.36596232246990, 0.00000000000000, 1.37362786883134, 6.07842599775764, 0.00000000000000,
   32,    5, 1.57500000000000, 0.22500000000000, 1.48832846757729, 0.00766554636144, 1.48066292121585, 0.00947050971462, 0.00000000000000, 0.01402263257946, 1.36596232246990, 0.00000000000000, 1.37362786883134, 6.07842599775764, 0.00000000000000,
   32,    6, 1.57500000000000, 0.27500000000000, 1.48832846757729, 0.00766554636144, 1.48066292121585, 0.00947050971462, 0.00000000000000, 0.01402263257946, 1.36596232246990, 0.00000000000000, 1.37362786883134, 6.07842599775764, 0.00000000000000,
   32,    7, 1.57500000000000, 0.32500000000000, 1.48832846757729, 0.00766554636144, 1.48066292121585, 0.00947050971462, 0.00000000000000, 0.01402263257946, 1.36596232246990, 0.00000000000000, 1.37362786883134, 6.07842599775764, 0.00000000000000,
   32,    8, 1.57500000000000, 0.37500000000000, 1.48832846757729, 0.00766554636144, 1.48066292121585, 0.00947050971462, 0.00000000000000, 0.01402263257946, 1.36596232246990, 0.00000000000000, 1.37362786883134, 6.07842599775764, 0.00000000000000,
   32,    9, 1.57500000000000, 0.42500000000000, 1.48832846757729, 0.00766554636144, 1.48066292121585, 0.00947050971462, 0.00000000000000, 0.01402263257946, 1.36596232246990, 0.00000000000000, 1.37362786883134, 6.07842599775764, 0.00000000000000,
   32,   10, 1.57500000000000, 0.47500000000000, 1.48832846757729, 0.00766554636144, 1.48066292121585, 0.00947050971462, 0.00000000000000, 0.01402263257946, 1.36596232246990, 0.00000000000000, 1.37362786883134, 6.07842599775764, 0.00000000000000,
   32,   11, 1.57500000000000, 0.52500000000000, 1.48832846757729, 0.00766554636144, 1.48066292121585, 0.00947050971462, 0.00000000000000, 0.01402263257946, 1.36596232246990, 0.00000000000000, 1.37362786883134, 6.07842599775764, 0.00000000000000,
   32,   12, 1.57500000000000, 0.57500000000000, 1.48832846757729, 0.00766554636144, 1.48066292121585, 0.00947050971462, 0.00000000000000, 0.01402263257946, 1.36596232246990, 0.00000000000000, 1.37362786883134, 6.07842599775764, 0.00000000000000,
   32,   13, 1.57500000000000, 0.62500000000000, 1.48832846757729, 0.00766554636144, 1.48066292121585, 0.00947050971462, 0.00000000000000, 0.01402263257946, 1.36596232246990, 0.00000000000000, 1.37362786883134, 6.07842599775764, 0.00000000000000,
   32,   14, 1.57500000000000, 0.67500000000000, 1.48832846757729, 0.00766554636144, 1.48066292121585, 0.00947050971462, 0.00000000000000, 0.01402263257946, 1.36596232246990, 0.00000000000000, 1.37362786883134, 6.07842599775764, 0.00000000000000,
   32,   15, 1.57500000000000, 0.72500000000000, 1.48832846757729, 0.00766554636144, 1.48066292121585, 0.00947050971462, 0.00000000000000, 0.01402263257946, 1.36596232246990, 0.00000000000000, 1.37362786883134, 6.07842599775764, 0.00000000000000,
   32,   16, 1.57500000000000, 0.77500000000000, 1.48832846757729, 0.00766554636144, 1.48066292121585, 0.00947050971462, 0.00000000000000, 0.01402263257946, 1.36596232246990, 0.00000000000000, 1.37362786883134, 6.07842599775764, 0.00000000000000,
   32,   17, 1.57500000000000, 0.82500000000000, 1.48832846757729, 0.00766554636144, 1.48066292121585, 0.00947050971462, 0.00000000000000, 0.01402263257946, 1.36596232246990, 0.00000000000000, 1.37362786883134, 6.07842599775764, 0.00000000000000,
   32,   18, 1.57500000000000, 0.87500000000000, 1.48832846757729, 0.00766554636144, 1.48066292121585, 0.00947050971462, 0.00000000000000, 0.01402263257946, 1.36596232246990, 0.00000000000000, 1.37362786883134, 6.07842599775764, 0.00000000000000,
   32,   19, 1.57500000000000, 0.92500000000000, 1.48832846757729, 0.00766554636144, 1.48066292121585, 0.00947050971462, 0.00000000000000, 0.01402263257946, 1.36596232246990, 0.00000000000000, 1.37362786883134, 6.07842599775764, 0.00000000000000,
   32,   20, 1.57500000000000, 0.97500000000000, 1.48832846757729, 0.00766554636144, 1.48066292121585, 0.00947050971462, 0.00000000000000, 0.01402263257946, 1.36596232246990, 0.00000000000000, 1.37362786883134, 6.07842599775764, 0.00000000000000,
   32,   21, 1.57500000000000, 1.02500000000000, 1.48832846757729, 0.00766554636144, 1.48066292121585, 0.00947050971462, 0.00000000000000, 0.01402263257946, 1.36596232246990, 0.00000000000000, 1.37362786883134, 6.07842599775764, 0.00000000000000,
   32,   22, 1.57500000000000, 1.07500000000000, 1.48832846757729, 0.00766554636144, 1.48066292121585, 0.00947050971462, 0.00000000000000, 0.01402263257946, 1.36596232246990, 0.00000000000000, 1.37362786883134, 6.07842599775764, 0.00000000000000,
   32,   23, 1.57500000000000, 1.12500000000000, 1.48832846757729, 0.00766554636144, 1.48066292121585, 0.00947050971462, 0.00000000000000, 0.01402263257946, 1.36596232246990, 0.00000000000000, 1.37362786883134, 6.07842599775764, 0.00000000000000,
   32,   24, 1.57500000000000, 1.17500000000000, 1.48832846757729, 0.00766554636144, 1.48066292121585, 0.00947050971462, 0.00000000000000, 0.01402263257946, 1.36596232246990, 0.00000000000000, 1.37362786883134, 6.07842599775764, 0.00000000000000,
   32,   25, 1.57500000000000, 1.22500000000000, 1.48832846757729, 0.00766554636144, 1.48066292121585, 0.00947050971462, 0.00000000000000, 0.01402263257946, 1.36596232246990, 0.00000000000000, 1.37362786883134, 6.07842599775764, 0.00000000000000,
   32,   26, 1.57500000000000, 1.27500000000000, 1.48832846757729, 0.00766554636144, 1.48066292121585, 0.00947050971462, 0.00000000000000, 0.01402263257946, 1.36596232246990, 0.00000000000000, 1.37362786883134, 6.07842599775764, 0.00000000000000,
   32,   27, 1.57500000000000, 1.32500000000000, 1.48832846757729, 0.00766554636144, 1.48066292121585, 0.00947050971462, 0.00000000000000, 0.01402263257946, 1.36596232246990, 0.00000000000000, 1.37362786883134, 6.07842599775764, 0.00000000000000,
   32,   28, 1.57500000000000, 1.37500000000000, 1.48832846757729, 0.00766554636144, 1.48066292121585, 0.00947050971462, 0.00000000000000, 0.01402263257946, 1.36596232246990, 0.00000000000000, 1.37362786883134, 6.07842599775764, 0.00000000000000,
   32,   29, 1.57500000000000, 1.42500000000000, 1.48832846757729, 0.00766554636144, 1.48066292121585, 0.00947050971462, 0.00000000000000, 0.01402263257946, 1.36596232246990, 0.00000000000000, 1.37362786883134, 6.07842599775764, 0.00000000000000,
   32,   30, 1.57500000000000, 1.47500000000000, 1.48832846757729, 0.00766554636144, 1.48066292121585, 0.00947050971462, 0.00000000000000, 0.01402263257946, 1.36596232246990, 0.00000000000000, 1.37362786883134, 6.07842599775764, 0.00000000000000,
   32,   31, 1.57500000000000, 1.52500000000000, 1.48832846757729, 0.00766554636144, 1.48066292121585, 0.00947050971462, 0.00000000000000, 0.01402263257946, 1.36596232246990, 0.00000000000000, 1.37362786883134, 6.07842599775764, 0.00000000000000,
   32,   32, 1.57500000000000, 1.57500000000000, 1.48832846757729, 0.00766554636144, 1.48066292121585, 0.00947050971462, 0.00000000000000, 0.01402263257946, 1.36596232246990, 0.00000000000000, 1.37362786883134, 6.07842599775764, 0.00000000000000,
   32,   33, 1.57500000000000, 1.62500000000000, 1.48832846757729, 0.00766554636144, 1.48066292121585, 0.00947050971462, 0.00000000000000, 0.01402263257946, 1.36596232246990, 0.00000000000000, 1.37362786883134, 6.07842599775764, 0.00000000000000,
   32,   34, 1.57500000000000, 1.67500000000000, 1.48832846757729, 0.00766554636144, 1.48066292121585, 0.00947050971462, 0.00000000000000, 0.01402263257946, 1.36596232246990, 0.00000000000000, 1.37362786883134, 6.07842599775764, 0.00000000000000,
   32,   35, 1.57500000000000, 1.72500000000000, 1.48832846757729, 0.00766554636144, 1.48066292121585, 0.00947050971462, 0.00000000000000, 0.01402263257946, 1.36596232246990, 0.00000000000000, 1.37362786883134, 6.07842599775764, 0.00000000000000,
   32,   36, 1.57500000000000, 1.77500000000000, 1.48832846757729, 0.00766554636144, 1.48066292121585, 0.00947050971462, 0.00000000000000, 0.01402263257946, 1.36596232246990, 0.00000000000000, 1.37362786883134, 6.07842599775764, 0.00000000000000,
   32,   37, 1.57500000000000, 1.82500000000000, 1.48832846757729, 0.00766554636144, 1.48066292121585, 0.00947050971462, 0.00000000000000, 0.01402263257946, 1.36596232246990, 0.00000000000000, 1.37362786883134, 6.07842599775764, 0.00000000000000,
   32,   38, 1.57500000000000, 1.87500000000000, 1.48832846757729, 0.00766554636144, 1.48066292121585, 0.00947050971462, 0.00000000000000, 0.01402263257946, 1.36596232246990, 0.00000000000000, 1.37362786883134, 6.07842599775764, 0.00000000000000,
   32,   39, 1.57500000000000, 1.92500000000000, 1.48832846757729, 0.00766554636144, 1.48066292121585, 0.00947050971462, 0.00000000000000, 0.01402263257946, 1.36596232246990, 0.00000000000000, 1.37362786883134, 6.07842599775764, 0.00000000000000,
   32,   40, 1.57500000000000, 1.97500000000000, 1.48832846757729, 0.00766554636144, 1.48066292121585, 0.00947050971462, 0.00000000000000, 0.01402263257946, 1.36596232246990, 0.00000000000000, 1.37362786883134, 6.07842599775764, 0.00000000000000,
   33,    1, 1.62500000000000, 0.02500000000000, 1.51650332718214, 0.00617316567635, 1.51033016150579, 0.00928389369201, 0.00000000000000, 0.01402174465926, 1.40599565054109, 0.00000000000000, 1.41216881621744,10.48840776717856, 0.00000000000000,
   33,    2, 1.62500000000000, 0.07500000000000, 1.51650332718214, 0.00617316567635, 1.51033016150579, 0.00928389369201, 0.00000000000000, 0.01402174465926, 1.40599565054109, 0.00000000000000, 1.41216881621744,10.48840776717856, 0.00000000000000,
   33,    3, 1.62500000000000, 0.12500000000000, 1.51650332718214, 0.00617316567635, 1.51033016150579, 0.00928389369201, 0.00000000000000, 0.01402174465926, 1.40599565054109, 0.00000000000000, 1.41216881621744,10.48840776717856, 0.00000000000000,
   33,    4, 1.62500000000000, 0.17500000000000, 1.51650332718214, 0.00617316567635, 1.51033016150579, 0.00928389369201, 0.00000000000000, 0.01402174465926, 1.40599565054109, 0.00000000000000, 1.41216881621744,10.48840776717856, 0.00000000000000,
   33,    5, 1.62500000000000, 0.22500000000000, 1.51650332718214, 0.00617316567635, 1.51033016150579, 0.00928389369201, 0.00000000000000, 0.01402174465926, 1.40599565054109, 0.00000000000000, 1.41216881621744,10.48840776717856, 0.00000000000000,
   33,    6, 1.62500000000000, 0.27500000000000, 1.51650332718214, 0.00617316567635, 1.51033016150579, 0.00928389369201, 0.00000000000000, 0.01402174465926, 1.40599565054109, 0.00000000000000, 1.41216881621744,10.48840776717856, 0.00000000000000,
   33,    7, 1.62500000000000, 0.32500000000000, 1.51650332718214, 0.00617316567635, 1.51033016150579, 0.00928389369201, 0.00000000000000, 0.01402174465926, 1.40599565054109, 0.00000000000000, 1.41216881621744,10.48840776717856, 0.00000000000000,
   33,    8, 1.62500000000000, 0.37500000000000, 1.51650332718214, 0.00617316567635, 1.51033016150579, 0.00928389369201, 0.00000000000000, 0.01402174465926, 1.40599565054109, 0.00000000000000, 1.41216881621744,10.48840776717856, 0.00000000000000,
   33,    9, 1.62500000000000, 0.42500000000000, 1.51650332718214, 0.00617316567635, 1.51033016150579, 0.00928389369201, 0.00000000000000, 0.01402174465926, 1.40599565054109, 0.00000000000000, 1.41216881621744,10.48840776717856, 0.00000000000000,
   33,   10, 1.62500000000000, 0.47500000000000, 1.51650332718214, 0.00617316567635, 1.51033016150579, 0.00928389369201, 0.00000000000000, 0.01402174465926, 1.40599565054109, 0.00000000000000, 1.41216881621744,10.48840776717856, 0.00000000000000,
   33,   11, 1.62500000000000, 0.52500000000000, 1.51650332718214, 0.00617316567635, 1.51033016150579, 0.00928389369201, 0.00000000000000, 0.01402174465926, 1.40599565054109, 0.00000000000000, 1.41216881621744,10.48840776717856, 0.00000000000000,
   33,   12, 1.62500000000000, 0.57500000000000, 1.51650332718214, 0.00617316567635, 1.51033016150579, 0.00928389369201, 0.00000000000000, 0.01402174465926, 1.40599565054109, 0.00000000000000, 1.41216881621744,10.48840776717856, 0.00000000000000,
   33,   13, 1.62500000000000, 0.62500000000000, 1.51650332718214, 0.00617316567635, 1.51033016150579, 0.00928389369201, 0.00000000000000, 0.01402174465926, 1.40599565054109, 0.00000000000000, 1.41216881621744,10.48840776717856, 0.00000000000000,
   33,   14, 1.62500000000000, 0.67500000000000, 1.51650332718214, 0.00617316567635, 1.51033016150579, 0.00928389369201, 0.00000000000000, 0.01402174465926, 1.40599565054109, 0.00000000000000, 1.41216881621744,10.48840776717856, 0.00000000000000,
   33,   15, 1.62500000000000, 0.72500000000000, 1.51650332718214, 0.00617316567635, 1.51033016150579, 0.00928389369201, 0.00000000000000, 0.01402174465926, 1.40599565054109, 0.00000000000000, 1.41216881621744,10.48840776717856, 0.00000000000000,
   33,   16, 1.62500000000000, 0.77500000000000, 1.51650332718214, 0.00617316567635, 1.51033016150579, 0.00928389369201, 0.00000000000000, 0.01402174465926, 1.40599565054109, 0.00000000000000, 1.41216881621744,10.48840776717856, 0.00000000000000,
   33,   17, 1.62500000000000, 0.82500000000000, 1.51650332718214, 0.00617316567635, 1.51033016150579, 0.00928389369201, 0.00000000000000, 0.01402174465926, 1.40599565054109, 0.00000000000000, 1.41216881621744,10.48840776717856, 0.00000000000000,
   33,   18, 1.62500000000000, 0.87500000000000, 1.51650332718214, 0.00617316567635, 1.51033016150579, 0.00928389369201, 0.00000000000000, 0.01402174465926, 1.40599565054109, 0.00000000000000, 1.41216881621744,10.48840776717856, 0.00000000000000,
   33,   19, 1.62500000000000, 0.92500000000000, 1.51650332718214, 0.00617316567635, 1.51033016150579, 0.00928389369201, 0.00000000000000, 0.01402174465926, 1.40599565054109, 0.00000000000000, 1.41216881621744,10.48840776717856, 0.00000000000000,
   33,   20, 1.62500000000000, 0.97500000000000, 1.51650332718214, 0.00617316567635, 1.51033016150579, 0.00928389369201, 0.00000000000000, 0.01402174465926, 1.40599565054109, 0.00000000000000, 1.41216881621744,10.48840776717856, 0.00000000000000,
   33,   21, 1.62500000000000, 1.02500000000000, 1.51650332718214, 0.00617316567635, 1.51033016150579, 0.00928389369201, 0.00000000000000, 0.01402174465926, 1.40599565054109, 0.00000000000000, 1.41216881621744,10.48840776717856, 0.00000000000000,
   33,   22, 1.62500000000000, 1.07500000000000, 1.51650332718214, 0.00617316567635, 1.51033016150579, 0.00928389369201, 0.00000000000000, 0.01402174465926, 1.40599565054109, 0.00000000000000, 1.41216881621744,10.48840776717856, 0.00000000000000,
   33,   23, 1.62500000000000, 1.12500000000000, 1.51650332718214, 0.00617316567635, 1.51033016150579, 0.00928389369201, 0.00000000000000, 0.01402174465926, 1.40599565054109, 0.00000000000000, 1.41216881621744,10.48840776717856, 0.00000000000000,
   33,   24, 1.62500000000000, 1.17500000000000, 1.51650332718214, 0.00617316567635, 1.51033016150579, 0.00928389369201, 0.00000000000000, 0.01402174465926, 1.40599565054109, 0.00000000000000, 1.41216881621744,10.48840776717856, 0.00000000000000,
   33,   25, 1.62500000000000, 1.22500000000000, 1.51650332718214, 0.00617316567635, 1.51033016150579, 0.00928389369201, 0.00000000000000, 0.01402174465926, 1.40599565054109, 0.00000000000000, 1.41216881621744,10.48840776717856, 0.00000000000000,
   33,   26, 1.62500000000000, 1.27500000000000, 1.51650332718214, 0.00617316567635, 1.51033016150579, 0.00928389369201, 0.00000000000000, 0.01402174465926, 1.40599565054109, 0.00000000000000, 1.41216881621744,10.48840776717856, 0.00000000000000,
   33,   27, 1.62500000000000, 1.32500000000000, 1.51650332718214, 0.00617316567635, 1.51033016150579, 0.00928389369201, 0.00000000000000, 0.01402174465926, 1.40599565054109, 0.00000000000000, 1.41216881621744,10.48840776717856, 0.00000000000000,
   33,   28, 1.62500000000000, 1.37500000000000, 1.51650332718214, 0.00617316567635, 1.51033016150579, 0.00928389369201, 0.00000000000000, 0.01402174465926, 1.40599565054109, 0.00000000000000, 1.41216881621744,10.48840776717856, 0.00000000000000,
   33,   29, 1.62500000000000, 1.42500000000000, 1.51650332718214, 0.00617316567635, 1.51033016150579, 0.00928389369201, 0.00000000000000, 0.01402174465926, 1.40599565054109, 0.00000000000000, 1.41216881621744,10.48840776717856, 0.00000000000000,
   33,   30, 1.62500000000000, 1.47500000000000, 1.51650332718214, 0.00617316567635, 1.51033016150579, 0.00928389369201, 0.00000000000000, 0.01402174465926, 1.40599565054109, 0.00000000000000, 1.41216881621744,10.48840776717856, 0.00000000000000,
   33,   31, 1.62500000000000, 1.52500000000000, 1.51650332718214, 0.00617316567635, 1.51033016150579, 0.00928389369201, 0.00000000000000, 0.01402174465926, 1.40599565054109, 0.00000000000000, 1.41216881621744,10.48840776717856, 0.00000000000000,
   33,   32, 1.62500000000000, 1.57500000000000, 1.51650332718214, 0.00617316567635, 1.51033016150579, 0.00928389369201, 0.00000000000000, 0.01402174465926, 1.40599565054109, 0.00000000000000, 1.41216881621744,10.48840776717856, 0.00000000000000,
   33,   33, 1.62500000000000, 1.62500000000000, 1.51650332718214, 0.00617316567635, 1.51033016150579, 0.00928389369201, 0.00000000000000, 0.01402174465926, 1.40599565054109, 0.00000000000000, 1.41216881621744,10.48840776717856, 0.00000000000000,
   33,   34, 1.62500000000000, 1.67500000000000, 1.51650332718214, 0.00617316567635, 1.51033016150579, 0.00928389369201, 0.00000000000000, 0.01402174465926, 1.40599565054109, 0.00000000000000, 1.41216881621744,10.48840776717856, 0.00000000000000,
   33,   35, 1.62500000000000, 1.72500000000000, 1.51650332718214, 0.00617316567635, 1.51033016150579, 0.00928389369201, 0.00000000000000, 0.01402174465926, 1.40599565054109, 0.00000000000000, 1.41216881621744,10.48840776717856, 0.00000000000000,
   33,   36, 1.62500000000000, 1.77500000000000, 1.51650332718214, 0.00617316567635, 1.51033016150579, 0.00928389369201, 0.00000000000000, 0.01402174465926, 1.40599565054109, 0.00000000000000, 1.41216881621744,10.48840776717856, 0.00000000000000,
   33,   37, 1.62500000000000, 1.82500000000000, 1.51650332718214, 0.00617316567635, 1.51033016150579, 0.00928389369201, 0.00000000000000, 0.01402174465926, 1.40599565054109, 0.00000000000000, 1.41216881621744,10.48840776717856, 0.00000000000000,
   33,   38, 1.62500000000000, 1.87500000000000, 1.51650332718214, 0.00617316567635, 1.51033016150579, 0.00928389369201, 0.00000000000000, 0.01402174465926, 1.40599565054109, 0.00000000000000, 1.41216881621744,10.48840776717856, 0.00000000000000,
   33,   39, 1.62500000000000, 1.92500000000000, 1.51650332718214, 0.00617316567635, 1.51033016150579, 0.00928389369201, 0.00000000000000, 0.01402174465926, 1.40599565054109, 0.00000000000000, 1.41216881621744,10.48840776717856, 0.00000000000000,
   33,   40, 1.62500000000000, 1.97500000000000, 1.51650332718214, 0.00617316567635, 1.51033016150579, 0.00928389369201, 0.00000000000000, 0.01402174465926, 1.40599565054109, 0.00000000000000, 1.41216881621744,10.48840776717856, 0.00000000000000,
   34,    1, 1.67500000000000, 0.02500000000000, 1.55882779267825, 0.00477501435284, 1.55405277832541, 0.00902231531882,-0.00000000000000, 0.01402115418814, 1.46065533708337, 0.00000000000000, 1.46543035143621,14.99213472188327, 0.00000000000000,
   34,    2, 1.67500000000000, 0.07500000000000, 1.55882779267825, 0.00477501435284, 1.55405277832541, 0.00902231531882,-0.00000000000000, 0.01402115418814, 1.46065533708337, 0.00000000000000, 1.46543035143621,14.99213472188327, 0.00000000000000,
   34,    3, 1.67500000000000, 0.12500000000000, 1.55882779267825, 0.00477501435284, 1.55405277832541, 0.00902231531882,-0.00000000000000, 0.01402115418814, 1.46065533708337, 0.00000000000000, 1.46543035143621,14.99213472188327, 0.00000000000000,
   34,    4, 1.67500000000000, 0.17500000000000, 1.55882779267825, 0.00477501435284, 1.55405277832541, 0.00902231531882,-0.00000000000000, 0.01402115418814, 1.46065533708337, 0.00000000000000, 1.46543035143621,14.99213472188327, 0.00000000000000,
   34,    5, 1.67500000000000, 0.22500000000000, 1.55882779267825, 0.00477501435284, 1.55405277832541, 0.00902231531882,-0.00000000000000, 0.01402115418814, 1.46065533708337, 0.00000000000000, 1.46543035143621,14.99213472188327, 0.00000000000000,
   34,    6, 1.67500000000000, 0.27500000000000, 1.55882779267825, 0.00477501435284, 1.55405277832541, 0.00902231531882,-0.00000000000000, 0.01402115418814, 1.46065533708337, 0.00000000000000, 1.46543035143621,14.99213472188327, 0.00000000000000,
   34,    7, 1.67500000000000, 0.32500000000000, 1.55882779267825, 0.00477501435284, 1.55405277832541, 0.00902231531882,-0.00000000000000, 0.01402115418814, 1.46065533708337, 0.00000000000000, 1.46543035143621,14.99213472188327, 0.00000000000000,
   34,    8, 1.67500000000000, 0.37500000000000, 1.55882779267825, 0.00477501435284, 1.55405277832541, 0.00902231531882,-0.00000000000000, 0.01402115418814, 1.46065533708337, 0.00000000000000, 1.46543035143621,14.99213472188327, 0.00000000000000,
   34,    9, 1.67500000000000, 0.42500000000000, 1.55882779267825, 0.00477501435284, 1.55405277832541, 0.00902231531882,-0.00000000000000, 0.01402115418814, 1.46065533708337, 0.00000000000000, 1.46543035143621,14.99213472188327, 0.00000000000000,
   34,   10, 1.67500000000000, 0.47500000000000, 1.55882779267825, 0.00477501435284, 1.55405277832541, 0.00902231531882,-0.00000000000000, 0.01402115418814, 1.46065533708337, 0.00000000000000, 1.46543035143621,14.99213472188327, 0.00000000000000,
   34,   11, 1.67500000000000, 0.52500000000000, 1.55882779267825, 0.00477501435284, 1.55405277832541, 0.00902231531882,-0.00000000000000, 0.01402115418814, 1.46065533708337, 0.00000000000000, 1.46543035143621,14.99213472188327, 0.00000000000000,
   34,   12, 1.67500000000000, 0.57500000000000, 1.55882779267825, 0.00477501435284, 1.55405277832541, 0.00902231531882,-0.00000000000000, 0.01402115418814, 1.46065533708337, 0.00000000000000, 1.46543035143621,14.99213472188327, 0.00000000000000,
   34,   13, 1.67500000000000, 0.62500000000000, 1.55882779267825, 0.00477501435284, 1.55405277832541, 0.00902231531882,-0.00000000000000, 0.01402115418814, 1.46065533708337, 0.00000000000000, 1.46543035143621,14.99213472188327, 0.00000000000000,
   34,   14, 1.67500000000000, 0.67500000000000, 1.55882779267825, 0.00477501435284, 1.55405277832541, 0.00902231531882,-0.00000000000000, 0.01402115418814, 1.46065533708337, 0.00000000000000, 1.46543035143621,14.99213472188327, 0.00000000000000,
   34,   15, 1.67500000000000, 0.72500000000000, 1.55882779267825, 0.00477501435284, 1.55405277832541, 0.00902231531882,-0.00000000000000, 0.01402115418814, 1.46065533708337, 0.00000000000000, 1.46543035143621,14.99213472188327, 0.00000000000000,
   34,   16, 1.67500000000000, 0.77500000000000, 1.55882779267825, 0.00477501435284, 1.55405277832541, 0.00902231531882,-0.00000000000000, 0.01402115418814, 1.46065533708337, 0.00000000000000, 1.46543035143621,14.99213472188327, 0.00000000000000,
   34,   17, 1.67500000000000, 0.82500000000000, 1.55882779267825, 0.00477501435284, 1.55405277832541, 0.00902231531882,-0.00000000000000, 0.01402115418814, 1.46065533708337, 0.00000000000000, 1.46543035143621,14.99213472188327, 0.00000000000000,
   34,   18, 1.67500000000000, 0.87500000000000, 1.55882779267825, 0.00477501435284, 1.55405277832541, 0.00902231531882,-0.00000000000000, 0.01402115418814, 1.46065533708337, 0.00000000000000, 1.46543035143621,14.99213472188327, 0.00000000000000,
   34,   19, 1.67500000000000, 0.92500000000000, 1.55882779267825, 0.00477501435284, 1.55405277832541, 0.00902231531882,-0.00000000000000, 0.01402115418814, 1.46065533708337, 0.00000000000000, 1.46543035143621,14.99213472188327, 0.00000000000000,
   34,   20, 1.67500000000000, 0.97500000000000, 1.55882779267825, 0.00477501435284, 1.55405277832541, 0.00902231531882,-0.00000000000000, 0.01402115418814, 1.46065533708337, 0.00000000000000, 1.46543035143621,14.99213472188327, 0.00000000000000,
   34,   21, 1.67500000000000, 1.02500000000000, 1.55882779267825, 0.00477501435284, 1.55405277832541, 0.00902231531882,-0.00000000000000, 0.01402115418814, 1.46065533708337, 0.00000000000000, 1.46543035143621,14.99213472188327, 0.00000000000000,
   34,   22, 1.67500000000000, 1.07500000000000, 1.55882779267825, 0.00477501435284, 1.55405277832541, 0.00902231531882,-0.00000000000000, 0.01402115418814, 1.46065533708337, 0.00000000000000, 1.46543035143621,14.99213472188327, 0.00000000000000,
   34,   23, 1.67500000000000, 1.12500000000000, 1.55882779267825, 0.00477501435284, 1.55405277832541, 0.00902231531882,-0.00000000000000, 0.01402115418814, 1.46065533708337, 0.00000000000000, 1.46543035143621,14.99213472188327, 0.00000000000000,
   34,   24, 1.67500000000000, 1.17500000000000, 1.55882779267825, 0.00477501435284, 1.55405277832541, 0.00902231531882,-0.00000000000000, 0.01402115418814, 1.46065533708337, 0.00000000000000, 1.46543035143621,14.99213472188327, 0.00000000000000,
   34,   25, 1.67500000000000, 1.22500000000000, 1.55882779267825, 0.00477501435284, 1.55405277832541, 0.00902231531882,-0.00000000000000, 0.01402115418814, 1.46065533708337, 0.00000000000000, 1.46543035143621,14.99213472188327, 0.00000000000000,
   34,   26, 1.67500000000000, 1.27500000000000, 1.55882779267825, 0.00477501435284, 1.55405277832541, 0.00902231531882,-0.00000000000000, 0.01402115418814, 1.46065533708337, 0.00000000000000, 1.46543035143621,14.99213472188327, 0.00000000000000,
   34,   27, 1.67500000000000, 1.32500000000000, 1.55882779267825, 0.00477501435284, 1.55405277832541, 0.00902231531882,-0.00000000000000, 0.01402115418814, 1.46065533708337, 0.00000000000000, 1.46543035143621,14.99213472188327, 0.00000000000000,
   34,   28, 1.67500000000000, 1.37500000000000, 1.55882779267825, 0.00477501435284, 1.55405277832541, 0.00902231531882,-0.00000000000000, 0.01402115418814, 1.46065533708337, 0.00000000000000, 1.46543035143621,14.99213472188327, 0.00000000000000,
   34,   29, 1.67500000000000, 1.42500000000000, 1.55882779267825, 0.00477501435284, 1.55405277832541, 0.00902231531882,-0.00000000000000, 0.01402115418814, 1.46065533708337, 0.00000000000000, 1.46543035143621,14.99213472188327, 0.00000000000000,
   34,   30, 1.67500000000000, 1.47500000000000, 1.55882779267825, 0.00477501435284, 1.55405277832541, 0.00902231531882,-0.00000000000000, 0.01402115418814, 1.46065533708337, 0.00000000000000, 1.46543035143621,14.99213472188327, 0.00000000000000,
   34,   31, 1.67500000000000, 1.52500000000000, 1.55882779267825, 0.00477501435284, 1.55405277832541, 0.00902231531882,-0.00000000000000, 0.01402115418814, 1.46065533708337, 0.00000000000000, 1.46543035143621,14.99213472188327, 0.00000000000000,
   34,   32, 1.67500000000000, 1.57500000000000, 1.55882779267825, 0.00477501435284, 1.55405277832541, 0.00902231531882,-0.00000000000000, 0.01402115418814, 1.46065533708337, 0.00000000000000, 1.46543035143621,14.99213472188327, 0.00000000000000,
   34,   33, 1.67500000000000, 1.62500000000000, 1.55882779267825, 0.00477501435284, 1.55405277832541, 0.00902231531882,-0.00000000000000, 0.01402115418814, 1.46065533708337, 0.00000000000000, 1.46543035143621,14.99213472188327, 0.00000000000000,
   34,   34, 1.67500000000000, 1.67500000000000, 1.55882779267825, 0.00477501435284, 1.55405277832541, 0.00902231531882,-0.00000000000000, 0.01402115418814, 1.46065533708337, 0.00000000000000, 1.46543035143621,14.99213472188327, 0.00000000000000,
   34,   35, 1.67500000000000, 1.72500000000000, 1.55882779267825, 0.00477501435284, 1.55405277832541, 0.00902231531882,-0.00000000000000, 0.01402115418814, 1.46065533708337, 0.00000000000000, 1.46543035143621,14.99213472188327, 0.00000000000000,
   34,   36, 1.67500000000000, 1.77500000000000, 1.55882779267825, 0.00477501435284, 1.55405277832541, 0.00902231531882,-0.00000000000000, 0.01402115418814, 1.46065533708337, 0.00000000000000, 1.46543035143621,14.99213472188327, 0.00000000000000,
   34,   37, 1.67500000000000, 1.82500000000000, 1.55882779267825, 0.00477501435284, 1.55405277832541, 0.00902231531882,-0.00000000000000, 0.01402115418814, 1.46065533708337, 0.00000000000000, 1.46543035143621,14.99213472188327, 0.00000000000000,
   34,   38, 1.67500000000000, 1.87500000000000, 1.55882779267825, 0.00477501435284, 1.55405277832541, 0.00902231531882,-0.00000000000000, 0.01402115418814, 1.46065533708337, 0.00000000000000, 1.46543035143621,14.99213472188327, 0.00000000000000,
   34,   39, 1.67500000000000, 1.92500000000000, 1.55882779267825, 0.00477501435284, 1.55405277832541, 0.00902231531882,-0.00000000000000, 0.01402115418814, 1.46065533708337, 0.00000000000000, 1.46543035143621,14.99213472188327, 0.00000000000000,
   34,   40, 1.67500000000000, 1.97500000000000, 1.55882779267825, 0.00477501435284, 1.55405277832541, 0.00902231531882,-0.00000000000000, 0.01402115418814, 1.46065533708337, 0.00000000000000, 1.46543035143621,14.99213472188327, 0.00000000000000,
   35,    1, 1.72500000000000, 0.02500000000000, 1.61445170581792, 0.00350551951670, 1.61094618630122, 0.00870355567041, 0.00000000000000, 0.01402095981450, 1.52859547920897, 0.00000000000000, 1.53210099872567,19.57288850624957, 0.00000000000000,
   35,    2, 1.72500000000000, 0.07500000000000, 1.61445170581792, 0.00350551951670, 1.61094618630122, 0.00870355567041, 0.00000000000000, 0.01402095981450, 1.52859547920897, 0.00000000000000, 1.53210099872567,19.57288850624957, 0.00000000000000,
   35,    3, 1.72500000000000, 0.12500000000000, 1.61445170581792, 0.00350551951670, 1.61094618630122, 0.00870355567041, 0.00000000000000, 0.01402095981450, 1.52859547920897, 0.00000000000000, 1.53210099872567,19.57288850624957, 0.00000000000000,
   35,    4, 1.72500000000000, 0.17500000000000, 1.61445170581792, 0.00350551951670, 1.61094618630122, 0.00870355567041, 0.00000000000000, 0.01402095981450, 1.52859547920897, 0.00000000000000, 1.53210099872567,19.57288850624957, 0.00000000000000,
   35,    5, 1.72500000000000, 0.22500000000000, 1.61445170581792, 0.00350551951670, 1.61094618630122, 0.00870355567041, 0.00000000000000, 0.01402095981450, 1.52859547920897, 0.00000000000000, 1.53210099872567,19.57288850624957, 0.00000000000000,
   35,    6, 1.72500000000000, 0.27500000000000, 1.61445170581792, 0.00350551951670, 1.61094618630122, 0.00870355567041, 0.00000000000000, 0.01402095981450, 1.52859547920897, 0.00000000000000, 1.53210099872567,19.57288850624957, 0.00000000000000,
   35,    7, 1.72500000000000, 0.32500000000000, 1.61445170581792, 0.00350551951670, 1.61094618630122, 0.00870355567041, 0.00000000000000, 0.01402095981450, 1.52859547920897, 0.00000000000000, 1.53210099872567,19.57288850624957, 0.00000000000000,
   35,    8, 1.72500000000000, 0.37500000000000, 1.61445170581792, 0.00350551951670, 1.61094618630122, 0.00870355567041, 0.00000000000000, 0.01402095981450, 1.52859547920897, 0.00000000000000, 1.53210099872567,19.57288850624957, 0.00000000000000,
   35,    9, 1.72500000000000, 0.42500000000000, 1.61445170581792, 0.00350551951670, 1.61094618630122, 0.00870355567041, 0.00000000000000, 0.01402095981450, 1.52859547920897, 0.00000000000000, 1.53210099872567,19.57288850624957, 0.00000000000000,
   35,   10, 1.72500000000000, 0.47500000000000, 1.61445170581792, 0.00350551951670, 1.61094618630122, 0.00870355567041, 0.00000000000000, 0.01402095981450, 1.52859547920897, 0.00000000000000, 1.53210099872567,19.57288850624957, 0.00000000000000,
   35,   11, 1.72500000000000, 0.52500000000000, 1.61445170581792, 0.00350551951670, 1.61094618630122, 0.00870355567041, 0.00000000000000, 0.01402095981450, 1.52859547920897, 0.00000000000000, 1.53210099872567,19.57288850624957, 0.00000000000000,
   35,   12, 1.72500000000000, 0.57500000000000, 1.61445170581792, 0.00350551951670, 1.61094618630122, 0.00870355567041, 0.00000000000000, 0.01402095981450, 1.52859547920897, 0.00000000000000, 1.53210099872567,19.57288850624957, 0.00000000000000,
   35,   13, 1.72500000000000, 0.62500000000000, 1.61445170581792, 0.00350551951670, 1.61094618630122, 0.00870355567041, 0.00000000000000, 0.01402095981450, 1.52859547920897, 0.00000000000000, 1.53210099872567,19.57288850624957, 0.00000000000000,
   35,   14, 1.72500000000000, 0.67500000000000, 1.61445170581792, 0.00350551951670, 1.61094618630122, 0.00870355567041, 0.00000000000000, 0.01402095981450, 1.52859547920897, 0.00000000000000, 1.53210099872567,19.57288850624957, 0.00000000000000,
   35,   15, 1.72500000000000, 0.72500000000000, 1.61445170581792, 0.00350551951670, 1.61094618630122, 0.00870355567041, 0.00000000000000, 0.01402095981450, 1.52859547920897, 0.00000000000000, 1.53210099872567,19.57288850624957, 0.00000000000000,
   35,   16, 1.72500000000000, 0.77500000000000, 1.61445170581792, 0.00350551951670, 1.61094618630122, 0.00870355567041, 0.00000000000000, 0.01402095981450, 1.52859547920897, 0.00000000000000, 1.53210099872567,19.57288850624957, 0.00000000000000,
   35,   17, 1.72500000000000, 0.82500000000000, 1.61445170581792, 0.00350551951670, 1.61094618630122, 0.00870355567041, 0.00000000000000, 0.01402095981450, 1.52859547920897, 0.00000000000000, 1.53210099872567,19.57288850624957, 0.00000000000000,
   35,   18, 1.72500000000000, 0.87500000000000, 1.61445170581792, 0.00350551951670, 1.61094618630122, 0.00870355567041, 0.00000000000000, 0.01402095981450, 1.52859547920897, 0.00000000000000, 1.53210099872567,19.57288850624957, 0.00000000000000,
   35,   19, 1.72500000000000, 0.92500000000000, 1.61445170581792, 0.00350551951670, 1.61094618630122, 0.00870355567041, 0.00000000000000, 0.01402095981450, 1.52859547920897, 0.00000000000000, 1.53210099872567,19.57288850624957, 0.00000000000000,
   35,   20, 1.72500000000000, 0.97500000000000, 1.61445170581792, 0.00350551951670, 1.61094618630122, 0.00870355567041, 0.00000000000000, 0.01402095981450, 1.52859547920897, 0.00000000000000, 1.53210099872567,19.57288850624957, 0.00000000000000,
   35,   21, 1.72500000000000, 1.02500000000000, 1.61445170581792, 0.00350551951670, 1.61094618630122, 0.00870355567041, 0.00000000000000, 0.01402095981450, 1.52859547920897, 0.00000000000000, 1.53210099872567,19.57288850624957, 0.00000000000000,
   35,   22, 1.72500000000000, 1.07500000000000, 1.61445170581792, 0.00350551951670, 1.61094618630122, 0.00870355567041, 0.00000000000000, 0.01402095981450, 1.52859547920897, 0.00000000000000, 1.53210099872567,19.57288850624957, 0.00000000000000,
   35,   23, 1.72500000000000, 1.12500000000000, 1.61445170581792, 0.00350551951670, 1.61094618630122, 0.00870355567041, 0.00000000000000, 0.01402095981450, 1.52859547920897, 0.00000000000000, 1.53210099872567,19.57288850624957, 0.00000000000000,
   35,   24, 1.72500000000000, 1.17500000000000, 1.61445170581792, 0.00350551951670, 1.61094618630122, 0.00870355567041, 0.00000000000000, 0.01402095981450, 1.52859547920897, 0.00000000000000, 1.53210099872567,19.57288850624957, 0.00000000000000,
   35,   25, 1.72500000000000, 1.22500000000000, 1.61445170581792, 0.00350551951670, 1.61094618630122, 0.00870355567041, 0.00000000000000, 0.01402095981450, 1.52859547920897, 0.00000000000000, 1.53210099872567,19.57288850624957, 0.00000000000000,
   35,   26, 1.72500000000000, 1.27500000000000, 1.61445170581792, 0.00350551951670, 1.61094618630122, 0.00870355567041, 0.00000000000000, 0.01402095981450, 1.52859547920897, 0.00000000000000, 1.53210099872567,19.57288850624957, 0.00000000000000,
   35,   27, 1.72500000000000, 1.32500000000000, 1.61445170581792, 0.00350551951670, 1.61094618630122, 0.00870355567041, 0.00000000000000, 0.01402095981450, 1.52859547920897, 0.00000000000000, 1.53210099872567,19.57288850624957, 0.00000000000000,
   35,   28, 1.72500000000000, 1.37500000000000, 1.61445170581792, 0.00350551951670, 1.61094618630122, 0.00870355567041, 0.00000000000000, 0.01402095981450, 1.52859547920897, 0.00000000000000, 1.53210099872567,19.57288850624957, 0.00000000000000,
   35,   29, 1.72500000000000, 1.42500000000000, 1.61445170581792, 0.00350551951670, 1.61094618630122, 0.00870355567041, 0.00000000000000, 0.01402095981450, 1.52859547920897, 0.00000000000000, 1.53210099872567,19.57288850624957, 0.00000000000000,
   35,   30, 1.72500000000000, 1.47500000000000, 1.61445170581792, 0.00350551951670, 1.61094618630122, 0.00870355567041, 0.00000000000000, 0.01402095981450, 1.52859547920897, 0.00000000000000, 1.53210099872567,19.57288850624957, 0.00000000000000,
   35,   31, 1.72500000000000, 1.52500000000000, 1.61445170581792, 0.00350551951670, 1.61094618630122, 0.00870355567041, 0.00000000000000, 0.01402095981450, 1.52859547920897, 0.00000000000000, 1.53210099872567,19.57288850624957, 0.00000000000000,
   35,   32, 1.72500000000000, 1.57500000000000, 1.61445170581792, 0.00350551951670, 1.61094618630122, 0.00870355567041, 0.00000000000000, 0.01402095981450, 1.52859547920897, 0.00000000000000, 1.53210099872567,19.57288850624957, 0.00000000000000,
   35,   33, 1.72500000000000, 1.62500000000000, 1.61445170581792, 0.00350551951670, 1.61094618630122, 0.00870355567041, 0.00000000000000, 0.01402095981450, 1.52859547920897, 0.00000000000000, 1.53210099872567,19.57288850624957, 0.00000000000000,
   35,   34, 1.72500000000000, 1.67500000000000, 1.61445170581792, 0.00350551951670, 1.61094618630122, 0.00870355567041, 0.00000000000000, 0.01402095981450, 1.52859547920897, 0.00000000000000, 1.53210099872567,19.57288850624957, 0.00000000000000,
   35,   35, 1.72500000000000, 1.72500000000000, 1.61445170581792, 0.00350551951670, 1.61094618630122, 0.00870355567041, 0.00000000000000, 0.01402095981450, 1.52859547920897, 0.00000000000000, 1.53210099872567,19.57288850624957, 0.00000000000000,
   35,   36, 1.72500000000000, 1.77500000000000, 1.61445170581792, 0.00350551951670, 1.61094618630122, 0.00870355567041, 0.00000000000000, 0.01402095981450, 1.52859547920897, 0.00000000000000, 1.53210099872567,19.57288850624957, 0.00000000000000,
   35,   37, 1.72500000000000, 1.82500000000000, 1.61445170581792, 0.00350551951670, 1.61094618630122, 0.00870355567041, 0.00000000000000, 0.01402095981450, 1.52859547920897, 0.00000000000000, 1.53210099872567,19.57288850624957, 0.00000000000000,
   35,   38, 1.72500000000000, 1.87500000000000, 1.61445170581792, 0.00350551951670, 1.61094618630122, 0.00870355567041, 0.00000000000000, 0.01402095981450, 1.52859547920897, 0.00000000000000, 1.53210099872567,19.57288850624957, 0.00000000000000,
   35,   39, 1.72500000000000, 1.92500000000000, 1.61445170581792, 0.00350551951670, 1.61094618630122, 0.00870355567041, 0.00000000000000, 0.01402095981450, 1.52859547920897, 0.00000000000000, 1.53210099872567,19.57288850624957, 0.00000000000000,
   35,   40, 1.72500000000000, 1.97500000000000, 1.61445170581792, 0.00350551951670, 1.61094618630122, 0.00870355567041, 0.00000000000000, 0.01402095981450, 1.52859547920897, 0.00000000000000, 1.53210099872567,19.57288850624957, 0.00000000000000,
   36,    1, 1.77500000000000, 0.02500000000000, 1.68219653161639, 0.00239594034400, 1.67980059127239, 0.00834692870812,-0.00000000000000, 0.01402117577922, 1.60814316513835, 0.00000000000000, 1.61053910548235,24.16862622384268, 0.00000000000000,
   36,    2, 1.77500000000000, 0.07500000000000, 1.68219653161639, 0.00239594034400, 1.67980059127239, 0.00834692870812,-0.00000000000000, 0.01402117577922, 1.60814316513835, 0.00000000000000, 1.61053910548235,24.16862622384268, 0.00000000000000,
   36,    3, 1.77500000000000, 0.12500000000000, 1.68219653161639, 0.00239594034400, 1.67980059127239, 0.00834692870812,-0.00000000000000, 0.01402117577922, 1.60814316513835, 0.00000000000000, 1.61053910548235,24.16862622384268, 0.00000000000000,
   36,    4, 1.77500000000000, 0.17500000000000, 1.68219653161639, 0.00239594034400, 1.67980059127239, 0.00834692870812,-0.00000000000000, 0.01402117577922, 1.60814316513835, 0.00000000000000, 1.61053910548235,24.16862622384268, 0.00000000000000,
   36,    5, 1.77500000000000, 0.22500000000000, 1.68219653161639, 0.00239594034400, 1.67980059127239, 0.00834692870812,-0.00000000000000, 0.01402117577922, 1.60814316513835, 0.00000000000000, 1.61053910548235,24.16862622384268, 0.00000000000000,
   36,    6, 1.77500000000000, 0.27500000000000, 1.68219653161639, 0.00239594034400, 1.67980059127239, 0.00834692870812,-0.00000000000000, 0.01402117577922, 1.60814316513835, 0.00000000000000, 1.61053910548235,24.16862622384268, 0.00000000000000,
   36,    7, 1.77500000000000, 0.32500000000000, 1.68219653161639, 0.00239594034400, 1.67980059127239, 0.00834692870812,-0.00000000000000, 0.01402117577922, 1.60814316513835, 0.00000000000000, 1.61053910548235,24.16862622384268, 0.00000000000000,
   36,    8, 1.77500000000000, 0.37500000000000, 1.68219653161639, 0.00239594034400, 1.67980059127239, 0.00834692870812,-0.00000000000000, 0.01402117577922, 1.60814316513835, 0.00000000000000, 1.61053910548235,24.16862622384268, 0.00000000000000,
   36,    9, 1.77500000000000, 0.42500000000000, 1.68219653161639, 0.00239594034400, 1.67980059127239, 0.00834692870812,-0.00000000000000, 0.01402117577922, 1.60814316513835, 0.00000000000000, 1.61053910548235,24.16862622384268, 0.00000000000000,
   36,   10, 1.77500000000000, 0.47500000000000, 1.68219653161639, 0.00239594034400, 1.67980059127239, 0.00834692870812,-0.00000000000000, 0.01402117577922, 1.60814316513835, 0.00000000000000, 1.61053910548235,24.16862622384268, 0.00000000000000,
   36,   11, 1.77500000000000, 0.52500000000000, 1.68219653161639, 0.00239594034400, 1.67980059127239, 0.00834692870812,-0.00000000000000, 0.01402117577922, 1.60814316513835, 0.00000000000000, 1.61053910548235,24.16862622384268, 0.00000000000000,
   36,   12, 1.77500000000000, 0.57500000000000, 1.68219653161639, 0.00239594034400, 1.67980059127239, 0.00834692870812,-0.00000000000000, 0.01402117577922, 1.60814316513835, 0.00000000000000, 1.61053910548235,24.16862622384268, 0.00000000000000,
   36,   13, 1.77500000000000, 0.62500000000000, 1.68219653161639, 0.00239594034400, 1.67980059127239, 0.00834692870812,-0.00000000000000, 0.01402117577922, 1.60814316513835, 0.00000000000000, 1.61053910548235,24.16862622384268, 0.00000000000000,
   36,   14, 1.77500000000000, 0.67500000000000, 1.68219653161639, 0.00239594034400, 1.67980059127239, 0.00834692870812,-0.00000000000000, 0.01402117577922, 1.60814316513835, 0.00000000000000, 1.61053910548235,24.16862622384268, 0.00000000000000,
   36,   15, 1.77500000000000, 0.72500000000000, 1.68219653161639, 0.00239594034400, 1.67980059127239, 0.00834692870812,-0.00000000000000, 0.01402117577922, 1.60814316513835, 0.00000000000000, 1.61053910548235,24.16862622384268, 0.00000000000000,
   36,   16, 1.77500000000000, 0.77500000000000, 1.68219653161639, 0.00239594034400, 1.67980059127239, 0.00834692870812,-0.00000000000000, 0.01402117577922, 1.60814316513835, 0.00000000000000, 1.61053910548235,24.16862622384268, 0.00000000000000,
   36,   17, 1.77500000000000, 0.82500000000000, 1.68219653161639, 0.00239594034400, 1.67980059127239, 0.00834692870812,-0.00000000000000, 0.01402117577922, 1.60814316513835, 0.00000000000000, 1.61053910548235,24.16862622384268, 0.00000000000000,
   36,   18, 1.77500000000000, 0.87500000000000, 1.68219653161639, 0.00239594034400, 1.67980059127239, 0.00834692870812,-0.00000000000000, 0.01402117577922, 1.60814316513835, 0.00000000000000, 1.61053910548235,24.16862622384268, 0.00000000000000,
   36,   19, 1.77500000000000, 0.92500000000000, 1.68219653161639, 0.00239594034400, 1.67980059127239, 0.00834692870812,-0.00000000000000, 0.01402117577922, 1.60814316513835, 0.00000000000000, 1.61053910548235,24.16862622384268, 0.00000000000000,
   36,   20, 1.77500000000000, 0.97500000000000, 1.68219653161639, 0.00239594034400, 1.67980059127239, 0.00834692870812,-0.00000000000000, 0.01402117577922, 1.60814316513835, 0.00000000000000, 1.61053910548235,24.16862622384268, 0.00000000000000,
   36,   21, 1.77500000000000, 1.02500000000000, 1.68219653161639, 0.00239594034400, 1.67980059127239, 0.00834692870812,-0.00000000000000, 0.01402117577922, 1.60814316513835, 0.00000000000000, 1.61053910548235,24.16862622384268, 0.00000000000000,
   36,   22, 1.77500000000000, 1.07500000000000, 1.68219653161639, 0.00239594034400, 1.67980059127239, 0.00834692870812,-0.00000000000000, 0.01402117577922, 1.60814316513835, 0.00000000000000, 1.61053910548235,24.16862622384268, 0.00000000000000,
   36,   23, 1.77500000000000, 1.12500000000000, 1.68219653161639, 0.00239594034400, 1.67980059127239, 0.00834692870812,-0.00000000000000, 0.01402117577922, 1.60814316513835, 0.00000000000000, 1.61053910548235,24.16862622384268, 0.00000000000000,
   36,   24, 1.77500000000000, 1.17500000000000, 1.68219653161639, 0.00239594034400, 1.67980059127239, 0.00834692870812,-0.00000000000000, 0.01402117577922, 1.60814316513835, 0.00000000000000, 1.61053910548235,24.16862622384268, 0.00000000000000,
   36,   25, 1.77500000000000, 1.22500000000000, 1.68219653161639, 0.00239594034400, 1.67980059127239, 0.00834692870812,-0.00000000000000, 0.01402117577922, 1.60814316513835, 0.00000000000000, 1.61053910548235,24.16862622384268, 0.00000000000000,
   36,   26, 1.77500000000000, 1.27500000000000, 1.68219653161639, 0.00239594034400, 1.67980059127239, 0.00834692870812,-0.00000000000000, 0.01402117577922, 1.60814316513835, 0.00000000000000, 1.61053910548235,24.16862622384268, 0.00000000000000,
   36,   27, 1.77500000000000, 1.32500000000000, 1.68219653161639, 0.00239594034400, 1.67980059127239, 0.00834692870812,-0.00000000000000, 0.01402117577922, 1.60814316513835, 0.00000000000000, 1.61053910548235,24.16862622384268, 0.00000000000000,
   36,   28, 1.77500000000000, 1.37500000000000, 1.68219653161639, 0.00239594034400, 1.67980059127239, 0.00834692870812,-0.00000000000000, 0.01402117577922, 1.60814316513835, 0.00000000000000, 1.61053910548235,24.16862622384268, 0.00000000000000,
   36,   29, 1.77500000000000, 1.42500000000000, 1.68219653161639, 0.00239594034400, 1.67980059127239, 0.00834692870812,-0.00000000000000, 0.01402117577922, 1.60814316513835, 0.00000000000000, 1.61053910548235,24.16862622384268, 0.00000000000000,
   36,   30, 1.77500000000000, 1.47500000000000, 1.68219653161639, 0.00239594034400, 1.67980059127239, 0.00834692870812,-0.00000000000000, 0.01402117577922, 1.60814316513835, 0.00000000000000, 1.61053910548235,24.16862622384268, 0.00000000000000,
   36,   31, 1.77500000000000, 1.52500000000000, 1.68219653161639, 0.00239594034400, 1.67980059127239, 0.00834692870812,-0.00000000000000, 0.01402117577922, 1.60814316513835, 0.00000000000000, 1.61053910548235,24.16862622384268, 0.00000000000000,
   36,   32, 1.77500000000000, 1.57500000000000, 1.68219653161639, 0.00239594034400, 1.67980059127239, 0.00834692870812,-0.00000000000000, 0.01402117577922, 1.60814316513835, 0.00000000000000, 1.61053910548235,24.16862622384268, 0.00000000000000,
   36,   33, 1.77500000000000, 1.62500000000000, 1.68219653161639, 0.00239594034400, 1.67980059127239, 0.00834692870812,-0.00000000000000, 0.01402117577922, 1.60814316513835, 0.00000000000000, 1.61053910548235,24.16862622384268, 0.00000000000000,
   36,   34, 1.77500000000000, 1.67500000000000, 1.68219653161639, 0.00239594034400, 1.67980059127239, 0.00834692870812,-0.00000000000000, 0.01402117577922, 1.60814316513835, 0.00000000000000, 1.61053910548235,24.16862622384268, 0.00000000000000,
   36,   35, 1.77500000000000, 1.72500000000000, 1.68219653161639, 0.00239594034400, 1.67980059127239, 0.00834692870812,-0.00000000000000, 0.01402117577922, 1.60814316513835, 0.00000000000000, 1.61053910548235,24.16862622384268, 0.00000000000000,
   36,   36, 1.77500000000000, 1.77500000000000, 1.68219653161639, 0.00239594034400, 1.67980059127239, 0.00834692870812,-0.00000000000000, 0.01402117577922, 1.60814316513835, 0.00000000000000, 1.61053910548235,24.16862622384268, 0.00000000000000,
   36,   37, 1.77500000000000, 1.82500000000000, 1.68219653161639, 0.00239594034400, 1.67980059127239, 0.00834692870812,-0.00000000000000, 0.01402117577922, 1.60814316513835, 0.00000000000000, 1.61053910548235,24.16862622384268, 0.00000000000000,
   36,   38, 1.77500000000000, 1.87500000000000, 1.68219653161639, 0.00239594034400, 1.67980059127239, 0.00834692870812,-0.00000000000000, 0.01402117577922, 1.60814316513835, 0.00000000000000, 1.61053910548235,24.16862622384268, 0.00000000000000,
   36,   39, 1.77500000000000, 1.92500000000000, 1.68219653161639, 0.00239594034400, 1.67980059127239, 0.00834692870812,-0.00000000000000, 0.01402117577922, 1.60814316513835, 0.00000000000000, 1.61053910548235,24.16862622384268, 0.00000000000000,
   36,   40, 1.77500000000000, 1.97500000000000, 1.68219653161639, 0.00239594034400, 1.67980059127239, 0.00834692870812,-0.00000000000000, 0.01402117577922, 1.60814316513835, 0.00000000000000, 1.61053910548235,24.16862622384268, 0.00000000000000,
   37,    1, 1.82500000000000, 0.02500000000000, 1.76055408188131, 0.00147359835646, 1.75908048352485, 0.00797109898013, 0.00000000000000, 0.01402180464819, 1.69733966684030, 0.00000000000000, 1.69881326519676,28.66854033038068, 0.00000000000000,
   37,    2, 1.82500000000000, 0.07500000000000, 1.76055408188131, 0.00147359835646, 1.75908048352485, 0.00797109898013, 0.00000000000000, 0.01402180464819, 1.69733966684030, 0.00000000000000, 1.69881326519676,28.66854033038068, 0.00000000000000,
   37,    3, 1.82500000000000, 0.12500000000000, 1.76055408188131, 0.00147359835646, 1.75908048352485, 0.00797109898013, 0.00000000000000, 0.01402180464819, 1.69733966684030, 0.00000000000000, 1.69881326519676,28.66854033038068, 0.00000000000000,
   37,    4, 1.82500000000000, 0.17500000000000, 1.76055408188131, 0.00147359835646, 1.75908048352485, 0.00797109898013, 0.00000000000000, 0.01402180464819, 1.69733966684030, 0.00000000000000, 1.69881326519676,28.66854033038068, 0.00000000000000,
   37,    5, 1.82500000000000, 0.22500000000000, 1.76055408188131, 0.00147359835646, 1.75908048352485, 0.00797109898013, 0.00000000000000, 0.01402180464819, 1.69733966684030, 0.00000000000000, 1.69881326519676,28.66854033038068, 0.00000000000000,
   37,    6, 1.82500000000000, 0.27500000000000, 1.76055408188131, 0.00147359835646, 1.75908048352485, 0.00797109898013, 0.00000000000000, 0.01402180464819, 1.69733966684030, 0.00000000000000, 1.69881326519676,28.66854033038068, 0.00000000000000,
   37,    7, 1.82500000000000, 0.32500000000000, 1.76055408188131, 0.00147359835646, 1.75908048352485, 0.00797109898013, 0.00000000000000, 0.01402180464819, 1.69733966684030, 0.00000000000000, 1.69881326519676,28.66854033038068, 0.00000000000000,
   37,    8, 1.82500000000000, 0.37500000000000, 1.76055408188131, 0.00147359835646, 1.75908048352485, 0.00797109898013, 0.00000000000000, 0.01402180464819, 1.69733966684030, 0.00000000000000, 1.69881326519676,28.66854033038068, 0.00000000000000,
   37,    9, 1.82500000000000, 0.42500000000000, 1.76055408188131, 0.00147359835646, 1.75908048352485, 0.00797109898013, 0.00000000000000, 0.01402180464819, 1.69733966684030, 0.00000000000000, 1.69881326519676,28.66854033038068, 0.00000000000000,
   37,   10, 1.82500000000000, 0.47500000000000, 1.76055408188131, 0.00147359835646, 1.75908048352485, 0.00797109898013, 0.00000000000000, 0.01402180464819, 1.69733966684030, 0.00000000000000, 1.69881326519676,28.66854033038068, 0.00000000000000,
   37,   11, 1.82500000000000, 0.52500000000000, 1.76055408188131, 0.00147359835646, 1.75908048352485, 0.00797109898013, 0.00000000000000, 0.01402180464819, 1.69733966684030, 0.00000000000000, 1.69881326519676,28.66854033038068, 0.00000000000000,
   37,   12, 1.82500000000000, 0.57500000000000, 1.76055408188131, 0.00147359835646, 1.75908048352485, 0.00797109898013, 0.00000000000000, 0.01402180464819, 1.69733966684030, 0.00000000000000, 1.69881326519676,28.66854033038068, 0.00000000000000,
   37,   13, 1.82500000000000, 0.62500000000000, 1.76055408188131, 0.00147359835646, 1.75908048352485, 0.00797109898013, 0.00000000000000, 0.01402180464819, 1.69733966684030, 0.00000000000000, 1.69881326519676,28.66854033038068, 0.00000000000000,
   37,   14, 1.82500000000000, 0.67500000000000, 1.76055408188131, 0.00147359835646, 1.75908048352485, 0.00797109898013, 0.00000000000000, 0.01402180464819, 1.69733966684030, 0.00000000000000, 1.69881326519676,28.66854033038068, 0.00000000000000,
   37,   15, 1.82500000000000, 0.72500000000000, 1.76055408188131, 0.00147359835646, 1.75908048352485, 0.00797109898013, 0.00000000000000, 0.01402180464819, 1.69733966684030, 0.00000000000000, 1.69881326519676,28.66854033038068, 0.00000000000000,
   37,   16, 1.82500000000000, 0.77500000000000, 1.76055408188131, 0.00147359835646, 1.75908048352485, 0.00797109898013, 0.00000000000000, 0.01402180464819, 1.69733966684030, 0.00000000000000, 1.69881326519676,28.66854033038068, 0.00000000000000,
   37,   17, 1.82500000000000, 0.82500000000000, 1.76055408188131, 0.00147359835646, 1.75908048352485, 0.00797109898013, 0.00000000000000, 0.01402180464819, 1.69733966684030, 0.00000000000000, 1.69881326519676,28.66854033038068, 0.00000000000000,
   37,   18, 1.82500000000000, 0.87500000000000, 1.76055408188131, 0.00147359835646, 1.75908048352485, 0.00797109898013, 0.00000000000000, 0.01402180464819, 1.69733966684030, 0.00000000000000, 1.69881326519676,28.66854033038068, 0.00000000000000,
   37,   19, 1.82500000000000, 0.92500000000000, 1.76055408188131, 0.00147359835646, 1.75908048352485, 0.00797109898013, 0.00000000000000, 0.01402180464819, 1.69733966684030, 0.00000000000000, 1.69881326519676,28.66854033038068, 0.00000000000000,
   37,   20, 1.82500000000000, 0.97500000000000, 1.76055408188131, 0.00147359835646, 1.75908048352485, 0.00797109898013, 0.00000000000000, 0.01402180464819, 1.69733966684030, 0.00000000000000, 1.69881326519676,28.66854033038068, 0.00000000000000,
   37,   21, 1.82500000000000, 1.02500000000000, 1.76055408188131, 0.00147359835646, 1.75908048352485, 0.00797109898013, 0.00000000000000, 0.01402180464819, 1.69733966684030, 0.00000000000000, 1.69881326519676,28.66854033038068, 0.00000000000000,
   37,   22, 1.82500000000000, 1.07500000000000, 1.76055408188131, 0.00147359835646, 1.75908048352485, 0.00797109898013, 0.00000000000000, 0.01402180464819, 1.69733966684030, 0.00000000000000, 1.69881326519676,28.66854033038068, 0.00000000000000,
   37,   23, 1.82500000000000, 1.12500000000000, 1.76055408188131, 0.00147359835646, 1.75908048352485, 0.00797109898013, 0.00000000000000, 0.01402180464819, 1.69733966684030, 0.00000000000000, 1.69881326519676,28.66854033038068, 0.00000000000000,
   37,   24, 1.82500000000000, 1.17500000000000, 1.76055408188131, 0.00147359835646, 1.75908048352485, 0.00797109898013, 0.00000000000000, 0.01402180464819, 1.69733966684030, 0.00000000000000, 1.69881326519676,28.66854033038068, 0.00000000000000,
   37,   25, 1.82500000000000, 1.22500000000000, 1.76055408188131, 0.00147359835646, 1.75908048352485, 0.00797109898013, 0.00000000000000, 0.01402180464819, 1.69733966684030, 0.00000000000000, 1.69881326519676,28.66854033038068, 0.00000000000000,
   37,   26, 1.82500000000000, 1.27500000000000, 1.76055408188131, 0.00147359835646, 1.75908048352485, 0.00797109898013, 0.00000000000000, 0.01402180464819, 1.69733966684030, 0.00000000000000, 1.69881326519676,28.66854033038068, 0.00000000000000,
   37,   27, 1.82500000000000, 1.32500000000000, 1.76055408188131, 0.00147359835646, 1.75908048352485, 0.00797109898013, 0.00000000000000, 0.01402180464819, 1.69733966684030, 0.00000000000000, 1.69881326519676,28.66854033038068, 0.00000000000000,
   37,   28, 1.82500000000000, 1.37500000000000, 1.76055408188131, 0.00147359835646, 1.75908048352485, 0.00797109898013, 0.00000000000000, 0.01402180464819, 1.69733966684030, 0.00000000000000, 1.69881326519676,28.66854033038068, 0.00000000000000,
   37,   29, 1.82500000000000, 1.42500000000000, 1.76055408188131, 0.00147359835646, 1.75908048352485, 0.00797109898013, 0.00000000000000, 0.01402180464819, 1.69733966684030, 0.00000000000000, 1.69881326519676,28.66854033038068, 0.00000000000000,
   37,   30, 1.82500000000000, 1.47500000000000, 1.76055408188131, 0.00147359835646, 1.75908048352485, 0.00797109898013, 0.00000000000000, 0.01402180464819, 1.69733966684030, 0.00000000000000, 1.69881326519676,28.66854033038068, 0.00000000000000,
   37,   31, 1.82500000000000, 1.52500000000000, 1.76055408188131, 0.00147359835646, 1.75908048352485, 0.00797109898013, 0.00000000000000, 0.01402180464819, 1.69733966684030, 0.00000000000000, 1.69881326519676,28.66854033038068, 0.00000000000000,
   37,   32, 1.82500000000000, 1.57500000000000, 1.76055408188131, 0.00147359835646, 1.75908048352485, 0.00797109898013, 0.00000000000000, 0.01402180464819, 1.69733966684030, 0.00000000000000, 1.69881326519676,28.66854033038068, 0.00000000000000,
   37,   33, 1.82500000000000, 1.62500000000000, 1.76055408188131, 0.00147359835646, 1.75908048352485, 0.00797109898013, 0.00000000000000, 0.01402180464819, 1.69733966684030, 0.00000000000000, 1.69881326519676,28.66854033038068, 0.00000000000000,
   37,   34, 1.82500000000000, 1.67500000000000, 1.76055408188131, 0.00147359835646, 1.75908048352485, 0.00797109898013, 0.00000000000000, 0.01402180464819, 1.69733966684030, 0.00000000000000, 1.69881326519676,28.66854033038068, 0.00000000000000,
   37,   35, 1.82500000000000, 1.72500000000000, 1.76055408188131, 0.00147359835646, 1.75908048352485, 0.00797109898013, 0.00000000000000, 0.01402180464819, 1.69733966684030, 0.00000000000000, 1.69881326519676,28.66854033038068, 0.00000000000000,
   37,   36, 1.82500000000000, 1.77500000000000, 1.76055408188131, 0.00147359835646, 1.75908048352485, 0.00797109898013, 0.00000000000000, 0.01402180464819, 1.69733966684030, 0.00000000000000, 1.69881326519676,28.66854033038068, 0.00000000000000,
   37,   37, 1.82500000000000, 1.82500000000000, 1.76055408188131, 0.00147359835646, 1.75908048352485, 0.00797109898013, 0.00000000000000, 0.01402180464819, 1.69733966684030, 0.00000000000000, 1.69881326519676,28.66854033038068, 0.00000000000000,
   37,   38, 1.82500000000000, 1.87500000000000, 1.76055408188131, 0.00147359835646, 1.75908048352485, 0.00797109898013, 0.00000000000000, 0.01402180464819, 1.69733966684030, 0.00000000000000, 1.69881326519676,28.66854033038068, 0.00000000000000,
   37,   39, 1.82500000000000, 1.92500000000000, 1.76055408188131, 0.00147359835646, 1.75908048352485, 0.00797109898013, 0.00000000000000, 0.01402180464819, 1.69733966684030, 0.00000000000000, 1.69881326519676,28.66854033038068, 0.00000000000000,
   37,   40, 1.82500000000000, 1.97500000000000, 1.76055408188131, 0.00147359835646, 1.75908048352485, 0.00797109898013, 0.00000000000000, 0.01402180464819, 1.69733966684030, 0.00000000000000, 1.69881326519676,28.66854033038068, 0.00000000000000,
   38,    1, 1.87500000000000, 0.02500000000000, 1.84770569873389, 0.00076120467489, 1.84694449405901, 0.00759241046216, 0.00000000000000, 0.01402276069972, 1.79398867041670, 0.00000000000000, 1.79474987509159,32.91555658186057, 0.00000000000000,
   38,    2, 1.87500000000000, 0.07500000000000, 1.84770569873389, 0.00076120467489, 1.84694449405901, 0.00759241046216, 0.00000000000000, 0.01402276069972, 1.79398867041670, 0.00000000000000, 1.79474987509159,32.91555658186057, 0.00000000000000,
   38,    3, 1.87500000000000, 0.12500000000000, 1.84770569873389, 0.00076120467489, 1.84694449405901, 0.00759241046216, 0.00000000000000, 0.01402276069972, 1.79398867041670, 0.00000000000000, 1.79474987509159,32.91555658186057, 0.00000000000000,
   38,    4, 1.87500000000000, 0.17500000000000, 1.84770569873389, 0.00076120467489, 1.84694449405901, 0.00759241046216, 0.00000000000000, 0.01402276069972, 1.79398867041670, 0.00000000000000, 1.79474987509159,32.91555658186057, 0.00000000000000,
   38,    5, 1.87500000000000, 0.22500000000000, 1.84770569873389, 0.00076120467489, 1.84694449405901, 0.00759241046216, 0.00000000000000, 0.01402276069972, 1.79398867041670, 0.00000000000000, 1.79474987509159,32.91555658186057, 0.00000000000000,
   38,    6, 1.87500000000000, 0.27500000000000, 1.84770569873389, 0.00076120467489, 1.84694449405901, 0.00759241046216, 0.00000000000000, 0.01402276069972, 1.79398867041670, 0.00000000000000, 1.79474987509159,32.91555658186057, 0.00000000000000,
   38,    7, 1.87500000000000, 0.32500000000000, 1.84770569873389, 0.00076120467489, 1.84694449405901, 0.00759241046216, 0.00000000000000, 0.01402276069972, 1.79398867041670, 0.00000000000000, 1.79474987509159,32.91555658186057, 0.00000000000000,
   38,    8, 1.87500000000000, 0.37500000000000, 1.84770569873389, 0.00076120467489, 1.84694449405901, 0.00759241046216, 0.00000000000000, 0.01402276069972, 1.79398867041670, 0.00000000000000, 1.79474987509159,32.91555658186057, 0.00000000000000,
   38,    9, 1.87500000000000, 0.42500000000000, 1.84770569873389, 0.00076120467489, 1.84694449405901, 0.00759241046216, 0.00000000000000, 0.01402276069972, 1.79398867041670, 0.00000000000000, 1.79474987509159,32.91555658186057, 0.00000000000000,
   38,   10, 1.87500000000000, 0.47500000000000, 1.84770569873389, 0.00076120467489, 1.84694449405901, 0.00759241046216, 0.00000000000000, 0.01402276069972, 1.79398867041670, 0.00000000000000, 1.79474987509159,32.91555658186057, 0.00000000000000,
   38,   11, 1.87500000000000, 0.52500000000000, 1.84770569873389, 0.00076120467489, 1.84694449405901, 0.00759241046216, 0.00000000000000, 0.01402276069972, 1.79398867041670, 0.00000000000000, 1.79474987509159,32.91555658186057, 0.00000000000000,
   38,   12, 1.87500000000000, 0.57500000000000, 1.84770569873389, 0.00076120467489, 1.84694449405901, 0.00759241046216, 0.00000000000000, 0.01402276069972, 1.79398867041670, 0.00000000000000, 1.79474987509159,32.91555658186057, 0.00000000000000,
   38,   13, 1.87500000000000, 0.62500000000000, 1.84770569873389, 0.00076120467489, 1.84694449405901, 0.00759241046216, 0.00000000000000, 0.01402276069972, 1.79398867041670, 0.00000000000000, 1.79474987509159,32.91555658186057, 0.00000000000000,
   38,   14, 1.87500000000000, 0.67500000000000, 1.84770569873389, 0.00076120467489, 1.84694449405901, 0.00759241046216, 0.00000000000000, 0.01402276069972, 1.79398867041670, 0.00000000000000, 1.79474987509159,32.91555658186057, 0.00000000000000,
   38,   15, 1.87500000000000, 0.72500000000000, 1.84770569873389, 0.00076120467489, 1.84694449405901, 0.00759241046216, 0.00000000000000, 0.01402276069972, 1.79398867041670, 0.00000000000000, 1.79474987509159,32.91555658186057, 0.00000000000000,
   38,   16, 1.87500000000000, 0.77500000000000, 1.84770569873389, 0.00076120467489, 1.84694449405901, 0.00759241046216, 0.00000000000000, 0.01402276069972, 1.79398867041670, 0.00000000000000, 1.79474987509159,32.91555658186057, 0.00000000000000,
   38,   17, 1.87500000000000, 0.82500000000000, 1.84770569873389, 0.00076120467489, 1.84694449405901, 0.00759241046216, 0.00000000000000, 0.01402276069972, 1.79398867041670, 0.00000000000000, 1.79474987509159,32.91555658186057, 0.00000000000000,
   38,   18, 1.87500000000000, 0.87500000000000, 1.84770569873389, 0.00076120467489, 1.84694449405901, 0.00759241046216, 0.00000000000000, 0.01402276069972, 1.79398867041670, 0.00000000000000, 1.79474987509159,32.91555658186057, 0.00000000000000,
   38,   19, 1.87500000000000, 0.92500000000000, 1.84770569873389, 0.00076120467489, 1.84694449405901, 0.00759241046216, 0.00000000000000, 0.01402276069972, 1.79398867041670, 0.00000000000000, 1.79474987509159,32.91555658186057, 0.00000000000000,
   38,   20, 1.87500000000000, 0.97500000000000, 1.84770569873389, 0.00076120467489, 1.84694449405901, 0.00759241046216, 0.00000000000000, 0.01402276069972, 1.79398867041670, 0.00000000000000, 1.79474987509159,32.91555658186057, 0.00000000000000,
   38,   21, 1.87500000000000, 1.02500000000000, 1.84770569873389, 0.00076120467489, 1.84694449405901, 0.00759241046216, 0.00000000000000, 0.01402276069972, 1.79398867041670, 0.00000000000000, 1.79474987509159,32.91555658186057, 0.00000000000000,
   38,   22, 1.87500000000000, 1.07500000000000, 1.84770569873389, 0.00076120467489, 1.84694449405901, 0.00759241046216, 0.00000000000000, 0.01402276069972, 1.79398867041670, 0.00000000000000, 1.79474987509159,32.91555658186057, 0.00000000000000,
   38,   23, 1.87500000000000, 1.12500000000000, 1.84770569873389, 0.00076120467489, 1.84694449405901, 0.00759241046216, 0.00000000000000, 0.01402276069972, 1.79398867041670, 0.00000000000000, 1.79474987509159,32.91555658186057, 0.00000000000000,
   38,   24, 1.87500000000000, 1.17500000000000, 1.84770569873389, 0.00076120467489, 1.84694449405901, 0.00759241046216, 0.00000000000000, 0.01402276069972, 1.79398867041670, 0.00000000000000, 1.79474987509159,32.91555658186057, 0.00000000000000,
   38,   25, 1.87500000000000, 1.22500000000000, 1.84770569873389, 0.00076120467489, 1.84694449405901, 0.00759241046216, 0.00000000000000, 0.01402276069972, 1.79398867041670, 0.00000000000000, 1.79474987509159,32.91555658186057, 0.00000000000000,
   38,   26, 1.87500000000000, 1.27500000000000, 1.84770569873389, 0.00076120467489, 1.84694449405901, 0.00759241046216, 0.00000000000000, 0.01402276069972, 1.79398867041670, 0.00000000000000, 1.79474987509159,32.91555658186057, 0.00000000000000,
   38,   27, 1.87500000000000, 1.32500000000000, 1.84770569873389, 0.00076120467489, 1.84694449405901, 0.00759241046216, 0.00000000000000, 0.01402276069972, 1.79398867041670, 0.00000000000000, 1.79474987509159,32.91555658186057, 0.00000000000000,
   38,   28, 1.87500000000000, 1.37500000000000, 1.84770569873389, 0.00076120467489, 1.84694449405901, 0.00759241046216, 0.00000000000000, 0.01402276069972, 1.79398867041670, 0.00000000000000, 1.79474987509159,32.91555658186057, 0.00000000000000,
   38,   29, 1.87500000000000, 1.42500000000000, 1.84770569873389, 0.00076120467489, 1.84694449405901, 0.00759241046216, 0.00000000000000, 0.01402276069972, 1.79398867041670, 0.00000000000000, 1.79474987509159,32.91555658186057, 0.00000000000000,
   38,   30, 1.87500000000000, 1.47500000000000, 1.84770569873389, 0.00076120467489, 1.84694449405901, 0.00759241046216, 0.00000000000000, 0.01402276069972, 1.79398867041670, 0.00000000000000, 1.79474987509159,32.91555658186057, 0.00000000000000,
   38,   31, 1.87500000000000, 1.52500000000000, 1.84770569873389, 0.00076120467489, 1.84694449405901, 0.00759241046216, 0.00000000000000, 0.01402276069972, 1.79398867041670, 0.00000000000000, 1.79474987509159,32.91555658186057, 0.00000000000000,
   38,   32, 1.87500000000000, 1.57500000000000, 1.84770569873389, 0.00076120467489, 1.84694449405901, 0.00759241046216, 0.00000000000000, 0.01402276069972, 1.79398867041670, 0.00000000000000, 1.79474987509159,32.91555658186057, 0.00000000000000,
   38,   33, 1.87500000000000, 1.62500000000000, 1.84770569873389, 0.00076120467489, 1.84694449405901, 0.00759241046216, 0.00000000000000, 0.01402276069972, 1.79398867041670, 0.00000000000000, 1.79474987509159,32.91555658186057, 0.00000000000000,
   38,   34, 1.87500000000000, 1.67500000000000, 1.84770569873389, 0.00076120467489, 1.84694449405901, 0.00759241046216, 0.00000000000000, 0.01402276069972, 1.79398867041670, 0.00000000000000, 1.79474987509159,32.91555658186057, 0.00000000000000,
   38,   35, 1.87500000000000, 1.72500000000000, 1.84770569873389, 0.00076120467489, 1.84694449405901, 0.00759241046216, 0.00000000000000, 0.01402276069972, 1.79398867041670, 0.00000000000000, 1.79474987509159,32.91555658186057, 0.00000000000000,
   38,   36, 1.87500000000000, 1.77500000000000, 1.84770569873389, 0.00076120467489, 1.84694449405901, 0.00759241046216, 0.00000000000000, 0.01402276069972, 1.79398867041670, 0.00000000000000, 1.79474987509159,32.91555658186057, 0.00000000000000,
   38,   37, 1.87500000000000, 1.82500000000000, 1.84770569873389, 0.00076120467489, 1.84694449405901, 0.00759241046216, 0.00000000000000, 0.01402276069972, 1.79398867041670, 0.00000000000000, 1.79474987509159,32.91555658186057, 0.00000000000000,
   38,   38, 1.87500000000000, 1.87500000000000, 1.84770569873389, 0.00076120467489, 1.84694449405901, 0.00759241046216, 0.00000000000000, 0.01402276069972, 1.79398867041670, 0.00000000000000, 1.79474987509159,32.91555658186057, 0.00000000000000,
   38,   39, 1.87500000000000, 1.92500000000000, 1.84770569873389, 0.00076120467489, 1.84694449405901, 0.00759241046216, 0.00000000000000, 0.01402276069972, 1.79398867041670, 0.00000000000000, 1.79474987509159,32.91555658186057, 0.00000000000000,
   38,   40, 1.87500000000000, 1.97500000000000, 1.84770569873389, 0.00076120467489, 1.84694449405901, 0.00759241046216, 0.00000000000000, 0.01402276069972, 1.79398867041670, 0.00000000000000, 1.79474987509159,32.91555658186057, 0.00000000000000,
   39,    1, 1.92500000000000, 0.02500000000000, 1.94156178812892, 0.00027630079602, 1.94128548733290, 0.00722405754601,-0.00000000000000, 0.01402395807372, 1.89571035663985, 0.00000000000000, 1.89598665743587,36.71473109315184, 0.00000000000000,
   39,    2, 1.92500000000000, 0.07500000000000, 1.94156178812892, 0.00027630079602, 1.94128548733290, 0.00722405754601,-0.00000000000000, 0.01402395807372, 1.89571035663985, 0.00000000000000, 1.89598665743587,36.71473109315184, 0.00000000000000,
   39,    3, 1.92500000000000, 0.12500000000000, 1.94156178812892, 0.00027630079602, 1.94128548733290, 0.00722405754601,-0.00000000000000, 0.01402395807372, 1.89571035663985, 0.00000000000000, 1.89598665743587,36.71473109315184, 0.00000000000000,
   39,    4, 1.92500000000000, 0.17500000000000, 1.94156178812892, 0.00027630079602, 1.94128548733290, 0.00722405754601,-0.00000000000000, 0.01402395807372, 1.89571035663985, 0.00000000000000, 1.89598665743587,36.71473109315184, 0.00000000000000,
   39,    5, 1.92500000000000, 0.22500000000000, 1.94156178812892, 0.00027630079602, 1.94128548733290, 0.00722405754601,-0.00000000000000, 0.01402395807372, 1.89571035663985, 0.00000000000000, 1.89598665743587,36.71473109315184, 0.00000000000000,
   39,    6, 1.92500000000000, 0.27500000000000, 1.94156178812892, 0.00027630079602, 1.94128548733290, 0.00722405754601,-0.00000000000000, 0.01402395807372, 1.89571035663985, 0.00000000000000, 1.89598665743587,36.71473109315184, 0.00000000000000,
   39,    7, 1.92500000000000, 0.32500000000000, 1.94156178812892, 0.00027630079602, 1.94128548733290, 0.00722405754601,-0.00000000000000, 0.01402395807372, 1.89571035663985, 0.00000000000000, 1.89598665743587,36.71473109315184, 0.00000000000000,
   39,    8, 1.92500000000000, 0.37500000000000, 1.94156178812892, 0.00027630079602, 1.94128548733290, 0.00722405754601,-0.00000000000000, 0.01402395807372, 1.89571035663985, 0.00000000000000, 1.89598665743587,36.71473109315184, 0.00000000000000,
   39,    9, 1.92500000000000, 0.42500000000000, 1.94156178812892, 0.00027630079602, 1.94128548733290, 0.00722405754601,-0.00000000000000, 0.01402395807372, 1.89571035663985, 0.00000000000000, 1.89598665743587,36.71473109315184, 0.00000000000000,
   39,   10, 1.92500000000000, 0.47500000000000, 1.94156178812892, 0.00027630079602, 1.94128548733290, 0.00722405754601,-0.00000000000000, 0.01402395807372, 1.89571035663985, 0.00000000000000, 1.89598665743587,36.71473109315184, 0.00000000000000,
   39,   11, 1.92500000000000, 0.52500000000000, 1.94156178812892, 0.00027630079602, 1.94128548733290, 0.00722405754601,-0.00000000000000, 0.01402395807372, 1.89571035663985, 0.00000000000000, 1.89598665743587,36.71473109315184, 0.00000000000000,
   39,   12, 1.92500000000000, 0.57500000000000, 1.94156178812892, 0.00027630079602, 1.94128548733290, 0.00722405754601,-0.00000000000000, 0.01402395807372, 1.89571035663985, 0.00000000000000, 1.89598665743587,36.71473109315184, 0.00000000000000,
   39,   13, 1.92500000000000, 0.62500000000000, 1.94156178812892, 0.00027630079602, 1.94128548733290, 0.00722405754601,-0.00000000000000, 0.01402395807372, 1.89571035663985, 0.00000000000000, 1.89598665743587,36.71473109315184, 0.00000000000000,
   39,   14, 1.92500000000000, 0.67500000000000, 1.94156178812892, 0.00027630079602, 1.94128548733290, 0.00722405754601,-0.00000000000000, 0.01402395807372, 1.89571035663985, 0.00000000000000, 1.89598665743587,36.71473109315184, 0.00000000000000,
   39,   15, 1.92500000000000, 0.72500000000000, 1.94156178812892, 0.00027630079602, 1.94128548733290, 0.00722405754601,-0.00000000000000, 0.01402395807372, 1.89571035663985, 0.00000000000000, 1.89598665743587,36.71473109315184, 0.00000000000000,
   39,   16, 1.92500000000000, 0.77500000000000, 1.94156178812892, 0.00027630079602, 1.94128548733290, 0.00722405754601,-0.00000000000000, 0.01402395807372, 1.89571035663985, 0.00000000000000, 1.89598665743587,36.71473109315184, 0.00000000000000,
   39,   17, 1.92500000000000, 0.82500000000000, 1.94156178812892, 0.00027630079602, 1.94128548733290, 0.00722405754601,-0.00000000000000, 0.01402395807372, 1.89571035663985, 0.00000000000000, 1.89598665743587,36.71473109315184, 0.00000000000000,
   39,   18, 1.92500000000000, 0.87500000000000, 1.94156178812892, 0.00027630079602, 1.94128548733290, 0.00722405754601,-0.00000000000000, 0.01402395807372, 1.89571035663985, 0.00000000000000, 1.89598665743587,36.71473109315184, 0.00000000000000,
   39,   19, 1.92500000000000, 0.92500000000000, 1.94156178812892, 0.00027630079602, 1.94128548733290, 0.00722405754601,-0.00000000000000, 0.01402395807372, 1.89571035663985, 0.00000000000000, 1.89598665743587,36.71473109315184, 0.00000000000000,
   39,   20, 1.92500000000000, 0.97500000000000, 1.94156178812892, 0.00027630079602, 1.94128548733290, 0.00722405754601,-0.00000000000000, 0.01402395807372, 1.89571035663985, 0.00000000000000, 1.89598665743587,36.71473109315184, 0.00000000000000,
   39,   21, 1.92500000000000, 1.02500000000000, 1.94156178812892, 0.00027630079602, 1.94128548733290, 0.00722405754601,-0.00000000000000, 0.01402395807372, 1.89571035663985, 0.00000000000000, 1.89598665743587,36.71473109315184, 0.00000000000000,
   39,   22, 1.92500000000000, 1.07500000000000, 1.94156178812892, 0.00027630079602, 1.94128548733290, 0.00722405754601,-0.00000000000000, 0.01402395807372, 1.89571035663985, 0.00000000000000, 1.89598665743587,36.71473109315184, 0.00000000000000,
   39,   23, 1.92500000000000, 1.12500000000000, 1.94156178812892, 0.00027630079602, 1.94128548733290, 0.00722405754601,-0.00000000000000, 0.01402395807372, 1.89571035663985, 0.00000000000000, 1.89598665743587,36.71473109315184, 0.00000000000000,
   39,   24, 1.92500000000000, 1.17500000000000, 1.94156178812892, 0.00027630079602, 1.94128548733290, 0.00722405754601,-0.00000000000000, 0.01402395807372, 1.89571035663985, 0.00000000000000, 1.89598665743587,36.71473109315184, 0.00000000000000,
   39,   25, 1.92500000000000, 1.22500000000000, 1.94156178812892, 0.00027630079602, 1.94128548733290, 0.00722405754601,-0.00000000000000, 0.01402395807372, 1.89571035663985, 0.00000000000000, 1.89598665743587,36.71473109315184, 0.00000000000000,
   39,   26, 1.92500000000000, 1.27500000000000, 1.94156178812892, 0.00027630079602, 1.94128548733290, 0.00722405754601,-0.00000000000000, 0.01402395807372, 1.89571035663985, 0.00000000000000, 1.89598665743587,36.71473109315184, 0.00000000000000,
   39,   27, 1.92500000000000, 1.32500000000000, 1.94156178812892, 0.00027630079602, 1.94128548733290, 0.00722405754601,-0.00000000000000, 0.01402395807372, 1.89571035663985, 0.00000000000000, 1.89598665743587,36.71473109315184, 0.00000000000000,
   39,   28, 1.92500000000000, 1.37500000000000, 1.94156178812892, 0.00027630079602, 1.94128548733290, 0.00722405754601,-0.00000000000000, 0.01402395807372, 1.89571035663985, 0.00000000000000, 1.89598665743587,36.71473109315184, 0.00000000000000,
   39,   29, 1.92500000000000, 1.42500000000000, 1.94156178812892, 0.00027630079602, 1.94128548733290, 0.00722405754601,-0.00000000000000, 0.01402395807372, 1.89571035663985, 0.00000000000000, 1.89598665743587,36.71473109315184, 0.00000000000000,
   39,   30, 1.92500000000000, 1.47500000000000, 1.94156178812892, 0.00027630079602, 1.94128548733290, 0.00722405754601,-0.00000000000000, 0.01402395807372, 1.89571035663985, 0.00000000000000, 1.89598665743587,36.71473109315184, 0.00000000000000,
   39,   31, 1.92500000000000, 1.52500000000000, 1.94156178812892, 0.00027630079602, 1.94128548733290, 0.00722405754601,-0.00000000000000, 0.01402395807372, 1.89571035663985, 0.00000000000000, 1.89598665743587,36.71473109315184, 0.00000000000000,
   39,   32, 1.92500000000000, 1.57500000000000, 1.94156178812892, 0.00027630079602, 1.94128548733290, 0.00722405754601,-0.00000000000000, 0.01402395807372, 1.89571035663985, 0.00000000000000, 1.89598665743587,36.71473109315184, 0.00000000000000,
   39,   33, 1.92500000000000, 1.62500000000000, 1.94156178812892, 0.00027630079602, 1.94128548733290, 0.00722405754601,-0.00000000000000, 0.01402395807372, 1.89571035663985, 0.00000000000000, 1.89598665743587,36.71473109315184, 0.00000000000000,
   39,   34, 1.92500000000000, 1.67500000000000, 1.94156178812892, 0.00027630079602, 1.94128548733290, 0.00722405754601,-0.00000000000000, 0.01402395807372, 1.89571035663985, 0.00000000000000, 1.89598665743587,36.71473109315184, 0.00000000000000,
   39,   35, 1.92500000000000, 1.72500000000000, 1.94156178812892, 0.00027630079602, 1.94128548733290, 0.00722405754601,-0.00000000000000, 0.01402395807372, 1.89571035663985, 0.00000000000000, 1.89598665743587,36.71473109315184, 0.00000000000000,
   39,   36, 1.92500000000000, 1.77500000000000, 1.94156178812892, 0.00027630079602, 1.94128548733290, 0.00722405754601,-0.00000000000000, 0.01402395807372, 1.89571035663985, 0.00000000000000, 1.89598665743587,36.71473109315184, 0.00000000000000,
   39,   37, 1.92500000000000, 1.82500000000000, 1.94156178812892, 0.00027630079602, 1.94128548733290, 0.00722405754601,-0.00000000000000, 0.01402395807372, 1.89571035663985, 0.00000000000000, 1.89598665743587,36.71473109315184, 0.00000000000000,
   39,   38, 1.92500000000000, 1.87500000000000, 1.94156178812892, 0.00027630079602, 1.94128548733290, 0.00722405754601,-0.00000000000000, 0.01402395807372, 1.89571035663985, 0.00000000000000, 1.89598665743587,36.71473109315184, 0.00000000000000,
   39,   39, 1.92500000000000, 1.92500000000000, 1.94156178812892, 0.00027630079602, 1.94128548733290, 0.00722405754601,-0.00000000000000, 0.01402395807372, 1.89571035663985, 0.00000000000000, 1.89598665743587,36.71473109315184, 0.00000000000000,
   39,   40, 1.92500000000000, 1.97500000000000, 1.94156178812892, 0.00027630079602, 1.94128548733290, 0.00722405754601,-0.00000000000000, 0.01402395807372, 1.89571035663985, 0.00000000000000, 1.89598665743587,36.71473109315184, 0.00000000000000,
   40,    1, 1.97500000000000, 0.02500000000000, 2.03981772343332, 0.00003082666267, 2.03978689677066, 0.00687583971041,-0.00000000000000, 0.01402524774558, 2.00000000000000, 0.00000000000000, 2.00003082666267,39.84689637737049, 0.00000000000000,
   40,    2, 1.97500000000000, 0.07500000000000, 2.03981772343332, 0.00003082666267, 2.03978689677066, 0.00687583971041,-0.00000000000000, 0.01402524774558, 2.00000000000000, 0.00000000000000, 2.00003082666267,39.84689637737049, 0.00000000000000,
   40,    3, 1.97500000000000, 0.12500000000000, 2.03981772343332, 0.00003082666267, 2.03978689677066, 0.00687583971041,-0.00000000000000, 0.01402524774558, 2.00000000000000, 0.00000000000000, 2.00003082666267,39.84689637737049, 0.00000000000000,
   40,    4, 1.97500000000000, 0.17500000000000, 2.03981772343332, 0.00003082666267, 2.03978689677066, 0.00687583971041,-0.00000000000000, 0.01402524774558, 2.00000000000000, 0.00000000000000, 2.00003082666267,39.84689637737049, 0.00000000000000,
   40,    5, 1.97500000000000, 0.22500000000000, 2.03981772343332, 0.00003082666267, 2.03978689677066, 0.00687583971041,-0.00000000000000, 0.01402524774558, 2.00000000000000, 0.00000000000000, 2.00003082666267,39.84689637737049, 0.00000000000000,
   40,    6, 1.97500000000000, 0.27500000000000, 2.03981772343332, 0.00003082666267, 2.03978689677066, 0.00687583971041,-0.00000000000000, 0.01402524774558, 2.00000000000000, 0.00000000000000, 2.00003082666267,39.84689637737049, 0.00000000000000,
   40,    7, 1.97500000000000, 0.32500000000000, 2.03981772343332, 0.00003082666267, 2.03978689677066, 0.00687583971041,-0.00000000000000, 0.01402524774558, 2.00000000000000, 0.00000000000000, 2.00003082666267,39.84689637737049, 0.00000000000000,
   40,    8, 1.97500000000000, 0.37500000000000, 2.03981772343332, 0.00003082666267, 2.03978689677066, 0.00687583971041,-0.00000000000000, 0.01402524774558, 2.00000000000000, 0.00000000000000, 2.00003082666267,39.84689637737049, 0.00000000000000,
   40,    9, 1.97500000000000, 0.42500000000000, 2.03981772343332, 0.00003082666267, 2.03978689677066, 0.00687583971041,-0.00000000000000, 0.01402524774558, 2.00000000000000, 0.00000000000000, 2.00003082666267,39.84689637737049, 0.00000000000000,
   40,   10, 1.97500000000000, 0.47500000000000, 2.03981772343332, 0.00003082666267, 2.03978689677066, 0.00687583971041,-0.00000000000000, 0.01402524774558, 2.00000000000000, 0.00000000000000, 2.00003082666267,39.84689637737049, 0.00000000000000,
   40,   11, 1.97500000000000, 0.52500000000000, 2.03981772343332, 0.00003082666267, 2.03978689677066, 0.00687583971041,-0.00000000000000, 0.01402524774558, 2.00000000000000, 0.00000000000000, 2.00003082666267,39.84689637737049, 0.00000000000000,
   40,   12, 1.97500000000000, 0.57500000000000, 2.03981772343332, 0.00003082666267, 2.03978689677066, 0.00687583971041,-0.00000000000000, 0.01402524774558, 2.00000000000000, 0.00000000000000, 2.00003082666267,39.84689637737049, 0.00000000000000,
   40,   13, 1.97500000000000, 0.62500000000000, 2.03981772343332, 0.00003082666267, 2.03978689677066, 0.00687583971041,-0.00000000000000, 0.01402524774558, 2.00000000000000, 0.00000000000000, 2.00003082666267,39.84689637737049, 0.00000000000000,
   40,   14, 1.97500000000000, 0.67500000000000, 2.03981772343332, 0.00003082666267, 2.03978689677066, 0.00687583971041,-0.00000000000000, 0.01402524774558, 2.00000000000000, 0.00000000000000, 2.00003082666267,39.84689637737049, 0.00000000000000,
   40,   15, 1.97500000000000, 0.72500000000000, 2.03981772343332, 0.00003082666267, 2.03978689677066, 0.00687583971041,-0.00000000000000, 0.01402524774558, 2.00000000000000, 0.00000000000000, 2.00003082666267,39.84689637737049, 0.00000000000000,
   40,   16, 1.97500000000000, 0.77500000000000, 2.03981772343332, 0.00003082666267, 2.03978689677066, 0.00687583971041,-0.00000000000000, 0.01402524774558, 2.00000000000000, 0.00000000000000, 2.00003082666267,39.84689637737049, 0.00000000000000,
   40,   17, 1.97500000000000, 0.82500000000000, 2.03981772343332, 0.00003082666267, 2.03978689677066, 0.00687583971041,-0.00000000000000, 0.01402524774558, 2.00000000000000, 0.00000000000000, 2.00003082666267,39.84689637737049, 0.00000000000000,
   40,   18, 1.97500000000000, 0.87500000000000, 2.03981772343332, 0.00003082666267, 2.03978689677066, 0.00687583971041,-0.00000000000000, 0.01402524774558, 2.00000000000000, 0.00000000000000, 2.00003082666267,39.84689637737049, 0.00000000000000,
   40,   19, 1.97500000000000, 0.92500000000000, 2.03981772343332, 0.00003082666267, 2.03978689677066, 0.00687583971041,-0.00000000000000, 0.01402524774558, 2.00000000000000, 0.00000000000000, 2.00003082666267,39.84689637737049, 0.00000000000000,
   40,   20, 1.97500000000000, 0.97500000000000, 2.03981772343332, 0.00003082666267, 2.03978689677066, 0.00687583971041,-0.00000000000000, 0.01402524774558, 2.00000000000000, 0.00000000000000, 2.00003082666267,39.84689637737049, 0.00000000000000,
   40,   21, 1.97500000000000, 1.02500000000000, 2.03981772343332, 0.00003082666267, 2.03978689677066, 0.00687583971041,-0.00000000000000, 0.01402524774558, 2.00000000000000, 0.00000000000000, 2.00003082666267,39.84689637737049, 0.00000000000000,
   40,   22, 1.97500000000000, 1.07500000000000, 2.03981772343332, 0.00003082666267, 2.03978689677066, 0.00687583971041,-0.00000000000000, 0.01402524774558, 2.00000000000000, 0.00000000000000, 2.00003082666267,39.84689637737049, 0.00000000000000,
   40,   23, 1.97500000000000, 1.12500000000000, 2.03981772343332, 0.00003082666267, 2.03978689677066, 0.00687583971041,-0.00000000000000, 0.01402524774558, 2.00000000000000, 0.00000000000000, 2.00003082666267,39.84689637737049, 0.00000000000000,
   40,   24, 1.97500000000000, 1.17500000000000, 2.03981772343332, 0.00003082666267, 2.03978689677066, 0.00687583971041,-0.00000000000000, 0.01402524774558, 2.00000000000000, 0.00000000000000, 2.00003082666267,39.84689637737049, 0.00000000000000,
   40,   25, 1.97500000000000, 1.22500000000000, 2.03981772343332, 0.00003082666267, 2.03978689677066, 0.00687583971041,-0.00000000000000, 0.01402524774558, 2.00000000000000, 0.00000000000000, 2.00003082666267,39.84689637737049, 0.00000000000000,
   40,   26, 1.97500000000000, 1.27500000000000, 2.03981772343332, 0.00003082666267, 2.03978689677066, 0.00687583971041,-0.00000000000000, 0.01402524774558, 2.00000000000000, 0.00000000000000, 2.00003082666267,39.84689637737049, 0.00000000000000,
   40,   27, 1.97500000000000, 1.32500000000000, 2.03981772343332, 0.00003082666267, 2.03978689677066, 0.00687583971041,-0.00000000000000, 0.01402524774558, 2.00000000000000, 0.00000000000000, 2.00003082666267,39.84689637737049, 0.00000000000000,
   40,   28, 1.97500000000000, 1.37500000000000, 2.03981772343332, 0.00003082666267, 2.03978689677066, 0.00687583971041,-0.00000000000000, 0.01402524774558, 2.00000000000000, 0.00000000000000, 2.00003082666267,39.84689637737049, 0.00000000000000,
   40,   29, 1.97500000000000, 1.42500000000000, 2.03981772343332, 0.00003082666267, 2.03978689677066, 0.00687583971041,-0.00000000000000, 0.01402524774558, 2.00000000000000, 0.00000000000000, 2.00003082666267,39.84689637737049, 0.00000000000000,
   40,   30, 1.97500000000000, 1.47500000000000, 2.03981772343332, 0.00003082666267, 2.03978689677066, 0.00687583971041,-0.00000000000000, 0.01402524774558, 2.00000000000000, 0.00000000000000, 2.00003082666267,39.84689637737049, 0.00000000000000,
   40,   31, 1.97500000000000, 1.52500000000000, 2.03981772343332, 0.00003082666267, 2.03978689677066, 0.00687583971041,-0.00000000000000, 0.01402524774558, 2.00000000000000, 0.00000000000000, 2.00003082666267,39.84689637737049, 0.00000000000000,
   40,   32, 1.97500000000000, 1.57500000000000, 2.03981772343332, 0.00003082666267, 2.03978689677066, 0.00687583971041,-0.00000000000000, 0.01402524774558, 2.00000000000000, 0.00000000000000, 2.00003082666267,39.84689637737049, 0.00000000000000,
   40,   33, 1.97500000000000, 1.62500000000000, 2.03981772343332, 0.00003082666267, 2.03978689677066, 0.00687583971041,-0.00000000000000, 0.01402524774558, 2.00000000000000, 0.00000000000000, 2.00003082666267,39.84689637737049, 0.00000000000000,
   40,   34, 1.97500000000000, 1.67500000000000, 2.03981772343332, 0.00003082666267, 2.03978689677066, 0.00687583971041,-0.00000000000000, 0.01402524774558, 2.00000000000000, 0.00000000000000, 2.00003082666267,39.84689637737049, 0.00000000000000,
   40,   35, 1.97500000000000, 1.72500000000000, 2.03981772343332, 0.00003082666267, 2.03978689677066, 0.00687583971041,-0.00000000000000, 0.01402524774558, 2.00000000000000, 0.00000000000000, 2.00003082666267,39.84689637737049, 0.00000000000000,
   40,   36, 1.97500000000000, 1.77500000000000, 2.03981772343332, 0.00003082666267, 2.03978689677066, 0.00687583971041,-0.00000000000000, 0.01402524774558, 2.00000000000000, 0.00000000000000, 2.00003082666267,39.84689637737049, 0.00000000000000,
   40,   37, 1.97500000000000, 1.82500000000000, 2.03981772343332, 0.00003082666267, 2.03978689677066, 0.00687583971041,-0.00000000000000, 0.01402524774558, 2.00000000000000, 0.00000000000000, 2.00003082666267,39.84689637737049, 0.00000000000000,
   40,   38, 1.97500000000000, 1.87500000000000, 2.03981772343332, 0.00003082666267, 2.03978689677066, 0.00687583971041,-0.00000000000000, 0.01402524774558, 2.00000000000000, 0.00000000000000, 2.00003082666267,39.84689637737049, 0.00000000000000,
   40,   39, 1.97500000000000, 1.92500000000000, 2.03981772343332, 0.00003082666267, 2.03978689677066, 0.00687583971041,-0.00000000000000, 0.01402524774558, 2.00000000000000, 0.00000000000000, 2.00003082666267,39.84689637737049, 0.00000000000000,
   40,   40, 1.97500000000000, 1.97500000000000, 2.03981772343332, 0.00003082666267, 2.03978689677066, 0.00687583971041,-0.00000000000000, 0.01402524774558, 2.00000000000000, 0.00000000000000, 2.00003082666267,39.84689637737049, 0.00000000000000,
