x (nodes),y (nodes),x (m),y (m),h + zb (m),zb (m),h (m),u (m/s),v (m/s), q (m^2/s), h analytical (m), u analytical (m/s), h analytical + zb (m) , Fx MMS, Fy MMS
    1,    1, 0.00312500000000, 0.00312500000000, 2.00330855481492, 0.00000048191041, 2.00330807290451, 0.00369038103670,-0.00000000000000, 0.00739297012292, 2.00654487955810, 0.00000000000000, 2.00654536146851,41.23058913049280,    0.00000000000000,
    1,    2, 0.00312500000000, 0.00937500000000, 2.00330855481492, 0.00000048191041, 2.00330807290451, 0.00369038103670,-0.00000000000000, 0.00739297012292, 2.00654487955810, 0.00000000000000, 2.00654536146851,41.23058913049280,    0.00000000000000,
    1,    3, 0.00312500000000, 0.01562500000000, 2.00330855481492, 0.00000048191041, 2.00330807290451, 0.00369038103670,-0.00000000000000, 0.00739297012292, 2.00654487955810, 0.00000000000000, 2.00654536146851,41.23058913049280,    0.00000000000000,
    1,    4, 0.00312500000000, 0.02187500000000, 2.00330855481492, 0.00000048191041, 2.00330807290451, 0.00369038103670,-0.00000000000000, 0.00739297012292, 2.00654487955810, 0.00000000000000, 2.00654536146851,41.23058913049280,    0.00000000000000,
    1,    5, 0.00312500000000, 0.02812500000000, 2.00330855481492, 0.00000048191041, 2.00330807290451, 0.00369038103670,-0.00000000000000, 0.00739297012292, 2.00654487955810, 0.00000000000000, 2.00654536146851,41.23058913049280,    0.00000000000000,
    2,    1, 0.00937500000000, 0.00312500000000, 2.01641667901595, 0.00000433691498, 2.01641234210097, 0.00366919623783, 0.00000000000000, 0.00739861257956, 2.01963211549864, 0.00000000000000, 2.01963645241362,41.49572869585067,    0.00000000000000,
    2,    2, 0.00937500000000, 0.00937500000000, 2.01641667901595, 0.00000433691498, 2.01641234210097, 0.00366919623783, 0.00000000000000, 0.00739861257956, 2.01963211549864, 0.00000000000000, 2.01963645241362,41.49572869585067,    0.00000000000000,
    2,    3, 0.00937500000000, 0.01562500000000, 2.01641667901595, 0.00000433691498, 2.01641234210097, 0.00366919623783, 0.00000000000000, 0.00739861257956, 2.01963211549864, 0.00000000000000, 2.01963645241362,41.49572869585067,    0.00000000000000,
    2,    4, 0.00937500000000, 0.02187500000000, 2.01641667901595, 0.00000433691498, 2.01641234210097, 0.00366919623783, 0.00000000000000, 0.00739861257956, 2.01963211549864, 0.00000000000000, 2.01963645241362,41.49572869585067,    0.00000000000000,
    2,    5, 0.00937500000000, 0.02812500000000, 2.01641667901595, 0.00000433691498, 2.01641234210097, 0.00366919623783, 0.00000000000000, 0.00739861257956, 2.01963211549864, 0.00000000000000, 2.01963645241362,41.49572869585067,    0.00000000000000,
    3,    1, 0.01562500000000, 0.00312500000000, 2.02952077845091, 0.00001204543795, 2.02950873301296, 0.00364834224282, 0.00000000000000, 0.00740434244282, 2.03271178288495, 0.00000000000000, 2.03272382832289,41.74456281550785,    0.00000000000000,
    3,    2, 0.01562500000000, 0.00937500000000, 2.02952077845091, 0.00001204543795, 2.02950873301296, 0.00364834224282, 0.00000000000000, 0.00740434244282, 2.03271178288495, 0.00000000000000, 2.03272382832289,41.74456281550785,    0.00000000000000,
    3,    3, 0.01562500000000, 0.01562500000000, 2.02952077845091, 0.00001204543795, 2.02950873301296, 0.00364834224282, 0.00000000000000, 0.00740434244282, 2.03271178288495, 0.00000000000000, 2.03272382832289,41.74456281550785,    0.00000000000000,
    3,    4, 0.01562500000000, 0.02187500000000, 2.02952077845091, 0.00001204543795, 2.02950873301296, 0.00364834224282, 0.00000000000000, 0.00740434244282, 2.03271178288495, 0.00000000000000, 2.03272382832289,41.74456281550785,    0.00000000000000,
    3,    5, 0.01562500000000, 0.02812500000000, 2.02952077845091, 0.00001204543795, 2.02950873301296, 0.00364834224282, 0.00000000000000, 0.00740434244282, 2.03271178288495, 0.00000000000000, 2.03272382832289,41.74456281550785,    0.00000000000000,
    4,    1, 0.02187500000000, 0.00312500000000, 2.04261580937796, 0.00002360450753, 2.04259220487043, 0.00362781702147, 0.00000000000000, 0.00741015076874, 2.04577883925625, 0.00000000000000, 2.04580244376378,41.97668515955942,    0.00000000000000,
    4,    2, 0.02187500000000, 0.00937500000000, 2.04261580937796, 0.00002360450753, 2.04259220487043, 0.00362781702147, 0.00000000000000, 0.00741015076874, 2.04577883925625, 0.00000000000000, 2.04580244376378,41.97668515955942,    0.00000000000000,
    4,    3, 0.02187500000000, 0.01562500000000, 2.04261580937796, 0.00002360450753, 2.04259220487043, 0.00362781702147, 0.00000000000000, 0.00741015076874, 2.04577883925625, 0.00000000000000, 2.04580244376378,41.97668515955942,    0.00000000000000,
    4,    4, 0.02187500000000, 0.02187500000000, 2.04261580937796, 0.00002360450753, 2.04259220487043, 0.00362781702147, 0.00000000000000, 0.00741015076874, 2.04577883925625, 0.00000000000000, 2.04580244376378,41.97668515955942,    0.00000000000000,
    4,    5, 0.02187500000000, 0.02812500000000, 2.04261580937796, 0.00002360450753, 2.04259220487043, 0.00362781702147, 0.00000000000000, 0.00741015076874, 2.04577883925625, 0.00000000000000, 2.04580244376378,41.97668515955942,    0.00000000000000,
    5,    1, 0.02812500000000, 0.00312500000000, 2.05569673168092, 0.00003900966748, 2.05565772201344, 0.00360761846017,-0.00000000000000, 0.00741602874573, 2.05882824701358, 0.00000000000000, 2.05886725668106,42.19169685548341,    0.00000000000000,
    5,    2, 0.02812500000000, 0.00937500000000, 2.05569673168092, 0.00003900966748, 2.05565772201344, 0.00360761846017,-0.00000000000000, 0.00741602874573, 2.05882824701358, 0.00000000000000, 2.05886725668106,42.19169685548341,    0.00000000000000,
    5,    3, 0.02812500000000, 0.01562500000000, 2.05569673168092, 0.00003900966748, 2.05565772201344, 0.00360761846017,-0.00000000000000, 0.00741602874573, 2.05882824701358, 0.00000000000000, 2.05886725668106,42.19169685548341,    0.00000000000000,
    5,    4, 0.02812500000000, 0.02187500000000, 2.05569673168092, 0.00003900966748, 2.05565772201344, 0.00360761846017,-0.00000000000000, 0.00741602874573, 2.05882824701358, 0.00000000000000, 2.05886725668106,42.19169685548341,    0.00000000000000,
    5,    5, 0.02812500000000, 0.02812500000000, 2.05569673168092, 0.00003900966748, 2.05565772201344, 0.00360761846017,-0.00000000000000, 0.00741602874573, 2.05882824701358, 0.00000000000000, 2.05886725668106,42.19169685548341,    0.00000000000000,
    6,    1, 0.03437500000000, 0.00312500000000, 2.06875851079045, 0.00005825497883, 2.06870025581162, 0.00358774437636,-0.00000000000000, 0.00742196770917, 2.07185497536184, 0.00000000000000, 2.07191323034067,42.38920711896279,    0.00000000000000,
    6,    2, 0.03437500000000, 0.00937500000000, 2.06875851079045, 0.00005825497883, 2.06870025581162, 0.00358774437636,-0.00000000000000, 0.00742196770917, 2.07185497536184, 0.00000000000000, 2.07191323034067,42.38920711896279,    0.00000000000000,
    6,    3, 0.03437500000000, 0.01562500000000, 2.06875851079045, 0.00005825497883, 2.06870025581162, 0.00358774437636,-0.00000000000000, 0.00742196770917, 2.07185497536184, 0.00000000000000, 2.07191323034067,42.38920711896279,    0.00000000000000,
    6,    4, 0.03437500000000, 0.02187500000000, 2.06875851079045, 0.00005825497883, 2.06870025581162, 0.00358774437636,-0.00000000000000, 0.00742196770917, 2.07185497536184, 0.00000000000000, 2.07191323034067,42.38920711896279,    0.00000000000000,
    6,    5, 0.03437500000000, 0.02812500000000, 2.06875851079045, 0.00005825497883, 2.06870025581162, 0.00358774437636,-0.00000000000000, 0.00742196770917, 2.07185497536184, 0.00000000000000, 2.07191323034067,42.38920711896279,    0.00000000000000,
    7,    1, 0.04062500000000, 0.00312500000000, 2.08179611960399, 0.00008133302212, 2.08171478658187, 0.00356819253171, 0.00000000000000, 0.00742795915464, 2.08485400224928, 0.00000000000000, 2.08493533527140,42.56883387928936,    0.00000000000000,
    7,    2, 0.04062500000000, 0.00937500000000, 2.08179611960399, 0.00008133302212, 2.08171478658187, 0.00356819253171, 0.00000000000000, 0.00742795915464, 2.08485400224928, 0.00000000000000, 2.08493533527140,42.56883387928936,    0.00000000000000,
    7,    3, 0.04062500000000, 0.01562500000000, 2.08179611960399, 0.00008133302212, 2.08171478658187, 0.00356819253171, 0.00000000000000, 0.00742795915464, 2.08485400224928, 0.00000000000000, 2.08493533527140,42.56883387928936,    0.00000000000000,
    7,    4, 0.04062500000000, 0.02187500000000, 2.08179611960399, 0.00008133302212, 2.08171478658187, 0.00356819253171, 0.00000000000000, 0.00742795915464, 2.08485400224928, 0.00000000000000, 2.08493533527140,42.56883387928936,    0.00000000000000,
    7,    5, 0.04062500000000, 0.02812500000000, 2.08179611960399, 0.00008133302212, 2.08171478658187, 0.00356819253171, 0.00000000000000, 0.00742795915464, 2.08485400224928, 0.00000000000000, 2.08493533527140,42.56883387928936,    0.00000000000000,
    8,    1, 0.04687500000000, 0.00312500000000, 2.09480454040372, 0.00010823490035, 2.09469630550337, 0.00354896064472,-0.00000000000000, 0.00743399475088, 2.09782031630357, 0.00000000000000, 2.09792855120393,42.73020439837615,    0.00000000000000,
    8,    2, 0.04687500000000, 0.00937500000000, 2.09480454040372, 0.00010823490035, 2.09469630550337, 0.00354896064472,-0.00000000000000, 0.00743399475088, 2.09782031630357, 0.00000000000000, 2.09792855120393,42.73020439837615,    0.00000000000000,
    8,    3, 0.04687500000000, 0.01562500000000, 2.09480454040372, 0.00010823490035, 2.09469630550337, 0.00354896064472,-0.00000000000000, 0.00743399475088, 2.09782031630357, 0.00000000000000, 2.09792855120393,42.73020439837615,    0.00000000000000,
    8,    4, 0.04687500000000, 0.02187500000000, 2.09480454040372, 0.00010823490035, 2.09469630550337, 0.00354896064472,-0.00000000000000, 0.00743399475088, 2.09782031630357, 0.00000000000000, 2.09792855120393,42.73020439837615,    0.00000000000000,
    8,    5, 0.04687500000000, 0.02812500000000, 2.09480454040372, 0.00010823490035, 2.09469630550337, 0.00354896064472,-0.00000000000000, 0.00743399475088, 2.09782031630357, 0.00000000000000, 2.09792855120393,42.73020439837615,    0.00000000000000,
    9,    1, 0.05312500000000, 0.00312500000000, 2.10777876677180, 0.00013895024232, 2.10763981652948, 0.00353004640215, 0.00000000000000, 0.00744006635137, 2.11074891876384, 0.00000000000000, 2.11088786900617,42.87295588241228,    0.00000000000000,
    9,    2, 0.05312500000000, 0.00937500000000, 2.10777876677180, 0.00013895024232, 2.10763981652948, 0.00353004640215, 0.00000000000000, 0.00744006635137, 2.11074891876384, 0.00000000000000, 2.11088786900617,42.87295588241228,    0.00000000000000,
    9,    3, 0.05312500000000, 0.01562500000000, 2.10777876677180, 0.00013895024232, 2.10763981652948, 0.00353004640215, 0.00000000000000, 0.00744006635137, 2.11074891876384, 0.00000000000000, 2.11088786900617,42.87295588241228,    0.00000000000000,
    9,    4, 0.05312500000000, 0.02187500000000, 2.10777876677180, 0.00013895024232, 2.10763981652948, 0.00353004640215, 0.00000000000000, 0.00744006635137, 2.11074891876384, 0.00000000000000, 2.11088786900617,42.87295588241228,    0.00000000000000,
    9,    5, 0.05312500000000, 0.02812500000000, 2.10777876677180, 0.00013895024232, 2.10763981652948, 0.00353004640215, 0.00000000000000, 0.00744006635137, 2.11074891876384, 0.00000000000000, 2.11088786900617,42.87295588241228,    0.00000000000000,
   10,    1, 0.05937500000000, 0.00312500000000, 2.12071380550216, 0.00017346720669, 2.12054033829547, 0.00351144746984,-0.00000000000000, 0.00744616600561, 2.12363482540773, 0.00000000000000, 2.12380829261442,42.99673608520335,    0.00000000000000,
   10,    2, 0.05937500000000, 0.00937500000000, 2.12071380550216, 0.00017346720669, 2.12054033829547, 0.00351144746984,-0.00000000000000, 0.00744616600561, 2.12363482540773, 0.00000000000000, 2.12380829261442,42.99673608520335,    0.00000000000000,
   10,    3, 0.05937500000000, 0.01562500000000, 2.12071380550216, 0.00017346720669, 2.12054033829547, 0.00351144746984,-0.00000000000000, 0.00744616600561, 2.12363482540773, 0.00000000000000, 2.12380829261442,42.99673608520335,    0.00000000000000,
   10,    4, 0.05937500000000, 0.02187500000000, 2.12071380550216, 0.00017346720669, 2.12054033829547, 0.00351144746984,-0.00000000000000, 0.00744616600561, 2.12363482540773, 0.00000000000000, 2.12380829261442,42.99673608520335,    0.00000000000000,
   10,    5, 0.05937500000000, 0.02812500000000, 2.12071380550216, 0.00017346720669, 2.12054033829547, 0.00351144746984,-0.00000000000000, 0.00744616600561, 2.12363482540773, 0.00000000000000, 2.12380829261442,42.99673608520335,    0.00000000000000,
   11,    1, 0.06562500000000, 0.00312500000000, 2.13360467850820, 0.00021177248651, 2.13339290602169, 0.00349316150246,-0.00000000000000, 0.00745228596894, 2.13647306847292, 0.00000000000000, 2.13668484095943,43.10120390224942,    0.00000000000000,
   11,    2, 0.06562500000000, 0.00937500000000, 2.13360467850820, 0.00021177248651, 2.13339290602169, 0.00349316150246,-0.00000000000000, 0.00745228596894, 2.13647306847292, 0.00000000000000, 2.13668484095943,43.10120390224942,    0.00000000000000,
   11,    3, 0.06562500000000, 0.01562500000000, 2.13360467850820, 0.00021177248651, 2.13339290602169, 0.00349316150246,-0.00000000000000, 0.00745228596894, 2.13647306847292, 0.00000000000000, 2.13668484095943,43.10120390224942,    0.00000000000000,
   11,    4, 0.06562500000000, 0.02187500000000, 2.13360467850820, 0.00021177248651, 2.13339290602169, 0.00349316150246,-0.00000000000000, 0.00745228596894, 2.13647306847292, 0.00000000000000, 2.13668484095943,43.10120390224942,    0.00000000000000,
   11,    5, 0.06562500000000, 0.02812500000000, 2.13360467850820, 0.00021177248651, 2.13339290602169, 0.00349316150246,-0.00000000000000, 0.00745228596894, 2.13647306847292, 0.00000000000000, 2.13668484095943,43.10120390224942,    0.00000000000000,
   12,    1, 0.07187500000000, 0.00312500000000, 2.14644642472553, 0.00025385131436, 2.14619257341117, 0.00347518615272,-0.00000000000000, 0.00745841871220, 2.14925869857233, 0.00000000000000, 2.14951254988669,43.18602995462570,    0.00000000000000,
   12,    2, 0.07187500000000, 0.00937500000000, 2.14644642472553, 0.00025385131436, 2.14619257341117, 0.00347518615272,-0.00000000000000, 0.00745841871220, 2.14925869857233, 0.00000000000000, 2.14951254988669,43.18602995462570,    0.00000000000000,
   12,    3, 0.07187500000000, 0.01562500000000, 2.14644642472553, 0.00025385131436, 2.14619257341117, 0.00347518615272,-0.00000000000000, 0.00745841871220, 2.14925869857233, 0.00000000000000, 2.14951254988669,43.18602995462570,    0.00000000000000,
   12,    4, 0.07187500000000, 0.02187500000000, 2.14644642472553, 0.00025385131436, 2.14619257341117, 0.00347518615272,-0.00000000000000, 0.00745841871220, 2.14925869857233, 0.00000000000000, 2.14951254988669,43.18602995462570,    0.00000000000000,
   12,    5, 0.07187500000000, 0.02812500000000, 2.14644642472553, 0.00025385131436, 2.14619257341117, 0.00347518615272,-0.00000000000000, 0.00745841871220, 2.14925869857233, 0.00000000000000, 2.14951254988669,43.18602995462570,    0.00000000000000,
   13,    1, 0.07812500000000, 0.00312500000000, 2.15923410200913, 0.00029968746805, 2.15893441454108, 0.00345751907959,-0.00000000000000, 0.00746455692986, 2.16198678660218, 0.00000000000000, 2.16228647407023,43.25089716174251,    0.00000000000000,
   13,    2, 0.07812500000000, 0.00937500000000, 2.15923410200913, 0.00029968746805, 2.15893441454108, 0.00345751907959,-0.00000000000000, 0.00746455692986, 2.16198678660218, 0.00000000000000, 2.16228647407023,43.25089716174251,    0.00000000000000,
   13,    3, 0.07812500000000, 0.01562500000000, 2.15923410200913, 0.00029968746805, 2.15893441454108, 0.00345751907959,-0.00000000000000, 0.00746455692986, 2.16198678660218, 0.00000000000000, 2.16228647407023,43.25089716174251,    0.00000000000000,
   13,    4, 0.07812500000000, 0.02187500000000, 2.15923410200913, 0.00029968746805, 2.15893441454108, 0.00345751907959,-0.00000000000000, 0.00746455692986, 2.16198678660218, 0.00000000000000, 2.16228647407023,43.25089716174251,    0.00000000000000,
   13,    5, 0.07812500000000, 0.02812500000000, 2.15923410200913, 0.00029968746805, 2.15893441454108, 0.00345751907959,-0.00000000000000, 0.00746455692986, 2.16198678660218, 0.00000000000000, 2.16228647407023,43.25089716174251,    0.00000000000000,
   14,    1, 0.08437500000000, 0.00312500000000, 2.17196278902411, 0.00034926327688, 2.17161352574723, 0.00344015795600,-0.00000000000000, 0.00747069354796, 2.17465242564223, 0.00000000000000, 2.17500168891911,43.29550130207716,    0.00000000000000,
   14,    2, 0.08437500000000, 0.00937500000000, 2.17196278902411, 0.00034926327688, 2.17161352574723, 0.00344015795600,-0.00000000000000, 0.00747069354796, 2.17465242564223, 0.00000000000000, 2.17500168891911,43.29550130207716,    0.00000000000000,
   14,    3, 0.08437500000000, 0.01562500000000, 2.17196278902411, 0.00034926327688, 2.17161352574723, 0.00344015795600,-0.00000000000000, 0.00747069354796, 2.17465242564223, 0.00000000000000, 2.17500168891911,43.29550130207716,    0.00000000000000,
   14,    4, 0.08437500000000, 0.02187500000000, 2.17196278902411, 0.00034926327688, 2.17161352574723, 0.00344015795600,-0.00000000000000, 0.00747069354796, 2.17465242564223, 0.00000000000000, 2.17500168891911,43.29550130207716,    0.00000000000000,
   14,    5, 0.08437500000000, 0.02812500000000, 2.17196278902411, 0.00034926327688, 2.17161352574723, 0.00344015795600,-0.00000000000000, 0.00747069354796, 2.17465242564223, 0.00000000000000, 2.17500168891911,43.29550130207716,    0.00000000000000,
   15,    1, 0.09062500000000, 0.00312500000000, 2.18462758712945, 0.00040255962843, 2.18422502750102, 0.00342310047566,-0.00000000000000, 0.00747682173059, 2.18725073284753, 0.00000000000000, 2.18765329247596,43.31955156098473,    0.00000000000000,
   15,    2, 0.09062500000000, 0.00937500000000, 2.18462758712945, 0.00040255962843, 2.18422502750102, 0.00342310047566,-0.00000000000000, 0.00747682173059, 2.18725073284753, 0.00000000000000, 2.18765329247596,43.31955156098473,    0.00000000000000,
   15,    3, 0.09062500000000, 0.01562500000000, 2.18462758712945, 0.00040255962843, 2.18422502750102, 0.00342310047566,-0.00000000000000, 0.00747682173059, 2.18725073284753, 0.00000000000000, 2.18765329247596,43.31955156098473,    0.00000000000000,
   15,    4, 0.09062500000000, 0.02187500000000, 2.18462758712945, 0.00040255962843, 2.18422502750102, 0.00342310047566,-0.00000000000000, 0.00747682173059, 2.18725073284753, 0.00000000000000, 2.18765329247596,43.31955156098473,    0.00000000000000,
   15,    5, 0.09062500000000, 0.02812500000000, 2.18462758712945, 0.00040255962843, 2.18422502750102, 0.00342310047566,-0.00000000000000, 0.00747682173059, 2.18725073284753, 0.00000000000000, 2.18765329247596,43.31955156098473,    0.00000000000000,
   16,    1, 0.09687500000000, 0.00312500000000, 2.19722362225381, 0.00045955597594, 2.19676406627787, 0.00340634435946,-0.00000000000000, 0.00748293488622, 2.19977685133084, 0.00000000000000, 2.20023640730677,43.32277106471321,    0.00000000000000,
   16,    2, 0.09687500000000, 0.00937500000000, 2.19722362225381, 0.00045955597594, 2.19676406627787, 0.00340634435946,-0.00000000000000, 0.00748293488622, 2.19977685133084, 0.00000000000000, 2.20023640730677,43.32277106471321,    0.00000000000000,
   16,    3, 0.09687500000000, 0.01562500000000, 2.19722362225381, 0.00045955597594, 2.19676406627787, 0.00340634435946,-0.00000000000000, 0.00748293488622, 2.19977685133084, 0.00000000000000, 2.20023640730677,43.32277106471321,    0.00000000000000,
   16,    4, 0.09687500000000, 0.02187500000000, 2.19722362225381, 0.00045955597594, 2.19676406627787, 0.00340634435946,-0.00000000000000, 0.00748293488622, 2.19977685133084, 0.00000000000000, 2.20023640730677,43.32277106471321,    0.00000000000000,
   16,    5, 0.09687500000000, 0.02812500000000, 2.19722362225381, 0.00045955597594, 2.19676406627787, 0.00340634435946,-0.00000000000000, 0.00748293488622, 2.19977685133084, 0.00000000000000, 2.20023640730677,43.32277106471321,    0.00000000000000,
   17,    1, 0.10312500000000, 0.00312500000000, 2.20974604676284, 0.00052023034622, 2.20922581641662, 0.00338988736098,-0.00000000000000, 0.00748902667262, 2.21222595203503, 0.00000000000000, 2.21274618238126,43.30489739976636,    0.00000000000000,
   17,    2, 0.10312500000000, 0.00937500000000, 2.20974604676284, 0.00052023034622, 2.20922581641662, 0.00338988736098,-0.00000000000000, 0.00748902667262, 2.21222595203503, 0.00000000000000, 2.21274618238126,43.30489739976636,    0.00000000000000,
   17,    3, 0.10312500000000, 0.01562500000000, 2.20974604676284, 0.00052023034622, 2.20922581641662, 0.00338988736098,-0.00000000000000, 0.00748902667262, 2.21222595203503, 0.00000000000000, 2.21274618238126,43.30489739976636,    0.00000000000000,
   17,    4, 0.10312500000000, 0.02187500000000, 2.20974604676284, 0.00052023034622, 2.20922581641662, 0.00338988736098,-0.00000000000000, 0.00748902667262, 2.21222595203503, 0.00000000000000, 2.21274618238126,43.30489739976636,    0.00000000000000,
   17,    5, 0.10312500000000, 0.02812500000000, 2.20974604676284, 0.00052023034622, 2.20922581641662, 0.00338988736098,-0.00000000000000, 0.00748902667262, 2.21222595203503, 0.00000000000000, 2.21274618238126,43.30489739976636,    0.00000000000000,
   18,    1, 0.10937500000000, 0.00312500000000, 2.22219004131720, 0.00058455934817, 2.22160548196903, 0.00337372727172,-0.00000000000000, 0.00749509100152, 2.22459323559481, 0.00000000000000, 2.22517779494298,43.26568311677790,    0.00000000000000,
   18,    2, 0.10937500000000, 0.00937500000000, 2.22219004131720, 0.00058455934817, 2.22160548196903, 0.00337372727172,-0.00000000000000, 0.00749509100152, 2.22459323559481, 0.00000000000000, 2.22517779494298,43.26568311677790,    0.00000000000000,
   18,    3, 0.10937500000000, 0.01562500000000, 2.22219004131720, 0.00058455934817, 2.22160548196903, 0.00337372727172,-0.00000000000000, 0.00749509100152, 2.22459323559481, 0.00000000000000, 2.22517779494298,43.26568311677790,    0.00000000000000,
   18,    4, 0.10937500000000, 0.02187500000000, 2.22219004131720, 0.00058455934817, 2.22160548196903, 0.00337372727172,-0.00000000000000, 0.00749509100152, 2.22459323559481, 0.00000000000000, 2.22517779494298,43.26568311677790,    0.00000000000000,
   18,    5, 0.10937500000000, 0.02812500000000, 2.22219004131720, 0.00058455934817, 2.22160548196903, 0.00337372727172,-0.00000000000000, 0.00749509100152, 2.22459323559481, 0.00000000000000, 2.22517779494298,43.26568311677790,    0.00000000000000,
   19,    1, 0.11562500000000, 0.00312500000000, 2.23455081672043, 0.00065251818172, 2.23389829853871, 0.00335786192549,-0.00000000000000, 0.00750112204209, 2.23687393418694, 0.00000000000000, 2.23752645236866,43.20489621808178,    0.00000000000000,
   19,    2, 0.11562500000000, 0.00937500000000, 2.23455081672043, 0.00065251818172, 2.23389829853871, 0.00335786192549,-0.00000000000000, 0.00750112204209, 2.23687393418694, 0.00000000000000, 2.23752645236866,43.20489621808178,    0.00000000000000,
   19,    3, 0.11562500000000, 0.01562500000000, 2.23455081672043, 0.00065251818172, 2.23389829853871, 0.00335786192549,-0.00000000000000, 0.00750112204209, 2.23687393418694, 0.00000000000000, 2.23752645236866,43.20489621808178,    0.00000000000000,
   19,    4, 0.11562500000000, 0.02187500000000, 2.23455081672043, 0.00065251818172, 2.23389829853871, 0.00335786192549,-0.00000000000000, 0.00750112204209, 2.23687393418694, 0.00000000000000, 2.23752645236866,43.20489621808178,    0.00000000000000,
   19,    5, 0.11562500000000, 0.02812500000000, 2.23455081672043, 0.00065251818172, 2.23389829853871, 0.00335786192549,-0.00000000000000, 0.00750112204209, 2.23687393418694, 0.00000000000000, 2.23752645236866,43.20489621808178,    0.00000000000000,
   20,    1, 0.12187500000000, 0.00312500000000, 2.24682361575608, 0.00072408064744, 2.24609953510864, 0.00334228920259,-0.00000000000000, 0.00750711422413, 2.24906331336834, 0.00000000000000, 2.24978739401579,43.12232062818594,    0.00000000000000,
   20,    2, 0.12187500000000, 0.00937500000000, 2.24682361575608, 0.00072408064744, 2.24609953510864, 0.00334228920259,-0.00000000000000, 0.00750711422413, 2.24906331336834, 0.00000000000000, 2.24978739401579,43.12232062818594,    0.00000000000000,
   20,    3, 0.12187500000000, 0.01562500000000, 2.24682361575608, 0.00072408064744, 2.24609953510864, 0.00334228920259,-0.00000000000000, 0.00750711422413, 2.24906331336834, 0.00000000000000, 2.24978739401579,43.12232062818594,    0.00000000000000,
   20,    4, 0.12187500000000, 0.02187500000000, 2.24682361575608, 0.00072408064744, 2.24609953510864, 0.00334228920259,-0.00000000000000, 0.00750711422413, 2.24906331336834, 0.00000000000000, 2.24978739401579,43.12232062818594,    0.00000000000000,
   20,    5, 0.12187500000000, 0.02812500000000, 2.24682361575608, 0.00072408064744, 2.24609953510864, 0.00334228920259,-0.00000000000000, 0.00750711422413, 2.24906331336834, 0.00000000000000, 2.24978739401579,43.12232062818594,    0.00000000000000,
   21,    1, 0.12812500000000, 0.00312500000000, 2.25900371501345, 0.00079921915665, 2.25820449585679, 0.00332700703318,-0.00000000000000, 0.00751306224008, 2.26115667390130, 0.00000000000000, 2.26195589305796,43.01775664638057,    0.00000000000000,
   21,    2, 0.12812500000000, 0.00937500000000, 2.25900371501345, 0.00079921915665, 2.25820449585679, 0.00332700703318,-0.00000000000000, 0.00751306224008, 2.26115667390130, 0.00000000000000, 2.26195589305796,43.01775664638057,    0.00000000000000,
   21,    3, 0.12812500000000, 0.01562500000000, 2.25900371501345, 0.00079921915665, 2.25820449585679, 0.00332700703318,-0.00000000000000, 0.00751306224008, 2.26115667390130, 0.00000000000000, 2.26195589305796,43.01775664638057,    0.00000000000000,
   21,    4, 0.12812500000000, 0.02187500000000, 2.25900371501345, 0.00079921915665, 2.25820449585679, 0.00332700703318,-0.00000000000000, 0.00751306224008, 2.26115667390130, 0.00000000000000, 2.26195589305796,43.01775664638057,    0.00000000000000,
   21,    5, 0.12812500000000, 0.02812500000000, 2.25900371501345, 0.00079921915665, 2.25820449585679, 0.00332700703318,-0.00000000000000, 0.00751306224008, 2.26115667390130, 0.00000000000000, 2.26195589305796,43.01775664638057,    0.00000000000000,
   22,    1, 0.13437500000000, 0.00312500000000, 2.27108642670087, 0.00087790474203, 2.27020852195884, 0.00331201340060,-0.00000000000000, 0.00751896104689, 2.27314935356513, 0.00000000000000, 2.27402725830716,42.89102138073699,    0.00000000000000,
   22,    2, 0.13437500000000, 0.00937500000000, 2.27108642670087, 0.00087790474203, 2.27020852195884, 0.00331201340060,-0.00000000000000, 0.00751896104689, 2.27314935356513, 0.00000000000000, 2.27402725830716,42.89102138073699,    0.00000000000000,
   22,    3, 0.13437500000000, 0.01562500000000, 2.27108642670087, 0.00087790474203, 2.27020852195884, 0.00331201340060,-0.00000000000000, 0.00751896104689, 2.27314935356513, 0.00000000000000, 2.27402725830716,42.89102138073699,    0.00000000000000,
   22,    4, 0.13437500000000, 0.02187500000000, 2.27108642670087, 0.00087790474203, 2.27020852195884, 0.00331201340060,-0.00000000000000, 0.00751896104689, 2.27314935356513, 0.00000000000000, 2.27402725830716,42.89102138073699,    0.00000000000000,
   22,    5, 0.13437500000000, 0.02812500000000, 2.27108642670087, 0.00087790474203, 2.27020852195884, 0.00331201340060,-0.00000000000000, 0.00751896104689, 2.27314935356513, 0.00000000000000, 2.27402725830716,42.89102138073699,    0.00000000000000,
   23,    1, 0.14062500000000, 0.00312500000000, 2.28306710044612, 0.00096010706877, 2.28210699337736, 0.00329730634387,-0.00000000000000, 0.00752480586665, 2.28503672895352, 0.00000000000000, 2.28599683602229,42.74194916277930,    0.00000000000000,
   23,    2, 0.14062500000000, 0.00937500000000, 2.28306710044612, 0.00096010706877, 2.28210699337736, 0.00329730634387,-0.00000000000000, 0.00752480586665, 2.28503672895352, 0.00000000000000, 2.28599683602229,42.74194916277930,    0.00000000000000,
   23,    3, 0.14062500000000, 0.01562500000000, 2.28306710044612, 0.00096010706877, 2.28210699337736, 0.00329730634387,-0.00000000000000, 0.00752480586665, 2.28503672895352, 0.00000000000000, 2.28599683602229,42.74194916277930,    0.00000000000000,
   23,    4, 0.14062500000000, 0.02187500000000, 2.28306710044612, 0.00096010706877, 2.28210699337736, 0.00329730634387,-0.00000000000000, 0.00752480586665, 2.28503672895352, 0.00000000000000, 2.28599683602229,42.74194916277930,    0.00000000000000,
   23,    5, 0.14062500000000, 0.02812500000000, 2.28306710044612, 0.00096010706877, 2.28210699337736, 0.00329730634387,-0.00000000000000, 0.00752480586665, 2.28503672895352, 0.00000000000000, 2.28599683602229,42.74194916277930,    0.00000000000000,
   24,    1, 0.14687500000000, 0.00312500000000, 2.29494112508313, 0.00104579444631, 2.29389533063682, 0.00328288396017,-0.00000000000000, 0.00753059218725, 2.29681421725698, 0.00000000000000, 2.29786001170329,42.57039194213841,    0.00000000000000,
   24,    2, 0.14687500000000, 0.00937500000000, 2.29494112508313, 0.00104579444631, 2.29389533063682, 0.00328288396017,-0.00000000000000, 0.00753059218725, 2.29681421725698, 0.00000000000000, 2.29786001170329,42.57039194213841,    0.00000000000000,
   24,    3, 0.14687500000000, 0.01562500000000, 2.29494112508313, 0.00104579444631, 2.29389533063682, 0.00328288396017,-0.00000000000000, 0.00753059218725, 2.29681421725698, 0.00000000000000, 2.29786001170329,42.57039194213841,    0.00000000000000,
   24,    4, 0.14687500000000, 0.02187500000000, 2.29494112508313, 0.00104579444631, 2.29389533063682, 0.00328288396017,-0.00000000000000, 0.00753059218725, 2.29681421725698, 0.00000000000000, 2.29786001170329,42.57039194213841,    0.00000000000000,
   24,    5, 0.14687500000000, 0.02812500000000, 2.29494112508313, 0.00104579444631, 2.29389533063682, 0.00328288396017,-0.00000000000000, 0.00753059218725, 2.29681421725698, 0.00000000000000, 2.29786001170329,42.57039194213841,    0.00000000000000,
   25,    1, 0.15312500000000, 0.00312500000000, 2.30670393042430, 0.00113493384055, 2.30556899658374, 0.00326874440669,-0.00000000000000, 0.00753631576182, 2.30847727802957, 0.00000000000000, 2.30961221187012,42.37621966052598,    0.00000000000000,
   25,    2, 0.15312500000000, 0.00937500000000, 2.30670393042430, 0.00113493384055, 2.30556899658374, 0.00326874440669,-0.00000000000000, 0.00753631576182, 2.30847727802957, 0.00000000000000, 2.30961221187012,42.37621966052598,    0.00000000000000,
   25,    3, 0.15312500000000, 0.01562500000000, 2.30670393042430, 0.00113493384055, 2.30556899658374, 0.00326874440669,-0.00000000000000, 0.00753631576182, 2.30847727802957, 0.00000000000000, 2.30961221187012,42.37621966052598,    0.00000000000000,
   25,    4, 0.15312500000000, 0.02187500000000, 2.30670393042430, 0.00113493384055, 2.30556899658374, 0.00326874440669,-0.00000000000000, 0.00753631576182, 2.30847727802957, 0.00000000000000, 2.30961221187012,42.37621966052598,    0.00000000000000,
   25,    5, 0.15312500000000, 0.02812500000000, 2.30670393042430, 0.00113493384055, 2.30556899658374, 0.00326874440669,-0.00000000000000, 0.00753631576182, 2.30847727802957, 0.00000000000000, 2.30961221187012,42.37621966052598,    0.00000000000000,
   26,    1, 0.15937500000000, 0.00312500000000, 2.31835098901753, 0.00122749088655, 2.31712349813098, 0.00325488590243,-0.00000000000000, 0.00754197260825, 2.32002141493934, 0.00000000000000, 2.32124890582589,42.15932060439577,    0.00000000000000,
   26,    2, 0.15937500000000, 0.00937500000000, 2.31835098901753, 0.00122749088655, 2.31712349813098, 0.00325488590243,-0.00000000000000, 0.00754197260825, 2.32002141493934, 0.00000000000000, 2.32124890582589,42.15932060439577,    0.00000000000000,
   26,    3, 0.15937500000000, 0.01562500000000, 2.31835098901753, 0.00122749088655, 2.31712349813098, 0.00325488590243,-0.00000000000000, 0.00754197260825, 2.32002141493934, 0.00000000000000, 2.32124890582589,42.15932060439577,    0.00000000000000,
   26,    4, 0.15937500000000, 0.02187500000000, 2.31835098901753, 0.00122749088655, 2.31712349813098, 0.00325488590243,-0.00000000000000, 0.00754197260825, 2.32002141493934, 0.00000000000000, 2.32124890582589,42.15932060439577,    0.00000000000000,
   26,    5, 0.15937500000000, 0.02812500000000, 2.31835098901753, 0.00122749088655, 2.31712349813098, 0.00325488590243,-0.00000000000000, 0.00754197260825, 2.32002141493934, 0.00000000000000, 2.32124890582589,42.15932060439577,    0.00000000000000,
   27,    1, 0.16562500000000, 0.00312500000000, 2.32987781788762, 0.00132342990180, 2.32855438798582, 0.00324130672939,-0.00000000000000, 0.00754755900752, 2.33144217750177, 0.00000000000000, 2.33276560740357,41.91960173568970,    0.00000000000000,
   27,    2, 0.16562500000000, 0.00937500000000, 2.32987781788762, 0.00132342990180, 2.32855438798582, 0.00324130672939,-0.00000000000000, 0.00754755900752, 2.33144217750177, 0.00000000000000, 2.33276560740357,41.91960173568970,    0.00000000000000,
   27,    3, 0.16562500000000, 0.01562500000000, 2.32987781788762, 0.00132342990180, 2.32855438798582, 0.00324130672939,-0.00000000000000, 0.00754755900752, 2.33144217750177, 0.00000000000000, 2.33276560740357,41.91960173568970,    0.00000000000000,
   27,    4, 0.16562500000000, 0.02187500000000, 2.32987781788762, 0.00132342990180, 2.32855438798582, 0.00324130672939,-0.00000000000000, 0.00754755900752, 2.33144217750177, 0.00000000000000, 2.33276560740357,41.91960173568970,    0.00000000000000,
   27,    5, 0.16562500000000, 0.02812500000000, 2.32987781788762, 0.00132342990180, 2.32855438798582, 0.00324130672939,-0.00000000000000, 0.00754755900752, 2.33144217750177, 0.00000000000000, 2.33276560740357,41.91960173568970,    0.00000000000000,
   28,    1, 0.17187500000000, 0.00312500000000, 2.34127998026094, 0.00142271390000, 2.33985726636094, 0.00322800523383,-0.00000000000000, 0.00755307150223, 2.34273516279548, 0.00000000000000, 2.34415787669548,41.65698900009782,    0.00000000000000,
   28,    2, 0.17187500000000, 0.00937500000000, 2.34127998026094, 0.00142271390000, 2.33985726636094, 0.00322800523383,-0.00000000000000, 0.00755307150223, 2.34273516279548, 0.00000000000000, 2.34415787669548,41.65698900009782,    0.00000000000000,
   28,    3, 0.17187500000000, 0.01562500000000, 2.34127998026094, 0.00142271390000, 2.33985726636094, 0.00322800523383,-0.00000000000000, 0.00755307150223, 2.34273516279548, 0.00000000000000, 2.34415787669548,41.65698900009782,    0.00000000000000,
   28,    4, 0.17187500000000, 0.02187500000000, 2.34127998026094, 0.00142271390000, 2.33985726636094, 0.00322800523383,-0.00000000000000, 0.00755307150223, 2.34273516279548, 0.00000000000000, 2.34415787669548,41.65698900009782,    0.00000000000000,
   28,    5, 0.17187500000000, 0.02812500000000, 2.34127998026094, 0.00142271390000, 2.33985726636094, 0.00322800523383,-0.00000000000000, 0.00755307150223, 2.34273516279548, 0.00000000000000, 2.34415787669548,41.65698900009782,    0.00000000000000,
   29,    1, 0.17812500000000, 0.00312500000000, 2.35255308727283, 0.00152530460526, 2.35102778266757, 0.00321497982702,-0.00000000000000, 0.00755850689404, 2.35389601715967, 0.00000000000000, 2.35542132176493,41.37142761229301,    0.00000000000000,
   29,    2, 0.17812500000000, 0.00937500000000, 2.35255308727283, 0.00152530460526, 2.35102778266757, 0.00321497982702,-0.00000000000000, 0.00755850689404, 2.35389601715967, 0.00000000000000, 2.35542132176493,41.37142761229301,    0.00000000000000,
   29,    3, 0.17812500000000, 0.01562500000000, 2.35255308727283, 0.00152530460526, 2.35102778266757, 0.00321497982702,-0.00000000000000, 0.00755850689404, 2.35389601715967, 0.00000000000000, 2.35542132176493,41.37142761229301,    0.00000000000000,
   29,    4, 0.17812500000000, 0.02187500000000, 2.35255308727283, 0.00152530460526, 2.35102778266757, 0.00321497982702,-0.00000000000000, 0.00755850689404, 2.35389601715967, 0.00000000000000, 2.35542132176493,41.37142761229301,    0.00000000000000,
   29,    5, 0.17812500000000, 0.02812500000000, 2.35255308727283, 0.00152530460526, 2.35102778266757, 0.00321497982702,-0.00000000000000, 0.00755850689404, 2.35389601715967, 0.00000000000000, 2.35542132176493,41.37142761229301,    0.00000000000000,
   30,    1, 0.18437500000000, 0.00312500000000, 2.36369279965725, 0.00163116246692, 2.36206163719033, 0.00320222898596,-0.00000000000000, 0.00756386224123, 2.36492043787253, 0.00000000000000, 2.36655160033945,41.06288231763499,    0.00000000000000,
   30,    2, 0.18437500000000, 0.00937500000000, 2.36369279965725, 0.00163116246692, 2.36206163719033, 0.00320222898596,-0.00000000000000, 0.00756386224123, 2.36492043787253, 0.00000000000000, 2.36655160033945,41.06288231763499,    0.00000000000000,
   30,    3, 0.18437500000000, 0.01562500000000, 2.36369279965725, 0.00163116246692, 2.36206163719033, 0.00320222898596,-0.00000000000000, 0.00756386224123, 2.36492043787253, 0.00000000000000, 2.36655160033945,41.06288231763499,    0.00000000000000,
   30,    4, 0.18437500000000, 0.02187500000000, 2.36369279965725, 0.00163116246692, 2.36206163719033, 0.00320222898596,-0.00000000000000, 0.00756386224123, 2.36492043787253, 0.00000000000000, 2.36655160033945,41.06288231763499,    0.00000000000000,
   30,    5, 0.18437500000000, 0.02812500000000, 2.36369279965725, 0.00163116246692, 2.36206163719033, 0.00320222898596,-0.00000000000000, 0.00756386224123, 2.36492043787253, 0.00000000000000, 2.36655160033945,41.06288231763499,    0.00000000000000,
   31,    1, 0.19062500000000, 0.00312500000000, 2.37469482941759, 0.00174024667475, 2.37295458274284, 0.00318975125374,-0.00000000000000, 0.00756913485537, 2.37580417481001, 0.00000000000000, 2.37754442148476,40.73133762987149,    0.00000000000000,
   31,    2, 0.19062500000000, 0.00937500000000, 2.37469482941759, 0.00174024667475, 2.37295458274284, 0.00318975125374,-0.00000000000000, 0.00756913485537, 2.37580417481001, 0.00000000000000, 2.37754442148476,40.73133762987149,    0.00000000000000,
   31,    3, 0.19062500000000, 0.01562500000000, 2.37469482941759, 0.00174024667475, 2.37295458274284, 0.00318975125374,-0.00000000000000, 0.00756913485537, 2.37580417481001, 0.00000000000000, 2.37754442148476,40.73133762987149,    0.00000000000000,
   31,    4, 0.19062500000000, 0.02187500000000, 2.37469482941759, 0.00174024667475, 2.37295458274284, 0.00318975125374,-0.00000000000000, 0.00756913485537, 2.37580417481001, 0.00000000000000, 2.37754442148476,40.73133762987149,    0.00000000000000,
   31,    5, 0.19062500000000, 0.02812500000000, 2.37469482941759, 0.00174024667475, 2.37295458274284, 0.00318975125374,-0.00000000000000, 0.00756913485537, 2.37580417481001, 0.00000000000000, 2.37754442148476,40.73133762987149,    0.00000000000000,
   32,    1, 0.19687500000000, 0.00312500000000, 2.38555494147826, 0.00185251517473, 2.38370242630353, 0.00317754523994,-0.00000000000000, 0.00757432229815, 2.38654303208434, 0.00000000000000, 2.38839554725907,40.37679804439962,    0.00000000000000,
   32,    2, 0.19687500000000, 0.00937500000000, 2.38555494147826, 0.00185251517473, 2.38370242630353, 0.00317754523994,-0.00000000000000, 0.00757432229815, 2.38654303208434, 0.00000000000000, 2.38839554725907,40.37679804439962,    0.00000000000000,
   32,    3, 0.19687500000000, 0.01562500000000, 2.38555494147826, 0.00185251517473, 2.38370242630353, 0.00317754523994,-0.00000000000000, 0.00757432229815, 2.38654303208434, 0.00000000000000, 2.38839554725907,40.37679804439962,    0.00000000000000,
   32,    4, 0.19687500000000, 0.02187500000000, 2.38555494147826, 0.00185251517473, 2.38370242630353, 0.00317754523994,-0.00000000000000, 0.00757432229815, 2.38654303208434, 0.00000000000000, 2.38839554725907,40.37679804439962,    0.00000000000000,
   32,    5, 0.19687500000000, 0.02812500000000, 2.38555494147826, 0.00185251517473, 2.38370242630353, 0.00317754523994,-0.00000000000000, 0.00757432229815, 2.38654303208434, 0.00000000000000, 2.38839554725907,40.37679804439962,    0.00000000000000,
   33,    1, 0.20312500000000, 0.00312500000000, 2.39626895531634, 0.00196792468519, 2.39430103063115, 0.00316560962064,-0.00000000000000, 0.00757942237728, 2.39713286966162, 0.00000000000000, 2.39910079434682,39.99928822668548,    0.00000000000000,
   33,    2, 0.20312500000000, 0.00937500000000, 2.39626895531634, 0.00196792468519, 2.39430103063115, 0.00316560962064,-0.00000000000000, 0.00757942237728, 2.39713286966162, 0.00000000000000, 2.39910079434682,39.99928822668548,    0.00000000000000,
   33,    3, 0.20312500000000, 0.01562500000000, 2.39626895531634, 0.00196792468519, 2.39430103063115, 0.00316560962064,-0.00000000000000, 0.00757942237728, 2.39713286966162, 0.00000000000000, 2.39910079434682,39.99928822668548,    0.00000000000000,
   33,    4, 0.20312500000000, 0.02187500000000, 2.39626895531634, 0.00196792468519, 2.39430103063115, 0.00316560962064,-0.00000000000000, 0.00757942237728, 2.39713286966162, 0.00000000000000, 2.39910079434682,39.99928822668548,    0.00000000000000,
   33,    5, 0.20312500000000, 0.02812500000000, 2.39626895531634, 0.00196792468519, 2.39430103063115, 0.00316560962064,-0.00000000000000, 0.00757942237728, 2.39713286966162, 0.00000000000000, 2.39910079434682,39.99928822668548,    0.00000000000000,
   34,    1, 0.20937500000000, 0.00312500000000, 2.40683274657246, 0.00208643071359, 2.40474631585887, 0.00315394313851,-0.00000000000000, 0.00758443314275, 2.40756960495788, 0.00000000000000, 2.40965603567147,39.59885317547608,    0.00000000000000,
   34,    2, 0.20937500000000, 0.00937500000000, 2.40683274657246, 0.00208643071359, 2.40474631585887, 0.00315394313851,-0.00000000000000, 0.00758443314275, 2.40756960495788, 0.00000000000000, 2.40965603567147,39.59885317547608,    0.00000000000000,
   34,    3, 0.20937500000000, 0.01562500000000, 2.40683274657246, 0.00208643071359, 2.40474631585887, 0.00315394313851,-0.00000000000000, 0.00758443314275, 2.40756960495788, 0.00000000000000, 2.40965603567147,39.59885317547608,    0.00000000000000,
   34,    4, 0.20937500000000, 0.02187500000000, 2.40683274657246, 0.00208643071359, 2.40474631585887, 0.00315394313851,-0.00000000000000, 0.00758443314275, 2.40756960495788, 0.00000000000000, 2.40965603567147,39.59885317547608,    0.00000000000000,
   34,    5, 0.20937500000000, 0.02812500000000, 2.40683274657246, 0.00208643071359, 2.40474631585887, 0.00315394313851,-0.00000000000000, 0.00758443314275, 2.40756960495788, 0.00000000000000, 2.40965603567147,39.59885317547608,    0.00000000000000,
   35,    1, 0.21562500000000, 0.00312500000000, 2.41724224864054, 0.00220798757359, 2.41503426106695, 0.00314254460257,-0.00000000000000, 0.00758935288214, 2.41784921441298, 0.00000000000000, 2.42005720198657,39.17555836047460,    0.00000000000000,
   35,    2, 0.21562500000000, 0.00937500000000, 2.41724224864054, 0.00220798757359, 2.41503426106695, 0.00314254460257,-0.00000000000000, 0.00758935288214, 2.41784921441298, 0.00000000000000, 2.42005720198657,39.17555836047460,    0.00000000000000,
   35,    3, 0.21562500000000, 0.01562500000000, 2.41724224864054, 0.00220798757359, 2.41503426106695, 0.00314254460257,-0.00000000000000, 0.00758935288214, 2.41784921441298, 0.00000000000000, 2.42005720198657,39.17555836047460,    0.00000000000000,
   35,    4, 0.21562500000000, 0.02187500000000, 2.41724224864054, 0.00220798757359, 2.41503426106695, 0.00314254460257,-0.00000000000000, 0.00758935288214, 2.41784921441298, 0.00000000000000, 2.42005720198657,39.17555836047460,    0.00000000000000,
   35,    5, 0.21562500000000, 0.02812500000000, 2.41724224864054, 0.00220798757359, 2.41503426106695, 0.00314254460257,-0.00000000000000, 0.00758935288214, 2.41784921441298, 0.00000000000000, 2.42005720198657,39.17555836047460,    0.00000000000000,
   36,    1, 0.22187500000000, 0.00312500000000, 2.42749345423553, 0.00233254840271, 2.42516090583282, 0.00313141288812,-0.00000000000000, 0.00759418011630, 2.42796773504180, 0.00000000000000, 2.43030028344452,38.72948983418653,    0.00000000000000,
   36,    2, 0.22187500000000, 0.00937500000000, 2.42749345423553, 0.00233254840271, 2.42516090583282, 0.00313141288812,-0.00000000000000, 0.00759418011630, 2.42796773504180, 0.00000000000000, 2.43030028344452,38.72948983418653,    0.00000000000000,
   36,    3, 0.22187500000000, 0.01562500000000, 2.42749345423553, 0.00233254840271, 2.42516090583282, 0.00313141288812,-0.00000000000000, 0.00759418011630, 2.42796773504180, 0.00000000000000, 2.43030028344452,38.72948983418653,    0.00000000000000,
   36,    4, 0.22187500000000, 0.02187500000000, 2.42749345423553, 0.00233254840271, 2.42516090583282, 0.00313141288812,-0.00000000000000, 0.00759418011630, 2.42796773504180, 0.00000000000000, 2.43030028344452,38.72948983418653,    0.00000000000000,
   36,    5, 0.22187500000000, 0.02812500000000, 2.42749345423553, 0.00233254840271, 2.42516090583282, 0.00313141288812,-0.00000000000000, 0.00759418011630, 2.42796773504180, 0.00000000000000, 2.43030028344452,38.72948983418653,    0.00000000000000,
   37,    1, 0.22812500000000, 0.00312500000000, 2.43758241693852, 0.00246006518038, 2.43512235175814, 0.00312054693629,-0.00000000000000, 0.00759891359428, 2.43792126596203, 0.00000000000000, 2.44038133114241,38.26075431768252,    0.00000000000000,
   37,    2, 0.22812500000000, 0.00937500000000, 2.43758241693852, 0.00246006518038, 2.43512235175814, 0.00312054693629,-0.00000000000000, 0.00759891359428, 2.43792126596203, 0.00000000000000, 2.44038133114241,38.26075431768252,    0.00000000000000,
   37,    3, 0.22812500000000, 0.01562500000000, 2.43758241693852, 0.00246006518038, 2.43512235175814, 0.00312054693629,-0.00000000000000, 0.00759891359428, 2.43792126596203, 0.00000000000000, 2.44038133114241,38.26075431768252,    0.00000000000000,
   37,    4, 0.22812500000000, 0.02187500000000, 2.43758241693852, 0.00246006518038, 2.43512235175814, 0.00312054693629,-0.00000000000000, 0.00759891359428, 2.43792126596203, 0.00000000000000, 2.44038133114241,38.26075431768252,    0.00000000000000,
   37,    5, 0.22812500000000, 0.02812500000000, 2.43758241693852, 0.00246006518038, 2.43512235175814, 0.00312054693629,-0.00000000000000, 0.00759891359428, 2.43792126596203, 0.00000000000000, 2.44038133114241,38.26075431768252,    0.00000000000000,
   38,    1, 0.23437500000000, 0.00312500000000, 2.44750525271877, 0.00259048874645, 2.44491476397232, 0.00310994575377,-0.00000000000000, 0.00760355228855, 2.44770596989801, 0.00000000000000, 2.45029645864446,37.76947926006122,    0.00000000000000,
   38,    2, 0.23437500000000, 0.00937500000000, 2.44750525271877, 0.00259048874645, 2.44491476397232, 0.00310994575377,-0.00000000000000, 0.00760355228855, 2.44770596989801, 0.00000000000000, 2.45029645864446,37.76947926006122,    0.00000000000000,
   38,    3, 0.23437500000000, 0.01562500000000, 2.44750525271877, 0.00259048874645, 2.44491476397232, 0.00310994575377,-0.00000000000000, 0.00760355228855, 2.44770596989801, 0.00000000000000, 2.45029645864446,37.76947926006122,    0.00000000000000,
   38,    4, 0.23437500000000, 0.02187500000000, 2.44750525271877, 0.00259048874645, 2.44491476397232, 0.00310994575377,-0.00000000000000, 0.00760355228855, 2.44770596989801, 0.00000000000000, 2.45029645864446,37.76947926006122,    0.00000000000000,
   38,    5, 0.23437500000000, 0.02812500000000, 2.44750525271877, 0.00259048874645, 2.44491476397232, 0.00310994575377,-0.00000000000000, 0.00760355228855, 2.44770596989801, 0.00000000000000, 2.45029645864446,37.76947926006122,    0.00000000000000,
   39,    1, 0.24062500000000, 0.00312500000000, 2.45725814143191, 0.00272376882015, 2.45453437261176, 0.00309960841227,-0.00000000000000, 0.00760809538956, 2.45731807466013, 0.00000000000000, 2.46004184348028,37.25581287143424,    0.00000000000000,
   39,    2, 0.24062500000000, 0.00937500000000, 2.45725814143191, 0.00272376882015, 2.45453437261176, 0.00309960841227,-0.00000000000000, 0.00760809538956, 2.45731807466013, 0.00000000000000, 2.46004184348028,37.25581287143424,    0.00000000000000,
   39,    3, 0.24062500000000, 0.01562500000000, 2.45725814143191, 0.00272376882015, 2.45453437261176, 0.00309960841227,-0.00000000000000, 0.00760809538956, 2.45731807466013, 0.00000000000000, 2.46004184348028,37.25581287143424,    0.00000000000000,
   39,    4, 0.24062500000000, 0.02187500000000, 2.45725814143191, 0.00272376882015, 2.45453437261176, 0.00309960841227,-0.00000000000000, 0.00760809538956, 2.45731807466013, 0.00000000000000, 2.46004184348028,37.25581287143424,    0.00000000000000,
   39,    5, 0.24062500000000, 0.02812500000000, 2.45725814143191, 0.00272376882015, 2.45453437261176, 0.00309960841227,-0.00000000000000, 0.00760809538956, 2.45731807466013, 0.00000000000000, 2.46004184348028,37.25581287143424,    0.00000000000000,
   40,    1, 0.24687500000000, 0.00312500000000, 2.46683732829363, 0.00285985401949, 2.46397747427414, 0.00308953404817,-0.00000000000000, 0.00761254230068, 2.46675387459902, 0.00000000000000, 2.46961372861850,36.71992412929386,    0.00000000000000,
   40,    2, 0.24687500000000, 0.00937500000000, 2.46683732829363, 0.00285985401949, 2.46397747427414, 0.00308953404817,-0.00000000000000, 0.00761254230068, 2.46675387459902, 0.00000000000000, 2.46961372861850,36.71992412929386,    0.00000000000000,
   40,    3, 0.24687500000000, 0.01562500000000, 2.46683732829363, 0.00285985401949, 2.46397747427414, 0.00308953404817,-0.00000000000000, 0.00761254230068, 2.46675387459902, 0.00000000000000, 2.46961372861850,36.71992412929386,    0.00000000000000,
   40,    4, 0.24687500000000, 0.02187500000000, 2.46683732829363, 0.00285985401949, 2.46397747427414, 0.00308953404817,-0.00000000000000, 0.00761254230068, 2.46675387459902, 0.00000000000000, 2.46961372861850,36.71992412929386,    0.00000000000000,
   40,    5, 0.24687500000000, 0.02812500000000, 2.46683732829363, 0.00285985401949, 2.46397747427414, 0.00308953404817,-0.00000000000000, 0.00761254230068, 2.46675387459902, 0.00000000000000, 2.46961372861850,36.71992412929386,    0.00000000000000,
   41,    1, 0.25312500000000, 0.00312500000000, 2.47623912532849, 0.00299869188101, 2.47324043344747, 0.00307972186183,-0.00000000000000, 0.00761689263246, 2.47600973203418, 0.00000000000000, 2.47900842391519,36.16200275816293,    0.00000000000000,
   41,    2, 0.25312500000000, 0.00937500000000, 2.47623912532849, 0.00299869188101, 2.47324043344747, 0.00307972186183,-0.00000000000000, 0.00761689263246, 2.47600973203418, 0.00000000000000, 2.47900842391519,36.16200275816293,    0.00000000000000,
   41,    3, 0.25312500000000, 0.01562500000000, 2.47623912532849, 0.00299869188101, 2.47324043344747, 0.00307972186183,-0.00000000000000, 0.00761689263246, 2.47600973203418, 0.00000000000000, 2.47900842391519,36.16200275816293,    0.00000000000000,
   41,    4, 0.25312500000000, 0.02187500000000, 2.47623912532849, 0.00299869188101, 2.47324043344747, 0.00307972186183,-0.00000000000000, 0.00761689263246, 2.47600973203418, 0.00000000000000, 2.47900842391519,36.16200275816293,    0.00000000000000,
   41,    5, 0.25312500000000, 0.02812500000000, 2.47623912532849, 0.00299869188101, 2.47324043344747, 0.00307972186183,-0.00000000000000, 0.00761689263246, 2.47600973203418, 0.00000000000000, 2.47900842391519,36.16200275816293,    0.00000000000000,
   42,    1, 0.25937500000000, 0.00312500000000, 2.48545991279314, 0.00314022888010, 2.48231968391305, 0.00307017111724,-0.00000000000000, 0.00762114619732, 2.48508207865638, 0.00000000000000, 2.48822230753648,35.58225918246608,    0.00000000000000,
   42,    2, 0.25937500000000, 0.00937500000000, 2.48545991279314, 0.00314022888010, 2.48231968391305, 0.00307017111724,-0.00000000000000, 0.00762114619732, 2.48508207865638, 0.00000000000000, 2.48822230753648,35.58225918246608,    0.00000000000000,
   42,    3, 0.25937500000000, 0.01562500000000, 2.48545991279314, 0.00314022888010, 2.48231968391305, 0.00307017111724,-0.00000000000000, 0.00762114619732, 2.48508207865638, 0.00000000000000, 2.48822230753648,35.58225918246608,    0.00000000000000,
   42,    4, 0.25937500000000, 0.02187500000000, 2.48545991279314, 0.00314022888010, 2.48231968391305, 0.00307017111724,-0.00000000000000, 0.00762114619732, 2.48508207865638, 0.00000000000000, 2.48822230753648,35.58225918246608,    0.00000000000000,
   42,    5, 0.25937500000000, 0.02812500000000, 2.48545991279314, 0.00314022888010, 2.48231968391305, 0.00307017111724,-0.00000000000000, 0.00762114619732, 2.48508207865638, 0.00000000000000, 2.48822230753648,35.58225918246608,    0.00000000000000,
   43,    1, 0.26562500000000, 0.00312500000000, 2.49449614057329, 0.00328441045153, 2.49121173012176, 0.00306088114129,-0.00000000000000, 0.00762530300368, 2.49396741690331, 0.00000000000000, 2.49725182735484,34.98092445259998,    0.00000000000000,
   43,    2, 0.26562500000000, 0.00937500000000, 2.49449614057329, 0.00328441045153, 2.49121173012176, 0.00306088114129,-0.00000000000000, 0.00762530300368, 2.49396741690331, 0.00000000000000, 2.49725182735484,34.98092445259998,    0.00000000000000,
   43,    3, 0.26562500000000, 0.01562500000000, 2.49449614057329, 0.00328441045153, 2.49121173012176, 0.00306088114129,-0.00000000000000, 0.00762530300368, 2.49396741690331, 0.00000000000000, 2.49725182735484,34.98092445259998,    0.00000000000000,
   43,    4, 0.26562500000000, 0.02187500000000, 2.49449614057329, 0.00328441045153, 2.49121173012176, 0.00306088114129,-0.00000000000000, 0.00762530300368, 2.49396741690331, 0.00000000000000, 2.49725182735484,34.98092445259998,    0.00000000000000,
   43,    5, 0.26562500000000, 0.02812500000000, 2.49449614057329, 0.00328441045153, 2.49121173012176, 0.00306088114129,-0.00000000000000, 0.00762530300368, 2.49396741690331, 0.00000000000000, 2.49725182735484,34.98092445259998,    0.00000000000000,
   44,    1, 0.27187500000000, 0.00312500000000, 2.50334432955409, 0.00343118101057, 2.49991314854352, 0.00305185132329,-0.00000000000000, 0.00762936325050, 2.50266232130791, 0.00000000000000, 2.50609350231848,34.35825014422021,    0.00000000000000,
   44,    2, 0.27187500000000, 0.00937500000000, 2.50334432955409, 0.00343118101057, 2.49991314854352, 0.00305185132329,-0.00000000000000, 0.00762936325050, 2.50266232130791, 0.00000000000000, 2.50609350231848,34.35825014422021,    0.00000000000000,
   44,    3, 0.27187500000000, 0.01562500000000, 2.50334432955409, 0.00343118101057, 2.49991314854352, 0.00305185132329,-0.00000000000000, 0.00762936325050, 2.50266232130791, 0.00000000000000, 2.50609350231848,34.35825014422021,    0.00000000000000,
   44,    4, 0.27187500000000, 0.02187500000000, 2.50334432955409, 0.00343118101057, 2.49991314854352, 0.00305185132329,-0.00000000000000, 0.00762936325050, 2.50266232130791, 0.00000000000000, 2.50609350231848,34.35825014422021,    0.00000000000000,
   44,    5, 0.27187500000000, 0.02812500000000, 2.50334432955409, 0.00343118101057, 2.49991314854352, 0.00305185132329,-0.00000000000000, 0.00762936325050, 2.50266232130791, 0.00000000000000, 2.50609350231848,34.35825014422021,    0.00000000000000,
   45,    1, 0.27812500000000, 0.00312500000000, 2.51200107296314, 0.00358048397437, 2.50842058898876, 0.00304308111437,-0.00000000000000, 0.00763332732124, 2.51116343981904, 0.00000000000000, 2.51474392379341,33.71450823080146,    0.00000000000000,
   45,    2, 0.27812500000000, 0.00937500000000, 2.51200107296314, 0.00358048397437, 2.50842058898876, 0.00304308111437,-0.00000000000000, 0.00763332732124, 2.51116343981904, 0.00000000000000, 2.51474392379341,33.71450823080146,    0.00000000000000,
   45,    3, 0.27812500000000, 0.01562500000000, 2.51200107296314, 0.00358048397437, 2.50842058898876, 0.00304308111437,-0.00000000000000, 0.00763332732124, 2.51116343981904, 0.00000000000000, 2.51474392379341,33.71450823080146,    0.00000000000000,
   45,    4, 0.27812500000000, 0.02187500000000, 2.51200107296314, 0.00358048397437, 2.50842058898876, 0.00304308111437,-0.00000000000000, 0.00763332732124, 2.51116343981904, 0.00000000000000, 2.51474392379341,33.71450823080146,    0.00000000000000,
   45,    5, 0.27812500000000, 0.02812500000000, 2.51200107296314, 0.00358048397437, 2.50842058898876, 0.00304308111437,-0.00000000000000, 0.00763332732124, 2.51116343981904, 0.00000000000000, 2.51474392379341,33.71450823080146,    0.00000000000000,
   46,    1, 0.28437500000000, 0.00312500000000, 2.52046303768577, 0.00373226178381, 2.51673077590197, 0.00303457002692,-0.00000000000000, 0.00763719577837, 2.51946749509368, 0.00000000000000, 2.52319975687748,33.04999092956734,    0.00000000000000,
   46,    2, 0.28437500000000, 0.00937500000000, 2.52046303768577, 0.00373226178381, 2.51673077590197, 0.00303457002692,-0.00000000000000, 0.00763719577837, 2.51946749509368, 0.00000000000000, 2.52319975687748,33.04999092956734,    0.00000000000000,
   46,    3, 0.28437500000000, 0.01562500000000, 2.52046303768577, 0.00373226178381, 2.51673077590197, 0.00303457002692,-0.00000000000000, 0.00763719577837, 2.51946749509368, 0.00000000000000, 2.52319975687748,33.04999092956734,    0.00000000000000,
   46,    4, 0.28437500000000, 0.02187500000000, 2.52046303768577, 0.00373226178381, 2.51673077590197, 0.00303457002692,-0.00000000000000, 0.00763719577837, 2.51946749509368, 0.00000000000000, 2.52319975687748,33.04999092956734,    0.00000000000000,
   46,    5, 0.28437500000000, 0.02812500000000, 2.52046303768577, 0.00373226178381, 2.51673077590197, 0.00303457002692,-0.00000000000000, 0.00763719577837, 2.51946749509368, 0.00000000000000, 2.52319975687748,33.04999092956734,    0.00000000000000,
   47,    1, 0.29062500000000, 0.00312500000000, 2.52872696555202, 0.00388645592563, 2.52484050962639, 0.00302631763399,-0.00000000000000, 0.00764096935729, 2.52757128576044, 0.00000000000000, 2.53145774168607,32.36501052092459,    0.00000000000000,
   47,    2, 0.29062500000000, 0.00937500000000, 2.52872696555202, 0.00388645592563, 2.52484050962639, 0.00302631763399,-0.00000000000000, 0.00764096935729, 2.52757128576044, 0.00000000000000, 2.53145774168607,32.36501052092459,    0.00000000000000,
   47,    3, 0.29062500000000, 0.01562500000000, 2.52872696555202, 0.00388645592563, 2.52484050962639, 0.00302631763399,-0.00000000000000, 0.00764096935729, 2.52757128576044, 0.00000000000000, 2.53145774168607,32.36501052092459,    0.00000000000000,
   47,    4, 0.29062500000000, 0.02187500000000, 2.52872696555202, 0.00388645592563, 2.52484050962639, 0.00302631763399,-0.00000000000000, 0.00764096935729, 2.52757128576044, 0.00000000000000, 2.53145774168607,32.36501052092459,    0.00000000000000,
   47,    5, 0.29062500000000, 0.02812500000000, 2.52872696555202, 0.00388645592563, 2.52484050962639, 0.00302631763399,-0.00000000000000, 0.00764096935729, 2.52757128576044, 0.00000000000000, 2.53145774168607,32.36501052092459,    0.00000000000000,
   48,    1, 0.29687500000000, 0.00312500000000, 2.53678967459472, 0.00404300695508, 2.53274666763965, 0.00301832356882,-0.00000000000000, 0.00764464896078, 2.53547168765376, 0.00000000000000, 2.53951469460884,31.65989914157677,    0.00000000000000,
   48,    2, 0.29687500000000, 0.00937500000000, 2.53678967459472, 0.00404300695508, 2.53274666763965, 0.00301832356882,-0.00000000000000, 0.00764464896078, 2.53547168765376, 0.00000000000000, 2.53951469460884,31.65989914157677,    0.00000000000000,
   48,    3, 0.29687500000000, 0.01562500000000, 2.53678967459472, 0.00404300695508, 2.53274666763965, 0.00301832356882,-0.00000000000000, 0.00764464896078, 2.53547168765376, 0.00000000000000, 2.53951469460884,31.65989914157677,    0.00000000000000,
   48,    4, 0.29687500000000, 0.02187500000000, 2.53678967459472, 0.00404300695508, 2.53274666763965, 0.00301832356882,-0.00000000000000, 0.00764464896078, 2.53547168765376, 0.00000000000000, 2.53951469460884,31.65989914157677,    0.00000000000000,
   48,    5, 0.29687500000000, 0.02812500000000, 2.53678967459472, 0.00404300695508, 2.53274666763965, 0.00301832356882,-0.00000000000000, 0.00764464896078, 2.53547168765376, 0.00000000000000, 2.53951469460884,31.65989914157677,    0.00000000000000,
   49,    1, 0.30312500000000, 0.00312500000000, 2.54464806027829, 0.00420185451873, 2.54044620575956, 0.00301058752420,-0.00000000000000, 0.00764823565295, 2.54316565501833, 0.00000000000000, 2.54736750953706,30.93500855152974,    0.00000000000000,
   49,    2, 0.30312500000000, 0.00937500000000, 2.54464806027829, 0.00420185451873, 2.54044620575956, 0.00301058752420,-0.00000000000000, 0.00764823565295, 2.54316565501833, 0.00000000000000, 2.54736750953706,30.93500855152974,    0.00000000000000,
   49,    3, 0.30312500000000, 0.01562500000000, 2.54464806027829, 0.00420185451873, 2.54044620575956, 0.00301058752420,-0.00000000000000, 0.00764823565295, 2.54316565501833, 0.00000000000000, 2.54736750953706,30.93500855152974,    0.00000000000000,
   49,    4, 0.30312500000000, 0.02187500000000, 2.54464806027829, 0.00420185451873, 2.54044620575956, 0.00301058752420,-0.00000000000000, 0.00764823565295, 2.54316565501833, 0.00000000000000, 2.54736750953706,30.93500855152974,    0.00000000000000,
   49,    5, 0.30312500000000, 0.02812500000000, 2.54464806027829, 0.00420185451873, 2.54044620575956, 0.00301058752420,-0.00000000000000, 0.00764823565295, 2.54316565501833, 0.00000000000000, 2.54736750953706,30.93500855152974,    0.00000000000000,
   50,    1, 0.30937500000000, 0.00312500000000, 2.55229909669771, 0.00436293737785, 2.54793615931986, 0.00300310925208,-0.00000000000000, 0.00765173065376, 2.55065022168325, 0.00000000000000, 2.55501315906110,30.19070987524130,    0.00000000000000,
   50,    2, 0.30937500000000, 0.00937500000000, 2.55229909669771, 0.00436293737785, 2.54793615931986, 0.00300310925208,-0.00000000000000, 0.00765173065376, 2.55065022168325, 0.00000000000000, 2.55501315906110,30.19070987524130,    0.00000000000000,
   50,    3, 0.30937500000000, 0.01562500000000, 2.55229909669771, 0.00436293737785, 2.54793615931986, 0.00300310925208,-0.00000000000000, 0.00765173065376, 2.55065022168325, 0.00000000000000, 2.55501315906110,30.19070987524130,    0.00000000000000,
   50,    4, 0.30937500000000, 0.02187500000000, 2.55229909669771, 0.00436293737785, 2.54793615931986, 0.00300310925208,-0.00000000000000, 0.00765173065376, 2.55065022168325, 0.00000000000000, 2.55501315906110,30.19070987524130,    0.00000000000000,
   50,    5, 0.30937500000000, 0.02812500000000, 2.55229909669771, 0.00436293737785, 2.54793615931986, 0.00300310925208,-0.00000000000000, 0.00765173065376, 2.55065022168325, 0.00000000000000, 2.55501315906110,30.19070987524130,    0.00000000000000,
   51,    1, 0.31562500000000, 0.00312500000000, 2.55973983774715, 0.00452619343191, 2.55521364431524, 0.00299588856298,-0.00000000000000, 0.00765513533297, 2.55792250220561, 0.00000000000000, 2.56244869563752,29.42739331720422,    0.00000000000000,
   51,    2, 0.31562500000000, 0.00937500000000, 2.55973983774715, 0.00452619343191, 2.55521364431524, 0.00299588856298,-0.00000000000000, 0.00765513533297, 2.55792250220561, 0.00000000000000, 2.56244869563752,29.42739331720422,    0.00000000000000,
   51,    3, 0.31562500000000, 0.01562500000000, 2.55973983774715, 0.00452619343191, 2.55521364431524, 0.00299588856298,-0.00000000000000, 0.00765513533297, 2.55792250220561, 0.00000000000000, 2.56244869563752,29.42739331720422,    0.00000000000000,
   51,    4, 0.31562500000000, 0.02187500000000, 2.55973983774715, 0.00452619343191, 2.55521364431524, 0.00299588856298,-0.00000000000000, 0.00765513533297, 2.55792250220561, 0.00000000000000, 2.56244869563752,29.42739331720422,    0.00000000000000,
   51,    5, 0.31562500000000, 0.02812500000000, 2.55973983774715, 0.00452619343191, 2.55521364431524, 0.00299588856298,-0.00000000000000, 0.00765513533297, 2.55792250220561, 0.00000000000000, 2.56244869563752,29.42739331720422,    0.00000000000000,
   52,    1, 0.32187500000000, 0.00312500000000, 2.56696741825797, 0.00469155974260, 2.56227585851536, 0.00298892532561, 0.00000000000000, 0.00765845120473, 2.56497969298282, 0.00000000000000, 2.56967125272543,28.64546785229073,    0.00000000000000,
   52,    2, 0.32187500000000, 0.00937500000000, 2.56696741825797, 0.00469155974260, 2.56227585851536, 0.00298892532561, 0.00000000000000, 0.00765845120473, 2.56497969298282, 0.00000000000000, 2.56967125272543,28.64546785229073,    0.00000000000000,
   52,    3, 0.32187500000000, 0.01562500000000, 2.56696741825797, 0.00469155974260, 2.56227585851536, 0.00298892532561, 0.00000000000000, 0.00765845120473, 2.56497969298282, 0.00000000000000, 2.56967125272543,28.64546785229073,    0.00000000000000,
   52,    4, 0.32187500000000, 0.02187500000000, 2.56696741825797, 0.00469155974260, 2.56227585851536, 0.00298892532561, 0.00000000000000, 0.00765845120473, 2.56497969298282, 0.00000000000000, 2.56967125272543,28.64546785229073,    0.00000000000000,
   52,    5, 0.32187500000000, 0.02812500000000, 2.56696741825797, 0.00469155974260, 2.56227585851536, 0.00298892532561, 0.00000000000000, 0.00765845120473, 2.56497969298282, 0.00000000000000, 2.56967125272543,28.64546785229073,    0.00000000000000,
   53,    1, 0.32812500000000, 0.00312500000000, 2.57397905510532, 0.00485897255807, 2.56912008254726, 0.00298221946639,-0.00000000000000, 0.00766167992166, 2.57181907333351, 0.00000000000000, 2.57667804589158,27.84536089122298,    0.00000000000000,
   53,    2, 0.32812500000000, 0.00937500000000, 2.57397905510532, 0.00485897255807, 2.56912008254726, 0.00298221946639,-0.00000000000000, 0.00766167992166, 2.57181907333351, 0.00000000000000, 2.57667804589158,27.84536089122298,    0.00000000000000,
   53,    3, 0.32812500000000, 0.01562500000000, 2.57397905510532, 0.00485897255807, 2.56912008254726, 0.00298221946639,-0.00000000000000, 0.00766167992166, 2.57181907333351, 0.00000000000000, 2.57667804589158,27.84536089122298,    0.00000000000000,
   53,    4, 0.32812500000000, 0.02187500000000, 2.57397905510532, 0.00485897255807, 2.56912008254726, 0.00298221946639,-0.00000000000000, 0.00766167992166, 2.57181907333351, 0.00000000000000, 2.57667804589158,27.84536089122298,    0.00000000000000,
   53,    5, 0.32812500000000, 0.02812500000000, 2.57397905510532, 0.00485897255807, 2.56912008254726, 0.00298221946639,-0.00000000000000, 0.00766167992166, 2.57181907333351, 0.00000000000000, 2.57667804589158,27.84536089122298,    0.00000000000000,
   54,    1, 0.33437500000000, 0.00312500000000, 2.58077204828331, 0.00502836733747, 2.57574368094584, 0.00297577096908,-0.00000000000000, 0.00766482326956, 2.57843800654636, 0.00000000000000, 2.58346637388384,27.02751792157141,    0.00000000000000,
   54,    2, 0.33437500000000, 0.00937500000000, 2.58077204828331, 0.00502836733747, 2.57574368094584, 0.00297577096908,-0.00000000000000, 0.00766482326956, 2.57843800654636, 0.00000000000000, 2.58346637388384,27.02751792157141,    0.00000000000000,
   54,    3, 0.33437500000000, 0.01562500000000, 2.58077204828331, 0.00502836733747, 2.57574368094584, 0.00297577096908,-0.00000000000000, 0.00766482326956, 2.57843800654636, 0.00000000000000, 2.58346637388384,27.02751792157141,    0.00000000000000,
   54,    4, 0.33437500000000, 0.02187500000000, 2.58077204828331, 0.00502836733747, 2.57574368094584, 0.00297577096908,-0.00000000000000, 0.00766482326956, 2.57843800654636, 0.00000000000000, 2.58346637388384,27.02751792157141,    0.00000000000000,
   54,    5, 0.33437500000000, 0.02812500000000, 2.58077204828331, 0.00502836733747, 2.57574368094584, 0.00297577096908,-0.00000000000000, 0.00766482326956, 2.57843800654636, 0.00000000000000, 2.58346637388384,27.02751792157141,    0.00000000000000,
   55,    1, 0.34062500000000, 0.00312500000000, 2.58734378194796, 0.00519967877591, 2.58214410317205, 0.00296957987439, 0.00000000000000, 0.00766788316155, 2.58483394089662, 0.00000000000000, 2.59003361967253,26.19240212471876,    0.00000000000000,
   55,    2, 0.34062500000000, 0.00937500000000, 2.58734378194796, 0.00519967877591, 2.58214410317205, 0.00296957987439, 0.00000000000000, 0.00766788316155, 2.58483394089662, 0.00000000000000, 2.59003361967253,26.19240212471876,    0.00000000000000,
   55,    3, 0.34062500000000, 0.01562500000000, 2.58734378194796, 0.00519967877591, 2.58214410317205, 0.00296957987439, 0.00000000000000, 0.00766788316155, 2.58483394089662, 0.00000000000000, 2.59003361967253,26.19240212471876,    0.00000000000000,
   55,    4, 0.34062500000000, 0.02187500000000, 2.58734378194796, 0.00519967877591, 2.58214410317205, 0.00296957987439, 0.00000000000000, 0.00766788316155, 2.58483394089662, 0.00000000000000, 2.59003361967253,26.19240212471876,    0.00000000000000,
   55,    5, 0.34062500000000, 0.02812500000000, 2.58734378194796, 0.00519967877591, 2.58214410317205, 0.00296957987439, 0.00000000000000, 0.00766788316155, 2.58483394089662, 0.00000000000000, 2.59003361967253,26.19240212471876,    0.00000000000000,
   56,    1, 0.34687500000000, 0.00312500000000, 2.59369172542774, 0.00537284082956, 2.58831888459818, 0.00296364627967,-0.00000000000000, 0.00767086163294, 2.59100441062983, 0.00000000000000, 2.59637725145939,25.34049396926328,    0.00000000000000,
   56,    2, 0.34687500000000, 0.00937500000000, 2.59369172542774, 0.00537284082956, 2.58831888459818, 0.00296364627967,-0.00000000000000, 0.00767086163294, 2.59100441062983, 0.00000000000000, 2.59637725145939,25.34049396926328,    0.00000000000000,
   56,    3, 0.34687500000000, 0.01562500000000, 2.59369172542774, 0.00537284082956, 2.58831888459818, 0.00296364627967,-0.00000000000000, 0.00767086163294, 2.59100441062983, 0.00000000000000, 2.59637725145939,25.34049396926328,    0.00000000000000,
   56,    4, 0.34687500000000, 0.02187500000000, 2.59369172542774, 0.00537284082956, 2.58831888459818, 0.00296364627967,-0.00000000000000, 0.00767086163294, 2.59100441062983, 0.00000000000000, 2.59637725145939,25.34049396926328,    0.00000000000000,
   56,    5, 0.34687500000000, 0.02812500000000, 2.59369172542774, 0.00537284082956, 2.58831888459818, 0.00296364627967,-0.00000000000000, 0.00767086163294, 2.59100441062983, 0.00000000000000, 2.59637725145939,25.34049396926328,    0.00000000000000,
   57,    1, 0.35312500000000, 0.00312500000000, 2.59981343420121, 0.00554778674115, 2.59426564746007, 0.00295797033856, 0.00000000000000, 0.00767376083553, 2.59694703691246, 0.00000000000000, 2.60249482365361,24.47229078136941,    0.00000000000000,
   57,    2, 0.35312500000000, 0.00937500000000, 2.59981343420121, 0.00554778674115, 2.59426564746007, 0.00295797033856, 0.00000000000000, 0.00767376083553, 2.59694703691246, 0.00000000000000, 2.60249482365361,24.47229078136941,    0.00000000000000,
   57,    3, 0.35312500000000, 0.01562500000000, 2.59981343420121, 0.00554778674115, 2.59426564746007, 0.00295797033856, 0.00000000000000, 0.00767376083553, 2.59694703691246, 0.00000000000000, 2.60249482365361,24.47229078136941,    0.00000000000000,
   57,    4, 0.35312500000000, 0.02187500000000, 2.59981343420121, 0.00554778674115, 2.59426564746007, 0.00295797033856, 0.00000000000000, 0.00767376083553, 2.59694703691246, 0.00000000000000, 2.60249482365361,24.47229078136941,    0.00000000000000,
   57,    5, 0.35312500000000, 0.02812500000000, 2.59981343420121, 0.00554778674115, 2.59426564746007, 0.00295797033856, 0.00000000000000, 0.00767376083553, 2.59694703691246, 0.00000000000000, 2.60249482365361,24.47229078136941,    0.00000000000000,
   58,    1, 0.35937500000000, 0.00312500000000, 2.60570655084148, 0.00572444906570, 2.59998210177578, 0.00295255226079,-0.00000000000000, 0.00767658303260, 2.60265952874896, 0.00000000000000, 2.60838397781466,23.58830629260852,    0.00000000000000,
   58,    2, 0.35937500000000, 0.00937500000000, 2.60570655084148, 0.00572444906570, 2.59998210177578, 0.00295255226079,-0.00000000000000, 0.00767658303260, 2.60265952874896, 0.00000000000000, 2.60838397781466,23.58830629260852,    0.00000000000000,
   58,    3, 0.35937500000000, 0.01562500000000, 2.60570655084148, 0.00572444906570, 2.59998210177578, 0.00295255226079,-0.00000000000000, 0.00767658303260, 2.60265952874896, 0.00000000000000, 2.60838397781466,23.58830629260852,    0.00000000000000,
   58,    4, 0.35937500000000, 0.02187500000000, 2.60570655084148, 0.00572444906570, 2.59998210177578, 0.00295255226079,-0.00000000000000, 0.00767658303260, 2.60265952874896, 0.00000000000000, 2.60838397781466,23.58830629260852,    0.00000000000000,
   58,    5, 0.35937500000000, 0.02812500000000, 2.60570655084148, 0.00572444906570, 2.59998210177578, 0.00295255226079,-0.00000000000000, 0.00767658303260, 2.60265952874896, 0.00000000000000, 2.60838397781466,23.58830629260852,    0.00000000000000,
   59,    1, 0.36562500000000, 0.00312500000000, 2.61136880592691, 0.00590275969652, 2.60546604623039, 0.00294739231183,-0.00000000000000, 0.00767933059340, 2.60813968386498, 0.00000000000000, 2.61404244356150,22.68907016586555,    0.00000000000000,
   59,    2, 0.36562500000000, 0.00937500000000, 2.61136880592691, 0.00590275969652, 2.60546604623039, 0.00294739231183,-0.00000000000000, 0.00767933059340, 2.60813968386498, 0.00000000000000, 2.61404244356150,22.68907016586555,    0.00000000000000,
   59,    3, 0.36562500000000, 0.01562500000000, 2.61136880592691, 0.00590275969652, 2.60546604623039, 0.00294739231183,-0.00000000000000, 0.00767933059340, 2.60813968386498, 0.00000000000000, 2.61404244356150,22.68907016586555,    0.00000000000000,
   59,    4, 0.36562500000000, 0.02187500000000, 2.61136880592691, 0.00590275969652, 2.60546604623039, 0.00294739231183,-0.00000000000000, 0.00767933059340, 2.60813968386498, 0.00000000000000, 2.61404244356150,22.68907016586555,    0.00000000000000,
   59,    5, 0.36562500000000, 0.02812500000000, 2.61136880592691, 0.00590275969652, 2.60546604623039, 0.00294739231183,-0.00000000000000, 0.00767933059340, 2.60813968386498, 0.00000000000000, 2.61404244356150,22.68907016586555,    0.00000000000000,
   60,    1, 0.37187500000000, 0.00312500000000, 2.61679801891796, 0.00608264989148, 2.61071536902648, 0.00294249081282,-0.00000000000000, 0.00768200598825, 2.61338538955640, 0.00000000000000, 2.61946803944788,21.77512749992001,    0.00000000000000,
   60,    2, 0.37187500000000, 0.00937500000000, 2.61679801891796, 0.00608264989148, 2.61071536902648, 0.00294249081282,-0.00000000000000, 0.00768200598825, 2.61338538955640, 0.00000000000000, 2.61946803944788,21.77512749992001,    0.00000000000000,
   60,    3, 0.37187500000000, 0.01562500000000, 2.61679801891796, 0.00608264989148, 2.61071536902648, 0.00294249081282,-0.00000000000000, 0.00768200598825, 2.61338538955640, 0.00000000000000, 2.61946803944788,21.77512749992001,    0.00000000000000,
   60,    4, 0.37187500000000, 0.02187500000000, 2.61679801891796, 0.00608264989148, 2.61071536902648, 0.00294249081282,-0.00000000000000, 0.00768200598825, 2.61338538955640, 0.00000000000000, 2.61946803944788,21.77512749992001,    0.00000000000000,
   60,    5, 0.37187500000000, 0.02812500000000, 2.61679801891796, 0.00608264989148, 2.61071536902648, 0.00294249081282,-0.00000000000000, 0.00768200598825, 2.61338538955640, 0.00000000000000, 2.61946803944788,21.77512749992001,    0.00000000000000,
   61,    1, 0.37812500000000, 0.00312500000000, 2.62199209899964, 0.00626405029947, 2.61572804870017, 0.00293784814024,-0.00000000000000, 0.00768461178324, 2.61839462350382, 0.00000000000000, 2.62465867380329,20.84703831334127,    0.00000000000000,
   61,    2, 0.37812500000000, 0.00937500000000, 2.62199209899964, 0.00626405029947, 2.61572804870017, 0.00293784814024,-0.00000000000000, 0.00768461178324, 2.61839462350382, 0.00000000000000, 2.62465867380329,20.84703831334127,    0.00000000000000,
   61,    3, 0.37812500000000, 0.01562500000000, 2.62199209899964, 0.00626405029947, 2.61572804870017, 0.00293784814024,-0.00000000000000, 0.00768461178324, 2.61839462350382, 0.00000000000000, 2.62465867380329,20.84703831334127,    0.00000000000000,
   61,    4, 0.37812500000000, 0.02187500000000, 2.62199209899964, 0.00626405029947, 2.61572804870017, 0.00293784814024,-0.00000000000000, 0.00768461178324, 2.61839462350382, 0.00000000000000, 2.62465867380329,20.84703831334127,    0.00000000000000,
   61,    5, 0.37812500000000, 0.02812500000000, 2.62199209899964, 0.00626405029947, 2.61572804870017, 0.00293784814024,-0.00000000000000, 0.00768461178324, 2.61839462350382, 0.00000000000000, 2.62465867380329,20.84703831334127,    0.00000000000000,
   62,    1, 0.38437500000000, 0.00312500000000, 2.62694904588932, 0.00644689098720, 2.62050215490212, 0.00293346472588,-0.00000000000000, 0.00768715063551, 2.62316545455220, 0.00000000000000, 2.62961234553939,19.90537700836901,    0.00000000000000,
   62,    2, 0.38437500000000, 0.00937500000000, 2.62694904588932, 0.00644689098720, 2.62050215490212, 0.00293346472588,-0.00000000000000, 0.00768715063551, 2.62316545455220, 0.00000000000000, 2.62961234553939,19.90537700836901,    0.00000000000000,
   62,    3, 0.38437500000000, 0.01562500000000, 2.62694904588932, 0.00644689098720, 2.62050215490212, 0.00293346472588,-0.00000000000000, 0.00768715063551, 2.62316545455220, 0.00000000000000, 2.62961234553939,19.90537700836901,    0.00000000000000,
   62,    4, 0.38437500000000, 0.02187500000000, 2.62694904588932, 0.00644689098720, 2.62050215490212, 0.00293346472588,-0.00000000000000, 0.00768715063551, 2.62316545455220, 0.00000000000000, 2.62961234553939,19.90537700836901,    0.00000000000000,
   62,    5, 0.38437500000000, 0.02812500000000, 2.62694904588932, 0.00644689098720, 2.62050215490212, 0.00293346472588,-0.00000000000000, 0.00768715063551, 2.62316545455220, 0.00000000000000, 2.62961234553939,19.90537700836901,    0.00000000000000,
   63,    1, 0.39062500000000, 0.00312500000000, 2.63166695060961, 0.00663110146608, 2.62503584914353, 0.00292934105664,-0.00000000000000, 0.00768962528804, 2.62769604345535, 0.00000000000000, 2.63432714492142,18.95073181547913,    0.00000000000000,
   63,    2, 0.39062500000000, 0.00937500000000, 2.63166695060961, 0.00663110146608, 2.62503584914353, 0.00292934105664,-0.00000000000000, 0.00768962528804, 2.62769604345535, 0.00000000000000, 2.63432714492142,18.95073181547913,    0.00000000000000,
   63,    3, 0.39062500000000, 0.01562500000000, 2.63166695060961, 0.00663110146608, 2.62503584914353, 0.00292934105664,-0.00000000000000, 0.00768962528804, 2.62769604345535, 0.00000000000000, 2.63432714492142,18.95073181547913,    0.00000000000000,
   63,    4, 0.39062500000000, 0.02187500000000, 2.63166695060961, 0.00663110146608, 2.62503584914353, 0.00292934105664,-0.00000000000000, 0.00768962528804, 2.62769604345535, 0.00000000000000, 2.63432714492142,18.95073181547913,    0.00000000000000,
   63,    5, 0.39062500000000, 0.02812500000000, 2.63166695060961, 0.00663110146608, 2.62503584914353, 0.00292934105664,-0.00000000000000, 0.00768962528804, 2.62769604345535, 0.00000000000000, 2.63432714492142,18.95073181547913,    0.00000000000000,
   64,    1, 0.39687500000000, 0.00312500000000, 2.63614399622586, 0.00681661071947, 2.62932738550639, 0.00292547767446, 0.00000000000000, 0.00769203856515, 2.63198464358501, 0.00000000000000, 2.63880125430448,17.98370421936442,    0.00000000000000,
   64,    2, 0.39687500000000, 0.00937500000000, 2.63614399622586, 0.00681661071947, 2.62932738550639, 0.00292547767446, 0.00000000000000, 0.00769203856515, 2.63198464358501, 0.00000000000000, 2.63880125430448,17.98370421936442,    0.00000000000000,
   64,    3, 0.39687500000000, 0.01562500000000, 2.63614399622586, 0.00681661071947, 2.62932738550639, 0.00292547767446, 0.00000000000000, 0.00769203856515, 2.63198464358501, 0.00000000000000, 2.63880125430448,17.98370421936442,    0.00000000000000,
   64,    4, 0.39687500000000, 0.02187500000000, 2.63614399622586, 0.00681661071947, 2.62932738550639, 0.00292547767446, 0.00000000000000, 0.00769203856515, 2.63198464358501, 0.00000000000000, 2.63880125430448,17.98370421936442,    0.00000000000000,
   64,    5, 0.39687500000000, 0.02812500000000, 2.63614399622586, 0.00681661071947, 2.62932738550639, 0.00292547767446, 0.00000000000000, 0.00769203856515, 2.63198464358501, 0.00000000000000, 2.63880125430448,17.98370421936442,    0.00000000000000,
   65,    1, 0.40312500000000, 0.00312500000000, 2.64037845854830, 0.00700334723004, 2.63337511131826, 0.00292187517625,-0.00000000000000, 0.00769439336750, 2.63602960160419, 0.00000000000000, 2.64303294883422,17.00490836708653,    0.00000000000000,
   65,    2, 0.40312500000000, 0.00937500000000, 2.64037845854830, 0.00700334723004, 2.63337511131826, 0.00292187517625,-0.00000000000000, 0.00769439336750, 2.63602960160419, 0.00000000000000, 2.64303294883422,17.00490836708653,    0.00000000000000,
   65,    3, 0.40312500000000, 0.01562500000000, 2.64037845854830, 0.00700334723004, 2.63337511131826, 0.00292187517625,-0.00000000000000, 0.00769439336750, 2.63602960160419, 0.00000000000000, 2.64303294883422,17.00490836708653,    0.00000000000000,
   65,    4, 0.40312500000000, 0.02187500000000, 2.64037845854830, 0.00700334723004, 2.63337511131826, 0.00292187517625,-0.00000000000000, 0.00769439336750, 2.63602960160419, 0.00000000000000, 2.64303294883422,17.00490836708653,    0.00000000000000,
   65,    5, 0.40312500000000, 0.02812500000000, 2.64037845854830, 0.00700334723004, 2.63337511131826, 0.00292187517625,-0.00000000000000, 0.00769439336750, 2.63602960160419, 0.00000000000000, 2.64303294883422,17.00490836708653,    0.00000000000000,
   66,    1, 0.40937500000000, 0.00312500000000, 2.64436870679814, 0.00719123900729, 2.63717746779085, 0.00291853421382,-0.00000000000000, 0.00769669266767, 2.63982935810457, 0.00000000000000, 2.64702059711186,16.01497045918247,    0.00000000000000,
   66,    2, 0.40937500000000, 0.00937500000000, 2.64436870679814, 0.00719123900729, 2.63717746779085, 0.00291853421382,-0.00000000000000, 0.00769669266767, 2.63982935810457, 0.00000000000000, 2.64702059711186,16.01497045918247,    0.00000000000000,
   66,    3, 0.40937500000000, 0.01562500000000, 2.64436870679814, 0.00719123900729, 2.63717746779085, 0.00291853421382,-0.00000000000000, 0.00769669266767, 2.63982935810457, 0.00000000000000, 2.64702059711186,16.01497045918247,    0.00000000000000,
   66,    4, 0.40937500000000, 0.02187500000000, 2.64436870679814, 0.00719123900729, 2.63717746779085, 0.00291853421382,-0.00000000000000, 0.00769669266767, 2.63982935810457, 0.00000000000000, 2.64702059711186,16.01497045918247,    0.00000000000000,
   66,    5, 0.40937500000000, 0.02812500000000, 2.64436870679814, 0.00719123900729, 2.63717746779085, 0.00291853421382,-0.00000000000000, 0.00769669266767, 2.63982935810457, 0.00000000000000, 2.64702059711186,16.01497045918247,    0.00000000000000,
   67,    1, 0.41562500000000, 0.00312500000000, 2.64811320423766, 0.00738021361537, 2.64073299062229, 0.00291545549385,-0.00000000000000, 0.00769893950531, 2.64338244820770, 0.00000000000000, 2.65076266182307,15.01452812453448,    0.00000000000000,
   67,    2, 0.41562500000000, 0.00937500000000, 2.64811320423766, 0.00738021361537, 2.64073299062229, 0.00291545549385,-0.00000000000000, 0.00769893950531, 2.64338244820770, 0.00000000000000, 2.65076266182307,15.01452812453448,    0.00000000000000,
   67,    3, 0.41562500000000, 0.01562500000000, 2.64811320423766, 0.00738021361537, 2.64073299062229, 0.00291545549385,-0.00000000000000, 0.00769893950531, 2.64338244820770, 0.00000000000000, 2.65076266182307,15.01452812453448,    0.00000000000000,
   67,    4, 0.41562500000000, 0.02187500000000, 2.64811320423766, 0.00738021361537, 2.64073299062229, 0.00291545549385,-0.00000000000000, 0.00769893950531, 2.64338244820770, 0.00000000000000, 2.65076266182307,15.01452812453448,    0.00000000000000,
   67,    5, 0.41562500000000, 0.02812500000000, 2.64811320423766, 0.00738021361537, 2.64073299062229, 0.00291545549385,-0.00000000000000, 0.00769893950531, 2.64338244820770, 0.00000000000000, 2.65076266182307,15.01452812453448,    0.00000000000000,
   68,    1, 0.42187500000000, 0.00312500000000, 2.65161050876410, 0.00757019820097, 2.64404031056313, 0.00291263977792,-0.00000000000000, 0.00770113698298, 2.64668750212970, 0.00000000000000, 2.65425770033066,14.00422977983534,    0.00000000000000,
   68,    2, 0.42187500000000, 0.00937500000000, 2.65161050876410, 0.00757019820097, 2.64404031056313, 0.00291263977792,-0.00000000000000, 0.00770113698298, 2.64668750212970, 0.00000000000000, 2.65425770033066,14.00422977983534,    0.00000000000000,
   68,    3, 0.42187500000000, 0.01562500000000, 2.65161050876410, 0.00757019820097, 2.64404031056313, 0.00291263977792,-0.00000000000000, 0.00770113698298, 2.64668750212970, 0.00000000000000, 2.65425770033066,14.00422977983534,    0.00000000000000,
   68,    4, 0.42187500000000, 0.02187500000000, 2.65161050876410, 0.00757019820097, 2.64404031056313, 0.00291263977792,-0.00000000000000, 0.00770113698298, 2.64668750212970, 0.00000000000000, 2.65425770033066,14.00422977983534,    0.00000000000000,
   68,    5, 0.42187500000000, 0.02812500000000, 2.65161050876410, 0.00757019820097, 2.64404031056313, 0.00291263977792,-0.00000000000000, 0.00770113698298, 2.64668750212970, 0.00000000000000, 2.65425770033066,14.00422977983534,    0.00000000000000,
   69,    1, 0.42812500000000, 0.00312500000000, 2.65485927346668, 0.00776111952142, 2.64709815394527, 0.00291008788242,-0.00000000000000, 0.00770328826136, 2.64974324570936, 0.00000000000000, 2.65750436523078,12.98473397450527,    0.00000000000000,
   69,    2, 0.42812500000000, 0.00937500000000, 2.65485927346668, 0.00776111952142, 2.64709815394527, 0.00291008788242,-0.00000000000000, 0.00770328826136, 2.64974324570936, 0.00000000000000, 2.65750436523078,12.98473397450527,    0.00000000000000,
   69,    3, 0.42812500000000, 0.01562500000000, 2.65485927346668, 0.00776111952142, 2.64709815394527, 0.00291008788242,-0.00000000000000, 0.00770328826136, 2.64974324570936, 0.00000000000000, 2.65750436523078,12.98473397450527,    0.00000000000000,
   69,    4, 0.42812500000000, 0.02187500000000, 2.65485927346668, 0.00776111952142, 2.64709815394527, 0.00291008788242,-0.00000000000000, 0.00770328826136, 2.64974324570936, 0.00000000000000, 2.65750436523078,12.98473397450527,    0.00000000000000,
   69,    5, 0.42812500000000, 0.02812500000000, 2.65485927346668, 0.00776111952142, 2.64709815394527, 0.00291008788242,-0.00000000000000, 0.00770328826136, 2.64974324570936, 0.00000000000000, 2.65750436523078,12.98473397450527,    0.00000000000000,
   70,    1, 0.43437500000000, 0.00312500000000, 2.65785824714721, 0.00795290397291, 2.64990534317430, 0.00290780067865, 0.00000000000000, 0.00770539655524, 2.65254850089938, 0.00000000000000, 2.66050140487229,11.95670872193737,    0.00000000000000,
   70,    2, 0.43437500000000, 0.00937500000000, 2.65785824714721, 0.00795290397291, 2.64990534317430, 0.00290780067865, 0.00000000000000, 0.00770539655524, 2.65254850089938, 0.00000000000000, 2.66050140487229,11.95670872193737,    0.00000000000000,
   70,    3, 0.43437500000000, 0.01562500000000, 2.65785824714721, 0.00795290397291, 2.64990534317430, 0.00290780067865, 0.00000000000000, 0.00770539655524, 2.65254850089938, 0.00000000000000, 2.66050140487229,11.95670872193737,    0.00000000000000,
   70,    4, 0.43437500000000, 0.02187500000000, 2.65785824714721, 0.00795290397291, 2.64990534317430, 0.00290780067865, 0.00000000000000, 0.00770539655524, 2.65254850089938, 0.00000000000000, 2.66050140487229,11.95670872193737,    0.00000000000000,
   70,    5, 0.43437500000000, 0.02812500000000, 2.65785824714721, 0.00795290397291, 2.64990534317430, 0.00290780067865, 0.00000000000000, 0.00770539655524, 2.65254850089938, 0.00000000000000, 2.66050140487229,11.95670872193737,    0.00000000000000,
   71,    1, 0.44062500000000, 0.00312500000000, 2.66060627480340, 0.00814547761888, 2.65246079718451, 0.00290577909279,-0.00000000000000, 0.00770746512892, 2.65510218622047, 0.00000000000000, 2.66324766383936,10.92083081796891,    0.00000000000000,
   71,    2, 0.44062500000000, 0.00937500000000, 2.66060627480340, 0.00814547761888, 2.65246079718451, 0.00290577909279,-0.00000000000000, 0.00770746512892, 2.65510218622047, 0.00000000000000, 2.66324766383936,10.92083081796891,    0.00000000000000,
   71,    3, 0.44062500000000, 0.01562500000000, 2.66060627480340, 0.00814547761888, 2.65246079718451, 0.00290577909279,-0.00000000000000, 0.00770746512892, 2.65510218622047, 0.00000000000000, 2.66324766383936,10.92083081796891,    0.00000000000000,
   71,    4, 0.44062500000000, 0.02187500000000, 2.66060627480340, 0.00814547761888, 2.65246079718451, 0.00290577909279,-0.00000000000000, 0.00770746512892, 2.65510218622047, 0.00000000000000, 2.66324766383936,10.92083081796891,    0.00000000000000,
   71,    5, 0.44062500000000, 0.02812500000000, 2.66060627480340, 0.00814547761888, 2.65246079718451, 0.00290577909279,-0.00000000000000, 0.00770746512892, 2.65510218622047, 0.00000000000000, 2.66324766383936,10.92083081796891,    0.00000000000000,
   72,    1, 0.44687500000000, 0.00312500000000, 2.66310229807514, 0.00833876621854, 2.65476353185660, 0.00290402410600, 0.00000000000000, 0.00770949729223, 2.65740331717834, 0.00000000000000, 2.66574208339688, 9.87778514749547,    0.00000000000000,
   72,    2, 0.44687500000000, 0.00937500000000, 2.66310229807514, 0.00833876621854, 2.65476353185660, 0.00290402410600, 0.00000000000000, 0.00770949729223, 2.65740331717834, 0.00000000000000, 2.66574208339688, 9.87778514749547,    0.00000000000000,
   72,    3, 0.44687500000000, 0.01562500000000, 2.66310229807514, 0.00833876621854, 2.65476353185660, 0.00290402410600, 0.00000000000000, 0.00770949729223, 2.65740331717834, 0.00000000000000, 2.66574208339688, 9.87778514749547,    0.00000000000000,
   72,    4, 0.44687500000000, 0.02187500000000, 2.66310229807514, 0.00833876621854, 2.65476353185660, 0.00290402410600, 0.00000000000000, 0.00770949729223, 2.65740331717834, 0.00000000000000, 2.66574208339688, 9.87778514749547,    0.00000000000000,
   72,    5, 0.44687500000000, 0.02812500000000, 2.66310229807514, 0.00833876621854, 2.65476353185660, 0.00290402410600, 0.00000000000000, 0.00770949729223, 2.65740331717834, 0.00000000000000, 2.66574208339688, 9.87778514749547,    0.00000000000000,
   73,    1, 0.45312500000000, 0.00312500000000, 2.66534535565355, 0.00853269525545, 2.65681266039810, 0.00290253675433, 0.00000000000000, 0.00771149639617, 2.65945100664319, 0.00000000000000, 2.66798370189863, 8.82826398016159,    0.00000000000000,
   73,    2, 0.45312500000000, 0.00937500000000, 2.66534535565355, 0.00853269525545, 2.65681266039810, 0.00290253675433, 0.00000000000000, 0.00771149639617, 2.65945100664319, 0.00000000000000, 2.66798370189863, 8.82826398016159,    0.00000000000000,
   73,    3, 0.45312500000000, 0.01562500000000, 2.66534535565355, 0.00853269525545, 2.65681266039810, 0.00290253675433, 0.00000000000000, 0.00771149639617, 2.65945100664319, 0.00000000000000, 2.66798370189863, 8.82826398016159,    0.00000000000000,
   73,    4, 0.45312500000000, 0.02187500000000, 2.66534535565355, 0.00853269525545, 2.65681266039810, 0.00290253675433, 0.00000000000000, 0.00771149639617, 2.65945100664319, 0.00000000000000, 2.66798370189863, 8.82826398016159,    0.00000000000000,
   73,    5, 0.45312500000000, 0.02812500000000, 2.66534535565355, 0.00853269525545, 2.65681266039810, 0.00290253675433, 0.00000000000000, 0.00771149639617, 2.65945100664319, 0.00000000000000, 2.66798370189863, 8.82826398016159,    0.00000000000000,
   74,    1, 0.45937500000000, 0.00312500000000, 2.66733458365224, 0.00872718996626, 2.65860739368598, 0.00290131812891,-0.00000000000000, 0.00771346582895, 2.66124446519175, 0.00000000000000, 2.66997165515801, 7.77296625607861,    0.00000000000000,
   74,    2, 0.45937500000000, 0.00937500000000, 2.66733458365224, 0.00872718996626, 2.65860739368598, 0.00290131812891,-0.00000000000000, 0.00771346582895, 2.66124446519175, 0.00000000000000, 2.66997165515801, 7.77296625607861,    0.00000000000000,
   74,    3, 0.45937500000000, 0.01562500000000, 2.66733458365224, 0.00872718996626, 2.65860739368598, 0.00290131812891,-0.00000000000000, 0.00771346582895, 2.66124446519175, 0.00000000000000, 2.66997165515801, 7.77296625607861,    0.00000000000000,
   74,    4, 0.45937500000000, 0.02187500000000, 2.66733458365224, 0.00872718996626, 2.65860739368598, 0.00290131812891,-0.00000000000000, 0.00771346582895, 2.66124446519175, 0.00000000000000, 2.66997165515801, 7.77296625607861,    0.00000000000000,
   74,    5, 0.45937500000000, 0.02812500000000, 2.66733458365224, 0.00872718996626, 2.65860739368598, 0.00290131812891,-0.00000000000000, 0.00771346582895, 2.66124446519175, 0.00000000000000, 2.66997165515801, 7.77296625607861,    0.00000000000000,
   75,    1, 0.46562500000000, 0.00312500000000, 2.66906921594120, 0.00892217536957, 2.66014704057163, 0.00290036937586, 0.00000000000000, 0.00771540901175, 2.66278300141162, 0.00000000000000, 2.67170517678119, 6.71259686253490,    0.00000000000000,
   75,    2, 0.46562500000000, 0.00937500000000, 2.66906921594120, 0.00892217536957, 2.66014704057163, 0.00290036937586, 0.00000000000000, 0.00771540901175, 2.66278300141162, 0.00000000000000, 2.67170517678119, 6.71259686253490,    0.00000000000000,
   75,    3, 0.46562500000000, 0.01562500000000, 2.66906921594120, 0.00892217536957, 2.66014704057163, 0.00290036937586, 0.00000000000000, 0.00771540901175, 2.66278300141162, 0.00000000000000, 2.67170517678119, 6.71259686253490,    0.00000000000000,
   75,    4, 0.46562500000000, 0.02187500000000, 2.66906921594120, 0.00892217536957, 2.66014704057163, 0.00290036937586, 0.00000000000000, 0.00771540901175, 2.66278300141162, 0.00000000000000, 2.67170517678119, 6.71259686253490,    0.00000000000000,
   75,    5, 0.46562500000000, 0.02812500000000, 2.66906921594120, 0.00892217536957, 2.66014704057163, 0.00290036937586, 0.00000000000000, 0.00771540901175, 2.66278300141162, 0.00000000000000, 2.67170517678119, 6.71259686253490,    0.00000000000000,
   76,    1, 0.47187500000000, 0.00312500000000, 2.67054858444282, 0.00911757629480, 2.66143100814802, 0.00289969169642,-0.00000000000000, 0.00771732939491, 2.66406602216779, 0.00000000000000, 2.67318359846259, 5.64786590267694,    0.00000000000000,
   76,    2, 0.47187500000000, 0.00937500000000, 2.67054858444282, 0.00911757629480, 2.66143100814802, 0.00289969169642,-0.00000000000000, 0.00771732939491, 2.66406602216779, 0.00000000000000, 2.67318359846259, 5.64786590267694,    0.00000000000000,
   76,    3, 0.47187500000000, 0.01562500000000, 2.67054858444282, 0.00911757629480, 2.66143100814802, 0.00289969169642,-0.00000000000000, 0.00771732939491, 2.66406602216779, 0.00000000000000, 2.67318359846259, 5.64786590267694,    0.00000000000000,
   76,    4, 0.47187500000000, 0.02187500000000, 2.67054858444282, 0.00911757629480, 2.66143100814802, 0.00289969169642,-0.00000000000000, 0.00771732939491, 2.66406602216779, 0.00000000000000, 2.67318359846259, 5.64786590267694,    0.00000000000000,
   76,    5, 0.47187500000000, 0.02812500000000, 2.67054858444282, 0.00911757629480, 2.66143100814802, 0.00289969169642,-0.00000000000000, 0.00771732939491, 2.66406602216779, 0.00000000000000, 2.67318359846259, 5.64786590267694,    0.00000000000000,
   77,    1, 0.47812500000000, 0.00312500000000, 2.67177211938988, 0.00931331741116, 2.66245880197872, 0.00289928634687, 0.00000000000000, 0.00771923045367, 2.66509303283134, 0.00000000000000, 2.67440635024250, 4.57948795715210,    0.00000000000000,
   77,    2, 0.47812500000000, 0.00937500000000, 2.67177211938988, 0.00931331741116, 2.66245880197872, 0.00289928634687, 0.00000000000000, 0.00771923045367, 2.66509303283134, 0.00000000000000, 2.67440635024250, 4.57948795715210,    0.00000000000000,
   77,    3, 0.47812500000000, 0.01562500000000, 2.67177211938988, 0.00931331741116, 2.66245880197872, 0.00289928634687, 0.00000000000000, 0.00771923045367, 2.66509303283134, 0.00000000000000, 2.67440635024250, 4.57948795715210,    0.00000000000000,
   77,    4, 0.47812500000000, 0.02187500000000, 2.67177211938988, 0.00931331741116, 2.66245880197872, 0.00289928634687, 0.00000000000000, 0.00771923045367, 2.66509303283134, 0.00000000000000, 2.67440635024250, 4.57948795715210,    0.00000000000000,
   77,    5, 0.47812500000000, 0.02812500000000, 2.67177211938988, 0.00931331741116, 2.66245880197872, 0.00289928634687, 0.00000000000000, 0.00771923045367, 2.66509303283134, 0.00000000000000, 2.67440635024250, 4.57948795715210,    0.00000000000000,
   78,    1, 0.48437500000000, 0.00312500000000, 2.67273934954587, 0.00950932325673, 2.66323002628915, 0.00289915463865,-0.00000000000000, 0.00772111568451, 2.66586363747011, 0.00000000000000, 2.67537296072684, 3.50818133971374,    0.00000000000000,
   78,    2, 0.48437500000000, 0.00937500000000, 2.67273934954587, 0.00950932325673, 2.66323002628915, 0.00289915463865,-0.00000000000000, 0.00772111568451, 2.66586363747011, 0.00000000000000, 2.67537296072684, 3.50818133971374,    0.00000000000000,
   78,    3, 0.48437500000000, 0.01562500000000, 2.67273934954587, 0.00950932325673, 2.66323002628915, 0.00289915463865,-0.00000000000000, 0.00772111568451, 2.66586363747011, 0.00000000000000, 2.67537296072684, 3.50818133971374,    0.00000000000000,
   78,    4, 0.48437500000000, 0.02187500000000, 2.67273934954587, 0.00950932325673, 2.66323002628915, 0.00289915463865,-0.00000000000000, 0.00772111568451, 2.66586363747011, 0.00000000000000, 2.67537296072684, 3.50818133971374,    0.00000000000000,
   78,    5, 0.48437500000000, 0.02812500000000, 2.67273934954587, 0.00950932325673, 2.66323002628915, 0.00289915463865,-0.00000000000000, 0.00772111568451, 2.66586363747011, 0.00000000000000, 2.67537296072684, 3.50818133971374,    0.00000000000000,
   79,    1, 0.49062500000000, 0.00312500000000, 2.67344990238691, 0.00970551826752, 2.66374438411939, 0.00289929793826,-0.00000000000000, 0.00772298860093, 2.66637753900135, 0.00000000000000, 2.67608305726887, 2.43466734779909,    0.00000000000000,
   79,    2, 0.49062500000000, 0.00937500000000, 2.67344990238691, 0.00970551826752, 2.66374438411939, 0.00289929793826,-0.00000000000000, 0.00772298860093, 2.66637753900135, 0.00000000000000, 2.67608305726887, 2.43466734779909,    0.00000000000000,
   79,    3, 0.49062500000000, 0.01562500000000, 2.67344990238691, 0.00970551826752, 2.66374438411939, 0.00289929793826,-0.00000000000000, 0.00772298860093, 2.66637753900135, 0.00000000000000, 2.67608305726887, 2.43466734779909,    0.00000000000000,
   79,    4, 0.49062500000000, 0.02187500000000, 2.67344990238691, 0.00970551826752, 2.66374438411939, 0.00289929793826,-0.00000000000000, 0.00772298860093, 2.66637753900135, 0.00000000000000, 2.67608305726887, 2.43466734779909,    0.00000000000000,
   79,    5, 0.49062500000000, 0.02812500000000, 2.67344990238691, 0.00970551826752, 2.66374438411939, 0.00289929793826,-0.00000000000000, 0.00772298860093, 2.66637753900135, 0.00000000000000, 2.67608305726887, 2.43466734779909,    0.00000000000000,
   80,    1, 0.49687500000000, 0.00312500000000, 2.67390350424569, 0.00990182680663, 2.66400167743906, 0.00289971766732,-0.00000000000000, 0.00772485272984, 2.66663453930622, 0.00000000000000, 2.67653636611285, 1.35966950909709,    0.00000000000000,
   80,    2, 0.49687500000000, 0.00937500000000, 2.67390350424569, 0.00990182680663, 2.66400167743906, 0.00289971766732,-0.00000000000000, 0.00772485272984, 2.66663453930622, 0.00000000000000, 2.67653636611285, 1.35966950909709,    0.00000000000000,
   80,    3, 0.49687500000000, 0.01562500000000, 2.67390350424569, 0.00990182680663, 2.66400167743906, 0.00289971766732,-0.00000000000000, 0.00772485272984, 2.66663453930622, 0.00000000000000, 2.67653636611285, 1.35966950909709,    0.00000000000000,
   80,    4, 0.49687500000000, 0.02187500000000, 2.67390350424569, 0.00990182680663, 2.66400167743906, 0.00289971766732,-0.00000000000000, 0.00772485272984, 2.66663453930622, 0.00000000000000, 2.67653636611285, 1.35966950909709,    0.00000000000000,
   80,    5, 0.49687500000000, 0.02812500000000, 2.67390350424569, 0.00990182680663, 2.66400167743906, 0.00289971766732,-0.00000000000000, 0.00772485272984, 2.66663453930622, 0.00000000000000, 2.67653636611285, 1.35966950909709,    0.00000000000000,
   81,    1, 0.50312500000000, 0.00312500000000, 2.67409998041727, 0.01009817319337, 2.66400180722390, 0.00290041530243,-0.00000000000000, 0.00772671160737, 2.66663453930622, 0.00000000000000, 2.67673271249959, 0.28391282512958,    0.00000000000000,
   81,    2, 0.50312500000000, 0.00937500000000, 2.67409998041727, 0.01009817319337, 2.66400180722390, 0.00290041530243,-0.00000000000000, 0.00772671160737, 2.66663453930622, 0.00000000000000, 2.67673271249959, 0.28391282512958,    0.00000000000000,
   81,    3, 0.50312500000000, 0.01562500000000, 2.67409998041727, 0.01009817319337, 2.66400180722390, 0.00290041530243,-0.00000000000000, 0.00772671160737, 2.66663453930622, 0.00000000000000, 2.67673271249959, 0.28391282512958,    0.00000000000000,
   81,    4, 0.50312500000000, 0.02187500000000, 2.67409998041727, 0.01009817319337, 2.66400180722390, 0.00290041530243,-0.00000000000000, 0.00772671160737, 2.66663453930622, 0.00000000000000, 2.67673271249959, 0.28391282512958,    0.00000000000000,
   81,    5, 0.50312500000000, 0.02812500000000, 2.67409998041727, 0.01009817319337, 2.66400180722390, 0.00290041530243,-0.00000000000000, 0.00772671160737, 2.66663453930622, 0.00000000000000, 2.67673271249959, 0.28391282512958,    0.00000000000000,
   82,    1, 0.50937500000000, 0.00312500000000, 2.67403925522644, 0.01029448173248, 2.66374477349396, 0.00290139237520,-0.00000000000000, 0.00772856877529, 2.66637753900135, 0.00000000000000, 2.67667202073383,-0.79187698712595,    0.00000000000000,
   82,    2, 0.50937500000000, 0.00937500000000, 2.67403925522644, 0.01029448173248, 2.66374477349396, 0.00290139237520,-0.00000000000000, 0.00772856877529, 2.66637753900135, 0.00000000000000, 2.67667202073383,-0.79187698712595,    0.00000000000000,
   82,    3, 0.50937500000000, 0.01562500000000, 2.67403925522644, 0.01029448173248, 2.66374477349396, 0.00290139237520,-0.00000000000000, 0.00772856877529, 2.66637753900135, 0.00000000000000, 2.67667202073383,-0.79187698712595,    0.00000000000000,
   82,    4, 0.50937500000000, 0.02187500000000, 2.67403925522644, 0.01029448173248, 2.66374477349396, 0.00290139237520,-0.00000000000000, 0.00772856877529, 2.66637753900135, 0.00000000000000, 2.67667202073383,-0.79187698712595,    0.00000000000000,
   82,    5, 0.50937500000000, 0.02812500000000, 2.67403925522644, 0.01029448173248, 2.66374477349396, 0.00290139237520,-0.00000000000000, 0.00772856877529, 2.66637753900135, 0.00000000000000, 2.67667202073383,-0.79187698712595,    0.00000000000000,
   83,    1, 0.51562500000000, 0.00312500000000, 2.67372135205698, 0.01049067674327, 2.66323067531371, 0.00290265047203, 0.00000000000000, 0.00773042777682, 2.66586363747011, 0.00000000000000, 2.67635431421339,-1.86697425454171,    0.00000000000000,
   83,    2, 0.51562500000000, 0.00937500000000, 2.67372135205698, 0.01049067674327, 2.66323067531371, 0.00290265047203, 0.00000000000000, 0.00773042777682, 2.66586363747011, 0.00000000000000, 2.67635431421339,-1.86697425454171,    0.00000000000000,
   83,    3, 0.51562500000000, 0.01562500000000, 2.67372135205698, 0.01049067674327, 2.66323067531371, 0.00290265047203, 0.00000000000000, 0.00773042777682, 2.66586363747011, 0.00000000000000, 2.67635431421339,-1.86697425454171,    0.00000000000000,
   83,    4, 0.51562500000000, 0.02187500000000, 2.67372135205698, 0.01049067674327, 2.66323067531371, 0.00290265047203, 0.00000000000000, 0.00773042777682, 2.66586363747011, 0.00000000000000, 2.67635431421339,-1.86697425454171,    0.00000000000000,
   83,    5, 0.51562500000000, 0.02812500000000, 2.67372135205698, 0.01049067674327, 2.66323067531371, 0.00290265047203, 0.00000000000000, 0.00773042777682, 2.66586363747011, 0.00000000000000, 2.67635431421339,-1.86697425454171,    0.00000000000000,
   84,    1, 0.52187500000000, 0.00312500000000, 2.67314639334268, 0.01068668258884, 2.66245971075383, 0.00290419123409,-0.00000000000000, 0.00773229215310, 2.66509303283134, 0.00000000000000, 2.67577971542019,-2.94065410704072,    0.00000000000000,
   84,    2, 0.52187500000000, 0.00937500000000, 2.67314639334268, 0.01068668258884, 2.66245971075383, 0.00290419123409,-0.00000000000000, 0.00773229215310, 2.66509303283134, 0.00000000000000, 2.67577971542019,-2.94065410704072,    0.00000000000000,
   84,    3, 0.52187500000000, 0.01562500000000, 2.67314639334268, 0.01068668258884, 2.66245971075383, 0.00290419123409,-0.00000000000000, 0.00773229215310, 2.66509303283134, 0.00000000000000, 2.67577971542019,-2.94065410704072,    0.00000000000000,
   84,    4, 0.52187500000000, 0.02187500000000, 2.67314639334268, 0.01068668258884, 2.66245971075383, 0.00290419123409,-0.00000000000000, 0.00773229215310, 2.66509303283134, 0.00000000000000, 2.67577971542019,-2.94065410704072,    0.00000000000000,
   84,    5, 0.52187500000000, 0.02812500000000, 2.67314639334268, 0.01068668258884, 2.66245971075383, 0.00290419123409,-0.00000000000000, 0.00773229215310, 2.66509303283134, 0.00000000000000, 2.67577971542019,-2.94065410704072,    0.00000000000000,
   85,    1, 0.52812500000000, 0.00312500000000, 2.67231460051982, 0.01088242370520, 2.66143217681462, 0.00290601635704,-0.00000000000000, 0.00773416543897, 2.66406602216779, 0.00000000000000, 2.67494844587300,-4.01219323566173,    0.00000000000000,
   85,    2, 0.52812500000000, 0.00937500000000, 2.67231460051982, 0.01088242370520, 2.66143217681462, 0.00290601635704,-0.00000000000000, 0.00773416543897, 2.66406602216779, 0.00000000000000, 2.67494844587300,-4.01219323566173,    0.00000000000000,
   85,    3, 0.52812500000000, 0.01562500000000, 2.67231460051982, 0.01088242370520, 2.66143217681462, 0.00290601635704,-0.00000000000000, 0.00773416543897, 2.66406602216779, 0.00000000000000, 2.67494844587300,-4.01219323566173,    0.00000000000000,
   85,    4, 0.52812500000000, 0.02187500000000, 2.67231460051982, 0.01088242370520, 2.66143217681462, 0.00290601635704,-0.00000000000000, 0.00773416543897, 2.66406602216779, 0.00000000000000, 2.67494844587300,-4.01219323566173,    0.00000000000000,
   85,    5, 0.52812500000000, 0.02812500000000, 2.67231460051982, 0.01088242370520, 2.66143217681462, 0.00290601635704,-0.00000000000000, 0.00773416543897, 2.66406602216779, 0.00000000000000, 2.67494844587300,-4.01219323566173,    0.00000000000000,
   86,    1, 0.53437500000000, 0.00312500000000, 2.67122629394173, 0.01107782463043, 2.66014846931130, 0.00290812759086,-0.00000000000000, 0.00773605115938, 2.66278300141162, 0.00000000000000, 2.67386082604205,-5.08087064845763,    0.00000000000000,
   86,    2, 0.53437500000000, 0.00937500000000, 2.67122629394173, 0.01107782463043, 2.66014846931130, 0.00290812759086,-0.00000000000000, 0.00773605115938, 2.66278300141162, 0.00000000000000, 2.67386082604205,-5.08087064845763,    0.00000000000000,
   86,    3, 0.53437500000000, 0.01562500000000, 2.67122629394173, 0.01107782463043, 2.66014846931130, 0.00290812759086,-0.00000000000000, 0.00773605115938, 2.66278300141162, 0.00000000000000, 2.67386082604205,-5.08087064845763,    0.00000000000000,
   86,    4, 0.53437500000000, 0.02187500000000, 2.67122629394173, 0.01107782463043, 2.66014846931130, 0.00290812759086,-0.00000000000000, 0.00773605115938, 2.66278300141162, 0.00000000000000, 2.67386082604205,-5.08087064845763,    0.00000000000000,
   86,    5, 0.53437500000000, 0.02812500000000, 2.67122629394173, 0.01107782463043, 2.66014846931130, 0.00290812759086,-0.00000000000000, 0.00773605115938, 2.66278300141162, 0.00000000000000, 2.67386082604205,-5.08087064845763,    0.00000000000000,
   87,    1, 0.54062500000000, 0.00312500000000, 2.66988189275489, 0.01127281003374, 2.65860908272115, 0.00291052673952,-0.00000000000000, 0.00773795282520, 2.66124446519175, 0.00000000000000, 2.67251727522549,-6.14596842320075,    0.00000000000000,
   87,    2, 0.54062500000000, 0.00937500000000, 2.66988189275489, 0.01127281003374, 2.65860908272115, 0.00291052673952,-0.00000000000000, 0.00773795282520, 2.66124446519175, 0.00000000000000, 2.67251727522549,-6.14596842320075,    0.00000000000000,
   87,    3, 0.54062500000000, 0.01562500000000, 2.66988189275489, 0.01127281003374, 2.65860908272115, 0.00291052673952,-0.00000000000000, 0.00773795282520, 2.66124446519175, 0.00000000000000, 2.67251727522549,-6.14596842320075,    0.00000000000000,
   87,    4, 0.54062500000000, 0.02187500000000, 2.66988189275489, 0.01127281003374, 2.65860908272115, 0.00291052673952,-0.00000000000000, 0.00773795282520, 2.66124446519175, 0.00000000000000, 2.67251727522549,-6.14596842320075,    0.00000000000000,
   87,    5, 0.54062500000000, 0.02812500000000, 2.66988189275489, 0.01127281003374, 2.65860908272115, 0.00291052673952,-0.00000000000000, 0.00773795282520, 2.66124446519175, 0.00000000000000, 2.67251727522549,-6.14596842320075,    0.00000000000000,
   88,    1, 0.54687500000000, 0.00312500000000, 2.66828191473696, 0.01146730474455, 2.65681460999240, 0.00291321566075, 0.00000000000000, 0.00773987392954, 2.65945100664319, 0.00000000000000, 2.67091831138774,-7.20677245587232,    0.00000000000000,
   88,    2, 0.54687500000000, 0.00937500000000, 2.66828191473696, 0.01146730474455, 2.65681460999240, 0.00291321566075, 0.00000000000000, 0.00773987392954, 2.65945100664319, 0.00000000000000, 2.67091831138774,-7.20677245587232,    0.00000000000000,
   88,    3, 0.54687500000000, 0.01562500000000, 2.66828191473696, 0.01146730474455, 2.65681460999240, 0.00291321566075, 0.00000000000000, 0.00773987392954, 2.65945100664319, 0.00000000000000, 2.67091831138774,-7.20677245587232,    0.00000000000000,
   88,    4, 0.54687500000000, 0.02187500000000, 2.66828191473696, 0.01146730474455, 2.65681460999240, 0.00291321566075, 0.00000000000000, 0.00773987392954, 2.65945100664319, 0.00000000000000, 2.67091831138774,-7.20677245587232,    0.00000000000000,
   88,    5, 0.54687500000000, 0.02812500000000, 2.66828191473696, 0.01146730474455, 2.65681460999240, 0.00291321566075, 0.00000000000000, 0.00773987392954, 2.65945100664319, 0.00000000000000, 2.67091831138774,-7.20677245587232,    0.00000000000000,
   89,    1, 0.55312500000000, 0.00312500000000, 2.66642697609667, 0.01166123378146, 2.65476574231522, 0.00291619626552,-0.00000000000000, 0.00774181794357, 2.65740331717834, 0.00000000000000, 2.66906455095980,-8.26257320392053,    0.00000000000000,
   89,    2, 0.55312500000000, 0.00937500000000, 2.66642697609667, 0.01166123378146, 2.65476574231522, 0.00291619626552,-0.00000000000000, 0.00774181794357, 2.65740331717834, 0.00000000000000, 2.66906455095980,-8.26257320392053,    0.00000000000000,
   89,    3, 0.55312500000000, 0.01562500000000, 2.66642697609667, 0.01166123378146, 2.65476574231522, 0.00291619626552,-0.00000000000000, 0.00774181794357, 2.65740331717834, 0.00000000000000, 2.66906455095980,-8.26257320392053,    0.00000000000000,
   89,    4, 0.55312500000000, 0.02187500000000, 2.66642697609667, 0.01166123378146, 2.65476574231522, 0.00291619626552,-0.00000000000000, 0.00774181794357, 2.65740331717834, 0.00000000000000, 2.66906455095980,-8.26257320392053,    0.00000000000000,
   89,    5, 0.55312500000000, 0.02812500000000, 2.66642697609667, 0.01166123378146, 2.65476574231522, 0.00291619626552,-0.00000000000000, 0.00774181794357, 2.65740331717834, 0.00000000000000, 2.66906455095980,-8.26257320392053,    0.00000000000000,
   90,    1, 0.55937500000000, 0.00312500000000, 2.66431779123570, 0.01185452238112, 2.65246326885458, 0.00291947051770,-0.00000000000000, 0.00774378831270, 2.65510218622047, 0.00000000000000, 2.66695670860159,-9.31266642327900,    0.00000000000000,
   90,    2, 0.55937500000000, 0.00937500000000, 2.66431779123570, 0.01185452238112, 2.65246326885458, 0.00291947051770,-0.00000000000000, 0.00774378831270, 2.65510218622047, 0.00000000000000, 2.66695670860159,-9.31266642327900,    0.00000000000000,
   90,    3, 0.55937500000000, 0.01562500000000, 2.66431779123570, 0.01185452238112, 2.65246326885458, 0.00291947051770,-0.00000000000000, 0.00774378831270, 2.65510218622047, 0.00000000000000, 2.66695670860159,-9.31266642327900,    0.00000000000000,
   90,    4, 0.55937500000000, 0.02187500000000, 2.66431779123570, 0.01185452238112, 2.65246326885458, 0.00291947051770,-0.00000000000000, 0.00774378831270, 2.65510218622047, 0.00000000000000, 2.66695670860159,-9.31266642327900,    0.00000000000000,
   90,    5, 0.55937500000000, 0.02812500000000, 2.66431779123570, 0.01185452238112, 2.65246326885458, 0.00291947051770,-0.00000000000000, 0.00774378831270, 2.65510218622047, 0.00000000000000, 2.66695670860159,-9.31266642327900,    0.00000000000000,
   91,    1, 0.56562500000000, 0.00312500000000, 2.66195517247252, 0.01204709602709, 2.64990807644543, 0.00292304043344,-0.00000000000000, 0.00774578845236, 2.65254850089938, 0.00000000000000, 2.66459559692648,*****************,    0.00000000000000,
   91,    2, 0.56562500000000, 0.00937500000000, 2.66195517247252, 0.01204709602709, 2.64990807644543, 0.00292304043344,-0.00000000000000, 0.00774578845236, 2.65254850089938, 0.00000000000000, 2.66459559692648,*****************,    0.00000000000000,
   91,    3, 0.56562500000000, 0.01562500000000, 2.66195517247252, 0.01204709602709, 2.64990807644543, 0.00292304043344,-0.00000000000000, 0.00774578845236, 2.65254850089938, 0.00000000000000, 2.66459559692648,*****************,    0.00000000000000,
   91,    4, 0.56562500000000, 0.02187500000000, 2.66195517247252, 0.01204709602709, 2.64990807644543, 0.00292304043344,-0.00000000000000, 0.00774578845236, 2.65254850089938, 0.00000000000000, 2.66459559692648,*****************,    0.00000000000000,
   91,    5, 0.56562500000000, 0.02812500000000, 2.66195517247252, 0.01204709602709, 2.64990807644543, 0.00292304043344,-0.00000000000000, 0.00774578845236, 2.65254850089938, 0.00000000000000, 2.66459559692648,*****************,    0.00000000000000,
   92,    1, 0.57187500000000, 0.00312500000000, 2.65934002972856, 0.01223888047858, 2.64710114924998, 0.00292690808068,-0.00000000000000, 0.00774782174412, 2.64974324570936, 0.00000000000000, 2.66198212618795,*****************,    0.00000000000000,
   92,    2, 0.57187500000000, 0.00937500000000, 2.65934002972856, 0.01223888047858, 2.64710114924998, 0.00292690808068,-0.00000000000000, 0.00774782174412, 2.64974324570936, 0.00000000000000, 2.66198212618795,*****************,    0.00000000000000,
   92,    3, 0.57187500000000, 0.01562500000000, 2.65934002972856, 0.01223888047858, 2.64710114924998, 0.00292690808068,-0.00000000000000, 0.00774782174412, 2.64974324570936, 0.00000000000000, 2.66198212618795,*****************,    0.00000000000000,
   92,    4, 0.57187500000000, 0.02187500000000, 2.65934002972856, 0.01223888047858, 2.64710114924998, 0.00292690808068,-0.00000000000000, 0.00774782174412, 2.64974324570936, 0.00000000000000, 2.66198212618795,*****************,    0.00000000000000,
   92,    5, 0.57187500000000, 0.02812500000000, 2.65934002972856, 0.01223888047858, 2.64710114924998, 0.00292690808068,-0.00000000000000, 0.00774782174412, 2.64974324570936, 0.00000000000000, 2.66198212618795,*****************,    0.00000000000000,
   93,    1, 0.57812500000000, 0.00312500000000, 2.65647337017654, 0.01242980179903, 2.64404356837751, 0.00293107557833,-0.00000000000000, 0.00774989153131, 2.64668750212970, 0.00000000000000, 2.65911730392873,*****************,    0.00000000000000,
   93,    2, 0.57812500000000, 0.00937500000000, 2.65647337017654, 0.01242980179903, 2.64404356837751, 0.00293107557833,-0.00000000000000, 0.00774989153131, 2.64668750212970, 0.00000000000000, 2.65911730392873,*****************,    0.00000000000000,
   93,    3, 0.57812500000000, 0.01562500000000, 2.65647337017654, 0.01242980179903, 2.64404356837751, 0.00293107557833,-0.00000000000000, 0.00774989153131, 2.64668750212970, 0.00000000000000, 2.65911730392873,*****************,    0.00000000000000,
   93,    4, 0.57812500000000, 0.02187500000000, 2.65647337017654, 0.01242980179903, 2.64404356837751, 0.00293107557833,-0.00000000000000, 0.00774989153131, 2.64668750212970, 0.00000000000000, 2.65911730392873,*****************,    0.00000000000000,
   93,    5, 0.57812500000000, 0.02812500000000, 2.65647337017654, 0.01242980179903, 2.64404356837751, 0.00293107557833,-0.00000000000000, 0.00774989153131, 2.64668750212970, 0.00000000000000, 2.65911730392873,*****************,    0.00000000000000,
   94,    1, 0.58437500000000, 0.00312500000000, 2.65335629785119, 0.01261978638463, 2.64073651146656, 0.00293554509564,-0.00000000000000, 0.00775200111511, 2.64338244820770, 0.00000000000000, 2.65600223459233,*****************,    0.00000000000000,
   94,    2, 0.58437500000000, 0.00937500000000, 2.65335629785119, 0.01261978638463, 2.64073651146656, 0.00293554509564,-0.00000000000000, 0.00775200111511, 2.64338244820770, 0.00000000000000, 2.65600223459233,*****************,    0.00000000000000,
   94,    3, 0.58437500000000, 0.01562500000000, 2.65335629785119, 0.01261978638463, 2.64073651146656, 0.00293554509564,-0.00000000000000, 0.00775200111511, 2.64338244820770, 0.00000000000000, 2.65600223459233,*****************,    0.00000000000000,
   94,    4, 0.58437500000000, 0.02187500000000, 2.65335629785119, 0.01261978638463, 2.64073651146656, 0.00293554509564,-0.00000000000000, 0.00775200111511, 2.64338244820770, 0.00000000000000, 2.65600223459233,*****************,    0.00000000000000,
   94,    5, 0.58437500000000, 0.02812500000000, 2.65335629785119, 0.01261978638463, 2.64073651146656, 0.00293554509564,-0.00000000000000, 0.00775200111511, 2.64338244820770, 0.00000000000000, 2.65600223459233,*****************,    0.00000000000000,
   95,    1, 0.59062500000000, 0.00312500000000, 2.64999001322272, 0.01280876099271, 2.63718125223000, 0.00294031885122,-0.00000000000000, 0.00775415375001, 2.63982935810457, 0.00000000000000, 2.65263811909728,*****************,    0.00000000000000,
   95,    2, 0.59062500000000, 0.00937500000000, 2.64999001322272, 0.01280876099271, 2.63718125223000, 0.00294031885122,-0.00000000000000, 0.00775415375001, 2.63982935810457, 0.00000000000000, 2.65263811909728,*****************,    0.00000000000000,
   95,    3, 0.59062500000000, 0.01562500000000, 2.64999001322272, 0.01280876099271, 2.63718125223000, 0.00294031885122,-0.00000000000000, 0.00775415375001, 2.63982935810457, 0.00000000000000, 2.65263811909728,*****************,    0.00000000000000,
   95,    4, 0.59062500000000, 0.02187500000000, 2.64999001322272, 0.01280876099271, 2.63718125223000, 0.00294031885122,-0.00000000000000, 0.00775415375001, 2.63982935810457, 0.00000000000000, 2.65263811909728,*****************,    0.00000000000000,
   95,    5, 0.59062500000000, 0.02812500000000, 2.64999001322272, 0.01280876099271, 2.63718125223000, 0.00294031885122,-0.00000000000000, 0.00775415375001, 2.63982935810457, 0.00000000000000, 2.65263811909728,*****************,    0.00000000000000,
   96,    1, 0.59687500000000, 0.00312500000000, 2.64637581273277, 0.01299665276996, 2.63337915996281, 0.00294539911217,-0.00000000000000, 0.00775635263976, 2.63602960160419, 0.00000000000000, 2.64902625437415,*****************,    0.00000000000000,
   96,    2, 0.59687500000000, 0.00937500000000, 2.64637581273277, 0.01299665276996, 2.63337915996281, 0.00294539911217,-0.00000000000000, 0.00775635263976, 2.63602960160419, 0.00000000000000, 2.64902625437415,*****************,    0.00000000000000,
   96,    3, 0.59687500000000, 0.01562500000000, 2.64637581273277, 0.01299665276996, 2.63337915996281, 0.00294539911217,-0.00000000000000, 0.00775635263976, 2.63602960160419, 0.00000000000000, 2.64902625437415,*****************,    0.00000000000000,
   96,    4, 0.59687500000000, 0.02187500000000, 2.64637581273277, 0.01299665276996, 2.63337915996281, 0.00294539911217,-0.00000000000000, 0.00775635263976, 2.63602960160419, 0.00000000000000, 2.64902625437415,*****************,    0.00000000000000,
   96,    5, 0.59687500000000, 0.02812500000000, 2.64637581273277, 0.01299665276996, 2.63337915996281, 0.00294539911217,-0.00000000000000, 0.00775635263976, 2.63602960160419, 0.00000000000000, 2.64902625437415,*****************,    0.00000000000000,
   97,    1, 0.60312500000000, 0.00312500000000, 2.64251508829358, 0.01318338928053, 2.62933169901306, 0.00295078819293,-0.00000000000000, 0.00775860093274, 2.63198464358501, 0.00000000000000, 2.64516803286553,*****************,    0.00000000000000,
   97,    2, 0.60312500000000, 0.00937500000000, 2.64251508829358, 0.01318338928053, 2.62933169901306, 0.00295078819293,-0.00000000000000, 0.00775860093274, 2.63198464358501, 0.00000000000000, 2.64516803286553,*****************,    0.00000000000000,
   97,    3, 0.60312500000000, 0.01562500000000, 2.64251508829358, 0.01318338928053, 2.62933169901306, 0.00295078819293,-0.00000000000000, 0.00775860093274, 2.63198464358501, 0.00000000000000, 2.64516803286553,*****************,    0.00000000000000,
   97,    4, 0.60312500000000, 0.02187500000000, 2.64251508829358, 0.01318338928053, 2.62933169901306, 0.00295078819293,-0.00000000000000, 0.00775860093274, 2.63198464358501, 0.00000000000000, 2.64516803286553,*****************,    0.00000000000000,
   97,    5, 0.60312500000000, 0.02812500000000, 2.64251508829358, 0.01318338928053, 2.62933169901306, 0.00295078819293,-0.00000000000000, 0.00775860093274, 2.63198464358501, 0.00000000000000, 2.64516803286553,*****************,    0.00000000000000,
   98,    1, 0.60937500000000, 0.00312500000000, 2.63840932674997, 0.01336889853392, 2.62504042821605, 0.00295648845417,-0.00000000000000, 0.00776090171774, 2.62769604345535, 0.00000000000000, 2.64106494198927,*****************,    0.00000000000000,
   98,    2, 0.60937500000000, 0.00937500000000, 2.63840932674997, 0.01336889853392, 2.62504042821605, 0.00295648845417,-0.00000000000000, 0.00776090171774, 2.62769604345535, 0.00000000000000, 2.64106494198927,*****************,    0.00000000000000,
   98,    3, 0.60937500000000, 0.01562500000000, 2.63840932674997, 0.01336889853392, 2.62504042821605, 0.00295648845417,-0.00000000000000, 0.00776090171774, 2.62769604345535, 0.00000000000000, 2.64106494198927,*****************,    0.00000000000000,
   98,    4, 0.60937500000000, 0.02187500000000, 2.63840932674997, 0.01336889853392, 2.62504042821605, 0.00295648845417,-0.00000000000000, 0.00776090171774, 2.62769604345535, 0.00000000000000, 2.64106494198927,*****************,    0.00000000000000,
   98,    5, 0.60937500000000, 0.02812500000000, 2.63840932674997, 0.01336889853392, 2.62504042821605, 0.00295648845417,-0.00000000000000, 0.00776090171774, 2.62769604345535, 0.00000000000000, 2.64106494198927,*****************,    0.00000000000000,
   99,    1, 0.61562500000000, 0.00312500000000, 2.63406010930482, 0.01355310901280, 2.62050700029202, 0.00296250230141,-0.00000000000000, 0.00776325801922, 2.62316545455220, 0.00000000000000, 2.63671856356500,*****************,    0.00000000000000,
   99,    2, 0.61562500000000, 0.00937500000000, 2.63406010930482, 0.01355310901280, 2.62050700029202, 0.00296250230141,-0.00000000000000, 0.00776325801922, 2.62316545455220, 0.00000000000000, 2.63671856356500,*****************,    0.00000000000000,
   99,    3, 0.61562500000000, 0.01562500000000, 2.63406010930482, 0.01355310901280, 2.62050700029202, 0.00296250230141,-0.00000000000000, 0.00776325801922, 2.62316545455220, 0.00000000000000, 2.63671856356500,*****************,    0.00000000000000,
   99,    4, 0.61562500000000, 0.02187500000000, 2.63406010930482, 0.01355310901280, 2.62050700029202, 0.00296250230141,-0.00000000000000, 0.00776325801922, 2.62316545455220, 0.00000000000000, 2.63671856356500,*****************,    0.00000000000000,
   99,    5, 0.61562500000000, 0.02812500000000, 2.63406010930482, 0.01355310901280, 2.62050700029202, 0.00296250230141,-0.00000000000000, 0.00776325801922, 2.62316545455220, 0.00000000000000, 2.63671856356500,*****************,    0.00000000000000,
  100,    1, 0.62187500000000, 0.00312500000000, 2.62946911090808, 0.01373594970053, 2.61573316120756, 0.00296883218367,-0.00000000000000, 0.00776567279289, 2.61839462350382, 0.00000000000000, 2.63213057320434,*****************,    0.00000000000000,
  100,    2, 0.62187500000000, 0.00937500000000, 2.62946911090808, 0.01373594970053, 2.61573316120756, 0.00296883218367,-0.00000000000000, 0.00776567279289, 2.61839462350382, 0.00000000000000, 2.63213057320434,*****************,    0.00000000000000,
  100,    3, 0.62187500000000, 0.01562500000000, 2.62946911090808, 0.01373594970053, 2.61573316120756, 0.00296883218367,-0.00000000000000, 0.00776567279289, 2.61839462350382, 0.00000000000000, 2.63213057320434,*****************,    0.00000000000000,
  100,    4, 0.62187500000000, 0.02187500000000, 2.62946911090808, 0.01373594970053, 2.61573316120756, 0.00296883218367,-0.00000000000000, 0.00776567279289, 2.61839462350382, 0.00000000000000, 2.63213057320434,*****************,    0.00000000000000,
  100,    5, 0.62187500000000, 0.02812500000000, 2.62946911090808, 0.01373594970053, 2.61573316120756, 0.00296883218367,-0.00000000000000, 0.00776567279289, 2.61839462350382, 0.00000000000000, 2.63213057320434,*****************,    0.00000000000000,
  101,    1, 0.62812500000000, 0.00312500000000, 2.62463809960947, 0.01391735010852, 2.61072074950095, 0.00297548059182,-0.00000000000000, 0.00776814892081, 2.61338538955640, 0.00000000000000, 2.62730273966492,*****************,    0.00000000000000,
  101,    2, 0.62812500000000, 0.00937500000000, 2.62463809960947, 0.01391735010852, 2.61072074950095, 0.00297548059182,-0.00000000000000, 0.00776814892081, 2.61338538955640, 0.00000000000000, 2.62730273966492,*****************,    0.00000000000000,
  101,    3, 0.62812500000000, 0.01562500000000, 2.62463809960947, 0.01391735010852, 2.61072074950095, 0.00297548059182,-0.00000000000000, 0.00776814892081, 2.61338538955640, 0.00000000000000, 2.62730273966492,*****************,    0.00000000000000,
  101,    4, 0.62812500000000, 0.02187500000000, 2.62463809960947, 0.01391735010852, 2.61072074950095, 0.00297548059182,-0.00000000000000, 0.00776814892081, 2.61338538955640, 0.00000000000000, 2.62730273966492,*****************,    0.00000000000000,
  101,    5, 0.62812500000000, 0.02812500000000, 2.62463809960947, 0.01391735010852, 2.61072074950095, 0.00297548059182,-0.00000000000000, 0.00776814892081, 2.61338538955640, 0.00000000000000, 2.62730273966492,*****************,    0.00000000000000,
  102,    1, 0.63437500000000, 0.00312500000000, 2.61956893587533, 0.01409724030348, 2.60547169557185, 0.00298245005696,-0.00000000000000, 0.00777068920686, 2.60813968386498, 0.00000000000000, 2.62223692416846,*****************,    0.00000000000000,
  102,    2, 0.63437500000000, 0.00937500000000, 2.61956893587533, 0.01409724030348, 2.60547169557185, 0.00298245005696,-0.00000000000000, 0.00777068920686, 2.60813968386498, 0.00000000000000, 2.62223692416846,*****************,    0.00000000000000,
  102,    3, 0.63437500000000, 0.01562500000000, 2.61956893587533, 0.01409724030348, 2.60547169557185, 0.00298245005696,-0.00000000000000, 0.00777068920686, 2.60813968386498, 0.00000000000000, 2.62223692416846,*****************,    0.00000000000000,
  102,    4, 0.63437500000000, 0.02187500000000, 2.61956893587533, 0.01409724030348, 2.60547169557185, 0.00298245005696,-0.00000000000000, 0.00777068920686, 2.60813968386498, 0.00000000000000, 2.62223692416846,*****************,    0.00000000000000,
  102,    5, 0.63437500000000, 0.02812500000000, 2.61956893587533, 0.01409724030348, 2.60547169557185, 0.00298245005696,-0.00000000000000, 0.00777068920686, 2.60813968386498, 0.00000000000000, 2.62223692416846,*****************,    0.00000000000000,
  103,    1, 0.64062500000000, 0.00312500000000, 2.61426357186963, 0.01427555093430, 2.59998802093533, 0.00298974314844,-0.00000000000000, 0.00777329637163, 2.60265952874896, 0.00000000000000, 2.61693507968326,*****************,    0.00000000000000,
  103,    2, 0.64062500000000, 0.00937500000000, 2.61426357186963, 0.01427555093430, 2.59998802093533, 0.00298974314844,-0.00000000000000, 0.00777329637163, 2.60265952874896, 0.00000000000000, 2.61693507968326,*****************,    0.00000000000000,
  103,    3, 0.64062500000000, 0.01562500000000, 2.61426357186963, 0.01427555093430, 2.59998802093533, 0.00298974314844,-0.00000000000000, 0.00777329637163, 2.60265952874896, 0.00000000000000, 2.61693507968326,*****************,    0.00000000000000,
  103,    4, 0.64062500000000, 0.02187500000000, 2.61426357186963, 0.01427555093430, 2.59998802093533, 0.00298974314844,-0.00000000000000, 0.00777329637163, 2.60265952874896, 0.00000000000000, 2.61693507968326,*****************,    0.00000000000000,
  103,    5, 0.64062500000000, 0.02812500000000, 2.61426357186963, 0.01427555093430, 2.59998802093533, 0.00298974314844,-0.00000000000000, 0.00777329637163, 2.60265952874896, 0.00000000000000, 2.61693507968326,*****************,    0.00000000000000,
  104,    1, 0.64687500000000, 0.00312500000000, 2.60872405069968, 0.01445221325885, 2.59427183744083, 0.00299736247200,-0.00000000000000, 0.00777597304771, 2.59694703691246, 0.00000000000000, 2.61139925017132,*****************,    0.00000000000000,
  104,    2, 0.64687500000000, 0.00937500000000, 2.60872405069968, 0.01445221325885, 2.59427183744083, 0.00299736247200,-0.00000000000000, 0.00777597304771, 2.59694703691246, 0.00000000000000, 2.61139925017132,*****************,    0.00000000000000,
  104,    3, 0.64687500000000, 0.01562500000000, 2.60872405069968, 0.01445221325885, 2.59427183744083, 0.00299736247200,-0.00000000000000, 0.00777597304771, 2.59694703691246, 0.00000000000000, 2.61139925017132,*****************,    0.00000000000000,
  104,    4, 0.64687500000000, 0.02187500000000, 2.60872405069968, 0.01445221325885, 2.59427183744083, 0.00299736247200,-0.00000000000000, 0.00777597304771, 2.59694703691246, 0.00000000000000, 2.61139925017132,*****************,    0.00000000000000,
  104,    5, 0.64687500000000, 0.02812500000000, 2.60872405069968, 0.01445221325885, 2.59427183744083, 0.00299736247200,-0.00000000000000, 0.00777597304771, 2.59694703691246, 0.00000000000000, 2.61139925017132,*****************,    0.00000000000000,
  105,    1, 0.65312500000000, 0.00312500000000, 2.60295250562670, 0.01462715917044, 2.58832534645626, 0.00300531066742,-0.00000000000000, 0.00777872177445, 2.59100441062983, 0.00000000000000, 2.60563156980027,*****************,    0.00000000000000,
  105,    2, 0.65312500000000, 0.00937500000000, 2.60295250562670, 0.01462715917044, 2.58832534645626, 0.00300531066742,-0.00000000000000, 0.00777872177445, 2.59100441062983, 0.00000000000000, 2.60563156980027,*****************,    0.00000000000000,
  105,    3, 0.65312500000000, 0.01562500000000, 2.60295250562670, 0.01462715917044, 2.58832534645626, 0.00300531066742,-0.00000000000000, 0.00777872177445, 2.59100441062983, 0.00000000000000, 2.60563156980027,*****************,    0.00000000000000,
  105,    4, 0.65312500000000, 0.02187500000000, 2.60295250562670, 0.01462715917044, 2.58832534645626, 0.00300531066742,-0.00000000000000, 0.00777872177445, 2.59100441062983, 0.00000000000000, 2.60563156980027,*****************,    0.00000000000000,
  105,    5, 0.65312500000000, 0.02812500000000, 2.60295250562670, 0.01462715917044, 2.58832534645626, 0.00300531066742,-0.00000000000000, 0.00777872177445, 2.59100441062983, 0.00000000000000, 2.60563156980027,*****************,    0.00000000000000,
  106,    1, 0.65937500000000, 0.00312500000000, 2.59695115924140, 0.01480032122409, 2.58215083801731, 0.00301359040629,-0.00000000000000, 0.00778154499303, 2.58483394089662, 0.00000000000000, 2.59963426212071,*****************,    0.00000000000000,
  106,    2, 0.65937500000000, 0.00937500000000, 2.59695115924140, 0.01480032122409, 2.58215083801731, 0.00301359040629,-0.00000000000000, 0.00778154499303, 2.58483394089662, 0.00000000000000, 2.59963426212071,*****************,    0.00000000000000,
  106,    3, 0.65937500000000, 0.01562500000000, 2.59695115924140, 0.01480032122409, 2.58215083801731, 0.00301359040629,-0.00000000000000, 0.00778154499303, 2.58483394089662, 0.00000000000000, 2.59963426212071,*****************,    0.00000000000000,
  106,    4, 0.65937500000000, 0.02187500000000, 2.59695115924140, 0.01480032122409, 2.58215083801731, 0.00301359040629,-0.00000000000000, 0.00778154499303, 2.58483394089662, 0.00000000000000, 2.59963426212071,*****************,    0.00000000000000,
  106,    5, 0.65937500000000, 0.02812500000000, 2.59695115924140, 0.01480032122409, 2.58215083801731, 0.00301359040629,-0.00000000000000, 0.00778154499303, 2.58483394089662, 0.00000000000000, 2.59963426212071,*****************,    0.00000000000000,
  107,    1, 0.66562500000000, 0.00312500000000, 2.59072232260530, 0.01497163266253, 2.57575068994277, 0.00302220438937,-0.00000000000000, 0.00778444504107, 2.57843800654636, 0.00000000000000, 2.59340963920889,*****************,    0.00000000000000,
  107,    2, 0.66562500000000, 0.00937500000000, 2.59072232260530, 0.01497163266253, 2.57575068994277, 0.00302220438937,-0.00000000000000, 0.00778444504107, 2.57843800654636, 0.00000000000000, 2.59340963920889,*****************,    0.00000000000000,
  107,    3, 0.66562500000000, 0.01562500000000, 2.59072232260530, 0.01497163266253, 2.57575068994277, 0.00302220438937,-0.00000000000000, 0.00778444504107, 2.57843800654636, 0.00000000000000, 2.59340963920889,*****************,    0.00000000000000,
  107,    4, 0.66562500000000, 0.02187500000000, 2.59072232260530, 0.01497163266253, 2.57575068994277, 0.00302220438937,-0.00000000000000, 0.00778444504107, 2.57843800654636, 0.00000000000000, 2.59340963920889,*****************,    0.00000000000000,
  107,    5, 0.66562500000000, 0.02812500000000, 2.59072232260530, 0.01497163266253, 2.57575068994277, 0.00302220438937,-0.00000000000000, 0.00778444504107, 2.57843800654636, 0.00000000000000, 2.59340963920889,*****************,    0.00000000000000,
  108,    1, 0.67187500000000, 0.00312500000000, 2.58426839435778, 0.01514102744193, 2.56912736691585, 0.00303115534396,-0.00000000000000, 0.00778742414755, 2.57181907333351, 0.00000000000000, 2.58696010077545,*****************,    0.00000000000000,
  108,    2, 0.67187500000000, 0.00937500000000, 2.58426839435778, 0.01514102744193, 2.56912736691585, 0.00303115534396,-0.00000000000000, 0.00778742414755, 2.57181907333351, 0.00000000000000, 2.58696010077545,*****************,    0.00000000000000,
  108,    3, 0.67187500000000, 0.01562500000000, 2.58426839435778, 0.01514102744193, 2.56912736691585, 0.00303115534396,-0.00000000000000, 0.00778742414755, 2.57181907333351, 0.00000000000000, 2.58696010077545,*****************,    0.00000000000000,
  108,    4, 0.67187500000000, 0.02187500000000, 2.58426839435778, 0.01514102744193, 2.56912736691585, 0.00303115534396,-0.00000000000000, 0.00778742414755, 2.57181907333351, 0.00000000000000, 2.58696010077545,*****************,    0.00000000000000,
  108,    5, 0.67187500000000, 0.02812500000000, 2.58426839435778, 0.01514102744193, 2.56912736691585, 0.00303115534396,-0.00000000000000, 0.00778742414755, 2.57181907333351, 0.00000000000000, 2.58696010077545,*****************,    0.00000000000000,
  109,    1, 0.67812500000000, 0.00312500000000, 2.57759185978923, 0.01530844025740, 2.56228341953183, 0.00304044602085,-0.00000000000000, 0.00779048442720, 2.56497969298282, 0.00000000000000, 2.58028813324022,*****************,    0.00000000000000,
  109,    2, 0.67812500000000, 0.00937500000000, 2.57759185978923, 0.01530844025740, 2.56228341953183, 0.00304044602085,-0.00000000000000, 0.00779048442720, 2.56497969298282, 0.00000000000000, 2.58028813324022,*****************,    0.00000000000000,
  109,    3, 0.67812500000000, 0.01562500000000, 2.57759185978923, 0.01530844025740, 2.56228341953183, 0.00304044602085,-0.00000000000000, 0.00779048442720, 2.56497969298282, 0.00000000000000, 2.58028813324022,*****************,    0.00000000000000,
  109,    4, 0.67812500000000, 0.02187500000000, 2.57759185978923, 0.01530844025740, 2.56228341953183, 0.00304044602085,-0.00000000000000, 0.00779048442720, 2.56497969298282, 0.00000000000000, 2.58028813324022,*****************,    0.00000000000000,
  109,    5, 0.67812500000000, 0.02812500000000, 2.57759185978923, 0.01530844025740, 2.56228341953183, 0.00304044602085,-0.00000000000000, 0.00779048442720, 2.56497969298282, 0.00000000000000, 2.58028813324022,*****************,    0.00000000000000,
  110,    1, 0.68437500000000, 0.00312500000000, 2.57069528988088, 0.01547380656809, 2.55522148331279, 0.00305007919126,-0.00000000000000, 0.00779362787530, 2.55792250220561, 0.00000000000000, 2.57339630877369,*****************,    0.00000000000000,
  110,    2, 0.68437500000000, 0.00937500000000, 2.57069528988088, 0.01547380656809, 2.55522148331279, 0.00305007919126,-0.00000000000000, 0.00779362787530, 2.55792250220561, 0.00000000000000, 2.57339630877369,*****************,    0.00000000000000,
  110,    3, 0.68437500000000, 0.01562500000000, 2.57069528988088, 0.01547380656809, 2.55522148331279, 0.00305007919126,-0.00000000000000, 0.00779362787530, 2.55792250220561, 0.00000000000000, 2.57339630877369,*****************,    0.00000000000000,
  110,    4, 0.68437500000000, 0.02187500000000, 2.57069528988088, 0.01547380656809, 2.55522148331279, 0.00305007919126,-0.00000000000000, 0.00779362787530, 2.55792250220561, 0.00000000000000, 2.57339630877369,*****************,    0.00000000000000,
  110,    5, 0.68437500000000, 0.02812500000000, 2.57069528988088, 0.01547380656809, 2.55522148331279, 0.00305007919126,-0.00000000000000, 0.00779362787530, 2.55792250220561, 0.00000000000000, 2.57339630877369,*****************,    0.00000000000000,
  111,    1, 0.69062500000000, 0.00312500000000, 2.56358134031153, 0.01563706262215, 2.54794427768938, 0.00306005764341,-0.00000000000000, 0.00779685636192, 2.55065022168325, 0.00000000000000, 2.56628728430540,*****************,    0.00000000000000,
  111,    2, 0.69062500000000, 0.00937500000000, 2.56358134031153, 0.01563706262215, 2.54794427768938, 0.00306005764341,-0.00000000000000, 0.00779685636192, 2.55065022168325, 0.00000000000000, 2.56628728430540,*****************,    0.00000000000000,
  111,    3, 0.69062500000000, 0.01562500000000, 2.56358134031153, 0.01563706262215, 2.54794427768938, 0.00306005764341,-0.00000000000000, 0.00779685636192, 2.55065022168325, 0.00000000000000, 2.56628728430540,*****************,    0.00000000000000,
  111,    4, 0.69062500000000, 0.02187500000000, 2.56358134031153, 0.01563706262215, 2.54794427768938, 0.00306005764341,-0.00000000000000, 0.00779685636192, 2.55065022168325, 0.00000000000000, 2.56628728430540,*****************,    0.00000000000000,
  111,    5, 0.69062500000000, 0.02812500000000, 2.56358134031153, 0.01563706262215, 2.54794427768938, 0.00306005764341,-0.00000000000000, 0.00779685636192, 2.55065022168325, 0.00000000000000, 2.56628728430540,*****************,    0.00000000000000,
  112,    1, 0.69687500000000, 0.00312500000000, 2.55625275043148, 0.01579814548127, 2.54045460495022, 0.00307038417901,-0.00000000000000, 0.00780017162653, 2.54316565501833, 0.00000000000000, 2.55896380049959,*****************,    0.00000000000000,
  112,    2, 0.69687500000000, 0.00937500000000, 2.55625275043148, 0.01579814548127, 2.54045460495022, 0.00307038417901,-0.00000000000000, 0.00780017162653, 2.54316565501833, 0.00000000000000, 2.55896380049959,*****************,    0.00000000000000,
  112,    3, 0.69687500000000, 0.01562500000000, 2.55625275043148, 0.01579814548127, 2.54045460495022, 0.00307038417901,-0.00000000000000, 0.00780017162653, 2.54316565501833, 0.00000000000000, 2.55896380049959,*****************,    0.00000000000000,
  112,    4, 0.69687500000000, 0.02187500000000, 2.55625275043148, 0.01579814548127, 2.54045460495022, 0.00307038417901,-0.00000000000000, 0.00780017162653, 2.54316565501833, 0.00000000000000, 2.55896380049959,*****************,    0.00000000000000,
  112,    5, 0.69687500000000, 0.02812500000000, 2.55625275043148, 0.01579814548127, 2.54045460495022, 0.00307038417901,-0.00000000000000, 0.00780017162653, 2.54316565501833, 0.00000000000000, 2.55896380049959,*****************,    0.00000000000000,
  113,    1, 0.70312500000000, 0.00312500000000, 2.54871234220442, 0.01595699304492, 2.53275534915949, 0.00308106160932,-0.00000000000000, 0.00780357527211, 2.53547168765376, 0.00000000000000, 2.55142868069869,*****************,    0.00000000000000,
  113,    2, 0.70312500000000, 0.00937500000000, 2.54871234220442, 0.01595699304492, 2.53275534915949, 0.00308106160932,-0.00000000000000, 0.00780357527211, 2.53547168765376, 0.00000000000000, 2.55142868069869,*****************,    0.00000000000000,
  113,    3, 0.70312500000000, 0.01562500000000, 2.54871234220442, 0.01595699304492, 2.53275534915949, 0.00308106160932,-0.00000000000000, 0.00780357527211, 2.53547168765376, 0.00000000000000, 2.55142868069869,*****************,    0.00000000000000,
  113,    4, 0.70312500000000, 0.02187500000000, 2.54871234220442, 0.01595699304492, 2.53275534915949, 0.00308106160932,-0.00000000000000, 0.00780357527211, 2.53547168765376, 0.00000000000000, 2.55142868069869,*****************,    0.00000000000000,
  113,    5, 0.70312500000000, 0.02812500000000, 2.54871234220442, 0.01595699304492, 2.53275534915949, 0.00308106160932,-0.00000000000000, 0.00780357527211, 2.53547168765376, 0.00000000000000, 2.55142868069869,*****************,    0.00000000000000,
  114,    1, 0.70937500000000, 0.00312500000000, 2.54096301911712, 0.01611354407437, 2.52484947504275, 0.00309209275121,-0.00000000000000, 0.00780706875967, 2.52757128576044, 0.00000000000000, 2.54368482983481,*****************,    0.00000000000000,
  114,    2, 0.70937500000000, 0.00937500000000, 2.54096301911712, 0.01611354407437, 2.52484947504275, 0.00309209275121,-0.00000000000000, 0.00780706875967, 2.52757128576044, 0.00000000000000, 2.54368482983481,*****************,    0.00000000000000,
  114,    3, 0.70937500000000, 0.01562500000000, 2.54096301911712, 0.01611354407437, 2.52484947504275, 0.00309209275121,-0.00000000000000, 0.00780706875967, 2.52757128576044, 0.00000000000000, 2.54368482983481,*****************,    0.00000000000000,
  114,    4, 0.70937500000000, 0.02187500000000, 2.54096301911712, 0.01611354407437, 2.52484947504275, 0.00309209275121,-0.00000000000000, 0.00780706875967, 2.52757128576044, 0.00000000000000, 2.54368482983481,*****************,    0.00000000000000,
  114,    5, 0.70937500000000, 0.02812500000000, 2.54096301911712, 0.01611354407437, 2.52484947504275, 0.00309209275121,-0.00000000000000, 0.00780706875967, 2.52757128576044, 0.00000000000000, 2.54368482983481,*****************,    0.00000000000000,
  115,    1, 0.71562500000000, 0.00312500000000, 2.53300776505803, 0.01626773821619, 2.51674002684184, 0.00310348042266,-0.00000000000000, 0.00781065340223, 2.51946749509368, 0.00000000000000, 2.53573523330987,*****************,    0.00000000000000,
  115,    2, 0.71562500000000, 0.00937500000000, 2.53300776505803, 0.01626773821619, 2.51674002684184, 0.00310348042266,-0.00000000000000, 0.00781065340223, 2.51946749509368, 0.00000000000000, 2.53573523330987,*****************,    0.00000000000000,
  115,    3, 0.71562500000000, 0.01562500000000, 2.53300776505803, 0.01626773821619, 2.51674002684184, 0.00310348042266,-0.00000000000000, 0.00781065340223, 2.51946749509368, 0.00000000000000, 2.53573523330987,*****************,    0.00000000000000,
  115,    4, 0.71562500000000, 0.02187500000000, 2.53300776505803, 0.01626773821619, 2.51674002684184, 0.00310348042266,-0.00000000000000, 0.00781065340223, 2.51946749509368, 0.00000000000000, 2.53573523330987,*****************,    0.00000000000000,
  115,    5, 0.71562500000000, 0.02812500000000, 2.53300776505803, 0.01626773821619, 2.51674002684184, 0.00310348042266,-0.00000000000000, 0.00781065340223, 2.51946749509368, 0.00000000000000, 2.53573523330987,*****************,    0.00000000000000,
  116,    1, 0.72187500000000, 0.00312500000000, 2.52484964316469, 0.01641951602563, 2.50843012713906, 0.00311522743834,-0.00000000000000, 0.00781433035922, 2.51116343981904, 0.00000000000000, 2.52758295584467,*****************,    0.00000000000000,
  116,    2, 0.72187500000000, 0.00937500000000, 2.52484964316469, 0.01641951602563, 2.50843012713906, 0.00311522743834,-0.00000000000000, 0.00781433035922, 2.51116343981904, 0.00000000000000, 2.52758295584467,*****************,    0.00000000000000,
  116,    3, 0.72187500000000, 0.01562500000000, 2.52484964316469, 0.01641951602563, 2.50843012713906, 0.00311522743834,-0.00000000000000, 0.00781433035922, 2.51116343981904, 0.00000000000000, 2.52758295584467,*****************,    0.00000000000000,
  116,    4, 0.72187500000000, 0.02187500000000, 2.52484964316469, 0.01641951602563, 2.50843012713906, 0.00311522743834,-0.00000000000000, 0.00781433035922, 2.51116343981904, 0.00000000000000, 2.52758295584467,*****************,    0.00000000000000,
  116,    5, 0.72187500000000, 0.02812500000000, 2.52484964316469, 0.01641951602563, 2.50843012713906, 0.00311522743834,-0.00000000000000, 0.00781433035922, 2.51116343981904, 0.00000000000000, 2.52758295584467,*****************,    0.00000000000000,
  117,    1, 0.72812500000000, 0.00312500000000, 2.51649179464060, 0.01656881898943, 2.49992297565117, 0.00312733660458,-0.00000000000000, 0.00781810063038, 2.50266232130791, 0.00000000000000, 2.51923114029734,*****************,    0.00000000000000,
  117,    2, 0.72812500000000, 0.00937500000000, 2.51649179464060, 0.01656881898943, 2.49992297565117, 0.00312733660458,-0.00000000000000, 0.00781810063038, 2.50266232130791, 0.00000000000000, 2.51923114029734,*****************,    0.00000000000000,
  117,    3, 0.72812500000000, 0.01562500000000, 2.51649179464060, 0.01656881898943, 2.49992297565117, 0.00312733660458,-0.00000000000000, 0.00781810063038, 2.50266232130791, 0.00000000000000, 2.51923114029734,*****************,    0.00000000000000,
  117,    4, 0.72812500000000, 0.02187500000000, 2.51649179464060, 0.01656881898943, 2.49992297565117, 0.00312733660458,-0.00000000000000, 0.00781810063038, 2.50266232130791, 0.00000000000000, 2.51923114029734,*****************,    0.00000000000000,
  117,    5, 0.72812500000000, 0.02812500000000, 2.51649179464060, 0.01656881898943, 2.49992297565117, 0.00312733660458,-0.00000000000000, 0.00781810063038, 2.50266232130791, 0.00000000000000, 2.51923114029734,*****************,    0.00000000000000,
  118,    1, 0.73437500000000, 0.00312500000000, 2.50793743754210, 0.01671558954847, 2.49122184799363, 0.00313981071434,-0.00000000000000, 0.00782196505013, 2.49396741690331, 0.00000000000000, 2.51068300645178,*****************,    0.00000000000000,
  118,    2, 0.73437500000000, 0.00937500000000, 2.50793743754210, 0.01671558954847, 2.49122184799363, 0.00313981071434,-0.00000000000000, 0.00782196505013, 2.49396741690331, 0.00000000000000, 2.51068300645178,*****************,    0.00000000000000,
  118,    3, 0.73437500000000, 0.01562500000000, 2.50793743754210, 0.01671558954847, 2.49122184799363, 0.00313981071434,-0.00000000000000, 0.00782196505013, 2.49396741690331, 0.00000000000000, 2.51068300645178,*****************,    0.00000000000000,
  118,    4, 0.73437500000000, 0.02187500000000, 2.50793743754210, 0.01671558954847, 2.49122184799363, 0.00313981071434,-0.00000000000000, 0.00782196505013, 2.49396741690331, 0.00000000000000, 2.51068300645178,*****************,    0.00000000000000,
  118,    5, 0.73437500000000, 0.02812500000000, 2.50793743754210, 0.01671558954847, 2.49122184799363, 0.00313981071434,-0.00000000000000, 0.00782196505013, 2.49396741690331, 0.00000000000000, 2.51068300645178,*****************,    0.00000000000000,
  119,    1, 0.74062500000000, 0.00312500000000, 2.49918986553565, 0.01685977111990, 2.48233009441575, 0.00315265254167,-0.00000000000000, 0.00782592428142, 2.48508207865638, 0.00000000000000, 2.50194184977629,*****************,    0.00000000000000,
  119,    2, 0.74062500000000, 0.00937500000000, 2.49918986553565, 0.01685977111990, 2.48233009441575, 0.00315265254167,-0.00000000000000, 0.00782592428142, 2.48508207865638, 0.00000000000000, 2.50194184977629,*****************,    0.00000000000000,
  119,    3, 0.74062500000000, 0.01562500000000, 2.49918986553565, 0.01685977111990, 2.48233009441575, 0.00315265254167,-0.00000000000000, 0.00782592428142, 2.48508207865638, 0.00000000000000, 2.50194184977629,*****************,    0.00000000000000,
  119,    4, 0.74062500000000, 0.02187500000000, 2.49918986553565, 0.01685977111990, 2.48233009441575, 0.00315265254167,-0.00000000000000, 0.00782592428142, 2.48508207865638, 0.00000000000000, 2.50194184977629,*****************,    0.00000000000000,
  119,    5, 0.74062500000000, 0.02812500000000, 2.49918986553565, 0.01685977111990, 2.48233009441575, 0.00315265254167,-0.00000000000000, 0.00782592428142, 2.48508207865638, 0.00000000000000, 2.50194184977629,*****************,    0.00000000000000,
  120,    1, 0.74687500000000, 0.00312500000000, 2.49025244662608, 0.01700130811899, 2.47325113850710, 0.00316586483602,-0.00000000000000, 0.00782997881005, 2.47600973203418, 0.00000000000000, 2.49301104015316,*****************,    0.00000000000000,
  120,    2, 0.74687500000000, 0.00937500000000, 2.49025244662608, 0.01700130811899, 2.47325113850710, 0.00316586483602,-0.00000000000000, 0.00782997881005, 2.47600973203418, 0.00000000000000, 2.49301104015316,*****************,    0.00000000000000,
  120,    3, 0.74687500000000, 0.01562500000000, 2.49025244662608, 0.01700130811899, 2.47325113850710, 0.00316586483602,-0.00000000000000, 0.00782997881005, 2.47600973203418, 0.00000000000000, 2.49301104015316,*****************,    0.00000000000000,
  120,    4, 0.74687500000000, 0.02187500000000, 2.49025244662608, 0.01700130811899, 2.47325113850710, 0.00316586483602,-0.00000000000000, 0.00782997881005, 2.47600973203418, 0.00000000000000, 2.49301104015316,*****************,    0.00000000000000,
  120,    5, 0.74687500000000, 0.02812500000000, 2.49025244662608, 0.01700130811899, 2.47325113850710, 0.00316586483602,-0.00000000000000, 0.00782997881005, 2.47600973203418, 0.00000000000000, 2.49301104015316,*****************,    0.00000000000000,
  121,    1, 0.75312500000000, 0.00312500000000, 2.48112862185600, 0.01714014598051, 2.46398847587548, 0.00317945031614,-0.00000000000000, 0.00783412893858, 2.46675387459902, 0.00000000000000, 2.48389402057953,*****************,    0.00000000000000,
  121,    2, 0.75312500000000, 0.00937500000000, 2.48112862185600, 0.01714014598051, 2.46398847587548, 0.00317945031614,-0.00000000000000, 0.00783412893858, 2.46675387459902, 0.00000000000000, 2.48389402057953,*****************,    0.00000000000000,
  121,    3, 0.75312500000000, 0.01562500000000, 2.48112862185600, 0.01714014598051, 2.46398847587548, 0.00317945031614,-0.00000000000000, 0.00783412893858, 2.46675387459902, 0.00000000000000, 2.48389402057953,*****************,    0.00000000000000,
  121,    4, 0.75312500000000, 0.02187500000000, 2.48112862185600, 0.01714014598051, 2.46398847587548, 0.00317945031614,-0.00000000000000, 0.00783412893858, 2.46675387459902, 0.00000000000000, 2.48389402057953,*****************,    0.00000000000000,
  121,    5, 0.75312500000000, 0.02812500000000, 2.48112862185600, 0.01714014598051, 2.46398847587548, 0.00317945031614,-0.00000000000000, 0.00783412893858, 2.46675387459902, 0.00000000000000, 2.48389402057953,*****************,    0.00000000000000,
  122,    1, 0.75937500000000, 0.00312500000000, 2.47182190397751, 0.01727623117985, 2.45454567279766, 0.00319341166373,-0.00000000000000, 0.00783837478067, 2.45731807466013, 0.00000000000000, 2.47459430583997,*****************,    0.00000000000000,
  122,    2, 0.75937500000000, 0.00937500000000, 2.47182190397751, 0.01727623117985, 2.45454567279766, 0.00319341166373,-0.00000000000000, 0.00783837478067, 2.45731807466013, 0.00000000000000, 2.47459430583997,*****************,    0.00000000000000,
  122,    3, 0.75937500000000, 0.01562500000000, 2.47182190397751, 0.01727623117985, 2.45454567279766, 0.00319341166373,-0.00000000000000, 0.00783837478067, 2.45731807466013, 0.00000000000000, 2.47459430583997,*****************,    0.00000000000000,
  122,    4, 0.75937500000000, 0.02187500000000, 2.47182190397751, 0.01727623117985, 2.45454567279766, 0.00319341166373,-0.00000000000000, 0.00783837478067, 2.45731807466013, 0.00000000000000, 2.47459430583997,*****************,    0.00000000000000,
  122,    5, 0.75937500000000, 0.02812500000000, 2.47182190397751, 0.01727623117985, 2.45454567279766, 0.00319341166373,-0.00000000000000, 0.00783837478067, 2.45731807466013, 0.00000000000000, 2.47459430583997,*****************,    0.00000000000000,
  123,    1, 0.76562500000000, 0.00312500000000, 2.46233587609612, 0.01740951125355, 2.44492636484257, 0.00320775151670,-0.00000000000000, 0.00784271625504, 2.44770596989801, 0.00000000000000, 2.46511548115156,*****************,    0.00000000000000,
  123,    2, 0.76562500000000, 0.00937500000000, 2.46233587609612, 0.01740951125355, 2.44492636484257, 0.00320775151670,-0.00000000000000, 0.00784271625504, 2.44770596989801, 0.00000000000000, 2.46511548115156,*****************,    0.00000000000000,
  123,    3, 0.76562500000000, 0.01562500000000, 2.46233587609612, 0.01740951125355, 2.44492636484257, 0.00320775151670,-0.00000000000000, 0.00784271625504, 2.44770596989801, 0.00000000000000, 2.46511548115156,*****************,    0.00000000000000,
  123,    4, 0.76562500000000, 0.02187500000000, 2.46233587609612, 0.01740951125355, 2.44492636484257, 0.00320775151670,-0.00000000000000, 0.00784271625504, 2.44770596989801, 0.00000000000000, 2.46511548115156,*****************,    0.00000000000000,
  123,    5, 0.76562500000000, 0.02812500000000, 2.46233587609612, 0.01740951125355, 2.44492636484257, 0.00320775151670,-0.00000000000000, 0.00784271625504, 2.44770596989801, 0.00000000000000, 2.46511548115156,*****************,    0.00000000000000,
  124,    1, 0.77187500000000, 0.00312500000000, 2.45267419028777, 0.01753993481962, 2.43513425546815, 0.00322247246218,-0.00000000000000, 0.00784715307996, 2.43792126596203, 0.00000000000000, 2.45546120078165,*****************,    0.00000000000000,
  124,    2, 0.77187500000000, 0.00937500000000, 2.45267419028777, 0.01753993481962, 2.43513425546815, 0.00322247246218,-0.00000000000000, 0.00784715307996, 2.43792126596203, 0.00000000000000, 2.45546120078165,*****************,    0.00000000000000,
  124,    3, 0.77187500000000, 0.01562500000000, 2.45267419028777, 0.01753993481962, 2.43513425546815, 0.00322247246218,-0.00000000000000, 0.00784715307996, 2.43792126596203, 0.00000000000000, 2.45546120078165,*****************,    0.00000000000000,
  124,    4, 0.77187500000000, 0.02187500000000, 2.45267419028777, 0.01753993481962, 2.43513425546815, 0.00322247246218,-0.00000000000000, 0.00784715307996, 2.43792126596203, 0.00000000000000, 2.45546120078165,*****************,    0.00000000000000,
  124,    5, 0.77187500000000, 0.02812500000000, 2.45267419028777, 0.01753993481962, 2.43513425546815, 0.00322247246218,-0.00000000000000, 0.00784715307996, 2.43792126596203, 0.00000000000000, 2.45546120078165,*****************,    0.00000000000000,
  125,    1, 0.77812500000000, 0.00312500000000, 2.44284056618938, 0.01766745159729, 2.42517311459209, 0.00323757702906,-0.00000000000000, 0.00785168476731, 2.42796773504180, 0.00000000000000, 2.44563518663909,*****************,    0.00000000000000,
  125,    2, 0.77812500000000, 0.00937500000000, 2.44284056618938, 0.01766745159729, 2.42517311459209, 0.00323757702906,-0.00000000000000, 0.00785168476731, 2.42796773504180, 0.00000000000000, 2.44563518663909,*****************,    0.00000000000000,
  125,    3, 0.77812500000000, 0.01562500000000, 2.44284056618938, 0.01766745159729, 2.42517311459209, 0.00323757702906,-0.00000000000000, 0.00785168476731, 2.42796773504180, 0.00000000000000, 2.44563518663909,*****************,    0.00000000000000,
  125,    4, 0.77812500000000, 0.02187500000000, 2.44284056618938, 0.01766745159729, 2.42517311459209, 0.00323757702906,-0.00000000000000, 0.00785168476731, 2.42796773504180, 0.00000000000000, 2.44563518663909,*****************,    0.00000000000000,
  125,    5, 0.77812500000000, 0.02812500000000, 2.44284056618938, 0.01766745159729, 2.42517311459209, 0.00323757702906,-0.00000000000000, 0.00785168476731, 2.42796773504180, 0.00000000000000, 2.44563518663909,*****************,    0.00000000000000,
  126,    1, 0.78437500000000, 0.00312500000000, 2.43283878956356, 0.01779201242641, 2.41504677713716, 0.00325306768036,-0.00000000000000, 0.00785631061725, 2.41784921441298, 0.00000000000000, 2.43564122683938,*****************,    0.00000000000000,
  126,    2, 0.78437500000000, 0.00937500000000, 2.43283878956356, 0.01779201242641, 2.41504677713716, 0.00325306768036,-0.00000000000000, 0.00785631061725, 2.41784921441298, 0.00000000000000, 2.43564122683938,*****************,    0.00000000000000,
  126,    3, 0.78437500000000, 0.01562500000000, 2.43283878956356, 0.01779201242641, 2.41504677713716, 0.00325306768036,-0.00000000000000, 0.00785631061725, 2.41784921441298, 0.00000000000000, 2.43564122683938,*****************,    0.00000000000000,
  126,    4, 0.78437500000000, 0.02187500000000, 2.43283878956356, 0.01779201242641, 2.41504677713716, 0.00325306768036,-0.00000000000000, 0.00785631061725, 2.41784921441298, 0.00000000000000, 2.43564122683938,*****************,    0.00000000000000,
  126,    5, 0.78437500000000, 0.02812500000000, 2.43283878956356, 0.01779201242641, 2.41504677713716, 0.00325306768036,-0.00000000000000, 0.00785631061725, 2.41784921441298, 0.00000000000000, 2.43564122683938,*****************,    0.00000000000000,
  127,    1, 0.79062500000000, 0.00312500000000, 2.42267271083803, 0.01791356928641, 2.40475914155162, 0.00326894680499,-0.00000000000000, 0.00786102971255, 2.40756960495788, 0.00000000000000, 2.42548317424428,*****************,    0.00000000000000,
  127,    2, 0.79062500000000, 0.00937500000000, 2.42267271083803, 0.01791356928641, 2.40475914155162, 0.00326894680499,-0.00000000000000, 0.00786102971255, 2.40756960495788, 0.00000000000000, 2.42548317424428,*****************,    0.00000000000000,
  127,    3, 0.79062500000000, 0.01562500000000, 2.42267271083803, 0.01791356928641, 2.40475914155162, 0.00326894680499,-0.00000000000000, 0.00786102971255, 2.40756960495788, 0.00000000000000, 2.42548317424428,*****************,    0.00000000000000,
  127,    4, 0.79062500000000, 0.02187500000000, 2.42267271083803, 0.01791356928641, 2.40475914155162, 0.00326894680499,-0.00000000000000, 0.00786102971255, 2.40756960495788, 0.00000000000000, 2.42548317424428,*****************,    0.00000000000000,
  127,    5, 0.79062500000000, 0.02812500000000, 2.42267271083803, 0.01791356928641, 2.40475914155162, 0.00326894680499,-0.00000000000000, 0.00786102971255, 2.40756960495788, 0.00000000000000, 2.42548317424428,*****************,    0.00000000000000,
  128,    1, 0.79687500000000, 0.00312500000000, 2.41234624362029, 0.01803207531481, 2.39431416830548, 0.00328521670949,-0.00000000000000, 0.00786584091350, 2.39713286966162, 0.00000000000000, 2.41516494497643,*****************,    0.00000000000000,
  128,    2, 0.79687500000000, 0.00937500000000, 2.41234624362029, 0.01803207531481, 2.39431416830548, 0.00328521670949,-0.00000000000000, 0.00786584091350, 2.39713286966162, 0.00000000000000, 2.41516494497643,*****************,    0.00000000000000,
  128,    3, 0.79687500000000, 0.01562500000000, 2.41234624362029, 0.01803207531481, 2.39431416830548, 0.00328521670949,-0.00000000000000, 0.00786584091350, 2.39713286966162, 0.00000000000000, 2.41516494497643,*****************,    0.00000000000000,
  128,    4, 0.79687500000000, 0.02187500000000, 2.41234624362029, 0.01803207531481, 2.39431416830548, 0.00328521670949,-0.00000000000000, 0.00786584091350, 2.39713286966162, 0.00000000000000, 2.41516494497643,*****************,    0.00000000000000,
  128,    5, 0.79687500000000, 0.02812500000000, 2.41234624362029, 0.01803207531481, 2.39431416830548, 0.00328521670949,-0.00000000000000, 0.00786584091350, 2.39713286966162, 0.00000000000000, 2.41516494497643,*****************,    0.00000000000000,
  129,    1, 0.80312500000000, 0.00312500000000, 2.40186336318820, 0.01814748482527, 2.38371587836293, 0.00330187960903,-0.00000000000000, 0.00787074285249, 2.38654303208434, 0.00000000000000, 2.40469051690962,*****************,    0.00000000000000,
  129,    2, 0.80312500000000, 0.00937500000000, 2.40186336318820, 0.01814748482527, 2.38371587836293, 0.00330187960903,-0.00000000000000, 0.00787074285249, 2.38654303208434, 0.00000000000000, 2.40469051690962,*****************,    0.00000000000000,
  129,    3, 0.80312500000000, 0.01562500000000, 2.40186336318820, 0.01814748482527, 2.38371587836293, 0.00330187960903,-0.00000000000000, 0.00787074285249, 2.38654303208434, 0.00000000000000, 2.40469051690962,*****************,    0.00000000000000,
  129,    4, 0.80312500000000, 0.02187500000000, 2.40186336318820, 0.01814748482527, 2.38371587836293, 0.00330187960903,-0.00000000000000, 0.00787074285249, 2.38654303208434, 0.00000000000000, 2.40469051690962,*****************,    0.00000000000000,
  129,    5, 0.80312500000000, 0.02812500000000, 2.40186336318820, 0.01814748482527, 2.38371587836293, 0.00330187960903,-0.00000000000000, 0.00787074285249, 2.38654303208434, 0.00000000000000, 2.40469051690962,*****************,    0.00000000000000,
  130,    1, 0.80937500000000, 0.00312500000000, 2.39122810495708, 0.01825975332525, 2.37296835163183, 0.00331893761835,-0.00000000000000, 0.00787573392939, 2.37580417481001, 0.00000000000000, 2.39406392813526,*****************,    0.00000000000000,
  130,    2, 0.80937500000000, 0.00937500000000, 2.39122810495708, 0.01825975332525, 2.37296835163183, 0.00331893761835,-0.00000000000000, 0.00787573392939, 2.37580417481001, 0.00000000000000, 2.39406392813526,*****************,    0.00000000000000,
  130,    3, 0.80937500000000, 0.01562500000000, 2.39122810495708, 0.01825975332525, 2.37296835163183, 0.00331893761835,-0.00000000000000, 0.00787573392939, 2.37580417481001, 0.00000000000000, 2.39406392813526,*****************,    0.00000000000000,
  130,    4, 0.80937500000000, 0.02187500000000, 2.39122810495708, 0.01825975332525, 2.37296835163183, 0.00331893761835,-0.00000000000000, 0.00787573392939, 2.37580417481001, 0.00000000000000, 2.39406392813526,*****************,    0.00000000000000,
  130,    5, 0.80937500000000, 0.02812500000000, 2.39122810495708, 0.01825975332525, 2.37296835163183, 0.00331893761835,-0.00000000000000, 0.00787573392939, 2.37580417481001, 0.00000000000000, 2.39406392813526,*****************,    0.00000000000000,
  131,    1, 0.81562500000000, 0.00312500000000, 2.38044456292391, 0.01836883753308, 2.36207572539083, 0.00333639274209,-0.00000000000000, 0.00788081230646, 2.36492043787253, 0.00000000000000, 2.38328927540561,*****************,    0.00000000000000,
  131,    2, 0.81562500000000, 0.00937500000000, 2.38044456292391, 0.01836883753308, 2.36207572539083, 0.00333639274209,-0.00000000000000, 0.00788081230646, 2.36492043787253, 0.00000000000000, 2.38328927540561,*****************,    0.00000000000000,
  131,    3, 0.81562500000000, 0.01562500000000, 2.38044456292391, 0.01836883753308, 2.36207572539083, 0.00333639274209,-0.00000000000000, 0.00788081230646, 2.36492043787253, 0.00000000000000, 2.38328927540561,*****************,    0.00000000000000,
  131,    4, 0.81562500000000, 0.02187500000000, 2.38044456292391, 0.01836883753308, 2.36207572539083, 0.00333639274209,-0.00000000000000, 0.00788081230646, 2.36492043787253, 0.00000000000000, 2.38328927540561,*****************,    0.00000000000000,
  131,    5, 0.81562500000000, 0.02812500000000, 2.38044456292391, 0.01836883753308, 2.36207572539083, 0.00333639274209,-0.00000000000000, 0.00788081230646, 2.36492043787253, 0.00000000000000, 2.38328927540561,*****************,    0.00000000000000,
  132,    1, 0.82187500000000, 0.00312500000000, 2.36951688808928, 0.01847469539474, 2.35104219269454, 0.00335424686495, 0.00000000000000, 0.00788597590420, 2.35389601715967, 0.00000000000000, 2.37237071255442,*****************,    0.00000000000000,
  132,    2, 0.82187500000000, 0.00937500000000, 2.36951688808928, 0.01847469539474, 2.35104219269454, 0.00335424686495, 0.00000000000000, 0.00788597590420, 2.35389601715967, 0.00000000000000, 2.37237071255442,*****************,    0.00000000000000,
  132,    3, 0.82187500000000, 0.01562500000000, 2.36951688808928, 0.01847469539474, 2.35104219269454, 0.00335424686495, 0.00000000000000, 0.00788597590420, 2.35389601715967, 0.00000000000000, 2.37237071255442,*****************,    0.00000000000000,
  132,    4, 0.82187500000000, 0.02187500000000, 2.36951688808928, 0.01847469539474, 2.35104219269454, 0.00335424686495, 0.00000000000000, 0.00788597590420, 2.35389601715967, 0.00000000000000, 2.37237071255442,*****************,    0.00000000000000,
  132,    5, 0.82187500000000, 0.02812500000000, 2.36951688808928, 0.01847469539474, 2.35104219269454, 0.00335424686495, 0.00000000000000, 0.00788597590420, 2.35389601715967, 0.00000000000000, 2.37237071255442,*****************,    0.00000000000000,
  133,    1, 0.82812500000000, 0.00312500000000, 2.35844928685779, 0.01857728610000, 2.33987200075779, 0.00337250174125,-0.00000000000000, 0.00789122239685, 2.34273516279548, 0.00000000000000, 2.36131244889548,*****************,    0.00000000000000,
  133,    2, 0.82812500000000, 0.00937500000000, 2.35844928685779, 0.01857728610000, 2.33987200075779, 0.00337250174125,-0.00000000000000, 0.00789122239685, 2.34273516279548, 0.00000000000000, 2.36131244889548,*****************,    0.00000000000000,
  133,    3, 0.82812500000000, 0.01562500000000, 2.35844928685779, 0.01857728610000, 2.33987200075779, 0.00337250174125,-0.00000000000000, 0.00789122239685, 2.34273516279548, 0.00000000000000, 2.36131244889548,*****************,    0.00000000000000,
  133,    4, 0.82812500000000, 0.02187500000000, 2.35844928685779, 0.01857728610000, 2.33987200075779, 0.00337250174125,-0.00000000000000, 0.00789122239685, 2.34273516279548, 0.00000000000000, 2.36131244889548,*****************,    0.00000000000000,
  133,    5, 0.82812500000000, 0.02812500000000, 2.35844928685779, 0.01857728610000, 2.33987200075779, 0.00337250174125,-0.00000000000000, 0.00789122239685, 2.34273516279548, 0.00000000000000, 2.36131244889548,*****************,    0.00000000000000,
  134,    1, 0.83437500000000, 0.00312500000000, 2.34724601941731, 0.01867657009820, 2.32856944931912, 0.00339115898434, 0.00000000000000, 0.00789654920872, 2.33144217750177, 0.00000000000000, 2.35011874759997,*****************,    0.00000000000000,
  134,    2, 0.83437500000000, 0.00937500000000, 2.34724601941731, 0.01867657009820, 2.32856944931912, 0.00339115898434, 0.00000000000000, 0.00789654920872, 2.33144217750177, 0.00000000000000, 2.35011874759997,*****************,    0.00000000000000,
  134,    3, 0.83437500000000, 0.01562500000000, 2.34724601941731, 0.01867657009820, 2.32856944931912, 0.00339115898434, 0.00000000000000, 0.00789654920872, 2.33144217750177, 0.00000000000000, 2.35011874759997,*****************,    0.00000000000000,
  134,    4, 0.83437500000000, 0.02187500000000, 2.34724601941731, 0.01867657009820, 2.32856944931912, 0.00339115898434, 0.00000000000000, 0.00789654920872, 2.33144217750177, 0.00000000000000, 2.35011874759997,*****************,    0.00000000000000,
  134,    5, 0.83437500000000, 0.02812500000000, 2.34724601941731, 0.01867657009820, 2.32856944931912, 0.00339115898434, 0.00000000000000, 0.00789654920872, 2.33144217750177, 0.00000000000000, 2.35011874759997,*****************,    0.00000000000000,
  135,    1, 0.84062500000000, 0.00312500000000, 2.33591139809817, 0.01877250911345, 2.31713888898472, 0.00341022005540, 0.00000000000000, 0.00790195351037, 2.32002141493934, 0.00000000000000, 2.33879392405279,*****************,    0.00000000000000,
  135,    2, 0.84062500000000, 0.00937500000000, 2.33591139809817, 0.01877250911345, 2.31713888898472, 0.00341022005540, 0.00000000000000, 0.00790195351037, 2.32002141493934, 0.00000000000000, 2.33879392405279,*****************,    0.00000000000000,
  135,    3, 0.84062500000000, 0.01562500000000, 2.33591139809817, 0.01877250911345, 2.31713888898472, 0.00341022005540, 0.00000000000000, 0.00790195351037, 2.32002141493934, 0.00000000000000, 2.33879392405279,*****************,    0.00000000000000,
  135,    4, 0.84062500000000, 0.02187500000000, 2.33591139809817, 0.01877250911345, 2.31713888898472, 0.00341022005540, 0.00000000000000, 0.00790195351037, 2.32002141493934, 0.00000000000000, 2.33879392405279,*****************,    0.00000000000000,
  135,    5, 0.84062500000000, 0.02812500000000, 2.33591139809817, 0.01877250911345, 2.31713888898472, 0.00341022005540, 0.00000000000000, 0.00790195351037, 2.32002141493934, 0.00000000000000, 2.33879392405279,*****************,    0.00000000000000,
  136,    1, 0.84687500000000, 0.00312500000000, 2.32444978571249, 0.01886506615945, 2.30558471955305, 0.00342968625207,-0.00000000000000, 0.00790743221564, 2.30847727802957, 0.00000000000000, 2.32734234418901,*****************,    0.00000000000000,
  136,    2, 0.84687500000000, 0.00937500000000, 2.32444978571249, 0.01886506615945, 2.30558471955305, 0.00342968625207,-0.00000000000000, 0.00790743221564, 2.30847727802957, 0.00000000000000, 2.32734234418901,*****************,    0.00000000000000,
  136,    3, 0.84687500000000, 0.01562500000000, 2.32444978571249, 0.01886506615945, 2.30558471955305, 0.00342968625207,-0.00000000000000, 0.00790743221564, 2.30847727802957, 0.00000000000000, 2.32734234418901,*****************,    0.00000000000000,
  136,    4, 0.84687500000000, 0.02187500000000, 2.32444978571249, 0.01886506615945, 2.30558471955305, 0.00342968625207,-0.00000000000000, 0.00790743221564, 2.30847727802957, 0.00000000000000, 2.32734234418901,*****************,    0.00000000000000,
  136,    5, 0.84687500000000, 0.02812500000000, 2.32444978571249, 0.01886506615945, 2.30558471955305, 0.00342968625207,-0.00000000000000, 0.00790743221564, 2.30847727802957, 0.00000000000000, 2.32734234418901,*****************,    0.00000000000000,
  137,    1, 0.85312500000000, 0.00312500000000, 2.31286559387480, 0.01895420555369, 2.29391138832111, 0.00344955869650,-0.00000000000000, 0.00791298197858, 2.29681421725698, 0.00000000000000, 2.31576842281067,*****************,    0.00000000000000,
  137,    2, 0.85312500000000, 0.00937500000000, 2.31286559387480, 0.01895420555369, 2.29391138832111, 0.00344955869650,-0.00000000000000, 0.00791298197858, 2.29681421725698, 0.00000000000000, 2.31576842281067,*****************,    0.00000000000000,
  137,    3, 0.85312500000000, 0.01562500000000, 2.31286559387480, 0.01895420555369, 2.29391138832111, 0.00344955869650,-0.00000000000000, 0.00791298197858, 2.29681421725698, 0.00000000000000, 2.31576842281067,*****************,    0.00000000000000,
  137,    4, 0.85312500000000, 0.02187500000000, 2.31286559387480, 0.01895420555369, 2.29391138832111, 0.00344955869650,-0.00000000000000, 0.00791298197858, 2.29681421725698, 0.00000000000000, 2.31576842281067,*****************,    0.00000000000000,
  137,    5, 0.85312500000000, 0.02812500000000, 2.31286559387480, 0.01895420555369, 2.29391138832111, 0.00344955869650,-0.00000000000000, 0.00791298197858, 2.29681421725698, 0.00000000000000, 2.31576842281067,*****************,    0.00000000000000,
  138,    1, 0.85937500000000, 0.00312500000000, 2.30116328130398, 0.01903989293123, 2.28212338837274, 0.00346983832322, 0.00000000000000, 0.00791859919130, 2.28503672895352, 0.00000000000000, 2.30407662188476,*****************,    0.00000000000000,
  138,    2, 0.85937500000000, 0.00937500000000, 2.30116328130398, 0.01903989293123, 2.28212338837274, 0.00346983832322, 0.00000000000000, 0.00791859919130, 2.28503672895352, 0.00000000000000, 2.30407662188476,*****************,    0.00000000000000,
  138,    3, 0.85937500000000, 0.01562500000000, 2.30116328130398, 0.01903989293123, 2.28212338837274, 0.00346983832322, 0.00000000000000, 0.00791859919130, 2.28503672895352, 0.00000000000000, 2.30407662188476,*****************,    0.00000000000000,
  138,    4, 0.85937500000000, 0.02187500000000, 2.30116328130398, 0.01903989293123, 2.28212338837274, 0.00346983832322, 0.00000000000000, 0.00791859919130, 2.28503672895352, 0.00000000000000, 2.30407662188476,*****************,    0.00000000000000,
  138,    5, 0.85937500000000, 0.02812500000000, 2.30116328130398, 0.01903989293123, 2.28212338837274, 0.00346983832322, 0.00000000000000, 0.00791859919130, 2.28503672895352, 0.00000000000000, 2.30407662188476,*****************,    0.00000000000000,
  139,    1, 0.86562500000000, 0.00312500000000, 2.28934735210809, 0.01912209525797, 2.27022525685012, 0.00349052586648,-0.00000000000000, 0.00792427998177, 2.27314935356513, 0.00000000000000, 2.29227144882310,*****************,    0.00000000000000,
  139,    2, 0.86562500000000, 0.00937500000000, 2.28934735210809, 0.01912209525797, 2.27022525685012, 0.00349052586648,-0.00000000000000, 0.00792427998177, 2.27314935356513, 0.00000000000000, 2.29227144882310,*****************,    0.00000000000000,
  139,    3, 0.86562500000000, 0.01562500000000, 2.28934735210809, 0.01912209525797, 2.27022525685012, 0.00349052586648,-0.00000000000000, 0.00792427998177, 2.27314935356513, 0.00000000000000, 2.29227144882310,*****************,    0.00000000000000,
  139,    4, 0.86562500000000, 0.02187500000000, 2.28934735210809, 0.01912209525797, 2.27022525685012, 0.00349052586648,-0.00000000000000, 0.00792427998177, 2.27314935356513, 0.00000000000000, 2.29227144882310,*****************,    0.00000000000000,
  139,    5, 0.86562500000000, 0.02812500000000, 2.28934735210809, 0.01912209525797, 2.27022525685012, 0.00349052586648,-0.00000000000000, 0.00792427998177, 2.27314935356513, 0.00000000000000, 2.29227144882310,*****************,    0.00000000000000,
  140,    1, 0.87187500000000, 0.00312500000000, 2.27742235405186, 0.01920078084335, 2.25822157320851, 0.00351162184735,-0.00000000000000, 0.00793002021264, 2.26115667390130, 0.00000000000000, 2.28035745474465,*****************,    0.00000000000000,
  140,    2, 0.87187500000000, 0.00937500000000, 2.27742235405186, 0.01920078084335, 2.25822157320851, 0.00351162184735,-0.00000000000000, 0.00793002021264, 2.26115667390130, 0.00000000000000, 2.28035745474465,*****************,    0.00000000000000,
  140,    3, 0.87187500000000, 0.01562500000000, 2.27742235405186, 0.01920078084335, 2.25822157320851, 0.00351162184735,-0.00000000000000, 0.00793002021264, 2.26115667390130, 0.00000000000000, 2.28035745474465,*****************,    0.00000000000000,
  140,    4, 0.87187500000000, 0.02187500000000, 2.27742235405186, 0.01920078084335, 2.25822157320851, 0.00351162184735,-0.00000000000000, 0.00793002021264, 2.26115667390130, 0.00000000000000, 2.28035745474465,*****************,    0.00000000000000,
  140,    5, 0.87187500000000, 0.02812500000000, 2.27742235405186, 0.01920078084335, 2.25822157320851, 0.00351162184735,-0.00000000000000, 0.00793002021264, 2.26115667390130, 0.00000000000000, 2.28035745474465,*****************,    0.00000000000000,
  141,    1, 0.87812500000000, 0.00312500000000, 2.26539287680827, 0.01927591935256, 2.24611695745571, 0.00353312656033,-0.00000000000000, 0.00793581548000, 2.24906331336834, 0.00000000000000, 2.26833923272090,*****************,    0.00000000000000,
  141,    2, 0.87812500000000, 0.00937500000000, 2.26539287680827, 0.01927591935256, 2.24611695745571, 0.00353312656033,-0.00000000000000, 0.00793581548000, 2.24906331336834, 0.00000000000000, 2.26833923272090,*****************,    0.00000000000000,
  141,    3, 0.87812500000000, 0.01562500000000, 2.26539287680827, 0.01927591935256, 2.24611695745571, 0.00353312656033,-0.00000000000000, 0.00793581548000, 2.24906331336834, 0.00000000000000, 2.26833923272090,*****************,    0.00000000000000,
  141,    4, 0.87812500000000, 0.02187500000000, 2.26539287680827, 0.01927591935256, 2.24611695745571, 0.00353312656033,-0.00000000000000, 0.00793581548000, 2.24906331336834, 0.00000000000000, 2.26833923272090,*****************,    0.00000000000000,
  141,    5, 0.87812500000000, 0.02812500000000, 2.26539287680827, 0.01927591935256, 2.24611695745571, 0.00353312656033,-0.00000000000000, 0.00793581548000, 2.24906331336834, 0.00000000000000, 2.26833923272090,*****************,    0.00000000000000,
  142,    1, 0.88437500000000, 0.00312500000000, 2.25326355019457, 0.01934748181828, 2.23391606837628, 0.00355504005982, 0.00000000000000, 0.00794166111335, 2.23687393418694, 0.00000000000000, 2.25622141600523,*****************,    0.00000000000000,
  142,    2, 0.88437500000000, 0.00937500000000, 2.25326355019457, 0.01934748181828, 2.23391606837628, 0.00355504005982, 0.00000000000000, 0.00794166111335, 2.23687393418694, 0.00000000000000, 2.25622141600523,*****************,    0.00000000000000,
  142,    3, 0.88437500000000, 0.01562500000000, 2.25326355019457, 0.01934748181828, 2.23391606837628, 0.00355504005982, 0.00000000000000, 0.00794166111335, 2.23687393418694, 0.00000000000000, 2.25622141600523,*****************,    0.00000000000000,
  142,    4, 0.88437500000000, 0.02187500000000, 2.25326355019457, 0.01934748181828, 2.23391606837628, 0.00355504005982, 0.00000000000000, 0.00794166111335, 2.23687393418694, 0.00000000000000, 2.25622141600523,*****************,    0.00000000000000,
  142,    5, 0.88437500000000, 0.02812500000000, 2.25326355019457, 0.01934748181828, 2.23391606837628, 0.00355504005982, 0.00000000000000, 0.00794166111335, 2.23687393418694, 0.00000000000000, 2.25622141600523,*****************,    0.00000000000000,
  143,    1, 0.89062500000000, 0.00312500000000, 2.24103904239331, 0.01941544065183, 2.22162360174147, 0.00357736214597, 0.00000000000000, 0.00794755217546, 2.22459323559481, 0.00000000000000, 2.24400867624664,*****************,    0.00000000000000,
  143,    2, 0.89062500000000, 0.00937500000000, 2.24103904239331, 0.01941544065183, 2.22162360174147, 0.00357736214597, 0.00000000000000, 0.00794755217546, 2.22459323559481, 0.00000000000000, 2.24400867624664,*****************,    0.00000000000000,
  143,    3, 0.89062500000000, 0.01562500000000, 2.24103904239331, 0.01941544065183, 2.22162360174147, 0.00357736214597, 0.00000000000000, 0.00794755217546, 2.22459323559481, 0.00000000000000, 2.24400867624664,*****************,    0.00000000000000,
  143,    4, 0.89062500000000, 0.02187500000000, 2.24103904239331, 0.01941544065183, 2.22162360174147, 0.00357736214597, 0.00000000000000, 0.00794755217546, 2.22459323559481, 0.00000000000000, 2.24400867624664,*****************,    0.00000000000000,
  143,    5, 0.89062500000000, 0.02812500000000, 2.24103904239331, 0.01941544065183, 2.22162360174147, 0.00357736214597, 0.00000000000000, 0.00794755217546, 2.22459323559481, 0.00000000000000, 2.24400867624664,*****************,    0.00000000000000,
  144,    1, 0.89687500000000, 0.00312500000000, 2.22872405815970, 0.01947976965378, 2.20924428850593, 0.00360009235052, 0.00000000000000, 0.00795348346349, 2.21222595203503, 0.00000000000000, 2.23170572168881,*****************,    0.00000000000000,
  144,    2, 0.89687500000000, 0.00937500000000, 2.22872405815970, 0.01947976965378, 2.20924428850593, 0.00360009235052, 0.00000000000000, 0.00795348346349, 2.21222595203503, 0.00000000000000, 2.23170572168881,*****************,    0.00000000000000,
  144,    3, 0.89687500000000, 0.01562500000000, 2.22872405815970, 0.01947976965378, 2.20924428850593, 0.00360009235052, 0.00000000000000, 0.00795348346349, 2.21222595203503, 0.00000000000000, 2.23170572168881,*****************,    0.00000000000000,
  144,    4, 0.89687500000000, 0.02187500000000, 2.22872405815970, 0.01947976965378, 2.20924428850593, 0.00360009235052, 0.00000000000000, 0.00795348346349, 2.21222595203503, 0.00000000000000, 2.23170572168881,*****************,    0.00000000000000,
  144,    5, 0.89687500000000, 0.02812500000000, 2.22872405815970, 0.01947976965378, 2.20924428850593, 0.00360009235052, 0.00000000000000, 0.00795348346349, 2.21222595203503, 0.00000000000000, 2.23170572168881,*****************,    0.00000000000000,
  145,    1, 0.90312500000000, 0.00312500000000, 2.21632333701536, 0.01954044402406, 2.19678289299129, 0.00362322992207,-0.00000000000000, 0.00795944951018, 2.19977685133084, 0.00000000000000, 2.21931729535490,*****************,    0.00000000000000,
  145,    2, 0.90312500000000, 0.00937500000000, 2.21632333701536, 0.01954044402406, 2.19678289299129, 0.00362322992207,-0.00000000000000, 0.00795944951018, 2.19977685133084, 0.00000000000000, 2.21931729535490,*****************,    0.00000000000000,
  145,    3, 0.90312500000000, 0.01562500000000, 2.21632333701536, 0.01954044402406, 2.19678289299129, 0.00362322992207,-0.00000000000000, 0.00795944951018, 2.19977685133084, 0.00000000000000, 2.21931729535490,*****************,    0.00000000000000,
  145,    4, 0.90312500000000, 0.02187500000000, 2.21632333701536, 0.01954044402406, 2.19678289299129, 0.00362322992207,-0.00000000000000, 0.00795944951018, 2.19977685133084, 0.00000000000000, 2.21931729535490,*****************,    0.00000000000000,
  145,    5, 0.90312500000000, 0.02812500000000, 2.21632333701536, 0.01954044402406, 2.19678289299129, 0.00362322992207,-0.00000000000000, 0.00795944951018, 2.19977685133084, 0.00000000000000, 2.21931729535490,*****************,    0.00000000000000,
  146,    1, 0.90937500000000, 0.00312500000000, 2.20384165142940, 0.01959744037157, 2.18424421105783, 0.00364677381125,-0.00000000000000, 0.00796544458627, 2.18725073284753, 0.00000000000000, 2.20684817321910,*****************,    0.00000000000000,
  146,    2, 0.90937500000000, 0.00937500000000, 2.20384165142940, 0.01959744037157, 2.18424421105783, 0.00364677381125,-0.00000000000000, 0.00796544458627, 2.18725073284753, 0.00000000000000, 2.20684817321910,*****************,    0.00000000000000,
  146,    3, 0.90937500000000, 0.01562500000000, 2.20384165142940, 0.01959744037157, 2.18424421105783, 0.00364677381125,-0.00000000000000, 0.00796544458627, 2.18725073284753, 0.00000000000000, 2.20684817321910,*****************,    0.00000000000000,
  146,    4, 0.90937500000000, 0.02187500000000, 2.20384165142940, 0.01959744037157, 2.18424421105783, 0.00364677381125,-0.00000000000000, 0.00796544458627, 2.18725073284753, 0.00000000000000, 2.20684817321910,*****************,    0.00000000000000,
  146,    5, 0.90937500000000, 0.02812500000000, 2.20384165142940, 0.01959744037157, 2.18424421105783, 0.00364677381125,-0.00000000000000, 0.00796544458627, 2.18725073284753, 0.00000000000000, 2.20684817321910,*****************,    0.00000000000000,
  147,    1, 0.91562500000000, 0.00312500000000, 2.19128380498790, 0.01965073672312, 2.17163306826479, 0.00367072265548, 0.00000000000000, 0.00797146270306, 2.17465242564223, 0.00000000000000, 2.19430316236534,*****************,    0.00000000000000,
  147,    2, 0.91562500000000, 0.00937500000000, 2.19128380498790, 0.01965073672312, 2.17163306826479, 0.00367072265548, 0.00000000000000, 0.00797146270306, 2.17465242564223, 0.00000000000000, 2.19430316236534,*****************,    0.00000000000000,
  147,    3, 0.91562500000000, 0.01562500000000, 2.19128380498790, 0.01965073672312, 2.17163306826479, 0.00367072265548, 0.00000000000000, 0.00797146270306, 2.17465242564223, 0.00000000000000, 2.19430316236534,*****************,    0.00000000000000,
  147,    4, 0.91562500000000, 0.02187500000000, 2.19128380498790, 0.01965073672312, 2.17163306826479, 0.00367072265548, 0.00000000000000, 0.00797146270306, 2.17465242564223, 0.00000000000000, 2.19430316236534,*****************,    0.00000000000000,
  147,    5, 0.91562500000000, 0.02812500000000, 2.19128380498790, 0.01965073672312, 2.17163306826479, 0.00367072265548, 0.00000000000000, 0.00797146270306, 2.17465242564223, 0.00000000000000, 2.19430316236534,*****************,    0.00000000000000,
  148,    1, 0.92187500000000, 0.00312500000000, 2.17865463055203, 0.01970031253195, 2.15895431802009, 0.00369507476359, 0.00000000000000, 0.00797749761626, 2.16198678660218, 0.00000000000000, 2.18168709913412,*****************,    0.00000000000000,
  148,    2, 0.92187500000000, 0.00937500000000, 2.17865463055203, 0.01970031253195, 2.15895431802009, 0.00369507476359, 0.00000000000000, 0.00797749761626, 2.16198678660218, 0.00000000000000, 2.18168709913412,*****************,    0.00000000000000,
  148,    3, 0.92187500000000, 0.01562500000000, 2.17865463055203, 0.01970031253195, 2.15895431802009, 0.00369507476359, 0.00000000000000, 0.00797749761626, 2.16198678660218, 0.00000000000000, 2.18168709913412,*****************,    0.00000000000000,
  148,    4, 0.92187500000000, 0.02187500000000, 2.17865463055203, 0.01970031253195, 2.15895431802009, 0.00369507476359, 0.00000000000000, 0.00797749761626, 2.16198678660218, 0.00000000000000, 2.18168709913412,*****************,    0.00000000000000,
  148,    5, 0.92187500000000, 0.02812500000000, 2.17865463055203, 0.01970031253195, 2.15895431802009, 0.00369507476359, 0.00000000000000, 0.00797749761626, 2.16198678660218, 0.00000000000000, 2.18168709913412,*****************,    0.00000000000000,
  149,    1, 0.92812500000000, 0.00312500000000, 2.16595898840573, 0.01974614868564, 2.14621283972009, 0.00371982810010,-0.00000000000000, 0.00798354282998, 2.14925869857233, 0.00000000000000, 2.16900484725797,*****************,    0.00000000000000,
  149,    2, 0.92812500000000, 0.00937500000000, 2.16595898840573, 0.01974614868564, 2.14621283972009, 0.00371982810010,-0.00000000000000, 0.00798354282998, 2.14925869857233, 0.00000000000000, 2.16900484725797,*****************,    0.00000000000000,
  149,    3, 0.92812500000000, 0.01562500000000, 2.16595898840573, 0.01974614868564, 2.14621283972009, 0.00371982810010,-0.00000000000000, 0.00798354282998, 2.14925869857233, 0.00000000000000, 2.16900484725797,*****************,    0.00000000000000,
  149,    4, 0.92812500000000, 0.02187500000000, 2.16595898840573, 0.01974614868564, 2.14621283972009, 0.00371982810010,-0.00000000000000, 0.00798354282998, 2.14925869857233, 0.00000000000000, 2.16900484725797,*****************,    0.00000000000000,
  149,    5, 0.92812500000000, 0.02812500000000, 2.16595898840573, 0.01974614868564, 2.14621283972009, 0.00371982810010,-0.00000000000000, 0.00798354282998, 2.14925869857233, 0.00000000000000, 2.16900484725797,*****************,    0.00000000000000,
  150,    1, 0.93437500000000, 0.00312500000000, 2.15320176439391, 0.01978822751349, 2.13341353688042, 0.00374498026944, 0.00000000000000, 0.00798959160218, 2.13647306847292, 0.00000000000000, 2.15626129598641,*****************,    0.00000000000000,
  150,    2, 0.93437500000000, 0.00937500000000, 2.15320176439391, 0.01978822751349, 2.13341353688042, 0.00374498026944, 0.00000000000000, 0.00798959160218, 2.13647306847292, 0.00000000000000, 2.15626129598641,*****************,    0.00000000000000,
  150,    3, 0.93437500000000, 0.01562500000000, 2.15320176439391, 0.01978822751349, 2.13341353688042, 0.00374498026944, 0.00000000000000, 0.00798959160218, 2.13647306847292, 0.00000000000000, 2.15626129598641,*****************,    0.00000000000000,
  150,    4, 0.93437500000000, 0.02187500000000, 2.15320176439391, 0.01978822751349, 2.13341353688042, 0.00374498026944, 0.00000000000000, 0.00798959160218, 2.13647306847292, 0.00000000000000, 2.15626129598641,*****************,    0.00000000000000,
  150,    5, 0.93437500000000, 0.02812500000000, 2.15320176439391, 0.01978822751349, 2.13341353688042, 0.00374498026944, 0.00000000000000, 0.00798959160218, 2.13647306847292, 0.00000000000000, 2.15626129598641,*****************,    0.00000000000000,
  151,    1, 0.94062500000000, 0.00312500000000, 2.14038786805144, 0.01982653279331, 2.12056133525813, 0.00377052849983,-0.00000000000000, 0.00799563695022, 2.12363482540773, 0.00000000000000, 2.14346135820103,*****************,    0.00000000000000,
  151,    2, 0.94062500000000, 0.00937500000000, 2.14038786805144, 0.01982653279331, 2.12056133525813, 0.00377052849983,-0.00000000000000, 0.00799563695022, 2.12363482540773, 0.00000000000000, 2.14346135820103,*****************,    0.00000000000000,
  151,    3, 0.94062500000000, 0.01562500000000, 2.14038786805144, 0.01982653279331, 2.12056133525813, 0.00377052849983,-0.00000000000000, 0.00799563695022, 2.12363482540773, 0.00000000000000, 2.14346135820103,*****************,    0.00000000000000,
  151,    4, 0.94062500000000, 0.02187500000000, 2.14038786805144, 0.01982653279331, 2.12056133525813, 0.00377052849983,-0.00000000000000, 0.00799563695022, 2.12363482540773, 0.00000000000000, 2.14346135820103,*****************,    0.00000000000000,
  151,    5, 0.94062500000000, 0.02812500000000, 2.14038786805144, 0.01982653279331, 2.12056133525813, 0.00377052849983,-0.00000000000000, 0.00799563695022, 2.12363482540773, 0.00000000000000, 2.14346135820103,*****************,    0.00000000000000,
  152,    1, 0.94687500000000, 0.00312500000000, 2.12752223072423, 0.01986104975768, 2.10766118096655, 0.00379646962714, 0.00000000000000, 0.00800167165783, 2.11074891876384, 0.00000000000000, 2.13060996852152,*****************,    0.00000000000000,
  152,    2, 0.94687500000000, 0.00937500000000, 2.12752223072423, 0.01986104975768, 2.10766118096655, 0.00379646962714, 0.00000000000000, 0.00800167165783, 2.11074891876384, 0.00000000000000, 2.13060996852152,*****************,    0.00000000000000,
  152,    3, 0.94687500000000, 0.01562500000000, 2.12752223072423, 0.01986104975768, 2.10766118096655, 0.00379646962714, 0.00000000000000, 0.00800167165783, 2.11074891876384, 0.00000000000000, 2.13060996852152,*****************,    0.00000000000000,
  152,    4, 0.94687500000000, 0.02187500000000, 2.12752223072423, 0.01986104975768, 2.10766118096655, 0.00379646962714, 0.00000000000000, 0.00800167165783, 2.11074891876384, 0.00000000000000, 2.13060996852152,*****************,    0.00000000000000,
  152,    5, 0.94687500000000, 0.02812500000000, 2.12752223072423, 0.01986104975768, 2.10766118096655, 0.00379646962714, 0.00000000000000, 0.00800167165783, 2.11074891876384, 0.00000000000000, 2.13060996852152,*****************,    0.00000000000000,
  153,    1, 0.95312500000000, 0.00312500000000, 2.11460980368255, 0.01989176509965, 2.09471803858290, 0.00382280007852,-0.00000000000000, 0.00800768828237, 2.09782031630357, 0.00000000000000, 2.11771208140322,*****************,    0.00000000000000,
  153,    2, 0.95312500000000, 0.00937500000000, 2.11460980368255, 0.01989176509965, 2.09471803858290, 0.00382280007852,-0.00000000000000, 0.00800768828237, 2.09782031630357, 0.00000000000000, 2.11771208140322,*****************,    0.00000000000000,
  153,    3, 0.95312500000000, 0.01562500000000, 2.11460980368255, 0.01989176509965, 2.09471803858290, 0.00382280007852,-0.00000000000000, 0.00800768828237, 2.09782031630357, 0.00000000000000, 2.11771208140322,*****************,    0.00000000000000,
  153,    4, 0.95312500000000, 0.02187500000000, 2.11460980368255, 0.01989176509965, 2.09471803858290, 0.00382280007852,-0.00000000000000, 0.00800768828237, 2.09782031630357, 0.00000000000000, 2.11771208140322,*****************,    0.00000000000000,
  153,    5, 0.95312500000000, 0.02812500000000, 2.11460980368255, 0.01989176509965, 2.09471803858290, 0.00382280007852,-0.00000000000000, 0.00800768828237, 2.09782031630357, 0.00000000000000, 2.11771208140322,*****************,    0.00000000000000,
  154,    1, 0.95937500000000, 0.00312500000000, 2.10165555622783, 0.01991866697788, 2.08173688924995, 0.00384951585613,-0.00000000000000, 0.00801367916345, 2.08485400224928, 0.00000000000000, 2.10477266922715,*****************,    0.00000000000000,
  154,    2, 0.95937500000000, 0.00937500000000, 2.10165555622783, 0.01991866697788, 2.08173688924995, 0.00384951585613,-0.00000000000000, 0.00801367916345, 2.08485400224928, 0.00000000000000, 2.10477266922715,*****************,    0.00000000000000,
  154,    3, 0.95937500000000, 0.01562500000000, 2.10165555622783, 0.01991866697788, 2.08173688924995, 0.00384951585613,-0.00000000000000, 0.00801367916345, 2.08485400224928, 0.00000000000000, 2.10477266922715,*****************,    0.00000000000000,
  154,    4, 0.95937500000000, 0.02187500000000, 2.10165555622783, 0.01991866697788, 2.08173688924995, 0.00384951585613,-0.00000000000000, 0.00801367916345, 2.08485400224928, 0.00000000000000, 2.10477266922715,*****************,    0.00000000000000,
  154,    5, 0.95937500000000, 0.02812500000000, 2.10165555622783, 0.01991866697788, 2.08173688924995, 0.00384951585613,-0.00000000000000, 0.00801367916345, 2.08485400224928, 0.00000000000000, 2.10477266922715,*****************,    0.00000000000000,
  155,    1, 0.96562500000000, 0.00312500000000, 2.08866447379331, 0.01994174502117, 2.06872272877214, 0.00387661252052,-0.00000000000000, 0.00801963643184, 2.07185497536184, 0.00000000000000, 2.09179672038301,*****************,    0.00000000000000,
  155,    2, 0.96562500000000, 0.00937500000000, 2.08866447379331, 0.01994174502117, 2.06872272877214, 0.00387661252052,-0.00000000000000, 0.00801963643184, 2.07185497536184, 0.00000000000000, 2.09179672038301,*****************,    0.00000000000000,
  155,    3, 0.96562500000000, 0.01562500000000, 2.08866447379331, 0.01994174502117, 2.06872272877214, 0.00387661252052,-0.00000000000000, 0.00801963643184, 2.07185497536184, 0.00000000000000, 2.09179672038301,*****************,    0.00000000000000,
  155,    4, 0.96562500000000, 0.02187500000000, 2.08866447379331, 0.01994174502117, 2.06872272877214, 0.00387661252052,-0.00000000000000, 0.00801963643184, 2.07185497536184, 0.00000000000000, 2.09179672038301,*****************,    0.00000000000000,
  155,    5, 0.96562500000000, 0.02812500000000, 2.08866447379331, 0.01994174502117, 2.06872272877214, 0.00387661252052,-0.00000000000000, 0.00801963643184, 2.07185497536184, 0.00000000000000, 2.09179672038301,*****************,    0.00000000000000,
  156,    1, 0.97187500000000, 0.00312500000000, 2.07564155603965, 0.01996099033252, 2.05568056570713, 0.00390408517435,-0.00000000000000, 0.00802555201978, 2.05882824701358, 0.00000000000000, 2.07878923734610,*****************,    0.00000000000000,
  156,    2, 0.97187500000000, 0.00937500000000, 2.07564155603965, 0.01996099033252, 2.05568056570713, 0.00390408517435,-0.00000000000000, 0.00802555201978, 2.05882824701358, 0.00000000000000, 2.07878923734610,*****************,    0.00000000000000,
  156,    3, 0.97187500000000, 0.01562500000000, 2.07564155603965, 0.01996099033252, 2.05568056570713, 0.00390408517435,-0.00000000000000, 0.00802555201978, 2.05882824701358, 0.00000000000000, 2.07878923734610,*****************,    0.00000000000000,
  156,    4, 0.97187500000000, 0.02187500000000, 2.07564155603965, 0.01996099033252, 2.05568056570713, 0.00390408517435,-0.00000000000000, 0.00802555201978, 2.05882824701358, 0.00000000000000, 2.07878923734610,*****************,    0.00000000000000,
  156,    5, 0.97187500000000, 0.02812500000000, 2.07564155603965, 0.01996099033252, 2.05568056570713, 0.00390408517435,-0.00000000000000, 0.00802555201978, 2.05882824701358, 0.00000000000000, 2.07878923734610,*****************,    0.00000000000000,
  157,    1, 0.97812500000000, 0.00312500000000, 2.06259181494561, 0.01997639549247, 2.04261541945314, 0.00393192844583,-0.00000000000000, 0.00803141767165, 2.04577883925625, 0.00000000000000, 2.06575523474872,*****************,    0.00000000000000,
  157,    2, 0.97812500000000, 0.00937500000000, 2.06259181494561, 0.01997639549247, 2.04261541945314, 0.00393192844583,-0.00000000000000, 0.00803141767165, 2.04577883925625, 0.00000000000000, 2.06575523474872,*****************,    0.00000000000000,
  157,    3, 0.97812500000000, 0.01562500000000, 2.06259181494561, 0.01997639549247, 2.04261541945314, 0.00393192844583,-0.00000000000000, 0.00803141767165, 2.04577883925625, 0.00000000000000, 2.06575523474872,*****************,    0.00000000000000,
  157,    4, 0.97812500000000, 0.02187500000000, 2.06259181494561, 0.01997639549247, 2.04261541945314, 0.00393192844583,-0.00000000000000, 0.00803141767165, 2.04577883925625, 0.00000000000000, 2.06575523474872,*****************,    0.00000000000000,
  157,    5, 0.97812500000000, 0.02812500000000, 2.06259181494561, 0.01997639549247, 2.04261541945314, 0.00393192844583,-0.00000000000000, 0.00803141767165, 2.04577883925625, 0.00000000000000, 2.06575523474872,*****************,    0.00000000000000,
  158,    1, 0.98437500000000, 0.00312500000000, 2.04952027289534, 0.01998795456205, 2.02953231833329, 0.00396013647247,-0.00000000000000, 0.00803722495589, 2.03271178288495, 0.00000000000000, 2.05269973744700,*****************,    0.00000000000000,
  158,    2, 0.98437500000000, 0.00937500000000, 2.04952027289534, 0.01998795456205, 2.02953231833329, 0.00396013647247,-0.00000000000000, 0.00803722495589, 2.03271178288495, 0.00000000000000, 2.05269973744700,*****************,    0.00000000000000,
  158,    3, 0.98437500000000, 0.01562500000000, 2.04952027289534, 0.01998795456205, 2.02953231833329, 0.00396013647247,-0.00000000000000, 0.00803722495589, 2.03271178288495, 0.00000000000000, 2.05269973744700,*****************,    0.00000000000000,
  158,    4, 0.98437500000000, 0.02187500000000, 2.04952027289534, 0.01998795456205, 2.02953231833329, 0.00396013647247,-0.00000000000000, 0.00803722495589, 2.03271178288495, 0.00000000000000, 2.05269973744700,*****************,    0.00000000000000,
  158,    5, 0.98437500000000, 0.02812500000000, 2.04952027289534, 0.01998795456205, 2.02953231833329, 0.00396013647247,-0.00000000000000, 0.00803722495589, 2.03271178288495, 0.00000000000000, 2.05269973744700,*****************,    0.00000000000000,
  159,    1, 0.99062500000000, 0.00312500000000, 2.03643196076235, 0.01999566308502, 2.01643629767733, 0.00398870288472, 0.00000000000000, 0.00804296527739, 2.01963211549864, 0.00000000000000, 2.03962777858366,*****************,    0.00000000000000,
  159,    2, 0.99062500000000, 0.00937500000000, 2.03643196076235, 0.01999566308502, 2.01643629767733, 0.00398870288472, 0.00000000000000, 0.00804296527739, 2.01963211549864, 0.00000000000000, 2.03962777858366,*****************,    0.00000000000000,
  159,    3, 0.99062500000000, 0.01562500000000, 2.03643196076235, 0.01999566308502, 2.01643629767733, 0.00398870288472, 0.00000000000000, 0.00804296527739, 2.01963211549864, 0.00000000000000, 2.03962777858366,*****************,    0.00000000000000,
  159,    4, 0.99062500000000, 0.02187500000000, 2.03643196076235, 0.01999566308502, 2.01643629767733, 0.00398870288472, 0.00000000000000, 0.00804296527739, 2.01963211549864, 0.00000000000000, 2.03962777858366,*****************,    0.00000000000000,
  159,    5, 0.99062500000000, 0.02812500000000, 2.03643196076235, 0.01999566308502, 2.01643629767733, 0.00398870288472, 0.00000000000000, 0.00804296527739, 2.01963211549864, 0.00000000000000, 2.03962777858366,*****************,    0.00000000000000,
  160,    1, 0.99687500000000, 0.00312500000000, 2.02333191599115, 0.01999951808959, 2.00333239790156, 0.00401762079001, 0.00000000000000, 0.00804862989110, 2.00654487955810, 0.00000000000000, 2.02654439764769,*****************,    0.00000000000000,
  160,    2, 0.99687500000000, 0.00937500000000, 2.02333191599115, 0.01999951808959, 2.00333239790156, 0.00401762079001, 0.00000000000000, 0.00804862989110, 2.00654487955810, 0.00000000000000, 2.02654439764769,*****************,    0.00000000000000,
  160,    3, 0.99687500000000, 0.01562500000000, 2.02333191599115, 0.01999951808959, 2.00333239790156, 0.00401762079001, 0.00000000000000, 0.00804862989110, 2.00654487955810, 0.00000000000000, 2.02654439764769,*****************,    0.00000000000000,
  160,    4, 0.99687500000000, 0.02187500000000, 2.02333191599115, 0.01999951808959, 2.00333239790156, 0.00401762079001, 0.00000000000000, 0.00804862989110, 2.00654487955810, 0.00000000000000, 2.02654439764769,*****************,    0.00000000000000,
  160,    5, 0.99687500000000, 0.02812500000000, 2.02333191599115, 0.01999951808959, 2.00333239790156, 0.00401762079001, 0.00000000000000, 0.00804862989110, 2.00654487955810, 0.00000000000000, 2.02654439764769,*****************,    0.00000000000000,
  161,    1, 1.00312500000000, 0.00312500000000, 2.01022518067722, 0.01999951808959, 1.99022566258763, 0.00404688275678, 0.00000000000000, 0.00805420991602, 1.99345512044190, 0.00000000000000, 2.01345463853149,*****************,    0.00000000000000,
  161,    2, 1.00312500000000, 0.00937500000000, 2.01022518067722, 0.01999951808959, 1.99022566258763, 0.00404688275678, 0.00000000000000, 0.00805420991602, 1.99345512044190, 0.00000000000000, 2.01345463853149,*****************,    0.00000000000000,
  161,    3, 1.00312500000000, 0.01562500000000, 2.01022518067722, 0.01999951808959, 1.99022566258763, 0.00404688275678, 0.00000000000000, 0.00805420991602, 1.99345512044190, 0.00000000000000, 2.01345463853149,*****************,    0.00000000000000,
  161,    4, 1.00312500000000, 0.02187500000000, 2.01022518067722, 0.01999951808959, 1.99022566258763, 0.00404688275678, 0.00000000000000, 0.00805420991602, 1.99345512044190, 0.00000000000000, 2.01345463853149,*****************,    0.00000000000000,
  161,    5, 1.00312500000000, 0.02812500000000, 2.01022518067722, 0.01999951808959, 1.99022566258763, 0.00404688275678, 0.00000000000000, 0.00805420991602, 1.99345512044190, 0.00000000000000, 2.01345463853149,*****************,    0.00000000000000,
  162,    1, 1.00937500000000, 0.00312500000000, 1.99711679964613, 0.01999566308502, 1.97712113656111, 0.00407648079898,-0.00000000000000, 0.00805969635044, 1.98036788450136, 0.00000000000000, 2.00036354758638,*****************,    0.00000000000000,
  162,    2, 1.00937500000000, 0.00937500000000, 1.99711679964613, 0.01999566308502, 1.97712113656111, 0.00407648079898,-0.00000000000000, 0.00805969635044, 1.98036788450136, 0.00000000000000, 2.00036354758638,*****************,    0.00000000000000,
  162,    3, 1.00937500000000, 0.01562500000000, 1.99711679964613, 0.01999566308502, 1.97712113656111, 0.00407648079898,-0.00000000000000, 0.00805969635044, 1.98036788450136, 0.00000000000000, 2.00036354758638,*****************,    0.00000000000000,
  162,    4, 1.00937500000000, 0.02187500000000, 1.99711679964613, 0.01999566308502, 1.97712113656111, 0.00407648079898,-0.00000000000000, 0.00805969635044, 1.98036788450136, 0.00000000000000, 2.00036354758638,*****************,    0.00000000000000,
  162,    5, 1.00937500000000, 0.02812500000000, 1.99711679964613, 0.01999566308502, 1.97712113656111, 0.00407648079898,-0.00000000000000, 0.00805969635044, 1.98036788450136, 0.00000000000000, 2.00036354758638,*****************,    0.00000000000000,
  163,    1, 1.01562500000000, 0.00312500000000, 1.98401181853229, 0.01998795456205, 1.96402386397024, 0.00410640636066,-0.00000000000000, 0.00806508008749, 1.96728821711505, 0.00000000000000, 1.98727617167711,*****************,    0.00000000000000,
  163,    2, 1.01562500000000, 0.00937500000000, 1.98401181853229, 0.01998795456205, 1.96402386397024, 0.00410640636066,-0.00000000000000, 0.00806508008749, 1.96728821711505, 0.00000000000000, 1.98727617167711,*****************,    0.00000000000000,
  163,    3, 1.01562500000000, 0.01562500000000, 1.98401181853229, 0.01998795456205, 1.96402386397024, 0.00410640636066,-0.00000000000000, 0.00806508008749, 1.96728821711505, 0.00000000000000, 1.98727617167711,*****************,    0.00000000000000,
  163,    4, 1.01562500000000, 0.02187500000000, 1.98401181853229, 0.01998795456205, 1.96402386397024, 0.00410640636066,-0.00000000000000, 0.00806508008749, 1.96728821711505, 0.00000000000000, 1.98727617167711,*****************,    0.00000000000000,
  163,    5, 1.01562500000000, 0.02812500000000, 1.98401181853229, 0.01998795456205, 1.96402386397024, 0.00410640636066,-0.00000000000000, 0.00806508008749, 1.96728821711505, 0.00000000000000, 1.98727617167711,*****************,    0.00000000000000,
  164,    1, 1.02187500000000, 0.00312500000000, 1.97091528185829, 0.01997639549247, 1.95093888636582, 0.00413665030119,-0.00000000000000, 0.00807035193189, 1.95422116074375, 0.00000000000000, 1.97419755623622,*****************,    0.00000000000000,
  164,    2, 1.02187500000000, 0.00937500000000, 1.97091528185829, 0.01997639549247, 1.95093888636582, 0.00413665030119,-0.00000000000000, 0.00807035193189, 1.95422116074375, 0.00000000000000, 1.97419755623622,*****************,    0.00000000000000,
  164,    3, 1.02187500000000, 0.01562500000000, 1.97091528185829, 0.01997639549247, 1.95093888636582, 0.00413665030119,-0.00000000000000, 0.00807035193189, 1.95422116074375, 0.00000000000000, 1.97419755623622,*****************,    0.00000000000000,
  164,    4, 1.02187500000000, 0.02187500000000, 1.97091528185829, 0.01997639549247, 1.95093888636582, 0.00413665030119,-0.00000000000000, 0.00807035193189, 1.95422116074375, 0.00000000000000, 1.97419755623622,*****************,    0.00000000000000,
  164,    5, 1.02187500000000, 0.02812500000000, 1.97091528185829, 0.01997639549247, 1.95093888636582, 0.00413665030119,-0.00000000000000, 0.00807035193189, 1.95422116074375, 0.00000000000000, 1.97419755623622,*****************,    0.00000000000000,
  165,    1, 1.02812500000000, 0.00312500000000, 1.95783223111531, 0.01996099033252, 1.93787124078279, 0.00416720288066, 0.00000000000000, 0.00807550261693, 1.94117175298642, 0.00000000000000, 1.96113274331894,*****************,    0.00000000000000,
  165,    2, 1.02812500000000, 0.00937500000000, 1.95783223111531, 0.01996099033252, 1.93787124078279, 0.00416720288066, 0.00000000000000, 0.00807550261693, 1.94117175298642, 0.00000000000000, 1.96113274331894,*****************,    0.00000000000000,
  165,    3, 1.02812500000000, 0.01562500000000, 1.95783223111531, 0.01996099033252, 1.93787124078279, 0.00416720288066, 0.00000000000000, 0.00807550261693, 1.94117175298642, 0.00000000000000, 1.96113274331894,*****************,    0.00000000000000,
  165,    4, 1.02812500000000, 0.02187500000000, 1.95783223111531, 0.01996099033252, 1.93787124078279, 0.00416720288066, 0.00000000000000, 0.00807550261693, 1.94117175298642, 0.00000000000000, 1.96113274331894,*****************,    0.00000000000000,
  165,    5, 1.02812500000000, 0.02812500000000, 1.95783223111531, 0.01996099033252, 1.93787124078279, 0.00416720288066, 0.00000000000000, 0.00807550261693, 1.94117175298642, 0.00000000000000, 1.96113274331894,*****************,    0.00000000000000,
  166,    1, 1.03437500000000, 0.00312500000000, 1.94476770284535, 0.01994174502117, 1.92482595782418, 0.00419805374601,-0.00000000000000, 0.00808052282266, 1.92814502463816, 0.00000000000000, 1.94808676965933,*****************,    0.00000000000000,
  166,    2, 1.03437500000000, 0.00937500000000, 1.94476770284535, 0.01994174502117, 1.92482595782418, 0.00419805374601,-0.00000000000000, 0.00808052282266, 1.92814502463816, 0.00000000000000, 1.94808676965933,*****************,    0.00000000000000,
  166,    3, 1.03437500000000, 0.01562500000000, 1.94476770284535, 0.01994174502117, 1.92482595782418, 0.00419805374601,-0.00000000000000, 0.00808052282266, 1.92814502463816, 0.00000000000000, 1.94808676965933,*****************,    0.00000000000000,
  166,    4, 1.03437500000000, 0.02187500000000, 1.94476770284535, 0.01994174502117, 1.92482595782418, 0.00419805374601,-0.00000000000000, 0.00808052282266, 1.92814502463816, 0.00000000000000, 1.94808676965933,*****************,    0.00000000000000,
  166,    5, 1.03437500000000, 0.02812500000000, 1.94476770284535, 0.01994174502117, 1.92482595782418, 0.00419805374601,-0.00000000000000, 0.00808052282266, 1.92814502463816, 0.00000000000000, 1.94808676965933,*****************,    0.00000000000000,
  167,    1, 1.04062500000000, 0.00312500000000, 1.93172672672613, 0.01991866697788, 1.91180805974826, 0.00422919191750,-0.00000000000000, 0.00808540319410, 1.91514599775072, 0.00000000000000, 1.93506466472860,*****************,    0.00000000000000,
  167,    2, 1.04062500000000, 0.00937500000000, 1.93172672672613, 0.01991866697788, 1.91180805974826, 0.00422919191750,-0.00000000000000, 0.00808540319410, 1.91514599775072, 0.00000000000000, 1.93506466472860,*****************,    0.00000000000000,
  167,    3, 1.04062500000000, 0.01562500000000, 1.93172672672613, 0.01991866697788, 1.91180805974826, 0.00422919191750,-0.00000000000000, 0.00808540319410, 1.91514599775072, 0.00000000000000, 1.93506466472860,*****************,    0.00000000000000,
  167,    4, 1.04062500000000, 0.02187500000000, 1.93172672672613, 0.01991866697788, 1.91180805974826, 0.00422919191750,-0.00000000000000, 0.00808540319410, 1.91514599775072, 0.00000000000000, 1.93506466472860,*****************,    0.00000000000000,
  167,    5, 1.04062500000000, 0.02812500000000, 1.93172672672613, 0.01991866697788, 1.91180805974826, 0.00422919191750,-0.00000000000000, 0.00808540319410, 1.91514599775072, 0.00000000000000, 1.93506466472860,*****************,    0.00000000000000,
  168,    1, 1.04687500000000, 0.00312500000000, 1.91871432365897, 0.01989176509965, 1.89882255855932, 0.00426060577605,-0.00000000000000, 0.00809013436069, 1.90217968369643, 0.00000000000000, 1.92207144879607,*****************,    0.00000000000000,
  168,    2, 1.04687500000000, 0.00937500000000, 1.91871432365897, 0.01989176509965, 1.89882255855932, 0.00426060577605,-0.00000000000000, 0.00809013436069, 1.90217968369643, 0.00000000000000, 1.92207144879607,*****************,    0.00000000000000,
  168,    3, 1.04687500000000, 0.01562500000000, 1.91871432365897, 0.01989176509965, 1.89882255855932, 0.00426060577605,-0.00000000000000, 0.00809013436069, 1.90217968369643, 0.00000000000000, 1.92207144879607,*****************,    0.00000000000000,
  168,    4, 1.04687500000000, 0.02187500000000, 1.91871432365897, 0.01989176509965, 1.89882255855932, 0.00426060577605,-0.00000000000000, 0.00809013436069, 1.90217968369643, 0.00000000000000, 1.92207144879607,*****************,    0.00000000000000,
  168,    5, 1.04687500000000, 0.02812500000000, 1.91871432365897, 0.01989176509965, 1.89882255855932, 0.00426060577605,-0.00000000000000, 0.00809013436069, 1.90217968369643, 0.00000000000000, 1.92207144879607,*****************,    0.00000000000000,
  169,    1, 1.05312500000000, 0.00312500000000, 1.90573550386070, 0.01986104975768, 1.88587445410303, 0.00429228305100, 0.00000000000000, 0.00809470695566, 1.88925108123616, 0.00000000000000, 1.90911213099383,*****************,    0.00000000000000,
  169,    2, 1.05312500000000, 0.00937500000000, 1.90573550386070, 0.01986104975768, 1.88587445410303, 0.00429228305100, 0.00000000000000, 0.00809470695566, 1.88925108123616, 0.00000000000000, 1.90911213099383,*****************,    0.00000000000000,
  169,    3, 1.05312500000000, 0.01562500000000, 1.90573550386070, 0.01986104975768, 1.88587445410303, 0.00429228305100, 0.00000000000000, 0.00809470695566, 1.88925108123616, 0.00000000000000, 1.90911213099383,*****************,    0.00000000000000,
  169,    4, 1.05312500000000, 0.02187500000000, 1.90573550386070, 0.01986104975768, 1.88587445410303, 0.00429228305100, 0.00000000000000, 0.00809470695566, 1.88925108123616, 0.00000000000000, 1.90911213099383,*****************,    0.00000000000000,
  169,    5, 1.05312500000000, 0.02812500000000, 1.90573550386070, 0.01986104975768, 1.88587445410303, 0.00429228305100, 0.00000000000000, 0.00809470695566, 1.88925108123616, 0.00000000000000, 1.90911213099383,*****************,    0.00000000000000,
  170,    1, 1.05937500000000, 0.00312500000000, 1.89279526496001, 0.01982653279331, 1.87296873216671, 0.00432421080894, 0.00000000000000, 0.00809911163645, 1.87636517459227, 0.00000000000000, 1.89619170738558,*****************,    0.00000000000000,
  170,    2, 1.05937500000000, 0.00937500000000, 1.89279526496001, 0.01982653279331, 1.87296873216671, 0.00432421080894, 0.00000000000000, 0.00809911163645, 1.87636517459227, 0.00000000000000, 1.89619170738558,*****************,    0.00000000000000,
  170,    3, 1.05937500000000, 0.01562500000000, 1.89279526496001, 0.01982653279331, 1.87296873216671, 0.00432421080894, 0.00000000000000, 0.00809911163645, 1.87636517459227, 0.00000000000000, 1.89619170738558,*****************,    0.00000000000000,
  170,    4, 1.05937500000000, 0.02187500000000, 1.89279526496001, 0.01982653279331, 1.87296873216671, 0.00432421080894, 0.00000000000000, 0.00809911163645, 1.87636517459227, 0.00000000000000, 1.89619170738558,*****************,    0.00000000000000,
  170,    5, 1.05937500000000, 0.02812500000000, 1.89279526496001, 0.01982653279331, 1.87296873216671, 0.00432421080894, 0.00000000000000, 0.00809911163645, 1.87636517459227, 0.00000000000000, 1.89619170738558,*****************,    0.00000000000000,
  171,    1, 1.06562500000000, 0.00312500000000, 1.87989859009897, 0.01978822751349, 1.86011036258548, 0.00435637544308,-0.00000000000000, 0.00810333910499, 1.86352693152708, 0.00000000000000, 1.88331515904057,*****************,    0.00000000000000,
  171,    2, 1.06562500000000, 0.00937500000000, 1.87989859009897, 0.01978822751349, 1.86011036258548, 0.00435637544308,-0.00000000000000, 0.00810333910499, 1.86352693152708, 0.00000000000000, 1.88331515904057,*****************,    0.00000000000000,
  171,    3, 1.06562500000000, 0.01562500000000, 1.87989859009897, 0.01978822751349, 1.86011036258548, 0.00435637544308,-0.00000000000000, 0.00810333910499, 1.86352693152708, 0.00000000000000, 1.88331515904057,*****************,    0.00000000000000,
  171,    4, 1.06562500000000, 0.02187500000000, 1.87989859009897, 0.01978822751349, 1.86011036258548, 0.00435637544308,-0.00000000000000, 0.00810333910499, 1.86352693152708, 0.00000000000000, 1.88331515904057,*****************,    0.00000000000000,
  171,    5, 1.06562500000000, 0.02812500000000, 1.87989859009897, 0.01978822751349, 1.86011036258548, 0.00435637544308,-0.00000000000000, 0.00810333910499, 1.86352693152708, 0.00000000000000, 1.88331515904057,*****************,    0.00000000000000,
  172,    1, 1.07187500000000, 0.00312500000000, 1.86705044604037, 0.01974614868564, 1.84730429735473, 0.00438876266384, 0.00000000000000, 0.00810738012899, 1.85074130142767, 0.00000000000000, 1.87048745011331,*****************,    0.00000000000000,
  172,    2, 1.07187500000000, 0.00937500000000, 1.86705044604037, 0.01974614868564, 1.84730429735473, 0.00438876266384, 0.00000000000000, 0.00810738012899, 1.85074130142767, 0.00000000000000, 1.87048745011331,*****************,    0.00000000000000,
  172,    3, 1.07187500000000, 0.01562500000000, 1.86705044604037, 0.01974614868564, 1.84730429735473, 0.00438876266384, 0.00000000000000, 0.00810738012899, 1.85074130142767, 0.00000000000000, 1.87048745011331,*****************,    0.00000000000000,
  172,    4, 1.07187500000000, 0.02187500000000, 1.86705044604037, 0.01974614868564, 1.84730429735473, 0.00438876266384, 0.00000000000000, 0.00810738012899, 1.85074130142767, 0.00000000000000, 1.87048745011331,*****************,    0.00000000000000,
  172,    5, 1.07187500000000, 0.02812500000000, 1.86705044604037, 0.01974614868564, 1.84730429735473, 0.00438876266384, 0.00000000000000, 0.00810738012899, 1.85074130142767, 0.00000000000000, 1.87048745011331,*****************,    0.00000000000000,
  173,    1, 1.07812500000000, 0.00312500000000, 1.85425578128149, 0.01970031253195, 1.83455546874954, 0.00442135749016,-0.00000000000000, 0.00811122556287, 1.83801321339782, 0.00000000000000, 1.85771352592977,*****************,    0.00000000000000,
  173,    2, 1.07812500000000, 0.00937500000000, 1.85425578128149, 0.01970031253195, 1.83455546874954, 0.00442135749016,-0.00000000000000, 0.00811122556287, 1.83801321339782, 0.00000000000000, 1.85771352592977,*****************,    0.00000000000000,
  173,    3, 1.07812500000000, 0.01562500000000, 1.85425578128149, 0.01970031253195, 1.83455546874954, 0.00442135749016,-0.00000000000000, 0.00811122556287, 1.83801321339782, 0.00000000000000, 1.85771352592977,*****************,    0.00000000000000,
  173,    4, 1.07812500000000, 0.02187500000000, 1.85425578128149, 0.01970031253195, 1.83455546874954, 0.00442135749016,-0.00000000000000, 0.00811122556287, 1.83801321339782, 0.00000000000000, 1.85771352592977,*****************,    0.00000000000000,
  173,    5, 1.07812500000000, 0.02812500000000, 1.85425578128149, 0.01970031253195, 1.83455546874954, 0.00442135749016,-0.00000000000000, 0.00811122556287, 1.83801321339782, 0.00000000000000, 1.85771352592977,*****************,    0.00000000000000,
  174,    1, 1.08437500000000, 0.00312500000000, 1.84151952417493, 0.01965073672312, 1.82186878745182, 0.00445414424216, 0.00000000000000, 0.00811486636959, 1.82534757435777, 0.00000000000000, 1.84499831108089,*****************,    0.00000000000000,
  174,    2, 1.08437500000000, 0.00937500000000, 1.84151952417493, 0.01965073672312, 1.82186878745182, 0.00445414424216, 0.00000000000000, 0.00811486636959, 1.82534757435777, 0.00000000000000, 1.84499831108089,*****************,    0.00000000000000,
  174,    3, 1.08437500000000, 0.01562500000000, 1.84151952417493, 0.01965073672312, 1.82186878745182, 0.00445414424216, 0.00000000000000, 0.00811486636959, 1.82534757435777, 0.00000000000000, 1.84499831108089,*****************,    0.00000000000000,
  174,    4, 1.08437500000000, 0.02187500000000, 1.84151952417493, 0.01965073672312, 1.82186878745182, 0.00445414424216, 0.00000000000000, 0.00811486636959, 1.82534757435777, 0.00000000000000, 1.84499831108089,*****************,    0.00000000000000,
  174,    5, 1.08437500000000, 0.02812500000000, 1.84151952417493, 0.01965073672312, 1.82186878745182, 0.00445414424216, 0.00000000000000, 0.00811486636959, 1.82534757435777, 0.00000000000000, 1.84499831108089,*****************,    0.00000000000000,
  175,    1, 1.09062500000000, 0.00312500000000, 1.82884658105708, 0.01959744037157, 1.80924914068551, 0.00448710653468,-0.00000000000000, 0.00811829364203, 1.81274926715247, 0.00000000000000, 1.83234670752404,*****************,    0.00000000000000,
  175,    2, 1.09062500000000, 0.00937500000000, 1.82884658105708, 0.01959744037157, 1.80924914068551, 0.00448710653468,-0.00000000000000, 0.00811829364203, 1.81274926715247, 0.00000000000000, 1.83234670752404,*****************,    0.00000000000000,
  175,    3, 1.09062500000000, 0.01562500000000, 1.82884658105708, 0.01959744037157, 1.80924914068551, 0.00448710653468,-0.00000000000000, 0.00811829364203, 1.81274926715247, 0.00000000000000, 1.83234670752404,*****************,    0.00000000000000,
  175,    4, 1.09062500000000, 0.02187500000000, 1.82884658105708, 0.01959744037157, 1.80924914068551, 0.00448710653468,-0.00000000000000, 0.00811829364203, 1.81274926715247, 0.00000000000000, 1.83234670752404,*****************,    0.00000000000000,
  175,    5, 1.09062500000000, 0.02812500000000, 1.82884658105708, 0.01959744037157, 1.80924914068551, 0.00448710653468,-0.00000000000000, 0.00811829364203, 1.81274926715247, 0.00000000000000, 1.83234670752404,*****************,    0.00000000000000,
  176,    1, 1.09687500000000, 0.00312500000000, 1.81624183438496, 0.01954044402406, 1.79670139036089, 0.00452022727240,-0.00000000000000, 0.00812149862507, 1.80022314866916, 0.00000000000000, 1.81976359269323,*****************,    0.00000000000000,
  176,    2, 1.09687500000000, 0.00937500000000, 1.81624183438496, 0.01954044402406, 1.79670139036089, 0.00452022727240,-0.00000000000000, 0.00812149862507, 1.80022314866916, 0.00000000000000, 1.81976359269323,*****************,    0.00000000000000,
  176,    3, 1.09687500000000, 0.01562500000000, 1.81624183438496, 0.01954044402406, 1.79670139036089, 0.00452022727240,-0.00000000000000, 0.00812149862507, 1.80022314866916, 0.00000000000000, 1.81976359269323,*****************,    0.00000000000000,
  176,    4, 1.09687500000000, 0.02187500000000, 1.81624183438496, 0.01954044402406, 1.79670139036089, 0.00452022727240,-0.00000000000000, 0.00812149862507, 1.80022314866916, 0.00000000000000, 1.81976359269323,*****************,    0.00000000000000,
  176,    5, 1.09687500000000, 0.02812500000000, 1.81624183438496, 0.01954044402406, 1.79670139036089, 0.00452022727240,-0.00000000000000, 0.00812149862507, 1.80022314866916, 0.00000000000000, 1.81976359269323,*****************,    0.00000000000000,
  177,    1, 1.10312500000000, 0.00312500000000, 1.80371014088179, 0.01947976965378, 1.78423037122801, 0.00455348864597, 0.00000000000000, 0.00812447273718, 1.78777404796497, 0.00000000000000, 1.80725381761874,*****************,    0.00000000000000,
  177,    2, 1.10312500000000, 0.00937500000000, 1.80371014088179, 0.01947976965378, 1.78423037122801, 0.00455348864597, 0.00000000000000, 0.00812447273718, 1.78777404796497, 0.00000000000000, 1.80725381761874,*****************,    0.00000000000000,
  177,    3, 1.10312500000000, 0.01562500000000, 1.80371014088179, 0.01947976965378, 1.78423037122801, 0.00455348864597, 0.00000000000000, 0.00812447273718, 1.78777404796497, 0.00000000000000, 1.80725381761874,*****************,    0.00000000000000,
  177,    4, 1.10312500000000, 0.02187500000000, 1.80371014088179, 0.01947976965378, 1.78423037122801, 0.00455348864597, 0.00000000000000, 0.00812447273718, 1.78777404796497, 0.00000000000000, 1.80725381761874,*****************,    0.00000000000000,
  177,    5, 1.10312500000000, 0.02812500000000, 1.80371014088179, 0.01947976965378, 1.78423037122801, 0.00455348864597, 0.00000000000000, 0.00812447273718, 1.78777404796497, 0.00000000000000, 1.80725381761874,*****************,    0.00000000000000,
  178,    1, 1.10937500000000, 0.00312500000000, 1.79125632969212, 0.01941544065183, 1.77184088904029, 0.00458687212983, 0.00000000000000, 0.00812720759244, 1.77540676440519, 0.00000000000000, 1.79482220505702,*****************,    0.00000000000000,
  178,    2, 1.10937500000000, 0.00937500000000, 1.79125632969212, 0.01941544065183, 1.77184088904029, 0.00458687212983, 0.00000000000000, 0.00812720759244, 1.77540676440519, 0.00000000000000, 1.79482220505702,*****************,    0.00000000000000,
  178,    3, 1.10937500000000, 0.01562500000000, 1.79125632969212, 0.01941544065183, 1.77184088904029, 0.00458687212983, 0.00000000000000, 0.00812720759244, 1.77540676440519, 0.00000000000000, 1.79482220505702,*****************,    0.00000000000000,
  178,    4, 1.10937500000000, 0.02187500000000, 1.79125632969212, 0.01941544065183, 1.77184088904029, 0.00458687212983, 0.00000000000000, 0.00812720759244, 1.77540676440519, 0.00000000000000, 1.79482220505702,*****************,    0.00000000000000,
  178,    5, 1.10937500000000, 0.02812500000000, 1.79125632969212, 0.01941544065183, 1.77184088904029, 0.00458687212983, 0.00000000000000, 0.00812720759244, 1.77540676440519, 0.00000000000000, 1.79482220505702,*****************,    0.00000000000000,
  179,    1, 1.11562500000000, 0.00312500000000, 1.77888520054696, 0.01934748181828, 1.75953771872867, 0.00462035848136,-0.00000000000000, 0.00812969502201, 1.76312606581306, 0.00000000000000, 1.78247354763134,*****************,    0.00000000000000,
  179,    2, 1.11562500000000, 0.00937500000000, 1.77888520054696, 0.01934748181828, 1.75953771872867, 0.00462035848136,-0.00000000000000, 0.00812969502201, 1.76312606581306, 0.00000000000000, 1.78247354763134,*****************,    0.00000000000000,
  179,    3, 1.11562500000000, 0.01562500000000, 1.77888520054696, 0.01934748181828, 1.75953771872867, 0.00462035848136,-0.00000000000000, 0.00812969502201, 1.76312606581306, 0.00000000000000, 1.78247354763134,*****************,    0.00000000000000,
  179,    4, 1.11562500000000, 0.02187500000000, 1.77888520054696, 0.01934748181828, 1.75953771872867, 0.00462035848136,-0.00000000000000, 0.00812969502201, 1.76312606581306, 0.00000000000000, 1.78247354763134,*****************,    0.00000000000000,
  179,    5, 1.11562500000000, 0.02812500000000, 1.77888520054696, 0.01934748181828, 1.75953771872867, 0.00462035848136,-0.00000000000000, 0.00812969502201, 1.76312606581306, 0.00000000000000, 1.78247354763134,*****************,    0.00000000000000,
  180,    1, 1.12187500000000, 0.00312500000000, 1.76660152193942, 0.01927591935256, 1.74732560258686, 0.00465392774181, 0.00000000000000, 0.00813192709586, 1.75093668663166, 0.00000000000000, 1.77021260598421,*****************,    0.00000000000000,
  180,    2, 1.12187500000000, 0.00937500000000, 1.76660152193942, 0.01927591935256, 1.74732560258686, 0.00465392774181, 0.00000000000000, 0.00813192709586, 1.75093668663166, 0.00000000000000, 1.77021260598421,*****************,    0.00000000000000,
  180,    3, 1.12187500000000, 0.01562500000000, 1.76660152193942, 0.01927591935256, 1.74732560258686, 0.00465392774181, 0.00000000000000, 0.00813192709586, 1.75093668663166, 0.00000000000000, 1.77021260598421,*****************,    0.00000000000000,
  180,    4, 1.12187500000000, 0.02187500000000, 1.76660152193942, 0.01927591935256, 1.74732560258686, 0.00465392774181, 0.00000000000000, 0.00813192709586, 1.75093668663166, 0.00000000000000, 1.77021260598421,*****************,    0.00000000000000,
  180,    5, 1.12187500000000, 0.02812500000000, 1.76660152193942, 0.01927591935256, 1.74732560258686, 0.00465392774181, 0.00000000000000, 0.00813192709586, 1.75093668663166, 0.00000000000000, 1.77021260598421,*****************,    0.00000000000000,
  181,    1, 1.12812500000000, 0.00312500000000, 1.75441002931158, 0.01920078084335, 1.73520924846823, 0.00468755923871, 0.00000000000000, 0.00813389614375, 1.73884332609870, 0.00000000000000, 1.75804410694204,*****************,    0.00000000000000,
  181,    2, 1.12812500000000, 0.00937500000000, 1.75441002931158, 0.01920078084335, 1.73520924846823, 0.00468755923871, 0.00000000000000, 0.00813389614375, 1.73884332609870, 0.00000000000000, 1.75804410694204,*****************,    0.00000000000000,
  181,    3, 1.12812500000000, 0.01562500000000, 1.75441002931158, 0.01920078084335, 1.73520924846823, 0.00468755923871, 0.00000000000000, 0.00813389614375, 1.73884332609870, 0.00000000000000, 1.75804410694204,*****************,    0.00000000000000,
  181,    4, 1.12812500000000, 0.02187500000000, 1.75441002931158, 0.01920078084335, 1.73520924846823, 0.00468755923871, 0.00000000000000, 0.00813389614375, 1.73884332609870, 0.00000000000000, 1.75804410694204,*****************,    0.00000000000000,
  181,    5, 1.12812500000000, 0.02812500000000, 1.75441002931158, 0.01920078084335, 1.73520924846823, 0.00468755923871, 0.00000000000000, 0.00813389614375, 1.73884332609870, 0.00000000000000, 1.75804410694204,*****************,    0.00000000000000,
  182,    1, 1.13437500000000, 0.00312500000000, 1.74231542325299, 0.01912209525797, 1.72319332799501, 0.00472123159035, 0.00000000000000, 0.00813559477640, 1.72685064643487, 0.00000000000000, 1.74597274169284,*****************,    0.00000000000000,
  182,    2, 1.13437500000000, 0.00937500000000, 1.74231542325299, 0.01912209525797, 1.72319332799501, 0.00472123159035, 0.00000000000000, 0.00813559477640, 1.72685064643487, 0.00000000000000, 1.74597274169284,*****************,    0.00000000000000,
  182,    3, 1.13437500000000, 0.01562500000000, 1.74231542325299, 0.01912209525797, 1.72319332799501, 0.00472123159035, 0.00000000000000, 0.00813559477640, 1.72685064643487, 0.00000000000000, 1.74597274169284,*****************,    0.00000000000000,
  182,    4, 1.13437500000000, 0.02187500000000, 1.74231542325299, 0.01912209525797, 1.72319332799501, 0.00472123159035, 0.00000000000000, 0.00813559477640, 1.72685064643487, 0.00000000000000, 1.74597274169284,*****************,    0.00000000000000,
  182,    5, 1.13437500000000, 0.02812500000000, 1.74231542325299, 0.01912209525797, 1.72319332799501, 0.00472123159035, 0.00000000000000, 0.00813559477640, 1.72685064643487, 0.00000000000000, 1.74597274169284,*****************,    0.00000000000000,
  183,    1, 1.14062500000000, 0.00312500000000, 1.73032236771132, 0.01903989293123, 1.71128247478009, 0.00475492271183, 0.00000000000000, 0.00813701590568, 1.71496327104648, 0.00000000000000, 1.73400316397771,*****************,    0.00000000000000,
  183,    2, 1.14062500000000, 0.00937500000000, 1.73032236771132, 0.01903989293123, 1.71128247478009, 0.00475492271183, 0.00000000000000, 0.00813701590568, 1.71496327104648, 0.00000000000000, 1.73400316397771,*****************,    0.00000000000000,
  183,    3, 1.14062500000000, 0.01562500000000, 1.73032236771132, 0.01903989293123, 1.71128247478009, 0.00475492271183, 0.00000000000000, 0.00813701590568, 1.71496327104648, 0.00000000000000, 1.73400316397771,*****************,    0.00000000000000,
  183,    4, 1.14062500000000, 0.02187500000000, 1.73032236771132, 0.01903989293123, 1.71128247478009, 0.00475492271183, 0.00000000000000, 0.00813701590568, 1.71496327104648, 0.00000000000000, 1.73400316397771,*****************,    0.00000000000000,
  183,    5, 1.14062500000000, 0.02812500000000, 1.73032236771132, 0.01903989293123, 1.71128247478009, 0.00475492271183, 0.00000000000000, 0.00813701590568, 1.71496327104648, 0.00000000000000, 1.73400316397771,*****************,    0.00000000000000,
  184,    1, 1.14687500000000, 0.00312500000000, 1.71843548821584, 0.01895420555369, 1.69948128266215, 0.00478860982340, 0.00000000000000, 0.00813815276485, 1.70318578274302, 0.00000000000000, 1.72213998829671,*****************,    0.00000000000000,
  184,    2, 1.14687500000000, 0.00937500000000, 1.71843548821584, 0.01895420555369, 1.69948128266215, 0.00478860982340, 0.00000000000000, 0.00813815276485, 1.70318578274302, 0.00000000000000, 1.72213998829671,*****************,    0.00000000000000,
  184,    3, 1.14687500000000, 0.01562500000000, 1.71843548821584, 0.01895420555369, 1.69948128266215, 0.00478860982340, 0.00000000000000, 0.00813815276485, 1.70318578274302, 0.00000000000000, 1.72213998829671,*****************,    0.00000000000000,
  184,    4, 1.14687500000000, 0.02187500000000, 1.71843548821584, 0.01895420555369, 1.69948128266215, 0.00478860982340, 0.00000000000000, 0.00813815276485, 1.70318578274302, 0.00000000000000, 1.72213998829671,*****************,    0.00000000000000,
  184,    5, 1.14687500000000, 0.02812500000000, 1.71843548821584, 0.01895420555369, 1.69948128266215, 0.00478860982340, 0.00000000000000, 0.00813815276485, 1.70318578274302, 0.00000000000000, 1.72213998829671,*****************,    0.00000000000000,
  185,    1, 1.15312500000000, 0.00312500000000, 1.70665937011398, 0.01886506615945, 1.68779430395453, 0.00482226946056, 0.00000000000000, 0.00813899892767, 1.69152272197043, 0.00000000000000, 1.71038778812988,*****************,    0.00000000000000,
  185,    2, 1.15312500000000, 0.00937500000000, 1.70665937011398, 0.01886506615945, 1.68779430395453, 0.00482226946056, 0.00000000000000, 0.00813899892767, 1.69152272197043, 0.00000000000000, 1.71038778812988,*****************,    0.00000000000000,
  185,    3, 1.15312500000000, 0.01562500000000, 1.70665937011398, 0.01886506615945, 1.68779430395453, 0.00482226946056, 0.00000000000000, 0.00813899892767, 1.69152272197043, 0.00000000000000, 1.71038778812988,*****************,    0.00000000000000,
  185,    4, 1.15312500000000, 0.02187500000000, 1.70665937011398, 0.01886506615945, 1.68779430395453, 0.00482226946056, 0.00000000000000, 0.00813899892767, 1.69152272197043, 0.00000000000000, 1.71038778812988,*****************,    0.00000000000000,
  185,    5, 1.15312500000000, 0.02812500000000, 1.70665937011398, 0.01886506615945, 1.68779430395453, 0.00482226946056, 0.00000000000000, 0.00813899892767, 1.69152272197043, 0.00000000000000, 1.71038778812988,*****************,    0.00000000000000,
  186,    1, 1.15937500000000, 0.00312500000000, 1.69499855682174, 0.01877250911345, 1.67622604770829, 0.00485587748655, 0.00000000000000, 0.00813954832743, 1.67997858506066, 0.00000000000000, 1.69875109417411,*****************,    0.00000000000000,
  186,    2, 1.15937500000000, 0.00937500000000, 1.69499855682174, 0.01877250911345, 1.67622604770829, 0.00485587748655, 0.00000000000000, 0.00813954832743, 1.67997858506066, 0.00000000000000, 1.69875109417411,*****************,    0.00000000000000,
  186,    3, 1.15937500000000, 0.01562500000000, 1.69499855682174, 0.01877250911345, 1.67622604770829, 0.00485587748655, 0.00000000000000, 0.00813954832743, 1.67997858506066, 0.00000000000000, 1.69875109417411,*****************,    0.00000000000000,
  186,    4, 1.15937500000000, 0.02187500000000, 1.69499855682174, 0.01877250911345, 1.67622604770829, 0.00485587748655, 0.00000000000000, 0.00813954832743, 1.67997858506066, 0.00000000000000, 1.69875109417411,*****************,    0.00000000000000,
  186,    5, 1.15937500000000, 0.02812500000000, 1.69499855682174, 0.01877250911345, 1.67622604770829, 0.00485587748655, 0.00000000000000, 0.00813954832743, 1.67997858506066, 0.00000000000000, 1.69875109417411,*****************,    0.00000000000000,
  187,    1, 1.16562500000000, 0.00312500000000, 1.68345754808819, 0.01867657009820, 1.66478097799000, 0.00488940910683, 0.00000000000000, 0.00813979527467, 1.66855782249823, 0.00000000000000, 1.68723439259643,*****************,    0.00000000000000,
  187,    2, 1.16562500000000, 0.00937500000000, 1.68345754808819, 0.01867657009820, 1.66478097799000, 0.00488940910683, 0.00000000000000, 0.00813979527467, 1.66855782249823, 0.00000000000000, 1.68723439259643,*****************,    0.00000000000000,
  187,    3, 1.16562500000000, 0.01562500000000, 1.68345754808819, 0.01867657009820, 1.66478097799000, 0.00488940910683, 0.00000000000000, 0.00813979527467, 1.66855782249823, 0.00000000000000, 1.68723439259643,*****************,    0.00000000000000,
  187,    4, 1.16562500000000, 0.02187500000000, 1.68345754808819, 0.01867657009820, 1.66478097799000, 0.00488940910683, 0.00000000000000, 0.00813979527467, 1.66855782249823, 0.00000000000000, 1.68723439259643,*****************,    0.00000000000000,
  187,    5, 1.16562500000000, 0.02812500000000, 1.68345754808819, 0.01867657009820, 1.66478097799000, 0.00488940910683, 0.00000000000000, 0.00813979527467, 1.66855782249823, 0.00000000000000, 1.68723439259643,*****************,    0.00000000000000,
  188,    1, 1.17187500000000, 0.00312500000000, 1.67204079827478, 0.01857728610000, 1.65346351217478, 0.00492283888617, 0.00000000000000, 0.00813973447460, 1.65726483720452, 0.00000000000000, 1.67584212330452,*****************,    0.00000000000000,
  188,    2, 1.17187500000000, 0.00937500000000, 1.67204079827478, 0.01857728610000, 1.65346351217478, 0.00492283888617, 0.00000000000000, 0.00813973447460, 1.65726483720452, 0.00000000000000, 1.67584212330452,*****************,    0.00000000000000,
  188,    3, 1.17187500000000, 0.01562500000000, 1.67204079827478, 0.01857728610000, 1.65346351217478, 0.00492283888617, 0.00000000000000, 0.00813973447460, 1.65726483720452, 0.00000000000000, 1.67584212330452,*****************,    0.00000000000000,
  188,    4, 1.17187500000000, 0.02187500000000, 1.67204079827478, 0.01857728610000, 1.65346351217478, 0.00492283888617, 0.00000000000000, 0.00813973447460, 1.65726483720452, 0.00000000000000, 1.67584212330452,*****************,    0.00000000000000,
  188,    5, 1.17187500000000, 0.02812500000000, 1.67204079827478, 0.01857728610000, 1.65346351217478, 0.00492283888617, 0.00000000000000, 0.00813973447460, 1.65726483720452, 0.00000000000000, 1.67584212330452,*****************,    0.00000000000000,
  189,    1, 1.17812500000000, 0.00312500000000, 1.66075271464968, 0.01847469539474, 1.64227801925494, 0.00495614076773,-0.00000000000000, 0.00813936104318, 1.64610398284033, 0.00000000000000, 1.66457867823507,*****************,    0.00000000000000,
  189,    2, 1.17812500000000, 0.00937500000000, 1.66075271464968, 0.01847469539474, 1.64227801925494, 0.00495614076773,-0.00000000000000, 0.00813936104318, 1.64610398284033, 0.00000000000000, 1.66457867823507,*****************,    0.00000000000000,
  189,    3, 1.17812500000000, 0.01562500000000, 1.66075271464968, 0.01847469539474, 1.64227801925494, 0.00495614076773,-0.00000000000000, 0.00813936104318, 1.64610398284033, 0.00000000000000, 1.66457867823507,*****************,    0.00000000000000,
  189,    4, 1.17812500000000, 0.02187500000000, 1.66075271464968, 0.01847469539474, 1.64227801925494, 0.00495614076773,-0.00000000000000, 0.00813936104318, 1.64610398284033, 0.00000000000000, 1.66457867823507,*****************,    0.00000000000000,
  189,    5, 1.17812500000000, 0.02812500000000, 1.66075271464968, 0.01847469539474, 1.64227801925494, 0.00495614076773,-0.00000000000000, 0.00813936104318, 1.64610398284033, 0.00000000000000, 1.66457867823507,*****************,    0.00000000000000,
  190,    1, 1.18437500000000, 0.00312500000000, 1.64959765569782, 0.01836883753308, 1.63122881816473, 0.00498928809499, 0.00000000000000, 0.00813867052267, 1.63507956212747, 0.00000000000000, 1.65344839966055,*****************,    0.00000000000000,
  190,    2, 1.18437500000000, 0.00937500000000, 1.64959765569782, 0.01836883753308, 1.63122881816473, 0.00498928809499, 0.00000000000000, 0.00813867052267, 1.63507956212747, 0.00000000000000, 1.65344839966055,*****************,    0.00000000000000,
  190,    3, 1.18437500000000, 0.01562500000000, 1.64959765569782, 0.01836883753308, 1.63122881816473, 0.00498928809499, 0.00000000000000, 0.00813867052267, 1.63507956212747, 0.00000000000000, 1.65344839966055,*****************,    0.00000000000000,
  190,    4, 1.18437500000000, 0.02187500000000, 1.64959765569782, 0.01836883753308, 1.63122881816473, 0.00498928809499, 0.00000000000000, 0.00813867052267, 1.63507956212747, 0.00000000000000, 1.65344839966055,*****************,    0.00000000000000,
  190,    5, 1.18437500000000, 0.02812500000000, 1.64959765569782, 0.01836883753308, 1.63122881816473, 0.00498928809499, 0.00000000000000, 0.00813867052267, 1.63507956212747, 0.00000000000000, 1.65344839966055,*****************,    0.00000000000000,
  191,    1, 1.19062500000000, 0.00312500000000, 1.63857992944701, 0.01825975332525, 1.62032017612176, 0.00502225363579,-0.00000000000000, 0.00813765889567, 1.62419582518999, 0.00000000000000, 1.64245557851524,*****************,    0.00000000000000,
  191,    2, 1.19062500000000, 0.00937500000000, 1.63857992944701, 0.01825975332525, 1.62032017612176, 0.00502225363579,-0.00000000000000, 0.00813765889567, 1.62419582518999, 0.00000000000000, 1.64245557851524,*****************,    0.00000000000000,
  191,    3, 1.19062500000000, 0.01562500000000, 1.63857992944701, 0.01825975332525, 1.62032017612176, 0.00502225363579,-0.00000000000000, 0.00813765889567, 1.62419582518999, 0.00000000000000, 1.64245557851524,*****************,    0.00000000000000,
  191,    4, 1.19062500000000, 0.02187500000000, 1.63857992944701, 0.01825975332525, 1.62032017612176, 0.00502225363579,-0.00000000000000, 0.00813765889567, 1.62419582518999, 0.00000000000000, 1.64245557851524,*****************,    0.00000000000000,
  191,    5, 1.19062500000000, 0.02812500000000, 1.63857992944701, 0.01825975332525, 1.62032017612176, 0.00502225363579,-0.00000000000000, 0.00813765889567, 1.62419582518999, 0.00000000000000, 1.64245557851524,*****************,    0.00000000000000,
  192,    1, 1.19687500000000, 0.00312500000000, 1.62770379181060, 0.01814748482527, 1.60955630698533, 0.00505500960935,-0.00000000000000, 0.00813632259860, 1.61345696791566, 0.00000000000000, 1.63160445274093,*****************,    0.00000000000000,
  192,    2, 1.19687500000000, 0.00937500000000, 1.62770379181060, 0.01814748482527, 1.60955630698533, 0.00505500960935,-0.00000000000000, 0.00813632259860, 1.61345696791566, 0.00000000000000, 1.63160445274093,*****************,    0.00000000000000,
  192,    3, 1.19687500000000, 0.01562500000000, 1.62770379181060, 0.01814748482527, 1.60955630698533, 0.00505500960935,-0.00000000000000, 0.00813632259860, 1.61345696791566, 0.00000000000000, 1.63160445274093,*****************,    0.00000000000000,
  192,    4, 1.19687500000000, 0.02187500000000, 1.62770379181060, 0.01814748482527, 1.60955630698533, 0.00505500960935,-0.00000000000000, 0.00813632259860, 1.61345696791566, 0.00000000000000, 1.63160445274093,*****************,    0.00000000000000,
  192,    5, 1.19687500000000, 0.02812500000000, 1.62770379181060, 0.01814748482527, 1.60955630698533, 0.00505500960935,-0.00000000000000, 0.00813632259860, 1.61345696791566, 0.00000000000000, 1.63160445274093,*****************,    0.00000000000000,
  193,    1, 1.20312500000000, 0.00312500000000, 1.61697344494713, 0.01803207531481, 1.59894136963232, 0.00508752771545, 0.00000000000000, 0.00813465853339, 1.60286713033838, 0.00000000000000, 1.62089920565318,*****************,    0.00000000000000,
  193,    2, 1.20312500000000, 0.00937500000000, 1.61697344494713, 0.01803207531481, 1.59894136963232, 0.00508752771545, 0.00000000000000, 0.00813465853339, 1.60286713033838, 0.00000000000000, 1.62089920565318,*****************,    0.00000000000000,
  193,    3, 1.20312500000000, 0.01562500000000, 1.61697344494713, 0.01803207531481, 1.59894136963232, 0.00508752771545, 0.00000000000000, 0.00813465853339, 1.60286713033838, 0.00000000000000, 1.62089920565318,*****************,    0.00000000000000,
  193,    4, 1.20312500000000, 0.02187500000000, 1.61697344494713, 0.01803207531481, 1.59894136963232, 0.00508752771545, 0.00000000000000, 0.00813465853339, 1.60286713033838, 0.00000000000000, 1.62089920565318,*****************,    0.00000000000000,
  193,    5, 1.20312500000000, 0.02812500000000, 1.61697344494713, 0.01803207531481, 1.59894136963232, 0.00508752771545, 0.00000000000000, 0.00813465853339, 1.60286713033838, 0.00000000000000, 1.62089920565318,*****************,    0.00000000000000,
  194,    1, 1.20937500000000, 0.00312500000000, 1.60639303563746, 0.01791356928641, 1.58847946635105, 0.00511977916669,-0.00000000000000, 0.00813266407854, 1.59243039504212, 0.00000000000000, 1.61034396432853,*****************,    0.00000000000000,
  194,    2, 1.20937500000000, 0.00937500000000, 1.60639303563746, 0.01791356928641, 1.58847946635105, 0.00511977916669,-0.00000000000000, 0.00813266407854, 1.59243039504212, 0.00000000000000, 1.61034396432853,*****************,    0.00000000000000,
  194,    3, 1.20937500000000, 0.01562500000000, 1.60639303563746, 0.01791356928641, 1.58847946635105, 0.00511977916669,-0.00000000000000, 0.00813266407854, 1.59243039504212, 0.00000000000000, 1.61034396432853,*****************,    0.00000000000000,
  194,    4, 1.20937500000000, 0.02187500000000, 1.60639303563746, 0.01791356928641, 1.58847946635105, 0.00511977916669,-0.00000000000000, 0.00813266407854, 1.59243039504212, 0.00000000000000, 1.61034396432853,*****************,    0.00000000000000,
  194,    5, 1.20937500000000, 0.02812500000000, 1.60639303563746, 0.01791356928641, 1.58847946635105, 0.00511977916669,-0.00000000000000, 0.00813266407854, 1.59243039504212, 0.00000000000000, 1.61034396432853,*****************,    0.00000000000000,
  195,    1, 1.21562500000000, 0.00312500000000, 1.59596665367988, 0.01779201242641, 1.57817464125347, 0.00515173472301,-0.00000000000000, 0.00813033709832, 1.58215078558702, 0.00000000000000, 1.59994279801343,*****************,    0.00000000000000,
  195,    2, 1.21562500000000, 0.00937500000000, 1.59596665367988, 0.01779201242641, 1.57817464125347, 0.00515173472301,-0.00000000000000, 0.00813033709832, 1.58215078558702, 0.00000000000000, 1.59994279801343,*****************,    0.00000000000000,
  195,    3, 1.21562500000000, 0.01562500000000, 1.59596665367988, 0.01779201242641, 1.57817464125347, 0.00515173472301,-0.00000000000000, 0.00813033709832, 1.58215078558702, 0.00000000000000, 1.59994279801343,*****************,    0.00000000000000,
  195,    4, 1.21562500000000, 0.02187500000000, 1.59596665367988, 0.01779201242641, 1.57817464125347, 0.00515173472301,-0.00000000000000, 0.00813033709832, 1.58215078558702, 0.00000000000000, 1.59994279801343,*****************,    0.00000000000000,
  195,    5, 1.21562500000000, 0.02812500000000, 1.59596665367988, 0.01779201242641, 1.57817464125347, 0.00515173472301,-0.00000000000000, 0.00813033709832, 1.58215078558702, 0.00000000000000, 1.59994279801343,*****************,    0.00000000000000,
  196,    1, 1.22187500000000, 0.00312500000000, 1.58569833030356, 0.01766745159729, 1.56803087870627, 0.00518336472929,-0.00000000000000, 0.00812767595112, 1.57203226495820, 0.00000000000000, 1.58969971655548,*****************,    0.00000000000000,
  196,    2, 1.22187500000000, 0.00937500000000, 1.58569833030356, 0.01766745159729, 1.56803087870627, 0.00518336472929,-0.00000000000000, 0.00812767595112, 1.57203226495820, 0.00000000000000, 1.58969971655548,*****************,    0.00000000000000,
  196,    3, 1.22187500000000, 0.01562500000000, 1.58569833030356, 0.01766745159729, 1.56803087870627, 0.00518336472929,-0.00000000000000, 0.00812767595112, 1.57203226495820, 0.00000000000000, 1.58969971655548,*****************,    0.00000000000000,
  196,    4, 1.22187500000000, 0.02187500000000, 1.58569833030356, 0.01766745159729, 1.56803087870627, 0.00518336472929,-0.00000000000000, 0.00812767595112, 1.57203226495820, 0.00000000000000, 1.58969971655548,*****************,    0.00000000000000,
  196,    5, 1.22187500000000, 0.02812500000000, 1.58569833030356, 0.01766745159729, 1.56803087870627, 0.00518336472929,-0.00000000000000, 0.00812767595112, 1.57203226495820, 0.00000000000000, 1.58969971655548,*****************,    0.00000000000000,
  197,    1, 1.22812500000000, 0.00312500000000, 1.57559203660098, 0.01753993481962, 1.55805210178136, 0.00521463915525, 0.00000000000000, 0.00812467949587, 1.56207873403797, 0.00000000000000, 1.57961866885759,*****************,    0.00000000000000,
  197,    2, 1.22812500000000, 0.00937500000000, 1.57559203660098, 0.01753993481962, 1.55805210178136, 0.00521463915525, 0.00000000000000, 0.00812467949587, 1.56207873403797, 0.00000000000000, 1.57961866885759,*****************,    0.00000000000000,
  197,    3, 1.22812500000000, 0.01562500000000, 1.57559203660098, 0.01753993481962, 1.55805210178136, 0.00521463915525, 0.00000000000000, 0.00812467949587, 1.56207873403797, 0.00000000000000, 1.57961866885759,*****************,    0.00000000000000,
  197,    4, 1.22812500000000, 0.02187500000000, 1.57559203660098, 0.01753993481962, 1.55805210178136, 0.00521463915525, 0.00000000000000, 0.00812467949587, 1.56207873403797, 0.00000000000000, 1.57961866885759,*****************,    0.00000000000000,
  197,    5, 1.22812500000000, 0.02812500000000, 1.57559203660098, 0.01753993481962, 1.55805210178136, 0.00521463915525, 0.00000000000000, 0.00812467949587, 1.56207873403797, 0.00000000000000, 1.57961866885759,*****************,    0.00000000000000,
  198,    1, 1.23437500000000, 0.00312500000000, 1.56565168197972, 0.01740951125355, 1.54824217072617, 0.00524552763843, 0.00000000000000, 0.00812134709753, 1.55229403010199, 0.00000000000000, 1.56970354135554,*****************,    0.00000000000000,
  198,    2, 1.23437500000000, 0.00937500000000, 1.56565168197972, 0.01740951125355, 1.54824217072617, 0.00524552763843, 0.00000000000000, 0.00812134709753, 1.55229403010199, 0.00000000000000, 1.56970354135554,*****************,    0.00000000000000,
  198,    3, 1.23437500000000, 0.01562500000000, 1.56565168197972, 0.01740951125355, 1.54824217072617, 0.00524552763843, 0.00000000000000, 0.00812134709753, 1.55229403010199, 0.00000000000000, 1.56970354135554,*****************,    0.00000000000000,
  198,    4, 1.23437500000000, 0.02187500000000, 1.56565168197972, 0.01740951125355, 1.54824217072617, 0.00524552763843, 0.00000000000000, 0.00812134709753, 1.55229403010199, 0.00000000000000, 1.56970354135554,*****************,    0.00000000000000,
  198,    5, 1.23437500000000, 0.02812500000000, 1.56565168197972, 0.01740951125355, 1.54824217072617, 0.00524552763843, 0.00000000000000, 0.00812134709753, 1.55229403010199, 0.00000000000000, 1.56970354135554,*****************,    0.00000000000000,
  199,    1, 1.24062500000000, 0.00312500000000, 1.55588111263415, 0.01727623117985, 1.53860488145430, 0.00527599952945,-0.00000000000000, 0.00811767863056, 1.54268192533987, 0.00000000000000, 1.55995815651972,*****************,    0.00000000000000,
  199,    2, 1.24062500000000, 0.00937500000000, 1.55588111263415, 0.01727623117985, 1.53860488145430, 0.00527599952945,-0.00000000000000, 0.00811767863056, 1.54268192533987, 0.00000000000000, 1.55995815651972,*****************,    0.00000000000000,
  199,    3, 1.24062500000000, 0.01562500000000, 1.55588111263415, 0.01727623117985, 1.53860488145430, 0.00527599952945,-0.00000000000000, 0.00811767863056, 1.54268192533987, 0.00000000000000, 1.55995815651972,*****************,    0.00000000000000,
  199,    4, 1.24062500000000, 0.02187500000000, 1.55588111263415, 0.01727623117985, 1.53860488145430, 0.00527599952945,-0.00000000000000, 0.00811767863056, 1.54268192533987, 0.00000000000000, 1.55995815651972,*****************,    0.00000000000000,
  199,    5, 1.24062500000000, 0.02812500000000, 1.55588111263415, 0.01727623117985, 1.53860488145430, 0.00527599952945,-0.00000000000000, 0.00811767863056, 1.54268192533987, 0.00000000000000, 1.55995815651972,*****************,    0.00000000000000,
  200,    1, 1.24687500000000, 0.00312500000000, 1.54628411003763, 0.01714014598051, 1.52914396405711, 0.00530602394023, 0.00000000000000, 0.00811367448134, 1.53324612540098, 0.00000000000000, 1.55038627138150,*****************,    0.00000000000000,
  200,    2, 1.24687500000000, 0.00937500000000, 1.54628411003763, 0.01714014598051, 1.52914396405711, 0.00530602394023, 0.00000000000000, 0.00811367448134, 1.53324612540098, 0.00000000000000, 1.55038627138150,*****************,    0.00000000000000,
  200,    3, 1.24687500000000, 0.01562500000000, 1.54628411003763, 0.01714014598051, 1.52914396405711, 0.00530602394023, 0.00000000000000, 0.00811367448134, 1.53324612540098, 0.00000000000000, 1.55038627138150,*****************,    0.00000000000000,
  200,    4, 1.24687500000000, 0.02187500000000, 1.54628411003763, 0.01714014598051, 1.52914396405711, 0.00530602394023, 0.00000000000000, 0.00811367448134, 1.53324612540098, 0.00000000000000, 1.55038627138150,*****************,    0.00000000000000,
  200,    5, 1.24687500000000, 0.02812500000000, 1.54628411003763, 0.01714014598051, 1.52914396405711, 0.00530602394023, 0.00000000000000, 0.00811367448134, 1.53324612540098, 0.00000000000000, 1.55038627138150,*****************,    0.00000000000000,
  201,    1, 1.25312500000000, 0.00312500000000, 1.53686438945572, 0.01700130811899, 1.51986308133673, 0.00533556979450, 0.00000000000000, 0.00810933554856, 1.52399026796582, 0.00000000000000, 1.54099157608481,*****************,    0.00000000000000,
  201,    2, 1.25312500000000, 0.00937500000000, 1.53686438945572, 0.01700130811899, 1.51986308133673, 0.00533556979450, 0.00000000000000, 0.00810933554856, 1.52399026796582, 0.00000000000000, 1.54099157608481,*****************,    0.00000000000000,
  201,    3, 1.25312500000000, 0.01562500000000, 1.53686438945572, 0.01700130811899, 1.51986308133673, 0.00533556979450, 0.00000000000000, 0.00810933554856, 1.52399026796582, 0.00000000000000, 1.54099157608481,*****************,    0.00000000000000,
  201,    4, 1.25312500000000, 0.02187500000000, 1.53686438945572, 0.01700130811899, 1.51986308133673, 0.00533556979450, 0.00000000000000, 0.00810933554856, 1.52399026796582, 0.00000000000000, 1.54099157608481,*****************,    0.00000000000000,
  201,    5, 1.25312500000000, 0.02812500000000, 1.53686438945572, 0.01700130811899, 1.51986308133673, 0.00533556979450, 0.00000000000000, 0.00810933554856, 1.52399026796582, 0.00000000000000, 1.54099157608481,*****************,    0.00000000000000,
  202,    1, 1.25937500000000, 0.00312500000000, 1.52762559848093, 0.01685977111990, 1.51076582736103, 0.00536460588114, 0.00000000000000, 0.00810466324249, 1.51491792134362, 0.00000000000000, 1.53177769246352,*****************,    0.00000000000000,
  202,    2, 1.25937500000000, 0.00937500000000, 1.52762559848093, 0.01685977111990, 1.51076582736103, 0.00536460588114, 0.00000000000000, 0.00810466324249, 1.51491792134362, 0.00000000000000, 1.53177769246352,*****************,    0.00000000000000,
  202,    3, 1.25937500000000, 0.01562500000000, 1.52762559848093, 0.01685977111990, 1.51076582736103, 0.00536460588114, 0.00000000000000, 0.00810466324249, 1.51491792134362, 0.00000000000000, 1.53177769246352,*****************,    0.00000000000000,
  202,    4, 1.25937500000000, 0.02187500000000, 1.52762559848093, 0.01685977111990, 1.51076582736103, 0.00536460588114, 0.00000000000000, 0.00810466324249, 1.51491792134362, 0.00000000000000, 1.53177769246352,*****************,    0.00000000000000,
  202,    5, 1.25937500000000, 0.02812500000000, 1.52762559848093, 0.01685977111990, 1.51076582736103, 0.00536460588114, 0.00000000000000, 0.00810466324249, 1.51491792134362, 0.00000000000000, 1.53177769246352,*****************,    0.00000000000000,
  203,    1, 1.26562500000000, 0.00312500000000, 1.51857131558974, 0.01671558954847, 1.50185572604127, 0.00539310090960, 0.00000000000000, 0.00809965948220, 1.50603258309669, 0.00000000000000, 1.52274817264516,*****************,    0.00000000000000,
  203,    2, 1.26562500000000, 0.00937500000000, 1.51857131558974, 0.01671558954847, 1.50185572604127, 0.00539310090960, 0.00000000000000, 0.00809965948220, 1.50603258309669, 0.00000000000000, 1.52274817264516,*****************,    0.00000000000000,
  203,    3, 1.26562500000000, 0.01562500000000, 1.51857131558974, 0.01671558954847, 1.50185572604127, 0.00539310090960, 0.00000000000000, 0.00809965948220, 1.50603258309669, 0.00000000000000, 1.52274817264516,*****************,    0.00000000000000,
  203,    4, 1.26562500000000, 0.02187500000000, 1.51857131558974, 0.01671558954847, 1.50185572604127, 0.00539310090960, 0.00000000000000, 0.00809965948220, 1.50603258309669, 0.00000000000000, 1.52274817264516,*****************,    0.00000000000000,
  203,    5, 1.26562500000000, 0.02812500000000, 1.51857131558974, 0.01671558954847, 1.50185572604127, 0.00539310090960, 0.00000000000000, 0.00809965948220, 1.50603258309669, 0.00000000000000, 1.52274817264516,*****************,    0.00000000000000,
  204,    1, 1.27187500000000, 0.00312500000000, 1.50970504872246, 0.01656881898943, 1.49313622973303, 0.00542102356802,-0.00000000000000, 0.00809432669165, 1.49733767869209, 0.00000000000000, 1.51390649768152,*****************,    0.00000000000000,
  204,    2, 1.27187500000000, 0.00937500000000, 1.50970504872246, 0.01656881898943, 1.49313622973303, 0.00542102356802,-0.00000000000000, 0.00809432669165, 1.49733767869209, 0.00000000000000, 1.51390649768152,*****************,    0.00000000000000,
  204,    3, 1.27187500000000, 0.01562500000000, 1.50970504872246, 0.01656881898943, 1.49313622973303, 0.00542102356802,-0.00000000000000, 0.00809432669165, 1.49733767869209, 0.00000000000000, 1.51390649768152,*****************,    0.00000000000000,
  204,    4, 1.27187500000000, 0.02187500000000, 1.50970504872246, 0.01656881898943, 1.49313622973303, 0.00542102356802,-0.00000000000000, 0.00809432669165, 1.49733767869209, 0.00000000000000, 1.51390649768152,*****************,    0.00000000000000,
  204,    5, 1.27187500000000, 0.02812500000000, 1.50970504872246, 0.01656881898943, 1.49313622973303, 0.00542102356802,-0.00000000000000, 0.00809432669165, 1.49733767869209, 0.00000000000000, 1.51390649768152,*****************,    0.00000000000000,
  205,    1, 1.27812500000000, 0.00312500000000, 1.50103023388653, 0.01641951602563, 1.48461071786090, 0.00544834258330,-0.00000000000000, 0.00808866779374, 1.48883656018096, 0.00000000000000, 1.50525607620659,*****************,    0.00000000000000,
  205,    2, 1.27812500000000, 0.00937500000000, 1.50103023388653, 0.01641951602563, 1.48461071786090, 0.00544834258330,-0.00000000000000, 0.00808866779374, 1.48883656018096, 0.00000000000000, 1.50525607620659,*****************,    0.00000000000000,
  205,    3, 1.27812500000000, 0.01562500000000, 1.50103023388653, 0.01641951602563, 1.48461071786090, 0.00544834258330,-0.00000000000000, 0.00808866779374, 1.48883656018096, 0.00000000000000, 1.50525607620659,*****************,    0.00000000000000,
  205,    4, 1.27812500000000, 0.02187500000000, 1.50103023388653, 0.01641951602563, 1.48461071786090, 0.00544834258330,-0.00000000000000, 0.00808866779374, 1.48883656018096, 0.00000000000000, 1.50525607620659,*****************,    0.00000000000000,
  205,    5, 1.27812500000000, 0.02812500000000, 1.50103023388653, 0.01641951602563, 1.48461071786090, 0.00544834258330,-0.00000000000000, 0.00808866779374, 1.48883656018096, 0.00000000000000, 1.50525607620659,*****************,    0.00000000000000,
  206,    1, 1.28437500000000, 0.00312500000000, 1.49255023378413, 0.01626773821619, 1.47628249556793, 0.00547502678353,-0.00000000000000, 0.00808268620329, 1.48053250490632, 0.00000000000000, 1.49680024312252,*****************,    0.00000000000000,
  206,    2, 1.28437500000000, 0.00937500000000, 1.49255023378413, 0.01626773821619, 1.47628249556793, 0.00547502678353,-0.00000000000000, 0.00808268620329, 1.48053250490632, 0.00000000000000, 1.49680024312252,*****************,    0.00000000000000,
  206,    3, 1.28437500000000, 0.01562500000000, 1.49255023378413, 0.01626773821619, 1.47628249556793, 0.00547502678353,-0.00000000000000, 0.00808268620329, 1.48053250490632, 0.00000000000000, 1.49680024312252,*****************,    0.00000000000000,
  206,    4, 1.28437500000000, 0.02187500000000, 1.49255023378413, 0.01626773821619, 1.47628249556793, 0.00547502678353,-0.00000000000000, 0.00808268620329, 1.48053250490632, 0.00000000000000, 1.49680024312252,*****************,    0.00000000000000,
  206,    5, 1.28437500000000, 0.02812500000000, 1.49255023378413, 0.01626773821619, 1.47628249556793, 0.00547502678353,-0.00000000000000, 0.00808268620329, 1.48053250490632, 0.00000000000000, 1.49680024312252,*****************,    0.00000000000000,
  207,    1, 1.29062500000000, 0.00312500000000, 1.48426833646470, 0.01611354407437, 1.46815479239033, 0.00550104516217,-0.00000000000000, 0.00807638581800, 1.47242871423956, 0.00000000000000, 1.48854225831393,*****************,    0.00000000000000,
  207,    2, 1.29062500000000, 0.00937500000000, 1.48426833646470, 0.01611354407437, 1.46815479239033, 0.00550104516217,-0.00000000000000, 0.00807638581800, 1.47242871423956, 0.00000000000000, 1.48854225831393,*****************,    0.00000000000000,
  207,    3, 1.29062500000000, 0.01562500000000, 1.48426833646470, 0.01611354407437, 1.46815479239033, 0.00550104516217,-0.00000000000000, 0.00807638581800, 1.47242871423956, 0.00000000000000, 1.48854225831393,*****************,    0.00000000000000,
  207,    4, 1.29062500000000, 0.02187500000000, 1.48426833646470, 0.01611354407437, 1.46815479239033, 0.00550104516217,-0.00000000000000, 0.00807638581800, 1.47242871423956, 0.00000000000000, 1.48854225831393,*****************,    0.00000000000000,
  207,    5, 1.29062500000000, 0.02812500000000, 1.48426833646470, 0.01611354407437, 1.46815479239033, 0.00550104516217,-0.00000000000000, 0.00807638581800, 1.47242871423956, 0.00000000000000, 1.48854225831393,*****************,    0.00000000000000,
  208,    1, 1.29687500000000, 0.00312500000000, 1.47618775400306, 0.01595699304492, 1.46023076095814, 0.00552636694433, 0.00000000000000, 0.00806977100845, 1.46452831234624, 0.00000000000000, 1.48048530539116,*****************,    0.00000000000000,
  208,    2, 1.29687500000000, 0.00937500000000, 1.47618775400306, 0.01595699304492, 1.46023076095814, 0.00552636694433, 0.00000000000000, 0.00806977100845, 1.46452831234624, 0.00000000000000, 1.48048530539116,*****************,    0.00000000000000,
  208,    3, 1.29687500000000, 0.01562500000000, 1.47618775400306, 0.01595699304492, 1.46023076095814, 0.00552636694433, 0.00000000000000, 0.00806977100845, 1.46452831234624, 0.00000000000000, 1.48048530539116,*****************,    0.00000000000000,
  208,    4, 1.29687500000000, 0.02187500000000, 1.47618775400306, 0.01595699304492, 1.46023076095814, 0.00552636694433, 0.00000000000000, 0.00806977100845, 1.46452831234624, 0.00000000000000, 1.48048530539116,*****************,    0.00000000000000,
  208,    5, 1.29687500000000, 0.02812500000000, 1.47618775400306, 0.01595699304492, 1.46023076095814, 0.00552636694433, 0.00000000000000, 0.00806977100845, 1.46452831234624, 0.00000000000000, 1.48048530539116,*****************,    0.00000000000000,
  209,    1, 1.30312500000000, 0.00312500000000, 1.46831162120413, 0.01579814548127, 1.45251347572286, 0.00555096165436, 0.00000000000000, 0.00806284660617, 1.45683434498167, 0.00000000000000, 1.47263249046294,*****************,    0.00000000000000,
  209,    2, 1.30312500000000, 0.00937500000000, 1.46831162120413, 0.01579814548127, 1.45251347572286, 0.00555096165436, 0.00000000000000, 0.00806284660617, 1.45683434498167, 0.00000000000000, 1.47263249046294,*****************,    0.00000000000000,
  209,    3, 1.30312500000000, 0.01562500000000, 1.46831162120413, 0.01579814548127, 1.45251347572286, 0.00555096165436, 0.00000000000000, 0.00806284660617, 1.45683434498167, 0.00000000000000, 1.47263249046294,*****************,    0.00000000000000,
  209,    4, 1.30312500000000, 0.02187500000000, 1.46831162120413, 0.01579814548127, 1.45251347572286, 0.00555096165436, 0.00000000000000, 0.00806284660617, 1.45683434498167, 0.00000000000000, 1.47263249046294,*****************,    0.00000000000000,
  209,    5, 1.30312500000000, 0.02812500000000, 1.46831162120413, 0.01579814548127, 1.45251347572286, 0.00555096165436, 0.00000000000000, 0.00806284660617, 1.45683434498167, 0.00000000000000, 1.47263249046294,*****************,    0.00000000000000,
  210,    1, 1.30937500000000, 0.00312500000000, 1.46064299433483, 0.01563706262215, 1.44500593171268, 0.00557479918532, 0.00000000000000, 0.00805561789090, 1.44934977831675, 0.00000000000000, 1.46498684093890,*****************,    0.00000000000000,
  210,    2, 1.30937500000000, 0.00937500000000, 1.46064299433483, 0.01563706262215, 1.44500593171268, 0.00557479918532, 0.00000000000000, 0.00805561789090, 1.44934977831675, 0.00000000000000, 1.46498684093890,*****************,    0.00000000000000,
  210,    3, 1.30937500000000, 0.01562500000000, 1.46064299433483, 0.01563706262215, 1.44500593171268, 0.00557479918532, 0.00000000000000, 0.00805561789090, 1.44934977831675, 0.00000000000000, 1.46498684093890,*****************,    0.00000000000000,
  210,    4, 1.30937500000000, 0.02187500000000, 1.46064299433483, 0.01563706262215, 1.44500593171268, 0.00557479918532, 0.00000000000000, 0.00805561789090, 1.44934977831675, 0.00000000000000, 1.46498684093890,*****************,    0.00000000000000,
  210,    5, 1.30937500000000, 0.02812500000000, 1.46064299433483, 0.01563706262215, 1.44500593171268, 0.00557479918532, 0.00000000000000, 0.00805561789090, 1.44934977831675, 0.00000000000000, 1.46498684093890,*****************,    0.00000000000000,
  211,    1, 1.31562500000000, 0.00312500000000, 1.45318484988417, 0.01547380656809, 1.43771104331608, 0.00559784986938, 0.00000000000000, 0.00804809057604, 1.44207749779439, 0.00000000000000, 1.45755130436248,*****************,    0.00000000000000,
  211,    2, 1.31562500000000, 0.00937500000000, 1.45318484988417, 0.01547380656809, 1.43771104331608, 0.00559784986938, 0.00000000000000, 0.00804809057604, 1.44207749779439, 0.00000000000000, 1.45755130436248,*****************,    0.00000000000000,
  211,    3, 1.31562500000000, 0.01562500000000, 1.45318484988417, 0.01547380656809, 1.43771104331608, 0.00559784986938, 0.00000000000000, 0.00804809057604, 1.44207749779439, 0.00000000000000, 1.45755130436248,*****************,    0.00000000000000,
  211,    4, 1.31562500000000, 0.02187500000000, 1.45318484988417, 0.01547380656809, 1.43771104331608, 0.00559784986938, 0.00000000000000, 0.00804809057604, 1.44207749779439, 0.00000000000000, 1.45755130436248,*****************,    0.00000000000000,
  211,    5, 1.31562500000000, 0.02812500000000, 1.45318484988417, 0.01547380656809, 1.43771104331608, 0.00559784986938, 0.00000000000000, 0.00804809057604, 1.44207749779439, 0.00000000000000, 1.45755130436248,*****************,    0.00000000000000,
  212,    1, 1.32187500000000, 0.00312500000000, 1.44594008335213, 0.01530844025740, 1.43063164309474, 0.00562008454961,-0.00000000000000, 0.00804027079354, 1.43502030701718, 0.00000000000000, 1.45032874727457,*****************,    0.00000000000000,
  212,    2, 1.32187500000000, 0.00937500000000, 1.44594008335213, 0.01530844025740, 1.43063164309474, 0.00562008454961,-0.00000000000000, 0.00804027079354, 1.43502030701718, 0.00000000000000, 1.45032874727457,*****************,    0.00000000000000,
  212,    3, 1.32187500000000, 0.01562500000000, 1.44594008335213, 0.01530844025740, 1.43063164309474, 0.00562008454961,-0.00000000000000, 0.00804027079354, 1.43502030701718, 0.00000000000000, 1.45032874727457,*****************,    0.00000000000000,
  212,    4, 1.32187500000000, 0.02187500000000, 1.44594008335213, 0.01530844025740, 1.43063164309474, 0.00562008454961,-0.00000000000000, 0.00804027079354, 1.43502030701718, 0.00000000000000, 1.45032874727457,*****************,    0.00000000000000,
  212,    5, 1.32187500000000, 0.02812500000000, 1.44594008335213, 0.01530844025740, 1.43063164309474, 0.00562008454961,-0.00000000000000, 0.00804027079354, 1.43502030701718, 0.00000000000000, 1.45032874727457,*****************,    0.00000000000000,
  213,    1, 1.32812500000000, 0.00312500000000, 1.43891150806861, 0.01514102744193, 1.42377048062668, 0.00564147465227,-0.00000000000000, 0.00803216507711, 1.42818092666649, 0.00000000000000, 1.44332195410842,*****************,    0.00000000000000,
  213,    2, 1.32812500000000, 0.00937500000000, 1.43891150806861, 0.01514102744193, 1.42377048062668, 0.00564147465227,-0.00000000000000, 0.00803216507711, 1.42818092666649, 0.00000000000000, 1.44332195410842,*****************,    0.00000000000000,
  213,    3, 1.32812500000000, 0.01562500000000, 1.43891150806861, 0.01514102744193, 1.42377048062668, 0.00564147465227,-0.00000000000000, 0.00803216507711, 1.42818092666649, 0.00000000000000, 1.44332195410842,*****************,    0.00000000000000,
  213,    4, 1.32812500000000, 0.02187500000000, 1.43891150806861, 0.01514102744193, 1.42377048062668, 0.00564147465227,-0.00000000000000, 0.00803216507711, 1.42818092666649, 0.00000000000000, 1.44332195410842,*****************,    0.00000000000000,
  213,    5, 1.32812500000000, 0.02812500000000, 1.43891150806861, 0.01514102744193, 1.42377048062668, 0.00564147465227,-0.00000000000000, 0.00803216507711, 1.42818092666649, 0.00000000000000, 1.44332195410842,*****************,    0.00000000000000,
  214,    1, 1.33437500000000, 0.00312500000000, 1.43210185404275, 0.01497163266253, 1.41713022138022, 0.00566199226018, 0.00000000000000, 0.00802378034512, 1.42156199345364, 0.00000000000000, 1.43653362611616,*****************,    0.00000000000000,
  214,    2, 1.33437500000000, 0.00937500000000, 1.43210185404275, 0.01497163266253, 1.41713022138022, 0.00566199226018, 0.00000000000000, 0.00802378034512, 1.42156199345364, 0.00000000000000, 1.43653362611616,*****************,    0.00000000000000,
  214,    3, 1.33437500000000, 0.01562500000000, 1.43210185404275, 0.01497163266253, 1.41713022138022, 0.00566199226018, 0.00000000000000, 0.00802378034512, 1.42156199345364, 0.00000000000000, 1.43653362611616,*****************,    0.00000000000000,
  214,    4, 1.33437500000000, 0.02187500000000, 1.43210185404275, 0.01497163266253, 1.41713022138022, 0.00566199226018, 0.00000000000000, 0.00802378034512, 1.42156199345364, 0.00000000000000, 1.43653362611616,*****************,    0.00000000000000,
  214,    5, 1.33437500000000, 0.02812500000000, 1.43210185404275, 0.01497163266253, 1.41713022138022, 0.00566199226018, 0.00000000000000, 0.00802378034512, 1.42156199345364, 0.00000000000000, 1.43653362611616,*****************,    0.00000000000000,
  215,    1, 1.34062500000000, 0.00312500000000, 1.42551376684398, 0.01480032122409, 1.41071344561989, 0.00568161018595, 0.00000000000000, 0.00801512388209, 1.41516605910338, 0.00000000000000, 1.42996638032747,*****************,    0.00000000000000,
  215,    2, 1.34062500000000, 0.00937500000000, 1.42551376684398, 0.01480032122409, 1.41071344561989, 0.00568161018595, 0.00000000000000, 0.00801512388209, 1.41516605910338, 0.00000000000000, 1.42996638032747,*****************,    0.00000000000000,
  215,    3, 1.34062500000000, 0.01562500000000, 1.42551376684398, 0.01480032122409, 1.41071344561989, 0.00568161018595, 0.00000000000000, 0.00801512388209, 1.41516605910338, 0.00000000000000, 1.42996638032747,*****************,    0.00000000000000,
  215,    4, 1.34062500000000, 0.02187500000000, 1.42551376684398, 0.01480032122409, 1.41071344561989, 0.00568161018595, 0.00000000000000, 0.00801512388209, 1.41516605910338, 0.00000000000000, 1.42996638032747,*****************,    0.00000000000000,
  215,    5, 1.34062500000000, 0.02812500000000, 1.42551376684398, 0.01480032122409, 1.41071344561989, 0.00568161018595, 0.00000000000000, 0.00801512388209, 1.41516605910338, 0.00000000000000, 1.42996638032747,*****************,    0.00000000000000,
  216,    1, 1.34687500000000, 0.00312500000000, 1.41914980651539, 0.01462715917044, 1.40452264734494, 0.00570030204586,-0.00000000000000, 0.00800620332012, 1.40899558937017, 0.00000000000000, 1.42362274854061,*****************,    0.00000000000000,
  216,    2, 1.34687500000000, 0.00937500000000, 1.41914980651539, 0.01462715917044, 1.40452264734494, 0.00570030204586,-0.00000000000000, 0.00800620332012, 1.40899558937017, 0.00000000000000, 1.42362274854061,*****************,    0.00000000000000,
  216,    3, 1.34687500000000, 0.01562500000000, 1.41914980651539, 0.01462715917044, 1.40452264734494, 0.00570030204586,-0.00000000000000, 0.00800620332012, 1.40899558937017, 0.00000000000000, 1.42362274854061,*****************,    0.00000000000000,
  216,    4, 1.34687500000000, 0.02187500000000, 1.41914980651539, 0.01462715917044, 1.40452264734494, 0.00570030204586,-0.00000000000000, 0.00800620332012, 1.40899558937017, 0.00000000000000, 1.42362274854061,*****************,    0.00000000000000,
  216,    5, 1.34687500000000, 0.02812500000000, 1.41914980651539, 0.01462715917044, 1.40452264734494, 0.00570030204586,-0.00000000000000, 0.00800620332012, 1.40899558937017, 0.00000000000000, 1.42362274854061,*****************,    0.00000000000000,
  217,    1, 1.35312500000000, 0.00312500000000, 1.41301244652034, 0.01445221325885, 1.39856023326148, 0.00571804233310, 0.00000000000000, 0.00799702661918, 1.40305296308754, 0.00000000000000, 1.41750517634639,*****************,    0.00000000000000,
  217,    2, 1.35312500000000, 0.00937500000000, 1.41301244652034, 0.01445221325885, 1.39856023326148, 0.00571804233310, 0.00000000000000, 0.00799702661918, 1.40305296308754, 0.00000000000000, 1.41750517634639,*****************,    0.00000000000000,
  217,    3, 1.35312500000000, 0.01562500000000, 1.41301244652034, 0.01445221325885, 1.39856023326148, 0.00571804233310, 0.00000000000000, 0.00799702661918, 1.40305296308754, 0.00000000000000, 1.41750517634639,*****************,    0.00000000000000,
  217,    4, 1.35312500000000, 0.02187500000000, 1.41301244652034, 0.01445221325885, 1.39856023326148, 0.00571804233310, 0.00000000000000, 0.00799702661918, 1.40305296308754, 0.00000000000000, 1.41750517634639,*****************,    0.00000000000000,
  217,    5, 1.35312500000000, 0.02812500000000, 1.41301244652034, 0.01445221325885, 1.39856023326148, 0.00571804233310, 0.00000000000000, 0.00799702661918, 1.40305296308754, 0.00000000000000, 1.41750517634639,*****************,    0.00000000000000,
  218,    1, 1.35937500000000, 0.00312500000000, 1.40710407272314, 0.01427555093430, 1.39282852178883, 0.00573480649102, 0.00000000000000, 0.00798760204763, 1.39734047125104, 0.00000000000000, 1.41161602218534,*****************,    0.00000000000000,
  218,    2, 1.35937500000000, 0.00937500000000, 1.40710407272314, 0.01427555093430, 1.39282852178883, 0.00573480649102, 0.00000000000000, 0.00798760204763, 1.39734047125104, 0.00000000000000, 1.41161602218534,*****************,    0.00000000000000,
  218,    3, 1.35937500000000, 0.01562500000000, 1.40710407272314, 0.01427555093430, 1.39282852178883, 0.00573480649102, 0.00000000000000, 0.00798760204763, 1.39734047125104, 0.00000000000000, 1.41161602218534,*****************,    0.00000000000000,
  218,    4, 1.35937500000000, 0.02187500000000, 1.40710407272314, 0.01427555093430, 1.39282852178883, 0.00573480649102, 0.00000000000000, 0.00798760204763, 1.39734047125104, 0.00000000000000, 1.41161602218534,*****************,    0.00000000000000,
  218,    5, 1.35937500000000, 0.02812500000000, 1.40710407272314, 0.01427555093430, 1.39282852178883, 0.00573480649102, 0.00000000000000, 0.00798760204763, 1.39734047125104, 0.00000000000000, 1.41161602218534,*****************,    0.00000000000000,
  219,    1, 1.36562500000000, 0.00312500000000, 1.40142698240455, 0.01409724030348, 1.38732974210108, 0.00575057098527,-0.00000000000000, 0.00797793816193, 1.39186031613502, 0.00000000000000, 1.40595755643850,*****************,    0.00000000000000,
  219,    2, 1.36562500000000, 0.00937500000000, 1.40142698240455, 0.01409724030348, 1.38732974210108, 0.00575057098527,-0.00000000000000, 0.00797793816193, 1.39186031613502, 0.00000000000000, 1.40595755643850,*****************,    0.00000000000000,
  219,    3, 1.36562500000000, 0.01562500000000, 1.40142698240455, 0.01409724030348, 1.38732974210108, 0.00575057098527,-0.00000000000000, 0.00797793816193, 1.39186031613502, 0.00000000000000, 1.40595755643850,*****************,    0.00000000000000,
  219,    4, 1.36562500000000, 0.02187500000000, 1.40142698240455, 0.01409724030348, 1.38732974210108, 0.00575057098527,-0.00000000000000, 0.00797793816193, 1.39186031613502, 0.00000000000000, 1.40595755643850,*****************,    0.00000000000000,
  219,    5, 1.36562500000000, 0.02812500000000, 1.40142698240455, 0.01409724030348, 1.38732974210108, 0.00575057098527,-0.00000000000000, 0.00797793816193, 1.39186031613502, 0.00000000000000, 1.40595755643850,*****************,    0.00000000000000,
  220,    1, 1.37187500000000, 0.00312500000000, 1.39598338331300, 0.01391735010852, 1.38206603320448, 0.00576531337538,-0.00000000000000, 0.00796804378690, 1.38661461044360, 0.00000000000000, 1.40053196055212,*****************,    0.00000000000000,
  220,    2, 1.37187500000000, 0.00937500000000, 1.39598338331300, 0.01391735010852, 1.38206603320448, 0.00576531337538,-0.00000000000000, 0.00796804378690, 1.38661461044360, 0.00000000000000, 1.40053196055212,*****************,    0.00000000000000,
  220,    3, 1.37187500000000, 0.01562500000000, 1.39598338331300, 0.01391735010852, 1.38206603320448, 0.00576531337538,-0.00000000000000, 0.00796804378690, 1.38661461044360, 0.00000000000000, 1.40053196055212,*****************,    0.00000000000000,
  220,    4, 1.37187500000000, 0.02187500000000, 1.39598338331300, 0.01391735010852, 1.38206603320448, 0.00576531337538,-0.00000000000000, 0.00796804378690, 1.38661461044360, 0.00000000000000, 1.40053196055212,*****************,    0.00000000000000,
  220,    5, 1.37187500000000, 0.02812500000000, 1.39598338331300, 0.01391735010852, 1.38206603320448, 0.00576531337538,-0.00000000000000, 0.00796804378690, 1.38661461044360, 0.00000000000000, 1.40053196055212,*****************,    0.00000000000000,
  221,    1, 1.37812500000000, 0.00312500000000, 1.39077539275202, 0.01373594970053, 1.37703944305150, 0.00577901238453,-0.00000000000000, 0.00795792799538, 1.38160537649618, 0.00000000000000, 1.39534132619671,*****************,    0.00000000000000,
  221,    2, 1.37812500000000, 0.00937500000000, 1.39077539275202, 0.01373594970053, 1.37703944305150, 0.00577901238453,-0.00000000000000, 0.00795792799538, 1.38160537649618, 0.00000000000000, 1.39534132619671,*****************,    0.00000000000000,
  221,    3, 1.37812500000000, 0.01562500000000, 1.39077539275202, 0.01373594970053, 1.37703944305150, 0.00577901238453,-0.00000000000000, 0.00795792799538, 1.38160537649618, 0.00000000000000, 1.39534132619671,*****************,    0.00000000000000,
  221,    4, 1.37812500000000, 0.02187500000000, 1.39077539275202, 0.01373594970053, 1.37703944305150, 0.00577901238453,-0.00000000000000, 0.00795792799538, 1.38160537649618, 0.00000000000000, 1.39534132619671,*****************,    0.00000000000000,
  221,    5, 1.37812500000000, 0.02812500000000, 1.39077539275202, 0.01373594970053, 1.37703944305150, 0.00577901238453,-0.00000000000000, 0.00795792799538, 1.38160537649618, 0.00000000000000, 1.39534132619671,*****************,    0.00000000000000,
  222,    1, 1.38437500000000, 0.00312500000000, 1.38580503670487, 0.01355310901280, 1.37225192769207, 0.00579164796819, 0.00000000000000, 0.00794760008886, 1.37683454544781, 0.00000000000000, 1.39038765446061,*****************,    0.00000000000000,
  222,    2, 1.38437500000000, 0.00937500000000, 1.38580503670487, 0.01355310901280, 1.37225192769207, 0.00579164796819, 0.00000000000000, 0.00794760008886, 1.37683454544781, 0.00000000000000, 1.39038765446061,*****************,    0.00000000000000,
  222,    3, 1.38437500000000, 0.01562500000000, 1.38580503670487, 0.01355310901280, 1.37225192769207, 0.00579164796819, 0.00000000000000, 0.00794760008886, 1.37683454544781, 0.00000000000000, 1.39038765446061,*****************,    0.00000000000000,
  222,    4, 1.38437500000000, 0.02187500000000, 1.38580503670487, 0.01355310901280, 1.37225192769207, 0.00579164796819, 0.00000000000000, 0.00794760008886, 1.37683454544781, 0.00000000000000, 1.39038765446061,*****************,    0.00000000000000,
  222,    5, 1.38437500000000, 0.02812500000000, 1.38580503670487, 0.01355310901280, 1.37225192769207, 0.00579164796819, 0.00000000000000, 0.00794760008886, 1.37683454544781, 0.00000000000000, 1.39038765446061,*****************,    0.00000000000000,
  223,    1, 1.39062500000000, 0.00312500000000, 1.38107424899669, 0.01336889853392, 1.36770535046277, 0.00580320138040, 0.00000000000000, 0.00793706957779, 1.37230395654465, 0.00000000000000, 1.38567285507858,-9.89694539236024,    0.00000000000000,
  223,    2, 1.39062500000000, 0.00937500000000, 1.38107424899669, 0.01336889853392, 1.36770535046277, 0.00580320138040, 0.00000000000000, 0.00793706957779, 1.37230395654465, 0.00000000000000, 1.38567285507858,-9.89694539236024,    0.00000000000000,
  223,    3, 1.39062500000000, 0.01562500000000, 1.38107424899669, 0.01336889853392, 1.36770535046277, 0.00580320138040, 0.00000000000000, 0.00793706957779, 1.37230395654465, 0.00000000000000, 1.38567285507858,-9.89694539236024,    0.00000000000000,
  223,    4, 1.39062500000000, 0.02187500000000, 1.38107424899669, 0.01336889853392, 1.36770535046277, 0.00580320138040, 0.00000000000000, 0.00793706957779, 1.37230395654465, 0.00000000000000, 1.38567285507858,-9.89694539236024,    0.00000000000000,
  223,    5, 1.39062500000000, 0.02812500000000, 1.38107424899669, 0.01336889853392, 1.36770535046277, 0.00580320138040, 0.00000000000000, 0.00793706957779, 1.37230395654465, 0.00000000000000, 1.38567285507858,-9.89694539236024,    0.00000000000000,
  224,    1, 1.39687500000000, 0.00312500000000, 1.37658487049500, 0.01318338928053, 1.36340148121447, 0.00581365523819,-0.00000000000000, 0.00792634616302, 1.36801535641499, 0.00000000000000, 1.38119874569552,-9.34731271980579,    0.00000000000000,
  224,    2, 1.39687500000000, 0.00937500000000, 1.37658487049500, 0.01318338928053, 1.36340148121447, 0.00581365523819,-0.00000000000000, 0.00792634616302, 1.36801535641499, 0.00000000000000, 1.38119874569552,-9.34731271980579,    0.00000000000000,
  224,    3, 1.39687500000000, 0.01562500000000, 1.37658487049500, 0.01318338928053, 1.36340148121447, 0.00581365523819,-0.00000000000000, 0.00792634616302, 1.36801535641499, 0.00000000000000, 1.38119874569552,-9.34731271980579,    0.00000000000000,
  224,    4, 1.39687500000000, 0.02187500000000, 1.37658487049500, 0.01318338928053, 1.36340148121447, 0.00581365523819,-0.00000000000000, 0.00792634616302, 1.36801535641499, 0.00000000000000, 1.38119874569552,-9.34731271980579,    0.00000000000000,
  224,    5, 1.39687500000000, 0.02812500000000, 1.37658487049500, 0.01318338928053, 1.36340148121447, 0.00581365523819,-0.00000000000000, 0.00792634616302, 1.36801535641499, 0.00000000000000, 1.38119874569552,-9.34731271980579,    0.00000000000000,
  225,    1, 1.40312500000000, 0.00312500000000, 1.37233864834891, 0.01299665276996, 1.35934199557895, 0.00582299358303,-0.00000000000000, 0.00791543971739, 1.36397039839581, 0.00000000000000, 1.37696705116578,-8.79891167611478,    0.00000000000000,
  225,    2, 1.40312500000000, 0.00937500000000, 1.37233864834891, 0.01299665276996, 1.35934199557895, 0.00582299358303,-0.00000000000000, 0.00791543971739, 1.36397039839581, 0.00000000000000, 1.37696705116578,-8.79891167611478,    0.00000000000000,
  225,    3, 1.40312500000000, 0.01562500000000, 1.37233864834891, 0.01299665276996, 1.35934199557895, 0.00582299358303,-0.00000000000000, 0.00791543971739, 1.36397039839581, 0.00000000000000, 1.37696705116578,-8.79891167611478,    0.00000000000000,
  225,    4, 1.40312500000000, 0.02187500000000, 1.37233864834891, 0.01299665276996, 1.35934199557895, 0.00582299358303,-0.00000000000000, 0.00791543971739, 1.36397039839581, 0.00000000000000, 1.37696705116578,-8.79891167611478,    0.00000000000000,
  225,    5, 1.40312500000000, 0.02812500000000, 1.37233864834891, 0.01299665276996, 1.35934199557895, 0.00582299358303,-0.00000000000000, 0.00791543971739, 1.36397039839581, 0.00000000000000, 1.37696705116578,-8.79891167611478,    0.00000000000000,
  226,    1, 1.40937500000000, 0.00312500000000, 1.36833723526759, 0.01280876099271, 1.35552847427487, 0.00583120193973,-0.00000000000000, 0.00790436026855, 1.36017064189543, 0.00000000000000, 1.37297940288814,-8.25170482422512,    0.00000000000000,
  226,    2, 1.40937500000000, 0.00937500000000, 1.36833723526759, 0.01280876099271, 1.35552847427487, 0.00583120193973,-0.00000000000000, 0.00790436026855, 1.36017064189543, 0.00000000000000, 1.37297940288814,-8.25170482422512,    0.00000000000000,
  226,    3, 1.40937500000000, 0.01562500000000, 1.36833723526759, 0.01280876099271, 1.35552847427487, 0.00583120193973,-0.00000000000000, 0.00790436026855, 1.36017064189543, 0.00000000000000, 1.37297940288814,-8.25170482422512,    0.00000000000000,
  226,    4, 1.40937500000000, 0.02187500000000, 1.36833723526759, 0.01280876099271, 1.35552847427487, 0.00583120193973,-0.00000000000000, 0.00790436026855, 1.36017064189543, 0.00000000000000, 1.37297940288814,-8.25170482422512,    0.00000000000000,
  226,    5, 1.40937500000000, 0.02812500000000, 1.36833723526759, 0.01280876099271, 1.35552847427487, 0.00583120193973,-0.00000000000000, 0.00790436026855, 1.36017064189543, 0.00000000000000, 1.37297940288814,-8.25170482422512,    0.00000000000000,
  227,    1, 1.41562500000000, 0.00312500000000, 1.36458218883832, 0.01261978638463, 1.35196240245369, 0.00583826737180,-0.00000000000000, 0.00789311798215, 1.35661755179230, 0.00000000000000, 1.36923733817693,-7.70564713382032,    0.00000000000000,
  227,    2, 1.41562500000000, 0.00937500000000, 1.36458218883832, 0.01261978638463, 1.35196240245369, 0.00583826737180,-0.00000000000000, 0.00789311798215, 1.35661755179230, 0.00000000000000, 1.36923733817693,-7.70564713382032,    0.00000000000000,
  227,    3, 1.41562500000000, 0.01562500000000, 1.36458218883832, 0.01261978638463, 1.35196240245369, 0.00583826737180,-0.00000000000000, 0.00789311798215, 1.35661755179230, 0.00000000000000, 1.36923733817693,-7.70564713382032,    0.00000000000000,
  227,    4, 1.41562500000000, 0.02187500000000, 1.36458218883832, 0.01261978638463, 1.35196240245369, 0.00583826737180,-0.00000000000000, 0.00789311798215, 1.35661755179230, 0.00000000000000, 1.36923733817693,-7.70564713382032,    0.00000000000000,
  227,    5, 1.41562500000000, 0.02812500000000, 1.36458218883832, 0.01261978638463, 1.35196240245369, 0.00583826737180,-0.00000000000000, 0.00789311798215, 1.35661755179230, 0.00000000000000, 1.36923733817693,-7.70564713382032,    0.00000000000000,
  228,    1, 1.42187500000000, 0.00312500000000, 1.36107497088458, 0.01242980179903, 1.34864516908554, 0.00584417853356,-0.00000000000000, 0.00788172314656, 1.35331249787030, 0.00000000000000, 1.36574229966934,-7.16068639340632,    0.00000000000000,
  228,    2, 1.42187500000000, 0.00937500000000, 1.36107497088458, 0.01242980179903, 1.34864516908554, 0.00584417853356,-0.00000000000000, 0.00788172314656, 1.35331249787030, 0.00000000000000, 1.36574229966934,-7.16068639340632,    0.00000000000000,
  228,    3, 1.42187500000000, 0.01562500000000, 1.36107497088458, 0.01242980179903, 1.34864516908554, 0.00584417853356,-0.00000000000000, 0.00788172314656, 1.35331249787030, 0.00000000000000, 1.36574229966934,-7.16068639340632,    0.00000000000000,
  228,    4, 1.42187500000000, 0.02187500000000, 1.36107497088458, 0.01242980179903, 1.34864516908554, 0.00584417853356,-0.00000000000000, 0.00788172314656, 1.35331249787030, 0.00000000000000, 1.36574229966934,-7.16068639340632,    0.00000000000000,
  228,    5, 1.42187500000000, 0.02812500000000, 1.36107497088458, 0.01242980179903, 1.34864516908554, 0.00584417853356,-0.00000000000000, 0.00788172314656, 1.35331249787030, 0.00000000000000, 1.36574229966934,-7.16068639340632,    0.00000000000000,
  229,    1, 1.42812500000000, 0.00312500000000, 1.35781694686427, 0.01223888047858, 1.34557806638569, 0.00584892571800,-0.00000000000000, 0.00787018615806, 1.35025675429064, 0.00000000000000, 1.36249563476922,-6.61676363554581,    0.00000000000000,
  229,    2, 1.42812500000000, 0.00937500000000, 1.35781694686427, 0.01223888047858, 1.34557806638569, 0.00584892571800,-0.00000000000000, 0.00787018615806, 1.35025675429064, 0.00000000000000, 1.36249563476922,-6.61676363554581,    0.00000000000000,
  229,    3, 1.42812500000000, 0.01562500000000, 1.35781694686427, 0.01223888047858, 1.34557806638569, 0.00584892571800,-0.00000000000000, 0.00787018615806, 1.35025675429064, 0.00000000000000, 1.36249563476922,-6.61676363554581,    0.00000000000000,
  229,    4, 1.42812500000000, 0.02187500000000, 1.35781694686427, 0.01223888047858, 1.34557806638569, 0.00584892571800,-0.00000000000000, 0.00787018615806, 1.35025675429064, 0.00000000000000, 1.36249563476922,-6.61676363554581,    0.00000000000000,
  229,    5, 1.42812500000000, 0.02812500000000, 1.35781694686427, 0.01223888047858, 1.34557806638569, 0.00584892571800,-0.00000000000000, 0.00787018615806, 1.35025675429064, 0.00000000000000, 1.36249563476922,-6.61676363554581,    0.00000000000000,
  230,    1, 1.43437500000000, 0.00312500000000, 1.35480938530853, 0.01204709602709, 1.34276228928143, 0.00585250090082,-0.00000000000000, 0.00785851750760, 1.34745149910062, 0.00000000000000, 1.35949859512771,-6.07381357446292,    0.00000000000000,
  230,    2, 1.43437500000000, 0.00937500000000, 1.35480938530853, 0.01204709602709, 1.34276228928143, 0.00585250090082,-0.00000000000000, 0.00785851750760, 1.34745149910062, 0.00000000000000, 1.35949859512771,-6.07381357446292,    0.00000000000000,
  230,    3, 1.43437500000000, 0.01562500000000, 1.35480938530853, 0.01204709602709, 1.34276228928143, 0.00585250090082,-0.00000000000000, 0.00785851750760, 1.34745149910062, 0.00000000000000, 1.35949859512771,-6.07381357446292,    0.00000000000000,
  230,    4, 1.43437500000000, 0.02187500000000, 1.35480938530853, 0.01204709602709, 1.34276228928143, 0.00585250090082,-0.00000000000000, 0.00785851750760, 1.34745149910062, 0.00000000000000, 1.35949859512771,-6.07381357446292,    0.00000000000000,
  230,    5, 1.43437500000000, 0.02812500000000, 1.35480938530853, 0.01204709602709, 1.34276228928143, 0.00585250090082,-0.00000000000000, 0.00785851750760, 1.34745149910062, 0.00000000000000, 1.35949859512771,-6.07381357446292,    0.00000000000000,
  231,    1, 1.44062500000000, 0.00312500000000, 1.35205345730105, 0.01185452238112, 1.34019893491994, 0.00585489777959,-0.00000000000000, 0.00784672776827, 1.34489781377953, 0.00000000000000, 1.35675233616064,-5.53176505520863,    0.00000000000000,
  231,    2, 1.44062500000000, 0.00937500000000, 1.35205345730105, 0.01185452238112, 1.34019893491994, 0.00585489777959,-0.00000000000000, 0.00784672776827, 1.34489781377953, 0.00000000000000, 1.35675233616064,-5.53176505520863,    0.00000000000000,
  231,    3, 1.44062500000000, 0.01562500000000, 1.35205345730105, 0.01185452238112, 1.34019893491994, 0.00585489777959,-0.00000000000000, 0.00784672776827, 1.34489781377953, 0.00000000000000, 1.35675233616064,-5.53176505520863,    0.00000000000000,
  231,    4, 1.44062500000000, 0.02187500000000, 1.35205345730105, 0.01185452238112, 1.34019893491994, 0.00585489777959,-0.00000000000000, 0.00784672776827, 1.34489781377953, 0.00000000000000, 1.35675233616064,-5.53176505520863,    0.00000000000000,
  231,    5, 1.44062500000000, 0.02812500000000, 1.35205345730105, 0.01185452238112, 1.34019893491994, 0.00585489777959,-0.00000000000000, 0.00784672776827, 1.34489781377953, 0.00000000000000, 1.35675233616064,-5.53176505520863,    0.00000000000000,
  232,    1, 1.44687500000000, 0.00312500000000, 1.34955023599833, 0.01166123378146, 1.33788900221687, 0.00585611180847,-0.00000000000000, 0.00783482758430, 1.34259668282166, 0.00000000000000, 1.35425791660312,-4.99054151356073,    0.00000000000000,
  232,    2, 1.44687500000000, 0.00937500000000, 1.34955023599833, 0.01166123378146, 1.33788900221687, 0.00585611180847,-0.00000000000000, 0.00783482758430, 1.34259668282166, 0.00000000000000, 1.35425791660312,-4.99054151356073,    0.00000000000000,
  232,    3, 1.44687500000000, 0.01562500000000, 1.34955023599833, 0.01166123378146, 1.33788900221687, 0.00585611180847,-0.00000000000000, 0.00783482758430, 1.34259668282166, 0.00000000000000, 1.35425791660312,-4.99054151356073,    0.00000000000000,
  232,    4, 1.44687500000000, 0.02187500000000, 1.34955023599833, 0.01166123378146, 1.33788900221687, 0.00585611180847,-0.00000000000000, 0.00783482758430, 1.34259668282166, 0.00000000000000, 1.35425791660312,-4.99054151356073,    0.00000000000000,
  232,    5, 1.44687500000000, 0.02812500000000, 1.34955023599833, 0.01166123378146, 1.33788900221687, 0.00585611180847,-0.00000000000000, 0.00783482758430, 1.34259668282166, 0.00000000000000, 1.35425791660312,-4.99054151356073,    0.00000000000000,
  233,    1, 1.45312500000000, 0.00312500000000, 1.34730069619054, 0.01146730474455, 1.33583339144599, 0.00585614022738,-0.00000000000000, 0.00782282766073, 1.34054899335681, 0.00000000000000, 1.35201629810137,-4.45006144581392,    0.00000000000000,
  233,    2, 1.45312500000000, 0.00937500000000, 1.34730069619054, 0.01146730474455, 1.33583339144599, 0.00585614022738,-0.00000000000000, 0.00782282766073, 1.34054899335681, 0.00000000000000, 1.35201629810137,-4.45006144581392,    0.00000000000000,
  233,    3, 1.45312500000000, 0.01562500000000, 1.34730069619054, 0.01146730474455, 1.33583339144599, 0.00585614022738,-0.00000000000000, 0.00782282766073, 1.34054899335681, 0.00000000000000, 1.35201629810137,-4.45006144581392,    0.00000000000000,
  233,    4, 1.45312500000000, 0.02187500000000, 1.34730069619054, 0.01146730474455, 1.33583339144599, 0.00585614022738,-0.00000000000000, 0.00782282766073, 1.34054899335681, 0.00000000000000, 1.35201629810137,-4.45006144581392,    0.00000000000000,
  233,    5, 1.45312500000000, 0.02812500000000, 1.34730069619054, 0.01146730474455, 1.33583339144599, 0.00585614022738,-0.00000000000000, 0.00782282766073, 1.34054899335681, 0.00000000000000, 1.35201629810137,-4.45006144581392,    0.00000000000000,
  234,    1, 1.45937500000000, 0.00312500000000, 1.34530571390353, 0.01127281003374, 1.33403290386979, 0.00585498208631,-0.00000000000000, 0.00781073875471, 1.33875553480825, 0.00000000000000, 1.35002834484199,-3.91023888759997,    0.00000000000000,
  234,    2, 1.45937500000000, 0.00937500000000, 1.34530571390353, 0.01127281003374, 1.33403290386979, 0.00585498208631,-0.00000000000000, 0.00781073875471, 1.33875553480825, 0.00000000000000, 1.35002834484199,-3.91023888759997,    0.00000000000000,
  234,    3, 1.45937500000000, 0.01562500000000, 1.34530571390353, 0.01127281003374, 1.33403290386979, 0.00585498208631,-0.00000000000000, 0.00781073875471, 1.33875553480825, 0.00000000000000, 1.35002834484199,-3.91023888759997,    0.00000000000000,
  234,    4, 1.45937500000000, 0.02187500000000, 1.34530571390353, 0.01127281003374, 1.33403290386979, 0.00585498208631,-0.00000000000000, 0.00781073875471, 1.33875553480825, 0.00000000000000, 1.35002834484199,-3.91023888759997,    0.00000000000000,
  234,    5, 1.45937500000000, 0.02812500000000, 1.34530571390353, 0.01127281003374, 1.33403290386979, 0.00585498208631,-0.00000000000000, 0.00781073875471, 1.33875553480825, 0.00000000000000, 1.35002834484199,-3.91023888759997,    0.00000000000000,
  235,    1, 1.46562500000000, 0.00312500000000, 1.34356606604147, 0.01107782463043, 1.33248824141104, 0.00585263826344,-0.00000000000000, 0.00779857166727, 1.33721699858838, 0.00000000000000, 1.34829482321881,-3.37098390086392,    0.00000000000000,
  235,    2, 1.46562500000000, 0.00937500000000, 1.34356606604147, 0.01107782463043, 1.33248824141104, 0.00585263826344,-0.00000000000000, 0.00779857166727, 1.33721699858838, 0.00000000000000, 1.34829482321881,-3.37098390086392,    0.00000000000000,
  235,    3, 1.46562500000000, 0.01562500000000, 1.34356606604147, 0.01107782463043, 1.33248824141104, 0.00585263826344,-0.00000000000000, 0.00779857166727, 1.33721699858838, 0.00000000000000, 1.34829482321881,-3.37098390086392,    0.00000000000000,
  235,    4, 1.46562500000000, 0.02187500000000, 1.34356606604147, 0.01107782463043, 1.33248824141104, 0.00585263826344,-0.00000000000000, 0.00779857166727, 1.33721699858838, 0.00000000000000, 1.34829482321881,-3.37098390086392,    0.00000000000000,
  235,    5, 1.46562500000000, 0.02812500000000, 1.34356606604147, 0.01107782463043, 1.33248824141104, 0.00585263826344,-0.00000000000000, 0.00779857166727, 1.33721699858838, 0.00000000000000, 1.34829482321881,-3.37098390086392,    0.00000000000000,
  236,    1, 1.47187500000000, 0.00312500000000, 1.34208243007058, 0.01088242370520, 1.33120000636538, 0.00584911147794,-0.00000000000000, 0.00778633723666, 1.33593397783221, 0.00000000000000, 1.34681640153741,-2.83220306810809,    0.00000000000000,
  236,    2, 1.47187500000000, 0.00937500000000, 1.34208243007058, 0.01088242370520, 1.33120000636538, 0.00584911147794,-0.00000000000000, 0.00778633723666, 1.33593397783221, 0.00000000000000, 1.34681640153741,-2.83220306810809,    0.00000000000000,
  236,    3, 1.47187500000000, 0.01562500000000, 1.34208243007058, 0.01088242370520, 1.33120000636538, 0.00584911147794,-0.00000000000000, 0.00778633723666, 1.33593397783221, 0.00000000000000, 1.34681640153741,-2.83220306810809,    0.00000000000000,
  236,    4, 1.47187500000000, 0.02187500000000, 1.34208243007058, 0.01088242370520, 1.33120000636538, 0.00584911147794,-0.00000000000000, 0.00778633723666, 1.33593397783221, 0.00000000000000, 1.34681640153741,-2.83220306810809,    0.00000000000000,
  236,    5, 1.47187500000000, 0.02812500000000, 1.34208243007058, 0.01088242370520, 1.33120000636538, 0.00584911147794,-0.00000000000000, 0.00778633723666, 1.33593397783221, 0.00000000000000, 1.34681640153741,-2.83220306810809,    0.00000000000000,
  237,    1, 1.47812500000000, 0.00312500000000, 1.34085538374368, 0.01068668258884, 1.33016870115483, 0.00584440629618,-0.00000000000000, 0.00777404633201, 1.33490696716866, 0.00000000000000, 1.34559364975750,-2.29379999300541,    0.00000000000000,
  237,    2, 1.47812500000000, 0.00937500000000, 1.34085538374368, 0.01068668258884, 1.33016870115483, 0.00584440629618,-0.00000000000000, 0.00777404633201, 1.33490696716866, 0.00000000000000, 1.34559364975750,-2.29379999300541,    0.00000000000000,
  237,    3, 1.47812500000000, 0.01562500000000, 1.34085538374368, 0.01068668258884, 1.33016870115483, 0.00584440629618,-0.00000000000000, 0.00777404633201, 1.33490696716866, 0.00000000000000, 1.34559364975750,-2.29379999300541,    0.00000000000000,
  237,    4, 1.47812500000000, 0.02187500000000, 1.34085538374368, 0.01068668258884, 1.33016870115483, 0.00584440629618,-0.00000000000000, 0.00777404633201, 1.33490696716866, 0.00000000000000, 1.34559364975750,-2.29379999300541,    0.00000000000000,
  237,    5, 1.47812500000000, 0.02812500000000, 1.34085538374368, 0.01068668258884, 1.33016870115483, 0.00584440629618,-0.00000000000000, 0.00777404633201, 1.33490696716866, 0.00000000000000, 1.34559364975750,-2.29379999300541,    0.00000000000000,
  238,    1, 1.48437500000000, 0.00312500000000, 1.33988540486544, 0.01049067674327, 1.32939472812217, 0.00583852913219,-0.00000000000000, 0.00776170984832, 1.33413636252989, 0.00000000000000, 1.34462703927316,-1.75567580647244,    0.00000000000000,
  238,    2, 1.48437500000000, 0.00937500000000, 1.33988540486544, 0.01049067674327, 1.32939472812217, 0.00583852913219,-0.00000000000000, 0.00776170984832, 1.33413636252989, 0.00000000000000, 1.34462703927316,-1.75567580647244,    0.00000000000000,
  238,    3, 1.48437500000000, 0.01562500000000, 1.33988540486544, 0.01049067674327, 1.32939472812217, 0.00583852913219,-0.00000000000000, 0.00776170984832, 1.33413636252989, 0.00000000000000, 1.34462703927316,-1.75567580647244,    0.00000000000000,
  238,    4, 1.48437500000000, 0.02187500000000, 1.33988540486544, 0.01049067674327, 1.32939472812217, 0.00583852913219,-0.00000000000000, 0.00776170984832, 1.33413636252989, 0.00000000000000, 1.34462703927316,-1.75567580647244,    0.00000000000000,
  238,    5, 1.48437500000000, 0.02812500000000, 1.33988540486544, 0.01049067674327, 1.32939472812217, 0.00583852913219,-0.00000000000000, 0.00776170984832, 1.33413636252989, 0.00000000000000, 1.34462703927316,-1.75567580647244,    0.00000000000000,
  239,    1, 1.49062500000000, 0.00312500000000, 1.33917287109862, 0.01029448173248, 1.32887838936614, 0.00583148824122,-0.00000000000000, 0.00774933870160, 1.33362246099865, 0.00000000000000, 1.34391694273113,-1.21772967728380,    0.00000000000000,
  239,    2, 1.49062500000000, 0.00937500000000, 1.33917287109862, 0.01029448173248, 1.32887838936614, 0.00583148824122,-0.00000000000000, 0.00774933870160, 1.33362246099865, 0.00000000000000, 1.34391694273113,-1.21772967728380,    0.00000000000000,
  239,    3, 1.49062500000000, 0.01562500000000, 1.33917287109862, 0.01029448173248, 1.32887838936614, 0.00583148824122,-0.00000000000000, 0.00774933870160, 1.33362246099865, 0.00000000000000, 1.34391694273113,-1.21772967728380,    0.00000000000000,
  239,    4, 1.49062500000000, 0.02187500000000, 1.33917287109862, 0.01029448173248, 1.32887838936614, 0.00583148824122,-0.00000000000000, 0.00774933870160, 1.33362246099865, 0.00000000000000, 1.34391694273113,-1.21772967728380,    0.00000000000000,
  239,    5, 1.49062500000000, 0.02812500000000, 1.33917287109862, 0.01029448173248, 1.32887838936614, 0.00583148824122,-0.00000000000000, 0.00774933870160, 1.33362246099865, 0.00000000000000, 1.34391694273113,-1.21772967728380,    0.00000000000000,
  240,    1, 1.49687500000000, 0.00312500000000, 1.33871805981086, 0.01009817319337, 1.32861988661749, 0.00582329370729,-0.00000000000000, 0.00773694382513, 1.33336546069378, 0.00000000000000, 1.34346363388715,-0.67985932630280,    0.00000000000000,
  240,    2, 1.49687500000000, 0.00937500000000, 1.33871805981086, 0.01009817319337, 1.32861988661749, 0.00582329370729,-0.00000000000000, 0.00773694382513, 1.33336546069378, 0.00000000000000, 1.34346363388715,-0.67985932630280,    0.00000000000000,
  240,    3, 1.49687500000000, 0.01562500000000, 1.33871805981086, 0.01009817319337, 1.32861988661749, 0.00582329370729,-0.00000000000000, 0.00773694382513, 1.33336546069378, 0.00000000000000, 1.34346363388715,-0.67985932630280,    0.00000000000000,
  240,    4, 1.49687500000000, 0.02187500000000, 1.33871805981086, 0.01009817319337, 1.32861988661749, 0.00582329370729,-0.00000000000000, 0.00773694382513, 1.33336546069378, 0.00000000000000, 1.34346363388715,-0.67985932630280,    0.00000000000000,
  240,    5, 1.49687500000000, 0.02812500000000, 1.33871805981086, 0.01009817319337, 1.32861988661749, 0.00582329370729,-0.00000000000000, 0.00773694382513, 1.33336546069378, 0.00000000000000, 1.34346363388715,-0.67985932630280,    0.00000000000000,
  241,    1, 1.50312500000000, 0.00312500000000, 1.33852114796238, 0.00990182680663, 1.32861932115576, 0.00581395742369,-0.00000000000000, 0.00772453616549, 1.33336546069378, 0.00000000000000, 1.34326728750041,-0.14196154339703,    0.00000000000000,
  241,    2, 1.50312500000000, 0.00937500000000, 1.33852114796238, 0.00990182680663, 1.32861932115576, 0.00581395742369,-0.00000000000000, 0.00772453616549, 1.33336546069378, 0.00000000000000, 1.34326728750041,-0.14196154339703,    0.00000000000000,
  241,    3, 1.50312500000000, 0.01562500000000, 1.33852114796238, 0.00990182680663, 1.32861932115576, 0.00581395742369,-0.00000000000000, 0.00772453616549, 1.33336546069378, 0.00000000000000, 1.34326728750041,-0.14196154339703,    0.00000000000000,
  241,    4, 1.50312500000000, 0.02187500000000, 1.33852114796238, 0.00990182680663, 1.32861932115576, 0.00581395742369,-0.00000000000000, 0.00772453616549, 1.33336546069378, 0.00000000000000, 1.34326728750041,-0.14196154339703,    0.00000000000000,
  241,    5, 1.50312500000000, 0.02812500000000, 1.33852114796238, 0.00990182680663, 1.32861932115576, 0.00581395742369,-0.00000000000000, 0.00772453616549, 1.33336546069378, 0.00000000000000, 1.34326728750041,-0.14196154339703,    0.00000000000000,
  242,    1, 1.50937500000000, 0.00312500000000, 1.33858221203424, 0.00970551826752, 1.32887669376672, 0.00580349306726,-0.00000000000000, 0.00771212667952, 1.33362246099865, 0.00000000000000, 1.34332797926617, 0.39606729389667,    0.00000000000000,
  242,    2, 1.50937500000000, 0.00937500000000, 1.33858221203424, 0.00970551826752, 1.32887669376672, 0.00580349306726,-0.00000000000000, 0.00771212667952, 1.33362246099865, 0.00000000000000, 1.34332797926617, 0.39606729389667,    0.00000000000000,
  242,    3, 1.50937500000000, 0.01562500000000, 1.33858221203424, 0.00970551826752, 1.32887669376672, 0.00580349306726,-0.00000000000000, 0.00771212667952, 1.33362246099865, 0.00000000000000, 1.34332797926617, 0.39606729389667,    0.00000000000000,
  242,    4, 1.50937500000000, 0.02187500000000, 1.33858221203424, 0.00970551826752, 1.32887669376672, 0.00580349306726,-0.00000000000000, 0.00771212667952, 1.33362246099865, 0.00000000000000, 1.34332797926617, 0.39606729389667,    0.00000000000000,
  242,    5, 1.50937500000000, 0.02812500000000, 1.33858221203424, 0.00970551826752, 1.32887669376672, 0.00580349306726,-0.00000000000000, 0.00771212667952, 1.33362246099865, 0.00000000000000, 1.34332797926617, 0.39606729389667,    0.00000000000000,
  243,    1, 1.51562500000000, 0.00312500000000, 1.33890122799738, 0.00950932325673, 1.32939190474065, 0.00579191606572,-0.00000000000000, 0.00769972633070, 1.33413636252989, 0.00000000000000, 1.34364568578661, 0.93433070089622,    0.00000000000000,
  243,    2, 1.51562500000000, 0.00937500000000, 1.33890122799738, 0.00950932325673, 1.32939190474065, 0.00579191606572,-0.00000000000000, 0.00769972633070, 1.33413636252989, 0.00000000000000, 1.34364568578661, 0.93433070089622,    0.00000000000000,
  243,    3, 1.51562500000000, 0.01562500000000, 1.33890122799738, 0.00950932325673, 1.32939190474065, 0.00579191606572,-0.00000000000000, 0.00769972633070, 1.33413636252989, 0.00000000000000, 1.34364568578661, 0.93433070089622,    0.00000000000000,
  243,    4, 1.51562500000000, 0.02187500000000, 1.33890122799738, 0.00950932325673, 1.32939190474065, 0.00579191606572,-0.00000000000000, 0.00769972633070, 1.33413636252989, 0.00000000000000, 1.34364568578661, 0.93433070089622,    0.00000000000000,
  243,    5, 1.51562500000000, 0.02812500000000, 1.33890122799738, 0.00950932325673, 1.32939190474065, 0.00579191606572,-0.00000000000000, 0.00769972633070, 1.33413636252989, 0.00000000000000, 1.34364568578661, 0.93433070089622,    0.00000000000000,
  244,    1, 1.52187500000000, 0.00312500000000, 1.33947807132233, 0.00931331741116, 1.33016475391117, 0.00577924355877,-0.00000000000000, 0.00768734608615, 1.33490696716866, 0.00000000000000, 1.34422028457981, 1.47293156642693,    0.00000000000000,
  244,    2, 1.52187500000000, 0.00937500000000, 1.33947807132233, 0.00931331741116, 1.33016475391117, 0.00577924355877,-0.00000000000000, 0.00768734608615, 1.33490696716866, 0.00000000000000, 1.34422028457981, 1.47293156642693,    0.00000000000000,
  244,    3, 1.52187500000000, 0.01562500000000, 1.33947807132233, 0.00931331741116, 1.33016475391117, 0.00577924355877,-0.00000000000000, 0.00768734608615, 1.33490696716866, 0.00000000000000, 1.34422028457981, 1.47293156642693,    0.00000000000000,
  244,    4, 1.52187500000000, 0.02187500000000, 1.33947807132233, 0.00931331741116, 1.33016475391117, 0.00577924355877,-0.00000000000000, 0.00768734608615, 1.33490696716866, 0.00000000000000, 1.34422028457981, 1.47293156642693,    0.00000000000000,
  244,    5, 1.52187500000000, 0.02812500000000, 1.33947807132233, 0.00931331741116, 1.33016475391117, 0.00577924355877,-0.00000000000000, 0.00768734608615, 1.33490696716866, 0.00000000000000, 1.34422028457981, 1.47293156642693,    0.00000000000000,
  245,    1, 1.52812500000000, 0.00312500000000, 1.34031251702972, 0.00911757629480, 1.33119494073493, 0.00576549435242,-0.00000000000000, 0.00767499691278, 1.33593397783221, 0.00000000000000, 1.34505155412700, 2.01197163454213,    0.00000000000000,
  245,    2, 1.52812500000000, 0.00937500000000, 1.34031251702972, 0.00911757629480, 1.33119494073493, 0.00576549435242,-0.00000000000000, 0.00767499691278, 1.33593397783221, 0.00000000000000, 1.34505155412700, 2.01197163454213,    0.00000000000000,
  245,    3, 1.52812500000000, 0.01562500000000, 1.34031251702972, 0.00911757629480, 1.33119494073493, 0.00576549435242,-0.00000000000000, 0.00767499691278, 1.33593397783221, 0.00000000000000, 1.34505155412700, 2.01197163454213,    0.00000000000000,
  245,    4, 1.52812500000000, 0.02187500000000, 1.34031251702972, 0.00911757629480, 1.33119494073493, 0.00576549435242,-0.00000000000000, 0.00767499691278, 1.33593397783221, 0.00000000000000, 1.34505155412700, 2.01197163454213,    0.00000000000000,
  245,    5, 1.52812500000000, 0.02812500000000, 1.34031251702972, 0.00911757629480, 1.33119494073493, 0.00576549435242,-0.00000000000000, 0.00767499691278, 1.33593397783221, 0.00000000000000, 1.34505155412700, 2.01197163454213,    0.00000000000000,
  246,    1, 1.53437500000000, 0.00312500000000, 1.34140423978148, 0.00892217536957, 1.33248206441191, 0.00575068886732,-0.00000000000000, 0.00766268977372, 1.33721699858838, 0.00000000000000, 1.34613917395795, 2.55155098824969,    0.00000000000000,
  246,    2, 1.53437500000000, 0.00937500000000, 1.34140423978148, 0.00892217536957, 1.33248206441191, 0.00575068886732,-0.00000000000000, 0.00766268977372, 1.33721699858838, 0.00000000000000, 1.34613917395795, 2.55155098824969,    0.00000000000000,
  246,    3, 1.53437500000000, 0.01562500000000, 1.34140423978148, 0.00892217536957, 1.33248206441191, 0.00575068886732,-0.00000000000000, 0.00766268977372, 1.33721699858838, 0.00000000000000, 1.34613917395795, 2.55155098824969,    0.00000000000000,
  246,    4, 1.53437500000000, 0.02187500000000, 1.34140423978148, 0.00892217536957, 1.33248206441191, 0.00575068886732,-0.00000000000000, 0.00766268977372, 1.33721699858838, 0.00000000000000, 1.34613917395795, 2.55155098824969,    0.00000000000000,
  246,    5, 1.53437500000000, 0.02812500000000, 1.34140423978148, 0.00892217536957, 1.33248206441191, 0.00575068886732,-0.00000000000000, 0.00766268977372, 1.33721699858838, 0.00000000000000, 1.34613917395795, 2.55155098824969,    0.00000000000000,
  247,    1, 1.54062500000000, 0.00312500000000, 1.34275281401295, 0.00872718996626, 1.33402562404669, 0.00573484908064,-0.00000000000000, 0.00765043562362, 1.33875553480825, 0.00000000000000, 1.34748272477451, 3.09176753617931,    0.00000000000000,
  247,    2, 1.54062500000000, 0.00937500000000, 1.34275281401295, 0.00872718996626, 1.33402562404669, 0.00573484908064,-0.00000000000000, 0.00765043562362, 1.33875553480825, 0.00000000000000, 1.34748272477451, 3.09176753617931,    0.00000000000000,
  247,    3, 1.54062500000000, 0.01562500000000, 1.34275281401295, 0.00872718996626, 1.33402562404669, 0.00573484908064,-0.00000000000000, 0.00765043562362, 1.33875553480825, 0.00000000000000, 1.34748272477451, 3.09176753617931,    0.00000000000000,
  247,    4, 1.54062500000000, 0.02187500000000, 1.34275281401295, 0.00872718996626, 1.33402562404669, 0.00573484908064,-0.00000000000000, 0.00765043562362, 1.33875553480825, 0.00000000000000, 1.34748272477451, 3.09176753617931,    0.00000000000000,
  247,    5, 1.54062500000000, 0.02812500000000, 1.34275281401295, 0.00872718996626, 1.33402562404669, 0.00573484908064,-0.00000000000000, 0.00765043562362, 1.33875553480825, 0.00000000000000, 1.34748272477451, 3.09176753617931,    0.00000000000000,
  248,    1, 1.54687500000000, 0.00312500000000, 1.34435771410579, 0.00853269525545, 1.33582501885035, 0.00571799846248,-0.00000000000000, 0.00763824540393, 1.34054899335681, 0.00000000000000, 1.34908168861226, 3.63271650311980,    0.00000000000000,
  248,    2, 1.54687500000000, 0.00937500000000, 1.34435771410579, 0.00853269525545, 1.33582501885035, 0.00571799846248,-0.00000000000000, 0.00763824540393, 1.34054899335681, 0.00000000000000, 1.34908168861226, 3.63271650311980,    0.00000000000000,
  248,    3, 1.54687500000000, 0.01562500000000, 1.34435771410579, 0.00853269525545, 1.33582501885035, 0.00571799846248,-0.00000000000000, 0.00763824540393, 1.34054899335681, 0.00000000000000, 1.34908168861226, 3.63271650311980,    0.00000000000000,
  248,    4, 1.54687500000000, 0.02187500000000, 1.34435771410579, 0.00853269525545, 1.33582501885035, 0.00571799846248,-0.00000000000000, 0.00763824540393, 1.34054899335681, 0.00000000000000, 1.34908168861226, 3.63271650311980,    0.00000000000000,
  248,    5, 1.54687500000000, 0.02812500000000, 1.34435771410579, 0.00853269525545, 1.33582501885035, 0.00571799846248,-0.00000000000000, 0.00763824540393, 1.34054899335681, 0.00000000000000, 1.34908168861226, 3.63271650311980,    0.00000000000000,
  249,    1, 1.55312500000000, 0.00312500000000, 1.34621831460197, 0.00833876621854, 1.33787954838342, 0.00570016190625,-0.00000000000000, 0.00762613003684, 1.34259668282166, 0.00000000000000, 1.35093544904020, 4.17448992535084,    0.00000000000000,
  249,    2, 1.55312500000000, 0.00937500000000, 1.34621831460197, 0.00833876621854, 1.33787954838342, 0.00570016190625,-0.00000000000000, 0.00762613003684, 1.34259668282166, 0.00000000000000, 1.35093544904020, 4.17448992535084,    0.00000000000000,
  249,    3, 1.55312500000000, 0.01562500000000, 1.34621831460197, 0.00833876621854, 1.33787954838342, 0.00570016190625,-0.00000000000000, 0.00762613003684, 1.34259668282166, 0.00000000000000, 1.35093544904020, 4.17448992535084,    0.00000000000000,
  249,    4, 1.55312500000000, 0.02187500000000, 1.34621831460197, 0.00833876621854, 1.33787954838342, 0.00570016190625,-0.00000000000000, 0.00762613003684, 1.34259668282166, 0.00000000000000, 1.35093544904020, 4.17448992535084,    0.00000000000000,
  249,    5, 1.55312500000000, 0.02812500000000, 1.34621831460197, 0.00833876621854, 1.33787954838342, 0.00570016190625,-0.00000000000000, 0.00762613003684, 1.34259668282166, 0.00000000000000, 1.35093544904020, 4.17448992535084,    0.00000000000000,
  250,    1, 1.55937500000000, 0.00312500000000, 1.34833389045862, 0.00814547761888, 1.34018841283974, 0.00568136565423,-0.00000000000000, 0.00761410041891, 1.34489781377953, 0.00000000000000, 1.35304329139841, 4.71717615168501,    0.00000000000000,
  250,    2, 1.55937500000000, 0.00937500000000, 1.34833389045862, 0.00814547761888, 1.34018841283974, 0.00568136565423,-0.00000000000000, 0.00761410041891, 1.34489781377953, 0.00000000000000, 1.35304329139841, 4.71717615168501,    0.00000000000000,
  250,    3, 1.55937500000000, 0.01562500000000, 1.34833389045862, 0.00814547761888, 1.34018841283974, 0.00568136565423,-0.00000000000000, 0.00761410041891, 1.34489781377953, 0.00000000000000, 1.35304329139841, 4.71717615168501,    0.00000000000000,
  250,    4, 1.55937500000000, 0.02187500000000, 1.34833389045862, 0.00814547761888, 1.34018841283974, 0.00568136565423,-0.00000000000000, 0.00761410041891, 1.34489781377953, 0.00000000000000, 1.35304329139841, 4.71717615168501,    0.00000000000000,
  250,    5, 1.55937500000000, 0.02812500000000, 1.34833389045862, 0.00814547761888, 1.34018841283974, 0.00568136565423,-0.00000000000000, 0.00761410041891, 1.34489781377953, 0.00000000000000, 1.35304329139841, 4.71717615168501,    0.00000000000000,
  251,    1, 1.56562500000000, 0.00312500000000, 1.35070361734408, 0.00795290397291, 1.34275071337117, 0.00566163721789,-0.00000000000000, 0.00760216741318, 1.34745149910062, 0.00000000000000, 1.35540440307352, 5.26085935112696,    0.00000000000000,
  251,    2, 1.56562500000000, 0.00937500000000, 1.35070361734408, 0.00795290397291, 1.34275071337117, 0.00566163721789,-0.00000000000000, 0.00760216741318, 1.34745149910062, 0.00000000000000, 1.35540440307352, 5.26085935112696,    0.00000000000000,
  251,    3, 1.56562500000000, 0.01562500000000, 1.35070361734408, 0.00795290397291, 1.34275071337117, 0.00566163721789,-0.00000000000000, 0.00760216741318, 1.34745149910062, 0.00000000000000, 1.35540440307352, 5.26085935112696,    0.00000000000000,
  251,    4, 1.56562500000000, 0.02187500000000, 1.35070361734408, 0.00795290397291, 1.34275071337117, 0.00566163721789,-0.00000000000000, 0.00760216741318, 1.34745149910062, 0.00000000000000, 1.35540440307352, 5.26085935112696,    0.00000000000000,
  251,    5, 1.56562500000000, 0.02812500000000, 1.35070361734408, 0.00795290397291, 1.34275071337117, 0.00566163721789,-0.00000000000000, 0.00760216741318, 1.34745149910062, 0.00000000000000, 1.35540440307352, 5.26085935112696,    0.00000000000000,
  252,    1, 1.57187500000000, 0.00312500000000, 1.35332657197501, 0.00776111952142, 1.34556545245359, 0.00564100529406,-0.00000000000000, 0.00759034184080, 1.35025675429064, 0.00000000000000, 1.35801787381205, 5.80561902804664,    0.00000000000000,
  252,    2, 1.57187500000000, 0.00937500000000, 1.35332657197501, 0.00776111952142, 1.34556545245359, 0.00564100529406,-0.00000000000000, 0.00759034184080, 1.35025675429064, 0.00000000000000, 1.35801787381205, 5.80561902804664,    0.00000000000000,
  252,    3, 1.57187500000000, 0.01562500000000, 1.35332657197501, 0.00776111952142, 1.34556545245359, 0.00564100529406,-0.00000000000000, 0.00759034184080, 1.35025675429064, 0.00000000000000, 1.35801787381205, 5.80561902804664,    0.00000000000000,
  252,    4, 1.57187500000000, 0.02187500000000, 1.35332657197501, 0.00776111952142, 1.34556545245359, 0.00564100529406,-0.00000000000000, 0.00759034184080, 1.35025675429064, 0.00000000000000, 1.35801787381205, 5.80561902804664,    0.00000000000000,
  252,    5, 1.57187500000000, 0.02812500000000, 1.35332657197501, 0.00776111952142, 1.34556545245359, 0.00564100529406,-0.00000000000000, 0.00759034184080, 1.35025675429064, 0.00000000000000, 1.35801787381205, 5.80561902804664,    0.00000000000000,
  253,    1, 1.57812500000000, 0.00312500000000, 1.35620173249459, 0.00757019820097, 1.34863153429362, 0.00561949967676,-0.00000000000000, 0.00757863447103, 1.35331249787030, 0.00000000000000, 1.36088269607127, 6.35152954575024,    0.00000000000000,
  253,    2, 1.57812500000000, 0.00937500000000, 1.35620173249459, 0.00757019820097, 1.34863153429362, 0.00561949967676,-0.00000000000000, 0.00757863447103, 1.35331249787030, 0.00000000000000, 1.36088269607127, 6.35152954575024,    0.00000000000000,
  253,    3, 1.57812500000000, 0.01562500000000, 1.35620173249459, 0.00757019820097, 1.34863153429362, 0.00561949967676,-0.00000000000000, 0.00757863447103, 1.35331249787030, 0.00000000000000, 1.36088269607127, 6.35152954575024,    0.00000000000000,
  253,    4, 1.57812500000000, 0.02187500000000, 1.35620173249459, 0.00757019820097, 1.34863153429362, 0.00561949967676,-0.00000000000000, 0.00757863447103, 1.35331249787030, 0.00000000000000, 1.36088269607127, 6.35152954575024,    0.00000000000000,
  253,    5, 1.57812500000000, 0.02812500000000, 1.35620173249459, 0.00757019820097, 1.34863153429362, 0.00561949967676,-0.00000000000000, 0.00757863447103, 1.35331249787030, 0.00000000000000, 1.36088269607127, 6.35152954575024,    0.00000000000000,
  254,    1, 1.58437500000000, 0.00312500000000, 1.35932797889194, 0.00738021361537, 1.35194776527657, 0.00559715116589,-0.00000000000000, 0.00756705601064, 1.35661755179230, 0.00000000000000, 1.36399776540767, 6.89865965932094,    0.00000000000000,
  254,    2, 1.58437500000000, 0.00937500000000, 1.35932797889194, 0.00738021361537, 1.35194776527657, 0.00559715116589,-0.00000000000000, 0.00756705601064, 1.35661755179230, 0.00000000000000, 1.36399776540767, 6.89865965932094,    0.00000000000000,
  254,    3, 1.58437500000000, 0.01562500000000, 1.35932797889194, 0.00738021361537, 1.35194776527657, 0.00559715116589,-0.00000000000000, 0.00756705601064, 1.35661755179230, 0.00000000000000, 1.36399776540767, 6.89865965932094,    0.00000000000000,
  254,    4, 1.58437500000000, 0.02187500000000, 1.35932797889194, 0.00738021361537, 1.35194776527657, 0.00559715116589,-0.00000000000000, 0.00756705601064, 1.35661755179230, 0.00000000000000, 1.36399776540767, 6.89865965932094,    0.00000000000000,
  254,    5, 1.58437500000000, 0.02812500000000, 1.35932797889194, 0.00738021361537, 1.35194776527657, 0.00559715116589,-0.00000000000000, 0.00756705601064, 1.35661755179230, 0.00000000000000, 1.36399776540767, 6.89865965932094,    0.00000000000000,
  255,    1, 1.59062500000000, 0.00312500000000, 1.36270409346254, 0.00719123900729, 1.35551285445525, 0.00557399147249,-0.00000000000000, 0.00755561709159, 1.36017064189543, 0.00000000000000, 1.36736188090272, 7.44707205858456,    0.00000000000000,
  255,    2, 1.59062500000000, 0.00937500000000, 1.36270409346254, 0.00719123900729, 1.35551285445525, 0.00557399147249,-0.00000000000000, 0.00755561709159, 1.36017064189543, 0.00000000000000, 1.36736188090272, 7.44707205858456,    0.00000000000000,
  255,    3, 1.59062500000000, 0.01562500000000, 1.36270409346254, 0.00719123900729, 1.35551285445525, 0.00557399147249,-0.00000000000000, 0.00755561709159, 1.36017064189543, 0.00000000000000, 1.36736188090272, 7.44707205858456,    0.00000000000000,
  255,    4, 1.59062500000000, 0.02187500000000, 1.36270409346254, 0.00719123900729, 1.35551285445525, 0.00557399147249,-0.00000000000000, 0.00755561709159, 1.36017064189543, 0.00000000000000, 1.36736188090272, 7.44707205858456,    0.00000000000000,
  255,    5, 1.59062500000000, 0.02812500000000, 1.36270409346254, 0.00719123900729, 1.35551285445525, 0.00557399147249,-0.00000000000000, 0.00755561709159, 1.36017064189543, 0.00000000000000, 1.36736188090272, 7.44707205858456,    0.00000000000000,
  256,    1, 1.59687500000000, 0.00312500000000, 1.36632876130967, 0.00700334723004, 1.35932541407963, 0.00555005312194,-0.00000000000000, 0.00754432825815, 1.36397039839581, 0.00000000000000, 1.37097374562585, 7.99682292204108,    0.00000000000000,
  256,    2, 1.59687500000000, 0.00937500000000, 1.36632876130967, 0.00700334723004, 1.35932541407963, 0.00555005312194,-0.00000000000000, 0.00754432825815, 1.36397039839581, 0.00000000000000, 1.37097374562585, 7.99682292204108,    0.00000000000000,
  256,    3, 1.59687500000000, 0.01562500000000, 1.36632876130967, 0.00700334723004, 1.35932541407963, 0.00555005312194,-0.00000000000000, 0.00754432825815, 1.36397039839581, 0.00000000000000, 1.37097374562585, 7.99682292204108,    0.00000000000000,
  256,    4, 1.59687500000000, 0.02187500000000, 1.36632876130967, 0.00700334723004, 1.35932541407963, 0.00555005312194,-0.00000000000000, 0.00754432825815, 1.36397039839581, 0.00000000000000, 1.37097374562585, 7.99682292204108,    0.00000000000000,
  256,    5, 1.59687500000000, 0.02812500000000, 1.36632876130967, 0.00700334723004, 1.35932541407963, 0.00555005312194,-0.00000000000000, 0.00754432825815, 1.36397039839581, 0.00000000000000, 1.37097374562585, 7.99682292204108,    0.00000000000000,
  257,    1, 1.60312500000000, 0.00312500000000, 1.37020057088675, 0.00681661071947, 1.36338396016728, 0.00552536935479,-0.00000000000000, 0.00753319995232, 1.36801535641499, 0.00000000000000, 1.37483196713447, 8.54796148258391,    0.00000000000000,
  257,    2, 1.60312500000000, 0.00937500000000, 1.37020057088675, 0.00681661071947, 1.36338396016728, 0.00552536935479,-0.00000000000000, 0.00753319995232, 1.36801535641499, 0.00000000000000, 1.37483196713447, 8.54796148258391,    0.00000000000000,
  257,    3, 1.60312500000000, 0.01562500000000, 1.37020057088675, 0.00681661071947, 1.36338396016728, 0.00552536935479,-0.00000000000000, 0.00753319995232, 1.36801535641499, 0.00000000000000, 1.37483196713447, 8.54796148258391,    0.00000000000000,
  257,    4, 1.60312500000000, 0.02187500000000, 1.37020057088675, 0.00681661071947, 1.36338396016728, 0.00552536935479,-0.00000000000000, 0.00753319995232, 1.36801535641499, 0.00000000000000, 1.37483196713447, 8.54796148258391,    0.00000000000000,
  257,    5, 1.60312500000000, 0.02812500000000, 1.37020057088675, 0.00681661071947, 1.36338396016728, 0.00552536935479,-0.00000000000000, 0.00753319995232, 1.36801535641499, 0.00000000000000, 1.37483196713447, 8.54796148258391,    0.00000000000000,
  258,    1, 1.60937500000000, 0.00312500000000, 1.37431801458032, 0.00663110146608, 1.36768691311425, 0.00549997402668,-0.00000000000000, 0.00752224249875, 1.37230395654465, 0.00000000000000, 1.37893505801073, 9.10052960581088,    0.00000000000000,
  258,    2, 1.60937500000000, 0.00937500000000, 1.37431801458032, 0.00663110146608, 1.36768691311425, 0.00549997402668,-0.00000000000000, 0.00752224249875, 1.37230395654465, 0.00000000000000, 1.37893505801073, 9.10052960581088,    0.00000000000000,
  258,    3, 1.60937500000000, 0.01562500000000, 1.37431801458032, 0.00663110146608, 1.36768691311425, 0.00549997402668,-0.00000000000000, 0.00752224249875, 1.37230395654465, 0.00000000000000, 1.37893505801073, 9.10052960581088,    0.00000000000000,
  258,    4, 1.60937500000000, 0.02187500000000, 1.37431801458032, 0.00663110146608, 1.36768691311425, 0.00549997402668,-0.00000000000000, 0.00752224249875, 1.37230395654465, 0.00000000000000, 1.37893505801073, 9.10052960581088,    0.00000000000000,
  258,    5, 1.60937500000000, 0.02812500000000, 1.37431801458032, 0.00663110146608, 1.36768691311425, 0.00549997402668,-0.00000000000000, 0.00752224249875, 1.37230395654465, 0.00000000000000, 1.37893505801073, 9.10052960581088,    0.00000000000000,
  259,    1, 1.61562500000000, 0.00312500000000, 1.37867948933351, 0.00644689098720, 1.37223259834631, 0.00547390150699,-0.00000000000000, 0.00751146608802, 1.37683454544781, 0.00000000000000, 1.38328143643500, 9.65456138171057,    0.00000000000000,
  259,    2, 1.61562500000000, 0.00937500000000, 1.37867948933351, 0.00644689098720, 1.37223259834631, 0.00547390150699,-0.00000000000000, 0.00751146608802, 1.37683454544781, 0.00000000000000, 1.38328143643500, 9.65456138171057,    0.00000000000000,
  259,    3, 1.61562500000000, 0.01562500000000, 1.37867948933351, 0.00644689098720, 1.37223259834631, 0.00547390150699,-0.00000000000000, 0.00751146608802, 1.37683454544781, 0.00000000000000, 1.38328143643500, 9.65456138171057,    0.00000000000000,
  259,    4, 1.61562500000000, 0.02187500000000, 1.37867948933351, 0.00644689098720, 1.37223259834631, 0.00547390150699,-0.00000000000000, 0.00751146608802, 1.37683454544781, 0.00000000000000, 1.38328143643500, 9.65456138171057,    0.00000000000000,
  259,    5, 1.61562500000000, 0.02812500000000, 1.37867948933351, 0.00644689098720, 1.37223259834631, 0.00547390150699,-0.00000000000000, 0.00751146608802, 1.37683454544781, 0.00000000000000, 1.38328143643500, 9.65456138171057,    0.00000000000000,
  260,    1, 1.62187500000000, 0.00312500000000, 1.38328329730964, 0.00626405029947, 1.37701924701016, 0.00544718657775,-0.00000000000000, 0.00750088075962, 1.38160537649618, 0.00000000000000, 1.38786942679566,10.21008273048546,    0.00000000000000,
  260,    2, 1.62187500000000, 0.00937500000000, 1.38328329730964, 0.00626405029947, 1.37701924701016, 0.00544718657775,-0.00000000000000, 0.00750088075962, 1.38160537649618, 0.00000000000000, 1.38786942679566,10.21008273048546,    0.00000000000000,
  260,    3, 1.62187500000000, 0.01562500000000, 1.38328329730964, 0.00626405029947, 1.37701924701016, 0.00544718657775,-0.00000000000000, 0.00750088075962, 1.38160537649618, 0.00000000000000, 1.38786942679566,10.21008273048546,    0.00000000000000,
  260,    4, 1.62187500000000, 0.02187500000000, 1.38328329730964, 0.00626405029947, 1.37701924701016, 0.00544718657775,-0.00000000000000, 0.00750088075962, 1.38160537649618, 0.00000000000000, 1.38786942679566,10.21008273048546,    0.00000000000000,
  260,    5, 1.62187500000000, 0.02812500000000, 1.38328329730964, 0.00626405029947, 1.37701924701016, 0.00544718657775,-0.00000000000000, 0.00750088075962, 1.38160537649618, 0.00000000000000, 1.38786942679566,10.21008273048546,    0.00000000000000,
  261,    1, 1.62812500000000, 0.00312500000000, 1.38812764659567, 0.00608264989148, 1.38204499670419, 0.00541986433244,-0.00000000000000, 0.00749049638346, 1.38661461044360, 0.00000000000000, 1.39269726033508,10.76711102325239,    0.00000000000000,
  261,    2, 1.62812500000000, 0.00937500000000, 1.38812764659567, 0.00608264989148, 1.38204499670419, 0.00541986433244,-0.00000000000000, 0.00749049638346, 1.38661461044360, 0.00000000000000, 1.39269726033508,10.76711102325239,    0.00000000000000,
  261,    3, 1.62812500000000, 0.01562500000000, 1.38812764659567, 0.00608264989148, 1.38204499670419, 0.00541986433244,-0.00000000000000, 0.00749049638346, 1.38661461044360, 0.00000000000000, 1.39269726033508,10.76711102325239,    0.00000000000000,
  261,    4, 1.62812500000000, 0.02187500000000, 1.38812764659567, 0.00608264989148, 1.38204499670419, 0.00541986433244,-0.00000000000000, 0.00749049638346, 1.38661461044360, 0.00000000000000, 1.39269726033508,10.76711102325239,    0.00000000000000,
  261,    5, 1.62812500000000, 0.02812500000000, 1.38812764659567, 0.00608264989148, 1.38204499670419, 0.00541986433244,-0.00000000000000, 0.00749049638346, 1.38661461044360, 0.00000000000000, 1.39269726033508,10.76711102325239,    0.00000000000000,
  262,    1, 1.63437500000000, 0.00312500000000, 1.39321065194493, 0.00590275969652, 1.38730789224841, 0.00539197007604,-0.00000000000000, 0.00748032264126, 1.39186031613502, 0.00000000000000, 1.39776307583154,11.32565471833516,    0.00000000000000,
  262,    2, 1.63437500000000, 0.00937500000000, 1.39321065194493, 0.00590275969652, 1.38730789224841, 0.00539197007604,-0.00000000000000, 0.00748032264126, 1.39186031613502, 0.00000000000000, 1.39776307583154,11.32565471833516,    0.00000000000000,
  262,    3, 1.63437500000000, 0.01562500000000, 1.39321065194493, 0.00590275969652, 1.38730789224841, 0.00539197007604,-0.00000000000000, 0.00748032264126, 1.39186031613502, 0.00000000000000, 1.39776307583154,11.32565471833516,    0.00000000000000,
  262,    4, 1.63437500000000, 0.02187500000000, 1.39321065194493, 0.00590275969652, 1.38730789224841, 0.00539197007604,-0.00000000000000, 0.00748032264126, 1.39186031613502, 0.00000000000000, 1.39776307583154,11.32565471833516,    0.00000000000000,
  262,    5, 1.63437500000000, 0.02812500000000, 1.39321065194493, 0.00590275969652, 1.38730789224841, 0.00539197007604,-0.00000000000000, 0.00748032264126, 1.39186031613502, 0.00000000000000, 1.39776307583154,11.32565471833516,    0.00000000000000,
  263,    1, 1.64062500000000, 0.00312500000000, 1.39853033555891, 0.00572444906570, 1.39280588649322, 0.00536353922621,-0.00000000000000, 0.00747036900670, 1.39734047125104, 0.00000000000000, 1.40306492031673,11.88571301384022,    0.00000000000000,
  263,    2, 1.64062500000000, 0.00937500000000, 1.39853033555891, 0.00572444906570, 1.39280588649322, 0.00536353922621,-0.00000000000000, 0.00747036900670, 1.39734047125104, 0.00000000000000, 1.40306492031673,11.88571301384022,    0.00000000000000,
  263,    3, 1.64062500000000, 0.01562500000000, 1.39853033555891, 0.00572444906570, 1.39280588649322, 0.00536353922621,-0.00000000000000, 0.00747036900670, 1.39734047125104, 0.00000000000000, 1.40306492031673,11.88571301384022,    0.00000000000000,
  263,    4, 1.64062500000000, 0.02187500000000, 1.39853033555891, 0.00572444906570, 1.39280588649322, 0.00536353922621,-0.00000000000000, 0.00747036900670, 1.39734047125104, 0.00000000000000, 1.40306492031673,11.88571301384022,    0.00000000000000,
  263,    5, 1.64062500000000, 0.02812500000000, 1.39853033555891, 0.00572444906570, 1.39280588649322, 0.00536353922621,-0.00000000000000, 0.00747036900670, 1.39734047125104, 0.00000000000000, 1.40306492031673,11.88571301384022,    0.00000000000000,
  264,    1, 1.64687500000000, 0.00312500000000, 1.40408462790724, 0.00554778674115, 1.39853684116610, 0.00533460721673,-0.00000000000000, 0.00746064472575, 1.40305296308754, 0.00000000000000, 1.40860074982868,12.44727551718032,    0.00000000000000,
  264,    2, 1.64687500000000, 0.00937500000000, 1.40408462790724, 0.00554778674115, 1.39853684116610, 0.00533460721673,-0.00000000000000, 0.00746064472575, 1.40305296308754, 0.00000000000000, 1.40860074982868,12.44727551718032,    0.00000000000000,
  264,    3, 1.64687500000000, 0.01562500000000, 1.40408462790724, 0.00554778674115, 1.39853684116610, 0.00533460721673,-0.00000000000000, 0.00746064472575, 1.40305296308754, 0.00000000000000, 1.40860074982868,12.44727551718032,    0.00000000000000,
  264,    4, 1.64687500000000, 0.02187500000000, 1.40408462790724, 0.00554778674115, 1.39853684116610, 0.00533460721673,-0.00000000000000, 0.00746064472575, 1.40305296308754, 0.00000000000000, 1.40860074982868,12.44727551718032,    0.00000000000000,
  264,    5, 1.64687500000000, 0.02812500000000, 1.40408462790724, 0.00554778674115, 1.39853684116610, 0.00533460721673,-0.00000000000000, 0.00746064472575, 1.40305296308754, 0.00000000000000, 1.40860074982868,12.44727551718032,    0.00000000000000,
  265,    1, 1.65312500000000, 0.00312500000000, 1.40987136858560, 0.00537284082956, 1.40449852775604, 0.00530520940303, 0.00000000000000, 0.00745115879600, 1.40899558937017, 0.00000000000000, 1.41436843019973,13.01032193218321,    0.00000000000000,
  265,    2, 1.65312500000000, 0.00937500000000, 1.40987136858560, 0.00537284082956, 1.40449852775604, 0.00530520940303, 0.00000000000000, 0.00745115879600, 1.40899558937017, 0.00000000000000, 1.41436843019973,13.01032193218321,    0.00000000000000,
  265,    3, 1.65312500000000, 0.01562500000000, 1.40987136858560, 0.00537284082956, 1.40449852775604, 0.00530520940303, 0.00000000000000, 0.00745115879600, 1.40899558937017, 0.00000000000000, 1.41436843019973,13.01032193218321,    0.00000000000000,
  265,    4, 1.65312500000000, 0.02187500000000, 1.40987136858560, 0.00537284082956, 1.40449852775604, 0.00530520940303, 0.00000000000000, 0.00745115879600, 1.40899558937017, 0.00000000000000, 1.41436843019973,13.01032193218321,    0.00000000000000,
  265,    5, 1.65312500000000, 0.02812500000000, 1.40987136858560, 0.00537284082956, 1.40449852775604, 0.00530520940303, 0.00000000000000, 0.00745115879600, 1.40899558937017, 0.00000000000000, 1.41436843019973,13.01032193218321,    0.00000000000000,
  266,    1, 1.65937500000000, 0.00312500000000, 1.41588830721065, 0.00519967877591, 1.41068862843474, 0.00527538097099,-0.00000000000000, 0.00744191994644, 1.41516605910338, 0.00000000000000, 1.42036573787929,13.57482176439486,    0.00000000000000,
  266,    2, 1.65937500000000, 0.00937500000000, 1.41588830721065, 0.00519967877591, 1.41068862843474, 0.00527538097099,-0.00000000000000, 0.00744191994644, 1.41516605910338, 0.00000000000000, 1.42036573787929,13.57482176439486,    0.00000000000000,
  266,    3, 1.65937500000000, 0.01562500000000, 1.41588830721065, 0.00519967877591, 1.41068862843474, 0.00527538097099,-0.00000000000000, 0.00744191994644, 1.41516605910338, 0.00000000000000, 1.42036573787929,13.57482176439486,    0.00000000000000,
  266,    4, 1.65937500000000, 0.02187500000000, 1.41588830721065, 0.00519967877591, 1.41068862843474, 0.00527538097099,-0.00000000000000, 0.00744191994644, 1.41516605910338, 0.00000000000000, 1.42036573787929,13.57482176439486,    0.00000000000000,
  266,    5, 1.65937500000000, 0.02812500000000, 1.41588830721065, 0.00519967877591, 1.41068862843474, 0.00527538097099,-0.00000000000000, 0.00744191994644, 1.41516605910338, 0.00000000000000, 1.42036573787929,13.57482176439486,    0.00000000000000,
  267,    1, 1.66562500000000, 0.00312500000000, 1.42213310435146, 0.00502836733747, 1.41710473701399, 0.00524515684865, 0.00000000000000, 0.00743293661660, 1.42156199345364, 0.00000000000000, 1.42659036079111,14.14073404515734,    0.00000000000000,
  267,    2, 1.66562500000000, 0.00937500000000, 1.42213310435146, 0.00502836733747, 1.41710473701399, 0.00524515684865, 0.00000000000000, 0.00743293661660, 1.42156199345364, 0.00000000000000, 1.42659036079111,14.14073404515734,    0.00000000000000,
  267,    3, 1.66562500000000, 0.01562500000000, 1.42213310435146, 0.00502836733747, 1.41710473701399, 0.00524515684865, 0.00000000000000, 0.00743293661660, 1.42156199345364, 0.00000000000000, 1.42659036079111,14.14073404515734,    0.00000000000000,
  267,    4, 1.66562500000000, 0.02187500000000, 1.42213310435146, 0.00502836733747, 1.41710473701399, 0.00524515684865, 0.00000000000000, 0.00743293661660, 1.42156199345364, 0.00000000000000, 1.42659036079111,14.14073404515734,    0.00000000000000,
  267,    5, 1.66562500000000, 0.02812500000000, 1.42213310435146, 0.00502836733747, 1.41710473701399, 0.00524515684865, 0.00000000000000, 0.00743293661660, 1.42156199345364, 0.00000000000000, 1.42659036079111,14.14073404515734,    0.00000000000000,
  268,    1, 1.67187500000000, 0.00312500000000, 1.42860333249667, 0.00485897255807, 1.42374435993861, 0.00521457162207,-0.00000000000000, 0.00742421693642, 1.42818092666649, 0.00000000000000, 1.43303989922455,14.70800707501080,    0.00000000000000,
  268,    2, 1.67187500000000, 0.00937500000000, 1.42860333249667, 0.00485897255807, 1.42374435993861, 0.00521457162207,-0.00000000000000, 0.00742421693642, 1.42818092666649, 0.00000000000000, 1.43303989922455,14.70800707501080,    0.00000000000000,
  268,    3, 1.67187500000000, 0.01562500000000, 1.42860333249667, 0.00485897255807, 1.42374435993861, 0.00521457162207,-0.00000000000000, 0.00742421693642, 1.42818092666649, 0.00000000000000, 1.43303989922455,14.70800707501080,    0.00000000000000,
  268,    4, 1.67187500000000, 0.02187500000000, 1.42860333249667, 0.00485897255807, 1.42374435993861, 0.00521457162207,-0.00000000000000, 0.00742421693642, 1.42818092666649, 0.00000000000000, 1.43303989922455,14.70800707501080,    0.00000000000000,
  268,    5, 1.67187500000000, 0.02812500000000, 1.42860333249667, 0.00485897255807, 1.42374435993861, 0.00521457162207,-0.00000000000000, 0.00742421693642, 1.42818092666649, 0.00000000000000, 1.43303989922455,14.70800707501080,    0.00000000000000,
  269,    1, 1.67812500000000, 0.00312500000000, 1.43529647705643, 0.00469155974260, 1.43060491731383, 0.00518365945483, 0.00000000000000, 0.00741576870575, 1.43502030701718, 0.00000000000000, 1.43971186675978,15.27657818693950,    0.00000000000000,
  269,    2, 1.67812500000000, 0.00937500000000, 1.43529647705643, 0.00469155974260, 1.43060491731383, 0.00518365945483, 0.00000000000000, 0.00741576870575, 1.43502030701718, 0.00000000000000, 1.43971186675978,15.27657818693950,    0.00000000000000,
  269,    3, 1.67812500000000, 0.01562500000000, 1.43529647705643, 0.00469155974260, 1.43060491731383, 0.00518365945483, 0.00000000000000, 0.00741576870575, 1.43502030701718, 0.00000000000000, 1.43971186675978,15.27657818693950,    0.00000000000000,
  269,    4, 1.67812500000000, 0.02187500000000, 1.43529647705643, 0.00469155974260, 1.43060491731383, 0.00518365945483, 0.00000000000000, 0.00741576870575, 1.43502030701718, 0.00000000000000, 1.43971186675978,15.27657818693950,    0.00000000000000,
  269,    5, 1.67812500000000, 0.02812500000000, 1.43529647705643, 0.00469155974260, 1.43060491731383, 0.00518365945483, 0.00000000000000, 0.00741576870575, 1.43502030701718, 0.00000000000000, 1.43971186675978,15.27657818693950,    0.00000000000000,
  270,    1, 1.68437500000000, 0.00312500000000, 1.44220993739863, 0.00452619343191, 1.43768374396672, 0.00515245401224, 0.00000000000000, 0.00740759937493, 1.44207749779439, 0.00000000000000, 1.44660369122631,15.84637352994774,    0.00000000000000,
  270,    2, 1.68437500000000, 0.00937500000000, 1.44220993739863, 0.00452619343191, 1.43768374396672, 0.00515245401224, 0.00000000000000, 0.00740759937493, 1.44207749779439, 0.00000000000000, 1.44660369122631,15.84637352994774,    0.00000000000000,
  270,    3, 1.68437500000000, 0.01562500000000, 1.44220993739863, 0.00452619343191, 1.43768374396672, 0.00515245401224, 0.00000000000000, 0.00740759937493, 1.44207749779439, 0.00000000000000, 1.44660369122631,15.84637352994774,    0.00000000000000,
  270,    4, 1.68437500000000, 0.02187500000000, 1.44220993739863, 0.00452619343191, 1.43768374396672, 0.00515245401224, 0.00000000000000, 0.00740759937493, 1.44207749779439, 0.00000000000000, 1.44660369122631,15.84637352994774,    0.00000000000000,
  270,    5, 1.68437500000000, 0.02812500000000, 1.44220993739863, 0.00452619343191, 1.43768374396672, 0.00515245401224, 0.00000000000000, 0.00740759937493, 1.44207749779439, 0.00000000000000, 1.44660369122631,15.84637352994774,    0.00000000000000,
  271,    1, 1.69062500000000, 0.00312500000000, 1.44934102791835, 0.00436293737785, 1.44497809054050, 0.00512098838989, 0.00000000000000, 0.00739971602530, 1.44934977831675, 0.00000000000000, 1.45371271569460,16.41730787342100,    0.00000000000000,
  271,    2, 1.69062500000000, 0.00937500000000, 1.44934102791835, 0.00436293737785, 1.44497809054050, 0.00512098838989, 0.00000000000000, 0.00739971602530, 1.44934977831675, 0.00000000000000, 1.45371271569460,16.41730787342100,    0.00000000000000,
  271,    3, 1.69062500000000, 0.01562500000000, 1.44934102791835, 0.00436293737785, 1.44497809054050, 0.00512098838989, 0.00000000000000, 0.00739971602530, 1.44934977831675, 0.00000000000000, 1.45371271569460,16.41730787342100,    0.00000000000000,
  271,    4, 1.69062500000000, 0.02187500000000, 1.44934102791835, 0.00436293737785, 1.44497809054050, 0.00512098838989, 0.00000000000000, 0.00739971602530, 1.44934977831675, 0.00000000000000, 1.45371271569460,16.41730787342100,    0.00000000000000,
  271,    5, 1.69062500000000, 0.02812500000000, 1.44934102791835, 0.00436293737785, 1.44497809054050, 0.00512098838989, 0.00000000000000, 0.00739971602530, 1.44934977831675, 0.00000000000000, 1.45371271569460,16.41730787342100,    0.00000000000000,
  272,    1, 1.69687500000000, 0.00312500000000, 1.45668697913982, 0.00420185451873, 1.45248512462108, 0.00508929504730, 0.00000000000000, 0.00739212535101, 1.45683434498167, 0.00000000000000, 1.46103619950041,16.98928443269291,    0.00000000000000,
  272,    2, 1.69687500000000, 0.00937500000000, 1.45668697913982, 0.00420185451873, 1.45248512462108, 0.00508929504730, 0.00000000000000, 0.00739212535101, 1.45683434498167, 0.00000000000000, 1.46103619950041,16.98928443269291,    0.00000000000000,
  272,    3, 1.69687500000000, 0.01562500000000, 1.45668697913982, 0.00420185451873, 1.45248512462108, 0.00508929504730, 0.00000000000000, 0.00739212535101, 1.45683434498167, 0.00000000000000, 1.46103619950041,16.98928443269291,    0.00000000000000,
  272,    4, 1.69687500000000, 0.02187500000000, 1.45668697913982, 0.00420185451873, 1.45248512462108, 0.00508929504730, 0.00000000000000, 0.00739212535101, 1.45683434498167, 0.00000000000000, 1.46103619950041,16.98928443269291,    0.00000000000000,
  272,    5, 1.69687500000000, 0.02812500000000, 1.45668697913982, 0.00420185451873, 1.45248512462108, 0.00508929504730, 0.00000000000000, 0.00739212535101, 1.45683434498167, 0.00000000000000, 1.46103619950041,16.98928443269291,    0.00000000000000,
  273,    1, 1.70312500000000, 0.00312500000000, 1.46424493884990, 0.00404300695508, 1.46020193189483, 0.00505740574633, 0.00000000000000, 0.00738483364117, 1.46452831234624, 0.00000000000000, 1.46857131930131,17.56219471620485,    0.00000000000000,
  273,    2, 1.70312500000000, 0.00937500000000, 1.46424493884990, 0.00404300695508, 1.46020193189483, 0.00505740574633, 0.00000000000000, 0.00738483364117, 1.46452831234624, 0.00000000000000, 1.46857131930131,17.56219471620485,    0.00000000000000,
  273,    3, 1.70312500000000, 0.01562500000000, 1.46424493884990, 0.00404300695508, 1.46020193189483, 0.00505740574633, 0.00000000000000, 0.00738483364117, 1.46452831234624, 0.00000000000000, 1.46857131930131,17.56219471620485,    0.00000000000000,
  273,    4, 1.70312500000000, 0.02187500000000, 1.46424493884990, 0.00404300695508, 1.46020193189483, 0.00505740574633, 0.00000000000000, 0.00738483364117, 1.46452831234624, 0.00000000000000, 1.46857131930131,17.56219471620485,    0.00000000000000,
  273,    5, 1.70312500000000, 0.02812500000000, 1.46424493884990, 0.00404300695508, 1.46020193189483, 0.00505740574633, 0.00000000000000, 0.00738483364117, 1.46452831234624, 0.00000000000000, 1.46857131930131,17.56219471620485,    0.00000000000000,
  274,    1, 1.70937500000000, 0.00312500000000, 1.47201197326248, 0.00388645592563, 1.46812551733684, 0.00502535149499,-0.00000000000000, 0.00737784676338, 1.47242871423956, 0.00000000000000, 1.47631517016519,18.13591839461069,    0.00000000000000,
  274,    2, 1.70937500000000, 0.00937500000000, 1.47201197326248, 0.00388645592563, 1.46812551733684, 0.00502535149499,-0.00000000000000, 0.00737784676338, 1.47242871423956, 0.00000000000000, 1.47631517016519,18.13591839461069,    0.00000000000000,
  274,    3, 1.70937500000000, 0.01562500000000, 1.47201197326248, 0.00388645592563, 1.46812551733684, 0.00502535149499,-0.00000000000000, 0.00737784676338, 1.47242871423956, 0.00000000000000, 1.47631517016519,18.13591839461069,    0.00000000000000,
  274,    4, 1.70937500000000, 0.02187500000000, 1.47201197326248, 0.00388645592563, 1.46812551733684, 0.00502535149499,-0.00000000000000, 0.00737784676338, 1.47242871423956, 0.00000000000000, 1.47631517016519,18.13591839461069,    0.00000000000000,
  274,    5, 1.70937500000000, 0.02812500000000, 1.47201197326248, 0.00388645592563, 1.46812551733684, 0.00502535149499,-0.00000000000000, 0.00737784676338, 1.47242871423956, 0.00000000000000, 1.47631517016519,18.13591839461069,    0.00000000000000,
  275,    1, 1.71562500000000, 0.00312500000000, 1.47998506821257, 0.00373226178381, 1.47625280642877, 0.00499316249621, 0.00000000000000, 0.00737117014799, 1.48053250490632, 0.00000000000000, 1.48426476669013,18.71032319214271,    0.00000000000000,
  275,    2, 1.71562500000000, 0.00937500000000, 1.47998506821257, 0.00373226178381, 1.47625280642877, 0.00499316249621, 0.00000000000000, 0.00737117014799, 1.48053250490632, 0.00000000000000, 1.48426476669013,18.71032319214271,    0.00000000000000,
  275,    3, 1.71562500000000, 0.01562500000000, 1.47998506821257, 0.00373226178381, 1.47625280642877, 0.00499316249621, 0.00000000000000, 0.00737117014799, 1.48053250490632, 0.00000000000000, 1.48426476669013,18.71032319214271,    0.00000000000000,
  275,    4, 1.71562500000000, 0.02187500000000, 1.47998506821257, 0.00373226178381, 1.47625280642877, 0.00499316249621, 0.00000000000000, 0.00737117014799, 1.48053250490632, 0.00000000000000, 1.48426476669013,18.71032319214271,    0.00000000000000,
  275,    5, 1.71562500000000, 0.02812500000000, 1.47998506821257, 0.00373226178381, 1.47625280642877, 0.00499316249621, 0.00000000000000, 0.00737117014799, 1.48053250490632, 0.00000000000000, 1.48426476669013,18.71032319214271,    0.00000000000000,
  276,    1, 1.72187500000000, 0.00312500000000, 1.48816113037972, 0.00358048397437, 1.48458064640535, 0.00496086810218,-0.00000000000000, 0.00736480877387, 1.48883656018096, 0.00000000000000, 1.49241704415533,19.28526480052063,    0.00000000000000,
  276,    2, 1.72187500000000, 0.00937500000000, 1.48816113037972, 0.00358048397437, 1.48458064640535, 0.00496086810218,-0.00000000000000, 0.00736480877387, 1.48883656018096, 0.00000000000000, 1.49241704415533,19.28526480052063,    0.00000000000000,
  276,    3, 1.72187500000000, 0.01562500000000, 1.48816113037972, 0.00358048397437, 1.48458064640535, 0.00496086810218,-0.00000000000000, 0.00736480877387, 1.48883656018096, 0.00000000000000, 1.49241704415533,19.28526480052063,    0.00000000000000,
  276,    4, 1.72187500000000, 0.02187500000000, 1.48816113037972, 0.00358048397437, 1.48458064640535, 0.00496086810218,-0.00000000000000, 0.00736480877387, 1.48883656018096, 0.00000000000000, 1.49241704415533,19.28526480052063,    0.00000000000000,
  276,    5, 1.72187500000000, 0.02812500000000, 1.48816113037972, 0.00358048397437, 1.48458064640535, 0.00496086810218,-0.00000000000000, 0.00736480877387, 1.48883656018096, 0.00000000000000, 1.49241704415533,19.28526480052063,    0.00000000000000,
  277,    1, 1.72812500000000, 0.00312500000000, 1.49653698853951, 0.00343118101057, 1.49310580752894, 0.00492849677365, 0.00000000000000, 0.00735876715512, 1.49733767869209, 0.00000000000000, 1.50076885970266,19.86058681564750,    0.00000000000000,
  277,    2, 1.72812500000000, 0.00937500000000, 1.49653698853951, 0.00343118101057, 1.49310580752894, 0.00492849677365, 0.00000000000000, 0.00735876715512, 1.49733767869209, 0.00000000000000, 1.50076885970266,19.86058681564750,    0.00000000000000,
  277,    3, 1.72812500000000, 0.01562500000000, 1.49653698853951, 0.00343118101057, 1.49310580752894, 0.00492849677365, 0.00000000000000, 0.00735876715512, 1.49733767869209, 0.00000000000000, 1.50076885970266,19.86058681564750,    0.00000000000000,
  277,    4, 1.72812500000000, 0.02187500000000, 1.49653698853951, 0.00343118101057, 1.49310580752894, 0.00492849677365, 0.00000000000000, 0.00735876715512, 1.49733767869209, 0.00000000000000, 1.50076885970266,19.86058681564750,    0.00000000000000,
  277,    5, 1.72812500000000, 0.02812500000000, 1.49653698853951, 0.00343118101057, 1.49310580752894, 0.00492849677365, 0.00000000000000, 0.00735876715512, 1.49733767869209, 0.00000000000000, 1.50076885970266,19.86058681564750,    0.00000000000000,
  278,    1, 1.73437500000000, 0.00312500000000, 1.50510939484245, 0.00328441045153, 1.50182498439092, 0.00489607604479, 0.00000000000000, 0.00735304932954, 1.50603258309669, 0.00000000000000, 1.50931699354822,20.43612069730046,    0.00000000000000,
  278,    2, 1.73437500000000, 0.00937500000000, 1.50510939484245, 0.00328441045153, 1.50182498439092, 0.00489607604479, 0.00000000000000, 0.00735304932954, 1.50603258309669, 0.00000000000000, 1.50931699354822,20.43612069730046,    0.00000000000000,
  278,    3, 1.73437500000000, 0.01562500000000, 1.50510939484245, 0.00328441045153, 1.50182498439092, 0.00489607604479, 0.00000000000000, 0.00735304932954, 1.50603258309669, 0.00000000000000, 1.50931699354822,20.43612069730046,    0.00000000000000,
  278,    4, 1.73437500000000, 0.02187500000000, 1.50510939484245, 0.00328441045153, 1.50182498439092, 0.00489607604479, 0.00000000000000, 0.00735304932954, 1.50603258309669, 0.00000000000000, 1.50931699354822,20.43612069730046,    0.00000000000000,
  278,    5, 1.73437500000000, 0.02812500000000, 1.50510939484245, 0.00328441045153, 1.50182498439092, 0.00489607604479, 0.00000000000000, 0.00735304932954, 1.50603258309669, 0.00000000000000, 1.50931699354822,20.43612069730046,    0.00000000000000,
  279,    1, 1.74062500000000, 0.00312500000000, 1.51387502611978, 0.00314022888010, 1.51073479723968, 0.00486363249291, 0.00000000000000, 0.00734765884803, 1.51491792134362, 0.00000000000000, 1.51805815022371,21.01168575198728,    0.00000000000000,
  279,    2, 1.74062500000000, 0.00937500000000, 1.51387502611978, 0.00314022888010, 1.51073479723968, 0.00486363249291, 0.00000000000000, 0.00734765884803, 1.51491792134362, 0.00000000000000, 1.51805815022371,21.01168575198728,    0.00000000000000,
  279,    3, 1.74062500000000, 0.01562500000000, 1.51387502611978, 0.00314022888010, 1.51073479723968, 0.00486363249291, 0.00000000000000, 0.00734765884803, 1.51491792134362, 0.00000000000000, 1.51805815022371,21.01168575198728,    0.00000000000000,
  279,    4, 1.74062500000000, 0.02187500000000, 1.51387502611978, 0.00314022888010, 1.51073479723968, 0.00486363249291, 0.00000000000000, 0.00734765884803, 1.51491792134362, 0.00000000000000, 1.51805815022371,21.01168575198728,    0.00000000000000,
  279,    5, 1.74062500000000, 0.02812500000000, 1.51387502611978, 0.00314022888010, 1.51073479723968, 0.00486363249291, 0.00000000000000, 0.00734765884803, 1.51491792134362, 0.00000000000000, 1.51805815022371,21.01168575198728,    0.00000000000000,
  280,    1, 1.74687500000000, 0.00312500000000, 1.52283048521486, 0.00299869188101, 1.51983179333385, 0.00483119171360, 0.00000000000000, 0.00734259876602, 1.52399026796582, 0.00000000000000, 1.52698895984684,21.58708913910164,    0.00000000000000,
  280,    2, 1.74687500000000, 0.00937500000000, 1.52283048521486, 0.00299869188101, 1.51983179333385, 0.00483119171360, 0.00000000000000, 0.00734259876602, 1.52399026796582, 0.00000000000000, 1.52698895984684,21.58708913910164,    0.00000000000000,
  280,    3, 1.74687500000000, 0.01562500000000, 1.52283048521486, 0.00299869188101, 1.51983179333385, 0.00483119171360, 0.00000000000000, 0.00734259876602, 1.52399026796582, 0.00000000000000, 1.52698895984684,21.58708913910164,    0.00000000000000,
  280,    4, 1.74687500000000, 0.02187500000000, 1.52283048521486, 0.00299869188101, 1.51983179333385, 0.00483119171360, 0.00000000000000, 0.00734259876602, 1.52399026796582, 0.00000000000000, 1.52698895984684,21.58708913910164,    0.00000000000000,
  280,    5, 1.74687500000000, 0.02812500000000, 1.52283048521486, 0.00299869188101, 1.51983179333385, 0.00483119171360, 0.00000000000000, 0.00734259876602, 1.52399026796582, 0.00000000000000, 1.52698895984684,21.58708913910164,    0.00000000000000,
  281,    1, 1.75312500000000, 0.00312500000000, 1.53197230234000, 0.00285985401949, 1.52911244832051, 0.00479877830040, 0.00000000000000, 0.00733787163588, 1.53324612540098, 0.00000000000000, 1.53610597942047,22.16212590047284,    0.00000000000000,
  281,    2, 1.75312500000000, 0.00937500000000, 1.53197230234000, 0.00285985401949, 1.52911244832051, 0.00479877830040, 0.00000000000000, 0.00733787163588, 1.53324612540098, 0.00000000000000, 1.53610597942047,22.16212590047284,    0.00000000000000,
  281,    3, 1.75312500000000, 0.01562500000000, 1.53197230234000, 0.00285985401949, 1.52911244832051, 0.00479877830040, 0.00000000000000, 0.00733787163588, 1.53324612540098, 0.00000000000000, 1.53610597942047,22.16212590047284,    0.00000000000000,
  281,    4, 1.75312500000000, 0.02187500000000, 1.53197230234000, 0.00285985401949, 1.52911244832051, 0.00479877830040, 0.00000000000000, 0.00733787163588, 1.53324612540098, 0.00000000000000, 1.53610597942047,22.16212590047284,    0.00000000000000,
  281,    5, 1.75312500000000, 0.02812500000000, 1.53197230234000, 0.00285985401949, 1.52911244832051, 0.00479877830040, 0.00000000000000, 0.00733787163588, 1.53324612540098, 0.00000000000000, 1.53610597942047,22.16212590047284,    0.00000000000000,
  282,    1, 1.75937500000000, 0.00312500000000, 1.54129693645752, 0.00272376882015, 1.53857316763736, 0.00476641582972, 0.00000000000000, 0.00733347950141, 1.54268192533987, 0.00000000000000, 1.54540569416003,22.73657901336751,    0.00000000000000,
  282,    2, 1.75937500000000, 0.00937500000000, 1.54129693645752, 0.00272376882015, 1.53857316763736, 0.00476641582972, 0.00000000000000, 0.00733347950141, 1.54268192533987, 0.00000000000000, 1.54540569416003,22.73657901336751,    0.00000000000000,
  282,    3, 1.75937500000000, 0.01562500000000, 1.54129693645752, 0.00272376882015, 1.53857316763736, 0.00476641582972, 0.00000000000000, 0.00733347950141, 1.54268192533987, 0.00000000000000, 1.54540569416003,22.73657901336751,    0.00000000000000,
  282,    4, 1.75937500000000, 0.02187500000000, 1.54129693645752, 0.00272376882015, 1.53857316763736, 0.00476641582972, 0.00000000000000, 0.00733347950141, 1.54268192533987, 0.00000000000000, 1.54540569416003,22.73657901336751,    0.00000000000000,
  282,    5, 1.75937500000000, 0.02812500000000, 1.54129693645752, 0.00272376882015, 1.53857316763736, 0.00476641582972, 0.00000000000000, 0.00733347950141, 1.54268192533987, 0.00000000000000, 1.54540569416003,22.73657901336751,    0.00000000000000,
  283,    1, 1.76562500000000, 0.00312500000000, 1.55080077668477, 0.00259048874645, 1.54821028793832, 0.00473412684988, 0.00000000000000, 0.00732942389340, 1.55229403010199, 0.00000000000000, 1.55488451884844,23.31021946696309,    0.00000000000000,
  283,    2, 1.76562500000000, 0.00937500000000, 1.55080077668477, 0.00259048874645, 1.54821028793832, 0.00473412684988, 0.00000000000000, 0.00732942389340, 1.55229403010199, 0.00000000000000, 1.55488451884844,23.31021946696309,    0.00000000000000,
  283,    3, 1.76562500000000, 0.01562500000000, 1.55080077668477, 0.00259048874645, 1.54821028793832, 0.00473412684988, 0.00000000000000, 0.00732942389340, 1.55229403010199, 0.00000000000000, 1.55488451884844,23.31021946696309,    0.00000000000000,
  283,    4, 1.76562500000000, 0.02187500000000, 1.55080077668477, 0.00259048874645, 1.54821028793832, 0.00473412684988, 0.00000000000000, 0.00732942389340, 1.55229403010199, 0.00000000000000, 1.55488451884844,23.31021946696309,    0.00000000000000,
  283,    5, 1.76562500000000, 0.02812500000000, 1.55080077668477, 0.00259048874645, 1.54821028793832, 0.00473412684988, 0.00000000000000, 0.00732942389340, 1.55229403010199, 0.00000000000000, 1.55488451884844,23.31021946696309,    0.00000000000000,
  284,    1, 1.77187500000000, 0.00312500000000, 1.56048014372226, 0.00246006518038, 1.55802007854187, 0.00470193287503,-0.00000000000000, 0.00732570582726, 1.56207873403797, 0.00000000000000, 1.56453879921835,23.88280636227472,    0.00000000000000,
  284,    2, 1.77187500000000, 0.00937500000000, 1.56048014372226, 0.00246006518038, 1.55802007854187, 0.00470193287503,-0.00000000000000, 0.00732570582726, 1.56207873403797, 0.00000000000000, 1.56453879921835,23.88280636227472,    0.00000000000000,
  284,    3, 1.77187500000000, 0.01562500000000, 1.56048014372226, 0.00246006518038, 1.55802007854187, 0.00470193287503,-0.00000000000000, 0.00732570582726, 1.56207873403797, 0.00000000000000, 1.56453879921835,23.88280636227472,    0.00000000000000,
  284,    4, 1.77187500000000, 0.02187500000000, 1.56048014372226, 0.00246006518038, 1.55802007854187, 0.00470193287503,-0.00000000000000, 0.00732570582726, 1.56207873403797, 0.00000000000000, 1.56453879921835,23.88280636227472,    0.00000000000000,
  284,    5, 1.77187500000000, 0.02812500000000, 1.56048014372226, 0.00246006518038, 1.55802007854187, 0.00470193287503,-0.00000000000000, 0.00732570582726, 1.56207873403797, 0.00000000000000, 1.56453879921835,23.88280636227472,    0.00000000000000,
  285,    1, 1.77812500000000, 0.00312500000000, 1.57033129130417, 0.00233254840271, 1.56799874290146, 0.00466985438281,-0.00000000000000, 0.00732232580177, 1.57203226495820, 0.00000000000000, 1.57436481336091,24.45408703547890,    0.00000000000000,
  285,    2, 1.77812500000000, 0.00937500000000, 1.57033129130417, 0.00233254840271, 1.56799874290146, 0.00466985438281,-0.00000000000000, 0.00732232580177, 1.57203226495820, 0.00000000000000, 1.57436481336091,24.45408703547890,    0.00000000000000,
  285,    3, 1.77812500000000, 0.01562500000000, 1.57033129130417, 0.00233254840271, 1.56799874290146, 0.00466985438281,-0.00000000000000, 0.00732232580177, 1.57203226495820, 0.00000000000000, 1.57436481336091,24.45408703547890,    0.00000000000000,
  285,    4, 1.77812500000000, 0.02187500000000, 1.57033129130417, 0.00233254840271, 1.56799874290146, 0.00466985438281,-0.00000000000000, 0.00732232580177, 1.57203226495820, 0.00000000000000, 1.57436481336091,24.45408703547890,    0.00000000000000,
  285,    5, 1.77812500000000, 0.02812500000000, 1.57033129130417, 0.00233254840271, 1.56799874290146, 0.00466985438281,-0.00000000000000, 0.00732232580177, 1.57203226495820, 0.00000000000000, 1.57436481336091,24.45408703547890,    0.00000000000000,
  286,    1, 1.78437500000000, 0.00312500000000, 1.58035040767106, 0.00220798757359, 1.57814242009746, 0.00463791081636, 0.00000000000000, 0.00731928379993, 1.58215078558702, 0.00000000000000, 1.58435877316062,25.02379720453945,    0.00000000000000,
  286,    2, 1.78437500000000, 0.00937500000000, 1.58035040767106, 0.00220798757359, 1.57814242009746, 0.00463791081636, 0.00000000000000, 0.00731928379993, 1.58215078558702, 0.00000000000000, 1.58435877316062,25.02379720453945,    0.00000000000000,
  286,    3, 1.78437500000000, 0.01562500000000, 1.58035040767106, 0.00220798757359, 1.57814242009746, 0.00463791081636, 0.00000000000000, 0.00731928379993, 1.58215078558702, 0.00000000000000, 1.58435877316062,25.02379720453945,    0.00000000000000,
  286,    4, 1.78437500000000, 0.02187500000000, 1.58035040767106, 0.00220798757359, 1.57814242009746, 0.00463791081636, 0.00000000000000, 0.00731928379993, 1.58215078558702, 0.00000000000000, 1.58435877316062,25.02379720453945,    0.00000000000000,
  286,    5, 1.78437500000000, 0.02812500000000, 1.58035040767106, 0.00220798757359, 1.57814242009746, 0.00463791081636, 0.00000000000000, 0.00731928379993, 1.58215078558702, 0.00000000000000, 1.58435877316062,25.02379720453945,    0.00000000000000,
  287,    1, 1.79062500000000, 0.00312500000000, 1.59053361706364, 0.00208643071359, 1.58844718635005, 0.00460612058972,-0.00000000000000, 0.00731657929073, 1.59243039504212, 0.00000000000000, 1.59451682575572,25.59166113900383,    0.00000000000000,
  287,    2, 1.79062500000000, 0.00937500000000, 1.59053361706364, 0.00208643071359, 1.58844718635005, 0.00460612058972,-0.00000000000000, 0.00731657929073, 1.59243039504212, 0.00000000000000, 1.59451682575572,25.59166113900383,    0.00000000000000,
  287,    3, 1.79062500000000, 0.01562500000000, 1.59053361706364, 0.00208643071359, 1.58844718635005, 0.00460612058972,-0.00000000000000, 0.00731657929073, 1.59243039504212, 0.00000000000000, 1.59451682575572,25.59166113900383,    0.00000000000000,
  287,    4, 1.79062500000000, 0.02187500000000, 1.59053361706364, 0.00208643071359, 1.58844718635005, 0.00460612058972,-0.00000000000000, 0.00731657929073, 1.59243039504212, 0.00000000000000, 1.59451682575572,25.59166113900383,    0.00000000000000,
  287,    5, 1.79062500000000, 0.02812500000000, 1.59053361706364, 0.00208643071359, 1.58844718635005, 0.00460612058972,-0.00000000000000, 0.00731657929073, 1.59243039504212, 0.00000000000000, 1.59451682575572,25.59166113900383,    0.00000000000000,
  288,    1, 1.79687500000000, 0.00312500000000, 1.60087698123764, 0.00196792468519, 1.59890905655245, 0.00457450109699,-0.00000000000000, 0.00731421123319, 1.60286713033838, 0.00000000000000, 1.60483505502357,26.15739185279872,    0.00000000000000,
  288,    2, 1.79687500000000, 0.00937500000000, 1.60087698123764, 0.00196792468519, 1.59890905655245, 0.00457450109699,-0.00000000000000, 0.00731421123319, 1.60286713033838, 0.00000000000000, 1.60483505502357,26.15739185279872,    0.00000000000000,
  288,    3, 1.79687500000000, 0.01562500000000, 1.60087698123764, 0.00196792468519, 1.59890905655245, 0.00457450109699,-0.00000000000000, 0.00731421123319, 1.60286713033838, 0.00000000000000, 1.60483505502357,26.15739185279872,    0.00000000000000,
  288,    4, 1.79687500000000, 0.02187500000000, 1.60087698123764, 0.00196792468519, 1.59890905655245, 0.00457450109699,-0.00000000000000, 0.00731421123319, 1.60286713033838, 0.00000000000000, 1.60483505502357,26.15739185279872,    0.00000000000000,
  288,    5, 1.79687500000000, 0.02812500000000, 1.60087698123764, 0.00196792468519, 1.59890905655245, 0.00457450109699,-0.00000000000000, 0.00731421123319, 1.60286713033838, 0.00000000000000, 1.60483505502357,26.15739185279872,    0.00000000000000,
  289,    1, 1.80312500000000, 0.00312500000000, 1.61137650099876, 0.00185251517473, 1.60952398582404, 0.00454306872439,-0.00000000000000, 0.00731217808115, 1.61345696791566, 0.00000000000000, 1.61530948309038,26.72069131981803,    0.00000000000000,
  289,    2, 1.80312500000000, 0.00937500000000, 1.61137650099876, 0.00185251517473, 1.60952398582404, 0.00454306872439,-0.00000000000000, 0.00731217808115, 1.61345696791566, 0.00000000000000, 1.61530948309038,26.72069131981803,    0.00000000000000,
  289,    3, 1.80312500000000, 0.01562500000000, 1.61137650099876, 0.00185251517473, 1.60952398582404, 0.00454306872439,-0.00000000000000, 0.00731217808115, 1.61345696791566, 0.00000000000000, 1.61530948309038,26.72069131981803,    0.00000000000000,
  289,    4, 1.80312500000000, 0.02187500000000, 1.61137650099876, 0.00185251517473, 1.60952398582404, 0.00454306872439,-0.00000000000000, 0.00731217808115, 1.61345696791566, 0.00000000000000, 1.61530948309038,26.72069131981803,    0.00000000000000,
  289,    5, 1.80312500000000, 0.02812500000000, 1.61137650099876, 0.00185251517473, 1.60952398582404, 0.00454306872439,-0.00000000000000, 0.00731217808115, 1.61345696791566, 0.00000000000000, 1.61530948309038,26.72069131981803,    0.00000000000000,
  290,    1, 1.80937500000000, 0.00312500000000, 1.62202811775752, 0.00174024667475, 1.62028787108277, 0.00451183886560,-0.00000000000000, 0.00731047779021, 1.62419582518999, 0.00000000000000, 1.62593607186474,27.28125071205793,    0.00000000000000,
  290,    2, 1.80937500000000, 0.00937500000000, 1.62202811775752, 0.00174024667475, 1.62028787108277, 0.00451183886560,-0.00000000000000, 0.00731047779021, 1.62419582518999, 0.00000000000000, 1.62593607186474,27.28125071205793,    0.00000000000000,
  290,    3, 1.80937500000000, 0.01562500000000, 1.62202811775752, 0.00174024667475, 1.62028787108277, 0.00451183886560,-0.00000000000000, 0.00731047779021, 1.62419582518999, 0.00000000000000, 1.62593607186474,27.28125071205793,    0.00000000000000,
  290,    4, 1.80937500000000, 0.02187500000000, 1.62202811775752, 0.00174024667475, 1.62028787108277, 0.00451183886560,-0.00000000000000, 0.00731047779021, 1.62419582518999, 0.00000000000000, 1.62593607186474,27.28125071205793,    0.00000000000000,
  290,    5, 1.80937500000000, 0.02812500000000, 1.62202811775752, 0.00174024667475, 1.62028787108277, 0.00451183886560,-0.00000000000000, 0.00731047779021, 1.62419582518999, 0.00000000000000, 1.62593607186474,27.28125071205793,    0.00000000000000,
  291,    1, 1.81562500000000, 0.00312500000000, 1.63282771510341, 0.00163116246692, 1.63119655263649, 0.00448082593949, 0.00000000000000, 0.00730910782546, 1.63507956212747, 0.00000000000000, 1.63671072459438,27.83875066001725,    0.00000000000000,
  291,    2, 1.81562500000000, 0.00937500000000, 1.63282771510341, 0.00163116246692, 1.63119655263649, 0.00448082593949, 0.00000000000000, 0.00730910782546, 1.63507956212747, 0.00000000000000, 1.63671072459438,27.83875066001725,    0.00000000000000,
  291,    3, 1.81562500000000, 0.01562500000000, 1.63282771510341, 0.00163116246692, 1.63119655263649, 0.00448082593949, 0.00000000000000, 0.00730910782546, 1.63507956212747, 0.00000000000000, 1.63671072459438,27.83875066001725,    0.00000000000000,
  291,    4, 1.81562500000000, 0.02187500000000, 1.63282771510341, 0.00163116246692, 1.63119655263649, 0.00448082593949, 0.00000000000000, 0.00730910782546, 1.63507956212747, 0.00000000000000, 1.63671072459438,27.83875066001725,    0.00000000000000,
  291,    5, 1.81562500000000, 0.02812500000000, 1.63282771510341, 0.00163116246692, 1.63119655263649, 0.00448082593949, 0.00000000000000, 0.00730910782546, 1.63507956212747, 0.00000000000000, 1.63671072459438,27.83875066001725,    0.00000000000000,
  292,    1, 1.82187500000000, 0.00312500000000, 1.64377112039777, 0.00152530460526, 1.64224581579251, 0.00445004341061, 0.00000000000000, 0.00730806517116, 1.64610398284033, 0.00000000000000, 1.64762928744559,28.39286153504495,    0.00000000000000,
  292,    2, 1.82187500000000, 0.00937500000000, 1.64377112039777, 0.00152530460526, 1.64224581579251, 0.00445004341061, 0.00000000000000, 0.00730806517116, 1.64610398284033, 0.00000000000000, 1.64762928744559,28.39286153504495,    0.00000000000000,
  292,    3, 1.82187500000000, 0.01562500000000, 1.64377112039777, 0.00152530460526, 1.64224581579251, 0.00445004341061, 0.00000000000000, 0.00730806517116, 1.64610398284033, 0.00000000000000, 1.64762928744559,28.39286153504495,    0.00000000000000,
  292,    4, 1.82187500000000, 0.02187500000000, 1.64377112039777, 0.00152530460526, 1.64224581579251, 0.00445004341061, 0.00000000000000, 0.00730806517116, 1.64610398284033, 0.00000000000000, 1.64762928744559,28.39286153504495,    0.00000000000000,
  292,    5, 1.82187500000000, 0.02812500000000, 1.64377112039777, 0.00152530460526, 1.64224581579251, 0.00445004341061, 0.00000000000000, 0.00730806517116, 1.64610398284033, 0.00000000000000, 1.64762928744559,28.39286153504495,    0.00000000000000,
  293,    1, 1.82812500000000, 0.00312500000000, 1.65485410638512, 0.00142271390000, 1.65343139248512, 0.00441950381151,-0.00000000000000, 0.00730734634116, 1.65726483720452, 0.00000000000000, 1.65868755110452,28.94324375327980,    0.00000000000000,
  293,    2, 1.82812500000000, 0.00937500000000, 1.65485410638512, 0.00142271390000, 1.65343139248512, 0.00441950381151,-0.00000000000000, 0.00730734634116, 1.65726483720452, 0.00000000000000, 1.65868755110452,28.94324375327980,    0.00000000000000,
  293,    3, 1.82812500000000, 0.01562500000000, 1.65485410638512, 0.00142271390000, 1.65343139248512, 0.00441950381151,-0.00000000000000, 0.00730734634116, 1.65726483720452, 0.00000000000000, 1.65868755110452,28.94324375327980,    0.00000000000000,
  293,    4, 1.82812500000000, 0.02187500000000, 1.65485410638512, 0.00142271390000, 1.65343139248512, 0.00441950381151,-0.00000000000000, 0.00730734634116, 1.65726483720452, 0.00000000000000, 1.65868755110452,28.94324375327980,    0.00000000000000,
  293,    5, 1.82812500000000, 0.02812500000000, 1.65485410638512, 0.00142271390000, 1.65343139248512, 0.00441950381151,-0.00000000000000, 0.00730734634116, 1.65726483720452, 0.00000000000000, 1.65868755110452,28.94324375327980,    0.00000000000000,
  294,    1, 1.83437500000000, 0.00312500000000, 1.66607239282228, 0.00132342990180, 1.66474896292047, 0.00438921876741,-0.00000000000000, 0.00730694739108, 1.66855782249823, 0.00000000000000, 1.66988125240004,29.48954810079353,    0.00000000000000,
  294,    2, 1.83437500000000, 0.00937500000000, 1.66607239282228, 0.00132342990180, 1.66474896292047, 0.00438921876741,-0.00000000000000, 0.00730694739108, 1.66855782249823, 0.00000000000000, 1.66988125240004,29.48954810079353,    0.00000000000000,
  294,    3, 1.83437500000000, 0.01562500000000, 1.66607239282228, 0.00132342990180, 1.66474896292047, 0.00438921876741,-0.00000000000000, 0.00730694739108, 1.66855782249823, 0.00000000000000, 1.66988125240004,29.48954810079353,    0.00000000000000,
  294,    4, 1.83437500000000, 0.02187500000000, 1.66607239282228, 0.00132342990180, 1.66474896292047, 0.00438921876741,-0.00000000000000, 0.00730694739108, 1.66855782249823, 0.00000000000000, 1.66988125240004,29.48954810079353,    0.00000000000000,
  294,    5, 1.83437500000000, 0.02812500000000, 1.66607239282228, 0.00132342990180, 1.66474896292047, 0.00438921876741,-0.00000000000000, 0.00730694739108, 1.66855782249823, 0.00000000000000, 1.66988125240004,29.48954810079353,    0.00000000000000,
  295,    1, 1.84062500000000, 0.00312500000000, 1.67742164812497, 0.00122749088655, 1.67619415723842, 0.00435919902216,-0.00000000000000, 0.00730686393119, 1.67997858506066, 0.00000000000000, 1.68120607594721,30.03141607951119,    0.00000000000000,
  295,    2, 1.84062500000000, 0.00937500000000, 1.67742164812497, 0.00122749088655, 1.67619415723842, 0.00435919902216,-0.00000000000000, 0.00730686393119, 1.67997858506066, 0.00000000000000, 1.68120607594721,30.03141607951119,    0.00000000000000,
  295,    3, 1.84062500000000, 0.01562500000000, 1.67742164812497, 0.00122749088655, 1.67619415723842, 0.00435919902216,-0.00000000000000, 0.00730686393119, 1.67997858506066, 0.00000000000000, 1.68120607594721,30.03141607951119,    0.00000000000000,
  295,    4, 1.84062500000000, 0.02187500000000, 1.67742164812497, 0.00122749088655, 1.67619415723842, 0.00435919902216,-0.00000000000000, 0.00730686393119, 1.67997858506066, 0.00000000000000, 1.68120607594721,30.03141607951119,    0.00000000000000,
  295,    5, 1.84062500000000, 0.02812500000000, 1.67742164812497, 0.00122749088655, 1.67619415723842, 0.00435919902216,-0.00000000000000, 0.00730686393119, 1.67997858506066, 0.00000000000000, 1.68120607594721,30.03141607951119,    0.00000000000000,
  296,    1, 1.84687500000000, 0.00312500000000, 1.68889749103133, 0.00113493384055, 1.68776255719078, 0.00432945446607,-0.00000000000000, 0.00730709114089, 1.69152272197043, 0.00000000000000, 1.69265765581099,30.56848027345063,    0.00000000000000,
  296,    2, 1.84687500000000, 0.00937500000000, 1.68889749103133, 0.00113493384055, 1.68776255719078, 0.00432945446607,-0.00000000000000, 0.00730709114089, 1.69152272197043, 0.00000000000000, 1.69265765581099,30.56848027345063,    0.00000000000000,
  296,    3, 1.84687500000000, 0.01562500000000, 1.68889749103133, 0.00113493384055, 1.68776255719078, 0.00432945446607,-0.00000000000000, 0.00730709114089, 1.69152272197043, 0.00000000000000, 1.69265765581099,30.56848027345063,    0.00000000000000,
  296,    4, 1.84687500000000, 0.02187500000000, 1.68889749103133, 0.00113493384055, 1.68776255719078, 0.00432945446607,-0.00000000000000, 0.00730709114089, 1.69152272197043, 0.00000000000000, 1.69265765581099,30.56848027345063,    0.00000000000000,
  296,    5, 1.84687500000000, 0.02812500000000, 1.68889749103133, 0.00113493384055, 1.68776255719078, 0.00432945446607,-0.00000000000000, 0.00730709114089, 1.69152272197043, 0.00000000000000, 1.69265765581099,30.56848027345063,    0.00000000000000,
  297,    1, 1.85312500000000, 0.00312500000000, 1.70049549228192, 0.00104579444631, 1.69944969783561, 0.00429999416461,-0.00000000000000, 0.00730762378375, 1.70318578274302, 0.00000000000000, 1.70423157718933,31.10036473478793,    0.00000000000000,
  297,    2, 1.85312500000000, 0.00937500000000, 1.70049549228192, 0.00104579444631, 1.69944969783561, 0.00429999416461,-0.00000000000000, 0.00730762378375, 1.70318578274302, 0.00000000000000, 1.70423157718933,31.10036473478793,    0.00000000000000,
  297,    3, 1.85312500000000, 0.01562500000000, 1.70049549228192, 0.00104579444631, 1.69944969783561, 0.00429999416461,-0.00000000000000, 0.00730762378375, 1.70318578274302, 0.00000000000000, 1.70423157718933,31.10036473478793,    0.00000000000000,
  297,    4, 1.85312500000000, 0.02187500000000, 1.70049549228192, 0.00104579444631, 1.69944969783561, 0.00429999416461,-0.00000000000000, 0.00730762378375, 1.70318578274302, 0.00000000000000, 1.70423157718933,31.10036473478793,    0.00000000000000,
  297,    5, 1.85312500000000, 0.02812500000000, 1.70049549228192, 0.00104579444631, 1.69944969783561, 0.00429999416461,-0.00000000000000, 0.00730762378375, 1.70318578274302, 0.00000000000000, 1.70423157718933,31.10036473478793,    0.00000000000000,
  298,    1, 1.85937500000000, 0.00312500000000, 1.71221117631581, 0.00096010706877, 1.71125106924704, 0.00427082638854, 0.00000000000000, 0.00730845622395, 1.71496327104648, 0.00000000000000, 1.71592337811524,31.62668538922290,    0.00000000000000,
  298,    2, 1.85937500000000, 0.00937500000000, 1.71221117631581, 0.00096010706877, 1.71125106924704, 0.00427082638854, 0.00000000000000, 0.00730845622395, 1.71496327104648, 0.00000000000000, 1.71592337811524,31.62668538922290,    0.00000000000000,
  298,    3, 1.85937500000000, 0.01562500000000, 1.71221117631581, 0.00096010706877, 1.71125106924704, 0.00427082638854, 0.00000000000000, 0.00730845622395, 1.71496327104648, 0.00000000000000, 1.71592337811524,31.62668538922290,    0.00000000000000,
  298,    4, 1.85937500000000, 0.02187500000000, 1.71221117631581, 0.00096010706877, 1.71125106924704, 0.00427082638854, 0.00000000000000, 0.00730845622395, 1.71496327104648, 0.00000000000000, 1.71592337811524,31.62668538922290,    0.00000000000000,
  298,    5, 1.85937500000000, 0.02812500000000, 1.71221117631581, 0.00096010706877, 1.71125106924704, 0.00427082638854, 0.00000000000000, 0.00730845622395, 1.71496327104648, 0.00000000000000, 1.71592337811524,31.62668538922290,    0.00000000000000,
  299,    1, 1.86562500000000, 0.00312500000000, 1.72404002298218, 0.00087790474203, 1.72316211824015, 0.00424195864445, 0.00000000000000, 0.00730958244326, 1.72685064643487, 0.00000000000000, 1.72772855117690,32.14705046008724,    0.00000000000000,
  299,    2, 1.86562500000000, 0.00937500000000, 1.72404002298218, 0.00087790474203, 1.72316211824015, 0.00424195864445, 0.00000000000000, 0.00730958244326, 1.72685064643487, 0.00000000000000, 1.72772855117690,32.14705046008724,    0.00000000000000,
  299,    3, 1.86562500000000, 0.01562500000000, 1.72404002298218, 0.00087790474203, 1.72316211824015, 0.00424195864445, 0.00000000000000, 0.00730958244326, 1.72685064643487, 0.00000000000000, 1.72772855117690,32.14705046008724,    0.00000000000000,
  299,    4, 1.86562500000000, 0.02187500000000, 1.72404002298218, 0.00087790474203, 1.72316211824015, 0.00424195864445, 0.00000000000000, 0.00730958244326, 1.72685064643487, 0.00000000000000, 1.72772855117690,32.14705046008724,    0.00000000000000,
  299,    5, 1.86562500000000, 0.02812500000000, 1.72404002298218, 0.00087790474203, 1.72316211824015, 0.00424195864445, 0.00000000000000, 0.00730958244326, 1.72685064643487, 0.00000000000000, 1.72772855117690,32.14705046008724,    0.00000000000000,
  300,    1, 1.87187500000000, 0.00312500000000, 1.73597746926697, 0.00079921915665, 1.73517825011031, 0.00421339770637, 0.00000000000000, 0.00731099605916, 1.73884332609870, 0.00000000000000, 1.73964254525535,32.66106091060552,    0.00000000000000,
  300,    2, 1.87187500000000, 0.00937500000000, 1.73597746926697, 0.00079921915665, 1.73517825011031, 0.00421339770637, 0.00000000000000, 0.00731099605916, 1.73884332609870, 0.00000000000000, 1.73964254525535,32.66106091060552,    0.00000000000000,
  300,    3, 1.87187500000000, 0.01562500000000, 1.73597746926697, 0.00079921915665, 1.73517825011031, 0.00421339770637, 0.00000000000000, 0.00731099605916, 1.73884332609870, 0.00000000000000, 1.73964254525535,32.66106091060552,    0.00000000000000,
  300,    4, 1.87187500000000, 0.02187500000000, 1.73597746926697, 0.00079921915665, 1.73517825011031, 0.00421339770637, 0.00000000000000, 0.00731099605916, 1.73884332609870, 0.00000000000000, 1.73964254525535,32.66106091060552,    0.00000000000000,
  300,    5, 1.87187500000000, 0.02812500000000, 1.73597746926697, 0.00079921915665, 1.73517825011031, 0.00421339770637, 0.00000000000000, 0.00731099605916, 1.73884332609870, 0.00000000000000, 1.73964254525535,32.66106091060552,    0.00000000000000,
  301,    1, 1.87812500000000, 0.00312500000000, 1.74801891103428, 0.00072408064744, 1.74729483038684, 0.00418514964745, 0.00000000000000, 0.00731269034339, 1.75093668663166, 0.00000000000000, 1.75166076727910,33.16831090369052,    0.00000000000000,
  301,    2, 1.87812500000000, 0.00937500000000, 1.74801891103428, 0.00072408064744, 1.74729483038684, 0.00418514964745, 0.00000000000000, 0.00731269034339, 1.75093668663166, 0.00000000000000, 1.75166076727910,33.16831090369052,    0.00000000000000,
  301,    3, 1.87812500000000, 0.01562500000000, 1.74801891103428, 0.00072408064744, 1.74729483038684, 0.00418514964745, 0.00000000000000, 0.00731269034339, 1.75093668663166, 0.00000000000000, 1.75166076727910,33.16831090369052,    0.00000000000000,
  301,    4, 1.87812500000000, 0.02187500000000, 1.74801891103428, 0.00072408064744, 1.74729483038684, 0.00418514964745, 0.00000000000000, 0.00731269034339, 1.75093668663166, 0.00000000000000, 1.75166076727910,33.16831090369052,    0.00000000000000,
  301,    5, 1.87812500000000, 0.02812500000000, 1.74801891103428, 0.00072408064744, 1.74729483038684, 0.00418514964745, 0.00000000000000, 0.00731269034339, 1.75093668663166, 0.00000000000000, 1.75166076727910,33.16831090369052,    0.00000000000000,
  302,    1, 1.88437500000000, 0.00312500000000, 1.76015970478174, 0.00065251818172, 1.75950718660002, 0.00415721987225, 0.00000000000000, 0.00731465824150, 1.76312606581306, 0.00000000000000, 1.76377858399477,33.66838827862272,    0.00000000000000,
  302,    2, 1.88437500000000, 0.00937500000000, 1.76015970478174, 0.00065251818172, 1.75950718660002, 0.00415721987225, 0.00000000000000, 0.00731465824150, 1.76312606581306, 0.00000000000000, 1.76377858399477,33.66838827862272,    0.00000000000000,
  302,    3, 1.88437500000000, 0.01562500000000, 1.76015970478174, 0.00065251818172, 1.75950718660002, 0.00415721987225, 0.00000000000000, 0.00731465824150, 1.76312606581306, 0.00000000000000, 1.76377858399477,33.66838827862272,    0.00000000000000,
  302,    4, 1.88437500000000, 0.02187500000000, 1.76015970478174, 0.00065251818172, 1.75950718660002, 0.00415721987225, 0.00000000000000, 0.00731465824150, 1.76312606581306, 0.00000000000000, 1.76377858399477,33.66838827862272,    0.00000000000000,
  302,    5, 1.88437500000000, 0.02812500000000, 1.76015970478174, 0.00065251818172, 1.75950718660002, 0.00415721987225, 0.00000000000000, 0.00731465824150, 1.76312606581306, 0.00000000000000, 1.76377858399477,33.66838827862272,    0.00000000000000,
  303,    1, 1.89062500000000, 0.00312500000000, 1.77239516940950, 0.00058455934817, 1.77181061006133, 0.00412961314888, 0.00000000000000, 0.00731689239264, 1.77540676440519, 0.00000000000000, 1.77599132375336,34.16087504393716,    0.00000000000000,
  303,    2, 1.89062500000000, 0.00937500000000, 1.77239516940950, 0.00058455934817, 1.77181061006133, 0.00412961314888, 0.00000000000000, 0.00731689239264, 1.77540676440519, 0.00000000000000, 1.77599132375336,34.16087504393716,    0.00000000000000,
  303,    3, 1.89062500000000, 0.01562500000000, 1.77239516940950, 0.00058455934817, 1.77181061006133, 0.00412961314888, 0.00000000000000, 0.00731689239264, 1.77540676440519, 0.00000000000000, 1.77599132375336,34.16087504393716,    0.00000000000000,
  303,    4, 1.89062500000000, 0.02187500000000, 1.77239516940950, 0.00058455934817, 1.77181061006133, 0.00412961314888, 0.00000000000000, 0.00731689239264, 1.77540676440519, 0.00000000000000, 1.77599132375336,34.16087504393716,    0.00000000000000,
  303,    5, 1.89062500000000, 0.02812500000000, 1.77239516940950, 0.00058455934817, 1.77181061006133, 0.00412961314888, 0.00000000000000, 0.00731689239264, 1.77540676440519, 0.00000000000000, 1.77599132375336,34.16087504393716,    0.00000000000000,
  304,    1, 1.89687500000000, 0.00312500000000, 1.78472058800243, 0.00052023034622, 1.78420035765620, 0.00410233364141, 0.00000000000000, 0.00731938515022, 1.78777404796497, 0.00000000000000, 1.78829427831119,34.64534788581247,    0.00000000000000,
  304,    2, 1.89687500000000, 0.00937500000000, 1.78472058800243, 0.00052023034622, 1.78420035765620, 0.00410233364141, 0.00000000000000, 0.00731938515022, 1.78777404796497, 0.00000000000000, 1.78829427831119,34.64534788581247,    0.00000000000000,
  304,    3, 1.89687500000000, 0.01562500000000, 1.78472058800243, 0.00052023034622, 1.78420035765620, 0.00410233364141, 0.00000000000000, 0.00731938515022, 1.78777404796497, 0.00000000000000, 1.78829427831119,34.64534788581247,    0.00000000000000,
  304,    4, 1.89687500000000, 0.02187500000000, 1.78472058800243, 0.00052023034622, 1.78420035765620, 0.00410233364141, 0.00000000000000, 0.00731938515022, 1.78777404796497, 0.00000000000000, 1.78829427831119,34.64534788581247,    0.00000000000000,
  304,    5, 1.89687500000000, 0.02812500000000, 1.78472058800243, 0.00052023034622, 1.78420035765620, 0.00410233364141, 0.00000000000000, 0.00731938515022, 1.78777404796497, 0.00000000000000, 1.78829427831119,34.64534788581247,    0.00000000000000,
  305,    1, 1.90312500000000, 0.00312500000000, 1.79713120962483, 0.00045955597594, 1.79667165364889, 0.00407538494179, 0.00000000000000, 0.00732212860263, 1.80022314866916, 0.00000000000000, 1.80068270464510,35.12137869123064,    0.00000000000000,
  305,    2, 1.90312500000000, 0.00937500000000, 1.79713120962483, 0.00045955597594, 1.79667165364889, 0.00407538494179, 0.00000000000000, 0.00732212860263, 1.80022314866916, 0.00000000000000, 1.80068270464510,35.12137869123064,    0.00000000000000,
  305,    3, 1.90312500000000, 0.01562500000000, 1.79713120962483, 0.00045955597594, 1.79667165364889, 0.00407538494179, 0.00000000000000, 0.00732212860263, 1.80022314866916, 0.00000000000000, 1.80068270464510,35.12137869123064,    0.00000000000000,
  305,    4, 1.90312500000000, 0.02187500000000, 1.79713120962483, 0.00045955597594, 1.79667165364889, 0.00407538494179, 0.00000000000000, 0.00732212860263, 1.80022314866916, 0.00000000000000, 1.80068270464510,35.12137869123064,    0.00000000000000,
  305,    5, 1.90312500000000, 0.02812500000000, 1.79713120962483, 0.00045955597594, 1.79667165364889, 0.00407538494179, 0.00000000000000, 0.00732212860263, 1.80022314866916, 0.00000000000000, 1.80068270464510,35.12137869123064,    0.00000000000000,
  306,    1, 1.90937500000000, 0.00312500000000, 1.80962225112718, 0.00040255962843, 1.80921969149875, 0.00404877010190, 0.00000000000000, 0.00732511459471, 1.81274926715247, 0.00000000000000, 1.81315182678090,35.58853508515070,    0.00000000000000,
  306,    2, 1.90937500000000, 0.00937500000000, 1.80962225112718, 0.00040255962843, 1.80921969149875, 0.00404877010190, 0.00000000000000, 0.00732511459471, 1.81274926715247, 0.00000000000000, 1.81315182678090,35.58853508515070,    0.00000000000000,
  306,    3, 1.90937500000000, 0.01562500000000, 1.80962225112718, 0.00040255962843, 1.80921969149875, 0.00404877010190, 0.00000000000000, 0.00732511459471, 1.81274926715247, 0.00000000000000, 1.81315182678090,35.58853508515070,    0.00000000000000,
  306,    4, 1.90937500000000, 0.02187500000000, 1.80962225112718, 0.00040255962843, 1.80921969149875, 0.00404877010190, 0.00000000000000, 0.00732511459471, 1.81274926715247, 0.00000000000000, 1.81315182678090,35.58853508515070,    0.00000000000000,
  306,    5, 1.90937500000000, 0.02812500000000, 1.80962225112718, 0.00040255962843, 1.80921969149875, 0.00404877010190, 0.00000000000000, 0.00732511459471, 1.81274926715247, 0.00000000000000, 1.81315182678090,35.58853508515070,    0.00000000000000,
  307,    1, 1.91562500000000, 0.00312500000000, 1.82218889896449, 0.00034926327688, 1.82183963568761, 0.00402249166475, 0.00000000000000, 0.00732833474906, 1.82534757435778, 0.00000000000000, 1.82569683763466,36.04638098091579,    0.00000000000000,
  307,    2, 1.91562500000000, 0.00937500000000, 1.82218889896449, 0.00034926327688, 1.82183963568761, 0.00402249166475, 0.00000000000000, 0.00732833474906, 1.82534757435778, 0.00000000000000, 1.82569683763466,36.04638098091579,    0.00000000000000,
  307,    3, 1.91562500000000, 0.01562500000000, 1.82218889896449, 0.00034926327688, 1.82183963568761, 0.00402249166475, 0.00000000000000, 0.00732833474906, 1.82534757435778, 0.00000000000000, 1.82569683763466,36.04638098091579,    0.00000000000000,
  307,    4, 1.91562500000000, 0.02187500000000, 1.82218889896449, 0.00034926327688, 1.82183963568761, 0.00402249166475, 0.00000000000000, 0.00732833474906, 1.82534757435778, 0.00000000000000, 1.82569683763466,36.04638098091579,    0.00000000000000,
  307,    5, 1.91562500000000, 0.02812500000000, 1.82218889896449, 0.00034926327688, 1.82183963568761, 0.00402249166475, 0.00000000000000, 0.00732833474906, 1.82534757435778, 0.00000000000000, 1.82569683763466,36.04638098091579,    0.00000000000000,
  308,    1, 1.92187500000000, 0.00312500000000, 1.83482631102546, 0.00029968746805, 1.83452662355741, 0.00399655169561, 0.00000000000000, 0.00733178048802, 1.83801321339782, 0.00000000000000, 1.83831290086588,36.49447714308900,    0.00000000000000,
  308,    2, 1.92187500000000, 0.00937500000000, 1.83482631102546, 0.00029968746805, 1.83452662355741, 0.00399655169561, 0.00000000000000, 0.00733178048802, 1.83801321339782, 0.00000000000000, 1.83831290086588,36.49447714308900,    0.00000000000000,
  308,    3, 1.92187500000000, 0.01562500000000, 1.83482631102546, 0.00029968746805, 1.83452662355741, 0.00399655169561, 0.00000000000000, 0.00733178048802, 1.83801321339782, 0.00000000000000, 1.83831290086588,36.49447714308900,    0.00000000000000,
  308,    4, 1.92187500000000, 0.02187500000000, 1.83482631102546, 0.00029968746805, 1.83452662355741, 0.00399655169561, 0.00000000000000, 0.00733178048802, 1.83801321339782, 0.00000000000000, 1.83831290086588,36.49447714308900,    0.00000000000000,
  308,    5, 1.92187500000000, 0.02812500000000, 1.83482631102546, 0.00029968746805, 1.83452662355741, 0.00399655169561, 0.00000000000000, 0.00733178048802, 1.83801321339782, 0.00000000000000, 1.83831290086588,36.49447714308900,    0.00000000000000,
  309,    1, 1.92812500000000, 0.00312500000000, 1.84752961847224, 0.00025385131436, 1.84727576715788, 0.00397095181223, 0.00000000000000, 0.00733544305529, 1.85074130142767, 0.00000000000000, 1.85099515274203,36.93238176189352,    0.00000000000000,
  309,    2, 1.92812500000000, 0.00937500000000, 1.84752961847224, 0.00025385131436, 1.84727576715788, 0.00397095181223, 0.00000000000000, 0.00733544305529, 1.85074130142767, 0.00000000000000, 1.85099515274203,36.93238176189352,    0.00000000000000,
  309,    3, 1.92812500000000, 0.01562500000000, 1.84752961847224, 0.00025385131436, 1.84727576715788, 0.00397095181223, 0.00000000000000, 0.00733544305529, 1.85074130142767, 0.00000000000000, 1.85099515274203,36.93238176189352,    0.00000000000000,
  309,    4, 1.92812500000000, 0.02187500000000, 1.84752961847224, 0.00025385131436, 1.84727576715788, 0.00397095181223, 0.00000000000000, 0.00733544305529, 1.85074130142767, 0.00000000000000, 1.85099515274203,36.93238176189352,    0.00000000000000,
  309,    5, 1.92812500000000, 0.02812500000000, 1.84752961847224, 0.00025385131436, 1.84727576715788, 0.00397095181223, 0.00000000000000, 0.00733544305529, 1.85074130142767, 0.00000000000000, 1.85099515274203,36.93238176189352,    0.00000000000000,
  310,    1, 1.93437500000000, 0.00312500000000, 1.86029392758985, 0.00021177248651, 1.86008215510334, 0.00394569321462,-0.00000000000000, 0.00733931353803, 1.86352693152708, 0.00000000000000, 1.86373870401359,37.35965103840977,    0.00000000000000,
  310,    2, 1.93437500000000, 0.00937500000000, 1.86029392758985, 0.00021177248651, 1.86008215510334, 0.00394569321462,-0.00000000000000, 0.00733931353803, 1.86352693152708, 0.00000000000000, 1.86373870401359,37.35965103840977,    0.00000000000000,
  310,    3, 1.93437500000000, 0.01562500000000, 1.86029392758985, 0.00021177248651, 1.86008215510334, 0.00394569321462,-0.00000000000000, 0.00733931353803, 1.86352693152708, 0.00000000000000, 1.86373870401359,37.35965103840977,    0.00000000000000,
  310,    4, 1.93437500000000, 0.02187500000000, 1.86029392758985, 0.00021177248651, 1.86008215510334, 0.00394569321462,-0.00000000000000, 0.00733931353803, 1.86352693152708, 0.00000000000000, 1.86373870401359,37.35965103840977,    0.00000000000000,
  310,    5, 1.93437500000000, 0.02812500000000, 1.86029392758985, 0.00021177248651, 1.86008215510334, 0.00394569321462,-0.00000000000000, 0.00733931353803, 1.86352693152708, 0.00000000000000, 1.86373870401359,37.35965103840977,    0.00000000000000,
  311,    1, 1.94062500000000, 0.00312500000000, 1.87311432164493, 0.00017346720669, 1.87294085443824, 0.00392077671388,-0.00000000000000, 0.00734338288855, 1.87636517459227, 0.00000000000000, 1.87653864179897,37.77583977966513,    0.00000000000000,
  311,    2, 1.94062500000000, 0.00937500000000, 1.87311432164493, 0.00017346720669, 1.87294085443824, 0.00392077671388,-0.00000000000000, 0.00734338288855, 1.87636517459227, 0.00000000000000, 1.87653864179897,37.77583977966513,    0.00000000000000,
  311,    3, 1.94062500000000, 0.01562500000000, 1.87311432164493, 0.00017346720669, 1.87294085443824, 0.00392077671388,-0.00000000000000, 0.00734338288855, 1.87636517459227, 0.00000000000000, 1.87653864179897,37.77583977966513,    0.00000000000000,
  311,    4, 1.94062500000000, 0.02187500000000, 1.87311432164493, 0.00017346720669, 1.87294085443824, 0.00392077671388,-0.00000000000000, 0.00734338288855, 1.87636517459227, 0.00000000000000, 1.87653864179897,37.77583977966513,    0.00000000000000,
  311,    5, 1.94062500000000, 0.02812500000000, 1.87311432164493, 0.00017346720669, 1.87294085443824, 0.00392077671388,-0.00000000000000, 0.00734338288855, 1.87636517459227, 0.00000000000000, 1.87653864179897,37.77583977966513,    0.00000000000000,
  312,    1, 1.94687500000000, 0.00312500000000, 1.88598586275313, 0.00013895024232, 1.88584691251080, 0.00389620276042,-0.00000000000000, 0.00734764194626, 1.88925108123616, 0.00000000000000, 1.88939003147848,38.18050200273260,    0.00000000000000,
  312,    2, 1.94687500000000, 0.00937500000000, 1.88598586275313, 0.00013895024232, 1.88584691251080, 0.00389620276042,-0.00000000000000, 0.00734764194626, 1.88925108123616, 0.00000000000000, 1.88939003147848,38.18050200273260,    0.00000000000000,
  312,    3, 1.94687500000000, 0.01562500000000, 1.88598586275313, 0.00013895024232, 1.88584691251080, 0.00389620276042,-0.00000000000000, 0.00734764194626, 1.88925108123616, 0.00000000000000, 1.88939003147848,38.18050200273260,    0.00000000000000,
  312,    4, 1.94687500000000, 0.02187500000000, 1.88598586275313, 0.00013895024232, 1.88584691251080, 0.00389620276042,-0.00000000000000, 0.00734764194626, 1.88925108123616, 0.00000000000000, 1.88939003147848,38.18050200273260,    0.00000000000000,
  312,    5, 1.94687500000000, 0.02812500000000, 1.88598586275313, 0.00013895024232, 1.88584691251080, 0.00389620276042,-0.00000000000000, 0.00734764194626, 1.88925108123616, 0.00000000000000, 1.88939003147848,38.18050200273260,    0.00000000000000,
  313,    1, 1.95312500000000, 0.00312500000000, 1.89890359375452, 0.00010823490035, 1.89879535885416, 0.00387197147116,-0.00000000000000, 0.00735208145906, 1.90217968369643, 0.00000000000000, 1.90228791859678,38.57319154693876,    0.00000000000000,
  313,    2, 1.95312500000000, 0.00937500000000, 1.89890359375452, 0.00010823490035, 1.89879535885416, 0.00387197147116,-0.00000000000000, 0.00735208145906, 1.90217968369643, 0.00000000000000, 1.90228791859678,38.57319154693876,    0.00000000000000,
  313,    3, 1.95312500000000, 0.01562500000000, 1.89890359375452, 0.00010823490035, 1.89879535885416, 0.00387197147116,-0.00000000000000, 0.00735208145906, 1.90217968369643, 0.00000000000000, 1.90228791859678,38.57319154693876,    0.00000000000000,
  313,    4, 1.95312500000000, 0.02187500000000, 1.89890359375452, 0.00010823490035, 1.89879535885416, 0.00387197147116,-0.00000000000000, 0.00735208145906, 1.90217968369643, 0.00000000000000, 1.90228791859678,38.57319154693876,    0.00000000000000,
  313,    5, 1.95312500000000, 0.02812500000000, 1.89890359375452, 0.00010823490035, 1.89879535885416, 0.00387197147116,-0.00000000000000, 0.00735208145906, 1.90217968369643, 0.00000000000000, 1.90228791859678,38.57319154693876,    0.00000000000000,
  314,    1, 1.95937500000000, 0.00312500000000, 1.91186254009645, 0.00008133302212, 1.91178120707433, 0.00384808265595,-0.00000000000000, 0.00735669210491, 1.91514599775072, 0.00000000000000, 1.91522733077285,38.95346269326640,    0.00000000000000,
  314,    2, 1.95937500000000, 0.00937500000000, 1.91186254009645, 0.00008133302212, 1.91178120707433, 0.00384808265595,-0.00000000000000, 0.00735669210491, 1.91514599775072, 0.00000000000000, 1.91522733077285,38.95346269326640,    0.00000000000000,
  314,    3, 1.95937500000000, 0.01562500000000, 1.91186254009645, 0.00008133302212, 1.91178120707433, 0.00384808265595,-0.00000000000000, 0.00735669210491, 1.91514599775072, 0.00000000000000, 1.91522733077285,38.95346269326640,    0.00000000000000,
  314,    4, 1.95937500000000, 0.02187500000000, 1.91186254009645, 0.00008133302212, 1.91178120707433, 0.00384808265595,-0.00000000000000, 0.00735669210491, 1.91514599775072, 0.00000000000000, 1.91522733077285,38.95346269326640,    0.00000000000000,
  314,    5, 1.95937500000000, 0.02812500000000, 1.91186254009645, 0.00008133302212, 1.91178120707433, 0.00384808265595,-0.00000000000000, 0.00735669210491, 1.91514599775072, 0.00000000000000, 1.91522733077285,38.95346269326640,    0.00000000000000,
  315,    1, 1.96562500000000, 0.00312500000000, 1.92485771172331, 0.00005825497883, 1.92479945674448, 0.00382453584287,-0.00000000000000, 0.00736146451266, 1.92814502463816, 0.00000000000000, 1.92820327961699,39.32087079002255,    0.00000000000000,
  315,    2, 1.96562500000000, 0.00937500000000, 1.92485771172331, 0.00005825497883, 1.92479945674448, 0.00382453584287,-0.00000000000000, 0.00736146451266, 1.92814502463816, 0.00000000000000, 1.92820327961699,39.32087079002255,    0.00000000000000,
  315,    3, 1.96562500000000, 0.01562500000000, 1.92485771172331, 0.00005825497883, 1.92479945674448, 0.00382453584287,-0.00000000000000, 0.00736146451266, 1.92814502463816, 0.00000000000000, 1.92820327961699,39.32087079002255,    0.00000000000000,
  315,    4, 1.96562500000000, 0.02187500000000, 1.92485771172331, 0.00005825497883, 1.92479945674448, 0.00382453584287,-0.00000000000000, 0.00736146451266, 1.92814502463816, 0.00000000000000, 1.92820327961699,39.32087079002255,    0.00000000000000,
  315,    5, 1.96562500000000, 0.02812500000000, 1.92485771172331, 0.00005825497883, 1.92479945674448, 0.00382453584287,-0.00000000000000, 0.00736146451266, 1.92814502463816, 0.00000000000000, 1.92820327961699,39.32087079002255,    0.00000000000000,
  316,    1, 1.97187500000000, 0.00312500000000, 1.93788410497227, 0.00003900966748, 1.93784509530479, 0.00380133030281,-0.00000000000000, 0.00736638928294, 1.94117175298642, 0.00000000000000, 1.94121076265390,39.67497288383176,    0.00000000000000,
  316,    2, 1.97187500000000, 0.00937500000000, 1.93788410497227, 0.00003900966748, 1.93784509530479, 0.00380133030281,-0.00000000000000, 0.00736638928294, 1.94117175298642, 0.00000000000000, 1.94121076265390,39.67497288383176,    0.00000000000000,
  316,    3, 1.97187500000000, 0.01562500000000, 1.93788410497227, 0.00003900966748, 1.93784509530479, 0.00380133030281,-0.00000000000000, 0.00736638928294, 1.94117175298642, 0.00000000000000, 1.94121076265390,39.67497288383176,    0.00000000000000,
  316,    4, 1.97187500000000, 0.02187500000000, 1.93788410497227, 0.00003900966748, 1.93784509530479, 0.00380133030281,-0.00000000000000, 0.00736638928294, 1.94117175298642, 0.00000000000000, 1.94121076265390,39.67497288383176,    0.00000000000000,
  316,    5, 1.97187500000000, 0.02812500000000, 1.93788410497227, 0.00003900966748, 1.93784509530479, 0.00380133030281,-0.00000000000000, 0.00736638928294, 1.94117175298642, 0.00000000000000, 1.94121076265390,39.67497288383176,    0.00000000000000,
  317,    1, 1.97812500000000, 0.00312500000000, 1.95093670447480, 0.00002360450753, 1.95091309996727, 0.00377846507273,-0.00000000000000, 0.00737145700816, 1.95422116074375, 0.00000000000000, 1.95424476525128,40.01532835500199,    0.00000000000000,
  317,    2, 1.97812500000000, 0.00937500000000, 1.95093670447480, 0.00002360450753, 1.95091309996727, 0.00377846507273,-0.00000000000000, 0.00737145700816, 1.95422116074375, 0.00000000000000, 1.95424476525128,40.01532835500199,    0.00000000000000,
  317,    3, 1.97812500000000, 0.01562500000000, 1.95093670447480, 0.00002360450753, 1.95091309996727, 0.00377846507273,-0.00000000000000, 0.00737145700816, 1.95422116074375, 0.00000000000000, 1.95424476525128,40.01532835500199,    0.00000000000000,
  317,    4, 1.97812500000000, 0.02187500000000, 1.95093670447480, 0.00002360450753, 1.95091309996727, 0.00377846507273,-0.00000000000000, 0.00737145700816, 1.95422116074375, 0.00000000000000, 1.95424476525128,40.01532835500199,    0.00000000000000,
  317,    5, 1.97812500000000, 0.02812500000000, 1.95093670447480, 0.00002360450753, 1.95091309996727, 0.00377846507273,-0.00000000000000, 0.00737145700816, 1.95422116074375, 0.00000000000000, 1.95424476525128,40.01532835500199,    0.00000000000000,
  318,    1, 1.98437500000000, 0.00312500000000, 1.96401048506291, 0.00001204543795, 1.96399843962496, 0.00375593897824,-0.00000000000000, 0.00737665829258, 1.96728821711505, 0.00000000000000, 1.96730026255300,40.34149955630228,    0.00000000000000,
  318,    2, 1.98437500000000, 0.00937500000000, 1.96401048506291, 0.00001204543795, 1.96399843962496, 0.00375593897824,-0.00000000000000, 0.00737665829258, 1.96728821711505, 0.00000000000000, 1.96730026255300,40.34149955630228,    0.00000000000000,
  318,    3, 1.98437500000000, 0.01562500000000, 1.96401048506291, 0.00001204543795, 1.96399843962496, 0.00375593897824,-0.00000000000000, 0.00737665829258, 1.96728821711505, 0.00000000000000, 1.96730026255300,40.34149955630228,    0.00000000000000,
  318,    4, 1.98437500000000, 0.02187500000000, 1.96401048506291, 0.00001204543795, 1.96399843962496, 0.00375593897824,-0.00000000000000, 0.00737665829258, 1.96728821711505, 0.00000000000000, 1.96730026255300,40.34149955630228,    0.00000000000000,
  318,    5, 1.98437500000000, 0.02812500000000, 1.96401048506291, 0.00001204543795, 1.96399843962496, 0.00375593897824,-0.00000000000000, 0.00737665829258, 1.96728821711505, 0.00000000000000, 1.96730026255300,40.34149955630228,    0.00000000000000,
  319,    1, 1.99062500000000, 0.00312500000000, 1.97710041367970, 0.00000433691498, 1.97709607676472, 0.00373375065479,-0.00000000000000, 0.00738198377121, 1.98036788450136, 0.00000000000000, 1.98037222141634,40.65305245418260,    0.00000000000000,
  319,    2, 1.99062500000000, 0.00937500000000, 1.97710041367970, 0.00000433691498, 1.97709607676472, 0.00373375065479,-0.00000000000000, 0.00738198377121, 1.98036788450136, 0.00000000000000, 1.98037222141634,40.65305245418260,    0.00000000000000,
  319,    3, 1.99062500000000, 0.01562500000000, 1.97710041367970, 0.00000433691498, 1.97709607676472, 0.00373375065479,-0.00000000000000, 0.00738198377121, 1.98036788450136, 0.00000000000000, 1.98037222141634,40.65305245418260,    0.00000000000000,
  319,    4, 1.99062500000000, 0.02187500000000, 1.97710041367970, 0.00000433691498, 1.97709607676472, 0.00373375065479,-0.00000000000000, 0.00738198377121, 1.98036788450136, 0.00000000000000, 1.98037222141634,40.65305245418260,    0.00000000000000,
  319,    5, 1.99062500000000, 0.02812500000000, 1.97710041367970, 0.00000433691498, 1.97709607676472, 0.00373375065479,-0.00000000000000, 0.00738198377121, 1.98036788450136, 0.00000000000000, 1.98037222141634,40.65305245418260,    0.00000000000000,
  320,    1, 1.99687500000000, 0.00312500000000, 1.99020145129352, 0.00000048191041, 1.99020096938311, 0.00371189856822,-0.00000000000000, 0.00738742412872, 1.99345512044190, 0.00000000000000, 1.99345560235231,40.94955727146038,    0.00000000000000,
  320,    2, 1.99687500000000, 0.00937500000000, 1.99020145129352, 0.00000048191041, 1.99020096938311, 0.00371189856822,-0.00000000000000, 0.00738742412872, 1.99345512044190, 0.00000000000000, 1.99345560235231,40.94955727146038,    0.00000000000000,
  320,    3, 1.99687500000000, 0.01562500000000, 1.99020145129352, 0.00000048191041, 1.99020096938311, 0.00371189856822,-0.00000000000000, 0.00738742412872, 1.99345512044190, 0.00000000000000, 1.99345560235231,40.94955727146038,    0.00000000000000,
  320,    4, 1.99687500000000, 0.02187500000000, 1.99020145129352, 0.00000048191041, 1.99020096938311, 0.00371189856822,-0.00000000000000, 0.00738742412872, 1.99345512044190, 0.00000000000000, 1.99345560235231,40.94955727146038,    0.00000000000000,
  320,    5, 1.99687500000000, 0.02812500000000, 1.99020145129352, 0.00000048191041, 1.99020096938311, 0.00371189856822,-0.00000000000000, 0.00738742412872, 1.99345512044190, 0.00000000000000, 1.99345560235231,40.94955727146038,    0.00000000000000,
