x (nodes),y (nodes),x (m),y (m),h + zb (m),zb (m),h (m),u (m/s),v (m/s), q (m^2/s), h analytical (m), u analytical (m/s), h analytical + zb (m) , Fx MMS, Fy MMS
    1,    1, 0.01250000000000, 0.01250000000000, 2.04130572905083, 0.00000770963759, 2.04129801941324, 0.00432874924309,-0.00000000000000, 0.00883626725646, 2.02617321050605, 0.00000000000000, 2.02618092014364,41.62220949936813,    0.00000000000000,
    1,    2, 0.01250000000000, 0.03750000000000, 2.04130572905083, 0.00000770963759, 2.04129801941324, 0.00432874924309,-0.00000000000000, 0.00883626725646, 2.02617321050605, 0.00000000000000, 2.02618092014364,41.62220949936813,    0.00000000000000,
    1,    3, 0.01250000000000, 0.06250000000000, 2.04130572905083, 0.00000770963759, 2.04129801941324, 0.00432874924309,-0.00000000000000, 0.00883626725646, 2.02617321050605, 0.00000000000000, 2.02618092014364,41.62220949936813,    0.00000000000000,
    1,    4, 0.01250000000000, 0.08750000000000, 2.04130572905083, 0.00000770963759, 2.04129801941324, 0.00432874924309,-0.00000000000000, 0.00883626725646, 2.02617321050605, 0.00000000000000, 2.02618092014364,41.62220949936813,    0.00000000000000,
    1,    5, 0.01250000000000, 0.11250000000000, 2.04130572905083, 0.00000770963759, 2.04129801941324, 0.00432874924309,-0.00000000000000, 0.00883626725646, 2.02617321050605, 0.00000000000000, 2.02618092014364,41.62220949936813,    0.00000000000000,
    2,    1, 0.03750000000000, 0.01250000000000, 2.09319077977065, 0.00006931543045, 2.09312146434020, 0.00422002765613, 0.00000000000000, 0.00883303046715, 2.07835826497189, 0.00000000000000, 2.07842758040234,42.48127945909003,    0.00000000000000,
    2,    2, 0.03750000000000, 0.03750000000000, 2.09319077977065, 0.00006931543045, 2.09312146434020, 0.00422002765613, 0.00000000000000, 0.00883303046715, 2.07835826497189, 0.00000000000000, 2.07842758040234,42.48127945909003,    0.00000000000000,
    2,    3, 0.03750000000000, 0.06250000000000, 2.09319077977065, 0.00006931543045, 2.09312146434020, 0.00422002765613, 0.00000000000000, 0.00883303046715, 2.07835826497189, 0.00000000000000, 2.07842758040234,42.48127945909003,    0.00000000000000,
    2,    4, 0.03750000000000, 0.08750000000000, 2.09319077977065, 0.00006931543045, 2.09312146434020, 0.00422002765613, 0.00000000000000, 0.00883303046715, 2.07835826497189, 0.00000000000000, 2.07842758040234,42.48127945909003,    0.00000000000000,
    2,    5, 0.03750000000000, 0.11250000000000, 2.09319077977065, 0.00006931543045, 2.09312146434020, 0.00422002765613, 0.00000000000000, 0.00883303046715, 2.07835826497189, 0.00000000000000, 2.07842758040234,42.48127945909003,    0.00000000000000,
    3,    1, 0.06250000000000, 0.01250000000000, 2.14467564613090, 0.00019214719597, 2.14448349893493, 0.00411742787079, 0.00000000000000, 0.00882975612696, 2.13006021467742, 0.00000000000000, 2.13025236187339,43.05140490971404,    0.00000000000000,
    3,    2, 0.06250000000000, 0.03750000000000, 2.14467564613090, 0.00019214719597, 2.14448349893493, 0.00411742787079, 0.00000000000000, 0.00882975612696, 2.13006021467742, 0.00000000000000, 2.13025236187339,43.05140490971404,    0.00000000000000,
    3,    3, 0.06250000000000, 0.06250000000000, 2.14467564613090, 0.00019214719597, 2.14448349893493, 0.00411742787079, 0.00000000000000, 0.00882975612696, 2.13006021467742, 0.00000000000000, 2.13025236187339,43.05140490971404,    0.00000000000000,
    3,    4, 0.06250000000000, 0.08750000000000, 2.14467564613090, 0.00019214719597, 2.14448349893493, 0.00411742787079, 0.00000000000000, 0.00882975612696, 2.13006021467742, 0.00000000000000, 2.13025236187339,43.05140490971404,    0.00000000000000,
    3,    5, 0.06250000000000, 0.11250000000000, 2.14467564613090, 0.00019214719597, 2.14448349893493, 0.00411742787079, 0.00000000000000, 0.00882975612696, 2.13006021467742, 0.00000000000000, 2.13025236187339,43.05140490971404,    0.00000000000000,
    4,    1, 0.08750000000000, 0.01250000000000, 2.19544096180917, 0.00037544763546, 2.19506551417370, 0.00402107061014, 0.00000000000000, 0.00882651342637, 2.18096029991005, 0.00000000000000, 2.18133574754551,43.31011330421840,    0.00000000000000,
    4,    2, 0.08750000000000, 0.03750000000000, 2.19544096180917, 0.00037544763546, 2.19506551417370, 0.00402107061014, 0.00000000000000, 0.00882651342637, 2.18096029991005, 0.00000000000000, 2.18133574754551,43.31011330421840,    0.00000000000000,
    4,    3, 0.08750000000000, 0.06250000000000, 2.19544096180917, 0.00037544763546, 2.19506551417370, 0.00402107061014, 0.00000000000000, 0.00882651342637, 2.18096029991005, 0.00000000000000, 2.18133574754551,43.31011330421840,    0.00000000000000,
    4,    4, 0.08750000000000, 0.08750000000000, 2.19544096180917, 0.00037544763546, 2.19506551417370, 0.00402107061014, 0.00000000000000, 0.00882651342637, 2.18096029991005, 0.00000000000000, 2.18133574754551,43.31011330421840,    0.00000000000000,
    4,    5, 0.08750000000000, 0.11250000000000, 2.19544096180917, 0.00037544763546, 2.19506551417370, 0.00402107061014, 0.00000000000000, 0.00882651342637, 2.18096029991005, 0.00000000000000, 2.18133574754551,43.31011330421840,    0.00000000000000,
    5,    1, 0.11250000000000, 0.01250000000000, 2.24517171744585, 0.00061808664078, 2.24455363080508, 0.00393101002487,-0.00000000000000, 0.00882336282405, 2.23074470471833, 0.00000000000000, 2.23136279135910,43.23800012768058,    0.00000000000000,
    5,    2, 0.11250000000000, 0.03750000000000, 2.24517171744585, 0.00061808664078, 2.24455363080508, 0.00393101002487,-0.00000000000000, 0.00882336282405, 2.23074470471833, 0.00000000000000, 2.23136279135910,43.23800012768058,    0.00000000000000,
    5,    3, 0.11250000000000, 0.06250000000000, 2.24517171744585, 0.00061808664078, 2.24455363080508, 0.00393101002487,-0.00000000000000, 0.00882336282405, 2.23074470471833, 0.00000000000000, 2.23136279135910,43.23800012768058,    0.00000000000000,
    5,    4, 0.11250000000000, 0.08750000000000, 2.24517171744585, 0.00061808664078, 2.24455363080508, 0.00393101002487,-0.00000000000000, 0.00882336282405, 2.23074470471833, 0.00000000000000, 2.23136279135910,43.23800012768058,    0.00000000000000,
    5,    5, 0.11250000000000, 0.11250000000000, 2.24517171744585, 0.00061808664078, 2.24455363080508, 0.00393101002487,-0.00000000000000, 0.00882336282405, 2.23074470471833, 0.00000000000000, 2.23136279135910,43.23800012768058,    0.00000000000000,
    6,    1, 0.13750000000000, 0.01250000000000, 2.29355925112955, 0.00091856826175, 2.29264068286780, 0.00384724756249, 0.00000000000000, 0.00882035627884, 2.27910649169162, 0.00000000000000, 2.28002505995337,42.81928706135491,    0.00000000000000,
    6,    2, 0.13750000000000, 0.03750000000000, 2.29355925112955, 0.00091856826175, 2.29264068286780, 0.00384724756249, 0.00000000000000, 0.00882035627884, 2.27910649169162, 0.00000000000000, 2.28002505995337,42.81928706135491,    0.00000000000000,
    6,    3, 0.13750000000000, 0.06250000000000, 2.29355925112955, 0.00091856826175, 2.29264068286780, 0.00384724756249, 0.00000000000000, 0.00882035627884, 2.27910649169162, 0.00000000000000, 2.28002505995337,42.81928706135491,    0.00000000000000,
    6,    4, 0.13750000000000, 0.08750000000000, 2.29355925112955, 0.00091856826175, 2.29264068286780, 0.00384724756249, 0.00000000000000, 0.00882035627884, 2.27910649169162, 0.00000000000000, 2.28002505995337,42.81928706135491,    0.00000000000000,
    6,    5, 0.13750000000000, 0.11250000000000, 2.29355925112955, 0.00091856826175, 2.29264068286780, 0.00384724756249, 0.00000000000000, 0.00882035627884, 2.27910649169162, 0.00000000000000, 2.28002505995337,42.81928706135491,    0.00000000000000,
    7,    1, 0.16250000000000, 0.01250000000000, 2.34030319230169, 0.00127503992927, 2.33902815237242, 0.00376974323926,-0.00000000000000, 0.00881753556384, 2.32574749433130, 0.00000000000000, 2.32702253426058,42.04231872339698,    0.00000000000000,
    7,    2, 0.16250000000000, 0.03750000000000, 2.34030319230169, 0.00127503992927, 2.33902815237242, 0.00376974323926,-0.00000000000000, 0.00881753556384, 2.32574749433130, 0.00000000000000, 2.32702253426058,42.04231872339698,    0.00000000000000,
    7,    3, 0.16250000000000, 0.06250000000000, 2.34030319230169, 0.00127503992927, 2.33902815237242, 0.00376974323926,-0.00000000000000, 0.00881753556384, 2.32574749433130, 0.00000000000000, 2.32702253426058,42.04231872339698,    0.00000000000000,
    7,    4, 0.16250000000000, 0.08750000000000, 2.34030319230169, 0.00127503992927, 2.33902815237242, 0.00376974323926,-0.00000000000000, 0.00881753556384, 2.32574749433130, 0.00000000000000, 2.32702253426058,42.04231872339698,    0.00000000000000,
    7,    5, 0.16250000000000, 0.11250000000000, 2.34030319230169, 0.00127503992927, 2.33902815237242, 0.00376974323926,-0.00000000000000, 0.00881753556384, 2.32574749433130, 0.00000000000000, 2.32702253426058,42.04231872339698,    0.00000000000000,
    8,    1, 0.18750000000000, 0.01250000000000, 2.38511334766904, 0.00168530387697, 2.38342804379206, 0.00369842645765, 0.00000000000000, 0.00881493333706, 2.37038015534640, 0.00000000000000, 2.37206545922338,40.89998508757928,    0.00000000000000,
    8,    2, 0.18750000000000, 0.03750000000000, 2.38511334766904, 0.00168530387697, 2.38342804379206, 0.00369842645765, 0.00000000000000, 0.00881493333706, 2.37038015534640, 0.00000000000000, 2.37206545922338,40.89998508757928,    0.00000000000000,
    8,    3, 0.18750000000000, 0.06250000000000, 2.38511334766904, 0.00168530387697, 2.38342804379206, 0.00369842645765, 0.00000000000000, 0.00881493333706, 2.37038015534640, 0.00000000000000, 2.37206545922338,40.89998508757928,    0.00000000000000,
    8,    4, 0.18750000000000, 0.08750000000000, 2.38511334766904, 0.00168530387697, 2.38342804379206, 0.00369842645765, 0.00000000000000, 0.00881493333706, 2.37038015534640, 0.00000000000000, 2.37206545922338,40.89998508757928,    0.00000000000000,
    8,    5, 0.18750000000000, 0.11250000000000, 2.38511334766904, 0.00168530387697, 2.38342804379206, 0.00369842645765, 0.00000000000000, 0.00881493333706, 2.37038015534640, 0.00000000000000, 2.37206545922338,40.89998508757928,    0.00000000000000,
    9,    1, 0.21250000000000, 0.01250000000000, 2.42771151821299, 0.00214683069119, 2.42556468752180, 0.00363320434932, 0.00000000000000, 0.00881257217225, 2.41272929953989, 0.00000000000000, 2.41487613023108,39.39005834371015,    0.00000000000000,
    9,    2, 0.21250000000000, 0.03750000000000, 2.42771151821299, 0.00214683069119, 2.42556468752180, 0.00363320434932, 0.00000000000000, 0.00881257217225, 2.41272929953989, 0.00000000000000, 2.41487613023108,39.39005834371015,    0.00000000000000,
    9,    3, 0.21250000000000, 0.06250000000000, 2.42771151821299, 0.00214683069119, 2.42556468752180, 0.00363320434932, 0.00000000000000, 0.00881257217225, 2.41272929953989, 0.00000000000000, 2.41487613023108,39.39005834371015,    0.00000000000000,
    9,    4, 0.21250000000000, 0.08750000000000, 2.42771151821299, 0.00214683069119, 2.42556468752180, 0.00363320434932, 0.00000000000000, 0.00881257217225, 2.41272929953989, 0.00000000000000, 2.41487613023108,39.39005834371015,    0.00000000000000,
    9,    5, 0.21250000000000, 0.11250000000000, 2.42771151821299, 0.00214683069119, 2.42556468752180, 0.00363320434932, 0.00000000000000, 0.00881257217225, 2.41272929953989, 0.00000000000000, 2.41487613023108,39.39005834371015,    0.00000000000000,
   10,    1, 0.23750000000000, 0.01250000000000, 2.46783323686913, 0.00265677490564, 2.46517646196349, 0.00357396979147, 0.00000000000000, 0.00881046620569, 2.45253383035529, 0.00000000000000, 2.45519060526094,37.51543490765783,    0.00000000000000,
   10,    2, 0.23750000000000, 0.03750000000000, 2.46783323686913, 0.00265677490564, 2.46517646196349, 0.00357396979147, 0.00000000000000, 0.00881046620569, 2.45253383035529, 0.00000000000000, 2.45519060526094,37.51543490765783,    0.00000000000000,
   10,    3, 0.23750000000000, 0.06250000000000, 2.46783323686913, 0.00265677490564, 2.46517646196349, 0.00357396979147, 0.00000000000000, 0.00881046620569, 2.45253383035529, 0.00000000000000, 2.45519060526094,37.51543490765783,    0.00000000000000,
   10,    4, 0.23750000000000, 0.08750000000000, 2.46783323686913, 0.00265677490564, 2.46517646196349, 0.00357396979147, 0.00000000000000, 0.00881046620569, 2.45253383035529, 0.00000000000000, 2.45519060526094,37.51543490765783,    0.00000000000000,
   10,    5, 0.23750000000000, 0.11250000000000, 2.46783323686913, 0.00265677490564, 2.46517646196349, 0.00357396979147, 0.00000000000000, 0.00881046620569, 2.45253383035529, 0.00000000000000, 2.45519060526094,37.51543490765783,    0.00000000000000,
   11,    1, 0.26250000000000, 0.01250000000000, 2.50522941694007, 0.00321199254467, 2.50201742439540, 0.00352060721646, 0.00000000000000, 0.00880862060002, 2.48954833962379, 0.00000000000000, 2.49276033216846,35.28427546802335,    0.00000000000000,
   11,    2, 0.26250000000000, 0.03750000000000, 2.50522941694007, 0.00321199254467, 2.50201742439540, 0.00352060721646, 0.00000000000000, 0.00880862060002, 2.48954833962379, 0.00000000000000, 2.49276033216846,35.28427546802335,    0.00000000000000,
   11,    3, 0.26250000000000, 0.06250000000000, 2.50522941694007, 0.00321199254467, 2.50201742439540, 0.00352060721646, 0.00000000000000, 0.00880862060002, 2.48954833962379, 0.00000000000000, 2.49276033216846,35.28427546802335,    0.00000000000000,
   11,    4, 0.26250000000000, 0.08750000000000, 2.50522941694007, 0.00321199254467, 2.50201742439540, 0.00352060721646, 0.00000000000000, 0.00880862060002, 2.48954833962379, 0.00000000000000, 2.49276033216846,35.28427546802335,    0.00000000000000,
   11,    5, 0.26250000000000, 0.11250000000000, 2.50522941694007, 0.00321199254467, 2.50201742439540, 0.00352060721646, 0.00000000000000, 0.00880862060002, 2.48954833962379, 0.00000000000000, 2.49276033216846,35.28427546802335,    0.00000000000000,
   12,    1, 0.28750000000000, 0.01250000000000, 2.53966790181617, 0.00380906050690, 2.53585884130927, 0.00347299831754, 0.00000000000000, 0.00880703348938, 2.52354462058716, 0.00000000000000, 2.52735368109406,32.71003831790652,    0.00000000000000,
   12,    2, 0.28750000000000, 0.03750000000000, 2.53966790181617, 0.00380906050690, 2.53585884130927, 0.00347299831754, 0.00000000000000, 0.00880703348938, 2.52354462058716, 0.00000000000000, 2.52735368109406,32.71003831790652,    0.00000000000000,
   12,    3, 0.28750000000000, 0.06250000000000, 2.53966790181617, 0.00380906050690, 2.53585884130927, 0.00347299831754, 0.00000000000000, 0.00880703348938, 2.52354462058716, 0.00000000000000, 2.52735368109406,32.71003831790652,    0.00000000000000,
   12,    4, 0.28750000000000, 0.08750000000000, 2.53966790181617, 0.00380906050690, 2.53585884130927, 0.00347299831754, 0.00000000000000, 0.00880703348938, 2.52354462058716, 0.00000000000000, 2.52735368109406,32.71003831790652,    0.00000000000000,
   12,    5, 0.28750000000000, 0.11250000000000, 2.53966790181617, 0.00380906050690, 2.53585884130927, 0.00347299831754, 0.00000000000000, 0.00880703348938, 2.52354462058716, 0.00000000000000, 2.52735368109406,32.71003831790652,    0.00000000000000,
   13,    1, 0.31250000000000, 0.01250000000000, 2.57093490712468, 0.00444429766980, 2.56649060945488, 0.00343102584964, 0.00000000000000, 0.00880569562391, 2.55431307486836, 0.00000000000000, 2.55875737253817,29.81140370664285,    0.00000000000000,
   13,    2, 0.31250000000000, 0.03750000000000, 2.57093490712468, 0.00444429766980, 2.56649060945488, 0.00343102584964, 0.00000000000000, 0.00880569562391, 2.55431307486836, 0.00000000000000, 2.55875737253817,29.81140370664285,    0.00000000000000,
   13,    3, 0.31250000000000, 0.06250000000000, 2.57093490712468, 0.00444429766980, 2.56649060945488, 0.00343102584964, 0.00000000000000, 0.00880569562391, 2.55431307486836, 0.00000000000000, 2.55875737253817,29.81140370664285,    0.00000000000000,
   13,    4, 0.31250000000000, 0.08750000000000, 2.57093490712468, 0.00444429766980, 2.56649060945488, 0.00343102584964, 0.00000000000000, 0.00880569562391, 2.55431307486836, 0.00000000000000, 2.55875737253817,29.81140370664285,    0.00000000000000,
   13,    5, 0.31250000000000, 0.11250000000000, 2.57093490712468, 0.00444429766980, 2.56649060945488, 0.00343102584964, 0.00000000000000, 0.00880569562391, 2.55431307486836, 0.00000000000000, 2.55875737253817,29.81140370664285,    0.00000000000000,
   14,    1, 0.33750000000000, 0.01250000000000, 2.59883634701604, 0.00511378758503, 2.59372255943101, 0.00339457756054, 0.00000000000000, 0.00880459239851, 2.58166400471520, 0.00000000000000, 2.58677779230023,26.61208949750327,    0.00000000000000,
   14,    2, 0.33750000000000, 0.03750000000000, 2.59883634701604, 0.00511378758503, 2.59372255943101, 0.00339457756054, 0.00000000000000, 0.00880459239851, 2.58166400471520, 0.00000000000000, 2.58677779230023,26.61208949750327,    0.00000000000000,
   14,    3, 0.33750000000000, 0.06250000000000, 2.59883634701604, 0.00511378758503, 2.59372255943101, 0.00339457756054, 0.00000000000000, 0.00880459239851, 2.58166400471520, 0.00000000000000, 2.58677779230023,26.61208949750327,    0.00000000000000,
   14,    4, 0.33750000000000, 0.08750000000000, 2.59883634701604, 0.00511378758503, 2.59372255943101, 0.00339457756054, 0.00000000000000, 0.00880459239851, 2.58166400471520, 0.00000000000000, 2.58677779230023,26.61208949750327,    0.00000000000000,
   14,    5, 0.33750000000000, 0.11250000000000, 2.59883634701604, 0.00511378758503, 2.59372255943101, 0.00339457756054, 0.00000000000000, 0.00880459239851, 2.58166400471520, 0.00000000000000, 2.58677779230023,26.61208949750327,    0.00000000000000,
   15,    1, 0.36250000000000, 0.01250000000000, 2.62319903693165, 0.00581340262463, 2.61738563430703, 0.00336354849322,-0.00000000000000, 0.00880370350645, 2.60542878255005, 0.00000000000000, 2.61124218517468,23.14056097114114,    0.00000000000000,
   15,    2, 0.36250000000000, 0.03750000000000, 2.62319903693165, 0.00581340262463, 2.61738563430703, 0.00336354849322,-0.00000000000000, 0.00880370350645, 2.60542878255005, 0.00000000000000, 2.61124218517468,23.14056097114114,    0.00000000000000,
   15,    3, 0.36250000000000, 0.06250000000000, 2.62319903693165, 0.00581340262463, 2.61738563430703, 0.00336354849322,-0.00000000000000, 0.00880370350645, 2.60542878255005, 0.00000000000000, 2.61124218517468,23.14056097114114,    0.00000000000000,
   15,    4, 0.36250000000000, 0.08750000000000, 2.62319903693165, 0.00581340262463, 2.61738563430703, 0.00336354849322,-0.00000000000000, 0.00880370350645, 2.60542878255005, 0.00000000000000, 2.61124218517468,23.14056097114114,    0.00000000000000,
   15,    5, 0.36250000000000, 0.11250000000000, 2.62319903693165, 0.00581340262463, 2.61738563430703, 0.00336354849322,-0.00000000000000, 0.00880370350645, 2.60542878255005, 0.00000000000000, 2.61124218517468,23.14056097114114,    0.00000000000000,
   16,    1, 0.38750000000000, 0.01250000000000, 2.64387176588127, 0.00653882942923, 2.63733293645205, 0.00333784362309, 0.00000000000000, 0.00880300492390, 2.62546089061499, 0.00000000000000, 2.63199972004421,19.42964010891564,    0.00000000000000,
   16,    2, 0.38750000000000, 0.03750000000000, 2.64387176588127, 0.00653882942923, 2.63733293645205, 0.00333784362309, 0.00000000000000, 0.00880300492390, 2.62546089061499, 0.00000000000000, 2.63199972004421,19.42964010891564,    0.00000000000000,
   16,    3, 0.38750000000000, 0.06250000000000, 2.64387176588127, 0.00653882942923, 2.63733293645205, 0.00333784362309, 0.00000000000000, 0.00880300492390, 2.62546089061499, 0.00000000000000, 2.63199972004421,19.42964010891564,    0.00000000000000,
   16,    4, 0.38750000000000, 0.08750000000000, 2.64387176588127, 0.00653882942923, 2.63733293645205, 0.00333784362309, 0.00000000000000, 0.00880300492390, 2.62546089061499, 0.00000000000000, 2.63199972004421,19.42964010891564,    0.00000000000000,
   16,    5, 0.38750000000000, 0.11250000000000, 2.64387176588127, 0.00653882942923, 2.63733293645205, 0.00333784362309, 0.00000000000000, 0.00880300492390, 2.62546089061499, 0.00000000000000, 2.63199972004421,19.42964010891564,    0.00000000000000,
   17,    1, 0.41250000000000, 0.01250000000000, 2.66072623198912, 0.00728559550135, 2.65344063648777, 0.00331737909062, 0.00000000000000, 0.00880246848568, 2.64163682430243, 0.00000000000000, 2.64892241980378,15.51602206438965,    0.00000000000000,
   17,    2, 0.41250000000000, 0.03750000000000, 2.66072623198912, 0.00728559550135, 2.65344063648777, 0.00331737909062, 0.00000000000000, 0.00880246848568, 2.64163682430243, 0.00000000000000, 2.64892241980378,15.51602206438965,    0.00000000000000,
   17,    3, 0.41250000000000, 0.06250000000000, 2.66072623198912, 0.00728559550135, 2.65344063648777, 0.00331737909062, 0.00000000000000, 0.00880246848568, 2.64163682430243, 0.00000000000000, 2.64892241980378,15.51602206438965,    0.00000000000000,
   17,    4, 0.41250000000000, 0.08750000000000, 2.66072623198912, 0.00728559550135, 2.65344063648777, 0.00331737909062, 0.00000000000000, 0.00880246848568, 2.64163682430243, 0.00000000000000, 2.64892241980378,15.51602206438965,    0.00000000000000,
   17,    5, 0.41250000000000, 0.11250000000000, 2.66072623198912, 0.00728559550135, 2.65344063648777, 0.00331737909062, 0.00000000000000, 0.00880246848568, 2.64163682430243, 0.00000000000000, 2.64892241980378,15.51602206438965,    0.00000000000000,
   18,    1, 0.43750000000000, 0.01250000000000, 2.67365783584362, 0.00804909677984, 2.66560873906379, 0.00330208392768,-0.00000000000000, 0.00880206377474, 2.65385685360215, 0.00000000000000, 2.66190595038199,11.43970872745695,    0.00000000000000,
   18,    2, 0.43750000000000, 0.03750000000000, 2.67365783584362, 0.00804909677984, 2.66560873906379, 0.00330208392768,-0.00000000000000, 0.00880206377474, 2.65385685360215, 0.00000000000000, 2.66190595038199,11.43970872745695,    0.00000000000000,
   18,    3, 0.43750000000000, 0.06250000000000, 2.67365783584362, 0.00804909677984, 2.66560873906379, 0.00330208392768,-0.00000000000000, 0.00880206377474, 2.65385685360215, 0.00000000000000, 2.66190595038199,11.43970872745695,    0.00000000000000,
   18,    4, 0.43750000000000, 0.08750000000000, 2.67365783584362, 0.00804909677984, 2.66560873906379, 0.00330208392768,-0.00000000000000, 0.00880206377474, 2.65385685360215, 0.00000000000000, 2.66190595038199,11.43970872745695,    0.00000000000000,
   18,    5, 0.43750000000000, 0.11250000000000, 2.67365783584362, 0.00804909677984, 2.66560873906379, 0.00330208392768,-0.00000000000000, 0.00880206377474, 2.65385685360215, 0.00000000000000, 2.66190595038199,11.43970872745695,    0.00000000000000,
   19,    1, 0.46250000000000, 0.01250000000000, 2.68258632700102, 0.00882462602542, 2.67376170097560, 0.00329190054460,-0.00000000000000, 0.00880175759956, 2.66204563796995, 0.00000000000000, 2.67087026399537, 7.24337125016868,    0.00000000000000,
   19,    2, 0.46250000000000, 0.03750000000000, 2.68258632700102, 0.00882462602542, 2.67376170097560, 0.00329190054460,-0.00000000000000, 0.00880175759956, 2.66204563796995, 0.00000000000000, 2.67087026399537, 7.24337125016868,    0.00000000000000,
   19,    3, 0.46250000000000, 0.06250000000000, 2.68258632700102, 0.00882462602542, 2.67376170097560, 0.00329190054460,-0.00000000000000, 0.00880175759956, 2.66204563796995, 0.00000000000000, 2.67087026399537, 7.24337125016868,    0.00000000000000,
   19,    4, 0.46250000000000, 0.08750000000000, 2.68258632700102, 0.00882462602542, 2.67376170097560, 0.00329190054460,-0.00000000000000, 0.00880175759956, 2.66204563796995, 0.00000000000000, 2.67087026399537, 7.24337125016868,    0.00000000000000,
   19,    5, 0.46250000000000, 0.11250000000000, 2.68258632700102, 0.00882462602542, 2.67376170097560, 0.00329190054460,-0.00000000000000, 0.00880175759956, 2.66204563796995, 0.00000000000000, 2.67087026399537, 7.24337125016868,    0.00000000000000,
   20,    1, 0.48750000000000, 0.01250000000000, 2.68745629984342, 0.00960740184241, 2.67784889800101, 0.00328678582238, 0.00000000000000, 0.00880151579243, 2.66615269082715, 0.00000000000000, 2.67576009266956, 2.97165508850470,    0.00000000000000,
   20,    2, 0.48750000000000, 0.03750000000000, 2.68745629984342, 0.00960740184241, 2.67784889800101, 0.00328678582238, 0.00000000000000, 0.00880151579243, 2.66615269082715, 0.00000000000000, 2.67576009266956, 2.97165508850470,    0.00000000000000,
   20,    3, 0.48750000000000, 0.06250000000000, 2.68745629984342, 0.00960740184241, 2.67784889800101, 0.00328678582238, 0.00000000000000, 0.00880151579243, 2.66615269082715, 0.00000000000000, 2.67576009266956, 2.97165508850470,    0.00000000000000,
   20,    4, 0.48750000000000, 0.08750000000000, 2.68745629984342, 0.00960740184241, 2.67784889800101, 0.00328678582238, 0.00000000000000, 0.00880151579243, 2.66615269082715, 0.00000000000000, 2.67576009266956, 2.97165508850470,    0.00000000000000,
   20,    5, 0.48750000000000, 0.11250000000000, 2.68745629984342, 0.00960740184241, 2.67784889800101, 0.00328678582238, 0.00000000000000, 0.00880151579243, 2.66615269082715, 0.00000000000000, 2.67576009266956, 2.97165508850470,    0.00000000000000,
   21,    1, 0.51250000000000, 0.01250000000000, 2.68823753587072, 0.01039259815759, 2.67784493771313, 0.00328671107400, 0.00000000000000, 0.00880130261124, 2.66615269082715, 0.00000000000000, 2.67654528898474,-1.32955752103175,    0.00000000000000,
   21,    2, 0.51250000000000, 0.03750000000000, 2.68823753587072, 0.01039259815759, 2.67784493771313, 0.00328671107400, 0.00000000000000, 0.00880130261124, 2.66615269082715, 0.00000000000000, 2.67654528898474,-1.32955752103175,    0.00000000000000,
   21,    3, 0.51250000000000, 0.06250000000000, 2.68823753587072, 0.01039259815759, 2.67784493771313, 0.00328671107400, 0.00000000000000, 0.00880130261124, 2.66615269082715, 0.00000000000000, 2.67654528898474,-1.32955752103175,    0.00000000000000,
   21,    4, 0.51250000000000, 0.08750000000000, 2.68823753587072, 0.01039259815759, 2.67784493771313, 0.00328671107400, 0.00000000000000, 0.00880130261124, 2.66615269082715, 0.00000000000000, 2.67654528898474,-1.32955752103175,    0.00000000000000,
   21,    5, 0.51250000000000, 0.11250000000000, 2.68823753587072, 0.01039259815759, 2.67784493771313, 0.00328671107400, 0.00000000000000, 0.00880130261124, 2.66615269082715, 0.00000000000000, 2.67654528898474,-1.32955752103175,    0.00000000000000,
   22,    1, 0.53750000000000, 0.01250000000000, 2.68492519040680, 0.01117537397458, 2.67374981643222, 0.00329166267877, 0.00000000000000, 0.00880108248311, 2.66204563796995, 0.00000000000000, 2.67322101194453,-5.61391172031429,    0.00000000000000,
   22,    2, 0.53750000000000, 0.03750000000000, 2.68492519040680, 0.01117537397458, 2.67374981643222, 0.00329166267877, 0.00000000000000, 0.00880108248311, 2.66204563796995, 0.00000000000000, 2.67322101194453,-5.61391172031429,    0.00000000000000,
   22,    3, 0.53750000000000, 0.06250000000000, 2.68492519040680, 0.01117537397458, 2.67374981643222, 0.00329166267877, 0.00000000000000, 0.00880108248311, 2.66204563796995, 0.00000000000000, 2.67322101194453,-5.61391172031429,    0.00000000000000,
   22,    4, 0.53750000000000, 0.08750000000000, 2.68492519040680, 0.01117537397458, 2.67374981643222, 0.00329166267877, 0.00000000000000, 0.00880108248311, 2.66204563796995, 0.00000000000000, 2.67322101194453,-5.61391172031429,    0.00000000000000,
   22,    5, 0.53750000000000, 0.11250000000000, 2.68492519040680, 0.01117537397458, 2.67374981643222, 0.00329166267877, 0.00000000000000, 0.00880108248311, 2.66204563796995, 0.00000000000000, 2.67322101194453,-5.61391172031429,    0.00000000000000,
   23,    1, 0.56250000000000, 0.01250000000000, 2.67753982261651, 0.01195090322016, 2.66558891939635, 0.00330164164199, 0.00000000000000, 0.00880081937670, 2.65385685360215, 0.00000000000000, 2.66580775682232,-9.83535426199211,    0.00000000000000,
   23,    2, 0.56250000000000, 0.03750000000000, 2.67753982261651, 0.01195090322016, 2.66558891939635, 0.00330164164199, 0.00000000000000, 0.00880081937670, 2.65385685360215, 0.00000000000000, 2.66580775682232,-9.83535426199211,    0.00000000000000,
   23,    3, 0.56250000000000, 0.06250000000000, 2.67753982261651, 0.01195090322016, 2.66558891939635, 0.00330164164199, 0.00000000000000, 0.00880081937670, 2.65385685360215, 0.00000000000000, 2.66580775682232,-9.83535426199211,    0.00000000000000,
   23,    4, 0.56250000000000, 0.08750000000000, 2.67753982261651, 0.01195090322016, 2.66558891939635, 0.00330164164199, 0.00000000000000, 0.00880081937670, 2.65385685360215, 0.00000000000000, 2.66580775682232,-9.83535426199211,    0.00000000000000,
   23,    5, 0.56250000000000, 0.11250000000000, 2.67753982261651, 0.01195090322016, 2.66558891939635, 0.00330164164199, 0.00000000000000, 0.00880081937670, 2.65385685360215, 0.00000000000000, 2.66580775682232,-9.83535426199211,    0.00000000000000,
   24,    1, 0.58750000000000, 0.01250000000000, 2.66612726865484, 0.01271440449865, 2.65341286415619, 0.00331666385653, 0.00000000000000, 0.00880047854299, 2.64163682430243, 0.00000000000000, 2.65435122880108,*****************,    0.00000000000000,
   24,    2, 0.58750000000000, 0.03750000000000, 2.66612726865484, 0.01271440449865, 2.65341286415619, 0.00331666385653, 0.00000000000000, 0.00880047854299, 2.64163682430243, 0.00000000000000, 2.65435122880108,*****************,    0.00000000000000,
   24,    3, 0.58750000000000, 0.06250000000000, 2.66612726865484, 0.01271440449865, 2.65341286415619, 0.00331666385653, 0.00000000000000, 0.00880047854299, 2.64163682430243, 0.00000000000000, 2.65435122880108,*****************,    0.00000000000000,
   24,    4, 0.58750000000000, 0.08750000000000, 2.66612726865484, 0.01271440449865, 2.65341286415619, 0.00331666385653, 0.00000000000000, 0.00880047854299, 2.64163682430243, 0.00000000000000, 2.65435122880108,*****************,    0.00000000000000,
   24,    5, 0.58750000000000, 0.11250000000000, 2.66612726865484, 0.01271440449865, 2.65341286415619, 0.00331666385653, 0.00000000000000, 0.00880047854299, 2.64163682430243, 0.00000000000000, 2.65435122880108,*****************,    0.00000000000000,
   25,    1, 0.61250000000000, 0.01250000000000, 2.65075835869489, 0.01346117057077, 2.63729718812411, 0.00333675929728,-0.00000000000000, 0.00880002591217, 2.62546089061499, 0.00000000000000, 2.63892206118576,*****************,    0.00000000000000,
   25,    2, 0.61250000000000, 0.03750000000000, 2.65075835869489, 0.01346117057077, 2.63729718812411, 0.00333675929728,-0.00000000000000, 0.00880002591217, 2.62546089061499, 0.00000000000000, 2.63892206118576,*****************,    0.00000000000000,
   25,    3, 0.61250000000000, 0.06250000000000, 2.65075835869489, 0.01346117057077, 2.63729718812411, 0.00333675929728,-0.00000000000000, 0.00880002591217, 2.62546089061499, 0.00000000000000, 2.63892206118576,*****************,    0.00000000000000,
   25,    4, 0.61250000000000, 0.08750000000000, 2.65075835869489, 0.01346117057077, 2.63729718812411, 0.00333675929728,-0.00000000000000, 0.00880002591217, 2.62546089061499, 0.00000000000000, 2.63892206118576,*****************,    0.00000000000000,
   25,    5, 0.61250000000000, 0.11250000000000, 2.65075835869489, 0.01346117057077, 2.63729718812411, 0.00333675929728,-0.00000000000000, 0.00880002591217, 2.62546089061499, 0.00000000000000, 2.63892206118576,*****************,    0.00000000000000,
   26,    1, 0.63750000000000, 0.01250000000000, 2.63152847950146, 0.01418659737537, 2.61734188212609, 0.00336197190924, 0.00000000000000, 0.00879942988458, 2.60542878255005, 0.00000000000000, 2.61961537992543,*****************,    0.00000000000000,
   26,    2, 0.63750000000000, 0.03750000000000, 2.63152847950146, 0.01418659737537, 2.61734188212609, 0.00336197190924, 0.00000000000000, 0.00879942988458, 2.60542878255005, 0.00000000000000, 2.61961537992543,*****************,    0.00000000000000,
   26,    3, 0.63750000000000, 0.06250000000000, 2.63152847950146, 0.01418659737537, 2.61734188212609, 0.00336197190924, 0.00000000000000, 0.00879942988458, 2.60542878255005, 0.00000000000000, 2.61961537992543,*****************,    0.00000000000000,
   26,    4, 0.63750000000000, 0.08750000000000, 2.63152847950146, 0.01418659737537, 2.61734188212609, 0.00336197190924, 0.00000000000000, 0.00879942988458, 2.60542878255005, 0.00000000000000, 2.61961537992543,*****************,    0.00000000000000,
   26,    5, 0.63750000000000, 0.11250000000000, 2.63152847950146, 0.01418659737537, 2.61734188212609, 0.00336197190924, 0.00000000000000, 0.00879942988458, 2.60542878255005, 0.00000000000000, 2.61961537992543,*****************,    0.00000000000000,
   27,    1, 0.66250000000000, 0.01250000000000, 2.60855698512376, 0.01488621241497, 2.59367077270879, 0.00339235838769,-0.00000000000000, 0.00879866080070, 2.58166400471520, 0.00000000000000, 2.59655021713017,*****************,    0.00000000000000,
   27,    2, 0.66250000000000, 0.03750000000000, 2.60855698512376, 0.01488621241497, 2.59367077270879, 0.00339235838769,-0.00000000000000, 0.00879866080070, 2.58166400471520, 0.00000000000000, 2.59655021713017,*****************,    0.00000000000000,
   27,    3, 0.66250000000000, 0.06250000000000, 2.60855698512376, 0.01488621241497, 2.59367077270879, 0.00339235838769,-0.00000000000000, 0.00879866080070, 2.58166400471520, 0.00000000000000, 2.59655021713017,*****************,    0.00000000000000,
   27,    4, 0.66250000000000, 0.08750000000000, 2.60855698512376, 0.01488621241497, 2.59367077270879, 0.00339235838769,-0.00000000000000, 0.00879866080070, 2.58166400471520, 0.00000000000000, 2.59655021713017,*****************,    0.00000000000000,
   27,    5, 0.66250000000000, 0.11250000000000, 2.60855698512376, 0.01488621241497, 2.59367077270879, 0.00339235838769,-0.00000000000000, 0.00879866080070, 2.58166400471520, 0.00000000000000, 2.59655021713017,*****************,    0.00000000000000,
   28,    1, 0.68750000000000, 0.01250000000000, 2.58198645916730, 0.01555570233020, 2.56643075683710, 0.00342798760464,-0.00000000000000, 0.00879769282261, 2.55431307486836, 0.00000000000000, 2.56986877719856,*****************,    0.00000000000000,
   28,    2, 0.68750000000000, 0.03750000000000, 2.58198645916730, 0.01555570233020, 2.56643075683710, 0.00342798760464,-0.00000000000000, 0.00879769282261, 2.55431307486836, 0.00000000000000, 2.56986877719856,*****************,    0.00000000000000,
   28,    3, 0.68750000000000, 0.06250000000000, 2.58198645916730, 0.01555570233020, 2.56643075683710, 0.00342798760464,-0.00000000000000, 0.00879769282261, 2.55431307486836, 0.00000000000000, 2.56986877719856,*****************,    0.00000000000000,
   28,    4, 0.68750000000000, 0.08750000000000, 2.58198645916730, 0.01555570233020, 2.56643075683710, 0.00342798760464,-0.00000000000000, 0.00879769282261, 2.55431307486836, 0.00000000000000, 2.56986877719856,*****************,    0.00000000000000,
   28,    5, 0.68750000000000, 0.11250000000000, 2.58198645916730, 0.01555570233020, 2.56643075683710, 0.00342798760464,-0.00000000000000, 0.00879769282261, 2.55431307486836, 0.00000000000000, 2.56986877719856,*****************,    0.00000000000000,
   29,    1, 0.71250000000000, 0.01250000000000, 2.55198183296577, 0.01619093949310, 2.53579089347267, 0.00346893883386, 0.00000000000000, 0.00879650350490, 2.52354462058716, 0.00000000000000, 2.53973556008026,*****************,    0.00000000000000,
   29,    2, 0.71250000000000, 0.03750000000000, 2.55198183296577, 0.01619093949310, 2.53579089347267, 0.00346893883386, 0.00000000000000, 0.00879650350490, 2.52354462058716, 0.00000000000000, 2.53973556008026,*****************,    0.00000000000000,
   29,    3, 0.71250000000000, 0.06250000000000, 2.55198183296577, 0.01619093949310, 2.53579089347267, 0.00346893883386, 0.00000000000000, 0.00879650350490, 2.52354462058716, 0.00000000000000, 2.53973556008026,*****************,    0.00000000000000,
   29,    4, 0.71250000000000, 0.08750000000000, 2.55198183296577, 0.01619093949310, 2.53579089347267, 0.00346893883386, 0.00000000000000, 0.00879650350490, 2.52354462058716, 0.00000000000000, 2.53973556008026,*****************,    0.00000000000000,
   29,    5, 0.71250000000000, 0.11250000000000, 2.55198183296577, 0.01619093949310, 2.53579089347267, 0.00346893883386, 0.00000000000000, 0.00879650350490, 2.52354462058716, 0.00000000000000, 2.53973556008026,*****************,    0.00000000000000,
   30,    1, 0.73750000000000, 0.01250000000000, 2.51872936480077, 0.01678800745533, 2.50194135734544, 0.00351530052900, 0.00000000000000, 0.00879507577700, 2.48954833962379, 0.00000000000000, 2.50633634707912,*****************,    0.00000000000000,
   30,    2, 0.73750000000000, 0.03750000000000, 2.51872936480077, 0.01678800745533, 2.50194135734544, 0.00351530052900, 0.00000000000000, 0.00879507577700, 2.48954833962379, 0.00000000000000, 2.50633634707912,*****************,    0.00000000000000,
   30,    3, 0.73750000000000, 0.06250000000000, 2.51872936480077, 0.01678800745533, 2.50194135734544, 0.00351530052900, 0.00000000000000, 0.00879507577700, 2.48954833962379, 0.00000000000000, 2.50633634707912,*****************,    0.00000000000000,
   30,    4, 0.73750000000000, 0.08750000000000, 2.51872936480077, 0.01678800745533, 2.50194135734544, 0.00351530052900, 0.00000000000000, 0.00879507577700, 2.48954833962379, 0.00000000000000, 2.50633634707912,*****************,    0.00000000000000,
   30,    5, 0.73750000000000, 0.11250000000000, 2.51872936480077, 0.01678800745533, 2.50194135734544, 0.00351530052900, 0.00000000000000, 0.00879507577700, 2.48954833962379, 0.00000000000000, 2.50633634707912,*****************,    0.00000000000000,
   31,    1, 0.76250000000000, 0.01250000000000, 2.48243548610653, 0.01734322509436, 2.46509226101217, 0.00356716774519,-0.00000000000000, 0.00879339760240, 2.45253383035529, 0.00000000000000, 2.46987705544965,*****************,    0.00000000000000,
   31,    2, 0.76250000000000, 0.03750000000000, 2.48243548610653, 0.01734322509436, 2.46509226101217, 0.00356716774519,-0.00000000000000, 0.00879339760240, 2.45253383035529, 0.00000000000000, 2.46987705544965,*****************,    0.00000000000000,
   31,    3, 0.76250000000000, 0.06250000000000, 2.48243548610653, 0.01734322509436, 2.46509226101217, 0.00356716774519,-0.00000000000000, 0.00879339760240, 2.45253383035529, 0.00000000000000, 2.46987705544965,*****************,    0.00000000000000,
   31,    4, 0.76250000000000, 0.08750000000000, 2.48243548610653, 0.01734322509436, 2.46509226101217, 0.00356716774519,-0.00000000000000, 0.00879339760240, 2.45253383035529, 0.00000000000000, 2.46987705544965,*****************,    0.00000000000000,
   31,    5, 0.76250000000000, 0.11250000000000, 2.48243548610653, 0.01734322509436, 2.46509226101217, 0.00356716774519,-0.00000000000000, 0.00879339760240, 2.45253383035529, 0.00000000000000, 2.46987705544965,*****************,    0.00000000000000,
   32,    1, 0.78750000000000, 0.01250000000000, 2.44332552134246, 0.01785316930881, 2.42547235203365, 0.00362463996465, 0.00000000000000, 0.00879146402033, 2.41272929953989, 0.00000000000000, 2.43058246884870,*****************,    0.00000000000000,
   32,    2, 0.78750000000000, 0.03750000000000, 2.44332552134246, 0.01785316930881, 2.42547235203365, 0.00362463996465, 0.00000000000000, 0.00879146402033, 2.41272929953989, 0.00000000000000, 2.43058246884870,*****************,    0.00000000000000,
   32,    3, 0.78750000000000, 0.06250000000000, 2.44332552134246, 0.01785316930881, 2.42547235203365, 0.00362463996465, 0.00000000000000, 0.00879146402033, 2.41272929953989, 0.00000000000000, 2.43058246884870,*****************,    0.00000000000000,
   32,    4, 0.78750000000000, 0.08750000000000, 2.44332552134246, 0.01785316930881, 2.42547235203365, 0.00362463996465, 0.00000000000000, 0.00879146402033, 2.41272929953989, 0.00000000000000, 2.43058246884870,*****************,    0.00000000000000,
   32,    5, 0.78750000000000, 0.11250000000000, 2.44332552134246, 0.01785316930881, 2.42547235203365, 0.00362463996465, 0.00000000000000, 0.00879146402033, 2.41272929953989, 0.00000000000000, 2.43058246884870,*****************,    0.00000000000000,
   33,    1, 0.81250000000000, 0.01250000000000, 2.40164228891591, 0.01831469612303, 2.38332759279288, 0.00368781733705, 0.00000000000000, 0.00878927681657, 2.37038015534640, 0.00000000000000, 2.38869485146943,*****************,    0.00000000000000,
   33,    2, 0.81250000000000, 0.03750000000000, 2.40164228891591, 0.01831469612303, 2.38332759279288, 0.00368781733705, 0.00000000000000, 0.00878927681657, 2.37038015534640, 0.00000000000000, 2.38869485146943,*****************,    0.00000000000000,
   33,    3, 0.81250000000000, 0.06250000000000, 2.40164228891591, 0.01831469612303, 2.38332759279288, 0.00368781733705, 0.00000000000000, 0.00878927681657, 2.37038015534640, 0.00000000000000, 2.38869485146943,*****************,    0.00000000000000,
   33,    4, 0.81250000000000, 0.08750000000000, 2.40164228891591, 0.01831469612303, 2.38332759279288, 0.00368781733705, 0.00000000000000, 0.00878927681657, 2.37038015534640, 0.00000000000000, 2.38869485146943,*****************,    0.00000000000000,
   33,    5, 0.81250000000000, 0.11250000000000, 2.40164228891591, 0.01831469612303, 2.38332759279288, 0.00368781733705, 0.00000000000000, 0.00878927681657, 2.37038015534640, 0.00000000000000, 2.38869485146943,*****************,    0.00000000000000,
   34,    1, 0.83750000000000, 0.01250000000000, 2.35764459118853, 0.01872496007073, 2.33891963111781, 0.00375679710858, 0.00000000000000, 0.00878684650738, 2.32574749433130, 0.00000000000000, 2.34447245440203,*****************,    0.00000000000000,
   34,    2, 0.83750000000000, 0.03750000000000, 2.35764459118853, 0.01872496007073, 2.33891963111781, 0.00375679710858, 0.00000000000000, 0.00878684650738, 2.32574749433130, 0.00000000000000, 2.34447245440203,*****************,    0.00000000000000,
   34,    3, 0.83750000000000, 0.06250000000000, 2.35764459118853, 0.01872496007073, 2.33891963111781, 0.00375679710858, 0.00000000000000, 0.00878684650738, 2.32574749433130, 0.00000000000000, 2.34447245440203,*****************,    0.00000000000000,
   34,    4, 0.83750000000000, 0.08750000000000, 2.35764459118853, 0.01872496007073, 2.33891963111781, 0.00375679710858, 0.00000000000000, 0.00878684650738, 2.32574749433130, 0.00000000000000, 2.34447245440203,*****************,    0.00000000000000,
   34,    5, 0.83750000000000, 0.11250000000000, 2.35764459118853, 0.01872496007073, 2.33891963111781, 0.00375679710858, 0.00000000000000, 0.00878684650738, 2.32574749433130, 0.00000000000000, 2.34447245440203,*****************,    0.00000000000000,
   35,    1, 0.86250000000000, 0.01250000000000, 2.31160560220379, 0.01908143173825, 2.29252417046553, 0.00383166815607, 0.00000000000000, 0.00878419186100, 2.27910649169162, 0.00000000000000, 2.29818792342987,*****************,    0.00000000000000,
   35,    2, 0.86250000000000, 0.03750000000000, 2.31160560220379, 0.01908143173825, 2.29252417046553, 0.00383166815607, 0.00000000000000, 0.00878419186100, 2.27910649169162, 0.00000000000000, 2.29818792342987,*****************,    0.00000000000000,
   35,    3, 0.86250000000000, 0.06250000000000, 2.31160560220379, 0.01908143173825, 2.29252417046553, 0.00383166815607, 0.00000000000000, 0.00878419186100, 2.27910649169162, 0.00000000000000, 2.29818792342987,*****************,    0.00000000000000,
   35,    4, 0.86250000000000, 0.08750000000000, 2.31160560220379, 0.01908143173825, 2.29252417046553, 0.00383166815607, 0.00000000000000, 0.00878419186100, 2.27910649169162, 0.00000000000000, 2.29818792342987,*****************,    0.00000000000000,
   35,    5, 0.86250000000000, 0.11250000000000, 2.31160560220379, 0.01908143173825, 2.29252417046553, 0.00383166815607, 0.00000000000000, 0.00878419186100, 2.27910649169162, 0.00000000000000, 2.29818792342987,*****************,    0.00000000000000,
   36,    1, 0.88750000000000, 0.01250000000000, 2.26381116233331, 0.01938191335922, 2.24442924897409, 0.00391250542759, 0.00000000000000, 0.00878134161846, 2.23074470471833, 0.00000000000000, 2.25012661807755,*****************,    0.00000000000000,
   36,    2, 0.88750000000000, 0.03750000000000, 2.26381116233331, 0.01938191335922, 2.24442924897409, 0.00391250542759, 0.00000000000000, 0.00878134161846, 2.23074470471833, 0.00000000000000, 2.25012661807755,*****************,    0.00000000000000,
   36,    3, 0.88750000000000, 0.06250000000000, 2.26381116233331, 0.01938191335922, 2.24442924897409, 0.00391250542759, 0.00000000000000, 0.00878134161846, 2.23074470471833, 0.00000000000000, 2.25012661807755,*****************,    0.00000000000000,
   36,    4, 0.88750000000000, 0.08750000000000, 2.26381116233331, 0.01938191335922, 2.24442924897409, 0.00391250542759, 0.00000000000000, 0.00878134161846, 2.23074470471833, 0.00000000000000, 2.25012661807755,*****************,    0.00000000000000,
   36,    5, 0.88750000000000, 0.11250000000000, 2.26381116233331, 0.01938191335922, 2.24442924897409, 0.00391250542759, 0.00000000000000, 0.00878134161846, 2.23074470471833, 0.00000000000000, 2.25012661807755,*****************,    0.00000000000000,
   37,    1, 0.91250000000000, 0.01250000000000, 2.21455798956428, 0.01962455236454, 2.19493343719975, 0.00399936210890, 0.00000000000000, 0.00877833362029, 2.18096029991005, 0.00000000000000, 2.20058485227459,*****************,    0.00000000000000,
   37,    2, 0.91250000000000, 0.03750000000000, 2.21455798956428, 0.01962455236454, 2.19493343719975, 0.00399936210890, 0.00000000000000, 0.00877833362029, 2.18096029991005, 0.00000000000000, 2.20058485227459,*****************,    0.00000000000000,
   37,    3, 0.91250000000000, 0.06250000000000, 2.21455798956428, 0.01962455236454, 2.19493343719975, 0.00399936210890, 0.00000000000000, 0.00877833362029, 2.18096029991005, 0.00000000000000, 2.20058485227459,*****************,    0.00000000000000,
   37,    4, 0.91250000000000, 0.08750000000000, 2.21455798956428, 0.01962455236454, 2.19493343719975, 0.00399936210890, 0.00000000000000, 0.00877833362029, 2.18096029991005, 0.00000000000000, 2.20058485227459,*****************,    0.00000000000000,
   37,    5, 0.91250000000000, 0.11250000000000, 2.21455798956428, 0.01962455236454, 2.19493343719975, 0.00399936210890, 0.00000000000000, 0.00877833362029, 2.18096029991005, 0.00000000000000, 2.20058485227459,*****************,    0.00000000000000,
   38,    1, 0.93750000000000, 0.01250000000000, 2.16415181764979, 0.01980785280403, 2.14434396484576, 0.00409226137828,-0.00000000000000, 0.00877521598909, 2.13006021467742, 0.00000000000000, 2.14986806748145,*****************,    0.00000000000000,
   38,    2, 0.93750000000000, 0.03750000000000, 2.16415181764979, 0.01980785280403, 2.14434396484576, 0.00409226137828,-0.00000000000000, 0.00877521598909, 2.13006021467742, 0.00000000000000, 2.14986806748145,*****************,    0.00000000000000,
   38,    3, 0.93750000000000, 0.06250000000000, 2.16415181764979, 0.01980785280403, 2.14434396484576, 0.00409226137828,-0.00000000000000, 0.00877521598909, 2.13006021467742, 0.00000000000000, 2.14986806748145,*****************,    0.00000000000000,
   38,    4, 0.93750000000000, 0.08750000000000, 2.16415181764979, 0.01980785280403, 2.14434396484576, 0.00409226137828,-0.00000000000000, 0.00877521598909, 2.13006021467742, 0.00000000000000, 2.14986806748145,*****************,    0.00000000000000,
   38,    5, 0.93750000000000, 0.11250000000000, 2.16415181764979, 0.01980785280403, 2.14434396484576, 0.00409226137828,-0.00000000000000, 0.00877521598909, 2.13006021467742, 0.00000000000000, 2.14986806748145,*****************,    0.00000000000000,
   39,    1, 0.96250000000000, 0.01250000000000, 2.11290547183630, 0.01993068456955, 2.09297478726675, 0.00419118549728,-0.00000000000000, 0.00877204557457, 2.07835826497189, 0.00000000000000, 2.09828894954144,*****************,    0.00000000000000,
   39,    2, 0.96250000000000, 0.03750000000000, 2.11290547183630, 0.01993068456955, 2.09297478726675, 0.00419118549728,-0.00000000000000, 0.00877204557457, 2.07835826497189, 0.00000000000000, 2.09828894954144,*****************,    0.00000000000000,
   39,    3, 0.96250000000000, 0.06250000000000, 2.11290547183630, 0.01993068456955, 2.09297478726675, 0.00419118549728,-0.00000000000000, 0.00877204557457, 2.07835826497189, 0.00000000000000, 2.09828894954144,*****************,    0.00000000000000,
   39,    4, 0.96250000000000, 0.08750000000000, 2.11290547183630, 0.01993068456955, 2.09297478726675, 0.00419118549728,-0.00000000000000, 0.00877204557457, 2.07835826497189, 0.00000000000000, 2.09828894954144,*****************,    0.00000000000000,
   39,    5, 0.96250000000000, 0.11250000000000, 2.11290547183630, 0.01993068456955, 2.09297478726675, 0.00419118549728,-0.00000000000000, 0.00877204557457, 2.07835826497189, 0.00000000000000, 2.09828894954144,*****************,    0.00000000000000,
   40,    1, 0.98750000000000, 0.01250000000000, 2.06113689338687, 0.01999229036241, 2.04114460302447, 0.00429606423384,-0.00000000000000, 0.00876888832514, 2.02617321050605, 0.00000000000000, 2.04616550086845,*****************,    0.00000000000000,
   40,    2, 0.98750000000000, 0.03750000000000, 2.06113689338687, 0.01999229036241, 2.04114460302447, 0.00429606423384,-0.00000000000000, 0.00876888832514, 2.02617321050605, 0.00000000000000, 2.04616550086845,*****************,    0.00000000000000,
   40,    3, 0.98750000000000, 0.06250000000000, 2.06113689338687, 0.01999229036241, 2.04114460302447, 0.00429606423384,-0.00000000000000, 0.00876888832514, 2.02617321050605, 0.00000000000000, 2.04616550086845,*****************,    0.00000000000000,
   40,    4, 0.98750000000000, 0.08750000000000, 2.06113689338687, 0.01999229036241, 2.04114460302447, 0.00429606423384,-0.00000000000000, 0.00876888832514, 2.02617321050605, 0.00000000000000, 2.04616550086845,*****************,    0.00000000000000,
   40,    5, 0.98750000000000, 0.11250000000000, 2.06113689338687, 0.01999229036241, 2.04114460302447, 0.00429606423384,-0.00000000000000, 0.00876888832514, 2.02617321050605, 0.00000000000000, 2.04616550086845,*****************,    0.00000000000000,
   41,    1, 1.01250000000000, 0.01250000000000, 2.00916712466098, 0.01999229036241, 1.98917483429857, 0.00440676036821, 0.00000000000000, 0.00876581682523, 1.97382678949395, 0.00000000000000, 1.99381907985636,*****************,    0.00000000000000,
   41,    2, 1.01250000000000, 0.03750000000000, 2.00916712466098, 0.01999229036241, 1.98917483429857, 0.00440676036821, 0.00000000000000, 0.00876581682523, 1.97382678949395, 0.00000000000000, 1.99381907985636,*****************,    0.00000000000000,
   41,    3, 1.01250000000000, 0.06250000000000, 2.00916712466098, 0.01999229036241, 1.98917483429857, 0.00440676036821, 0.00000000000000, 0.00876581682523, 1.97382678949395, 0.00000000000000, 1.99381907985636,*****************,    0.00000000000000,
   41,    4, 1.01250000000000, 0.08750000000000, 2.00916712466098, 0.01999229036241, 1.98917483429857, 0.00440676036821, 0.00000000000000, 0.00876581682523, 1.97382678949395, 0.00000000000000, 1.99381907985636,*****************,    0.00000000000000,
   41,    5, 1.01250000000000, 0.11250000000000, 2.00916712466098, 0.01999229036241, 1.98917483429857, 0.00440676036821, 0.00000000000000, 0.00876581682523, 1.97382678949395, 0.00000000000000, 1.99381907985636,*****************,    0.00000000000000,
   42,    1, 1.03750000000000, 0.01250000000000, 1.95731826711710, 0.01993068456955, 1.93738758254756, 0.00452305454668,-0.00000000000000, 0.00876290971393, 1.92164173502811, 0.00000000000000, 1.94157241959766,*****************,    0.00000000000000,
   42,    2, 1.03750000000000, 0.03750000000000, 1.95731826711710, 0.01993068456955, 1.93738758254756, 0.00452305454668,-0.00000000000000, 0.00876290971393, 1.92164173502811, 0.00000000000000, 1.94157241959766,*****************,    0.00000000000000,
   42,    3, 1.03750000000000, 0.06250000000000, 1.95731826711710, 0.01993068456955, 1.93738758254756, 0.00452305454668,-0.00000000000000, 0.00876290971393, 1.92164173502811, 0.00000000000000, 1.94157241959766,*****************,    0.00000000000000,
   42,    4, 1.03750000000000, 0.08750000000000, 1.95731826711710, 0.01993068456955, 1.93738758254756, 0.00452305454668,-0.00000000000000, 0.00876290971393, 1.92164173502811, 0.00000000000000, 1.94157241959766,*****************,    0.00000000000000,
   42,    5, 1.03750000000000, 0.11250000000000, 1.95731826711710, 0.01993068456955, 1.93738758254756, 0.00452305454668,-0.00000000000000, 0.00876290971393, 1.92164173502811, 0.00000000000000, 1.94157241959766,*****************,    0.00000000000000,
   43,    1, 1.06250000000000, 0.01250000000000, 1.90591142529956, 0.01980785280403, 1.88610357249552, 0.00464462737974,-0.00000000000000, 0.00876024829384, 1.86993978532258, 0.00000000000000, 1.88974763812661,*****************,    0.00000000000000,
   43,    2, 1.06250000000000, 0.03750000000000, 1.90591142529956, 0.01980785280403, 1.88610357249552, 0.00464462737974,-0.00000000000000, 0.00876024829384, 1.86993978532258, 0.00000000000000, 1.88974763812661,*****************,    0.00000000000000,
   43,    3, 1.06250000000000, 0.06250000000000, 1.90591142529956, 0.01980785280403, 1.88610357249552, 0.00464462737974,-0.00000000000000, 0.00876024829384, 1.86993978532258, 0.00000000000000, 1.88974763812661,*****************,    0.00000000000000,
   43,    4, 1.06250000000000, 0.08750000000000, 1.90591142529956, 0.01980785280403, 1.88610357249552, 0.00464462737974,-0.00000000000000, 0.00876024829384, 1.86993978532258, 0.00000000000000, 1.88974763812661,*****************,    0.00000000000000,
   43,    5, 1.06250000000000, 0.11250000000000, 1.90591142529956, 0.01980785280403, 1.88610357249552, 0.00464462737974,-0.00000000000000, 0.00876024829384, 1.86993978532258, 0.00000000000000, 1.88974763812661,*****************,    0.00000000000000,
   44,    1, 1.08750000000000, 0.01250000000000, 1.85526465067318, 0.01962455236454, 1.83564009830864, 0.00477104152213, 0.00000000000000, 0.00875791512871, 1.81903970008995, 0.00000000000000, 1.83866425245449,*****************,    0.00000000000000,
   44,    2, 1.08750000000000, 0.03750000000000, 1.85526465067318, 0.01962455236454, 1.83564009830864, 0.00477104152213, 0.00000000000000, 0.00875791512871, 1.81903970008995, 0.00000000000000, 1.83866425245449,*****************,    0.00000000000000,
   44,    3, 1.08750000000000, 0.06250000000000, 1.85526465067318, 0.01962455236454, 1.83564009830864, 0.00477104152213, 0.00000000000000, 0.00875791512871, 1.81903970008995, 0.00000000000000, 1.83866425245449,*****************,    0.00000000000000,
   44,    4, 1.08750000000000, 0.08750000000000, 1.85526465067318, 0.01962455236454, 1.83564009830864, 0.00477104152213, 0.00000000000000, 0.00875791512871, 1.81903970008995, 0.00000000000000, 1.83866425245449,*****************,    0.00000000000000,
   44,    5, 1.08750000000000, 0.11250000000000, 1.85526465067318, 0.01962455236454, 1.83564009830864, 0.00477104152213, 0.00000000000000, 0.00875791512871, 1.81903970008995, 0.00000000000000, 1.83866425245449,*****************,    0.00000000000000,
   45,    1, 1.11250000000000, 0.01250000000000, 1.80569090008646, 0.01938191335922, 1.78630898672724, 0.00490172198197,-0.00000000000000, 0.00875599002683, 1.76925529528167, 0.00000000000000, 1.78863720864090,*****************,    0.00000000000000,
   45,    2, 1.11250000000000, 0.03750000000000, 1.80569090008646, 0.01938191335922, 1.78630898672724, 0.00490172198197,-0.00000000000000, 0.00875599002683, 1.76925529528167, 0.00000000000000, 1.78863720864090,*****************,    0.00000000000000,
   45,    3, 1.11250000000000, 0.06250000000000, 1.80569090008646, 0.01938191335922, 1.78630898672724, 0.00490172198197,-0.00000000000000, 0.00875599002683, 1.76925529528167, 0.00000000000000, 1.78863720864090,*****************,    0.00000000000000,
   45,    4, 1.11250000000000, 0.08750000000000, 1.80569090008646, 0.01938191335922, 1.78630898672724, 0.00490172198197,-0.00000000000000, 0.00875599002683, 1.76925529528167, 0.00000000000000, 1.78863720864090,*****************,    0.00000000000000,
   45,    5, 1.11250000000000, 0.11250000000000, 1.80569090008646, 0.01938191335922, 1.78630898672724, 0.00490172198197,-0.00000000000000, 0.00875599002683, 1.76925529528167, 0.00000000000000, 1.78863720864090,*****************,    0.00000000000000,
   46,    1, 1.13750000000000, 0.01250000000000, 1.75749602465626, 0.01908143173825, 1.73841459291801, 0.00503593810486, 0.00000000000000, 0.00875454829052, 1.72089350830838, 0.00000000000000, 1.73997494004663,*****************,    0.00000000000000,
   46,    2, 1.13750000000000, 0.03750000000000, 1.75749602465626, 0.01908143173825, 1.73841459291801, 0.00503593810486, 0.00000000000000, 0.00875454829052, 1.72089350830838, 0.00000000000000, 1.73997494004663,*****************,    0.00000000000000,
   46,    3, 1.13750000000000, 0.06250000000000, 1.75749602465626, 0.01908143173825, 1.73841459291801, 0.00503593810486, 0.00000000000000, 0.00875454829052, 1.72089350830838, 0.00000000000000, 1.73997494004663,*****************,    0.00000000000000,
   46,    4, 1.13750000000000, 0.08750000000000, 1.75749602465626, 0.01908143173825, 1.73841459291801, 0.00503593810486, 0.00000000000000, 0.00875454829052, 1.72089350830838, 0.00000000000000, 1.73997494004663,*****************,    0.00000000000000,
   46,    5, 1.13750000000000, 0.11250000000000, 1.75749602465626, 0.01908143173825, 1.73841459291801, 0.00503593810486, 0.00000000000000, 0.00875454829052, 1.72089350830838, 0.00000000000000, 1.73997494004663,*****************,    0.00000000000000,
   47,    1, 1.16250000000000, 0.01250000000000, 1.71097680592461, 0.01872496007073, 1.69225184585389, 0.00517278601992, 0.00000000000000, 0.00875365669042, 1.67425250566870, 0.00000000000000, 1.69297746573942,*****************,    0.00000000000000,
   47,    2, 1.16250000000000, 0.03750000000000, 1.71097680592461, 0.01872496007073, 1.69225184585389, 0.00517278601992, 0.00000000000000, 0.00875365669042, 1.67425250566870, 0.00000000000000, 1.69297746573942,*****************,    0.00000000000000,
   47,    3, 1.16250000000000, 0.06250000000000, 1.71097680592461, 0.01872496007073, 1.69225184585389, 0.00517278601992, 0.00000000000000, 0.00875365669042, 1.67425250566870, 0.00000000000000, 1.69297746573942,*****************,    0.00000000000000,
   47,    4, 1.16250000000000, 0.08750000000000, 1.71097680592461, 0.01872496007073, 1.69225184585389, 0.00517278601992, 0.00000000000000, 0.00875365669042, 1.67425250566870, 0.00000000000000, 1.69297746573942,*****************,    0.00000000000000,
   47,    5, 1.16250000000000, 0.11250000000000, 1.71097680592461, 0.01872496007073, 1.69225184585389, 0.00517278601992, 0.00000000000000, 0.00875365669042, 1.67425250566870, 0.00000000000000, 1.69297746573942,*****************,    0.00000000000000,
   48,    1, 1.18750000000000, 0.01250000000000, 1.66641905714195, 0.01831469612303, 1.64810436101892, 0.00531117584483, 0.00000000000000, 0.00875337207201, 1.62961984465360, 0.00000000000000, 1.64793454077662,*****************,    0.00000000000000,
   48,    2, 1.18750000000000, 0.03750000000000, 1.66641905714195, 0.01831469612303, 1.64810436101892, 0.00531117584483, 0.00000000000000, 0.00875337207201, 1.62961984465360, 0.00000000000000, 1.64793454077662,*****************,    0.00000000000000,
   48,    3, 1.18750000000000, 0.06250000000000, 1.66641905714195, 0.01831469612303, 1.64810436101892, 0.00531117584483, 0.00000000000000, 0.00875337207201, 1.62961984465360, 0.00000000000000, 1.64793454077662,*****************,    0.00000000000000,
   48,    4, 1.18750000000000, 0.08750000000000, 1.66641905714195, 0.01831469612303, 1.64810436101892, 0.00531117584483, 0.00000000000000, 0.00875337207201, 1.62961984465360, 0.00000000000000, 1.64793454077662,*****************,    0.00000000000000,
   48,    5, 1.18750000000000, 0.11250000000000, 1.66641905714195, 0.01831469612303, 1.64810436101892, 0.00531117584483, 0.00000000000000, 0.00875337207201, 1.62961984465360, 0.00000000000000, 1.64793454077662,*****************,    0.00000000000000,
   49,    1, 1.21250000000000, 0.01250000000000, 1.62409580832858, 0.01785316930881, 1.60624263901977, 0.00544982297323,-0.00000000000000, 0.00875373803472, 1.58727070046011, 0.00000000000000, 1.60512386976892,*****************,    0.00000000000000,
   49,    2, 1.21250000000000, 0.03750000000000, 1.62409580832858, 0.01785316930881, 1.60624263901977, 0.00544982297323,-0.00000000000000, 0.00875373803472, 1.58727070046011, 0.00000000000000, 1.60512386976892,*****************,    0.00000000000000,
   49,    3, 1.21250000000000, 0.06250000000000, 1.62409580832858, 0.01785316930881, 1.60624263901977, 0.00544982297323,-0.00000000000000, 0.00875373803472, 1.58727070046011, 0.00000000000000, 1.60512386976892,*****************,    0.00000000000000,
   49,    4, 1.21250000000000, 0.08750000000000, 1.62409580832858, 0.01785316930881, 1.60624263901977, 0.00544982297323,-0.00000000000000, 0.00875373803472, 1.58727070046011, 0.00000000000000, 1.60512386976892,*****************,    0.00000000000000,
   49,    5, 1.21250000000000, 0.11250000000000, 1.62409580832858, 0.01785316930881, 1.60624263901977, 0.00544982297323,-0.00000000000000, 0.00875373803472, 1.58727070046011, 0.00000000000000, 1.60512386976892,*****************,    0.00000000000000,
   50,    1, 1.23750000000000, 0.01250000000000, 1.58426559415056, 0.01734322509436, 1.56692236905620, 0.00558724841408, 0.00000000000000, 0.00875478452149, 1.54746616964471, 0.00000000000000, 1.56480939473906,*****************,    0.00000000000000,
   50,    2, 1.23750000000000, 0.03750000000000, 1.58426559415056, 0.01734322509436, 1.56692236905620, 0.00558724841408, 0.00000000000000, 0.00875478452149, 1.54746616964471, 0.00000000000000, 1.56480939473906,*****************,    0.00000000000000,
   50,    3, 1.23750000000000, 0.06250000000000, 1.58426559415056, 0.01734322509436, 1.56692236905620, 0.00558724841408, 0.00000000000000, 0.00875478452149, 1.54746616964471, 0.00000000000000, 1.56480939473906,*****************,    0.00000000000000,
   50,    4, 1.23750000000000, 0.08750000000000, 1.58426559415056, 0.01734322509436, 1.56692236905620, 0.00558724841408, 0.00000000000000, 0.00875478452149, 1.54746616964471, 0.00000000000000, 1.56480939473906,*****************,    0.00000000000000,
   50,    5, 1.23750000000000, 0.11250000000000, 1.58426559415056, 0.01734322509436, 1.56692236905620, 0.00558724841408, 0.00000000000000, 0.00875478452149, 1.54746616964471, 0.00000000000000, 1.56480939473906,*****************,    0.00000000000000,
   51,    1, 1.26250000000000, 0.01250000000000, 1.54717086336254, 0.01678800745533, 1.53038285590721, 0.00572178759652,-0.00000000000000, 0.00875652564285, 1.51045166037621, 0.00000000000000, 1.52723966783154,*****************,    0.00000000000000,
   51,    2, 1.26250000000000, 0.03750000000000, 1.54717086336254, 0.01678800745533, 1.53038285590721, 0.00572178759652,-0.00000000000000, 0.00875652564285, 1.51045166037621, 0.00000000000000, 1.52723966783154,*****************,    0.00000000000000,
   51,    3, 1.26250000000000, 0.06250000000000, 1.54717086336254, 0.01678800745533, 1.53038285590721, 0.00572178759652,-0.00000000000000, 0.00875652564285, 1.51045166037621, 0.00000000000000, 1.52723966783154,*****************,    0.00000000000000,
   51,    4, 1.26250000000000, 0.08750000000000, 1.54717086336254, 0.01678800745533, 1.53038285590721, 0.00572178759652,-0.00000000000000, 0.00875652564285, 1.51045166037621, 0.00000000000000, 1.52723966783154,*****************,    0.00000000000000,
   51,    5, 1.26250000000000, 0.11250000000000, 1.54717086336254, 0.01678800745533, 1.53038285590721, 0.00572178759652,-0.00000000000000, 0.00875652564285, 1.51045166037621, 0.00000000000000, 1.52723966783154,*****************,    0.00000000000000,
   52,    1, 1.28750000000000, 0.01250000000000, 1.51303652734630, 0.01619093949310, 1.49684558785320, 0.00585161255138,-0.00000000000000, 0.00875896042936, 1.47645537941284, 0.00000000000000, 1.49264631890593,*****************,    0.00000000000000,
   52,    2, 1.28750000000000, 0.03750000000000, 1.51303652734630, 0.01619093949310, 1.49684558785320, 0.00585161255138,-0.00000000000000, 0.00875896042936, 1.47645537941284, 0.00000000000000, 1.49264631890593,*****************,    0.00000000000000,
   52,    3, 1.28750000000000, 0.06250000000000, 1.51303652734630, 0.01619093949310, 1.49684558785320, 0.00585161255138,-0.00000000000000, 0.00875896042936, 1.47645537941284, 0.00000000000000, 1.49264631890593,*****************,    0.00000000000000,
   52,    4, 1.28750000000000, 0.08750000000000, 1.51303652734630, 0.01619093949310, 1.49684558785320, 0.00585161255138,-0.00000000000000, 0.00875896042936, 1.47645537941284, 0.00000000000000, 1.49264631890593,*****************,    0.00000000000000,
   52,    5, 1.28750000000000, 0.11250000000000, 1.51303652734630, 0.01619093949310, 1.49684558785320, 0.00585161255138,-0.00000000000000, 0.00875896042936, 1.47645537941284, 0.00000000000000, 1.49264631890593,*****************,    0.00000000000000,
   53,    1, 1.31250000000000, 0.01250000000000, 1.48206866285650, 0.01555570233020, 1.46651296052631, 0.00597476594531,-0.00000000000000, 0.00876207169491, 1.44568692513164, 0.00000000000000, 1.46124262746183,*****************,    0.00000000000000,
   53,    2, 1.31250000000000, 0.03750000000000, 1.48206866285650, 0.01555570233020, 1.46651296052631, 0.00597476594531,-0.00000000000000, 0.00876207169491, 1.44568692513164, 0.00000000000000, 1.46124262746183,*****************,    0.00000000000000,
   53,    3, 1.31250000000000, 0.06250000000000, 1.48206866285650, 0.01555570233020, 1.46651296052631, 0.00597476594531,-0.00000000000000, 0.00876207169491, 1.44568692513164, 0.00000000000000, 1.46124262746183,*****************,    0.00000000000000,
   53,    4, 1.31250000000000, 0.08750000000000, 1.48206866285650, 0.01555570233020, 1.46651296052631, 0.00597476594531,-0.00000000000000, 0.00876207169491, 1.44568692513164, 0.00000000000000, 1.46124262746183,*****************,    0.00000000000000,
   53,    5, 1.31250000000000, 0.11250000000000, 1.48206866285650, 0.01555570233020, 1.46651296052631, 0.00597476594531,-0.00000000000000, 0.00876207169491, 1.44568692513164, 0.00000000000000, 1.46124262746183,*****************,    0.00000000000000,
   54,    1, 1.33750000000000, 0.01250000000000, 1.45445338030153, 0.01488621241497, 1.43956716788656, 0.00608921056347,-0.00000000000000, 0.00876582760552, 1.41833599528480, 0.00000000000000, 1.43322220769977,*****************,    0.00000000000000,
   54,    2, 1.33750000000000, 0.03750000000000, 1.45445338030153, 0.01488621241497, 1.43956716788656, 0.00608921056347,-0.00000000000000, 0.00876582760552, 1.41833599528480, 0.00000000000000, 1.43322220769977,*****************,    0.00000000000000,
   54,    3, 1.33750000000000, 0.06250000000000, 1.45445338030153, 0.01488621241497, 1.43956716788656, 0.00608921056347,-0.00000000000000, 0.00876582760552, 1.41833599528480, 0.00000000000000, 1.43322220769977,*****************,    0.00000000000000,
   54,    4, 1.33750000000000, 0.08750000000000, 1.45445338030153, 0.01488621241497, 1.43956716788656, 0.00608921056347,-0.00000000000000, 0.00876582760552, 1.41833599528480, 0.00000000000000, 1.43322220769977,*****************,    0.00000000000000,
   54,    5, 1.33750000000000, 0.11250000000000, 1.45445338030153, 0.01488621241497, 1.43956716788656, 0.00608921056347,-0.00000000000000, 0.00876582760552, 1.41833599528480, 0.00000000000000, 1.43322220769977,*****************,    0.00000000000000,
   55,    1, 1.36250000000000, 0.01250000000000, 1.43035586371722, 0.01418659737537, 1.41616926634185, 0.00619289044074,-0.00000000000000, 0.00877018111199, 1.39457121744995, 0.00000000000000, 1.40875781482532,*****************,    0.00000000000000,
   55,    2, 1.36250000000000, 0.03750000000000, 1.43035586371722, 0.01418659737537, 1.41616926634185, 0.00619289044074,-0.00000000000000, 0.00877018111199, 1.39457121744995, 0.00000000000000, 1.40875781482532,*****************,    0.00000000000000,
   55,    3, 1.36250000000000, 0.06250000000000, 1.43035586371722, 0.01418659737537, 1.41616926634185, 0.00619289044074,-0.00000000000000, 0.00877018111199, 1.39457121744995, 0.00000000000000, 1.40875781482532,*****************,    0.00000000000000,
   55,    4, 1.36250000000000, 0.08750000000000, 1.43035586371722, 0.01418659737537, 1.41616926634185, 0.00619289044074,-0.00000000000000, 0.00877018111199, 1.39457121744995, 0.00000000000000, 1.40875781482532,*****************,    0.00000000000000,
   55,    5, 1.36250000000000, 0.11250000000000, 1.43035586371722, 0.01418659737537, 1.41616926634185, 0.00619289044074,-0.00000000000000, 0.00877018111199, 1.39457121744995, 0.00000000000000, 1.40875781482532,*****************,    0.00000000000000,
   56,    1, 1.38750000000000, 0.01250000000000, 1.40991958225095, 0.01346117057077, 1.39645841168018, 0.00628380468349,-0.00000000000000, 0.00877507190761, 1.37453910938501, 0.00000000000000, 1.38800027995579,*****************,    0.00000000000000,
   56,    2, 1.38750000000000, 0.03750000000000, 1.40991958225095, 0.01346117057077, 1.39645841168018, 0.00628380468349,-0.00000000000000, 0.00877507190761, 1.37453910938501, 0.00000000000000, 1.38800027995579,*****************,    0.00000000000000,
   56,    3, 1.38750000000000, 0.06250000000000, 1.40991958225095, 0.01346117057077, 1.39645841168018, 0.00628380468349,-0.00000000000000, 0.00877507190761, 1.37453910938501, 0.00000000000000, 1.38800027995579,*****************,    0.00000000000000,
   56,    4, 1.38750000000000, 0.08750000000000, 1.40991958225095, 0.01346117057077, 1.39645841168018, 0.00628380468349,-0.00000000000000, 0.00877507190761, 1.37453910938501, 0.00000000000000, 1.38800027995579,*****************,    0.00000000000000,
   56,    5, 1.38750000000000, 0.11250000000000, 1.40991958225095, 0.01346117057077, 1.39645841168018, 0.00628380468349,-0.00000000000000, 0.00877507190761, 1.37453910938501, 0.00000000000000, 1.38800027995579,*****************,    0.00000000000000,
   57,    1, 1.41250000000000, 0.01250000000000, 1.39326566598685, 0.01271440449865, 1.38055126148820, 0.00636008705479,-0.00000000000000, 0.00878042620666, 1.35836317569757, 0.00000000000000, 1.37107758019622,-7.97853543366751,    0.00000000000000,
   57,    2, 1.41250000000000, 0.03750000000000, 1.39326566598685, 0.01271440449865, 1.38055126148820, 0.00636008705479,-0.00000000000000, 0.00878042620666, 1.35836317569757, 0.00000000000000, 1.37107758019622,-7.97853543366751,    0.00000000000000,
   57,    3, 1.41250000000000, 0.06250000000000, 1.39326566598685, 0.01271440449865, 1.38055126148820, 0.00636008705479,-0.00000000000000, 0.00878042620666, 1.35836317569757, 0.00000000000000, 1.37107758019622,-7.97853543366751,    0.00000000000000,
   57,    4, 1.41250000000000, 0.08750000000000, 1.39326566598685, 0.01271440449865, 1.38055126148820, 0.00636008705479,-0.00000000000000, 0.00878042620666, 1.35836317569757, 0.00000000000000, 1.37107758019622,-7.97853543366751,    0.00000000000000,
   57,    5, 1.41250000000000, 0.11250000000000, 1.39326566598685, 0.01271440449865, 1.38055126148820, 0.00636008705479,-0.00000000000000, 0.00878042620666, 1.35836317569757, 0.00000000000000, 1.37107758019622,-7.97853543366751,    0.00000000000000,
   58,    1, 1.43750000000000, 0.01250000000000, 1.38049243216692, 0.01195090322016, 1.36854152894676, 0.00642008954585,-0.00000000000000, 0.00878615916305, 1.34614314639785, 0.00000000000000, 1.35809404961801,-5.80268128605041,    0.00000000000000,
   58,    2, 1.43750000000000, 0.03750000000000, 1.38049243216692, 0.01195090322016, 1.36854152894676, 0.00642008954585,-0.00000000000000, 0.00878615916305, 1.34614314639785, 0.00000000000000, 1.35809404961801,-5.80268128605041,    0.00000000000000,
   58,    3, 1.43750000000000, 0.06250000000000, 1.38049243216692, 0.01195090322016, 1.36854152894676, 0.00642008954585,-0.00000000000000, 0.00878615916305, 1.34614314639785, 0.00000000000000, 1.35809404961801,-5.80268128605041,    0.00000000000000,
   58,    4, 1.43750000000000, 0.08750000000000, 1.38049243216692, 0.01195090322016, 1.36854152894676, 0.00642008954585,-0.00000000000000, 0.00878615916305, 1.34614314639785, 0.00000000000000, 1.35809404961801,-5.80268128605041,    0.00000000000000,
   58,    5, 1.43750000000000, 0.11250000000000, 1.38049243216692, 0.01195090322016, 1.36854152894676, 0.00642008954585,-0.00000000000000, 0.00878615916305, 1.34614314639785, 0.00000000000000, 1.35809404961801,-5.80268128605041,    0.00000000000000,
   59,    1, 1.46250000000000, 0.01250000000000, 1.37167504241334, 0.01117537397458, 1.36049966843876, 0.00646246047484,-0.00000000000000, 0.00879217533332, 1.33795436203005, 0.00000000000000, 1.34912973600463,-3.64054621067906,    0.00000000000000,
   59,    2, 1.46250000000000, 0.03750000000000, 1.37167504241334, 0.01117537397458, 1.36049966843876, 0.00646246047484,-0.00000000000000, 0.00879217533332, 1.33795436203005, 0.00000000000000, 1.34912973600463,-3.64054621067906,    0.00000000000000,
   59,    3, 1.46250000000000, 0.06250000000000, 1.37167504241334, 0.01117537397458, 1.36049966843876, 0.00646246047484,-0.00000000000000, 0.00879217533332, 1.33795436203005, 0.00000000000000, 1.34912973600463,-3.64054621067906,    0.00000000000000,
   59,    4, 1.46250000000000, 0.08750000000000, 1.37167504241334, 0.01117537397458, 1.36049966843876, 0.00646246047484,-0.00000000000000, 0.00879217533332, 1.33795436203005, 0.00000000000000, 1.34912973600463,-3.64054621067906,    0.00000000000000,
   59,    5, 1.46250000000000, 0.11250000000000, 1.37167504241334, 0.01117537397458, 1.36049966843876, 0.00646246047484,-0.00000000000000, 0.00879217533332, 1.33795436203005, 0.00000000000000, 1.34912973600463,-3.64054621067906,    0.00000000000000,
   60,    1, 1.48750000000000, 0.01250000000000, 1.36686526860804, 0.01039259815759, 1.35647267045045, 0.00648621398483,-0.00000000000000, 0.00879837200512, 1.33384730917285, 0.00000000000000, 1.34423990733044,-1.48668684926749,    0.00000000000000,
   60,    2, 1.48750000000000, 0.03750000000000, 1.36686526860804, 0.01039259815759, 1.35647267045045, 0.00648621398483,-0.00000000000000, 0.00879837200512, 1.33384730917285, 0.00000000000000, 1.34423990733044,-1.48668684926749,    0.00000000000000,
   60,    3, 1.48750000000000, 0.06250000000000, 1.36686526860804, 0.01039259815759, 1.35647267045045, 0.00648621398483,-0.00000000000000, 0.00879837200512, 1.33384730917285, 0.00000000000000, 1.34423990733044,-1.48668684926749,    0.00000000000000,
   60,    4, 1.48750000000000, 0.08750000000000, 1.36686526860804, 0.01039259815759, 1.35647267045045, 0.00648621398483,-0.00000000000000, 0.00879837200512, 1.33384730917285, 0.00000000000000, 1.34423990733044,-1.48668684926749,    0.00000000000000,
   60,    5, 1.48750000000000, 0.11250000000000, 1.36686526860804, 0.01039259815759, 1.35647267045045, 0.00648621398483,-0.00000000000000, 0.00879837200512, 1.33384730917285, 0.00000000000000, 1.34423990733044,-1.48668684926749,    0.00000000000000,
   61,    1, 1.51250000000000, 0.01250000000000, 1.36609134555508, 0.00960740184241, 1.35648394371268, 0.00649078134001,-0.00000000000000, 0.00880464066987, 1.33384730917285, 0.00000000000000, 1.34345471101526, 0.66516322486712,    0.00000000000000,
   61,    2, 1.51250000000000, 0.03750000000000, 1.36609134555508, 0.00960740184241, 1.35648394371268, 0.00649078134001,-0.00000000000000, 0.00880464066987, 1.33384730917285, 0.00000000000000, 1.34345471101526, 0.66516322486712,    0.00000000000000,
   61,    3, 1.51250000000000, 0.06250000000000, 1.36609134555508, 0.00960740184241, 1.35648394371268, 0.00649078134001,-0.00000000000000, 0.00880464066987, 1.33384730917285, 0.00000000000000, 1.34345471101526, 0.66516322486712,    0.00000000000000,
   61,    4, 1.51250000000000, 0.08750000000000, 1.36609134555508, 0.00960740184241, 1.35648394371268, 0.00649078134001,-0.00000000000000, 0.00880464066987, 1.33384730917285, 0.00000000000000, 1.34345471101526, 0.66516322486712,    0.00000000000000,
   61,    5, 1.51250000000000, 0.11250000000000, 1.36609134555508, 0.00960740184241, 1.35648394371268, 0.00649078134001,-0.00000000000000, 0.00880464066987, 1.33384730917285, 0.00000000000000, 1.34345471101526, 0.66516322486712,    0.00000000000000,
   62,    1, 1.53750000000000, 0.01250000000000, 1.36935789276298, 0.00882462602542, 1.36053326673756, 0.00647604249061,-0.00000000000000, 0.00881087124528, 1.33795436203005, 0.00000000000000, 1.34677898805547, 2.82157359254520,    0.00000000000000,
   62,    2, 1.53750000000000, 0.03750000000000, 1.36935789276298, 0.00882462602542, 1.36053326673756, 0.00647604249061,-0.00000000000000, 0.00881087124528, 1.33795436203005, 0.00000000000000, 1.34677898805547, 2.82157359254520,    0.00000000000000,
   62,    3, 1.53750000000000, 0.06250000000000, 1.36935789276298, 0.00882462602542, 1.36053326673756, 0.00647604249061,-0.00000000000000, 0.00881087124528, 1.33795436203005, 0.00000000000000, 1.34677898805547, 2.82157359254520,    0.00000000000000,
   62,    4, 1.53750000000000, 0.08750000000000, 1.36935789276298, 0.00882462602542, 1.36053326673756, 0.00647604249061,-0.00000000000000, 0.00881087124528, 1.33795436203005, 0.00000000000000, 1.34677898805547, 2.82157359254520,    0.00000000000000,
   62,    5, 1.53750000000000, 0.11250000000000, 1.36935789276298, 0.00882462602542, 1.36053326673756, 0.00647604249061,-0.00000000000000, 0.00881087124528, 1.33795436203005, 0.00000000000000, 1.34677898805547, 2.82157359254520,    0.00000000000000,
   63,    1, 1.56250000000000, 0.01250000000000, 1.37664589514566, 0.00804909677984, 1.36859679836582, 0.00644233137800,-0.00000000000000, 0.00881695409794, 1.34614314639785, 0.00000000000000, 1.35419224317769, 4.98888804579071,    0.00000000000000,
   63,    2, 1.56250000000000, 0.03750000000000, 1.37664589514566, 0.00804909677984, 1.36859679836582, 0.00644233137800,-0.00000000000000, 0.00881695409794, 1.34614314639785, 0.00000000000000, 1.35419224317769, 4.98888804579071,    0.00000000000000,
   63,    3, 1.56250000000000, 0.06250000000000, 1.37664589514566, 0.00804909677984, 1.36859679836582, 0.00644233137800,-0.00000000000000, 0.00881695409794, 1.34614314639785, 0.00000000000000, 1.35419224317769, 4.98888804579071,    0.00000000000000,
   63,    4, 1.56250000000000, 0.08750000000000, 1.37664589514566, 0.00804909677984, 1.36859679836582, 0.00644233137800,-0.00000000000000, 0.00881695409794, 1.34614314639785, 0.00000000000000, 1.35419224317769, 4.98888804579071,    0.00000000000000,
   63,    5, 1.56250000000000, 0.11250000000000, 1.37664589514566, 0.00804909677984, 1.36859679836582, 0.00644233137800,-0.00000000000000, 0.00881695409794, 1.34614314639785, 0.00000000000000, 1.35419224317769, 4.98888804579071,    0.00000000000000,
   64,    1, 1.58750000000000, 0.01250000000000, 1.38791274185651, 0.00728559550135, 1.38062714635516, 0.00639041782346,-0.00000000000000, 0.00882278432363, 1.35836317569757, 0.00000000000000, 1.36564877119892, 7.17270190432693,    0.00000000000000,
   64,    2, 1.58750000000000, 0.03750000000000, 1.38791274185651, 0.00728559550135, 1.38062714635516, 0.00639041782346,-0.00000000000000, 0.00882278432363, 1.35836317569757, 0.00000000000000, 1.36564877119892, 7.17270190432693,    0.00000000000000,
   64,    3, 1.58750000000000, 0.06250000000000, 1.38791274185651, 0.00728559550135, 1.38062714635516, 0.00639041782346,-0.00000000000000, 0.00882278432363, 1.35836317569757, 0.00000000000000, 1.36564877119892, 7.17270190432693,    0.00000000000000,
   64,    4, 1.58750000000000, 0.08750000000000, 1.38791274185651, 0.00728559550135, 1.38062714635516, 0.00639041782346,-0.00000000000000, 0.00882278432363, 1.35836317569757, 0.00000000000000, 1.36564877119892, 7.17270190432693,    0.00000000000000,
   64,    5, 1.58750000000000, 0.11250000000000, 1.38791274185651, 0.00728559550135, 1.38062714635516, 0.00639041782346,-0.00000000000000, 0.00882278432363, 1.35836317569757, 0.00000000000000, 1.36564877119892, 7.17270190432693,    0.00000000000000,
   65,    1, 1.61250000000000, 0.01250000000000, 1.40309233203182, 0.00653882942923, 1.39655350260260, 0.00632146445463,-0.00000000000000, 0.00882826332569, 1.37453910938501, 0.00000000000000, 1.38107793881424, 9.37736072116529,    0.00000000000000,
   65,    2, 1.61250000000000, 0.03750000000000, 1.40309233203182, 0.00653882942923, 1.39655350260260, 0.00632146445463,-0.00000000000000, 0.00882826332569, 1.37453910938501, 0.00000000000000, 1.38107793881424, 9.37736072116529,    0.00000000000000,
   65,    3, 1.61250000000000, 0.06250000000000, 1.40309233203182, 0.00653882942923, 1.39655350260260, 0.00632146445463,-0.00000000000000, 0.00882826332569, 1.37453910938501, 0.00000000000000, 1.38107793881424, 9.37736072116529,    0.00000000000000,
   65,    4, 1.61250000000000, 0.08750000000000, 1.40309233203182, 0.00653882942923, 1.39655350260260, 0.00632146445463,-0.00000000000000, 0.00882826332569, 1.37453910938501, 0.00000000000000, 1.38107793881424, 9.37736072116529,    0.00000000000000,
   65,    5, 1.61250000000000, 0.11250000000000, 1.40309233203182, 0.00653882942923, 1.39655350260260, 0.00632146445463,-0.00000000000000, 0.00882826332569, 1.37453910938501, 0.00000000000000, 1.38107793881424, 9.37736072116529,    0.00000000000000,
   66,    1, 1.63750000000000, 0.01250000000000, 1.42209526408646, 0.00581340262463, 1.41628186146183, 0.00623696632976, 0.00000000000000, 0.00883330228339, 1.39457121744995, 0.00000000000000, 1.40038462007457,11.60549496203566,    0.00000000000000,
   66,    2, 1.63750000000000, 0.03750000000000, 1.42209526408646, 0.00581340262463, 1.41628186146183, 0.00623696632976, 0.00000000000000, 0.00883330228339, 1.39457121744995, 0.00000000000000, 1.40038462007457,11.60549496203566,    0.00000000000000,
   66,    3, 1.63750000000000, 0.06250000000000, 1.42209526408646, 0.00581340262463, 1.41628186146183, 0.00623696632976, 0.00000000000000, 0.00883330228339, 1.39457121744995, 0.00000000000000, 1.40038462007457,11.60549496203566,    0.00000000000000,
   66,    4, 1.63750000000000, 0.08750000000000, 1.42209526408646, 0.00581340262463, 1.41628186146183, 0.00623696632976, 0.00000000000000, 0.00883330228339, 1.39457121744995, 0.00000000000000, 1.40038462007457,11.60549496203566,    0.00000000000000,
   66,    5, 1.63750000000000, 0.11250000000000, 1.42209526408646, 0.00581340262463, 1.41628186146183, 0.00623696632976, 0.00000000000000, 0.00883330228339, 1.39457121744995, 0.00000000000000, 1.40038462007457,11.60549496203566,    0.00000000000000,
   67,    1, 1.66250000000000, 0.01250000000000, 1.44480912998905, 0.00511378758503, 1.43969534240402, 0.00613867567013,-0.00000000000000, 0.00883782277082, 1.41833599528480, 0.00000000000000, 1.42344978286983,13.85760432554774,    0.00000000000000,
   67,    2, 1.66250000000000, 0.03750000000000, 1.44480912998905, 0.00511378758503, 1.43969534240402, 0.00613867567013,-0.00000000000000, 0.00883782277082, 1.41833599528480, 0.00000000000000, 1.42344978286983,13.85760432554774,    0.00000000000000,
   67,    3, 1.66250000000000, 0.06250000000000, 1.44480912998905, 0.00511378758503, 1.43969534240402, 0.00613867567013,-0.00000000000000, 0.00883782277082, 1.41833599528480, 0.00000000000000, 1.42344978286983,13.85760432554774,    0.00000000000000,
   67,    4, 1.66250000000000, 0.08750000000000, 1.44480912998905, 0.00511378758503, 1.43969534240402, 0.00613867567013,-0.00000000000000, 0.00883782277082, 1.41833599528480, 0.00000000000000, 1.42344978286983,13.85760432554774,    0.00000000000000,
   67,    5, 1.66250000000000, 0.11250000000000, 1.44480912998905, 0.00511378758503, 1.43969534240402, 0.00613867567013,-0.00000000000000, 0.00883782277082, 1.41833599528480, 0.00000000000000, 1.42344978286983,13.85760432554774,    0.00000000000000,
   68,    1, 1.68750000000000, 0.01250000000000, 1.47109893703517, 0.00444429766980, 1.46665463936536, 0.00602852171188,-0.00000000000000, 0.00884175933724, 1.44568692513164, 0.00000000000000, 1.45013122280144,16.13170410297236,    0.00000000000000,
   68,    2, 1.68750000000000, 0.03750000000000, 1.47109893703517, 0.00444429766980, 1.46665463936536, 0.00602852171188,-0.00000000000000, 0.00884175933724, 1.44568692513164, 0.00000000000000, 1.45013122280144,16.13170410297236,    0.00000000000000,
   68,    3, 1.68750000000000, 0.06250000000000, 1.47109893703517, 0.00444429766980, 1.46665463936536, 0.00602852171188,-0.00000000000000, 0.00884175933724, 1.44568692513164, 0.00000000000000, 1.45013122280144,16.13170410297236,    0.00000000000000,
   68,    4, 1.68750000000000, 0.08750000000000, 1.47109893703517, 0.00444429766980, 1.46665463936536, 0.00602852171188,-0.00000000000000, 0.00884175933724, 1.44568692513164, 0.00000000000000, 1.45013122280144,16.13170410297236,    0.00000000000000,
   68,    5, 1.68750000000000, 0.11250000000000, 1.47109893703517, 0.00444429766980, 1.46665463936536, 0.00602852171188,-0.00000000000000, 0.00884175933724, 1.44568692513164, 0.00000000000000, 1.45013122280144,16.13170410297236,    0.00000000000000,
   69,    1, 1.71250000000000, 0.01250000000000, 1.50080767724365, 0.00380906050690, 1.49699861673675, 0.00590852880239,-0.00000000000000, 0.00884505944413, 1.47645537941284, 0.00000000000000, 1.48026443991974,18.42304438988776,    0.00000000000000,
   69,    2, 1.71250000000000, 0.03750000000000, 1.50080767724365, 0.00380906050690, 1.49699861673675, 0.00590852880239,-0.00000000000000, 0.00884505944413, 1.47645537941284, 0.00000000000000, 1.48026443991974,18.42304438988776,    0.00000000000000,
   69,    3, 1.71250000000000, 0.06250000000000, 1.50080767724365, 0.00380906050690, 1.49699861673675, 0.00590852880239,-0.00000000000000, 0.00884505944413, 1.47645537941284, 0.00000000000000, 1.48026443991974,18.42304438988776,    0.00000000000000,
   69,    4, 1.71250000000000, 0.08750000000000, 1.50080767724365, 0.00380906050690, 1.49699861673675, 0.00590852880239,-0.00000000000000, 0.00884505944413, 1.47645537941284, 0.00000000000000, 1.48026443991974,18.42304438988776,    0.00000000000000,
   69,    5, 1.71250000000000, 0.11250000000000, 1.50080767724365, 0.00380906050690, 1.49699861673675, 0.00590852880239,-0.00000000000000, 0.00884505944413, 1.47645537941284, 0.00000000000000, 1.48026443991974,18.42304438988776,    0.00000000000000,
   70,    1, 1.73750000000000, 0.01250000000000, 1.53375705946210, 0.00321199254467, 1.53054506691743, 0.00578074162765, 0.00000000000000, 0.00884768558132, 1.51045166037621, 0.00000000000000, 1.51366365292088,20.72391109608641,    0.00000000000000,
   70,    2, 1.73750000000000, 0.03750000000000, 1.53375705946210, 0.00321199254467, 1.53054506691743, 0.00578074162765, 0.00000000000000, 0.00884768558132, 1.51045166037621, 0.00000000000000, 1.51366365292088,20.72391109608641,    0.00000000000000,
   70,    3, 1.73750000000000, 0.06250000000000, 1.53375705946210, 0.00321199254467, 1.53054506691743, 0.00578074162765, 0.00000000000000, 0.00884768558132, 1.51045166037621, 0.00000000000000, 1.51366365292088,20.72391109608641,    0.00000000000000,
   70,    4, 1.73750000000000, 0.08750000000000, 1.53375705946210, 0.00321199254467, 1.53054506691743, 0.00578074162765, 0.00000000000000, 0.00884768558132, 1.51045166037621, 0.00000000000000, 1.51366365292088,20.72391109608641,    0.00000000000000,
   70,    5, 1.73750000000000, 0.11250000000000, 1.53375705946210, 0.00321199254467, 1.53054506691743, 0.00578074162765, 0.00000000000000, 0.00884768558132, 1.51045166037621, 0.00000000000000, 1.51366365292088,20.72391109608641,    0.00000000000000,
   71,    1, 1.76250000000000, 0.01250000000000, 1.56974841271817, 0.00265677490564, 1.56709163781253, 0.00564715849695,-0.00000000000000, 0.00884961485798, 1.54746616964471, 0.00000000000000, 1.55012294455035,23.02351560146658,    0.00000000000000,
   71,    2, 1.76250000000000, 0.03750000000000, 1.56974841271817, 0.00265677490564, 1.56709163781253, 0.00564715849695,-0.00000000000000, 0.00884961485798, 1.54746616964471, 0.00000000000000, 1.55012294455035,23.02351560146658,    0.00000000000000,
   71,    3, 1.76250000000000, 0.06250000000000, 1.56974841271817, 0.00265677490564, 1.56709163781253, 0.00564715849695,-0.00000000000000, 0.00884961485798, 1.54746616964471, 0.00000000000000, 1.55012294455035,23.02351560146658,    0.00000000000000,
   71,    4, 1.76250000000000, 0.08750000000000, 1.56974841271817, 0.00265677490564, 1.56709163781253, 0.00564715849695,-0.00000000000000, 0.00884961485798, 1.54746616964471, 0.00000000000000, 1.55012294455035,23.02351560146658,    0.00000000000000,
   71,    5, 1.76250000000000, 0.11250000000000, 1.56974841271817, 0.00265677490564, 1.56709163781253, 0.00564715849695,-0.00000000000000, 0.00884961485798, 1.54746616964471, 0.00000000000000, 1.55012294455035,23.02351560146658,    0.00000000000000,
   72,    1, 1.78750000000000, 0.01250000000000, 1.60856376241623, 0.00214683069119, 1.60641693172504, 0.00550967844156,-0.00000000000000, 0.00885084073687, 1.58727070046011, 0.00000000000000, 1.58941753115130,25.30797762633784,    0.00000000000000,
   72,    2, 1.78750000000000, 0.03750000000000, 1.60856376241623, 0.00214683069119, 1.60641693172504, 0.00550967844156,-0.00000000000000, 0.00885084073687, 1.58727070046011, 0.00000000000000, 1.58941753115130,25.30797762633784,    0.00000000000000,
   72,    3, 1.78750000000000, 0.06250000000000, 1.60856376241623, 0.00214683069119, 1.60641693172504, 0.00550967844156,-0.00000000000000, 0.00885084073687, 1.58727070046011, 0.00000000000000, 1.58941753115130,25.30797762633784,    0.00000000000000,
   72,    4, 1.78750000000000, 0.08750000000000, 1.60856376241623, 0.00214683069119, 1.60641693172504, 0.00550967844156,-0.00000000000000, 0.00885084073687, 1.58727070046011, 0.00000000000000, 1.58941753115130,25.30797762633784,    0.00000000000000,
   72,    5, 1.78750000000000, 0.11250000000000, 1.60856376241623, 0.00214683069119, 1.60641693172504, 0.00550967844156,-0.00000000000000, 0.00885084073687, 1.58727070046011, 0.00000000000000, 1.58941753115130,25.30797762633784,    0.00000000000000,
   73,    1, 1.81250000000000, 0.01250000000000, 1.64996707454476, 0.00168530387697, 1.64828177066779, 0.00537006003685, 0.00000000000000, 0.00885137206613, 1.62961984465360, 0.00000000000000, 1.63130514853057,27.56040348137181,    0.00000000000000,
   73,    2, 1.81250000000000, 0.03750000000000, 1.64996707454476, 0.00168530387697, 1.64828177066779, 0.00537006003685, 0.00000000000000, 0.00885137206613, 1.62961984465360, 0.00000000000000, 1.63130514853057,27.56040348137181,    0.00000000000000,
   73,    3, 1.81250000000000, 0.06250000000000, 1.64996707454476, 0.00168530387697, 1.64828177066779, 0.00537006003685, 0.00000000000000, 0.00885137206613, 1.62961984465360, 0.00000000000000, 1.63130514853057,27.56040348137181,    0.00000000000000,
   73,    4, 1.81250000000000, 0.08750000000000, 1.64996707454476, 0.00168530387697, 1.64828177066779, 0.00537006003685, 0.00000000000000, 0.00885137206613, 1.62961984465360, 0.00000000000000, 1.63130514853057,27.56040348137181,    0.00000000000000,
   73,    5, 1.81250000000000, 0.11250000000000, 1.64996707454476, 0.00168530387697, 1.64828177066779, 0.00537006003685, 0.00000000000000, 0.00885137206613, 1.62961984465360, 0.00000000000000, 1.63130514853057,27.56040348137181,    0.00000000000000,
   74,    1, 1.83750000000000, 0.01250000000000, 1.69370565770019, 0.00127503992927, 1.69243061777092, 0.00522989475026,-0.00000000000000, 0.00885123400306, 1.67425250566870, 0.00000000000000, 1.67552754559797,29.76105939516596,    0.00000000000000,
   74,    2, 1.83750000000000, 0.03750000000000, 1.69370565770019, 0.00127503992927, 1.69243061777092, 0.00522989475026,-0.00000000000000, 0.00885123400306, 1.67425250566870, 0.00000000000000, 1.67552754559797,29.76105939516596,    0.00000000000000,
   74,    3, 1.83750000000000, 0.06250000000000, 1.69370565770019, 0.00127503992927, 1.69243061777092, 0.00522989475026,-0.00000000000000, 0.00885123400306, 1.67425250566870, 0.00000000000000, 1.67552754559797,29.76105939516596,    0.00000000000000,
   74,    4, 1.83750000000000, 0.08750000000000, 1.69370565770019, 0.00127503992927, 1.69243061777092, 0.00522989475026,-0.00000000000000, 0.00885123400306, 1.67425250566870, 0.00000000000000, 1.67552754559797,29.76105939516596,    0.00000000000000,
   74,    5, 1.83750000000000, 0.11250000000000, 1.69370565770019, 0.00127503992927, 1.69243061777092, 0.00522989475026,-0.00000000000000, 0.00885123400306, 1.67425250566870, 0.00000000000000, 1.67552754559797,29.76105939516596,    0.00000000000000,
   75,    1, 1.86250000000000, 0.01250000000000, 1.73951170871120, 0.00091856826175, 1.73859314044945, 0.00509059065780,-0.00000000000000, 0.00885046599850, 1.72089350830838, 0.00000000000000, 1.72181207657013,31.88763714754527,    0.00000000000000,
   75,    2, 1.86250000000000, 0.03750000000000, 1.73951170871120, 0.00091856826175, 1.73859314044945, 0.00509059065780,-0.00000000000000, 0.00885046599850, 1.72089350830838, 0.00000000000000, 1.72181207657013,31.88763714754527,    0.00000000000000,
   75,    3, 1.86250000000000, 0.06250000000000, 1.73951170871120, 0.00091856826175, 1.73859314044945, 0.00509059065780,-0.00000000000000, 0.00885046599850, 1.72089350830838, 0.00000000000000, 1.72181207657013,31.88763714754527,    0.00000000000000,
   75,    4, 1.86250000000000, 0.08750000000000, 1.73951170871120, 0.00091856826175, 1.73859314044945, 0.00509059065780,-0.00000000000000, 0.00885046599850, 1.72089350830838, 0.00000000000000, 1.72181207657013,31.88763714754527,    0.00000000000000,
   75,    5, 1.86250000000000, 0.11250000000000, 1.73951170871120, 0.00091856826175, 1.73859314044945, 0.00509059065780,-0.00000000000000, 0.00885046599850, 1.72089350830838, 0.00000000000000, 1.72181207657013,31.88763714754527,    0.00000000000000,
   76,    1, 1.88750000000000, 0.01250000000000, 1.78710398498309, 0.00061808664078, 1.78648589834231, 0.00495336769080,-0.00000000000000, 0.00884912152891, 1.76925529528167, 0.00000000000000, 1.76987338192245,33.91560682591376,    0.00000000000000,
   76,    2, 1.88750000000000, 0.03750000000000, 1.78710398498309, 0.00061808664078, 1.78648589834231, 0.00495336769080,-0.00000000000000, 0.00884912152891, 1.76925529528167, 0.00000000000000, 1.76987338192245,33.91560682591376,    0.00000000000000,
   76,    3, 1.88750000000000, 0.06250000000000, 1.78710398498309, 0.00061808664078, 1.78648589834231, 0.00495336769080,-0.00000000000000, 0.00884912152891, 1.76925529528167, 0.00000000000000, 1.76987338192245,33.91560682591376,    0.00000000000000,
   76,    4, 1.88750000000000, 0.08750000000000, 1.78710398498309, 0.00061808664078, 1.78648589834231, 0.00495336769080,-0.00000000000000, 0.00884912152891, 1.76925529528167, 0.00000000000000, 1.76987338192245,33.91560682591376,    0.00000000000000,
   76,    5, 1.88750000000000, 0.11250000000000, 1.78710398498309, 0.00061808664078, 1.78648589834231, 0.00495336769080,-0.00000000000000, 0.00884912152891, 1.76925529528167, 0.00000000000000, 1.76987338192245,33.91560682591376,    0.00000000000000,
   77,    1, 1.91250000000000, 0.01250000000000, 1.83618958522911, 0.00037544763546, 1.83581413759365, 0.00481925958742,-0.00000000000000, 0.00884726488332, 1.81903970008995, 0.00000000000000, 1.81941514772541,35.81864923039500,    0.00000000000000,
   77,    2, 1.91250000000000, 0.03750000000000, 1.83618958522911, 0.00037544763546, 1.83581413759365, 0.00481925958742,-0.00000000000000, 0.00884726488332, 1.81903970008995, 0.00000000000000, 1.81941514772541,35.81864923039500,    0.00000000000000,
   77,    3, 1.91250000000000, 0.06250000000000, 1.83618958522911, 0.00037544763546, 1.83581413759365, 0.00481925958742,-0.00000000000000, 0.00884726488332, 1.81903970008995, 0.00000000000000, 1.81941514772541,35.81864923039500,    0.00000000000000,
   77,    4, 1.91250000000000, 0.08750000000000, 1.83618958522911, 0.00037544763546, 1.83581413759365, 0.00481925958742,-0.00000000000000, 0.00884726488332, 1.81903970008995, 0.00000000000000, 1.81941514772541,35.81864923039500,    0.00000000000000,
   77,    5, 1.91250000000000, 0.11250000000000, 1.83618958522911, 0.00037544763546, 1.83581413759365, 0.00481925958742,-0.00000000000000, 0.00884726488332, 1.81903970008995, 0.00000000000000, 1.81941514772541,35.81864923039500,    0.00000000000000,
   78,    1, 1.93750000000000, 0.01250000000000, 1.88646581977896, 0.00019214719597, 1.88627367258300, 0.00468912330583, 0.00000000000000, 0.00884496983929, 1.86993978532258, 0.00000000000000, 1.87013193251855,37.56915833850037,    0.00000000000000,
   78,    2, 1.93750000000000, 0.03750000000000, 1.88646581977896, 0.00019214719597, 1.88627367258300, 0.00468912330583, 0.00000000000000, 0.00884496983929, 1.86993978532258, 0.00000000000000, 1.87013193251855,37.56915833850037,    0.00000000000000,
   78,    3, 1.93750000000000, 0.06250000000000, 1.88646581977896, 0.00019214719597, 1.88627367258300, 0.00468912330583, 0.00000000000000, 0.00884496983929, 1.86993978532258, 0.00000000000000, 1.87013193251855,37.56915833850037,    0.00000000000000,
   78,    4, 1.93750000000000, 0.08750000000000, 1.88646581977896, 0.00019214719597, 1.88627367258300, 0.00468912330583, 0.00000000000000, 0.00884496983929, 1.86993978532258, 0.00000000000000, 1.87013193251855,37.56915833850037,    0.00000000000000,
   78,    5, 1.93750000000000, 0.11250000000000, 1.88646581977896, 0.00019214719597, 1.88627367258300, 0.00468912330583, 0.00000000000000, 0.00884496983929, 1.86993978532258, 0.00000000000000, 1.87013193251855,37.56915833850037,    0.00000000000000,
   79,    1, 1.96250000000000, 0.01250000000000, 1.93762215188634, 0.00006931543045, 1.93755283645589, 0.00456365137042,-0.00000000000000, 0.00884231565736, 1.92164173502811, 0.00000000000000, 1.92171105045856,39.13880235465787,    0.00000000000000,
   79,    2, 1.96250000000000, 0.03750000000000, 1.93762215188634, 0.00006931543045, 1.93755283645589, 0.00456365137042,-0.00000000000000, 0.00884231565736, 1.92164173502811, 0.00000000000000, 1.92171105045856,39.13880235465787,    0.00000000000000,
   79,    3, 1.96250000000000, 0.06250000000000, 1.93762215188634, 0.00006931543045, 1.93755283645589, 0.00456365137042,-0.00000000000000, 0.00884231565736, 1.92164173502811, 0.00000000000000, 1.92171105045856,39.13880235465787,    0.00000000000000,
   79,    4, 1.96250000000000, 0.08750000000000, 1.93762215188634, 0.00006931543045, 1.93755283645589, 0.00456365137042,-0.00000000000000, 0.00884231565736, 1.92164173502811, 0.00000000000000, 1.92171105045856,39.13880235465787,    0.00000000000000,
   79,    5, 1.96250000000000, 0.11250000000000, 1.93762215188634, 0.00006931543045, 1.93755283645589, 0.00456365137042,-0.00000000000000, 0.00884231565736, 1.92164173502811, 0.00000000000000, 1.92171105045856,39.13880235465787,    0.00000000000000,
   80,    1, 1.98750000000000, 0.01250000000000, 1.98934219214511, 0.00000770963759, 1.98933448250752, 0.00444338817063, 0.00000000000000, 0.00883938530701, 1.97382678949395, 0.00000000000000, 1.97383449913155,40.49913026153965,    0.00000000000000,
   80,    2, 1.98750000000000, 0.03750000000000, 1.98934219214511, 0.00000770963759, 1.98933448250752, 0.00444338817063, 0.00000000000000, 0.00883938530701, 1.97382678949395, 0.00000000000000, 1.97383449913155,40.49913026153965,    0.00000000000000,
   80,    3, 1.98750000000000, 0.06250000000000, 1.98934219214511, 0.00000770963759, 1.98933448250752, 0.00444338817063, 0.00000000000000, 0.00883938530701, 1.97382678949395, 0.00000000000000, 1.97383449913155,40.49913026153965,    0.00000000000000,
   80,    4, 1.98750000000000, 0.08750000000000, 1.98934219214511, 0.00000770963759, 1.98933448250752, 0.00444338817063, 0.00000000000000, 0.00883938530701, 1.97382678949395, 0.00000000000000, 1.97383449913155,40.49913026153965,    0.00000000000000,
   80,    5, 1.98750000000000, 0.11250000000000, 1.98934219214511, 0.00000770963759, 1.98933448250752, 0.00444338817063, 0.00000000000000, 0.00883938530701, 1.97382678949395, 0.00000000000000, 1.97383449913155,40.49913026153965,    0.00000000000000,
