x (nodes),y (nodes),x (m),y (m),h + zb (m),zb (m),h (m),u (m/s),v (m/s), q (m^2/s), h analytical (m), u analytical (m/s), h analytical + zb (m) , Fx MMS, Fy MMS
    1,    1, 0.00156250000000, 0.00156250000000, 1.99690108356181, 0.00000012047833, 1.99690096308349, 0.00381208234012, 0.00000000000000, 0.00761235089634, 2.00327247920533, 0.00000000000000, 2.00327259968366,41.16180478872595,    0.00000000000000,
    1,    2, 0.00156250000000, 0.00468750000000, 1.99690108356181, 0.00000012047833, 1.99690096308349, 0.00381208234012, 0.00000000000000, 0.00761235089634, 2.00327247920533, 0.00000000000000, 2.00327259968366,41.16180478872595,    0.00000000000000,
    1,    3, 0.00156250000000, 0.00781250000000, 1.99690108356181, 0.00000012047833, 1.99690096308349, 0.00381208234012, 0.00000000000000, 0.00761235089634, 2.00327247920533, 0.00000000000000, 2.00327259968366,41.16180478872595,    0.00000000000000,
    1,    4, 0.00156250000000, 0.01093750000000, 1.99690108356181, 0.00000012047833, 1.99690096308349, 0.00381208234012, 0.00000000000000, 0.00761235089634, 2.00327247920533, 0.00000000000000, 2.00327259968366,41.16180478872595,    0.00000000000000,
    1,    5, 0.00156250000000, 0.01406250000000, 1.99690108356181, 0.00000012047833, 1.99690096308349, 0.00381208234012, 0.00000000000000, 0.00761235089634, 2.00327247920533, 0.00000000000000, 2.00327259968366,41.16180478872595,    0.00000000000000,
    2,    1, 0.00468750000000, 0.00156250000000, 2.00346778586082, 0.00000108428753, 2.00346670157329, 0.00379936721935,-0.00000000000000, 0.00761190571101, 2.00981712220764, 0.00000000000000, 2.00981820649517,41.29838017371100,    0.00000000000000,
    2,    2, 0.00468750000000, 0.00468750000000, 2.00346778586082, 0.00000108428753, 2.00346670157329, 0.00379936721935,-0.00000000000000, 0.00761190571101, 2.00981712220764, 0.00000000000000, 2.00981820649517,41.29838017371100,    0.00000000000000,
    2,    3, 0.00468750000000, 0.00781250000000, 2.00346778586082, 0.00000108428753, 2.00346670157329, 0.00379936721935,-0.00000000000000, 0.00761190571101, 2.00981712220764, 0.00000000000000, 2.00981820649517,41.29838017371100,    0.00000000000000,
    2,    4, 0.00468750000000, 0.01093750000000, 2.00346778586082, 0.00000108428753, 2.00346670157329, 0.00379936721935,-0.00000000000000, 0.00761190571101, 2.00981712220764, 0.00000000000000, 2.00981820649517,41.29838017371100,    0.00000000000000,
    2,    5, 0.00468750000000, 0.01406250000000, 2.00346778586082, 0.00000108428753, 2.00346670157329, 0.00379936721935,-0.00000000000000, 0.00761190571101, 2.00981712220764, 0.00000000000000, 2.00981820649517,41.29838017371100,    0.00000000000000,
    3,    1, 0.00781250000000, 0.00156250000000, 2.01003437262000, 0.00000301181304, 2.01003136080696, 0.00378673170344, 0.00000000000000, 0.00761144947888, 2.01636081901527, 0.00000000000000, 2.01636383082831,41.43095641298217,    0.00000000000000,
    3,    2, 0.00781250000000, 0.00468750000000, 2.01003437262000, 0.00000301181304, 2.01003136080696, 0.00378673170344, 0.00000000000000, 0.00761144947888, 2.01636081901527, 0.00000000000000, 2.01636383082831,41.43095641298217,    0.00000000000000,
    3,    3, 0.00781250000000, 0.00781250000000, 2.01003437262000, 0.00000301181304, 2.01003136080696, 0.00378673170344, 0.00000000000000, 0.00761144947888, 2.01636081901527, 0.00000000000000, 2.01636383082831,41.43095641298217,    0.00000000000000,
    3,    4, 0.00781250000000, 0.01093750000000, 2.01003437262000, 0.00000301181304, 2.01003136080696, 0.00378673170344, 0.00000000000000, 0.00761144947888, 2.01636081901527, 0.00000000000000, 2.01636383082831,41.43095641298217,    0.00000000000000,
    3,    5, 0.00781250000000, 0.01406250000000, 2.01003437262000, 0.00000301181304, 2.01003136080696, 0.00378673170344, 0.00000000000000, 0.00761144947888, 2.01636081901527, 0.00000000000000, 2.01636383082831,41.43095641298217,    0.00000000000000,
    4,    1, 0.01093750000000, 0.00156250000000, 2.01660021225153, 0.00000590286908, 2.01659430938246, 0.00377417626972, 0.00000000000000, 0.00761098238812, 2.02290293893312, 0.00000000000000, 2.02290884180220,41.55948185504953,    0.00000000000000,
    4,    2, 0.01093750000000, 0.00468750000000, 2.01660021225153, 0.00000590286908, 2.01659430938246, 0.00377417626972, 0.00000000000000, 0.00761098238812, 2.02290293893312, 0.00000000000000, 2.02290884180220,41.55948185504953,    0.00000000000000,
    4,    3, 0.01093750000000, 0.00781250000000, 2.01660021225153, 0.00000590286908, 2.01659430938246, 0.00377417626972, 0.00000000000000, 0.00761098238812, 2.02290293893312, 0.00000000000000, 2.02290884180220,41.55948185504953,    0.00000000000000,
    4,    4, 0.01093750000000, 0.01093750000000, 2.01660021225153, 0.00000590286908, 2.01659430938246, 0.00377417626972, 0.00000000000000, 0.00761098238812, 2.02290293893312, 0.00000000000000, 2.02290884180220,41.55948185504953,    0.00000000000000,
    4,    5, 0.01093750000000, 0.01406250000000, 2.01660021225153, 0.00000590286908, 2.01659430938246, 0.00377417626972, 0.00000000000000, 0.00761098238812, 2.02290293893312, 0.00000000000000, 2.02290884180220,41.55948185504953,    0.00000000000000,
    5,    1, 0.01406250000000, 0.00156250000000, 2.02316467325936, 0.00000975717700, 2.02315491608237, 0.00376170137376,-0.00000000000000, 0.00761050462715, 2.02944285141804, 0.00000000000000, 2.02945260859504,41.68390526486878,    0.00000000000000,
    5,    2, 0.01406250000000, 0.00468750000000, 2.02316467325936, 0.00000975717700, 2.02315491608237, 0.00376170137376,-0.00000000000000, 0.00761050462715, 2.02944285141804, 0.00000000000000, 2.02945260859504,41.68390526486878,    0.00000000000000,
    5,    3, 0.01406250000000, 0.00781250000000, 2.02316467325936, 0.00000975717700, 2.02315491608237, 0.00376170137376,-0.00000000000000, 0.00761050462715, 2.02944285141804, 0.00000000000000, 2.02945260859504,41.68390526486878,    0.00000000000000,
    5,    4, 0.01406250000000, 0.01093750000000, 2.02316467325936, 0.00000975717700, 2.02315491608237, 0.00376170137376,-0.00000000000000, 0.00761050462715, 2.02944285141804, 0.00000000000000, 2.02945260859504,41.68390526486878,    0.00000000000000,
    5,    5, 0.01406250000000, 0.01406250000000, 2.02316467325936, 0.00000975717700, 2.02315491608237, 0.00376170137376,-0.00000000000000, 0.00761050462715, 2.02944285141804, 0.00000000000000, 2.02945260859504,41.68390526486878,    0.00000000000000,
    6,    1, 0.01718750000000, 0.00156250000000, 2.02972712429947, 0.00001457436531, 2.02971254993416, 0.00374930744989, 0.00000000000000, 0.00761001638461, 2.03597992613967, 0.00000000000000, 2.03599450050498,41.80417584375571,    0.00000000000000,
    6,    2, 0.01718750000000, 0.00468750000000, 2.02972712429947, 0.00001457436531, 2.02971254993416, 0.00374930744989, 0.00000000000000, 0.00761001638461, 2.03597992613967, 0.00000000000000, 2.03599450050498,41.80417584375571,    0.00000000000000,
    6,    3, 0.01718750000000, 0.00781250000000, 2.02972712429947, 0.00001457436531, 2.02971254993416, 0.00374930744989, 0.00000000000000, 0.00761001638461, 2.03597992613967, 0.00000000000000, 2.03599450050498,41.80417584375571,    0.00000000000000,
    6,    4, 0.01718750000000, 0.01093750000000, 2.02972712429947, 0.00001457436531, 2.02971254993416, 0.00374930744989, 0.00000000000000, 0.00761001638461, 2.03597992613967, 0.00000000000000, 2.03599450050498,41.80417584375571,    0.00000000000000,
    6,    5, 0.01718750000000, 0.01406250000000, 2.02972712429947, 0.00001457436531, 2.02971254993416, 0.00374930744989, 0.00000000000000, 0.00761001638461, 2.03597992613967, 0.00000000000000, 2.03599450050498,41.80417584375571,    0.00000000000000,
    7,    1, 0.02031250000000, 0.00156250000000, 2.03628693423992, 0.00002035396974, 2.03626658027018, 0.00373699491164, 0.00000000000000, 0.00760951784920, 2.04251353304112, 0.00000000000000, 2.04253388701086,41.92024324924297,    0.00000000000000,
    7,    2, 0.02031250000000, 0.00468750000000, 2.03628693423992, 0.00002035396974, 2.03626658027018, 0.00373699491164, 0.00000000000000, 0.00760951784920, 2.04251353304112, 0.00000000000000, 2.04253388701086,41.92024324924297,    0.00000000000000,
    7,    3, 0.02031250000000, 0.00781250000000, 2.03628693423992, 0.00002035396974, 2.03626658027018, 0.00373699491164, 0.00000000000000, 0.00760951784920, 2.04251353304112, 0.00000000000000, 2.04253388701086,41.92024324924297,    0.00000000000000,
    7,    4, 0.02031250000000, 0.01093750000000, 2.03628693423992, 0.00002035396974, 2.03626658027018, 0.00373699491164, 0.00000000000000, 0.00760951784920, 2.04251353304112, 0.00000000000000, 2.04253388701086,41.92024324924297,    0.00000000000000,
    7,    5, 0.02031250000000, 0.01406250000000, 2.03628693423992, 0.00002035396974, 2.03626658027018, 0.00373699491164, 0.00000000000000, 0.00760951784920, 2.04251353304112, 0.00000000000000, 2.04253388701086,41.92024324924297,    0.00000000000000,
    8,    1, 0.02343750000000, 0.00156250000000, 2.04284347222075, 0.00002709543321, 2.04281637678754, 0.00372476415214, 0.00000000000000, 0.00760900920966, 2.04904304239978, 0.00000000000000, 2.04907013783299,42.03205761487125,    0.00000000000000,
    8,    2, 0.02343750000000, 0.00468750000000, 2.04284347222075, 0.00002709543321, 2.04281637678754, 0.00372476415214, 0.00000000000000, 0.00760900920966, 2.04904304239978, 0.00000000000000, 2.04907013783299,42.03205761487125,    0.00000000000000,
    8,    3, 0.02343750000000, 0.00781250000000, 2.04284347222075, 0.00002709543321, 2.04281637678754, 0.00372476415214, 0.00000000000000, 0.00760900920966, 2.04904304239978, 0.00000000000000, 2.04907013783299,42.03205761487125,    0.00000000000000,
    8,    4, 0.02343750000000, 0.01093750000000, 2.04284347222075, 0.00002709543321, 2.04281637678754, 0.00372476415214, 0.00000000000000, 0.00760900920966, 2.04904304239978, 0.00000000000000, 2.04907013783299,42.03205761487125,    0.00000000000000,
    8,    5, 0.02343750000000, 0.01406250000000, 2.04284347222075, 0.00002709543321, 2.04281637678754, 0.00372476415214, 0.00000000000000, 0.00760900920966, 2.04904304239978, 0.00000000000000, 2.04907013783299,42.03205761487125,    0.00000000000000,
    9,    1, 0.02656250000000, 0.00156250000000, 2.04939610771424, 0.00003479810599, 2.04936130960825, 0.00371261554463, 0.00000000000000, 0.00760849065462, 2.05556782488793, 0.00000000000000, 2.05560262299392,42.13956956990724,    0.00000000000000,
    9,    2, 0.02656250000000, 0.00468750000000, 2.04939610771424, 0.00003479810599, 2.04936130960825, 0.00371261554463, 0.00000000000000, 0.00760849065462, 2.05556782488793, 0.00000000000000, 2.05560262299392,42.13956956990724,    0.00000000000000,
    9,    3, 0.02656250000000, 0.00781250000000, 2.04939610771424, 0.00003479810599, 2.04936130960825, 0.00371261554463, 0.00000000000000, 0.00760849065462, 2.05556782488793, 0.00000000000000, 2.05560262299392,42.13956956990724,    0.00000000000000,
    9,    4, 0.02656250000000, 0.01093750000000, 2.04939610771424, 0.00003479810599, 2.04936130960825, 0.00371261554463, 0.00000000000000, 0.00760849065462, 2.05556782488793, 0.00000000000000, 2.05560262299392,42.13956956990724,    0.00000000000000,
    9,    5, 0.02656250000000, 0.01406250000000, 2.04939610771424, 0.00003479810599, 2.04936130960825, 0.00371261554463, 0.00000000000000, 0.00760849065462, 2.05556782488793, 0.00000000000000, 2.05560262299392,42.13956956990724,    0.00000000000000,
   10,    1, 0.02968750000000, 0.00156250000000, 2.05594421058477, 0.00004346124567, 2.05590074933910, 0.00370054944286, 0.00000000000000, 0.00760796237253, 2.06208725163347, 0.00000000000000, 2.06213071287913,42.24273025898078,    0.00000000000000,
   10,    2, 0.02968750000000, 0.00468750000000, 2.05594421058477, 0.00004346124567, 2.05590074933910, 0.00370054944286, 0.00000000000000, 0.00760796237253, 2.06208725163347, 0.00000000000000, 2.06213071287913,42.24273025898078,    0.00000000000000,
   10,    3, 0.02968750000000, 0.00781250000000, 2.05594421058477, 0.00004346124567, 2.05590074933910, 0.00370054944286, 0.00000000000000, 0.00760796237253, 2.06208725163347, 0.00000000000000, 2.06213071287913,42.24273025898078,    0.00000000000000,
   10,    4, 0.02968750000000, 0.01093750000000, 2.05594421058477, 0.00004346124567, 2.05590074933910, 0.00370054944286, 0.00000000000000, 0.00760796237253, 2.06208725163347, 0.00000000000000, 2.06213071287913,42.24273025898078,    0.00000000000000,
   10,    5, 0.02968750000000, 0.01406250000000, 2.05594421058477, 0.00004346124567, 2.05590074933910, 0.00370054944286, 0.00000000000000, 0.00760796237253, 2.06208725163347, 0.00000000000000, 2.06213071287913,42.24273025898078,    0.00000000000000,
   11,    1, 0.03281250000000, 0.00156250000000, 2.06248715114876, 0.00005308401727, 2.06243406713149, 0.00368856618151, 0.00000000000000, 0.00760742455161, 2.06860069428046, 0.00000000000000, 2.06865377829774,42.34149136163340,    0.00000000000000,
   11,    2, 0.03281250000000, 0.00468750000000, 2.06248715114876, 0.00005308401727, 2.06243406713149, 0.00368856618151, 0.00000000000000, 0.00760742455161, 2.06860069428046, 0.00000000000000, 2.06865377829774,42.34149136163340,    0.00000000000000,
   11,    3, 0.03281250000000, 0.00781250000000, 2.06248715114876, 0.00005308401727, 2.06243406713149, 0.00368856618151, 0.00000000000000, 0.00760742455161, 2.06860069428046, 0.00000000000000, 2.06865377829774,42.34149136163340,    0.00000000000000,
   11,    4, 0.03281250000000, 0.01093750000000, 2.06248715114876, 0.00005308401727, 2.06243406713149, 0.00368856618151, 0.00000000000000, 0.00760742455161, 2.06860069428046, 0.00000000000000, 2.06865377829774,42.34149136163340,    0.00000000000000,
   11,    5, 0.03281250000000, 0.01406250000000, 2.06248715114876, 0.00005308401727, 2.06243406713149, 0.00368856618151, 0.00000000000000, 0.00760742455161, 2.06860069428046, 0.00000000000000, 2.06865377829774,42.34149136163340,    0.00000000000000,
   12,    1, 0.03593750000000, 0.00156250000000, 2.06902430023497, 0.00006366549334, 2.06896063474163, 0.00367666607666, 0.00000000000000, 0.00760687737969, 2.07510752504977, 0.00000000000000, 2.07517119054311,42.43580511177097,    0.00000000000000,
   12,    2, 0.03593750000000, 0.00468750000000, 2.06902430023497, 0.00006366549334, 2.06896063474163, 0.00367666607666, 0.00000000000000, 0.00760687737969, 2.07510752504977, 0.00000000000000, 2.07517119054311,42.43580511177097,    0.00000000000000,
   12,    3, 0.03593750000000, 0.00781250000000, 2.06902430023497, 0.00006366549334, 2.06896063474163, 0.00367666607666, 0.00000000000000, 0.00760687737969, 2.07510752504977, 0.00000000000000, 2.07517119054311,42.43580511177097,    0.00000000000000,
   12,    4, 0.03593750000000, 0.01093750000000, 2.06902430023497, 0.00006366549334, 2.06896063474163, 0.00367666607666, 0.00000000000000, 0.00760687737969, 2.07510752504977, 0.00000000000000, 2.07517119054311,42.43580511177097,    0.00000000000000,
   12,    5, 0.03593750000000, 0.01406250000000, 2.06902430023497, 0.00006366549334, 2.06896063474163, 0.00367666607666, 0.00000000000000, 0.00760687737969, 2.07510752504977, 0.00000000000000, 2.07517119054311,42.43580511177097,    0.00000000000000,
   13,    1, 0.03906250000000, 0.00156250000000, 2.07555502924402, 0.00007520465401, 2.07547982459001, 0.00366484942619, 0.00000000000000, 0.00760632104421, 2.08160711679948, 0.00000000000000, 2.08168232145349,42.52562431701242,    0.00000000000000,
   13,    2, 0.03906250000000, 0.00468750000000, 2.07555502924402, 0.00007520465401, 2.07547982459001, 0.00366484942619, 0.00000000000000, 0.00760632104421, 2.08160711679948, 0.00000000000000, 2.08168232145349,42.52562431701242,    0.00000000000000,
   13,    3, 0.03906250000000, 0.00781250000000, 2.07555502924402, 0.00007520465401, 2.07547982459001, 0.00366484942619, 0.00000000000000, 0.00760632104421, 2.08160711679948, 0.00000000000000, 2.08168232145349,42.52562431701242,    0.00000000000000,
   13,    4, 0.03906250000000, 0.01093750000000, 2.07555502924402, 0.00007520465401, 2.07547982459001, 0.00366484942619, 0.00000000000000, 0.00760632104421, 2.08160711679948, 0.00000000000000, 2.08168232145349,42.52562431701242,    0.00000000000000,
   13,    5, 0.03906250000000, 0.01406250000000, 2.07555502924402, 0.00007520465401, 2.07547982459001, 0.00366484942619, 0.00000000000000, 0.00760632104421, 2.08160711679948, 0.00000000000000, 2.08168232145349,42.52562431701242,    0.00000000000000,
   14,    1, 0.04218750000000, 0.00156250000000, 2.08207871020848, 0.00008770038712, 2.08199100982136, 0.00365311651020,-0.00000000000000, 0.00760575573208, 2.08809884308542, 0.00000000000000, 2.08818654347254,42.61090237792747,    0.00000000000000,
   14,    2, 0.04218750000000, 0.00468750000000, 2.08207871020848, 0.00008770038712, 2.08199100982136, 0.00365311651020,-0.00000000000000, 0.00760575573208, 2.08809884308542, 0.00000000000000, 2.08818654347254,42.61090237792747,    0.00000000000000,
   14,    3, 0.04218750000000, 0.00781250000000, 2.08207871020848, 0.00008770038712, 2.08199100982136, 0.00365311651020,-0.00000000000000, 0.00760575573208, 2.08809884308542, 0.00000000000000, 2.08818654347254,42.61090237792747,    0.00000000000000,
   14,    4, 0.04218750000000, 0.01093750000000, 2.08207871020848, 0.00008770038712, 2.08199100982136, 0.00365311651020,-0.00000000000000, 0.00760575573208, 2.08809884308542, 0.00000000000000, 2.08818654347254,42.61090237792747,    0.00000000000000,
   14,    5, 0.04218750000000, 0.01406250000000, 2.08207871020848, 0.00008770038712, 2.08199100982136, 0.00365311651020,-0.00000000000000, 0.00760575573208, 2.08809884308542, 0.00000000000000, 2.08818654347254,42.61090237792747,    0.00000000000000,
   15,    1, 0.04531250000000, 0.00156250000000, 2.08859471585270, 0.00010115148829, 2.08849356436441, 0.00364146759146, 0.00000000000000, 0.00760518162961, 2.09458207822150, 0.00000000000000, 2.09468322970979,42.69159330715548,    0.00000000000000,
   15,    2, 0.04531250000000, 0.00468750000000, 2.08859471585270, 0.00010115148829, 2.08849356436441, 0.00364146759146, 0.00000000000000, 0.00760518162961, 2.09458207822150, 0.00000000000000, 2.09468322970979,42.69159330715548,    0.00000000000000,
   15,    3, 0.04531250000000, 0.00781250000000, 2.08859471585270, 0.00010115148829, 2.08849356436441, 0.00364146759146, 0.00000000000000, 0.00760518162961, 2.09458207822150, 0.00000000000000, 2.09468322970979,42.69159330715548,    0.00000000000000,
   15,    4, 0.04531250000000, 0.01093750000000, 2.08859471585270, 0.00010115148829, 2.08849356436441, 0.00364146759146, 0.00000000000000, 0.00760518162961, 2.09458207822150, 0.00000000000000, 2.09468322970979,42.69159330715548,    0.00000000000000,
   15,    5, 0.04531250000000, 0.01406250000000, 2.08859471585270, 0.00010115148829, 2.08849356436441, 0.00364146759146, 0.00000000000000, 0.00760518162961, 2.09458207822150, 0.00000000000000, 2.09468322970979,42.69159330715548,    0.00000000000000,
   16,    1, 0.04843750000000, 0.00156250000000, 2.09510241965252, 0.00011555666108, 2.09498686299143, 0.00362990291577,-0.00000000000000, 0.00760459892247, 2.10105619734003, 0.00000000000000, 2.10117175400111,42.76765174839816,    0.00000000000000,
   16,    2, 0.04843750000000, 0.00468750000000, 2.09510241965252, 0.00011555666108, 2.09498686299143, 0.00362990291577,-0.00000000000000, 0.00760459892247, 2.10105619734003, 0.00000000000000, 2.10117175400111,42.76765174839816,    0.00000000000000,
   16,    3, 0.04843750000000, 0.00781250000000, 2.09510241965252, 0.00011555666108, 2.09498686299143, 0.00362990291577,-0.00000000000000, 0.00760459892247, 2.10105619734003, 0.00000000000000, 2.10117175400111,42.76765174839816,    0.00000000000000,
   16,    4, 0.04843750000000, 0.01093750000000, 2.09510241965252, 0.00011555666108, 2.09498686299143, 0.00362990291577,-0.00000000000000, 0.00760459892247, 2.10105619734003, 0.00000000000000, 2.10117175400111,42.76765174839816,    0.00000000000000,
   16,    5, 0.04843750000000, 0.01406250000000, 2.09510241965252, 0.00011555666108, 2.09498686299143, 0.00362990291577,-0.00000000000000, 0.00760459892247, 2.10105619734003, 0.00000000000000, 2.10117175400111,42.76765174839816,    0.00000000000000,
   17,    1, 0.05156250000000, 0.00156250000000, 2.10160119589503, 0.00013091451710, 2.10147028137793, 0.00361842271239,-0.00000000000000, 0.00760400779555, 2.10752057645192, 0.00000000000000, 2.10765149096902,42.83903299527853,    0.00000000000000,
   17,    2, 0.05156250000000, 0.00468750000000, 2.10160119589503, 0.00013091451710, 2.10147028137793, 0.00361842271239,-0.00000000000000, 0.00760400779555, 2.10752057645192, 0.00000000000000, 2.10765149096902,42.83903299527853,    0.00000000000000,
   17,    3, 0.05156250000000, 0.00781250000000, 2.10160119589503, 0.00013091451710, 2.10147028137793, 0.00361842271239,-0.00000000000000, 0.00760400779555, 2.10752057645192, 0.00000000000000, 2.10765149096902,42.83903299527853,    0.00000000000000,
   17,    4, 0.05156250000000, 0.01093750000000, 2.10160119589503, 0.00013091451710, 2.10147028137793, 0.00361842271239,-0.00000000000000, 0.00760400779555, 2.10752057645192, 0.00000000000000, 2.10765149096902,42.83903299527853,    0.00000000000000,
   17,    5, 0.05156250000000, 0.01406250000000, 2.10160119589503, 0.00013091451710, 2.10147028137793, 0.00361842271239,-0.00000000000000, 0.00760400779555, 2.10752057645192, 0.00000000000000, 2.10765149096902,42.83903299527853,    0.00000000000000,
   18,    1, 0.05468750000000, 0.00156250000000, 2.10809041973823, 0.00014722357611, 2.10794319616212, 0.00360702719446,-0.00000000000000, 0.00760340843293, 2.11397459250687, 0.00000000000000, 2.11412181608298,42.90569301005887,    0.00000000000000,
   18,    2, 0.05468750000000, 0.00468750000000, 2.10809041973823, 0.00014722357611, 2.10794319616212, 0.00360702719446,-0.00000000000000, 0.00760340843293, 2.11397459250687, 0.00000000000000, 2.11412181608298,42.90569301005887,    0.00000000000000,
   18,    3, 0.05468750000000, 0.00781250000000, 2.10809041973823, 0.00014722357611, 2.10794319616212, 0.00360702719446,-0.00000000000000, 0.00760340843293, 2.11397459250687, 0.00000000000000, 2.11412181608298,42.90569301005887,    0.00000000000000,
   18,    4, 0.05468750000000, 0.01093750000000, 2.10809041973823, 0.00014722357611, 2.10794319616212, 0.00360702719446,-0.00000000000000, 0.00760340843293, 2.11397459250687, 0.00000000000000, 2.11412181608298,42.90569301005887,    0.00000000000000,
   18,    5, 0.05468750000000, 0.01406250000000, 2.10809041973823, 0.00014722357611, 2.10794319616212, 0.00360702719446,-0.00000000000000, 0.00760340843293, 2.11397459250687, 0.00000000000000, 2.11412181608298,42.90569301005887,    0.00000000000000,
   19,    1, 0.05781250000000, 0.00156250000000, 2.11456946727059, 0.00016448226622, 2.11440498500437, 0.00359571655938, 0.00000000000000, 0.00760280101782, 2.12041762345337, 0.00000000000000, 2.12058210571959,42.96758844221029,    0.00000000000000,
   19,    2, 0.05781250000000, 0.00468750000000, 2.11456946727059, 0.00016448226622, 2.11440498500437, 0.00359571655938, 0.00000000000000, 0.00760280101782, 2.12041762345337, 0.00000000000000, 2.12058210571959,42.96758844221029,    0.00000000000000,
   19,    3, 0.05781250000000, 0.00781250000000, 2.11456946727059, 0.00016448226622, 2.11440498500437, 0.00359571655938, 0.00000000000000, 0.00760280101782, 2.12041762345337, 0.00000000000000, 2.12058210571959,42.96758844221029,    0.00000000000000,
   19,    4, 0.05781250000000, 0.01093750000000, 2.11456946727059, 0.00016448226622, 2.11440498500437, 0.00359571655938, 0.00000000000000, 0.00760280101782, 2.12041762345337, 0.00000000000000, 2.12058210571959,42.96758844221029,    0.00000000000000,
   19,    5, 0.05781250000000, 0.01406250000000, 2.11456946727059, 0.00016448226622, 2.11440498500437, 0.00359571655938, 0.00000000000000, 0.00760280101782, 2.12041762345337, 0.00000000000000, 2.12058210571959,42.96758844221029,    0.00000000000000,
   20,    1, 0.06093750000000, 0.00156250000000, 2.12103771557054, 0.00018268892401, 2.12085502664653, 0.00358449098921, 0.00000000000000, 0.00760218573243, 2.12684904829869, 0.00000000000000, 2.12703173722270,43.02467664682642,    0.00000000000000,
   20,    2, 0.06093750000000, 0.00468750000000, 2.12103771557054, 0.00018268892401, 2.12085502664653, 0.00358449098921, 0.00000000000000, 0.00760218573243, 2.12684904829869, 0.00000000000000, 2.12703173722270,43.02467664682642,    0.00000000000000,
   20,    3, 0.06093750000000, 0.00781250000000, 2.12103771557054, 0.00018268892401, 2.12085502664653, 0.00358449098921, 0.00000000000000, 0.00760218573243, 2.12684904829869, 0.00000000000000, 2.12703173722270,43.02467664682642,    0.00000000000000,
   20,    4, 0.06093750000000, 0.01093750000000, 2.12103771557054, 0.00018268892401, 2.12085502664653, 0.00358449098921, 0.00000000000000, 0.00760218573243, 2.12684904829869, 0.00000000000000, 2.12703173722270,43.02467664682642,    0.00000000000000,
   20,    5, 0.06093750000000, 0.01406250000000, 2.12103771557054, 0.00018268892401, 2.12085502664653, 0.00358449098921, 0.00000000000000, 0.00760218573243, 2.12684904829869, 0.00000000000000, 2.12703173722270,43.02467664682642,    0.00000000000000,
   21,    1, 0.06406250000000, 0.00156250000000, 2.12749454276582, 0.00020184179467, 2.12729270097116, 0.00357335065103, 0.00000000000000, 0.00760156275794, 2.13326824716872, 0.00000000000000, 2.13347008896339,43.07691570287423,    0.00000000000000,
   21,    2, 0.06406250000000, 0.00468750000000, 2.12749454276582, 0.00020184179467, 2.12729270097116, 0.00357335065103, 0.00000000000000, 0.00760156275794, 2.13326824716872, 0.00000000000000, 2.13347008896339,43.07691570287423,    0.00000000000000,
   21,    3, 0.06406250000000, 0.00781250000000, 2.12749454276582, 0.00020184179467, 2.12729270097116, 0.00357335065103, 0.00000000000000, 0.00760156275794, 2.13326824716872, 0.00000000000000, 2.13347008896339,43.07691570287423,    0.00000000000000,
   21,    4, 0.06406250000000, 0.01093750000000, 2.12749454276582, 0.00020184179467, 2.12729270097116, 0.00357335065103, 0.00000000000000, 0.00760156275794, 2.13326824716872, 0.00000000000000, 2.13347008896339,43.07691570287423,    0.00000000000000,
   21,    5, 0.06406250000000, 0.01406250000000, 2.12749454276582, 0.00020184179467, 2.12729270097116, 0.00357335065103, 0.00000000000000, 0.00760156275794, 2.13326824716872, 0.00000000000000, 2.13347008896339,43.07691570287423,    0.00000000000000,
   22,    1, 0.06718750000000, 0.00156250000000, 2.13393932809303, 0.00022193903221, 2.13371738906082, 0.00356229569737, 0.00000000000000, 0.00760093227445, 2.13967460136771, 0.00000000000000, 2.13989654039992,43.12426443127459,    0.00000000000000,
   22,    2, 0.06718750000000, 0.00468750000000, 2.13393932809303, 0.00022193903221, 2.13371738906082, 0.00356229569737, 0.00000000000000, 0.00760093227445, 2.13967460136771, 0.00000000000000, 2.13989654039992,43.12426443127459,    0.00000000000000,
   22,    3, 0.06718750000000, 0.00781250000000, 2.13393932809303, 0.00022193903221, 2.13371738906082, 0.00356229569737, 0.00000000000000, 0.00760093227445, 2.13967460136771, 0.00000000000000, 2.13989654039992,43.12426443127459,    0.00000000000000,
   22,    4, 0.06718750000000, 0.01093750000000, 2.13393932809303, 0.00022193903221, 2.13371738906082, 0.00356229569737, 0.00000000000000, 0.00760093227445, 2.13967460136771, 0.00000000000000, 2.13989654039992,43.12426443127459,    0.00000000000000,
   22,    5, 0.06718750000000, 0.01406250000000, 2.13393932809303, 0.00022193903221, 2.13371738906082, 0.00356229569737, 0.00000000000000, 0.00760093227445, 2.13967460136771, 0.00000000000000, 2.13989654039992,43.12426443127459,    0.00000000000000,
   23,    1, 0.07031250000000, 0.00156250000000, 2.14037145195654, 0.00024297869961, 2.14012847325693, 0.00355132626655,-0.00000000000000, 0.00760029446087, 2.14606749343791, 0.00000000000000, 2.14631047213753,43.16668241280544,    0.00000000000000,
   23,    2, 0.07031250000000, 0.00468750000000, 2.14037145195654, 0.00024297869961, 2.14012847325693, 0.00355132626655,-0.00000000000000, 0.00760029446087, 2.14606749343791, 0.00000000000000, 2.14631047213753,43.16668241280544,    0.00000000000000,
   23,    3, 0.07031250000000, 0.00781250000000, 2.14037145195654, 0.00024297869961, 2.14012847325693, 0.00355132626655,-0.00000000000000, 0.00760029446087, 2.14606749343791, 0.00000000000000, 2.14631047213753,43.16668241280544,    0.00000000000000,
   23,    4, 0.07031250000000, 0.01093750000000, 2.14037145195654, 0.00024297869961, 2.14012847325693, 0.00355132626655,-0.00000000000000, 0.00760029446087, 2.14606749343791, 0.00000000000000, 2.14631047213753,43.16668241280544,    0.00000000000000,
   23,    5, 0.07031250000000, 0.01406250000000, 2.14037145195654, 0.00024297869961, 2.14012847325693, 0.00355132626655,-0.00000000000000, 0.00760029446087, 2.14606749343791, 0.00000000000000, 2.14631047213753,43.16668241280544,    0.00000000000000,
   24,    1, 0.07343750000000, 0.00156250000000, 2.14679029598795, 0.00026495876904, 2.14652533721891, 0.00354044248308, 0.00000000000000, 0.00759964949489, 2.15244630721908, 0.00000000000000, 2.15271126598812,43.20413000582054,    0.00000000000000,
   24,    2, 0.07343750000000, 0.00468750000000, 2.14679029598795, 0.00026495876904, 2.14652533721891, 0.00354044248308, 0.00000000000000, 0.00759964949489, 2.15244630721908, 0.00000000000000, 2.15271126598812,43.20413000582054,    0.00000000000000,
   24,    3, 0.07343750000000, 0.00781250000000, 2.14679029598795, 0.00026495876904, 2.14652533721891, 0.00354044248308, 0.00000000000000, 0.00759964949489, 2.15244630721908, 0.00000000000000, 2.15271126598812,43.20413000582054,    0.00000000000000,
   24,    4, 0.07343750000000, 0.01093750000000, 2.14679029598795, 0.00026495876904, 2.14652533721891, 0.00354044248308, 0.00000000000000, 0.00759964949489, 2.15244630721908, 0.00000000000000, 2.15271126598812,43.20413000582054,    0.00000000000000,
   24,    5, 0.07343750000000, 0.01406250000000, 2.14679029598795, 0.00026495876904, 2.14652533721891, 0.00354044248308, 0.00000000000000, 0.00759964949489, 2.15244630721908, 0.00000000000000, 2.15271126598812,43.20413000582054,    0.00000000000000,
   25,    1, 0.07656250000000, 0.00156250000000, 2.15319524310477, 0.00028787712201, 2.15290736598276, 0.00352964445799,-0.00000000000000, 0.00759899755290, 2.15881042790786, 0.00000000000000, 2.15909830502987,43.23656836377666,    0.00000000000000,
   25,    2, 0.07656250000000, 0.00468750000000, 2.15319524310477, 0.00028787712201, 2.15290736598276, 0.00352964445799,-0.00000000000000, 0.00759899755290, 2.15881042790786, 0.00000000000000, 2.15909830502987,43.23656836377666,    0.00000000000000,
   25,    3, 0.07656250000000, 0.00781250000000, 2.15319524310477, 0.00028787712201, 2.15290736598276, 0.00352964445799,-0.00000000000000, 0.00759899755290, 2.15881042790786, 0.00000000000000, 2.15909830502987,43.23656836377666,    0.00000000000000,
   25,    4, 0.07656250000000, 0.01093750000000, 2.15319524310477, 0.00028787712201, 2.15290736598276, 0.00352964445799,-0.00000000000000, 0.00759899755290, 2.15881042790786, 0.00000000000000, 2.15909830502987,43.23656836377666,    0.00000000000000,
   25,    5, 0.07656250000000, 0.01406250000000, 2.15319524310477, 0.00028787712201, 2.15290736598276, 0.00352964445799,-0.00000000000000, 0.00759899755290, 2.15881042790786, 0.00000000000000, 2.15909830502987,43.23656836377666,    0.00000000000000,
   26,    1, 0.07968750000000, 0.00156250000000, 2.15958567756962, 0.00031173154959, 2.15927394602003, 0.00351893228923, 0.00000000000000, 0.00759833880993, 2.16515924211707, 0.00000000000000, 2.16547097366665,43.26395945256237,    0.00000000000000,
   26,    2, 0.07968750000000, 0.00468750000000, 2.15958567756962, 0.00031173154959, 2.15927394602003, 0.00351893228923, 0.00000000000000, 0.00759833880993, 2.16515924211707, 0.00000000000000, 2.16547097366665,43.26395945256237,    0.00000000000000,
   26,    3, 0.07968750000000, 0.00781250000000, 2.15958567756962, 0.00031173154959, 2.15927394602003, 0.00351893228923, 0.00000000000000, 0.00759833880993, 2.16515924211707, 0.00000000000000, 2.16547097366665,43.26395945256237,    0.00000000000000,
   26,    4, 0.07968750000000, 0.01093750000000, 2.15958567756962, 0.00031173154959, 2.15927394602003, 0.00351893228923, 0.00000000000000, 0.00759833880993, 2.16515924211707, 0.00000000000000, 2.16547097366665,43.26395945256237,    0.00000000000000,
   26,    5, 0.07968750000000, 0.01406250000000, 2.15958567756962, 0.00031173154959, 2.15927394602003, 0.00351893228923, 0.00000000000000, 0.00759833880993, 2.16515924211707, 0.00000000000000, 2.16547097366665,43.26395945256237,    0.00000000000000,
   27,    1, 0.08281250000000, 0.00156250000000, 2.16596098504893, 0.00033651975265, 2.16562446529628, 0.00350830606201, 0.00000000000000, 0.00759767343963, 2.17149213793476, 0.00000000000000, 2.17182865768741,43.28626606762136,    0.00000000000000,
   27,    2, 0.08281250000000, 0.00468750000000, 2.16596098504893, 0.00033651975265, 2.16562446529628, 0.00350830606201, 0.00000000000000, 0.00759767343963, 2.17149213793476, 0.00000000000000, 2.17182865768741,43.28626606762136,    0.00000000000000,
   27,    3, 0.08281250000000, 0.00781250000000, 2.16596098504893, 0.00033651975265, 2.16562446529628, 0.00350830606201, 0.00000000000000, 0.00759767343963, 2.17149213793476, 0.00000000000000, 2.17182865768741,43.28626606762136,    0.00000000000000,
   27,    4, 0.08281250000000, 0.01093750000000, 2.16596098504893, 0.00033651975265, 2.16562446529628, 0.00350830606201, 0.00000000000000, 0.00759767343963, 2.17149213793476, 0.00000000000000, 2.17182865768741,43.28626606762136,    0.00000000000000,
   27,    5, 0.08281250000000, 0.01406250000000, 2.16596098504893, 0.00033651975265, 2.16562446529628, 0.00350830606201, 0.00000000000000, 0.00759767343963, 2.17149213793476, 0.00000000000000, 2.17182865768741,43.28626606762136,    0.00000000000000,
   28,    1, 0.08593750000000, 0.00156250000000, 2.17232055267145, 0.00036223934205, 2.17195831332941, 0.00349776584915, 0.00000000000000, 0.00759700161413, 2.17780850498327, 0.00000000000000, 2.17817074432531,43.30345185086362,    0.00000000000000,
   28,    2, 0.08593750000000, 0.00468750000000, 2.17232055267145, 0.00036223934205, 2.17195831332941, 0.00349776584915, 0.00000000000000, 0.00759700161413, 2.17780850498327, 0.00000000000000, 2.17817074432531,43.30345185086362,    0.00000000000000,
   28,    3, 0.08593750000000, 0.00781250000000, 2.17232055267145, 0.00036223934205, 2.17195831332941, 0.00349776584915, 0.00000000000000, 0.00759700161413, 2.17780850498327, 0.00000000000000, 2.17817074432531,43.30345185086362,    0.00000000000000,
   28,    4, 0.08593750000000, 0.01093750000000, 2.17232055267145, 0.00036223934205, 2.17195831332941, 0.00349776584915, 0.00000000000000, 0.00759700161413, 2.17780850498327, 0.00000000000000, 2.17817074432531,43.30345185086362,    0.00000000000000,
   28,    5, 0.08593750000000, 0.01406250000000, 2.17232055267145, 0.00036223934205, 2.17195831332941, 0.00349776584915, 0.00000000000000, 0.00759700161413, 2.17780850498327, 0.00000000000000, 2.17817074432531,43.30345185086362,    0.00000000000000,
   29,    1, 0.08906250000000, 0.00156250000000, 2.17866376908700, 0.00038888783888, 2.17827488124813, 0.00348731171143,-0.00000000000000, 0.00759632350409, 2.18410773447798, 0.00000000000000, 2.18449662231686,43.31548130735757,    0.00000000000000,
   29,    2, 0.08906250000000, 0.00468750000000, 2.17866376908700, 0.00038888783888, 2.17827488124813, 0.00348731171143,-0.00000000000000, 0.00759632350409, 2.18410773447798, 0.00000000000000, 2.18449662231686,43.31548130735757,    0.00000000000000,
   29,    3, 0.08906250000000, 0.00781250000000, 2.17866376908700, 0.00038888783888, 2.17827488124813, 0.00348731171143,-0.00000000000000, 0.00759632350409, 2.18410773447798, 0.00000000000000, 2.18449662231686,43.31548130735757,    0.00000000000000,
   29,    4, 0.08906250000000, 0.01093750000000, 2.17866376908700, 0.00038888783888, 2.17827488124813, 0.00348731171143,-0.00000000000000, 0.00759632350409, 2.18410773447798, 0.00000000000000, 2.18449662231686,43.31548130735757,    0.00000000000000,
   29,    5, 0.08906250000000, 0.01406250000000, 2.17866376908700, 0.00038888783888, 2.17827488124813, 0.00348731171143,-0.00000000000000, 0.00759632350409, 2.18410773447798, 0.00000000000000, 2.18449662231686,43.31548130735757,    0.00000000000000,
   30,    1, 0.09218750000000, 0.00156250000000, 2.18499002452477, 0.00041646267470, 2.18457356185007, 0.00347694369795, 0.00000000000000, 0.00759563927858, 2.19038921928605, 0.00000000000000, 2.19080568196075,43.32231982179655,    0.00000000000000,
   30,    2, 0.09218750000000, 0.00468750000000, 2.18499002452477, 0.00041646267470, 2.18457356185007, 0.00347694369795, 0.00000000000000, 0.00759563927858, 2.19038921928605, 0.00000000000000, 2.19080568196075,43.32231982179655,    0.00000000000000,
   30,    3, 0.09218750000000, 0.00781250000000, 2.18499002452477, 0.00041646267470, 2.18457356185007, 0.00347694369795, 0.00000000000000, 0.00759563927858, 2.19038921928605, 0.00000000000000, 2.19080568196075,43.32231982179655,    0.00000000000000,
   30,    4, 0.09218750000000, 0.01093750000000, 2.18499002452477, 0.00041646267470, 2.18457356185007, 0.00347694369795, 0.00000000000000, 0.00759563927858, 2.19038921928605, 0.00000000000000, 2.19080568196075,43.32231982179655,    0.00000000000000,
   30,    5, 0.09218750000000, 0.01406250000000, 2.18499002452477, 0.00041646267470, 2.18457356185007, 0.00347694369795, 0.00000000000000, 0.00759563927858, 2.19038921928605, 0.00000000000000, 2.19080568196075,43.32231982179655,    0.00000000000000,
   31,    1, 0.09531250000000, 0.00156250000000, 2.19129871085154, 0.00044496119180, 2.19085374965974, 0.00346666184642,-0.00000000000000, 0.00759494910503, 2.19665235398491, 0.00000000000000, 2.19709731517671,43.32393367473298,    0.00000000000000,
   31,    2, 0.09531250000000, 0.00468750000000, 2.19129871085154, 0.00044496119180, 2.19085374965974, 0.00346666184642,-0.00000000000000, 0.00759494910503, 2.19665235398491, 0.00000000000000, 2.19709731517671,43.32393367473298,    0.00000000000000,
   31,    3, 0.09531250000000, 0.00781250000000, 2.19129871085154, 0.00044496119180, 2.19085374965974, 0.00346666184642,-0.00000000000000, 0.00759494910503, 2.19665235398491, 0.00000000000000, 2.19709731517671,43.32393367473298,    0.00000000000000,
   31,    4, 0.09531250000000, 0.01093750000000, 2.19129871085154, 0.00044496119180, 2.19085374965974, 0.00346666184642,-0.00000000000000, 0.00759494910503, 2.19665235398491, 0.00000000000000, 2.19709731517671,43.32393367473298,    0.00000000000000,
   31,    5, 0.09531250000000, 0.01406250000000, 2.19129871085154, 0.00044496119180, 2.19085374965974, 0.00346666184642,-0.00000000000000, 0.00759494910503, 2.19665235398491, 0.00000000000000, 2.19709731517671,43.32393367473298,    0.00000000000000,
   32,    1, 0.09843750000000, 0.00156250000000, 2.19758922162988, 0.00047438064342, 2.19711484098645, 0.00345646618353,-0.00000000000000, 0.00759425314921, 2.20289653492059, 0.00000000000000, 2.20337091556401,43.32029005857373,    0.00000000000000,
   32,    2, 0.09843750000000, 0.00468750000000, 2.19758922162988, 0.00047438064342, 2.19711484098645, 0.00345646618353,-0.00000000000000, 0.00759425314921, 2.20289653492059, 0.00000000000000, 2.20337091556401,43.32029005857373,    0.00000000000000,
   32,    3, 0.09843750000000, 0.00781250000000, 2.19758922162988, 0.00047438064342, 2.19711484098645, 0.00345646618353,-0.00000000000000, 0.00759425314921, 2.20289653492059, 0.00000000000000, 2.20337091556401,43.32029005857373,    0.00000000000000,
   32,    4, 0.09843750000000, 0.01093750000000, 2.19758922162988, 0.00047438064342, 2.19711484098645, 0.00345646618353,-0.00000000000000, 0.00759425314921, 2.20289653492059, 0.00000000000000, 2.20337091556401,43.32029005857373,    0.00000000000000,
   32,    5, 0.09843750000000, 0.01406250000000, 2.19758922162988, 0.00047438064342, 2.19711484098645, 0.00345646618353,-0.00000000000000, 0.00759425314921, 2.20289653492059, 0.00000000000000, 2.20337091556401,43.32029005857373,    0.00000000000000,
   33,    1, 0.10156250000000, 0.00156250000000, 2.20386095217602, 0.00050471819407, 2.20335623398195, 0.00344635672529,-0.00000000000000, 0.00759355157519, 2.20912116026593, 0.00000000000000, 2.20962587846000,43.31135709333009,    0.00000000000000,
   33,    2, 0.10156250000000, 0.00468750000000, 2.20386095217602, 0.00050471819407, 2.20335623398195, 0.00344635672529,-0.00000000000000, 0.00759355157519, 2.20912116026593, 0.00000000000000, 2.20962587846000,43.31135709333009,    0.00000000000000,
   33,    3, 0.10156250000000, 0.00781250000000, 2.20386095217602, 0.00050471819407, 2.20335623398195, 0.00344635672529,-0.00000000000000, 0.00759355157519, 2.20912116026593, 0.00000000000000, 2.20962587846000,43.31135709333009,    0.00000000000000,
   33,    4, 0.10156250000000, 0.01093750000000, 2.20386095217602, 0.00050471819407, 2.20335623398195, 0.00344635672529,-0.00000000000000, 0.00759355157519, 2.20912116026593, 0.00000000000000, 2.20962587846000,43.31135709333009,    0.00000000000000,
   33,    5, 0.10156250000000, 0.01406250000000, 2.20386095217602, 0.00050471819407, 2.20335623398195, 0.00344635672529,-0.00000000000000, 0.00759355157519, 2.20912116026593, 0.00000000000000, 2.20962587846000,43.31135709333009,    0.00000000000000,
   34,    1, 0.10468750000000, 0.00156250000000, 2.21011329961771, 0.00053597091974, 2.20957732869798, 0.00343633347728,-0.00000000000000, 0.00759284454525, 2.21532563007859, 0.00000000000000, 2.21586160099833,43.29710384211629,    0.00000000000000,
   34,    2, 0.10468750000000, 0.00468750000000, 2.21011329961771, 0.00053597091974, 2.20957732869798, 0.00343633347728,-0.00000000000000, 0.00759284454525, 2.21532563007859, 0.00000000000000, 2.21586160099833,43.29710384211629,    0.00000000000000,
   34,    3, 0.10468750000000, 0.00781250000000, 2.21011329961771, 0.00053597091974, 2.20957732869798, 0.00343633347728,-0.00000000000000, 0.00759284454525, 2.21532563007859, 0.00000000000000, 2.21586160099833,43.29710384211629,    0.00000000000000,
   34,    4, 0.10468750000000, 0.01093750000000, 2.21011329961771, 0.00053597091974, 2.20957732869798, 0.00343633347728,-0.00000000000000, 0.00759284454525, 2.21532563007859, 0.00000000000000, 2.21586160099833,43.29710384211629,    0.00000000000000,
   34,    5, 0.10468750000000, 0.01406250000000, 2.21011329961771, 0.00053597091974, 2.20957732869798, 0.00343633347728,-0.00000000000000, 0.00759284454525, 2.21532563007859, 0.00000000000000, 2.21586160099833,43.29710384211629,    0.00000000000000,
   35,    1, 0.10781250000000, 0.00156250000000, 2.21634566295182, 0.00056813580823, 2.21577752714359, 0.00342639643506, 0.00000000000000, 0.00759213221989, 2.22150934635886, 0.00000000000000, 2.22207748216709,43.27750032638983,    0.00000000000000,
   35,    2, 0.10781250000000, 0.00468750000000, 2.21634566295182, 0.00056813580823, 2.21577752714359, 0.00342639643506, 0.00000000000000, 0.00759213221989, 2.22150934635886, 0.00000000000000, 2.22207748216709,43.27750032638983,    0.00000000000000,
   35,    3, 0.10781250000000, 0.00781250000000, 2.21634566295182, 0.00056813580823, 2.21577752714359, 0.00342639643506, 0.00000000000000, 0.00759213221989, 2.22150934635886, 0.00000000000000, 2.22207748216709,43.27750032638983,    0.00000000000000,
   35,    4, 0.10781250000000, 0.01093750000000, 2.21634566295182, 0.00056813580823, 2.21577752714359, 0.00342639643506, 0.00000000000000, 0.00759213221989, 2.22150934635886, 0.00000000000000, 2.22207748216709,43.27750032638983,    0.00000000000000,
   35,    5, 0.10781250000000, 0.01406250000000, 2.21634566295182, 0.00056813580823, 2.21577752714359, 0.00342639643506, 0.00000000000000, 0.00759213221989, 2.22150934635886, 0.00000000000000, 2.22207748216709,43.27750032638983,    0.00000000000000,
   36,    1, 0.11093750000000, 0.00156250000000, 2.22255744310178, 0.00060120975942, 2.22195623334236, 0.00341654558440,-0.00000000000000, 0.00759141475775, 2.22767171310729, 0.00000000000000, 2.22827292286671,43.25251754092779,    0.00000000000000,
   36,    2, 0.11093750000000, 0.00468750000000, 2.22255744310178, 0.00060120975942, 2.22195623334236, 0.00341654558440,-0.00000000000000, 0.00759141475775, 2.22767171310729, 0.00000000000000, 2.22827292286671,43.25251754092779,    0.00000000000000,
   36,    3, 0.11093750000000, 0.00781250000000, 2.22255744310178, 0.00060120975942, 2.22195623334236, 0.00341654558440,-0.00000000000000, 0.00759141475775, 2.22767171310729, 0.00000000000000, 2.22827292286671,43.25251754092779,    0.00000000000000,
   36,    4, 0.11093750000000, 0.01093750000000, 2.22255744310178, 0.00060120975942, 2.22195623334236, 0.00341654558440,-0.00000000000000, 0.00759141475775, 2.22767171310729, 0.00000000000000, 2.22827292286671,43.25251754092779,    0.00000000000000,
   36,    5, 0.11093750000000, 0.01406250000000, 2.22255744310178, 0.00060120975942, 2.22195623334236, 0.00341654558440,-0.00000000000000, 0.00759141475775, 2.22767171310729, 0.00000000000000, 2.22827292286671,43.25251754092779,    0.00000000000000,
   37,    1, 0.11406250000000, 0.00156250000000, 2.22874804297486, 0.00063518958558, 2.22811285338929, 0.00340678090163,-0.00000000000000, 0.00759069231561, 2.23381213638215, 0.00000000000000, 2.23444732596773,43.22212746853299,    0.00000000000000,
   37,    2, 0.11406250000000, 0.00468750000000, 2.22874804297486, 0.00063518958558, 2.22811285338929, 0.00340678090163,-0.00000000000000, 0.00759069231561, 2.23381213638215, 0.00000000000000, 2.23444732596773,43.22212746853299,    0.00000000000000,
   37,    3, 0.11406250000000, 0.00781250000000, 2.22874804297486, 0.00063518958558, 2.22811285338929, 0.00340678090163,-0.00000000000000, 0.00759069231561, 2.23381213638215, 0.00000000000000, 2.23444732596773,43.22212746853299,    0.00000000000000,
   37,    4, 0.11406250000000, 0.01093750000000, 2.22874804297486, 0.00063518958558, 2.22811285338929, 0.00340678090163,-0.00000000000000, 0.00759069231561, 2.23381213638215, 0.00000000000000, 2.23444732596773,43.22212746853299,    0.00000000000000,
   37,    5, 0.11406250000000, 0.01406250000000, 2.22874804297486, 0.00063518958558, 2.22811285338929, 0.00340678090163,-0.00000000000000, 0.00759069231561, 2.23381213638215, 0.00000000000000, 2.23444732596773,43.22212746853299,    0.00000000000000,
   38,    1, 0.11718750000000, 0.00156250000000, 2.23491686751940, 0.00067007201165, 2.23424679550775, 0.00339710235394,-0.00000000000000, 0.00758996504830, 2.23993002435666, 0.00000000000000, 2.24060009636831,43.18630309446367,    0.00000000000000,
   38,    2, 0.11718750000000, 0.00468750000000, 2.23491686751940, 0.00067007201165, 2.23424679550775, 0.00339710235394,-0.00000000000000, 0.00758996504830, 2.23993002435666, 0.00000000000000, 2.24060009636831,43.18630309446367,    0.00000000000000,
   38,    3, 0.11718750000000, 0.00781250000000, 2.23491686751940, 0.00067007201165, 2.23424679550775, 0.00339710235394,-0.00000000000000, 0.00758996504830, 2.23993002435666, 0.00000000000000, 2.24060009636831,43.18630309446367,    0.00000000000000,
   38,    4, 0.11718750000000, 0.01093750000000, 2.23491686751940, 0.00067007201165, 2.23424679550775, 0.00339710235394,-0.00000000000000, 0.00758996504830, 2.23993002435666, 0.00000000000000, 2.24060009636831,43.18630309446367,    0.00000000000000,
   38,    5, 0.11718750000000, 0.01406250000000, 2.23491686751940, 0.00067007201165, 2.23424679550775, 0.00339710235394,-0.00000000000000, 0.00758996504830, 2.23993002435666, 0.00000000000000, 2.24060009636831,43.18630309446367,    0.00000000000000,
   39,    1, 0.12031250000000, 0.00156250000000, 2.24106332378157, 0.00070585367561, 2.24035747010597, 0.00338750989964,-0.00000000000000, 0.00758923310872, 2.24602478737604, 0.00000000000000, 2.24673064105165,43.14501842058122,    0.00000000000000,
   39,    2, 0.12031250000000, 0.00468750000000, 2.24106332378157, 0.00070585367561, 2.24035747010597, 0.00338750989964,-0.00000000000000, 0.00758923310872, 2.24602478737604, 0.00000000000000, 2.24673064105165,43.14501842058122,    0.00000000000000,
   39,    3, 0.12031250000000, 0.00781250000000, 2.24106332378157, 0.00070585367561, 2.24035747010597, 0.00338750989964,-0.00000000000000, 0.00758923310872, 2.24602478737604, 0.00000000000000, 2.24673064105165,43.14501842058122,    0.00000000000000,
   39,    4, 0.12031250000000, 0.01093750000000, 2.24106332378157, 0.00070585367561, 2.24035747010597, 0.00338750989964,-0.00000000000000, 0.00758923310872, 2.24602478737604, 0.00000000000000, 2.24673064105165,43.14501842058122,    0.00000000000000,
   39,    5, 0.12031250000000, 0.01406250000000, 2.24106332378157, 0.00070585367561, 2.24035747010597, 0.00338750989964,-0.00000000000000, 0.00758923310872, 2.24602478737604, 0.00000000000000, 2.24673064105165,43.14501842058122,    0.00000000000000,
   40,    1, 0.12343750000000, 0.00156250000000, 2.24718682096212, 0.00074253112873, 2.24644428983339, 0.00337800348850,-0.00000000000000, 0.00758849664778, 2.25209583801436, 0.00000000000000, 2.25283836914309,43.09824847920981,    0.00000000000000,
   40,    2, 0.12343750000000, 0.00468750000000, 2.24718682096212, 0.00074253112873, 2.24644428983339, 0.00337800348850,-0.00000000000000, 0.00758849664778, 2.25209583801436, 0.00000000000000, 2.25283836914309,43.09824847920981,    0.00000000000000,
   40,    3, 0.12343750000000, 0.00781250000000, 2.24718682096212, 0.00074253112873, 2.24644428983339, 0.00337800348850,-0.00000000000000, 0.00758849664778, 2.25209583801436, 0.00000000000000, 2.25283836914309,43.09824847920981,    0.00000000000000,
   40,    4, 0.12343750000000, 0.01093750000000, 2.24718682096212, 0.00074253112873, 2.24644428983339, 0.00337800348850,-0.00000000000000, 0.00758849664778, 2.25209583801436, 0.00000000000000, 2.25283836914309,43.09824847920981,    0.00000000000000,
   40,    5, 0.12343750000000, 0.01406250000000, 2.24718682096212, 0.00074253112873, 2.24644428983339, 0.00337800348850,-0.00000000000000, 0.00758849664778, 2.25209583801436, 0.00000000000000, 2.25283836914309,43.09824847920981,    0.00000000000000,
   41,    1, 0.12656250000000, 0.00156250000000, 2.25328677047296, 0.00078010083597, 2.25250666963699, 0.00336858306200,-0.00000000000000, 0.00758775581437, 2.25814259113111, 0.00000000000000, 2.25892269196708,43.04596934670235,    0.00000000000000,
   41,    2, 0.12656250000000, 0.00468750000000, 2.25328677047296, 0.00078010083597, 2.25250666963699, 0.00336858306200,-0.00000000000000, 0.00758775581437, 2.25814259113111, 0.00000000000000, 2.25892269196708,43.04596934670235,    0.00000000000000,
   41,    3, 0.12656250000000, 0.00781250000000, 2.25328677047296, 0.00078010083597, 2.25250666963699, 0.00336858306200,-0.00000000000000, 0.00758775581437, 2.25814259113111, 0.00000000000000, 2.25892269196708,43.04596934670235,    0.00000000000000,
   41,    4, 0.12656250000000, 0.01093750000000, 2.25328677047296, 0.00078010083597, 2.25250666963699, 0.00336858306200,-0.00000000000000, 0.00758775581437, 2.25814259113111, 0.00000000000000, 2.25892269196708,43.04596934670235,    0.00000000000000,
   41,    5, 0.12656250000000, 0.01406250000000, 2.25328677047296, 0.00078010083597, 2.25250666963699, 0.00336858306200,-0.00000000000000, 0.00758775581437, 2.25814259113111, 0.00000000000000, 2.25892269196708,43.04596934670235,    0.00000000000000,
   42,    1, 0.12968750000000, 0.00156250000000, 2.25936258599350, 0.00081855917628, 2.25854402681722, 0.00335924855360,-0.00000000000000, 0.00758701075533, 2.26416446392764, 0.00000000000000, 2.26498302310392,42.98815815670719,    0.00000000000000,
   42,    2, 0.12968750000000, 0.00468750000000, 2.25936258599350, 0.00081855917628, 2.25854402681722, 0.00335924855360,-0.00000000000000, 0.00758701075533, 2.26416446392764, 0.00000000000000, 2.26498302310392,42.98815815670719,    0.00000000000000,
   42,    3, 0.12968750000000, 0.00781250000000, 2.25936258599350, 0.00081855917628, 2.25854402681722, 0.00335924855360,-0.00000000000000, 0.00758701075533, 2.26416446392764, 0.00000000000000, 2.26498302310392,42.98815815670719,    0.00000000000000,
   42,    4, 0.12968750000000, 0.01093750000000, 2.25936258599350, 0.00081855917628, 2.25854402681722, 0.00335924855360,-0.00000000000000, 0.00758701075533, 2.26416446392764, 0.00000000000000, 2.26498302310392,42.98815815670719,    0.00000000000000,
   42,    5, 0.12968750000000, 0.01406250000000, 2.25936258599350, 0.00081855917628, 2.25854402681722, 0.00335924855360,-0.00000000000000, 0.00758701075533, 2.26416446392764, 0.00000000000000, 2.26498302310392,42.98815815670719,    0.00000000000000,
   43,    1, 0.13281250000000, 0.00156250000000, 2.26541368352665, 0.00085790244296, 2.26455578108368, 0.00334999988908,-0.00000000000000, 0.00758626161545, 2.27016087600333, 0.00000000000000, 2.27101877844629,42.92479311312995,    0.00000000000000,
   43,    2, 0.13281250000000, 0.00468750000000, 2.26541368352665, 0.00085790244296, 2.26455578108368, 0.00334999988908,-0.00000000000000, 0.00758626161545, 2.27016087600333, 0.00000000000000, 2.27101877844629,42.92479311312995,    0.00000000000000,
   43,    3, 0.13281250000000, 0.00781250000000, 2.26541368352665, 0.00085790244296, 2.26455578108368, 0.00334999988908,-0.00000000000000, 0.00758626161545, 2.27016087600333, 0.00000000000000, 2.27101877844629,42.92479311312995,    0.00000000000000,
   43,    4, 0.13281250000000, 0.01093750000000, 2.26541368352665, 0.00085790244296, 2.26455578108368, 0.00334999988908,-0.00000000000000, 0.00758626161545, 2.27016087600333, 0.00000000000000, 2.27101877844629,42.92479311312995,    0.00000000000000,
   43,    5, 0.13281250000000, 0.01406250000000, 2.26541368352665, 0.00085790244296, 2.26455578108368, 0.00334999988908,-0.00000000000000, 0.00758626161545, 2.27016087600333, 0.00000000000000, 2.27101877844629,42.92479311312995,    0.00000000000000,
   44,    1, 0.13593750000000, 0.00156250000000, 2.27143948145482, 0.00089812684404, 2.27054135461078, 0.00334083698673,-0.00000000000000, 0.00758550853738, 2.27613124941148, 0.00000000000000, 2.27702937625552,42.85585350278522,    0.00000000000000,
   44,    2, 0.13593750000000, 0.00468750000000, 2.27143948145482, 0.00089812684404, 2.27054135461078, 0.00334083698673,-0.00000000000000, 0.00758550853738, 2.27613124941148, 0.00000000000000, 2.27702937625552,42.85585350278522,    0.00000000000000,
   44,    3, 0.13593750000000, 0.00781250000000, 2.27143948145482, 0.00089812684404, 2.27054135461078, 0.00334083698673,-0.00000000000000, 0.00758550853738, 2.27613124941148, 0.00000000000000, 2.27702937625552,42.85585350278522,    0.00000000000000,
   44,    4, 0.13593750000000, 0.01093750000000, 2.27143948145482, 0.00089812684404, 2.27054135461078, 0.00334083698673,-0.00000000000000, 0.00758550853738, 2.27613124941148, 0.00000000000000, 2.27702937625552,42.85585350278522,    0.00000000000000,
   44,    5, 0.13593750000000, 0.01406250000000, 2.27143948145482, 0.00089812684404, 2.27054135461078, 0.00334083698673,-0.00000000000000, 0.00758550853738, 2.27613124941148, 0.00000000000000, 2.27702937625552,42.85585350278522,    0.00000000000000,
   45,    1, 0.13906250000000, 0.00156250000000, 2.27743940059550, 0.00093922850260, 2.27650017209290, 0.00333175975766,-0.00000000000000, 0.00758475166169, 2.28207500871510, 0.00000000000000, 2.28301423721769,42.78131970773267,    0.00000000000000,
   45,    2, 0.13906250000000, 0.00468750000000, 2.27743940059550, 0.00093922850260, 2.27650017209290, 0.00333175975766,-0.00000000000000, 0.00758475166169, 2.28207500871510, 0.00000000000000, 2.28301423721769,42.78131970773267,    0.00000000000000,
   45,    3, 0.13906250000000, 0.00781250000000, 2.27743940059550, 0.00093922850260, 2.27650017209290, 0.00333175975766,-0.00000000000000, 0.00758475166169, 2.28207500871510, 0.00000000000000, 2.28301423721769,42.78131970773267,    0.00000000000000,
   45,    4, 0.13906250000000, 0.01093750000000, 2.27743940059550, 0.00093922850260, 2.27650017209290, 0.00333175975766,-0.00000000000000, 0.00758475166169, 2.28207500871510, 0.00000000000000, 2.28301423721769,42.78131970773267,    0.00000000000000,
   45,    5, 0.13906250000000, 0.01406250000000, 2.27743940059550, 0.00093922850260, 2.27650017209290, 0.00333175975766,-0.00000000000000, 0.00758475166169, 2.28207500871510, 0.00000000000000, 2.28301423721769,42.78131970773267,    0.00000000000000,
   46,    1, 0.14218750000000, 0.00156250000000, 2.28341286425686, 0.00098120345717, 2.28243166079969, 0.00332276810606,-0.00000000000000, 0.00758399112678, 2.28799158104227, 0.00000000000000, 2.28897278449944,42.70117321729261,    0.00000000000000,
   46,    2, 0.14218750000000, 0.00468750000000, 2.28341286425686, 0.00098120345717, 2.28243166079969, 0.00332276810606,-0.00000000000000, 0.00758399112678, 2.28799158104227, 0.00000000000000, 2.28897278449944,42.70117321729261,    0.00000000000000,
   46,    3, 0.14218750000000, 0.00781250000000, 2.28341286425686, 0.00098120345717, 2.28243166079969, 0.00332276810606,-0.00000000000000, 0.00758399112678, 2.28799158104227, 0.00000000000000, 2.28897278449944,42.70117321729261,    0.00000000000000,
   46,    4, 0.14218750000000, 0.01093750000000, 2.28341286425686, 0.00098120345717, 2.28243166079969, 0.00332276810606,-0.00000000000000, 0.00758399112678, 2.28799158104227, 0.00000000000000, 2.28897278449944,42.70117321729261,    0.00000000000000,
   46,    5, 0.14218750000000, 0.01406250000000, 2.28341286425686, 0.00098120345717, 2.28243166079969, 0.00332276810606,-0.00000000000000, 0.00758399112678, 2.28799158104227, 0.00000000000000, 2.28897278449944,42.70117321729261,    0.00000000000000,
   47,    1, 0.14531250000000, 0.00156250000000, 2.28935929829281, 0.00102404766212, 2.28833525063068, 0.00331386192945,-0.00000000000000, 0.00758322706889, 2.29388039614146, 0.00000000000000, 2.29490444380359,42.61539663973577,    0.00000000000000,
   47,    2, 0.14531250000000, 0.00468750000000, 2.28935929829281, 0.00102404766212, 2.28833525063068, 0.00331386192945,-0.00000000000000, 0.00758322706889, 2.29388039614146, 0.00000000000000, 2.29490444380359,42.61539663973577,    0.00000000000000,
   47,    3, 0.14531250000000, 0.00781250000000, 2.28935929829281, 0.00102404766212, 2.28833525063068, 0.00331386192945,-0.00000000000000, 0.00758322706889, 2.29388039614146, 0.00000000000000, 2.29490444380359,42.61539663973577,    0.00000000000000,
   47,    4, 0.14531250000000, 0.01093750000000, 2.28935929829281, 0.00102404766212, 2.28833525063068, 0.00331386192945,-0.00000000000000, 0.00758322706889, 2.29388039614146, 0.00000000000000, 2.29490444380359,42.61539663973577,    0.00000000000000,
   47,    5, 0.14531250000000, 0.01406250000000, 2.28935929829281, 0.00102404766212, 2.28833525063068, 0.00331386192945,-0.00000000000000, 0.00758322706889, 2.29388039614146, 0.00000000000000, 2.29490444380359,42.61539663973577,    0.00000000000000,
   48,    1, 0.14843750000000, 0.00156250000000, 2.29527813115798, 0.00106775698804, 2.29421037416993, 0.00330504111893,-0.00000000000000, 0.00758245962210, 2.29974088643640, 0.00000000000000, 2.30080864342445,42.52397371364235,    0.00000000000000,
   48,    2, 0.14843750000000, 0.00468750000000, 2.29527813115798, 0.00106775698804, 2.29421037416993, 0.00330504111893,-0.00000000000000, 0.00758245962210, 2.29974088643640, 0.00000000000000, 2.30080864342445,42.52397371364235,    0.00000000000000,
   48,    3, 0.14843750000000, 0.00781250000000, 2.29527813115798, 0.00106775698804, 2.29421037416993, 0.00330504111893,-0.00000000000000, 0.00758245962210, 2.29974088643640, 0.00000000000000, 2.30080864342445,42.52397371364235,    0.00000000000000,
   48,    4, 0.14843750000000, 0.01093750000000, 2.29527813115798, 0.00106775698804, 2.29421037416993, 0.00330504111893,-0.00000000000000, 0.00758245962210, 2.29974088643640, 0.00000000000000, 2.30080864342445,42.52397371364235,    0.00000000000000,
   48,    5, 0.14843750000000, 0.01406250000000, 2.29527813115798, 0.00106775698804, 2.29421037416993, 0.00330504111893,-0.00000000000000, 0.00758245962210, 2.29974088643640, 0.00000000000000, 2.30080864342445,42.52397371364235,    0.00000000000000,
   49,    1, 0.15156250000000, 0.00156250000000, 2.30116879396263, 0.00111232722214, 2.30005646674049, 0.00329630555940,-0.00000000000000, 0.00758168891825, 2.30557248708085, 0.00000000000000, 2.30668481430299,42.42688931892567,    0.00000000000000,
   49,    2, 0.15156250000000, 0.00468750000000, 2.30116879396263, 0.00111232722214, 2.30005646674049, 0.00329630555940,-0.00000000000000, 0.00758168891825, 2.30557248708085, 0.00000000000000, 2.30668481430299,42.42688931892567,    0.00000000000000,
   49,    3, 0.15156250000000, 0.00781250000000, 2.30116879396263, 0.00111232722214, 2.30005646674049, 0.00329630555940,-0.00000000000000, 0.00758168891825, 2.30557248708085, 0.00000000000000, 2.30668481430299,42.42688931892567,    0.00000000000000,
   49,    4, 0.15156250000000, 0.01093750000000, 2.30116879396263, 0.00111232722214, 2.30005646674049, 0.00329630555940,-0.00000000000000, 0.00758168891825, 2.30557248708085, 0.00000000000000, 2.30668481430299,42.42688931892567,    0.00000000000000,
   49,    5, 0.15156250000000, 0.01406250000000, 2.30116879396263, 0.00111232722214, 2.30005646674049, 0.00329630555940,-0.00000000000000, 0.00758168891825, 2.30557248708085, 0.00000000000000, 2.30668481430299,42.42688931892567,    0.00000000000000,
   50,    1, 0.15468750000000, 0.00156250000000, 2.30703072052695, 0.00115775406863, 2.30587296645831, 0.00328765512987,-0.00000000000000, 0.00758091508700, 2.31137463601298, 0.00000000000000, 2.31253239008162,42.32412948751561,    0.00000000000000,
   50,    2, 0.15468750000000, 0.00468750000000, 2.30703072052695, 0.00115775406863, 2.30587296645831, 0.00328765512987,-0.00000000000000, 0.00758091508700, 2.31137463601298, 0.00000000000000, 2.31253239008162,42.32412948751561,    0.00000000000000,
   50,    3, 0.15468750000000, 0.00781250000000, 2.30703072052695, 0.00115775406863, 2.30587296645831, 0.00328765512987,-0.00000000000000, 0.00758091508700, 2.31137463601298, 0.00000000000000, 2.31253239008162,42.32412948751561,    0.00000000000000,
   50,    4, 0.15468750000000, 0.01093750000000, 2.30703072052695, 0.00115775406863, 2.30587296645831, 0.00328765512987,-0.00000000000000, 0.00758091508700, 2.31137463601298, 0.00000000000000, 2.31253239008162,42.32412948751561,    0.00000000000000,
   50,    5, 0.15468750000000, 0.01406250000000, 2.30703072052695, 0.00115775406863, 2.30587296645831, 0.00328765512987,-0.00000000000000, 0.00758091508700, 2.31137463601298, 0.00000000000000, 2.31253239008162,42.32412948751561,    0.00000000000000,
   51,    1, 0.15781250000000, 0.00156250000000, 2.31286334743540, 0.00120403314920, 2.31165931428620, 0.00327908970362,-0.00000000000000, 0.00758013825576, 2.31714677400962, 0.00000000000000, 2.31835080715882,42.21568141369711,    0.00000000000000,
   51,    2, 0.15781250000000, 0.00468750000000, 2.31286334743540, 0.00120403314920, 2.31165931428620, 0.00327908970362,-0.00000000000000, 0.00758013825576, 2.31714677400962, 0.00000000000000, 2.31835080715882,42.21568141369711,    0.00000000000000,
   51,    3, 0.15781250000000, 0.00781250000000, 2.31286334743540, 0.00120403314920, 2.31165931428620, 0.00327908970362,-0.00000000000000, 0.00758013825576, 2.31714677400962, 0.00000000000000, 2.31835080715882,42.21568141369711,    0.00000000000000,
   51,    4, 0.15781250000000, 0.01093750000000, 2.31286334743540, 0.00120403314920, 2.31165931428620, 0.00327908970362,-0.00000000000000, 0.00758013825576, 2.31714677400962, 0.00000000000000, 2.31835080715882,42.21568141369711,    0.00000000000000,
   51,    5, 0.15781250000000, 0.01406250000000, 2.31286334743540, 0.00120403314920, 2.31165931428620, 0.00327908970362,-0.00000000000000, 0.00758013825576, 2.31714677400962, 0.00000000000000, 2.31835080715882,42.21568141369711,    0.00000000000000,
   52,    1, 0.16093750000000, 0.00156250000000, 2.31866611409069, 0.00125116000335, 2.31741495408734, 0.00327060914849,-0.00000000000000, 0.00757935854970, 2.32288834474009, 0.00000000000000, 2.32413950474344,42.10153346409960,    0.00000000000000,
   52,    2, 0.16093750000000, 0.00468750000000, 2.31866611409069, 0.00125116000335, 2.31741495408734, 0.00327060914849,-0.00000000000000, 0.00757935854970, 2.32288834474009, 0.00000000000000, 2.32413950474344,42.10153346409960,    0.00000000000000,
   52,    3, 0.16093750000000, 0.00781250000000, 2.31866611409069, 0.00125116000335, 2.31741495408734, 0.00327060914849,-0.00000000000000, 0.00757935854970, 2.32288834474009, 0.00000000000000, 2.32413950474344,42.10153346409960,    0.00000000000000,
   52,    4, 0.16093750000000, 0.01093750000000, 2.31866611409069, 0.00125116000335, 2.31741495408734, 0.00327060914849,-0.00000000000000, 0.00757935854970, 2.32288834474009, 0.00000000000000, 2.32413950474344,42.10153346409960,    0.00000000000000,
   52,    5, 0.16093750000000, 0.01406250000000, 2.31866611409069, 0.00125116000335, 2.31741495408734, 0.00327060914849,-0.00000000000000, 0.00757935854970, 2.32288834474009, 0.00000000000000, 2.32413950474344,42.10153346409960,    0.00000000000000,
   53,    1, 0.16406250000000, 0.00156250000000, 2.32443846276737, 0.00129913008891, 2.32313933267845, 0.00326221332709,-0.00000000000000, 0.00757857609175, 2.32859879481986, 0.00000000000000, 2.32989792490877,41.98167518733275,    0.00000000000000,
   53,    2, 0.16406250000000, 0.00468750000000, 2.32443846276737, 0.00129913008891, 2.32313933267845, 0.00326221332709,-0.00000000000000, 0.00757857609175, 2.32859879481986, 0.00000000000000, 2.32989792490877,41.98167518733275,    0.00000000000000,
   53,    3, 0.16406250000000, 0.00781250000000, 2.32443846276737, 0.00129913008891, 2.32313933267845, 0.00326221332709,-0.00000000000000, 0.00757857609175, 2.32859879481986, 0.00000000000000, 2.32989792490877,41.98167518733275,    0.00000000000000,
   53,    4, 0.16406250000000, 0.01093750000000, 2.32443846276737, 0.00129913008891, 2.32313933267845, 0.00326221332709,-0.00000000000000, 0.00757857609175, 2.32859879481986, 0.00000000000000, 2.32989792490877,41.98167518733275,    0.00000000000000,
   53,    5, 0.16406250000000, 0.01406250000000, 2.32443846276737, 0.00129913008891, 2.32313933267845, 0.00326221332709,-0.00000000000000, 0.00757857609175, 2.32859879481986, 0.00000000000000, 2.32989792490877,41.98167518733275,    0.00000000000000,
   54,    1, 0.16718750000000, 0.00156250000000, 2.33017983866543, 0.00134793878243, 2.32883189988300, 0.00325390209699,-0.00000000000000, 0.00757779100257, 2.33427757386385, 0.00000000000000, 2.33562551264627,41.85609732326439,    0.00000000000000,
   54,    2, 0.16718750000000, 0.00468750000000, 2.33017983866543, 0.00134793878243, 2.32883189988300, 0.00325390209699,-0.00000000000000, 0.00757779100257, 2.33427757386385, 0.00000000000000, 2.33562551264627,41.85609732326439,    0.00000000000000,
   54,    3, 0.16718750000000, 0.00781250000000, 2.33017983866543, 0.00134793878243, 2.32883189988300, 0.00325390209699,-0.00000000000000, 0.00757779100257, 2.33427757386385, 0.00000000000000, 2.33562551264627,41.85609732326439,    0.00000000000000,
   54,    4, 0.16718750000000, 0.01093750000000, 2.33017983866543, 0.00134793878243, 2.32883189988300, 0.00325390209699,-0.00000000000000, 0.00757779100257, 2.33427757386385, 0.00000000000000, 2.33562551264627,41.85609732326439,    0.00000000000000,
   54,    5, 0.16718750000000, 0.01406250000000, 2.33017983866543, 0.00134793878243, 2.32883189988300, 0.00325390209699,-0.00000000000000, 0.00757779100257, 2.33427757386385, 0.00000000000000, 2.33562551264627,41.85609732326439,    0.00000000000000,
   55,    1, 0.17031250000000, 0.00156250000000, 2.33588968996337, 0.00139758137961, 2.33449210858376, 0.00324567531100,-0.00000000000000, 0.00757700340055, 2.33992413453952, 0.00000000000000, 2.34132171591913,41.72479181193655,    0.00000000000000,
   55,    2, 0.17031250000000, 0.00468750000000, 2.33588968996337, 0.00139758137961, 2.33449210858376, 0.00324567531100,-0.00000000000000, 0.00757700340055, 2.33992413453952, 0.00000000000000, 2.34132171591913,41.72479181193655,    0.00000000000000,
   55,    3, 0.17031250000000, 0.00781250000000, 2.33588968996337, 0.00139758137961, 2.33449210858376, 0.00324567531100,-0.00000000000000, 0.00757700340055, 2.33992413453952, 0.00000000000000, 2.34132171591913,41.72479181193655,    0.00000000000000,
   55,    4, 0.17031250000000, 0.01093750000000, 2.33588968996337, 0.00139758137961, 2.33449210858376, 0.00324567531100,-0.00000000000000, 0.00757700340055, 2.33992413453952, 0.00000000000000, 2.34132171591913,41.72479181193655,    0.00000000000000,
   55,    5, 0.17031250000000, 0.01406250000000, 2.33588968996337, 0.00139758137961, 2.33449210858376, 0.00324567531100,-0.00000000000000, 0.00757700340055, 2.33992413453952, 0.00000000000000, 2.34132171591913,41.72479181193655,    0.00000000000000,
   56,    1, 0.17343750000000, 0.00156250000000, 2.34156746787117, 0.00144805309580, 2.34011941477537, 0.00323753281733,-0.00000000000000, 0.00757621340181, 2.34553793261961, 0.00000000000000, 2.34698598571541,41.58775180211573,    0.00000000000000,
   56,    2, 0.17343750000000, 0.00468750000000, 2.34156746787117, 0.00144805309580, 2.34011941477537, 0.00323753281733,-0.00000000000000, 0.00757621340181, 2.34553793261961, 0.00000000000000, 2.34698598571541,41.58775180211573,    0.00000000000000,
   56,    3, 0.17343750000000, 0.00781250000000, 2.34156746787117, 0.00144805309580, 2.34011941477537, 0.00323753281733,-0.00000000000000, 0.00757621340181, 2.34553793261961, 0.00000000000000, 2.34698598571541,41.58775180211573,    0.00000000000000,
   56,    4, 0.17343750000000, 0.01093750000000, 2.34156746787117, 0.00144805309580, 2.34011941477537, 0.00323753281733,-0.00000000000000, 0.00757621340181, 2.34553793261961, 0.00000000000000, 2.34698598571541,41.58775180211573,    0.00000000000000,
   56,    5, 0.17343750000000, 0.01406250000000, 2.34156746787117, 0.00144805309580, 2.34011941477537, 0.00323753281733,-0.00000000000000, 0.00757621340181, 2.34553793261961, 0.00000000000000, 2.34698598571541,41.58775180211573,    0.00000000000000,
   57,    1, 0.17656250000000, 0.00156250000000, 2.34721262668277, 0.00149934906644, 2.34571327761633, 0.00322947445985,-0.00000000000000, 0.00757542112019, 2.35111842703457, 0.00000000000000, 2.35261777610101,41.44497165947342,    0.00000000000000,
   57,    2, 0.17656250000000, 0.00468750000000, 2.34721262668277, 0.00149934906644, 2.34571327761633, 0.00322947445985,-0.00000000000000, 0.00757542112019, 2.35111842703457, 0.00000000000000, 2.35261777610101,41.44497165947342,    0.00000000000000,
   57,    3, 0.17656250000000, 0.00781250000000, 2.34721262668277, 0.00149934906644, 2.34571327761633, 0.00322947445985,-0.00000000000000, 0.00757542112019, 2.35111842703457, 0.00000000000000, 2.35261777610101,41.44497165947342,    0.00000000000000,
   57,    4, 0.17656250000000, 0.01093750000000, 2.34721262668277, 0.00149934906644, 2.34571327761633, 0.00322947445985,-0.00000000000000, 0.00757542112019, 2.35111842703457, 0.00000000000000, 2.35261777610101,41.44497165947342,    0.00000000000000,
   57,    5, 0.17656250000000, 0.01406250000000, 2.34721262668277, 0.00149934906644, 2.34571327761633, 0.00322947445985,-0.00000000000000, 0.00757542112019, 2.35111842703457, 0.00000000000000, 2.35261777610101,41.44497165947342,    0.00000000000000,
   58,    1, 0.17968750000000, 0.00156250000000, 2.35282462382853, 0.00155146434750, 2.35127315948103, 0.00322150007825,-0.00000000000000, 0.00757462666724, 2.35666507992473, 0.00000000000000, 2.35821654427223,41.29644697439329,    0.00000000000000,
   58,    2, 0.17968750000000, 0.00468750000000, 2.35282462382853, 0.00155146434750, 2.35127315948103, 0.00322150007825,-0.00000000000000, 0.00757462666724, 2.35666507992473, 0.00000000000000, 2.35821654427223,41.29644697439329,    0.00000000000000,
   58,    3, 0.17968750000000, 0.00781250000000, 2.35282462382853, 0.00155146434750, 2.35127315948103, 0.00322150007825,-0.00000000000000, 0.00757462666724, 2.35666507992473, 0.00000000000000, 2.35821654427223,41.29644697439329,    0.00000000000000,
   58,    4, 0.17968750000000, 0.01093750000000, 2.35282462382853, 0.00155146434750, 2.35127315948103, 0.00322150007825,-0.00000000000000, 0.00757462666724, 2.35666507992473, 0.00000000000000, 2.35821654427223,41.29644697439329,    0.00000000000000,
   58,    5, 0.17968750000000, 0.01406250000000, 2.35282462382853, 0.00155146434750, 2.35127315948103, 0.00322150007825,-0.00000000000000, 0.00757462666724, 2.35666507992473, 0.00000000000000, 2.35821654427223,41.29644697439329,    0.00000000000000,
   59,    1, 0.18281250000000, 0.00156250000000, 2.35840291992711, 0.00160439391602, 2.35679852601109, 0.00321360950826,-0.00000000000000, 0.00757383015223, 2.36217735669215, 0.00000000000000, 2.36378175060817,41.14217456940153,    0.00000000000000,
   59,    2, 0.18281250000000, 0.00468750000000, 2.35840291992711, 0.00160439391602, 2.35679852601109, 0.00321360950826,-0.00000000000000, 0.00757383015223, 2.36217735669215, 0.00000000000000, 2.36378175060817,41.14217456940153,    0.00000000000000,
   59,    3, 0.18281250000000, 0.00781250000000, 2.35840291992711, 0.00160439391602, 2.35679852601109, 0.00321360950826,-0.00000000000000, 0.00757383015223, 2.36217735669215, 0.00000000000000, 2.36378175060817,41.14217456940153,    0.00000000000000,
   59,    4, 0.18281250000000, 0.01093750000000, 2.35840291992711, 0.00160439391602, 2.35679852601109, 0.00321360950826,-0.00000000000000, 0.00757383015223, 2.36217735669215, 0.00000000000000, 2.36378175060817,41.14217456940153,    0.00000000000000,
   59,    5, 0.18281250000000, 0.01406250000000, 2.35840291992711, 0.00160439391602, 2.35679852601109, 0.00321360950826,-0.00000000000000, 0.00757383015223, 2.36217735669215, 0.00000000000000, 2.36378175060817,41.14217456940153,    0.00000000000000,
   60,    1, 0.18593750000000, 0.00156250000000, 2.36394697883731, 0.00165813267052, 2.36228884616678, 0.00320580258186,-0.00000000000000, 0.00757303168214, 2.36765472605211, 0.00000000000000, 2.36931285872264,40.98215250621679,    0.00000000000000,
   60,    2, 0.18593750000000, 0.00468750000000, 2.36394697883731, 0.00165813267052, 2.36228884616678, 0.00320580258186,-0.00000000000000, 0.00757303168214, 2.36765472605211, 0.00000000000000, 2.36931285872264,40.98215250621679,    0.00000000000000,
   60,    3, 0.18593750000000, 0.00781250000000, 2.36394697883731, 0.00165813267052, 2.36228884616678, 0.00320580258186,-0.00000000000000, 0.00757303168214, 2.36765472605211, 0.00000000000000, 2.36931285872264,40.98215250621679,    0.00000000000000,
   60,    4, 0.18593750000000, 0.01093750000000, 2.36394697883731, 0.00165813267052, 2.36228884616678, 0.00320580258186,-0.00000000000000, 0.00757303168214, 2.36765472605211, 0.00000000000000, 2.36931285872264,40.98215250621679,    0.00000000000000,
   60,    5, 0.18593750000000, 0.01406250000000, 2.36394697883731, 0.00165813267052, 2.36228884616678, 0.00320580258186,-0.00000000000000, 0.00757303168214, 2.36765472605211, 0.00000000000000, 2.36931285872264,40.98215250621679,    0.00000000000000,
   61,    1, 0.18906250000000, 0.00156250000000, 2.36945626770935, 0.00171267543156, 2.36774359227779, 0.00319807912746,-0.00000000000000, 0.00757223136165, 2.37309666008436, 0.00000000000000, 2.37480933551593,40.81638009241655,    0.00000000000000,
   61,    2, 0.18906250000000, 0.00468750000000, 2.36945626770935, 0.00171267543156, 2.36774359227779, 0.00319807912746,-0.00000000000000, 0.00757223136165, 2.37309666008436, 0.00000000000000, 2.37480933551593,40.81638009241655,    0.00000000000000,
   61,    3, 0.18906250000000, 0.00781250000000, 2.36945626770935, 0.00171267543156, 2.36774359227779, 0.00319807912746,-0.00000000000000, 0.00757223136165, 2.37309666008436, 0.00000000000000, 2.37480933551593,40.81638009241655,    0.00000000000000,
   61,    4, 0.18906250000000, 0.01093750000000, 2.36945626770935, 0.00171267543156, 2.36774359227779, 0.00319807912746,-0.00000000000000, 0.00757223136165, 2.37309666008436, 0.00000000000000, 2.37480933551593,40.81638009241655,    0.00000000000000,
   61,    5, 0.18906250000000, 0.01406250000000, 2.36945626770935, 0.00171267543156, 2.36774359227779, 0.00319807912746,-0.00000000000000, 0.00757223136165, 2.37309666008436, 0.00000000000000, 2.37480933551593,40.81638009241655,    0.00000000000000,
   62,    1, 0.19218750000000, 0.00156250000000, 2.37493025703616, 0.00176801694219, 2.37316224009397, 0.00319043897011,-0.00000000000000, 0.00757142929318, 2.37850263428397, 0.00000000000000, 2.38027065122617,40.64485788771682,    0.00000000000000,
   62,    2, 0.19218750000000, 0.00468750000000, 2.37493025703616, 0.00176801694219, 2.37316224009397, 0.00319043897011,-0.00000000000000, 0.00757142929318, 2.37850263428397, 0.00000000000000, 2.38027065122617,40.64485788771682,    0.00000000000000,
   62,    3, 0.19218750000000, 0.00781250000000, 2.37493025703616, 0.00176801694219, 2.37316224009397, 0.00319043897011,-0.00000000000000, 0.00757142929318, 2.37850263428397, 0.00000000000000, 2.38027065122617,40.64485788771682,    0.00000000000000,
   62,    4, 0.19218750000000, 0.01093750000000, 2.37493025703616, 0.00176801694219, 2.37316224009397, 0.00319043897011,-0.00000000000000, 0.00757142929318, 2.37850263428397, 0.00000000000000, 2.38027065122617,40.64485788771682,    0.00000000000000,
   62,    5, 0.19218750000000, 0.01406250000000, 2.37493025703616, 0.00176801694219, 2.37316224009397, 0.00319043897011,-0.00000000000000, 0.00757142929318, 2.37850263428397, 0.00000000000000, 2.38027065122617,40.64485788771682,    0.00000000000000,
   63,    1, 0.19531250000000, 0.00156250000000, 2.38036842070394, 0.00182415186848, 2.37854426883545, 0.00318288193163,-0.00000000000000, 0.00757062557686, 2.38387212761190, 0.00000000000000, 2.38569627948038,40.46758770986200,    0.00000000000000,
   63,    2, 0.19531250000000, 0.00468750000000, 2.38036842070394, 0.00182415186848, 2.37854426883545, 0.00318288193163,-0.00000000000000, 0.00757062557686, 2.38387212761190, 0.00000000000000, 2.38569627948038,40.46758770986200,    0.00000000000000,
   63,    3, 0.19531250000000, 0.00781250000000, 2.38036842070394, 0.00182415186848, 2.37854426883545, 0.00318288193163,-0.00000000000000, 0.00757062557686, 2.38387212761190, 0.00000000000000, 2.38569627948038,40.46758770986200,    0.00000000000000,
   63,    4, 0.19531250000000, 0.01093750000000, 2.38036842070394, 0.00182415186848, 2.37854426883545, 0.00318288193163,-0.00000000000000, 0.00757062557686, 2.38387212761190, 0.00000000000000, 2.38569627948038,40.46758770986200,    0.00000000000000,
   63,    5, 0.19531250000000, 0.01406250000000, 2.38036842070394, 0.00182415186848, 2.37854426883545, 0.00318288193163,-0.00000000000000, 0.00757062557686, 2.38387212761190, 0.00000000000000, 2.38569627948038,40.46758770986200,    0.00000000000000,
   64,    1, 0.19843750000000, 0.00156250000000, 2.38577023604277, 0.00188107480003, 2.38388916124274, 0.00317540783086,-0.00000000000000, 0.00756982031052, 2.38920462254519, 0.00000000000000, 2.39108569734523,40.28457264012214,    0.00000000000000,
   64,    2, 0.19843750000000, 0.00468750000000, 2.38577023604277, 0.00188107480003, 2.38388916124274, 0.00317540783086,-0.00000000000000, 0.00756982031052, 2.38920462254519, 0.00000000000000, 2.39108569734523,40.28457264012214,    0.00000000000000,
   64,    3, 0.19843750000000, 0.00781250000000, 2.38577023604277, 0.00188107480003, 2.38388916124274, 0.00317540783086,-0.00000000000000, 0.00756982031052, 2.38920462254519, 0.00000000000000, 2.39108569734523,40.28457264012214,    0.00000000000000,
   64,    4, 0.19843750000000, 0.01093750000000, 2.38577023604277, 0.00188107480003, 2.38388916124274, 0.00317540783086,-0.00000000000000, 0.00756982031052, 2.38920462254519, 0.00000000000000, 2.39108569734523,40.28457264012214,    0.00000000000000,
   64,    5, 0.19843750000000, 0.01406250000000, 2.38577023604277, 0.00188107480003, 2.38388916124274, 0.00317540783086,-0.00000000000000, 0.00756982031052, 2.38920462254519, 0.00000000000000, 2.39108569734523,40.28457264012214,    0.00000000000000,
   65,    1, 0.20156250000000, 0.00156250000000, 2.39113518387675, 0.00193878025049, 2.38919640362626, 0.00316801648381,-0.00000000000000, 0.00756901358974, 2.39449960512690, 0.00000000000000, 2.39643838537739,40.09581702839500,    0.00000000000000,
   65,    2, 0.20156250000000, 0.00468750000000, 2.39113518387675, 0.00193878025049, 2.38919640362626, 0.00316801648381,-0.00000000000000, 0.00756901358974, 2.39449960512690, 0.00000000000000, 2.39643838537739,40.09581702839500,    0.00000000000000,
   65,    3, 0.20156250000000, 0.00781250000000, 2.39113518387675, 0.00193878025049, 2.38919640362626, 0.00316801648381,-0.00000000000000, 0.00756901358974, 2.39449960512690, 0.00000000000000, 2.39643838537739,40.09581702839500,    0.00000000000000,
   65,    4, 0.20156250000000, 0.01093750000000, 2.39113518387675, 0.00193878025049, 2.38919640362626, 0.00316801648381,-0.00000000000000, 0.00756901358974, 2.39449960512690, 0.00000000000000, 2.39643838537739,40.09581702839500,    0.00000000000000,
   65,    5, 0.20156250000000, 0.01406250000000, 2.39113518387675, 0.00193878025049, 2.38919640362626, 0.00316801648381,-0.00000000000000, 0.00756901358974, 2.39449960512690, 0.00000000000000, 2.39643838537739,40.09581702839500,    0.00000000000000,
   66,    1, 0.20468750000000, 0.00156250000000, 2.39646274857367, 0.00199726265809, 2.39446548591557, 0.00316070770380,-0.00000000000000, 0.00756820550782, 2.39975656501557, 0.00000000000000, 2.40175382767366,39.90132649791010,    0.00000000000000,
   66,    2, 0.20468750000000, 0.00468750000000, 2.39646274857367, 0.00199726265809, 2.39446548591557, 0.00316070770380,-0.00000000000000, 0.00756820550782, 2.39975656501557, 0.00000000000000, 2.40175382767366,39.90132649791010,    0.00000000000000,
   66,    3, 0.20468750000000, 0.00781250000000, 2.39646274857367, 0.00199726265809, 2.39446548591557, 0.00316070770380,-0.00000000000000, 0.00756820550782, 2.39975656501557, 0.00000000000000, 2.40175382767366,39.90132649791010,    0.00000000000000,
   66,    4, 0.20468750000000, 0.01093750000000, 2.39646274857367, 0.00199726265809, 2.39446548591557, 0.00316070770380,-0.00000000000000, 0.00756820550782, 2.39975656501557, 0.00000000000000, 2.40175382767366,39.90132649791010,    0.00000000000000,
   66,    5, 0.20468750000000, 0.01406250000000, 2.39646274857367, 0.00199726265809, 2.39446548591557, 0.00316070770380,-0.00000000000000, 0.00756820550782, 2.39975656501557, 0.00000000000000, 2.40175382767366,39.90132649791010,    0.00000000000000,
   67,    1, 0.20781250000000, 0.00156250000000, 2.40175241809468, 0.00205651638617, 2.39969590170851, 0.00315348130170,-0.00000000000000, 0.00756739615581, 2.40497499553447, 0.00000000000000, 2.40703151192065,39.70110794953250,    0.00000000000000,
   67,    2, 0.20781250000000, 0.00468750000000, 2.40175241809468, 0.00205651638617, 2.39969590170851, 0.00315348130170,-0.00000000000000, 0.00756739615581, 2.40497499553447, 0.00000000000000, 2.40703151192065,39.70110794953250,    0.00000000000000,
   67,    3, 0.20781250000000, 0.00781250000000, 2.40175241809468, 0.00205651638617, 2.39969590170851, 0.00315348130170,-0.00000000000000, 0.00756739615581, 2.40497499553447, 0.00000000000000, 2.40703151192065,39.70110794953250,    0.00000000000000,
   67,    4, 0.20781250000000, 0.01093750000000, 2.40175241809468, 0.00205651638617, 2.39969590170851, 0.00315348130170,-0.00000000000000, 0.00756739615581, 2.40497499553447, 0.00000000000000, 2.40703151192065,39.70110794953250,    0.00000000000000,
   67,    5, 0.20781250000000, 0.01406250000000, 2.40175241809468, 0.00205651638617, 2.39969590170851, 0.00315348130170,-0.00000000000000, 0.00756739615581, 2.40497499553447, 0.00000000000000, 2.40703151192065,39.70110794953250,    0.00000000000000,
   68,    1, 0.21093750000000, 0.00156250000000, 2.40700368404331, 0.00211653572373, 2.40488714831958, 0.00314633708604,-0.00000000000000, 0.00756658562250, 2.41015439372042, 0.00000000000000, 2.41227092944415,39.49516956566397,    0.00000000000000,
   68,    2, 0.21093750000000, 0.00468750000000, 2.40700368404331, 0.00211653572373, 2.40488714831958, 0.00314633708604,-0.00000000000000, 0.00756658562250, 2.41015439372042, 0.00000000000000, 2.41227092944415,39.49516956566397,    0.00000000000000,
   68,    3, 0.21093750000000, 0.00781250000000, 2.40700368404331, 0.00211653572373, 2.40488714831958, 0.00314633708604,-0.00000000000000, 0.00756658562250, 2.41015439372042, 0.00000000000000, 2.41227092944415,39.49516956566397,    0.00000000000000,
   68,    4, 0.21093750000000, 0.01093750000000, 2.40700368404331, 0.00211653572373, 2.40488714831958, 0.00314633708604,-0.00000000000000, 0.00756658562250, 2.41015439372042, 0.00000000000000, 2.41227092944415,39.49516956566397,    0.00000000000000,
   68,    5, 0.21093750000000, 0.01406250000000, 2.40700368404331, 0.00211653572373, 2.40488714831958, 0.00314633708604,-0.00000000000000, 0.00756658562250, 2.41015439372042, 0.00000000000000, 2.41227092944415,39.49516956566397,    0.00000000000000,
   69,    1, 0.21406250000000, 0.00156250000000, 2.41221604171418, 0.00217731488599, 2.41003872682819, 0.00313927486318,-0.00000000000000, 0.00756577399443, 2.41529426037222, 0.00000000000000, 2.41747157525821,39.28352081373946,    0.00000000000000,
   69,    2, 0.21406250000000, 0.00468750000000, 2.41221604171418, 0.00217731488599, 2.41003872682819, 0.00313927486318,-0.00000000000000, 0.00756577399443, 2.41529426037222, 0.00000000000000, 2.41747157525821,39.28352081373946,    0.00000000000000,
   69,    3, 0.21406250000000, 0.00781250000000, 2.41221604171418, 0.00217731488599, 2.41003872682819, 0.00313927486318,-0.00000000000000, 0.00756577399443, 2.41529426037222, 0.00000000000000, 2.41747157525821,39.28352081373946,    0.00000000000000,
   69,    4, 0.21406250000000, 0.01093750000000, 2.41221604171418, 0.00217731488599, 2.41003872682819, 0.00313927486318,-0.00000000000000, 0.00756577399443, 2.41529426037222, 0.00000000000000, 2.41747157525821,39.28352081373946,    0.00000000000000,
   69,    5, 0.21406250000000, 0.01406250000000, 2.41221604171418, 0.00217731488599, 2.41003872682819, 0.00313927486318,-0.00000000000000, 0.00756577399443, 2.41529426037222, 0.00000000000000, 2.41747157525821,39.28352081373946,    0.00000000000000,
   70,    1, 0.21718750000000, 0.00156250000000, 2.41738899014164, 0.00223884801492, 2.41515014212672, 0.00313229443750,-0.00000000000000, 0.00756496135591, 2.42039410009884, 0.00000000000000, 2.42263294811377,39.06617244931675,    0.00000000000000,
   70,    2, 0.21718750000000, 0.00468750000000, 2.41738899014164, 0.00223884801492, 2.41515014212672, 0.00313229443750,-0.00000000000000, 0.00756496135591, 2.42039410009884, 0.00000000000000, 2.42263294811377,39.06617244931675,    0.00000000000000,
   70,    3, 0.21718750000000, 0.00781250000000, 2.41738899014164, 0.00223884801492, 2.41515014212672, 0.00313229443750,-0.00000000000000, 0.00756496135591, 2.42039410009884, 0.00000000000000, 2.42263294811377,39.06617244931675,    0.00000000000000,
   70,    4, 0.21718750000000, 0.01093750000000, 2.41738899014164, 0.00223884801492, 2.41515014212672, 0.00313229443750,-0.00000000000000, 0.00756496135591, 2.42039410009884, 0.00000000000000, 2.42263294811377,39.06617244931675,    0.00000000000000,
   70,    5, 0.21718750000000, 0.01406250000000, 2.41738899014164, 0.00223884801492, 2.41515014212672, 0.00313229443750,-0.00000000000000, 0.00756496135591, 2.42039410009884, 0.00000000000000, 2.42263294811377,39.06617244931675,    0.00000000000000,
   71,    1, 0.22031250000000, 0.00156250000000, 2.42252203214764, 0.00230112917984, 2.42022090296781, 0.00312539561152,-0.00000000000000, 0.00756414778904, 2.42545342136711, 0.00000000000000, 2.42775455054695,38.84313651875765,    0.00000000000000,
   71,    2, 0.22031250000000, 0.00468750000000, 2.42252203214764, 0.00230112917984, 2.42022090296781, 0.00312539561152,-0.00000000000000, 0.00756414778904, 2.42545342136711, 0.00000000000000, 2.42775455054695,38.84313651875765,    0.00000000000000,
   71,    3, 0.22031250000000, 0.00781250000000, 2.42252203214764, 0.00230112917984, 2.42022090296781, 0.00312539561152,-0.00000000000000, 0.00756414778904, 2.42545342136711, 0.00000000000000, 2.42775455054695,38.84313651875765,    0.00000000000000,
   71,    4, 0.22031250000000, 0.01093750000000, 2.42252203214764, 0.00230112917984, 2.42022090296781, 0.00312539561152,-0.00000000000000, 0.00756414778904, 2.42545342136711, 0.00000000000000, 2.42775455054695,38.84313651875765,    0.00000000000000,
   71,    5, 0.22031250000000, 0.01406250000000, 2.42252203214764, 0.00230112917984, 2.42022090296781, 0.00312539561152,-0.00000000000000, 0.00756414778904, 2.42545342136711, 0.00000000000000, 2.42775455054695,38.84313651875765,    0.00000000000000,
   72,    1, 0.22343750000000, 0.00156250000000, 2.42761467438959, 0.00236415237794, 2.42525052201165, 0.00311857818606,-0.00000000000000, 0.00756333337369, 2.43047173654911, 0.00000000000000, 2.43283588892705,38.61442636149887,    0.00000000000000,
   72,    2, 0.22343750000000, 0.00468750000000, 2.42761467438959, 0.00236415237794, 2.42525052201165, 0.00311857818606,-0.00000000000000, 0.00756333337369, 2.43047173654911, 0.00000000000000, 2.43283588892705,38.61442636149887,    0.00000000000000,
   72,    3, 0.22343750000000, 0.00781250000000, 2.42761467438959, 0.00236415237794, 2.42525052201165, 0.00311857818606,-0.00000000000000, 0.00756333337369, 2.43047173654911, 0.00000000000000, 2.43283588892705,38.61442636149887,    0.00000000000000,
   72,    4, 0.22343750000000, 0.01093750000000, 2.42761467438959, 0.00236415237794, 2.42525052201165, 0.00311857818606,-0.00000000000000, 0.00756333337369, 2.43047173654911, 0.00000000000000, 2.43283588892705,38.61442636149887,    0.00000000000000,
   72,    5, 0.22343750000000, 0.01406250000000, 2.42761467438959, 0.00236415237794, 2.42525052201165, 0.00311857818606,-0.00000000000000, 0.00756333337369, 2.43047173654911, 0.00000000000000, 2.43283588892705,38.61442636149887,    0.00000000000000,
   73,    1, 0.22656250000000, 0.00156250000000, 2.43266642740768, 0.00242791153494, 2.43023851587274, 0.00311184196043,-0.00000000000000, 0.00756251818754, 2.43544856196918, 0.00000000000000, 2.43787647350412,38.38005661191110,    0.00000000000000,
   73,    2, 0.22656250000000, 0.00468750000000, 2.43266642740768, 0.00242791153494, 2.43023851587274, 0.00311184196043,-0.00000000000000, 0.00756251818754, 2.43544856196918, 0.00000000000000, 2.43787647350412,38.38005661191110,    0.00000000000000,
   73,    3, 0.22656250000000, 0.00781250000000, 2.43266642740768, 0.00242791153494, 2.43023851587274, 0.00311184196043,-0.00000000000000, 0.00756251818754, 2.43544856196918, 0.00000000000000, 2.43787647350412,38.38005661191110,    0.00000000000000,
   73,    4, 0.22656250000000, 0.01093750000000, 2.43266642740768, 0.00242791153494, 2.43023851587274, 0.00311184196043,-0.00000000000000, 0.00756251818754, 2.43544856196918, 0.00000000000000, 2.43787647350412,38.38005661191110,    0.00000000000000,
   73,    5, 0.22656250000000, 0.01406250000000, 2.43266642740768, 0.00242791153494, 2.43023851587274, 0.00311184196043,-0.00000000000000, 0.00756251818754, 2.43544856196918, 0.00000000000000, 2.43787647350412,38.38005661191110,    0.00000000000000,
   74,    1, 0.22968750000000, 0.00156250000000, 2.43767680567179, 0.00249240050557, 2.43518440516622, 0.00310518673249,-0.00000000000000, 0.00756170230609, 2.44038341795054, 0.00000000000000, 2.44287581845611,38.14004320074491,    0.00000000000000,
   74,    2, 0.22968750000000, 0.00468750000000, 2.43767680567179, 0.00249240050557, 2.43518440516622, 0.00310518673249,-0.00000000000000, 0.00756170230609, 2.44038341795054, 0.00000000000000, 2.44287581845611,38.14004320074491,    0.00000000000000,
   74,    3, 0.22968750000000, 0.00781250000000, 2.43767680567179, 0.00249240050557, 2.43518440516622, 0.00310518673249,-0.00000000000000, 0.00756170230609, 2.44038341795054, 0.00000000000000, 2.44287581845611,38.14004320074491,    0.00000000000000,
   74,    4, 0.22968750000000, 0.01093750000000, 2.43767680567179, 0.00249240050557, 2.43518440516622, 0.00310518673249,-0.00000000000000, 0.00756170230609, 2.44038341795054, 0.00000000000000, 2.44287581845611,38.14004320074491,    0.00000000000000,
   74,    5, 0.22968750000000, 0.01406250000000, 2.43767680567179, 0.00249240050557, 2.43518440516622, 0.00310518673249,-0.00000000000000, 0.00756170230609, 2.44038341795054, 0.00000000000000, 2.44287581845611,38.14004320074491,    0.00000000000000,
   75,    1, 0.23281250000000, 0.00156250000000, 2.44264532762823, 0.00255761307428, 2.44008771455395, 0.00309861229888,-0.00000000000000, 0.00756088580267, 2.44527582886148, 0.00000000000000, 2.44783344193576,37.89440335616217,    0.00000000000000,
   75,    2, 0.23281250000000, 0.00468750000000, 2.44264532762823, 0.00255761307428, 2.44008771455395, 0.00309861229888,-0.00000000000000, 0.00756088580267, 2.44527582886148, 0.00000000000000, 2.44783344193576,37.89440335616217,    0.00000000000000,
   75,    3, 0.23281250000000, 0.00781250000000, 2.44264532762823, 0.00255761307428, 2.44008771455395, 0.00309861229888,-0.00000000000000, 0.00756088580267, 2.44527582886148, 0.00000000000000, 2.44783344193576,37.89440335616217,    0.00000000000000,
   75,    4, 0.23281250000000, 0.01093750000000, 2.44264532762823, 0.00255761307428, 2.44008771455395, 0.00309861229888,-0.00000000000000, 0.00756088580267, 2.44527582886148, 0.00000000000000, 2.44783344193576,37.89440335616217,    0.00000000000000,
   75,    5, 0.23281250000000, 0.01406250000000, 2.44264532762823, 0.00255761307428, 2.44008771455395, 0.00309861229888,-0.00000000000000, 0.00756088580267, 2.44527582886148, 0.00000000000000, 2.44783344193576,37.89440335616217,    0.00000000000000,
   76,    1, 0.23593750000000, 0.00156250000000, 2.44757151574590, 0.00262354295573, 2.44494797279018, 0.00309211845511,-0.00000000000000, 0.00756006874844, 2.45012532316126, 0.00000000000000, 2.45274886611699,37.64315560435205,    0.00000000000000,
   76,    2, 0.23593750000000, 0.00468750000000, 2.44757151574590, 0.00262354295573, 2.44494797279018, 0.00309211845511,-0.00000000000000, 0.00756006874844, 2.45012532316126, 0.00000000000000, 2.45274886611699,37.64315560435205,    0.00000000000000,
   76,    3, 0.23593750000000, 0.00781250000000, 2.44757151574590, 0.00262354295573, 2.44494797279018, 0.00309211845511,-0.00000000000000, 0.00756006874844, 2.45012532316126, 0.00000000000000, 2.45274886611699,37.64315560435205,    0.00000000000000,
   76,    4, 0.23593750000000, 0.01093750000000, 2.44757151574590, 0.00262354295573, 2.44494797279018, 0.00309211845511,-0.00000000000000, 0.00756006874844, 2.45012532316126, 0.00000000000000, 2.45274886611699,37.64315560435205,    0.00000000000000,
   76,    5, 0.23593750000000, 0.01406250000000, 2.44757151574590, 0.00262354295573, 2.44494797279018, 0.00309211845511,-0.00000000000000, 0.00756006874844, 2.45012532316126, 0.00000000000000, 2.45274886611699,37.64315560435205,    0.00000000000000,
   77,    1, 0.23906250000000, 0.00156250000000, 2.45245489656218, 0.00269018379546, 2.44976471276673, 0.00308570499568,-0.00000000000000, 0.00755925121244, 2.45493143344553, 0.00000000000000, 2.45762161724099,37.38631976973048,    0.00000000000000,
   77,    2, 0.23906250000000, 0.00468750000000, 2.45245489656218, 0.00269018379546, 2.44976471276673, 0.00308570499568,-0.00000000000000, 0.00755925121244, 2.45493143344553, 0.00000000000000, 2.45762161724099,37.38631976973048,    0.00000000000000,
   77,    3, 0.23906250000000, 0.00781250000000, 2.45245489656218, 0.00269018379546, 2.44976471276673, 0.00308570499568,-0.00000000000000, 0.00755925121244, 2.45493143344553, 0.00000000000000, 2.45762161724099,37.38631976973048,    0.00000000000000,
   77,    4, 0.23906250000000, 0.01093750000000, 2.45245489656218, 0.00269018379546, 2.44976471276673, 0.00308570499568,-0.00000000000000, 0.00755925121244, 2.45493143344553, 0.00000000000000, 2.45762161724099,37.38631976973048,    0.00000000000000,
   77,    5, 0.23906250000000, 0.01406250000000, 2.45245489656218, 0.00269018379546, 2.44976471276673, 0.00308570499568,-0.00000000000000, 0.00755925121244, 2.45493143344553, 0.00000000000000, 2.45762161724099,37.38631976973048,    0.00000000000000,
   78,    1, 0.24218750000000, 0.00156250000000, 2.45729500072832, 0.00275752917049, 2.45453747155783, 0.00307937171428,-0.00000000000000, 0.00755843326156, 2.45969369649138, 0.00000000000000, 2.46245122566186,37.12391697472238,    0.00000000000000,
   78,    2, 0.24218750000000, 0.00468750000000, 2.45729500072832, 0.00275752917049, 2.45453747155783, 0.00307937171428,-0.00000000000000, 0.00755843326156, 2.45969369649138, 0.00000000000000, 2.46245122566186,37.12391697472238,    0.00000000000000,
   78,    3, 0.24218750000000, 0.00781250000000, 2.45729500072832, 0.00275752917049, 2.45453747155783, 0.00307937171428,-0.00000000000000, 0.00755843326156, 2.45969369649138, 0.00000000000000, 2.46245122566186,37.12391697472238,    0.00000000000000,
   78,    4, 0.24218750000000, 0.01093750000000, 2.45729500072832, 0.00275752917049, 2.45453747155783, 0.00307937171428,-0.00000000000000, 0.00755843326156, 2.45969369649138, 0.00000000000000, 2.46245122566186,37.12391697472238,    0.00000000000000,
   78,    5, 0.24218750000000, 0.01406250000000, 2.45729500072832, 0.00275752917049, 2.45453747155783, 0.00307937171428,-0.00000000000000, 0.00755843326156, 2.45969369649138, 0.00000000000000, 2.46245122566186,37.12391697472238,    0.00000000000000,
   79,    1, 0.24531250000000, 0.00156250000000, 2.46209136305457, 0.00282557258993, 2.45926579046465, 0.00307311840384,-0.00000000000000, 0.00755761496061, 2.46441165330198, 0.00000000000000, 2.46723722589190,36.85596963912597,    0.00000000000000,
   79,    2, 0.24531250000000, 0.00468750000000, 2.46209136305457, 0.00282557258993, 2.45926579046465, 0.00307311840384,-0.00000000000000, 0.00755761496061, 2.46441165330198, 0.00000000000000, 2.46723722589190,36.85596963912597,    0.00000000000000,
   79,    3, 0.24531250000000, 0.00781250000000, 2.46209136305457, 0.00282557258993, 2.45926579046465, 0.00307311840384,-0.00000000000000, 0.00755761496061, 2.46441165330198, 0.00000000000000, 2.46723722589190,36.85596963912597,    0.00000000000000,
   79,    4, 0.24531250000000, 0.01093750000000, 2.46209136305457, 0.00282557258993, 2.45926579046465, 0.00307311840384,-0.00000000000000, 0.00755761496061, 2.46441165330198, 0.00000000000000, 2.46723722589190,36.85596963912597,    0.00000000000000,
   79,    5, 0.24531250000000, 0.01406250000000, 2.46209136305457, 0.00282557258993, 2.45926579046465, 0.00307311840384,-0.00000000000000, 0.00755761496061, 2.46441165330198, 0.00000000000000, 2.46723722589190,36.85596963912597,    0.00000000000000,
   80,    1, 0.24843750000000, 0.00156250000000, 2.46684352255491, 0.00289430749562, 2.46394921505930, 0.00306694485670,-0.00000000000000, 0.00755679637230, 2.46908484915083, 0.00000000000000, 2.47197915664644,36.58250147905891,    0.00000000000000,
   80,    2, 0.24843750000000, 0.00468750000000, 2.46684352255491, 0.00289430749562, 2.46394921505930, 0.00306694485670,-0.00000000000000, 0.00755679637230, 2.46908484915083, 0.00000000000000, 2.47197915664644,36.58250147905891,    0.00000000000000,
   80,    3, 0.24843750000000, 0.00781250000000, 2.46684352255491, 0.00289430749562, 2.46394921505930, 0.00306694485670,-0.00000000000000, 0.00755679637230, 2.46908484915083, 0.00000000000000, 2.47197915664644,36.58250147905891,    0.00000000000000,
   80,    4, 0.24843750000000, 0.01093750000000, 2.46684352255491, 0.00289430749562, 2.46394921505930, 0.00306694485670,-0.00000000000000, 0.00755679637230, 2.46908484915083, 0.00000000000000, 2.47197915664644,36.58250147905891,    0.00000000000000,
   80,    5, 0.24843750000000, 0.01406250000000, 2.46684352255491, 0.00289430749562, 2.46394921505930, 0.00306694485670,-0.00000000000000, 0.00755679637230, 2.46908484915083, 0.00000000000000, 2.47197915664644,36.58250147905891,    0.00000000000000,
   81,    1, 0.25156250000000, 0.00156250000000, 2.47155102249122, 0.00296372726274, 2.46858729522848, 0.00306085086473,-0.00000000000000, 0.00755597755727, 2.47371283362559, 0.00000000000000, 2.47667656088833,36.30353750548545,    0.00000000000000,
   81,    2, 0.25156250000000, 0.00468750000000, 2.47155102249122, 0.00296372726274, 2.46858729522848, 0.00306085086473,-0.00000000000000, 0.00755597755727, 2.47371283362559, 0.00000000000000, 2.47667656088833,36.30353750548545,    0.00000000000000,
   81,    3, 0.25156250000000, 0.00781250000000, 2.47155102249122, 0.00296372726274, 2.46858729522848, 0.00306085086473,-0.00000000000000, 0.00755597755727, 2.47371283362559, 0.00000000000000, 2.47667656088833,36.30353750548545,    0.00000000000000,
   81,    4, 0.25156250000000, 0.01093750000000, 2.47155102249122, 0.00296372726274, 2.46858729522848, 0.00306085086473,-0.00000000000000, 0.00755597755727, 2.47371283362559, 0.00000000000000, 2.47667656088833,36.30353750548545,    0.00000000000000,
   81,    5, 0.25156250000000, 0.01406250000000, 2.47155102249122, 0.00296372726274, 2.46858729522848, 0.00306085086473,-0.00000000000000, 0.00755597755727, 2.47371283362559, 0.00000000000000, 2.47667656088833,36.30353750548545,    0.00000000000000,
   82,    1, 0.25468750000000, 0.00156250000000, 2.47621341041717, 0.00303382520047, 2.47317958521670, 0.00305483621945,-0.00000000000000, 0.00755515857412, 2.47829516067149, 0.00000000000000, 2.48132898587196,36.01910402232510,    0.00000000000000,
   82,    2, 0.25468750000000, 0.00468750000000, 2.47621341041717, 0.00303382520047, 2.47317958521670, 0.00305483621945,-0.00000000000000, 0.00755515857412, 2.47829516067149, 0.00000000000000, 2.48132898587196,36.01910402232510,    0.00000000000000,
   82,    3, 0.25468750000000, 0.00781250000000, 2.47621341041717, 0.00303382520047, 2.47317958521670, 0.00305483621945,-0.00000000000000, 0.00755515857412, 2.47829516067149, 0.00000000000000, 2.48132898587196,36.01910402232510,    0.00000000000000,
   82,    4, 0.25468750000000, 0.01093750000000, 2.47621341041717, 0.00303382520047, 2.47317958521670, 0.00305483621945,-0.00000000000000, 0.00755515857412, 2.47829516067149, 0.00000000000000, 2.48132898587196,36.01910402232510,    0.00000000000000,
   82,    5, 0.25468750000000, 0.01406250000000, 2.47621341041717, 0.00303382520047, 2.47317958521670, 0.00305483621945,-0.00000000000000, 0.00755515857412, 2.47829516067149, 0.00000000000000, 2.48132898587196,36.01910402232510,    0.00000000000000,
   83,    1, 0.25781250000000, 0.00156250000000, 2.48083023822176, 0.00310459455263, 2.47772564366913, 0.00304890071211,-0.00000000000000, 0.00755433947939, 2.48283138863431, 0.00000000000000, 2.48593598318694,35.72922862414211,    0.00000000000000,
   83,    2, 0.25781250000000, 0.00468750000000, 2.48083023822176, 0.00310459455263, 2.47772564366913, 0.00304890071211,-0.00000000000000, 0.00755433947939, 2.48283138863431, 0.00000000000000, 2.48593598318694,35.72922862414211,    0.00000000000000,
   83,    3, 0.25781250000000, 0.00781250000000, 2.48083023822176, 0.00310459455263, 2.47772564366913, 0.00304890071211,-0.00000000000000, 0.00755433947939, 2.48283138863431, 0.00000000000000, 2.48593598318694,35.72922862414211,    0.00000000000000,
   83,    4, 0.25781250000000, 0.01093750000000, 2.48083023822176, 0.00310459455263, 2.47772564366913, 0.00304890071211,-0.00000000000000, 0.00755433947939, 2.48283138863431, 0.00000000000000, 2.48593598318694,35.72922862414211,    0.00000000000000,
   83,    5, 0.25781250000000, 0.01406250000000, 2.48083023822176, 0.00310459455263, 2.47772564366913, 0.00304890071211,-0.00000000000000, 0.00755433947939, 2.48283138863431, 0.00000000000000, 2.48593598318694,35.72922862414211,    0.00000000000000,
   84,    1, 0.26093750000000, 0.00156250000000, 2.48540106217229, 0.00317602849832, 2.48222503367398, 0.00304304413386,-0.00000000000000, 0.00755352032764, 2.48732108030295, 0.00000000000000, 2.49049710880127,35.43394019341637,    0.00000000000000,
   84,    2, 0.26093750000000, 0.00468750000000, 2.48540106217229, 0.00317602849832, 2.48222503367398, 0.00304304413386,-0.00000000000000, 0.00755352032764, 2.48732108030295, 0.00000000000000, 2.49049710880127,35.43394019341637,    0.00000000000000,
   84,    3, 0.26093750000000, 0.00781250000000, 2.48540106217229, 0.00317602849832, 2.48222503367398, 0.00304304413386,-0.00000000000000, 0.00755352032764, 2.48732108030295, 0.00000000000000, 2.49049710880127,35.43394019341637,    0.00000000000000,
   84,    4, 0.26093750000000, 0.01093750000000, 2.48540106217229, 0.00317602849832, 2.48222503367398, 0.00304304413386,-0.00000000000000, 0.00755352032764, 2.48732108030295, 0.00000000000000, 2.49049710880127,35.43394019341637,    0.00000000000000,
   84,    5, 0.26093750000000, 0.01406250000000, 2.48540106217229, 0.00317602849832, 2.48222503367398, 0.00304304413386,-0.00000000000000, 0.00755352032764, 2.48732108030295, 0.00000000000000, 2.49049710880127,35.43394019341637,    0.00000000000000,
   85,    1, 0.26406250000000, 0.00156250000000, 2.48992544295702, 0.00324812015258, 2.48667732280444, 0.00303726627583,-0.00000000000000, 0.00755270117142, 2.49176380295160, 0.00000000000000, 2.49501192310418,35.13326889739588,    0.00000000000000,
   85,    2, 0.26406250000000, 0.00468750000000, 2.48992544295702, 0.00324812015258, 2.48667732280444, 0.00303726627583,-0.00000000000000, 0.00755270117142, 2.49176380295160, 0.00000000000000, 2.49501192310418,35.13326889739588,    0.00000000000000,
   85,    3, 0.26406250000000, 0.00781250000000, 2.48992544295702, 0.00324812015258, 2.48667732280444, 0.00303726627583,-0.00000000000000, 0.00755270117142, 2.49176380295160, 0.00000000000000, 2.49501192310418,35.13326889739588,    0.00000000000000,
   85,    4, 0.26406250000000, 0.01093750000000, 2.48992544295702, 0.00324812015258, 2.48667732280444, 0.00303726627583,-0.00000000000000, 0.00755270117142, 2.49176380295160, 0.00000000000000, 2.49501192310418,35.13326889739588,    0.00000000000000,
   85,    5, 0.26406250000000, 0.01406250000000, 2.48992544295702, 0.00324812015258, 2.48667732280444, 0.00303726627583,-0.00000000000000, 0.00755270117142, 2.49176380295160, 0.00000000000000, 2.49501192310418,35.13326889739588,    0.00000000000000,
   86,    1, 0.26718750000000, 0.00156250000000, 2.49440294572734, 0.00332086256708, 2.49108208316026, 0.00303156692924,-0.00000000000000, 0.00755188206132, 2.49615912838138, 0.00000000000000, 2.49947999094846,34.82724618453119,    0.00000000000000,
   86,    2, 0.26718750000000, 0.00468750000000, 2.49440294572734, 0.00332086256708, 2.49108208316026, 0.00303156692924,-0.00000000000000, 0.00755188206132, 2.49615912838138, 0.00000000000000, 2.49947999094846,34.82724618453119,    0.00000000000000,
   86,    3, 0.26718750000000, 0.00781250000000, 2.49440294572734, 0.00332086256708, 2.49108208316026, 0.00303156692924,-0.00000000000000, 0.00755188206132, 2.49615912838138, 0.00000000000000, 2.49947999094846,34.82724618453119,    0.00000000000000,
   86,    4, 0.26718750000000, 0.01093750000000, 2.49440294572734, 0.00332086256708, 2.49108208316026, 0.00303156692924,-0.00000000000000, 0.00755188206132, 2.49615912838138, 0.00000000000000, 2.49947999094846,34.82724618453119,    0.00000000000000,
   86,    5, 0.26718750000000, 0.01406250000000, 2.49440294572734, 0.00332086256708, 2.49108208316026, 0.00303156692924,-0.00000000000000, 0.00755188206132, 2.49615912838138, 0.00000000000000, 2.49947999094846,34.82724618453119,    0.00000000000000,
   87,    1, 0.27031250000000, 0.00156250000000, 2.49883314013961, 0.00339424873074, 2.49543889140887, 0.00302594588550,-0.00000000000000, 0.00755106304597, 2.50050663296169, 0.00000000000000, 2.50390088169243,34.51590478049243,    0.00000000000000,
   87,    2, 0.27031250000000, 0.00468750000000, 2.49883314013961, 0.00339424873074, 2.49543889140887, 0.00302594588550,-0.00000000000000, 0.00755106304597, 2.50050663296169, 0.00000000000000, 2.50390088169243,34.51590478049243,    0.00000000000000,
   87,    3, 0.27031250000000, 0.00781250000000, 2.49883314013961, 0.00339424873074, 2.49543889140887, 0.00302594588550,-0.00000000000000, 0.00755106304597, 2.50050663296169, 0.00000000000000, 2.50390088169243,34.51590478049243,    0.00000000000000,
   87,    4, 0.27031250000000, 0.01093750000000, 2.49883314013961, 0.00339424873074, 2.49543889140887, 0.00302594588550,-0.00000000000000, 0.00755106304597, 2.50050663296169, 0.00000000000000, 2.50390088169243,34.51590478049243,    0.00000000000000,
   87,    5, 0.27031250000000, 0.01406250000000, 2.49883314013961, 0.00339424873074, 2.49543889140887, 0.00302594588550,-0.00000000000000, 0.00755106304597, 2.50050663296169, 0.00000000000000, 2.50390088169243,34.51590478049243,    0.00000000000000,
   88,    1, 0.27343750000000, 0.00156250000000, 2.50321560039649, 0.00346827157046, 2.49974732882603, 0.00302040293634,-0.00000000000000, 0.00755024417208, 2.50480589767099, 0.00000000000000, 2.50827416924145,34.19927868376965,    0.00000000000000,
   88,    2, 0.27343750000000, 0.00468750000000, 2.50321560039649, 0.00346827157046, 2.49974732882603, 0.00302040293634,-0.00000000000000, 0.00755024417208, 2.50480589767099, 0.00000000000000, 2.50827416924145,34.19927868376965,    0.00000000000000,
   88,    3, 0.27343750000000, 0.00781250000000, 2.50321560039649, 0.00346827157046, 2.49974732882603, 0.00302040293634,-0.00000000000000, 0.00755024417208, 2.50480589767099, 0.00000000000000, 2.50827416924145,34.19927868376965,    0.00000000000000,
   88,    4, 0.27343750000000, 0.01093750000000, 2.50321560039649, 0.00346827157046, 2.49974732882603, 0.00302040293634,-0.00000000000000, 0.00755024417208, 2.50480589767099, 0.00000000000000, 2.50827416924145,34.19927868376965,    0.00000000000000,
   88,    5, 0.27343750000000, 0.01406250000000, 2.50321560039649, 0.00346827157046, 2.49974732882603, 0.00302040293634,-0.00000000000000, 0.00755024417208, 2.50480589767099, 0.00000000000000, 2.50827416924145,34.19927868376965,    0.00000000000000,
   89,    1, 0.27656250000000, 0.00156250000000, 2.50754990528781, 0.00354292395176, 2.50400698133604, 0.00301493787387, 0.00000000000000, 0.00754942548447, 2.50905650813720, 0.00000000000000, 2.51259943208896,33.87740316085753,    0.00000000000000,
   89,    2, 0.27656250000000, 0.00468750000000, 2.50754990528781, 0.00354292395176, 2.50400698133604, 0.00301493787387, 0.00000000000000, 0.00754942548447, 2.50905650813720, 0.00000000000000, 2.51259943208896,33.87740316085753,    0.00000000000000,
   89,    3, 0.27656250000000, 0.00781250000000, 2.50754990528781, 0.00354292395176, 2.50400698133604, 0.00301493787387, 0.00000000000000, 0.00754942548447, 2.50905650813720, 0.00000000000000, 2.51259943208896,33.87740316085753,    0.00000000000000,
   89,    4, 0.27656250000000, 0.01093750000000, 2.50754990528781, 0.00354292395176, 2.50400698133604, 0.00301493787387, 0.00000000000000, 0.00754942548447, 2.50905650813720, 0.00000000000000, 2.51259943208896,33.87740316085753,    0.00000000000000,
   89,    5, 0.27656250000000, 0.01406250000000, 2.50754990528781, 0.00354292395176, 2.50400698133604, 0.00301493787387, 0.00000000000000, 0.00754942548447, 2.50905650813720, 0.00000000000000, 2.51259943208896,33.87740316085753,    0.00000000000000,
   90,    1, 0.27968750000000, 0.00156250000000, 2.51183563823111, 0.00361819867949, 2.50821743955162, 0.00300955049072,-0.00000000000000, 0.00754860702604, 2.51325805467763, 0.00000000000000, 2.51687625335712,33.55031474102532,    0.00000000000000,
   90,    2, 0.27968750000000, 0.00468750000000, 2.51183563823111, 0.00361819867949, 2.50821743955162, 0.00300955049072,-0.00000000000000, 0.00754860702604, 2.51325805467763, 0.00000000000000, 2.51687625335712,33.55031474102532,    0.00000000000000,
   90,    3, 0.27968750000000, 0.00781250000000, 2.51183563823111, 0.00361819867949, 2.50821743955162, 0.00300955049072,-0.00000000000000, 0.00754860702604, 2.51325805467763, 0.00000000000000, 2.51687625335712,33.55031474102532,    0.00000000000000,
   90,    4, 0.27968750000000, 0.01093750000000, 2.51183563823111, 0.00361819867949, 2.50821743955162, 0.00300955049072,-0.00000000000000, 0.00754860702604, 2.51325805467763, 0.00000000000000, 2.51687625335712,33.55031474102532,    0.00000000000000,
   90,    5, 0.27968750000000, 0.01406250000000, 2.51183563823111, 0.00361819867949, 2.50821743955162, 0.00300955049072,-0.00000000000000, 0.00754860702604, 2.51325805467763, 0.00000000000000, 2.51687625335712,33.55031474102532,    0.00000000000000,
   91,    1, 0.28281250000000, 0.00156250000000, 2.51607238731170, 0.00369408849852, 2.51237829881318, 0.00300424058010,-0.00000000000000, 0.00754778883786, 2.51741013233848, 0.00000000000000, 2.52110422083700,33.21805121067327,    0.00000000000000,
   91,    2, 0.28281250000000, 0.00468750000000, 2.51607238731170, 0.00369408849852, 2.51237829881318, 0.00300424058010,-0.00000000000000, 0.00754778883786, 2.51741013233848, 0.00000000000000, 2.52110422083700,33.21805121067327,    0.00000000000000,
   91,    3, 0.28281250000000, 0.00781250000000, 2.51607238731170, 0.00369408849852, 2.51237829881318, 0.00300424058010,-0.00000000000000, 0.00754778883786, 2.51741013233848, 0.00000000000000, 2.52110422083700,33.21805121067327,    0.00000000000000,
   91,    4, 0.28281250000000, 0.01093750000000, 2.51607238731170, 0.00369408849852, 2.51237829881318, 0.00300424058010,-0.00000000000000, 0.00754778883786, 2.51741013233848, 0.00000000000000, 2.52110422083700,33.21805121067327,    0.00000000000000,
   91,    5, 0.28281250000000, 0.01406250000000, 2.51607238731170, 0.00369408849852, 2.51237829881318, 0.00300424058010,-0.00000000000000, 0.00754778883786, 2.51741013233848, 0.00000000000000, 2.52110422083700,33.21805121067327,    0.00000000000000,
   92,    1, 0.28593750000000, 0.00156250000000, 2.52025974532205, 0.00377058609442, 2.51648915922763, 0.00299900793592, 0.00000000000000, 0.00754697095917, 2.52151234093388, 0.00000000000000, 2.52528292702829,32.88065160727705,    0.00000000000000,
   92,    2, 0.28593750000000, 0.00468750000000, 2.52025974532205, 0.00377058609442, 2.51648915922763, 0.00299900793592, 0.00000000000000, 0.00754697095917, 2.52151234093388, 0.00000000000000, 2.52528292702829,32.88065160727705,    0.00000000000000,
   92,    3, 0.28593750000000, 0.00781250000000, 2.52025974532205, 0.00377058609442, 2.51648915922763, 0.00299900793592, 0.00000000000000, 0.00754697095917, 2.52151234093388, 0.00000000000000, 2.52528292702829,32.88065160727705,    0.00000000000000,
   92,    4, 0.28593750000000, 0.01093750000000, 2.52025974532205, 0.00377058609442, 2.51648915922763, 0.00299900793592, 0.00000000000000, 0.00754697095917, 2.52151234093388, 0.00000000000000, 2.52528292702829,32.88065160727705,    0.00000000000000,
   92,    5, 0.28593750000000, 0.01406250000000, 2.52025974532205, 0.00377058609442, 2.51648915922763, 0.00299900793592, 0.00000000000000, 0.00754697095917, 2.52151234093388, 0.00000000000000, 2.52528292702829,32.88065160727705,    0.00000000000000,
   93,    1, 0.28906250000000, 0.00156250000000, 2.52439730980123, 0.00384768409419, 2.52054962570703, 0.00299385235284,-0.00000000000000, 0.00754615342738, 2.52556428508440, 0.00000000000000, 2.52941196917860,32.53815621292143,    0.00000000000000,
   93,    2, 0.28906250000000, 0.00468750000000, 2.52439730980123, 0.00384768409419, 2.52054962570703, 0.00299385235284,-0.00000000000000, 0.00754615342738, 2.52556428508440, 0.00000000000000, 2.52941196917860,32.53815621292143,    0.00000000000000,
   93,    3, 0.28906250000000, 0.00781250000000, 2.52439730980123, 0.00384768409419, 2.52054962570703, 0.00299385235284,-0.00000000000000, 0.00754615342738, 2.52556428508440, 0.00000000000000, 2.52941196917860,32.53815621292143,    0.00000000000000,
   93,    4, 0.28906250000000, 0.01093750000000, 2.52439730980123, 0.00384768409419, 2.52054962570703, 0.00299385235284,-0.00000000000000, 0.00754615342738, 2.52556428508440, 0.00000000000000, 2.52941196917860,32.53815621292143,    0.00000000000000,
   93,    5, 0.28906250000000, 0.01406250000000, 2.52439730980123, 0.00384768409419, 2.52054962570703, 0.00299385235284,-0.00000000000000, 0.00754615342738, 2.52556428508440, 0.00000000000000, 2.52941196917860,32.53815621292143,    0.00000000000000,
   94,    1, 0.29218750000000, 0.00156250000000, 2.52848468307333, 0.00392537506698, 2.52455930800634, 0.00298877362643,-0.00000000000000, 0.00754533627812, 2.52956557425525, 0.00000000000000, 2.53349094932224,32.19060654742520,    0.00000000000000,
   94,    2, 0.29218750000000, 0.00468750000000, 2.52848468307333, 0.00392537506698, 2.52455930800634, 0.00298877362643,-0.00000000000000, 0.00754533627812, 2.52956557425525, 0.00000000000000, 2.53349094932224,32.19060654742520,    0.00000000000000,
   94,    3, 0.29218750000000, 0.00781250000000, 2.52848468307333, 0.00392537506698, 2.52455930800634, 0.00298877362643,-0.00000000000000, 0.00754533627812, 2.52956557425525, 0.00000000000000, 2.53349094932224,32.19060654742520,    0.00000000000000,
   94,    4, 0.29218750000000, 0.01093750000000, 2.52848468307333, 0.00392537506698, 2.52455930800634, 0.00298877362643,-0.00000000000000, 0.00754533627812, 2.52956557425525, 0.00000000000000, 2.53349094932224,32.19060654742520,    0.00000000000000,
   94,    5, 0.29218750000000, 0.01406250000000, 2.52848468307333, 0.00392537506698, 2.52455930800634, 0.00298877362643,-0.00000000000000, 0.00754533627812, 2.52956557425525, 0.00000000000000, 2.53349094932224,32.19060654742520,    0.00000000000000,
   95,    1, 0.29531250000000, 0.00156250000000, 2.53252147228589, 0.00400365152477, 2.52851782076113, 0.00298377155316,-0.00000000000000, 0.00754451954525, 2.53351582279385, 0.00000000000000, 2.53751947431862,31.83804536105874,    0.00000000000000,
   95,    2, 0.29531250000000, 0.00468750000000, 2.53252147228589, 0.00400365152477, 2.52851782076113, 0.00298377155316,-0.00000000000000, 0.00754451954525, 2.53351582279385, 0.00000000000000, 2.53751947431862,31.83804536105874,    0.00000000000000,
   95,    3, 0.29531250000000, 0.00781250000000, 2.53252147228589, 0.00400365152477, 2.52851782076113, 0.00298377155316,-0.00000000000000, 0.00754451954525, 2.53351582279385, 0.00000000000000, 2.53751947431862,31.83804536105874,    0.00000000000000,
   95,    4, 0.29531250000000, 0.01093750000000, 2.53252147228589, 0.00400365152477, 2.52851782076113, 0.00298377155316,-0.00000000000000, 0.00754451954525, 2.53351582279385, 0.00000000000000, 2.53751947431862,31.83804536105874,    0.00000000000000,
   95,    5, 0.29531250000000, 0.01406250000000, 2.53252147228589, 0.00400365152477, 2.52851782076113, 0.00298377155316,-0.00000000000000, 0.00754451954525, 2.53351582279385, 0.00000000000000, 2.53751947431862,31.83804536105874,    0.00000000000000,
   96,    1, 0.29843750000000, 0.00156250000000, 2.53650728944749, 0.00408250592310, 2.53242478352440, 0.00297884593058,-0.00000000000000, 0.00754370326090, 2.53741464996701, 0.00000000000000, 2.54149715589011,31.48051662685670,    0.00000000000000,
   96,    2, 0.29843750000000, 0.00468750000000, 2.53650728944749, 0.00408250592310, 2.53242478352440, 0.00297884593058,-0.00000000000000, 0.00754370326090, 2.53741464996701, 0.00000000000000, 2.54149715589011,31.48051662685670,    0.00000000000000,
   96,    3, 0.29843750000000, 0.00781250000000, 2.53650728944749, 0.00408250592310, 2.53242478352440, 0.00297884593058,-0.00000000000000, 0.00754370326090, 2.53741464996701, 0.00000000000000, 2.54149715589011,31.48051662685670,    0.00000000000000,
   96,    4, 0.29843750000000, 0.01093750000000, 2.53650728944749, 0.00408250592310, 2.53242478352440, 0.00297884593058,-0.00000000000000, 0.00754370326090, 2.53741464996701, 0.00000000000000, 2.54149715589011,31.48051662685670,    0.00000000000000,
   96,    5, 0.29843750000000, 0.01406250000000, 2.53650728944749, 0.00408250592310, 2.53242478352440, 0.00297884593058,-0.00000000000000, 0.00754370326090, 2.53741464996701, 0.00000000000000, 2.54149715589011,31.48051662685670,    0.00000000000000,
   97,    1, 0.30156250000000, 0.00156250000000, 2.54044175146517, 0.00416193066182, 2.53627982080335, 0.00297399655733,-0.00000000000000, 0.00754288745549, 2.54126167999767, 0.00000000000000, 2.54542361065949,31.11806553252740,    0.00000000000000,
   97,    2, 0.30156250000000, 0.00468750000000, 2.54044175146517, 0.00416193066182, 2.53627982080335, 0.00297399655733,-0.00000000000000, 0.00754288745549, 2.54126167999767, 0.00000000000000, 2.54542361065949,31.11806553252740,    0.00000000000000,
   97,    3, 0.30156250000000, 0.00781250000000, 2.54044175146517, 0.00416193066182, 2.53627982080335, 0.00297399655733,-0.00000000000000, 0.00754288745549, 2.54126167999767, 0.00000000000000, 2.54542361065949,31.11806553252740,    0.00000000000000,
   97,    4, 0.30156250000000, 0.01093750000000, 2.54044175146517, 0.00416193066182, 2.53627982080335, 0.00297399655733,-0.00000000000000, 0.00754288745549, 2.54126167999767, 0.00000000000000, 2.54542361065949,31.11806553252740,    0.00000000000000,
   97,    5, 0.30156250000000, 0.01406250000000, 2.54044175146517, 0.00416193066182, 2.53627982080335, 0.00297399655733,-0.00000000000000, 0.00754288745549, 2.54126167999767, 0.00000000000000, 2.54542361065949,31.11806553252740,    0.00000000000000,
   98,    1, 0.30468750000000, 0.00156250000000, 2.54432448018119, 0.00424191808582, 2.54008256209537, 0.00296922323324,-0.00000000000000, 0.00754207215772, 2.54505654210106, 0.00000000000000, 2.54929846018688,30.75073847196159,    0.00000000000000,
   98,    2, 0.30468750000000, 0.00468750000000, 2.54432448018119, 0.00424191808582, 2.54008256209537, 0.00296922323324,-0.00000000000000, 0.00754207215772, 2.54505654210106, 0.00000000000000, 2.54929846018688,30.75073847196159,    0.00000000000000,
   98,    3, 0.30468750000000, 0.00781250000000, 2.54432448018119, 0.00424191808582, 2.54008256209537, 0.00296922323324,-0.00000000000000, 0.00754207215772, 2.54505654210106, 0.00000000000000, 2.54929846018688,30.75073847196159,    0.00000000000000,
   98,    4, 0.30468750000000, 0.01093750000000, 2.54432448018119, 0.00424191808582, 2.54008256209537, 0.00296922323324,-0.00000000000000, 0.00754207215772, 2.54505654210106, 0.00000000000000, 2.54929846018688,30.75073847196159,    0.00000000000000,
   98,    5, 0.30468750000000, 0.01406250000000, 2.54432448018119, 0.00424191808582, 2.54008256209537, 0.00296922323324,-0.00000000000000, 0.00754207215772, 2.54505654210106, 0.00000000000000, 2.54929846018688,30.75073847196159,    0.00000000000000,
   99,    1, 0.30781250000000, 0.00156250000000, 2.54815510240942, 0.00432246048574, 2.54383264192368, 0.00296452575943,-0.00000000000000, 0.00754125739466, 2.54879887052046, 0.00000000000000, 2.55312133100620,30.37858303634288,    0.00000000000000,
   99,    2, 0.30781250000000, 0.00468750000000, 2.54815510240942, 0.00432246048574, 2.54383264192368, 0.00296452575943,-0.00000000000000, 0.00754125739466, 2.54879887052046, 0.00000000000000, 2.55312133100620,30.37858303634288,    0.00000000000000,
   99,    3, 0.30781250000000, 0.00781250000000, 2.54815510240942, 0.00432246048574, 2.54383264192368, 0.00296452575943,-0.00000000000000, 0.00754125739466, 2.54879887052046, 0.00000000000000, 2.55312133100620,30.37858303634288,    0.00000000000000,
   99,    4, 0.30781250000000, 0.01093750000000, 2.54815510240942, 0.00432246048574, 2.54383264192368, 0.00296452575943,-0.00000000000000, 0.00754125739466, 2.54879887052046, 0.00000000000000, 2.55312133100620,30.37858303634288,    0.00000000000000,
   99,    5, 0.30781250000000, 0.01406250000000, 2.54815510240942, 0.00432246048574, 2.54383264192368, 0.00296452575943,-0.00000000000000, 0.00754125739466, 2.54879887052046, 0.00000000000000, 2.55312133100620,30.37858303634288,    0.00000000000000,
  100,    1, 0.31093750000000, 0.00156250000000, 2.55193324997121, 0.00440355009873, 2.54752969987247, 0.00295990393836,-0.00000000000000, 0.00754044319173, 2.55248830456249, 0.00000000000000, 2.55689185466123,30.00164800486224,    0.00000000000000,
  100,    2, 0.31093750000000, 0.00468750000000, 2.55193324997121, 0.00440355009873, 2.54752969987247, 0.00295990393836,-0.00000000000000, 0.00754044319173, 2.55248830456249, 0.00000000000000, 2.55689185466123,30.00164800486224,    0.00000000000000,
  100,    3, 0.31093750000000, 0.00781250000000, 2.55193324997121, 0.00440355009873, 2.54752969987247, 0.00295990393836,-0.00000000000000, 0.00754044319173, 2.55248830456249, 0.00000000000000, 2.55689185466123,30.00164800486224,    0.00000000000000,
  100,    4, 0.31093750000000, 0.01093750000000, 2.55193324997121, 0.00440355009873, 2.54752969987247, 0.00295990393836,-0.00000000000000, 0.00754044319173, 2.55248830456249, 0.00000000000000, 2.55689185466123,30.00164800486224,    0.00000000000000,
  100,    5, 0.31093750000000, 0.01406250000000, 2.55193324997121, 0.00440355009873, 2.54752969987247, 0.00295990393836,-0.00000000000000, 0.00754044319173, 2.55248830456249, 0.00000000000000, 2.55689185466123,30.00164800486224,    0.00000000000000,
  101,    1, 0.31406250000000, 0.00156250000000, 2.55565855973082, 0.00448517910922, 2.55117338062160, 0.00295535757389,-0.00000000000000, 0.00753962957273, 2.55612448863181, 0.00000000000000, 2.56060966774103,29.61998333503952,    0.00000000000000,
  101,    2, 0.31406250000000, 0.00468750000000, 2.55565855973082, 0.00448517910922, 2.55117338062160, 0.00295535757389,-0.00000000000000, 0.00753962957273, 2.55612448863181, 0.00000000000000, 2.56060966774103,29.61998333503952,    0.00000000000000,
  101,    3, 0.31406250000000, 0.00781250000000, 2.55565855973082, 0.00448517910922, 2.55117338062160, 0.00295535757389,-0.00000000000000, 0.00753962957273, 2.55612448863181, 0.00000000000000, 2.56060966774103,29.61998333503952,    0.00000000000000,
  101,    4, 0.31406250000000, 0.01093750000000, 2.55565855973082, 0.00448517910922, 2.55117338062160, 0.00295535757389,-0.00000000000000, 0.00753962957273, 2.55612448863181, 0.00000000000000, 2.56060966774103,29.61998333503952,    0.00000000000000,
  101,    5, 0.31406250000000, 0.01406250000000, 2.55565855973082, 0.00448517910922, 2.55117338062160, 0.00295535757389,-0.00000000000000, 0.00753962957273, 2.55612448863181, 0.00000000000000, 2.56060966774103,29.61998333503952,    0.00000000000000,
  102,    1, 0.31718750000000, 0.00156250000000, 2.55933067363029, 0.00456733964962, 2.55476333398068, 0.00295088647140,-0.00000000000000, 0.00753881655988, 2.55970707226542, 0.00000000000000, 2.56427441191504,29.23364015265468,    0.00000000000000,
  102,    2, 0.31718750000000, 0.00468750000000, 2.55933067363029, 0.00456733964962, 2.55476333398068, 0.00295088647140,-0.00000000000000, 0.00753881655988, 2.55970707226542, 0.00000000000000, 2.56427441191504,29.23364015265468,    0.00000000000000,
  102,    3, 0.31718750000000, 0.00781250000000, 2.55933067363029, 0.00456733964962, 2.55476333398068, 0.00295088647140,-0.00000000000000, 0.00753881655988, 2.55970707226542, 0.00000000000000, 2.56427441191504,29.23364015265468,    0.00000000000000,
  102,    4, 0.31718750000000, 0.01093750000000, 2.55933067363029, 0.00456733964962, 2.55476333398068, 0.00295088647140,-0.00000000000000, 0.00753881655988, 2.55970707226542, 0.00000000000000, 2.56427441191504,29.23364015265468,    0.00000000000000,
  102,    5, 0.31718750000000, 0.01406250000000, 2.55933067363029, 0.00456733964962, 2.55476333398068, 0.00295088647140,-0.00000000000000, 0.00753881655988, 2.55970707226542, 0.00000000000000, 2.56427441191504,29.23364015265468,    0.00000000000000,
  103,    1, 0.32031250000000, 0.00156250000000, 2.56294923872390, 0.00465002380113, 2.55829921492278, 0.00294649043781,-0.00000000000000, 0.00753800417383, 2.56323571016647, 0.00000000000000, 2.56788573396760,28.84267074129176,    0.00000000000000,
  103,    2, 0.32031250000000, 0.00468750000000, 2.56294923872390, 0.00465002380113, 2.55829921492278, 0.00294649043781,-0.00000000000000, 0.00753800417383, 2.56323571016647, 0.00000000000000, 2.56788573396760,28.84267074129176,    0.00000000000000,
  103,    3, 0.32031250000000, 0.00781250000000, 2.56294923872390, 0.00465002380113, 2.55829921492278, 0.00294649043781,-0.00000000000000, 0.00753800417383, 2.56323571016647, 0.00000000000000, 2.56788573396760,28.84267074129176,    0.00000000000000,
  103,    4, 0.32031250000000, 0.01093750000000, 2.56294923872390, 0.00465002380113, 2.55829921492278, 0.00294649043781,-0.00000000000000, 0.00753800417383, 2.56323571016647, 0.00000000000000, 2.56788573396760,28.84267074129176,    0.00000000000000,
  103,    5, 0.32031250000000, 0.01406250000000, 2.56294923872390, 0.00465002380113, 2.55829921492278, 0.00294649043781,-0.00000000000000, 0.00753800417383, 2.56323571016647, 0.00000000000000, 2.56788573396760,28.84267074129176,    0.00000000000000,
  104,    1, 0.32343750000000, 0.00156250000000, 2.56651390721207, 0.00473322359448, 2.56178068361759, 0.00294216928167,-0.00000000000000, 0.00753719243370, 2.56671006223749, 0.00000000000000, 2.57144328583197,28.44712853149880,    0.00000000000000,
  104,    2, 0.32343750000000, 0.00468750000000, 2.56651390721207, 0.00473322359448, 2.56178068361759, 0.00294216928167,-0.00000000000000, 0.00753719243370, 2.56671006223749, 0.00000000000000, 2.57144328583197,28.44712853149880,    0.00000000000000,
  104,    3, 0.32343750000000, 0.00781250000000, 2.56651390721207, 0.00473322359448, 2.56178068361759, 0.00294216928167,-0.00000000000000, 0.00753719243370, 2.56671006223749, 0.00000000000000, 2.57144328583197,28.44712853149880,    0.00000000000000,
  104,    4, 0.32343750000000, 0.01093750000000, 2.56651390721207, 0.00473322359448, 2.56178068361759, 0.00294216928167,-0.00000000000000, 0.00753719243370, 2.56671006223749, 0.00000000000000, 2.57144328583197,28.44712853149880,    0.00000000000000,
  104,    5, 0.32343750000000, 0.01406250000000, 2.56651390721207, 0.00473322359448, 2.56178068361759, 0.00294216928167,-0.00000000000000, 0.00753719243370, 2.56671006223749, 0.00000000000000, 2.57144328583197,28.44712853149880,    0.00000000000000,
  105,    1, 0.32656250000000, 0.00156250000000, 2.57002433647484, 0.00481693101071, 2.56520740546413, 0.00293792281320,-0.00000000000000, 0.00753638135710, 2.57012979361318, 0.00000000000000, 2.57494672462389,28.04706808956692,    0.00000000000000,
  105,    2, 0.32656250000000, 0.00468750000000, 2.57002433647484, 0.00481693101071, 2.56520740546413, 0.00293792281320,-0.00000000000000, 0.00753638135710, 2.57012979361318, 0.00000000000000, 2.57494672462389,28.04706808956692,    0.00000000000000,
  105,    3, 0.32656250000000, 0.00781250000000, 2.57002433647484, 0.00481693101071, 2.56520740546413, 0.00293792281320,-0.00000000000000, 0.00753638135710, 2.57012979361318, 0.00000000000000, 2.57494672462389,28.04706808956692,    0.00000000000000,
  105,    4, 0.32656250000000, 0.01093750000000, 2.57002433647484, 0.00481693101071, 2.56520740546413, 0.00293792281320,-0.00000000000000, 0.00753638135710, 2.57012979361318, 0.00000000000000, 2.57494672462389,28.04706808956692,    0.00000000000000,
  105,    5, 0.32656250000000, 0.01406250000000, 2.57002433647484, 0.00481693101071, 2.56520740546413, 0.00293792281320,-0.00000000000000, 0.00753638135710, 2.57012979361318, 0.00000000000000, 2.57494672462389,28.04706808956692,    0.00000000000000,
  106,    1, 0.32968750000000, 0.00156250000000, 2.57348018910488, 0.00490113798191, 2.56857905112298, 0.00293375084441,-0.00000000000000, 0.00753557096016, 2.57349457469274, 0.00000000000000, 2.57839571267464,27.64254510593188,    0.00000000000000,
  106,    2, 0.32968750000000, 0.00468750000000, 2.57348018910488, 0.00490113798191, 2.56857905112298, 0.00293375084441,-0.00000000000000, 0.00753557096016, 2.57349457469274, 0.00000000000000, 2.57839571267464,27.64254510593188,    0.00000000000000,
  106,    3, 0.32968750000000, 0.00781250000000, 2.57348018910488, 0.00490113798191, 2.56857905112298, 0.00293375084441,-0.00000000000000, 0.00753557096016, 2.57349457469274, 0.00000000000000, 2.57839571267464,27.64254510593188,    0.00000000000000,
  106,    4, 0.32968750000000, 0.01093750000000, 2.57348018910488, 0.00490113798191, 2.56857905112298, 0.00293375084441,-0.00000000000000, 0.00753557096016, 2.57349457469274, 0.00000000000000, 2.57839571267464,27.64254510593188,    0.00000000000000,
  106,    5, 0.32968750000000, 0.01406250000000, 2.57348018910488, 0.00490113798191, 2.56857905112298, 0.00293375084441,-0.00000000000000, 0.00753557096016, 2.57349457469274, 0.00000000000000, 2.57839571267464,27.64254510593188,    0.00000000000000,
  107,    1, 0.33281250000000, 0.00156250000000, 2.57688113293984, 0.00498583639204, 2.57189529654780, 0.00292965318909,-0.00000000000000, 0.00753476125753, 2.57680408117154, 0.00000000000000, 2.58178991756358,27.23361638320199,    0.00000000000000,
  107,    2, 0.33281250000000, 0.00468750000000, 2.57688113293984, 0.00498583639204, 2.57189529654780, 0.00292965318909,-0.00000000000000, 0.00753476125753, 2.57680408117154, 0.00000000000000, 2.58178991756358,27.23361638320199,    0.00000000000000,
  107,    3, 0.33281250000000, 0.00781250000000, 2.57688113293984, 0.00498583639204, 2.57189529654780, 0.00292965318909,-0.00000000000000, 0.00753476125753, 2.57680408117154, 0.00000000000000, 2.58178991756358,27.23361638320199,    0.00000000000000,
  107,    4, 0.33281250000000, 0.01093750000000, 2.57688113293984, 0.00498583639204, 2.57189529654780, 0.00292965318909,-0.00000000000000, 0.00753476125753, 2.57680408117154, 0.00000000000000, 2.58178991756358,27.23361638320199,    0.00000000000000,
  107,    5, 0.33281250000000, 0.01406250000000, 2.57688113293984, 0.00498583639204, 2.57189529654780, 0.00292965318909,-0.00000000000000, 0.00753476125753, 2.57680408117154, 0.00000000000000, 2.58178991756358,27.23361638320199,    0.00000000000000,
  108,    1, 0.33593750000000, 0.00156250000000, 2.58022684109427, 0.00507101807770, 2.57515582301657, 0.00292562966292,-0.00000000000000, 0.00753395226245, 2.58005799407247, 0.00000000000000, 2.58512901215018,26.82033982381575,    0.00000000000000,
  108,    2, 0.33593750000000, 0.00468750000000, 2.58022684109427, 0.00507101807770, 2.57515582301657, 0.00292562966292,-0.00000000000000, 0.00753395226245, 2.58005799407247, 0.00000000000000, 2.58512901215018,26.82033982381575,    0.00000000000000,
  108,    3, 0.33593750000000, 0.00781250000000, 2.58022684109427, 0.00507101807770, 2.57515582301657, 0.00292562966292,-0.00000000000000, 0.00753395226245, 2.58005799407247, 0.00000000000000, 2.58512901215018,26.82033982381575,    0.00000000000000,
  108,    4, 0.33593750000000, 0.01093750000000, 2.58022684109427, 0.00507101807770, 2.57515582301657, 0.00292562966292,-0.00000000000000, 0.00753395226245, 2.58005799407247, 0.00000000000000, 2.58512901215018,26.82033982381575,    0.00000000000000,
  108,    5, 0.33593750000000, 0.01406250000000, 2.58022684109427, 0.00507101807770, 2.57515582301657, 0.00292562966292,-0.00000000000000, 0.00753395226245, 2.58005799407247, 0.00000000000000, 2.58512901215018,26.82033982381575,    0.00000000000000,
  109,    1, 0.33906250000000, 0.00156250000000, 2.58351699199121, 0.00515667482890, 2.57836031716232, 0.00292168008351,-0.00000000000000, 0.00753314398675, 2.58325599977664, 0.00000000000000, 2.58841267460554,26.40277441733317,    0.00000000000000,
  109,    2, 0.33906250000000, 0.00468750000000, 2.58351699199121, 0.00515667482890, 2.57836031716232, 0.00292168008351,-0.00000000000000, 0.00753314398675, 2.58325599977664, 0.00000000000000, 2.58841267460554,26.40277441733317,    0.00000000000000,
  109,    3, 0.33906250000000, 0.00781250000000, 2.58351699199121, 0.00515667482890, 2.57836031716232, 0.00292168008351,-0.00000000000000, 0.00753314398675, 2.58325599977664, 0.00000000000000, 2.58841267460554,26.40277441733317,    0.00000000000000,
  109,    4, 0.33906250000000, 0.01093750000000, 2.58351699199121, 0.00515667482890, 2.57836031716232, 0.00292168008351,-0.00000000000000, 0.00753314398675, 2.58325599977664, 0.00000000000000, 2.58841267460554,26.40277441733317,    0.00000000000000,
  109,    5, 0.33906250000000, 0.01406250000000, 2.58351699199121, 0.00515667482890, 2.57836031716232, 0.00292168008351,-0.00000000000000, 0.00753314398675, 2.58325599977664, 0.00000000000000, 2.58841267460554,26.40277441733317,    0.00000000000000,
  110,    1, 0.34218750000000, 0.00156250000000, 2.58675126939301, 0.00524279838986, 2.58150847100315, 0.00291780427045,-0.00000000000000, 0.00753233644089, 2.58639779005359, 0.00000000000000, 2.59164058844344,25.98098022736491,    0.00000000000000,
  110,    2, 0.34218750000000, 0.00468750000000, 2.58675126939301, 0.00524279838986, 2.58150847100315, 0.00291780427045,-0.00000000000000, 0.00753233644089, 2.58639779005359, 0.00000000000000, 2.59164058844344,25.98098022736491,    0.00000000000000,
  110,    3, 0.34218750000000, 0.00781250000000, 2.58675126939301, 0.00524279838986, 2.58150847100315, 0.00291780427045,-0.00000000000000, 0.00753233644089, 2.58639779005359, 0.00000000000000, 2.59164058844344,25.98098022736491,    0.00000000000000,
  110,    4, 0.34218750000000, 0.01093750000000, 2.58675126939301, 0.00524279838986, 2.58150847100315, 0.00291780427045,-0.00000000000000, 0.00753233644089, 2.58639779005359, 0.00000000000000, 2.59164058844344,25.98098022736491,    0.00000000000000,
  110,    5, 0.34218750000000, 0.01406250000000, 2.58675126939301, 0.00524279838986, 2.58150847100315, 0.00291780427045,-0.00000000000000, 0.00753233644089, 2.58639779005359, 0.00000000000000, 2.59164058844344,25.98098022736491,    0.00000000000000,
  111,    1, 0.34531250000000, 0.00156250000000, 2.58992936243173, 0.00532938045981, 2.58459998197193, 0.00291400204538, 0.00000000000000, 0.00753152963396, 2.58948306209104, 0.00000000000000, 2.59481244255084,25.55501837814297,    0.00000000000000,
  111,    2, 0.34531250000000, 0.00468750000000, 2.58992936243173, 0.00532938045981, 2.58459998197193, 0.00291400204538, 0.00000000000000, 0.00753152963396, 2.58948306209104, 0.00000000000000, 2.59481244255084,25.55501837814297,    0.00000000000000,
  111,    3, 0.34531250000000, 0.00781250000000, 2.58992936243173, 0.00532938045981, 2.58459998197193, 0.00291400204538, 0.00000000000000, 0.00753152963396, 2.58948306209104, 0.00000000000000, 2.59481244255084,25.55501837814297,    0.00000000000000,
  111,    4, 0.34531250000000, 0.01093750000000, 2.58992936243173, 0.00532938045981, 2.58459998197193, 0.00291400204538, 0.00000000000000, 0.00753152963396, 2.58948306209104, 0.00000000000000, 2.59481244255084,25.55501837814297,    0.00000000000000,
  111,    5, 0.34531250000000, 0.01406250000000, 2.58992936243173, 0.00532938045981, 2.58459998197193, 0.00291400204538, 0.00000000000000, 0.00753152963396, 2.58948306209104, 0.00000000000000, 2.59481244255084,25.55501837814297,    0.00000000000000,
  112,    1, 0.34843750000000, 0.00156250000000, 2.59305096563914, 0.00541641269379, 2.58763455294535, 0.00291027323203,-0.00000000000000, 0.00753072357372, 2.59251151852405, 0.00000000000000, 2.59792793121783,25.12495104073761,    0.00000000000000,
  112,    2, 0.34843750000000, 0.00468750000000, 2.59305096563914, 0.00541641269379, 2.58763455294535, 0.00291027323203,-0.00000000000000, 0.00753072357372, 2.59251151852405, 0.00000000000000, 2.59792793121783,25.12495104073761,    0.00000000000000,
  112,    3, 0.34843750000000, 0.00781250000000, 2.59305096563914, 0.00541641269379, 2.58763455294535, 0.00291027323203,-0.00000000000000, 0.00753072357372, 2.59251151852405, 0.00000000000000, 2.59792793121783,25.12495104073761,    0.00000000000000,
  112,    4, 0.34843750000000, 0.01093750000000, 2.59305096563914, 0.00541641269379, 2.58763455294535, 0.00291027323203,-0.00000000000000, 0.00753072357372, 2.59251151852405, 0.00000000000000, 2.59792793121783,25.12495104073761,    0.00000000000000,
  112,    5, 0.34843750000000, 0.01406250000000, 2.59305096563914, 0.00541641269379, 2.58763455294535, 0.00291027323203,-0.00000000000000, 0.00753072357372, 2.59251151852405, 0.00000000000000, 2.59792793121783,25.12495104073761,    0.00000000000000,
  113,    1, 0.35156250000000, 0.00156250000000, 2.59611577897605, 0.00550388670345, 2.59061189227259, 0.00290661765629,-0.00000000000000, 0.00752991826666, 2.59548286746368, 0.00000000000000, 2.60098675416713,24.69084141892450,    0.00000000000000,
  113,    2, 0.35156250000000, 0.00468750000000, 2.59611577897605, 0.00550388670345, 2.59061189227259, 0.00290661765629,-0.00000000000000, 0.00752991826666, 2.59548286746368, 0.00000000000000, 2.60098675416713,24.69084141892450,    0.00000000000000,
  113,    3, 0.35156250000000, 0.00781250000000, 2.59611577897605, 0.00550388670345, 2.59061189227259, 0.00290661765629,-0.00000000000000, 0.00752991826666, 2.59548286746368, 0.00000000000000, 2.60098675416713,24.69084141892450,    0.00000000000000,
  113,    4, 0.35156250000000, 0.01093750000000, 2.59611577897605, 0.00550388670345, 2.59061189227259, 0.00290661765629,-0.00000000000000, 0.00752991826666, 2.59548286746368, 0.00000000000000, 2.60098675416713,24.69084141892450,    0.00000000000000,
  113,    5, 0.35156250000000, 0.01406250000000, 2.59611577897605, 0.00550388670345, 2.59061189227259, 0.00290661765629,-0.00000000000000, 0.00752991826666, 2.59548286746368, 0.00000000000000, 2.60098675416713,24.69084141892450,    0.00000000000000,
  114,    1, 0.35468750000000, 0.00156250000000, 2.59912350786109, 0.00559179405788, 2.59353171380321, 0.00290303514621,-0.00000000000000, 0.00752911371797, 2.59839682252514, 0.00000000000000, 2.60398861658302,24.25275373470685,    0.00000000000000,
  114,    2, 0.35468750000000, 0.00468750000000, 2.59912350786109, 0.00559179405788, 2.59353171380321, 0.00290303514621,-0.00000000000000, 0.00752911371797, 2.59839682252514, 0.00000000000000, 2.60398861658302,24.25275373470685,    0.00000000000000,
  114,    3, 0.35468750000000, 0.00781250000000, 2.59912350786109, 0.00559179405788, 2.59353171380321, 0.00290303514621,-0.00000000000000, 0.00752911371797, 2.59839682252514, 0.00000000000000, 2.60398861658302,24.25275373470685,    0.00000000000000,
  114,    4, 0.35468750000000, 0.01093750000000, 2.59912350786109, 0.00559179405788, 2.59353171380321, 0.00290303514621,-0.00000000000000, 0.00752911371797, 2.59839682252514, 0.00000000000000, 2.60398861658302,24.25275373470685,    0.00000000000000,
  114,    5, 0.35468750000000, 0.01406250000000, 2.59912350786109, 0.00559179405788, 2.59353171380321, 0.00290303514621,-0.00000000000000, 0.00752911371797, 2.59839682252514, 0.00000000000000, 2.60398861658302,24.25275373470685,    0.00000000000000,
  115,    1, 0.35781250000000, 0.00156250000000, 2.60207386319922, 0.00568012628437, 2.59639373691485, 0.00289952553212,-0.00000000000000, 0.00752830993161, 2.60125310285537, 0.00000000000000, 2.60693322913974,23.81075321349699,    0.00000000000000,
  115,    2, 0.35781250000000, 0.00468750000000, 2.60207386319922, 0.00568012628437, 2.59639373691485, 0.00289952553212,-0.00000000000000, 0.00752830993161, 2.60125310285537, 0.00000000000000, 2.60693322913974,23.81075321349699,    0.00000000000000,
  115,    3, 0.35781250000000, 0.00781250000000, 2.60207386319922, 0.00568012628437, 2.59639373691485, 0.00289952553212,-0.00000000000000, 0.00752830993161, 2.60125310285537, 0.00000000000000, 2.60693322913974,23.81075321349699,    0.00000000000000,
  115,    4, 0.35781250000000, 0.01093750000000, 2.60207386319922, 0.00568012628437, 2.59639373691485, 0.00289952553212,-0.00000000000000, 0.00752830993161, 2.60125310285537, 0.00000000000000, 2.60693322913974,23.81075321349699,    0.00000000000000,
  115,    5, 0.35781250000000, 0.01406250000000, 2.60207386319922, 0.00568012628437, 2.59639373691485, 0.00289952553212,-0.00000000000000, 0.00752830993161, 2.60125310285537, 0.00000000000000, 2.60693322913974,23.81075321349699,    0.00000000000000,
  116,    1, 0.36093750000000, 0.00156250000000, 2.60496656140941, 0.00576887486927, 2.59919768654013, 0.00289608864662,-0.00000000000000, 0.00752750691031, 2.60405143316014, 0.00000000000000, 2.60982030802942,23.36490606896232,    0.00000000000000,
  116,    2, 0.36093750000000, 0.00468750000000, 2.60496656140941, 0.00576887486927, 2.59919768654013, 0.00289608864662,-0.00000000000000, 0.00752750691031, 2.60405143316014, 0.00000000000000, 2.60982030802942,23.36490606896232,    0.00000000000000,
  116,    3, 0.36093750000000, 0.00781250000000, 2.60496656140941, 0.00576887486927, 2.59919768654013, 0.00289608864662,-0.00000000000000, 0.00752750691031, 2.60405143316014, 0.00000000000000, 2.60982030802942,23.36490606896232,    0.00000000000000,
  116,    4, 0.36093750000000, 0.01093750000000, 2.60496656140941, 0.00576887486927, 2.59919768654013, 0.00289608864662,-0.00000000000000, 0.00752750691031, 2.60405143316014, 0.00000000000000, 2.60982030802942,23.36490606896232,    0.00000000000000,
  116,    5, 0.36093750000000, 0.01406250000000, 2.60496656140941, 0.00576887486927, 2.59919768654013, 0.00289608864662,-0.00000000000000, 0.00752750691031, 2.60405143316014, 0.00000000000000, 2.60982030802942,23.36490606896232,    0.00000000000000,
  117,    1, 0.36406250000000, 0.00156250000000, 2.60780132445198, 0.00585803125883, 2.60194329319316, 0.00289272432466,-0.00000000000000, 0.00752670465560, 2.60679154373055, 0.00000000000000, 2.61264957498937,22.91527948754022,    0.00000000000000,
  117,    2, 0.36406250000000, 0.00468750000000, 2.60780132445198, 0.00585803125883, 2.60194329319316, 0.00289272432466,-0.00000000000000, 0.00752670465560, 2.60679154373055, 0.00000000000000, 2.61264957498937,22.91527948754022,    0.00000000000000,
  117,    3, 0.36406250000000, 0.00781250000000, 2.60780132445198, 0.00585803125883, 2.60194329319316, 0.00289272432466,-0.00000000000000, 0.00752670465560, 2.60679154373055, 0.00000000000000, 2.61264957498937,22.91527948754022,    0.00000000000000,
  117,    4, 0.36406250000000, 0.01093750000000, 2.60780132445198, 0.00585803125883, 2.60194329319316, 0.00289272432466,-0.00000000000000, 0.00752670465560, 2.60679154373055, 0.00000000000000, 2.61264957498937,22.91527948754022,    0.00000000000000,
  117,    5, 0.36406250000000, 0.01406250000000, 2.60780132445198, 0.00585803125883, 2.60194329319316, 0.00289272432466,-0.00000000000000, 0.00752670465560, 2.60679154373055, 0.00000000000000, 2.61264957498937,22.91527948754022,    0.00000000000000,
  118,    1, 0.36718750000000, 0.00156250000000, 2.61057787985532, 0.00594758685995, 2.60463029299537, 0.00288943240356,-0.00000000000000, 0.00752590316786, 2.60947317046902, 0.00000000000000, 2.61542075732897,22.46194161262735,    0.00000000000000,
  118,    2, 0.36718750000000, 0.00468750000000, 2.61057787985532, 0.00594758685995, 2.60463029299537, 0.00288943240356,-0.00000000000000, 0.00752590316786, 2.60947317046902, 0.00000000000000, 2.61542075732897,22.46194161262735,    0.00000000000000,
  118,    3, 0.36718750000000, 0.00781250000000, 2.61057787985532, 0.00594758685995, 2.60463029299537, 0.00288943240356,-0.00000000000000, 0.00752590316786, 2.60947317046902, 0.00000000000000, 2.61542075732897,22.46194161262735,    0.00000000000000,
  118,    4, 0.36718750000000, 0.01093750000000, 2.61057787985532, 0.00594758685995, 2.60463029299537, 0.00288943240356,-0.00000000000000, 0.00752590316786, 2.60947317046902, 0.00000000000000, 2.61542075732897,22.46194161262735,    0.00000000000000,
  118,    5, 0.36718750000000, 0.01406250000000, 2.61057787985532, 0.00594758685995, 2.60463029299537, 0.00288943240356,-0.00000000000000, 0.00752590316786, 2.60947317046902, 0.00000000000000, 2.61542075732897,22.46194161262735,    0.00000000000000,
  119,    1, 0.37031250000000, 0.00156250000000, 2.61329596074213, 0.00603753304109, 2.60725842770105, 0.00288621272306, 0.00000000000000, 0.00752510244633, 2.61209605491480, 0.00000000000000, 2.61813358795589,22.00496152844804,    0.00000000000000,
  119,    2, 0.37031250000000, 0.00468750000000, 2.61329596074213, 0.00603753304109, 2.60725842770105, 0.00288621272306, 0.00000000000000, 0.00752510244633, 2.61209605491480, 0.00000000000000, 2.61813358795589,22.00496152844804,    0.00000000000000,
  119,    3, 0.37031250000000, 0.00781250000000, 2.61329596074213, 0.00603753304109, 2.60725842770105, 0.00288621272306, 0.00000000000000, 0.00752510244633, 2.61209605491480, 0.00000000000000, 2.61813358795589,22.00496152844804,    0.00000000000000,
  119,    4, 0.37031250000000, 0.01093750000000, 2.61329596074213, 0.00603753304109, 2.60725842770105, 0.00288621272306, 0.00000000000000, 0.00752510244633, 2.61209605491480, 0.00000000000000, 2.61813358795589,22.00496152844804,    0.00000000000000,
  119,    5, 0.37031250000000, 0.01406250000000, 2.61329596074213, 0.00603753304109, 2.60725842770105, 0.00288621272306, 0.00000000000000, 0.00752510244633, 2.61209605491480, 0.00000000000000, 2.61813358795589,22.00496152844804,    0.00000000000000,
  120,    1, 0.37343750000000, 0.00156250000000, 2.61595530585509, 0.00612786113303, 2.60982744472206, 0.00288306512537,-0.00000000000000, 0.00752430248911, 2.61465994426883, 0.00000000000000, 2.62078780540186,21.54440924360726,    0.00000000000000,
  120,    2, 0.37343750000000, 0.00468750000000, 2.61595530585509, 0.00612786113303, 2.60982744472206, 0.00288306512537,-0.00000000000000, 0.00752430248911, 2.61465994426883, 0.00000000000000, 2.62078780540186,21.54440924360726,    0.00000000000000,
  120,    3, 0.37343750000000, 0.00781250000000, 2.61595530585509, 0.00612786113303, 2.60982744472206, 0.00288306512537,-0.00000000000000, 0.00752430248911, 2.61465994426883, 0.00000000000000, 2.62078780540186,21.54440924360726,    0.00000000000000,
  120,    4, 0.37343750000000, 0.01093750000000, 2.61595530585509, 0.00612786113303, 2.60982744472206, 0.00288306512537,-0.00000000000000, 0.00752430248911, 2.61465994426883, 0.00000000000000, 2.62078780540186,21.54440924360726,    0.00000000000000,
  120,    5, 0.37343750000000, 0.01406250000000, 2.61595530585509, 0.00612786113303, 2.60982744472206, 0.00288306512537,-0.00000000000000, 0.00752430248911, 2.61465994426883, 0.00000000000000, 2.62078780540186,21.54440924360726,    0.00000000000000,
  121,    1, 0.37656250000000, 0.00156250000000, 2.61855565958199, 0.00621856242978, 2.61233709715221, 0.00287998945521,-0.00000000000000, 0.00752350329325, 2.61716459141811, 0.00000000000000, 2.62338315384789,21.08035567433349,    0.00000000000000,
  121,    2, 0.37656250000000, 0.00468750000000, 2.61855565958199, 0.00621856242978, 2.61233709715221, 0.00287998945521,-0.00000000000000, 0.00752350329325, 2.61716459141811, 0.00000000000000, 2.62338315384789,21.08035567433349,    0.00000000000000,
  121,    3, 0.37656250000000, 0.00781250000000, 2.61855565958199, 0.00621856242978, 2.61233709715221, 0.00287998945521,-0.00000000000000, 0.00752350329325, 2.61716459141811, 0.00000000000000, 2.62338315384789,21.08035567433349,    0.00000000000000,
  121,    4, 0.37656250000000, 0.01093750000000, 2.61855565958199, 0.00621856242978, 2.61233709715221, 0.00287998945521,-0.00000000000000, 0.00752350329325, 2.61716459141811, 0.00000000000000, 2.62338315384789,21.08035567433349,    0.00000000000000,
  121,    5, 0.37656250000000, 0.01406250000000, 2.61855565958199, 0.00621856242978, 2.61233709715221, 0.00287998945521,-0.00000000000000, 0.00752350329325, 2.61716459141811, 0.00000000000000, 2.62338315384789,21.08035567433349,    0.00000000000000,
  122,    1, 0.37968750000000, 0.00156250000000, 2.62109677198032, 0.00630962818936, 2.61478714379096, 0.00287698555982, 0.00000000000000, 0.00752270485470, 2.61960975495954, 0.00000000000000, 2.62591938314890,20.61287262741687,    0.00000000000000,
  122,    2, 0.37968750000000, 0.00468750000000, 2.62109677198032, 0.00630962818936, 2.61478714379096, 0.00287698555982, 0.00000000000000, 0.00752270485470, 2.61960975495954, 0.00000000000000, 2.62591938314890,20.61287262741687,    0.00000000000000,
  122,    3, 0.37968750000000, 0.00781250000000, 2.62109677198032, 0.00630962818936, 2.61478714379096, 0.00287698555982, 0.00000000000000, 0.00752270485470, 2.61960975495954, 0.00000000000000, 2.62591938314890,20.61287262741687,    0.00000000000000,
  122,    4, 0.37968750000000, 0.01093750000000, 2.62109677198032, 0.00630962818936, 2.61478714379096, 0.00287698555982, 0.00000000000000, 0.00752270485470, 2.61960975495954, 0.00000000000000, 2.62591938314890,20.61287262741687,    0.00000000000000,
  122,    5, 0.37968750000000, 0.01406250000000, 2.62109677198032, 0.00630962818936, 2.61478714379096, 0.00287698555982, 0.00000000000000, 0.00752270485470, 2.61960975495954, 0.00000000000000, 2.62591938314890,20.61287262741687,    0.00000000000000,
  123,    1, 0.38281250000000, 0.00156250000000, 2.62357839880132, 0.00640104963465, 2.61717734916667, 0.00287405328905,-0.00000000000000, 0.00752190716840, 2.62199519922316, 0.00000000000000, 2.62839624885781,20.14203278284838,    0.00000000000000,
  123,    2, 0.38281250000000, 0.00468750000000, 2.62357839880132, 0.00640104963465, 2.61717734916667, 0.00287405328905,-0.00000000000000, 0.00752190716840, 2.62199519922316, 0.00000000000000, 2.62839624885781,20.14203278284838,    0.00000000000000,
  123,    3, 0.38281250000000, 0.00781250000000, 2.62357839880132, 0.00640104963465, 2.61717734916667, 0.00287405328905,-0.00000000000000, 0.00752190716840, 2.62199519922316, 0.00000000000000, 2.62839624885781,20.14203278284838,    0.00000000000000,
  123,    4, 0.38281250000000, 0.01093750000000, 2.62357839880132, 0.00640104963465, 2.61717734916667, 0.00287405328905,-0.00000000000000, 0.00752190716840, 2.62199519922316, 0.00000000000000, 2.62839624885781,20.14203278284838,    0.00000000000000,
  123,    5, 0.38281250000000, 0.01406250000000, 2.62357839880132, 0.00640104963465, 2.61717734916667, 0.00287405328905,-0.00000000000000, 0.00752190716840, 2.62199519922316, 0.00000000000000, 2.62839624885781,20.14203278284838,    0.00000000000000,
  124,    1, 0.38593750000000, 0.00156250000000, 2.62600030151351, 0.00649281795427, 2.61950748355924, 0.00287119249534, 0.00000000000000, 0.00752111022828, 2.62432069429490, 0.00000000000000, 2.63081351224916,19.66790967616551,    0.00000000000000,
  124,    2, 0.38593750000000, 0.00468750000000, 2.62600030151351, 0.00649281795427, 2.61950748355924, 0.00287119249534, 0.00000000000000, 0.00752111022828, 2.62432069429490, 0.00000000000000, 2.63081351224916,19.66790967616551,    0.00000000000000,
  124,    3, 0.38593750000000, 0.00781250000000, 2.62600030151351, 0.00649281795427, 2.61950748355924, 0.00287119249534, 0.00000000000000, 0.00752111022828, 2.62432069429490, 0.00000000000000, 2.63081351224916,19.66790967616551,    0.00000000000000,
  124,    4, 0.38593750000000, 0.01093750000000, 2.62600030151351, 0.00649281795427, 2.61950748355924, 0.00287119249534, 0.00000000000000, 0.00752111022828, 2.62432069429490, 0.00000000000000, 2.63081351224916,19.66790967616551,    0.00000000000000,
  124,    5, 0.38593750000000, 0.01406250000000, 2.62600030151351, 0.00649281795427, 2.61950748355924, 0.00287119249534, 0.00000000000000, 0.00752111022828, 2.62432069429490, 0.00000000000000, 2.63081351224916,19.66790967616551,    0.00000000000000,
  125,    1, 0.38906250000000, 0.00156250000000, 2.62836224732563, 0.00658492430339, 2.62177732302224, 0.00286840303379, 0.00000000000000, 0.00752031402728, 2.62658601603869, 0.00000000000000, 2.63317094034208,19.19057768051060,    0.00000000000000,
  125,    2, 0.38906250000000, 0.00468750000000, 2.62836224732563, 0.00658492430339, 2.62177732302224, 0.00286840303379, 0.00000000000000, 0.00752031402728, 2.62658601603869, 0.00000000000000, 2.63317094034208,19.19057768051060,    0.00000000000000,
  125,    3, 0.38906250000000, 0.00781250000000, 2.62836224732563, 0.00658492430339, 2.62177732302224, 0.00286840303379, 0.00000000000000, 0.00752031402728, 2.62658601603869, 0.00000000000000, 2.63317094034208,19.19057768051060,    0.00000000000000,
  125,    4, 0.38906250000000, 0.01093750000000, 2.62836224732563, 0.00658492430339, 2.62177732302224, 0.00286840303379, 0.00000000000000, 0.00752031402728, 2.62658601603869, 0.00000000000000, 2.63317094034208,19.19057768051060,    0.00000000000000,
  125,    5, 0.38906250000000, 0.01406250000000, 2.62836224732563, 0.00658492430339, 2.62177732302224, 0.00286840303379, 0.00000000000000, 0.00752031402728, 2.62658601603869, 0.00000000000000, 2.63317094034208,19.19057768051060,    0.00000000000000,
  126,    1, 0.39218750000000, 0.00156250000000, 2.63066400920904, 0.00667735980462, 2.62398664940443, 0.00286568476219,-0.00000000000000, 0.00751951855738, 2.62879094611812, 0.00000000000000, 2.63546830592273,18.71011198840722,    0.00000000000000,
  126,    2, 0.39218750000000, 0.00468750000000, 2.63066400920904, 0.00667735980462, 2.62398664940443, 0.00286568476219,-0.00000000000000, 0.00751951855738, 2.62879094611812, 0.00000000000000, 2.63546830592273,18.71011198840722,    0.00000000000000,
  126,    3, 0.39218750000000, 0.00781250000000, 2.63066400920904, 0.00667735980462, 2.62398664940443, 0.00286568476219,-0.00000000000000, 0.00751951855738, 2.62879094611812, 0.00000000000000, 2.63546830592273,18.71011198840722,    0.00000000000000,
  126,    4, 0.39218750000000, 0.01093750000000, 2.63066400920904, 0.00667735980462, 2.62398664940443, 0.00286568476219,-0.00000000000000, 0.00751951855738, 2.62879094611812, 0.00000000000000, 2.63546830592273,18.71011198840722,    0.00000000000000,
  126,    5, 0.39218750000000, 0.01406250000000, 2.63066400920904, 0.00667735980462, 2.62398664940443, 0.00286568476219,-0.00000000000000, 0.00751951855738, 2.62879094611812, 0.00000000000000, 2.63546830592273,18.71011198840722,    0.00000000000000,
  127,    1, 0.39531250000000, 0.00156250000000, 2.63290536591951, 0.00677011554882, 2.62613525037069, 0.00286303754103,-0.00000000000000, 0.00751872380964, 2.63093527201743, 0.00000000000000, 2.63770538756625,18.22658859326124,    0.00000000000000,
  127,    2, 0.39531250000000, 0.00468750000000, 2.63290536591951, 0.00677011554882, 2.62613525037069, 0.00286303754103,-0.00000000000000, 0.00751872380964, 2.63093527201743, 0.00000000000000, 2.63770538756625,18.22658859326124,    0.00000000000000,
  127,    3, 0.39531250000000, 0.00781250000000, 2.63290536591951, 0.00677011554882, 2.62613525037069, 0.00286303754103,-0.00000000000000, 0.00751872380964, 2.63093527201743, 0.00000000000000, 2.63770538756625,18.22658859326124,    0.00000000000000,
  127,    4, 0.39531250000000, 0.01093750000000, 2.63290536591951, 0.00677011554882, 2.62613525037069, 0.00286303754103,-0.00000000000000, 0.00751872380964, 2.63093527201743, 0.00000000000000, 2.63770538756625,18.22658859326124,    0.00000000000000,
  127,    5, 0.39531250000000, 0.01406250000000, 2.63290536591951, 0.00677011554882, 2.62613525037069, 0.00286303754103,-0.00000000000000, 0.00751872380964, 2.63093527201743, 0.00000000000000, 2.63770538756625,18.22658859326124,    0.00000000000000,
  128,    1, 0.39843750000000, 0.00156250000000, 2.63508610201864, 0.00686318259601, 2.62822291942263, 0.00286046123358, 0.00000000000000, 0.00751792977421, 2.63301878706202, 0.00000000000000, 2.63988196965804,17.74008427059216,    0.00000000000000,
  128,    2, 0.39843750000000, 0.00468750000000, 2.63508610201864, 0.00686318259601, 2.62822291942263, 0.00286046123358, 0.00000000000000, 0.00751792977421, 2.63301878706202, 0.00000000000000, 2.63988196965804,17.74008427059216,    0.00000000000000,
  128,    3, 0.39843750000000, 0.00781250000000, 2.63508610201864, 0.00686318259601, 2.62822291942263, 0.00286046123358, 0.00000000000000, 0.00751792977421, 2.63301878706202, 0.00000000000000, 2.63988196965804,17.74008427059216,    0.00000000000000,
  128,    4, 0.39843750000000, 0.01093750000000, 2.63508610201864, 0.00686318259601, 2.62822291942263, 0.00286046123358, 0.00000000000000, 0.00751792977421, 2.63301878706202, 0.00000000000000, 2.63988196965804,17.74008427059216,    0.00000000000000,
  128,    5, 0.39843750000000, 0.01406250000000, 2.63508610201864, 0.00686318259601, 2.62822291942263, 0.00286046123358, 0.00000000000000, 0.00751792977421, 2.63301878706202, 0.00000000000000, 2.63988196965804,17.74008427059216,    0.00000000000000,
  129,    1, 0.40156250000000, 0.00156250000000, 2.63720600789446, 0.00695655197619, 2.63024945591827, 0.00285795570586, 0.00000000000000, 0.00751713644037, 2.63504129043840, 0.00000000000000, 2.64199784241459,17.25067655900125,    0.00000000000000,
  129,    2, 0.40156250000000, 0.00468750000000, 2.63720600789446, 0.00695655197619, 2.63024945591827, 0.00285795570586, 0.00000000000000, 0.00751713644037, 2.63504129043840, 0.00000000000000, 2.64199784241459,17.25067655900125,    0.00000000000000,
  129,    3, 0.40156250000000, 0.00781250000000, 2.63720600789446, 0.00695655197619, 2.63024945591827, 0.00285795570586, 0.00000000000000, 0.00751713644037, 2.63504129043840, 0.00000000000000, 2.64199784241459,17.25067655900125,    0.00000000000000,
  129,    4, 0.40156250000000, 0.01093750000000, 2.63720600789446, 0.00695655197619, 2.63024945591827, 0.00285795570586, 0.00000000000000, 0.00751713644037, 2.63504129043840, 0.00000000000000, 2.64199784241459,17.25067655900125,    0.00000000000000,
  129,    5, 0.40156250000000, 0.01406250000000, 2.63720600789446, 0.00695655197619, 2.63024945591827, 0.00285795570586, 0.00000000000000, 0.00751713644037, 2.63504129043840, 0.00000000000000, 2.64199784241459,17.25067655900125,    0.00000000000000,
  130,    1, 0.40468750000000, 0.00156250000000, 2.63926487978167, 0.00705021469023, 2.63221466509145, 0.00285552082671,-0.00000000000000, 0.00751634379653, 2.63700258721346, 0.00000000000000, 2.64405280190368,16.75844374088281,    0.00000000000000,
  130,    2, 0.40468750000000, 0.00468750000000, 2.63926487978167, 0.00705021469023, 2.63221466509145, 0.00285552082671,-0.00000000000000, 0.00751634379653, 2.63700258721346, 0.00000000000000, 2.64405280190368,16.75844374088281,    0.00000000000000,
  130,    3, 0.40468750000000, 0.00781250000000, 2.63926487978167, 0.00705021469023, 2.63221466509145, 0.00285552082671,-0.00000000000000, 0.00751634379653, 2.63700258721346, 0.00000000000000, 2.64405280190368,16.75844374088281,    0.00000000000000,
  130,    4, 0.40468750000000, 0.01093750000000, 2.63926487978167, 0.00705021469023, 2.63221466509145, 0.00285552082671,-0.00000000000000, 0.00751634379653, 2.63700258721346, 0.00000000000000, 2.64405280190368,16.75844374088281,    0.00000000000000,
  130,    5, 0.40468750000000, 0.01406250000000, 2.63926487978167, 0.00705021469023, 2.63221466509145, 0.00285552082671,-0.00000000000000, 0.00751634379653, 2.63700258721346, 0.00000000000000, 2.64405280190368,16.75844374088281,    0.00000000000000,
  131,    1, 0.40781250000000, 0.00156250000000, 2.64126251978128, 0.00714416171071, 2.63411835807057, 0.00285315646781,-0.00000000000000, 0.00751555183029, 2.63890248835334, 0.00000000000000, 2.64604665006405,16.26346482288462,    0.00000000000000,
  131,    2, 0.40781250000000, 0.00468750000000, 2.64126251978128, 0.00714416171071, 2.63411835807057, 0.00285315646781,-0.00000000000000, 0.00751555183029, 2.63890248835334, 0.00000000000000, 2.64604665006405,16.26346482288462,    0.00000000000000,
  131,    3, 0.40781250000000, 0.00781250000000, 2.64126251978128, 0.00714416171071, 2.63411835807057, 0.00285315646781,-0.00000000000000, 0.00751555183029, 2.63890248835334, 0.00000000000000, 2.64604665006405,16.26346482288462,    0.00000000000000,
  131,    4, 0.40781250000000, 0.01093750000000, 2.64126251978128, 0.00714416171071, 2.63411835807057, 0.00285315646781,-0.00000000000000, 0.00751555183029, 2.63890248835334, 0.00000000000000, 2.64604665006405,16.26346482288462,    0.00000000000000,
  131,    5, 0.40781250000000, 0.01406250000000, 2.64126251978128, 0.00714416171071, 2.63411835807057, 0.00285315646781,-0.00000000000000, 0.00751555183029, 2.63890248835334, 0.00000000000000, 2.64604665006405,16.26346482288462,    0.00000000000000,
  132,    1, 0.41093750000000, 0.00156250000000, 2.64319873587954, 0.00723838398283, 2.63596035189671, 0.00285086250369,-0.00000000000000, 0.00751476052845, 2.64074081074162, 0.00000000000000, 2.64797919472445,15.76581951612465,    0.00000000000000,
  132,    2, 0.41093750000000, 0.00468750000000, 2.64319873587954, 0.00723838398283, 2.63596035189671, 0.00285086250369,-0.00000000000000, 0.00751476052845, 2.64074081074162, 0.00000000000000, 2.64797919472445,15.76581951612465,    0.00000000000000,
  132,    3, 0.41093750000000, 0.00781250000000, 2.64319873587954, 0.00723838398283, 2.63596035189671, 0.00285086250369,-0.00000000000000, 0.00751476052845, 2.64074081074162, 0.00000000000000, 2.64797919472445,15.76581951612465,    0.00000000000000,
  132,    4, 0.41093750000000, 0.01093750000000, 2.64319873587954, 0.00723838398283, 2.63596035189671, 0.00285086250369,-0.00000000000000, 0.00751476052845, 2.64074081074162, 0.00000000000000, 2.64797919472445,15.76581951612465,    0.00000000000000,
  132,    5, 0.41093750000000, 0.01406250000000, 2.64319873587954, 0.00723838398283, 2.63596035189671, 0.00285086250369,-0.00000000000000, 0.00751476052845, 2.64074081074162, 0.00000000000000, 2.64797919472445,15.76581951612465,    0.00000000000000,
  133,    1, 0.41406250000000, 0.00156250000000, 2.64507334196656, 0.00733287242525, 2.63774046954131, 0.00284863881181, 0.00000000000000, 0.00751396987701, 2.64251737719696, 0.00000000000000, 2.64985024962221,15.26558821617008,    0.00000000000000,
  133,    2, 0.41406250000000, 0.00468750000000, 2.64507334196656, 0.00733287242525, 2.63774046954131, 0.00284863881181, 0.00000000000000, 0.00751396987701, 2.64251737719696, 0.00000000000000, 2.64985024962221,15.26558821617008,    0.00000000000000,
  133,    3, 0.41406250000000, 0.00781250000000, 2.64507334196656, 0.00733287242525, 2.63774046954131, 0.00284863881181, 0.00000000000000, 0.00751396987701, 2.64251737719696, 0.00000000000000, 2.64985024962221,15.26558821617008,    0.00000000000000,
  133,    4, 0.41406250000000, 0.01093750000000, 2.64507334196656, 0.00733287242525, 2.63774046954131, 0.00284863881181, 0.00000000000000, 0.00751396987701, 2.64251737719696, 0.00000000000000, 2.64985024962221,15.26558821617008,    0.00000000000000,
  133,    5, 0.41406250000000, 0.01406250000000, 2.64507334196656, 0.00733287242525, 2.63774046954131, 0.00284863881181, 0.00000000000000, 0.00751396987701, 2.64251737719696, 0.00000000000000, 2.64985024962221,15.26558821617008,    0.00000000000000,
  134,    1, 0.41718750000000, 0.00156250000000, 2.64688615785409, 0.00742761793098, 2.63945853992311, 0.00284648527250, 0.00000000000000, 0.00751317986126, 2.64423201649018, 0.00000000000000, 2.65165963442116,14.76285198278572,    0.00000000000000,
  134,    2, 0.41718750000000, 0.00468750000000, 2.64688615785409, 0.00742761793098, 2.63945853992311, 0.00284648527250, 0.00000000000000, 0.00751317986126, 2.64423201649018, 0.00000000000000, 2.65165963442116,14.76285198278572,    0.00000000000000,
  134,    3, 0.41718750000000, 0.00781250000000, 2.64688615785409, 0.00742761793098, 2.63945853992311, 0.00284648527250, 0.00000000000000, 0.00751317986126, 2.64423201649018, 0.00000000000000, 2.65165963442116,14.76285198278572,    0.00000000000000,
  134,    4, 0.41718750000000, 0.01093750000000, 2.64688615785409, 0.00742761793098, 2.63945853992311, 0.00284648527250, 0.00000000000000, 0.00751317986126, 2.64423201649018, 0.00000000000000, 2.65165963442116,14.76285198278572,    0.00000000000000,
  134,    5, 0.41718750000000, 0.01406250000000, 2.64688615785409, 0.00742761793098, 2.63945853992311, 0.00284648527250, 0.00000000000000, 0.00751317986126, 2.64423201649018, 0.00000000000000, 2.65165963442116,14.76285198278572,    0.00000000000000,
  135,    1, 0.42031250000000, 0.00156250000000, 2.64863700929301, 0.00752261136824, 2.64111439792477, 0.00284440176905,-0.00000000000000, 0.00751239046573, 2.64588456336079, 0.00000000000000, 2.65340717472904,14.25769251945833,    0.00000000000000,
  135,    2, 0.42031250000000, 0.00468750000000, 2.64863700929301, 0.00752261136824, 2.64111439792477, 0.00284440176905,-0.00000000000000, 0.00751239046573, 2.64588456336079, 0.00000000000000, 2.65340717472904,14.25769251945833,    0.00000000000000,
  135,    3, 0.42031250000000, 0.00781250000000, 2.64863700929301, 0.00752261136824, 2.64111439792477, 0.00284440176905,-0.00000000000000, 0.00751239046573, 2.64588456336079, 0.00000000000000, 2.65340717472904,14.25769251945833,    0.00000000000000,
  135,    4, 0.42031250000000, 0.01093750000000, 2.64863700929301, 0.00752261136824, 2.64111439792477, 0.00284440176905,-0.00000000000000, 0.00751239046573, 2.64588456336079, 0.00000000000000, 2.65340717472904,14.25769251945833,    0.00000000000000,
  135,    5, 0.42031250000000, 0.01406250000000, 2.64863700929301, 0.00752261136824, 2.64111439792477, 0.00284440176905,-0.00000000000000, 0.00751239046573, 2.64588456336079, 0.00000000000000, 2.65340717472904,14.25769251945833,    0.00000000000000,
  136,    1, 0.42343750000000, 0.00156250000000, 2.65032572798997, 0.00761784358138, 2.64270788440859, 0.00284238818773,-0.00000000000000, 0.00751160167427, 2.64747485853287, 0.00000000000000, 2.65509270211426,13.75019215270391,    0.00000000000000,
  136,    2, 0.42343750000000, 0.00468750000000, 2.65032572798997, 0.00761784358138, 2.64270788440859, 0.00284238818773,-0.00000000000000, 0.00751160167427, 2.64747485853287, 0.00000000000000, 2.65509270211426,13.75019215270391,    0.00000000000000,
  136,    3, 0.42343750000000, 0.00781250000000, 2.65032572798997, 0.00761784358138, 2.64270788440859, 0.00284238818773,-0.00000000000000, 0.00751160167427, 2.64747485853287, 0.00000000000000, 2.65509270211426,13.75019215270391,    0.00000000000000,
  136,    4, 0.42343750000000, 0.01093750000000, 2.65032572798997, 0.00761784358138, 2.64270788440859, 0.00284238818773,-0.00000000000000, 0.00751160167427, 2.64747485853287, 0.00000000000000, 2.65509270211426,13.75019215270391,    0.00000000000000,
  136,    5, 0.42343750000000, 0.01406250000000, 2.65032572798997, 0.00761784358138, 2.64270788440859, 0.00284238818773,-0.00000000000000, 0.00751160167427, 2.64747485853287, 0.00000000000000, 2.65509270211426,13.75019215270391,    0.00000000000000,
  137,    1, 0.42656250000000, 0.00156250000000, 2.65195215162362, 0.00771330539171, 2.64423884623191, 0.00284044441778, 0.00000000000000, 0.00751081347006, 2.64900274873047, 0.00000000000000, 2.65671605412219,13.24043381116466,    0.00000000000000,
  137,    2, 0.42656250000000, 0.00468750000000, 2.65195215162362, 0.00771330539171, 2.64423884623191, 0.00284044441778, 0.00000000000000, 0.00751081347006, 2.64900274873047, 0.00000000000000, 2.65671605412219,13.24043381116466,    0.00000000000000,
  137,    3, 0.42656250000000, 0.00781250000000, 2.65195215162362, 0.00771330539171, 2.64423884623191, 0.00284044441778, 0.00000000000000, 0.00751081347006, 2.64900274873047, 0.00000000000000, 2.65671605412219,13.24043381116466,    0.00000000000000,
  137,    4, 0.42656250000000, 0.01093750000000, 2.65195215162362, 0.00771330539171, 2.64423884623191, 0.00284044441778, 0.00000000000000, 0.00751081347006, 2.64900274873047, 0.00000000000000, 2.65671605412219,13.24043381116466,    0.00000000000000,
  137,    5, 0.42656250000000, 0.01406250000000, 2.65195215162362, 0.00771330539171, 2.64423884623191, 0.00284044441778, 0.00000000000000, 0.00751081347006, 2.64900274873047, 0.00000000000000, 2.65671605412219,13.24043381116466,    0.00000000000000,
  138,    1, 0.42968750000000, 0.00156250000000, 2.65351612386032, 0.00780898759843, 2.64570713626189, 0.00283857035145,-0.00000000000000, 0.00751002583562, 2.65046808669235, 0.00000000000000, 2.65827707429078,12.72850100450289,    0.00000000000000,
  138,    2, 0.42968750000000, 0.00468750000000, 2.65351612386032, 0.00780898759843, 2.64570713626189, 0.00283857035145,-0.00000000000000, 0.00751002583562, 2.65046808669235, 0.00000000000000, 2.65827707429078,12.72850100450289,    0.00000000000000,
  138,    3, 0.42968750000000, 0.00781250000000, 2.65351612386032, 0.00780898759843, 2.64570713626189, 0.00283857035145,-0.00000000000000, 0.00751002583562, 2.65046808669235, 0.00000000000000, 2.65827707429078,12.72850100450289,    0.00000000000000,
  138,    4, 0.42968750000000, 0.01093750000000, 2.65351612386032, 0.00780898759843, 2.64570713626189, 0.00283857035145,-0.00000000000000, 0.00751002583562, 2.65046808669235, 0.00000000000000, 2.65827707429078,12.72850100450289,    0.00000000000000,
  138,    5, 0.42968750000000, 0.01406250000000, 2.65351612386032, 0.00780898759843, 2.64570713626189, 0.00283857035145,-0.00000000000000, 0.00751002583562, 2.65046808669235, 0.00000000000000, 2.65827707429078,12.72850100450289,    0.00000000000000,
  139,    1, 0.43281250000000, 0.00156250000000, 2.65501749436899, 0.00790488097948, 2.64711261338951, 0.00283676588404, 0.00000000000000, 0.00750923875287, 2.65187073118619, 0.00000000000000, 2.65977561216567,12.21447780209876,    0.00000000000000,
  139,    2, 0.43281250000000, 0.00468750000000, 2.65501749436899, 0.00790488097948, 2.64711261338951, 0.00283676588404, 0.00000000000000, 0.00750923875287, 2.65187073118619, 0.00000000000000, 2.65977561216567,12.21447780209876,    0.00000000000000,
  139,    3, 0.43281250000000, 0.00781250000000, 2.65501749436899, 0.00790488097948, 2.64711261338951, 0.00283676588404, 0.00000000000000, 0.00750923875287, 2.65187073118619, 0.00000000000000, 2.65977561216567,12.21447780209876,    0.00000000000000,
  139,    4, 0.43281250000000, 0.01093750000000, 2.65501749436899, 0.00790488097948, 2.64711261338951, 0.00283676588404, 0.00000000000000, 0.00750923875287, 2.65187073118619, 0.00000000000000, 2.65977561216567,12.21447780209876,    0.00000000000000,
  139,    5, 0.43281250000000, 0.01406250000000, 2.65501749436899, 0.00790488097948, 2.64711261338951, 0.00283676588404, 0.00000000000000, 0.00750923875287, 2.65187073118619, 0.00000000000000, 2.65977561216567,12.21447780209876,    0.00000000000000,
  140,    1, 0.43593750000000, 0.00156250000000, 2.65645611883589, 0.00800097629247, 2.64845514254343, 0.00283503091386,-0.00000000000000, 0.00750845220309, 2.65321054702218, 0.00000000000000, 2.66121152331465,11.69844881155907,    0.00000000000000,
  140,    2, 0.43593750000000, 0.00468750000000, 2.65645611883589, 0.00800097629247, 2.64845514254343, 0.00283503091386,-0.00000000000000, 0.00750845220309, 2.65321054702218, 0.00000000000000, 2.66121152331465,11.69844881155907,    0.00000000000000,
  140,    3, 0.43593750000000, 0.00781250000000, 2.65645611883589, 0.00800097629247, 2.64845514254343, 0.00283503091386,-0.00000000000000, 0.00750845220309, 2.65321054702218, 0.00000000000000, 2.66121152331465,11.69844881155907,    0.00000000000000,
  140,    4, 0.43593750000000, 0.01093750000000, 2.65645611883589, 0.00800097629247, 2.64845514254343, 0.00283503091386,-0.00000000000000, 0.00750845220309, 2.65321054702218, 0.00000000000000, 2.66121152331465,11.69844881155907,    0.00000000000000,
  140,    5, 0.43593750000000, 0.01406250000000, 2.65645611883589, 0.00800097629247, 2.64845514254343, 0.00283503091386,-0.00000000000000, 0.00750845220309, 2.65321054702218, 0.00000000000000, 2.66121152331465,11.69844881155907,    0.00000000000000,
  141,    1, 0.43906250000000, 0.00156250000000, 2.65783185897815, 0.00809726427552, 2.64973459470263, 0.00283336534235, 0.00000000000000, 0.00750766616705, 2.65448740506610, 0.00000000000000, 2.66258466934162,11.18049915704447,    0.00000000000000,
  141,    2, 0.43906250000000, 0.00468750000000, 2.65783185897815, 0.00809726427552, 2.64973459470263, 0.00283336534235, 0.00000000000000, 0.00750766616705, 2.65448740506610, 0.00000000000000, 2.66258466934162,11.18049915704447,    0.00000000000000,
  141,    3, 0.43906250000000, 0.00781250000000, 2.65783185897815, 0.00809726427552, 2.64973459470263, 0.00283336534235, 0.00000000000000, 0.00750766616705, 2.65448740506610, 0.00000000000000, 2.66258466934162,11.18049915704447,    0.00000000000000,
  141,    4, 0.43906250000000, 0.01093750000000, 2.65783185897815, 0.00809726427552, 2.64973459470263, 0.00283336534235, 0.00000000000000, 0.00750766616705, 2.65448740506610, 0.00000000000000, 2.66258466934162,11.18049915704447,    0.00000000000000,
  141,    5, 0.43906250000000, 0.01406250000000, 2.65783185897815, 0.00809726427552, 2.64973459470263, 0.00283336534235, 0.00000000000000, 0.00750766616705, 2.65448740506610, 0.00000000000000, 2.66258466934162,11.18049915704447,    0.00000000000000,
  142,    1, 0.44218750000000, 0.00156250000000, 2.65914458255736, 0.00819373564820, 2.65095084690916, 0.00283176907398, 0.00000000000000, 0.00750688062491, 2.65570118225171, 0.00000000000000, 2.66389491789991,10.66071445742206,    0.00000000000000,
  142,    2, 0.44218750000000, 0.00468750000000, 2.65914458255736, 0.00819373564820, 2.65095084690916, 0.00283176907398, 0.00000000000000, 0.00750688062491, 2.65570118225171, 0.00000000000000, 2.66389491789991,10.66071445742206,    0.00000000000000,
  142,    3, 0.44218750000000, 0.00781250000000, 2.65914458255736, 0.00819373564820, 2.65095084690916, 0.00283176907398, 0.00000000000000, 0.00750688062491, 2.65570118225171, 0.00000000000000, 2.66389491789991,10.66071445742206,    0.00000000000000,
  142,    4, 0.44218750000000, 0.01093750000000, 2.65914458255736, 0.00819373564820, 2.65095084690916, 0.00283176907398, 0.00000000000000, 0.00750688062491, 2.65570118225171, 0.00000000000000, 2.66389491789991,10.66071445742206,    0.00000000000000,
  142,    5, 0.44218750000000, 0.01406250000000, 2.65914458255736, 0.00819373564820, 2.65095084690916, 0.00283176907398, 0.00000000000000, 0.00750688062491, 2.65570118225171, 0.00000000000000, 2.66389491789991,10.66071445742206,    0.00000000000000,
  143,    1, 0.44531250000000, 0.00156250000000, 2.66039416339217, 0.00829038111240, 2.65210378227977, 0.00283024201636,-0.00000000000000, 0.00750609555635, 2.65685176159263, 0.00000000000000, 2.66514214270502,10.13918080425121,    0.00000000000000,
  143,    2, 0.44531250000000, 0.00468750000000, 2.66039416339217, 0.00829038111240, 2.65210378227977, 0.00283024201636,-0.00000000000000, 0.00750609555635, 2.65685176159263, 0.00000000000000, 2.66514214270502,10.13918080425121,    0.00000000000000,
  143,    3, 0.44531250000000, 0.00781250000000, 2.66039416339217, 0.00829038111240, 2.65210378227977, 0.00283024201636,-0.00000000000000, 0.00750609555635, 2.65685176159263, 0.00000000000000, 2.66514214270502,10.13918080425121,    0.00000000000000,
  143,    4, 0.44531250000000, 0.01093750000000, 2.66039416339217, 0.00829038111240, 2.65210378227977, 0.00283024201636,-0.00000000000000, 0.00750609555635, 2.65685176159263, 0.00000000000000, 2.66514214270502,10.13918080425121,    0.00000000000000,
  143,    5, 0.44531250000000, 0.01406250000000, 2.66039416339217, 0.00829038111240, 2.65210378227977, 0.00283024201636,-0.00000000000000, 0.00750609555635, 2.65685176159263, 0.00000000000000, 2.66514214270502,10.13918080425121,    0.00000000000000,
  144,    1, 0.44843750000000, 0.00156250000000, 2.66158048137043, 0.00838719135322, 2.65319329001721, 0.00282878408022, 0.00000000000000, 0.00750531094055, 2.65793903219363, 0.00000000000000, 2.66632622354685, 9.61598473960955,    0.00000000000000,
  144,    2, 0.44843750000000, 0.00468750000000, 2.66158048137043, 0.00838719135322, 2.65319329001721, 0.00282878408022, 0.00000000000000, 0.00750531094055, 2.65793903219363, 0.00000000000000, 2.66632622354685, 9.61598473960955,    0.00000000000000,
  144,    3, 0.44843750000000, 0.00781250000000, 2.66158048137043, 0.00838719135322, 2.65319329001721, 0.00282878408022, 0.00000000000000, 0.00750531094055, 2.65793903219363, 0.00000000000000, 2.66632622354685, 9.61598473960955,    0.00000000000000,
  144,    4, 0.44843750000000, 0.01093750000000, 2.66158048137043, 0.00838719135322, 2.65319329001721, 0.00282878408022, 0.00000000000000, 0.00750531094055, 2.65793903219363, 0.00000000000000, 2.66632622354685, 9.61598473960955,    0.00000000000000,
  144,    5, 0.44843750000000, 0.01406250000000, 2.66158048137043, 0.00838719135322, 2.65319329001721, 0.00282878408022, 0.00000000000000, 0.00750531094055, 2.65793903219363, 0.00000000000000, 2.66632622354685, 9.61598473960955,    0.00000000000000,
  145,    1, 0.45156250000000, 0.00156250000000, 2.66270342246082, 0.00848415703990, 2.65421926542092, 0.00282739517943, 0.00000000000000, 0.00750452675620, 2.65896288926131, 0.00000000000000, 2.66744704630121, 9.09121323376704,    0.00000000000000,
  145,    2, 0.45156250000000, 0.00468750000000, 2.66270342246082, 0.00848415703990, 2.65421926542092, 0.00282739517943, 0.00000000000000, 0.00750452675620, 2.65896288926131, 0.00000000000000, 2.66744704630121, 9.09121323376704,    0.00000000000000,
  145,    3, 0.45156250000000, 0.00781250000000, 2.66270342246082, 0.00848415703990, 2.65421926542092, 0.00282739517943, 0.00000000000000, 0.00750452675620, 2.65896288926131, 0.00000000000000, 2.66744704630121, 9.09121323376704,    0.00000000000000,
  145,    4, 0.45156250000000, 0.01093750000000, 2.66270342246082, 0.00848415703990, 2.65421926542092, 0.00282739517943, 0.00000000000000, 0.00750452675620, 2.65896288926131, 0.00000000000000, 2.66744704630121, 9.09121323376704,    0.00000000000000,
  145,    5, 0.45156250000000, 0.01406250000000, 2.66270342246082, 0.00848415703990, 2.65421926542092, 0.00282739517943, 0.00000000000000, 0.00750452675620, 2.65896288926131, 0.00000000000000, 2.66744704630121, 9.09121323376704,    0.00000000000000,
  146,    1, 0.45468750000000, 0.00156250000000, 2.66376287872381, 0.00858126882668, 2.65518160989713, 0.00282607523101, 0.00000000000000, 0.00750374298156, 2.65992323411420, 0.00000000000000, 2.66850450294088, 8.56495366271523,    0.00000000000000,
  146,    2, 0.45468750000000, 0.00468750000000, 2.66376287872381, 0.00858126882668, 2.65518160989713, 0.00282607523101, 0.00000000000000, 0.00750374298156, 2.65992323411420, 0.00000000000000, 2.66850450294088, 8.56495366271523,    0.00000000000000,
  146,    3, 0.45468750000000, 0.00781250000000, 2.66376287872381, 0.00858126882668, 2.65518160989713, 0.00282607523101, 0.00000000000000, 0.00750374298156, 2.65992323411420, 0.00000000000000, 2.66850450294088, 8.56495366271523,    0.00000000000000,
  146,    4, 0.45468750000000, 0.01093750000000, 2.66376287872381, 0.00858126882668, 2.65518160989713, 0.00282607523101, 0.00000000000000, 0.00750374298156, 2.65992323411420, 0.00000000000000, 2.66850450294088, 8.56495366271523,    0.00000000000000,
  146,    5, 0.45468750000000, 0.01406250000000, 2.66376287872381, 0.00858126882668, 2.65518160989713, 0.00282607523101, 0.00000000000000, 0.00750374298156, 2.65992323411420, 0.00000000000000, 2.66850450294088, 8.56495366271523,    0.00000000000000,
  147,    1, 0.45781250000000, 0.00156250000000, 2.66475874832194, 0.00867851735372, 2.65608023096822, 0.00282482415515, 0.00000000000000, 0.00750295959445, 2.66081997419226, 0.00000000000000, 2.66949849154598, 8.03729378555980,    0.00000000000000,
  147,    2, 0.45781250000000, 0.00468750000000, 2.66475874832194, 0.00867851735372, 2.65608023096822, 0.00282482415515, 0.00000000000000, 0.00750295959445, 2.66081997419226, 0.00000000000000, 2.66949849154598, 8.03729378555980,    0.00000000000000,
  147,    3, 0.45781250000000, 0.00781250000000, 2.66475874832194, 0.00867851735372, 2.65608023096822, 0.00282482415515, 0.00000000000000, 0.00750295959445, 2.66081997419226, 0.00000000000000, 2.66949849154598, 8.03729378555980,    0.00000000000000,
  147,    4, 0.45781250000000, 0.01093750000000, 2.66475874832194, 0.00867851735372, 2.65608023096822, 0.00282482415515, 0.00000000000000, 0.00750295959445, 2.66081997419226, 0.00000000000000, 2.66949849154598, 8.03729378555980,    0.00000000000000,
  147,    5, 0.45781250000000, 0.01406250000000, 2.66475874832194, 0.00867851735372, 2.65608023096822, 0.00282482415515, 0.00000000000000, 0.00750295959445, 2.66081997419226, 0.00000000000000, 2.66949849154598, 8.03729378555980,    0.00000000000000,
  148,    1, 0.46093750000000, 0.00156250000000, 2.66569093552983, 0.00877589324801, 2.65691504228182, 0.00282364187523, 0.00000000000000, 0.00750217657231, 2.66165302306581, 0.00000000000000, 2.67042891631381, 7.50832172178357,    0.00000000000000,
  148,    2, 0.46093750000000, 0.00468750000000, 2.66569093552983, 0.00877589324801, 2.65691504228182, 0.00282364187523, 0.00000000000000, 0.00750217657231, 2.66165302306581, 0.00000000000000, 2.67042891631381, 7.50832172178357,    0.00000000000000,
  148,    3, 0.46093750000000, 0.00781250000000, 2.66569093552983, 0.00877589324801, 2.65691504228182, 0.00282364187523, 0.00000000000000, 0.00750217657231, 2.66165302306581, 0.00000000000000, 2.67042891631381, 7.50832172178357,    0.00000000000000,
  148,    4, 0.46093750000000, 0.01093750000000, 2.66569093552983, 0.00877589324801, 2.65691504228182, 0.00282364187523, 0.00000000000000, 0.00750217657231, 2.66165302306581, 0.00000000000000, 2.67042891631381, 7.50832172178357,    0.00000000000000,
  148,    5, 0.46093750000000, 0.01406250000000, 2.66569093552983, 0.00877589324801, 2.65691504228182, 0.00282364187523, 0.00000000000000, 0.00750217657231, 2.66165302306581, 0.00000000000000, 2.67042891631381, 7.50832172178357,    0.00000000000000,
  149,    1, 0.46406250000000, 0.00156250000000, 2.66655935074317, 0.00887338712425, 2.65768596361892, 0.00282252831783, 0.00000000000000, 0.00750139389221, 2.66242230044387, 0.00000000000000, 2.67129568756812, 6.97812592838794,    0.00000000000000,
  149,    2, 0.46406250000000, 0.00468750000000, 2.66655935074317, 0.00887338712425, 2.65768596361892, 0.00282252831783, 0.00000000000000, 0.00750139389221, 2.66242230044387, 0.00000000000000, 2.67129568756812, 6.97812592838794,    0.00000000000000,
  149,    3, 0.46406250000000, 0.00781250000000, 2.66655935074317, 0.00887338712425, 2.65768596361892, 0.00282252831783, 0.00000000000000, 0.00750139389221, 2.66242230044387, 0.00000000000000, 2.67129568756812, 6.97812592838794,    0.00000000000000,
  149,    4, 0.46406250000000, 0.01093750000000, 2.66655935074317, 0.00887338712425, 2.65768596361892, 0.00282252831783, 0.00000000000000, 0.00750139389221, 2.66242230044387, 0.00000000000000, 2.67129568756812, 6.97812592838794,    0.00000000000000,
  149,    5, 0.46406250000000, 0.01406250000000, 2.66655935074317, 0.00887338712425, 2.65768596361892, 0.00282252831783, 0.00000000000000, 0.00750139389221, 2.66242230044387, 0.00000000000000, 2.67129568756812, 6.97812592838794,    0.00000000000000,
  150,    1, 0.46718750000000, 0.00156250000000, 2.66736391048751, 0.00897098958579, 2.65839292090171, 0.00282148341274, 0.00000000000000, 0.00750061153086, 2.66312773218188, 0.00000000000000, 2.67209872176767, 6.44679517692054,    0.00000000000000,
  150,    2, 0.46718750000000, 0.00468750000000, 2.66736391048751, 0.00897098958579, 2.65839292090171, 0.00282148341274, 0.00000000000000, 0.00750061153086, 2.66312773218188, 0.00000000000000, 2.67209872176767, 6.44679517692054,    0.00000000000000,
  150,    3, 0.46718750000000, 0.00781250000000, 2.66736391048751, 0.00897098958579, 2.65839292090171, 0.00282148341274, 0.00000000000000, 0.00750061153086, 2.66312773218188, 0.00000000000000, 2.67209872176767, 6.44679517692054,    0.00000000000000,
  150,    4, 0.46718750000000, 0.01093750000000, 2.66736391048751, 0.00897098958579, 2.65839292090171, 0.00282148341274, 0.00000000000000, 0.00750061153086, 2.66312773218188, 0.00000000000000, 2.67209872176767, 6.44679517692054,    0.00000000000000,
  150,    5, 0.46718750000000, 0.01406250000000, 2.66736391048751, 0.00897098958579, 2.65839292090171, 0.00282148341274, 0.00000000000000, 0.00750061153086, 2.66312773218188, 0.00000000000000, 2.67209872176767, 6.44679517692054,    0.00000000000000,
  151,    1, 0.47031250000000, 0.00156250000000, 2.66810453742620, 0.00906869122550, 2.65903584620070, 0.00282050709296, 0.00000000000000, 0.00749982946464, 2.66376925028887, 0.00000000000000, 2.67283794151437, 5.91441853039654,    0.00000000000000,
  151,    2, 0.47031250000000, 0.00468750000000, 2.66810453742620, 0.00906869122550, 2.65903584620070, 0.00282050709296, 0.00000000000000, 0.00749982946464, 2.66376925028887, 0.00000000000000, 2.67283794151437, 5.91441853039654,    0.00000000000000,
  151,    3, 0.47031250000000, 0.00781250000000, 2.66810453742620, 0.00906869122550, 2.65903584620070, 0.00282050709296, 0.00000000000000, 0.00749982946464, 2.66376925028887, 0.00000000000000, 2.67283794151437, 5.91441853039654,    0.00000000000000,
  151,    4, 0.47031250000000, 0.01093750000000, 2.66810453742620, 0.00906869122550, 2.65903584620070, 0.00282050709296, 0.00000000000000, 0.00749982946464, 2.66376925028887, 0.00000000000000, 2.67283794151437, 5.91441853039654,    0.00000000000000,
  151,    5, 0.47031250000000, 0.01406250000000, 2.66810453742620, 0.00906869122550, 2.65903584620070, 0.00282050709296, 0.00000000000000, 0.00749982946464, 2.66376925028887, 0.00000000000000, 2.67283794151437, 5.91441853039654,    0.00000000000000,
  152,    1, 0.47343750000000, 0.00156250000000, 2.66878116036792, 0.00916648262668, 2.65961467774124, 0.00281959929475, 0.00000000000000, 0.00749904766966, 2.66434679293398, 0.00000000000000, 2.67351327556066, 5.38108532012190,    0.00000000000000,
  152,    2, 0.47343750000000, 0.00468750000000, 2.66878116036792, 0.00916648262668, 2.65961467774124, 0.00281959929475, 0.00000000000000, 0.00749904766966, 2.66434679293398, 0.00000000000000, 2.67351327556066, 5.38108532012190,    0.00000000000000,
  152,    3, 0.47343750000000, 0.00781250000000, 2.66878116036792, 0.00916648262668, 2.65961467774124, 0.00281959929475, 0.00000000000000, 0.00749904766966, 2.66434679293398, 0.00000000000000, 2.67351327556066, 5.38108532012190,    0.00000000000000,
  152,    4, 0.47343750000000, 0.01093750000000, 2.66878116036792, 0.00916648262668, 2.65961467774124, 0.00281959929475, 0.00000000000000, 0.00749904766966, 2.66434679293398, 0.00000000000000, 2.67351327556066, 5.38108532012190,    0.00000000000000,
  152,    5, 0.47343750000000, 0.01406250000000, 2.66878116036792, 0.00916648262668, 2.65961467774124, 0.00281959929475, 0.00000000000000, 0.00749904766966, 2.66434679293398, 0.00000000000000, 2.67351327556066, 5.38108532012190,    0.00000000000000,
  153,    1, 0.47656250000000, 0.00156250000000, 2.66939371427341, 0.00926435436400, 2.66012935990941, 0.00281875995759,-0.00000000000000, 0.00749826612172, 2.66486030445246, 0.00000000000000, 2.67412465881646, 4.84688512242607,    0.00000000000000,
  153,    2, 0.47656250000000, 0.00468750000000, 2.66939371427341, 0.00926435436400, 2.66012935990941, 0.00281875995759,-0.00000000000000, 0.00749826612172, 2.66486030445246, 0.00000000000000, 2.67412465881646, 4.84688512242607,    0.00000000000000,
  153,    3, 0.47656250000000, 0.00781250000000, 2.66939371427341, 0.00926435436400, 2.66012935990941, 0.00281875995759,-0.00000000000000, 0.00749826612172, 2.66486030445246, 0.00000000000000, 2.67412465881646, 4.84688512242607,    0.00000000000000,
  153,    4, 0.47656250000000, 0.01093750000000, 2.66939371427341, 0.00926435436400, 2.66012935990941, 0.00281875995759,-0.00000000000000, 0.00749826612172, 2.66486030445246, 0.00000000000000, 2.67412465881646, 4.84688512242607,    0.00000000000000,
  153,    5, 0.47656250000000, 0.01406250000000, 2.66939371427341, 0.00926435436400, 2.66012935990941, 0.00281875995759,-0.00000000000000, 0.00749826612172, 2.66486030445246, 0.00000000000000, 2.67412465881646, 4.84688512242607,    0.00000000000000,
  154,    1, 0.47968750000000, 0.00156250000000, 2.66994214026181, 0.00936229700438, 2.66057984325743, 0.00281798902424, 0.00000000000000, 0.00749748479641, 2.66530973535099, 0.00000000000000, 2.67467203235537, 4.31190773531220,    0.00000000000000,
  154,    2, 0.47968750000000, 0.00468750000000, 2.66994214026181, 0.00936229700438, 2.66057984325743, 0.00281798902424, 0.00000000000000, 0.00749748479641, 2.66530973535099, 0.00000000000000, 2.67467203235537, 4.31190773531220,    0.00000000000000,
  154,    3, 0.47968750000000, 0.00781250000000, 2.66994214026181, 0.00936229700438, 2.66057984325743, 0.00281798902424, 0.00000000000000, 0.00749748479641, 2.66530973535099, 0.00000000000000, 2.67467203235537, 4.31190773531220,    0.00000000000000,
  154,    4, 0.47968750000000, 0.01093750000000, 2.66994214026181, 0.00936229700438, 2.66057984325743, 0.00281798902424, 0.00000000000000, 0.00749748479641, 2.66530973535099, 0.00000000000000, 2.67467203235537, 4.31190773531220,    0.00000000000000,
  154,    5, 0.47968750000000, 0.01406250000000, 2.66994214026181, 0.00936229700438, 2.66057984325743, 0.00281798902424, 0.00000000000000, 0.00749748479641, 2.66530973535099, 0.00000000000000, 2.67467203235537, 4.31190773531220,    0.00000000000000,
  155,    1, 0.48281250000000, 0.00156250000000, 2.67042638561642, 0.00946030110790, 2.66096608450851, 0.00281728644070, 0.00000000000000, 0.00749670366906, 2.66569504231249, 0.00000000000000, 2.67515534342040, 3.77624315503269,    0.00000000000000,
  155,    2, 0.48281250000000, 0.00468750000000, 2.67042638561642, 0.00946030110790, 2.66096608450851, 0.00281728644070, 0.00000000000000, 0.00749670366906, 2.66569504231249, 0.00000000000000, 2.67515534342040, 3.77624315503269,    0.00000000000000,
  155,    3, 0.48281250000000, 0.00781250000000, 2.67042638561642, 0.00946030110790, 2.66096608450851, 0.00281728644070, 0.00000000000000, 0.00749670366906, 2.66569504231249, 0.00000000000000, 2.67515534342040, 3.77624315503269,    0.00000000000000,
  155,    4, 0.48281250000000, 0.01093750000000, 2.67042638561642, 0.00946030110790, 2.66096608450851, 0.00281728644070, 0.00000000000000, 0.00749670366906, 2.66569504231249, 0.00000000000000, 2.67515534342040, 3.77624315503269,    0.00000000000000,
  155,    5, 0.48281250000000, 0.01406250000000, 2.67042638561642, 0.00946030110790, 2.66096608450851, 0.00281728644070, 0.00000000000000, 0.00749670366906, 2.66569504231249, 0.00000000000000, 2.67515534342040, 3.77624315503269,    0.00000000000000,
  156,    1, 0.48593750000000, 0.00156250000000, 2.67084640378954, 0.00955835722873, 2.66128804656081, 0.00281665215628, 0.00000000000000, 0.00749592271482, 2.66601618820027, 0.00000000000000, 2.67557454542900, 3.23998155259820,    0.00000000000000,
  156,    2, 0.48593750000000, 0.00468750000000, 2.67084640378954, 0.00955835722873, 2.66128804656081, 0.00281665215628, 0.00000000000000, 0.00749592271482, 2.66601618820027, 0.00000000000000, 2.67557454542900, 3.23998155259820,    0.00000000000000,
  156,    3, 0.48593750000000, 0.00781250000000, 2.67084640378954, 0.00955835722873, 2.66128804656081, 0.00281665215628, 0.00000000000000, 0.00749592271482, 2.66601618820027, 0.00000000000000, 2.67557454542900, 3.23998155259820,    0.00000000000000,
  156,    4, 0.48593750000000, 0.01093750000000, 2.67084640378954, 0.00955835722873, 2.66128804656081, 0.00281665215628, 0.00000000000000, 0.00749592271482, 2.66601618820027, 0.00000000000000, 2.67557454542900, 3.23998155259820,    0.00000000000000,
  156,    5, 0.48593750000000, 0.01406250000000, 2.67084640378954, 0.00955835722873, 2.66128804656081, 0.00281665215628, 0.00000000000000, 0.00749592271482, 2.66601618820027, 0.00000000000000, 2.67557454542900, 3.23998155259820,    0.00000000000000,
  157,    1, 0.48906250000000, 0.00156250000000, 2.67120215440716, 0.00965645591600, 2.66154569849115, 0.00281608612353, 0.00000000000000, 0.00749514190865, 2.66627314206163, 0.00000000000000, 2.67592959797763, 2.70321325022777,    0.00000000000000,
  157,    2, 0.48906250000000, 0.00468750000000, 2.67120215440716, 0.00965645591600, 2.66154569849115, 0.00281608612353, 0.00000000000000, 0.00749514190865, 2.66627314206163, 0.00000000000000, 2.67592959797763, 2.70321325022777,    0.00000000000000,
  157,    3, 0.48906250000000, 0.00781250000000, 2.67120215440716, 0.00965645591600, 2.66154569849115, 0.00281608612353, 0.00000000000000, 0.00749514190865, 2.66627314206163, 0.00000000000000, 2.67592959797763, 2.70321325022777,    0.00000000000000,
  157,    4, 0.48906250000000, 0.01093750000000, 2.67120215440716, 0.00965645591600, 2.66154569849115, 0.00281608612353, 0.00000000000000, 0.00749514190865, 2.66627314206163, 0.00000000000000, 2.67592959797763, 2.70321325022777,    0.00000000000000,
  157,    5, 0.48906250000000, 0.01406250000000, 2.67120215440716, 0.00965645591600, 2.66154569849115, 0.00281608612353, 0.00000000000000, 0.00749514190865, 2.66627314206163, 0.00000000000000, 2.67592959797763, 2.70321325022777,    0.00000000000000,
  158,    1, 0.49218750000000, 0.00156250000000, 2.67149360327273, 0.00975458771477, 2.66173901555796, 0.00281558829832, 0.00000000000000, 0.00749436122538, 2.66646587913080, 0.00000000000000, 2.67622046684557, 2.16602869774850,    0.00000000000000,
  158,    2, 0.49218750000000, 0.00468750000000, 2.67149360327273, 0.00975458771477, 2.66173901555796, 0.00281558829832, 0.00000000000000, 0.00749436122538, 2.66646587913080, 0.00000000000000, 2.67622046684557, 2.16602869774850,    0.00000000000000,
  158,    3, 0.49218750000000, 0.00781250000000, 2.67149360327273, 0.00975458771477, 2.66173901555796, 0.00281558829832, 0.00000000000000, 0.00749436122538, 2.66646587913080, 0.00000000000000, 2.67622046684557, 2.16602869774850,    0.00000000000000,
  158,    4, 0.49218750000000, 0.01093750000000, 2.67149360327273, 0.00975458771477, 2.66173901555796, 0.00281558829832, 0.00000000000000, 0.00749436122538, 2.66646587913080, 0.00000000000000, 2.67622046684557, 2.16602869774850,    0.00000000000000,
  158,    5, 0.49218750000000, 0.01406250000000, 2.67149360327273, 0.00975458771477, 2.66173901555796, 0.00281558829832, 0.00000000000000, 0.00749436122538, 2.66646587913080, 0.00000000000000, 2.67622046684557, 2.16602869774850,    0.00000000000000,
  159,    1, 0.49531250000000, 0.00156250000000, 2.67172072237055, 0.00985274316689, 2.66186797920366, 0.00281515863981, 0.00000000000000, 0.00749358063969, 2.66659438083141, 0.00000000000000, 2.67644712399829, 1.62851844895240,    0.00000000000000,
  159,    2, 0.49531250000000, 0.00468750000000, 2.67172072237055, 0.00985274316689, 2.66186797920366, 0.00281515863981, 0.00000000000000, 0.00749358063969, 2.66659438083141, 0.00000000000000, 2.67644712399829, 1.62851844895240,    0.00000000000000,
  159,    3, 0.49531250000000, 0.00781250000000, 2.67172072237055, 0.00985274316689, 2.66186797920366, 0.00281515863981, 0.00000000000000, 0.00749358063969, 2.66659438083141, 0.00000000000000, 2.67644712399829, 1.62851844895240,    0.00000000000000,
  159,    4, 0.49531250000000, 0.01093750000000, 2.67172072237055, 0.00985274316689, 2.66186797920366, 0.00281515863981, 0.00000000000000, 0.00749358063969, 2.66659438083141, 0.00000000000000, 2.67644712399829, 1.62851844895240,    0.00000000000000,
  159,    5, 0.49531250000000, 0.01406250000000, 2.67172072237055, 0.00985274316689, 2.66186797920366, 0.00281515863981, 0.00000000000000, 0.00749358063969, 2.66659438083141, 0.00000000000000, 2.67644712399829, 1.62851844895240,    0.00000000000000,
  160,    1, 0.49843750000000, 0.00156250000000, 2.67188348986830, 0.00995091281192, 2.66193257705638, 0.00281479711047,-0.00000000000000, 0.00749280012616, 2.66665863477817, 0.00000000000000, 2.67660954759009, 1.09077313791863,    0.00000000000000,
  160,    2, 0.49843750000000, 0.00468750000000, 2.67188348986830, 0.00995091281192, 2.66193257705638, 0.00281479711047,-0.00000000000000, 0.00749280012616, 2.66665863477817, 0.00000000000000, 2.67660954759009, 1.09077313791863,    0.00000000000000,
  160,    3, 0.49843750000000, 0.00781250000000, 2.67188348986830, 0.00995091281192, 2.66193257705638, 0.00281479711047,-0.00000000000000, 0.00749280012616, 2.66665863477817, 0.00000000000000, 2.67660954759009, 1.09077313791863,    0.00000000000000,
  160,    4, 0.49843750000000, 0.01093750000000, 2.67188348986830, 0.00995091281192, 2.66193257705638, 0.00281479711047,-0.00000000000000, 0.00749280012616, 2.66665863477817, 0.00000000000000, 2.67660954759009, 1.09077313791863,    0.00000000000000,
  160,    5, 0.49843750000000, 0.01406250000000, 2.67188348986830, 0.00995091281192, 2.66193257705638, 0.00281479711047,-0.00000000000000, 0.00749280012616, 2.66665863477817, 0.00000000000000, 2.67660954759009, 1.09077313791863,    0.00000000000000,
  161,    1, 0.50156250000000, 0.00156250000000, 2.67198189011931, 0.01004908718808, 2.66193280293123, 0.00281450367608, 0.00000000000000, 0.00749201965931, 2.66665863477817, 0.00000000000000, 2.67670772196625, 0.55288345530921,    0.00000000000000,
  161,    2, 0.50156250000000, 0.00468750000000, 2.67198189011931, 0.01004908718808, 2.66193280293123, 0.00281450367608, 0.00000000000000, 0.00749201965931, 2.66665863477817, 0.00000000000000, 2.67670772196625, 0.55288345530921,    0.00000000000000,
  161,    3, 0.50156250000000, 0.00781250000000, 2.67198189011931, 0.01004908718808, 2.66193280293123, 0.00281450367608, 0.00000000000000, 0.00749201965931, 2.66665863477817, 0.00000000000000, 2.67670772196625, 0.55288345530921,    0.00000000000000,
  161,    4, 0.50156250000000, 0.01093750000000, 2.67198189011931, 0.01004908718808, 2.66193280293123, 0.00281450367608, 0.00000000000000, 0.00749201965931, 2.66665863477817, 0.00000000000000, 2.67670772196625, 0.55288345530921,    0.00000000000000,
  161,    5, 0.50156250000000, 0.01406250000000, 2.67198189011931, 0.01004908718808, 2.66193280293123, 0.00281450367608, 0.00000000000000, 0.00749201965931, 2.66665863477817, 0.00000000000000, 2.67670772196625, 0.55288345530921,    0.00000000000000,
  162,    1, 0.50468750000000, 0.00156250000000, 2.67201591366403, 0.01014725683311, 2.66186865683092, 0.00281427830572, 0.00000000000000, 0.00749123921360, 2.66659438083141, 0.00000000000000, 2.67674163766452, 0.01494012464611,    0.00000000000000,
  162,    2, 0.50468750000000, 0.00468750000000, 2.67201591366403, 0.01014725683311, 2.66186865683092, 0.00281427830572, 0.00000000000000, 0.00749123921360, 2.66659438083141, 0.00000000000000, 2.67674163766452, 0.01494012464611,    0.00000000000000,
  162,    3, 0.50468750000000, 0.00781250000000, 2.67201591366403, 0.01014725683311, 2.66186865683092, 0.00281427830572, 0.00000000000000, 0.00749123921360, 2.66659438083141, 0.00000000000000, 2.67674163766452, 0.01494012464611,    0.00000000000000,
  162,    4, 0.50468750000000, 0.01093750000000, 2.67201591366403, 0.01014725683311, 2.66186865683092, 0.00281427830572, 0.00000000000000, 0.00749123921360, 2.66659438083141, 0.00000000000000, 2.67674163766452, 0.01494012464611,    0.00000000000000,
  162,    5, 0.50468750000000, 0.01406250000000, 2.67201591366403, 0.01014725683311, 2.66186865683092, 0.00281427830572, 0.00000000000000, 0.00749123921360, 2.66659438083141, 0.00000000000000, 2.67674163766452, 0.01494012464611,    0.00000000000000,
  163,    1, 0.50781250000000, 0.00156250000000, 2.67198555723087, 0.01024541228523, 2.66174014494564, 0.00281412097182,-0.00000000000000, 0.00749045876343, 2.66646587913080, 0.00000000000000, 2.67671129141603,-0.52296612142197,    0.00000000000000,
  163,    2, 0.50781250000000, 0.00468750000000, 2.67198555723087, 0.01024541228523, 2.66174014494564, 0.00281412097182,-0.00000000000000, 0.00749045876343, 2.66646587913080, 0.00000000000000, 2.67671129141603,-0.52296612142197,    0.00000000000000,
  163,    3, 0.50781250000000, 0.00781250000000, 2.67198555723087, 0.01024541228523, 2.66174014494564, 0.00281412097182,-0.00000000000000, 0.00749045876343, 2.66646587913080, 0.00000000000000, 2.67671129141603,-0.52296612142197,    0.00000000000000,
  163,    4, 0.50781250000000, 0.01093750000000, 2.67198555723087, 0.01024541228523, 2.66174014494564, 0.00281412097182,-0.00000000000000, 0.00749045876343, 2.66646587913080, 0.00000000000000, 2.67671129141603,-0.52296612142197,    0.00000000000000,
  163,    5, 0.50781250000000, 0.01406250000000, 2.67198555723087, 0.01024541228523, 2.66174014494564, 0.00281412097182,-0.00000000000000, 0.00749045876343, 2.66646587913080, 0.00000000000000, 2.67671129141603,-0.52296612142197,    0.00000000000000,
  164,    1, 0.51093750000000, 0.00156250000000, 2.67189082373654, 0.01034354408400, 2.66154727965254, 0.00281403165012, 0.00000000000000, 0.00748967828324, 2.66627314206163, 0.00000000000000, 2.67661668614562,-1.06074456485555,    0.00000000000000,
  164,    2, 0.51093750000000, 0.00468750000000, 2.67189082373654, 0.01034354408400, 2.66154727965254, 0.00281403165012, 0.00000000000000, 0.00748967828324, 2.66627314206163, 0.00000000000000, 2.67661668614562,-1.06074456485555,    0.00000000000000,
  164,    3, 0.51093750000000, 0.00781250000000, 2.67189082373654, 0.01034354408400, 2.66154727965254, 0.00281403165012, 0.00000000000000, 0.00748967828324, 2.66627314206163, 0.00000000000000, 2.67661668614562,-1.06074456485555,    0.00000000000000,
  164,    4, 0.51093750000000, 0.01093750000000, 2.67189082373654, 0.01034354408400, 2.66154727965254, 0.00281403165012, 0.00000000000000, 0.00748967828324, 2.66627314206163, 0.00000000000000, 2.67661668614562,-1.06074456485555,    0.00000000000000,
  164,    5, 0.51093750000000, 0.01406250000000, 2.67189082373654, 0.01034354408400, 2.66154727965254, 0.00281403165012, 0.00000000000000, 0.00748967828324, 2.66627314206163, 0.00000000000000, 2.67661668614562,-1.06074456485555,    0.00000000000000,
  165,    1, 0.51406250000000, 0.00156250000000, 2.67173172228578, 0.01044164277127, 2.66129007951451, 0.00281401031970,-0.00000000000000, 0.00748889774746, 2.66601618820027, 0.00000000000000, 2.67645783097154,-1.59830452595416,    0.00000000000000,
  165,    2, 0.51406250000000, 0.00468750000000, 2.67173172228578, 0.01044164277127, 2.66129007951451, 0.00281401031970,-0.00000000000000, 0.00748889774746, 2.66601618820027, 0.00000000000000, 2.67645783097154,-1.59830452595416,    0.00000000000000,
  165,    3, 0.51406250000000, 0.00781250000000, 2.67173172228578, 0.01044164277127, 2.66129007951451, 0.00281401031970,-0.00000000000000, 0.00748889774746, 2.66601618820027, 0.00000000000000, 2.67645783097154,-1.59830452595416,    0.00000000000000,
  165,    4, 0.51406250000000, 0.01093750000000, 2.67173172228578, 0.01044164277127, 2.66129007951451, 0.00281401031970,-0.00000000000000, 0.00748889774746, 2.66601618820027, 0.00000000000000, 2.67645783097154,-1.59830452595416,    0.00000000000000,
  165,    5, 0.51406250000000, 0.01406250000000, 2.67173172228578, 0.01044164277127, 2.66129007951451, 0.00281401031970,-0.00000000000000, 0.00748889774746, 2.66601618820027, 0.00000000000000, 2.67645783097154,-1.59830452595416,    0.00000000000000,
  166,    1, 0.51718750000000, 0.00156250000000, 2.67150826817052, 0.01053969889210, 2.66096856927842, 0.00281405696295,-0.00000000000000, 0.00748811713057, 2.66569504231249, 0.00000000000000, 2.67623474120459,-2.13555538707294,    0.00000000000000,
  166,    2, 0.51718750000000, 0.00468750000000, 2.67150826817052, 0.01053969889210, 2.66096856927842, 0.00281405696295,-0.00000000000000, 0.00748811713057, 2.66569504231249, 0.00000000000000, 2.67623474120459,-2.13555538707294,    0.00000000000000,
  166,    3, 0.51718750000000, 0.00781250000000, 2.67150826817052, 0.01053969889210, 2.66096856927842, 0.00281405696295,-0.00000000000000, 0.00748811713057, 2.66569504231249, 0.00000000000000, 2.67623474120459,-2.13555538707294,    0.00000000000000,
  166,    4, 0.51718750000000, 0.01093750000000, 2.67150826817052, 0.01053969889210, 2.66096856927842, 0.00281405696295,-0.00000000000000, 0.00748811713057, 2.66569504231249, 0.00000000000000, 2.67623474120459,-2.13555538707294,    0.00000000000000,
  166,    5, 0.51718750000000, 0.01406250000000, 2.67150826817052, 0.01053969889210, 2.66096856927842, 0.00281405696295,-0.00000000000000, 0.00748811713057, 2.66569504231249, 0.00000000000000, 2.67623474120459,-2.13555538707294,    0.00000000000000,
  167,    1, 0.52031250000000, 0.00156250000000, 2.67122048286832, 0.01063770299562, 2.66058277987270, 0.00281417156563, 0.00000000000000, 0.00748733640713, 2.66530973535099, 0.00000000000000, 2.67594743834661,-2.67240661631705,    0.00000000000000,
  167,    2, 0.52031250000000, 0.00468750000000, 2.67122048286832, 0.01063770299562, 2.66058277987270, 0.00281417156563, 0.00000000000000, 0.00748733640713, 2.66530973535099, 0.00000000000000, 2.67594743834661,-2.67240661631705,    0.00000000000000,
  167,    3, 0.52031250000000, 0.00781250000000, 2.67122048286832, 0.01063770299562, 2.66058277987270, 0.00281417156563, 0.00000000000000, 0.00748733640713, 2.66530973535099, 0.00000000000000, 2.67594743834661,-2.67240661631705,    0.00000000000000,
  167,    4, 0.52031250000000, 0.01093750000000, 2.67122048286832, 0.01063770299562, 2.66058277987270, 0.00281417156563, 0.00000000000000, 0.00748733640713, 2.66530973535099, 0.00000000000000, 2.67594743834661,-2.67240661631705,    0.00000000000000,
  167,    5, 0.52031250000000, 0.01406250000000, 2.67122048286832, 0.01063770299562, 2.66058277987270, 0.00281417156563, 0.00000000000000, 0.00748733640713, 2.66530973535099, 0.00000000000000, 2.67594743834661,-2.67240661631705,    0.00000000000000,
  168,    1, 0.52343750000000, 0.00156250000000, 2.67086839404043, 0.01073564563600, 2.66013274840443, 0.00281435411682, 0.00000000000000, 0.00748655555177, 2.66486030445246, 0.00000000000000, 2.67559595008846,-3.20876779120644,    0.00000000000000,
  168,    2, 0.52343750000000, 0.00468750000000, 2.67086839404043, 0.01073564563600, 2.66013274840443, 0.00281435411682, 0.00000000000000, 0.00748655555177, 2.66486030445246, 0.00000000000000, 2.67559595008846,-3.20876779120644,    0.00000000000000,
  168,    3, 0.52343750000000, 0.00781250000000, 2.67086839404043, 0.01073564563600, 2.66013274840443, 0.00281435411682, 0.00000000000000, 0.00748655555177, 2.66486030445246, 0.00000000000000, 2.67559595008846,-3.20876779120644,    0.00000000000000,
  168,    4, 0.52343750000000, 0.01093750000000, 2.67086839404043, 0.01073564563600, 2.66013274840443, 0.00281435411682, 0.00000000000000, 0.00748655555177, 2.66486030445246, 0.00000000000000, 2.67559595008846,-3.20876779120644,    0.00000000000000,
  168,    5, 0.52343750000000, 0.01406250000000, 2.67086839404043, 0.01073564563600, 2.66013274840443, 0.00281435411682, 0.00000000000000, 0.00748655555177, 2.66486030445246, 0.00000000000000, 2.67559595008846,-3.20876779120644,    0.00000000000000,
  169,    1, 0.52656250000000, 0.00156250000000, 2.67045203552894, 0.01083351737332, 2.65961851815563, 0.00281460460895, 0.00000000000000, 0.00748577453925, 2.66434679293398, 0.00000000000000, 2.67518031030730,-3.74454862230274,    0.00000000000000,
  169,    2, 0.52656250000000, 0.00468750000000, 2.67045203552894, 0.01083351737332, 2.65961851815563, 0.00281460460895, 0.00000000000000, 0.00748577453925, 2.66434679293398, 0.00000000000000, 2.67518031030730,-3.74454862230274,    0.00000000000000,
  169,    3, 0.52656250000000, 0.00781250000000, 2.67045203552894, 0.01083351737332, 2.65961851815563, 0.00281460460895, 0.00000000000000, 0.00748577453925, 2.66434679293398, 0.00000000000000, 2.67518031030730,-3.74454862230274,    0.00000000000000,
  169,    4, 0.52656250000000, 0.01093750000000, 2.67045203552894, 0.01083351737332, 2.65961851815563, 0.00281460460895, 0.00000000000000, 0.00748577453925, 2.66434679293398, 0.00000000000000, 2.67518031030730,-3.74454862230274,    0.00000000000000,
  169,    5, 0.52656250000000, 0.01406250000000, 2.67045203552894, 0.01083351737332, 2.65961851815563, 0.00281460460895, 0.00000000000000, 0.00748577453925, 2.66434679293398, 0.00000000000000, 2.67518031030730,-3.74454862230274,    0.00000000000000,
  170,    1, 0.52968750000000, 0.00156250000000, 2.66997144735367, 0.01093130877450, 2.65904013857917, 0.00281492303778,-0.00000000000000, 0.00748499334448, 2.66376925028887, 0.00000000000000, 2.67470055906337,-4.27965897679006,    0.00000000000000,
  170,    2, 0.52968750000000, 0.00468750000000, 2.66997144735367, 0.01093130877450, 2.65904013857917, 0.00281492303778,-0.00000000000000, 0.00748499334448, 2.66376925028887, 0.00000000000000, 2.67470055906337,-4.27965897679006,    0.00000000000000,
  170,    3, 0.52968750000000, 0.00781250000000, 2.66997144735367, 0.01093130877450, 2.65904013857917, 0.00281492303778,-0.00000000000000, 0.00748499334448, 2.66376925028887, 0.00000000000000, 2.67470055906337,-4.27965897679006,    0.00000000000000,
  170,    4, 0.52968750000000, 0.01093750000000, 2.66997144735367, 0.01093130877450, 2.65904013857917, 0.00281492303778,-0.00000000000000, 0.00748499334448, 2.66376925028887, 0.00000000000000, 2.67470055906337,-4.27965897679006,    0.00000000000000,
  170,    5, 0.52968750000000, 0.01406250000000, 2.66997144735367, 0.01093130877450, 2.65904013857917, 0.00281492303778,-0.00000000000000, 0.00748499334448, 2.66376925028887, 0.00000000000000, 2.67470055906337,-4.27965897679006,    0.00000000000000,
  171,    1, 0.53281250000000, 0.00156250000000, 2.66942667570832, 0.01102901041421, 2.65839766529411, 0.00281530940243,-0.00000000000000, 0.00748421194251, 2.66312773218188, 0.00000000000000, 2.67415674259609,-4.81400890200225,    0.00000000000000,
  171,    2, 0.53281250000000, 0.00468750000000, 2.66942667570832, 0.01102901041421, 2.65839766529411, 0.00281530940243,-0.00000000000000, 0.00748421194251, 2.66312773218188, 0.00000000000000, 2.67415674259609,-4.81400890200225,    0.00000000000000,
  171,    3, 0.53281250000000, 0.00781250000000, 2.66942667570832, 0.01102901041421, 2.65839766529411, 0.00281530940243,-0.00000000000000, 0.00748421194251, 2.66312773218188, 0.00000000000000, 2.67415674259609,-4.81400890200225,    0.00000000000000,
  171,    4, 0.53281250000000, 0.01093750000000, 2.66942667570832, 0.01102901041421, 2.65839766529411, 0.00281530940243,-0.00000000000000, 0.00748421194251, 2.66312773218188, 0.00000000000000, 2.67415674259609,-4.81400890200225,    0.00000000000000,
  171,    5, 0.53281250000000, 0.01406250000000, 2.66942667570832, 0.01102901041421, 2.65839766529411, 0.00281530940243,-0.00000000000000, 0.00748421194251, 2.66312773218188, 0.00000000000000, 2.67415674259609,-4.81400890200225,    0.00000000000000,
  172,    1, 0.53593750000000, 0.00156250000000, 2.66881777295589, 0.01112661287575, 2.65769116008015, 0.00281576370536, 0.00000000000000, 0.00748343030861, 2.66242230044387, 0.00000000000000, 2.67354891331961,-5.34750864888775,    0.00000000000000,
  172,    2, 0.53593750000000, 0.00468750000000, 2.66881777295589, 0.01112661287575, 2.65769116008015, 0.00281576370536, 0.00000000000000, 0.00748343030861, 2.66242230044387, 0.00000000000000, 2.67354891331961,-5.34750864888775,    0.00000000000000,
  172,    3, 0.53593750000000, 0.00781250000000, 2.66881777295589, 0.01112661287575, 2.65769116008015, 0.00281576370536, 0.00000000000000, 0.00748343030861, 2.66242230044387, 0.00000000000000, 2.67354891331961,-5.34750864888775,    0.00000000000000,
  172,    4, 0.53593750000000, 0.01093750000000, 2.66881777295589, 0.01112661287575, 2.65769116008015, 0.00281576370536, 0.00000000000000, 0.00748343030861, 2.66242230044387, 0.00000000000000, 2.67354891331961,-5.34750864888775,    0.00000000000000,
  172,    5, 0.53593750000000, 0.01406250000000, 2.66881777295589, 0.01112661287575, 2.65769116008015, 0.00281576370536, 0.00000000000000, 0.00748343030861, 2.66242230044387, 0.00000000000000, 2.67354891331961,-5.34750864888775,    0.00000000000000,
  173,    1, 0.53906250000000, 0.00156250000000, 2.66814479762379, 0.01122410675199, 2.65692069087180, 0.00281628595236,-0.00000000000000, 0.00748264841824, 2.66165302306581, 0.00000000000000, 2.67287712981780,-5.88006869540507,    0.00000000000000,
  173,    2, 0.53906250000000, 0.00468750000000, 2.66814479762379, 0.01122410675199, 2.65692069087180, 0.00281628595236,-0.00000000000000, 0.00748264841824, 2.66165302306581, 0.00000000000000, 2.67287712981780,-5.88006869540507,    0.00000000000000,
  173,    3, 0.53906250000000, 0.00781250000000, 2.66814479762379, 0.01122410675199, 2.65692069087180, 0.00281628595236,-0.00000000000000, 0.00748264841824, 2.66165302306581, 0.00000000000000, 2.67287712981780,-5.88006869540507,    0.00000000000000,
  173,    4, 0.53906250000000, 0.01093750000000, 2.66814479762379, 0.01122410675199, 2.65692069087180, 0.00281628595236,-0.00000000000000, 0.00748264841824, 2.66165302306581, 0.00000000000000, 2.67287712981780,-5.88006869540507,    0.00000000000000,
  173,    5, 0.53906250000000, 0.01406250000000, 2.66814479762379, 0.01122410675199, 2.65692069087180, 0.00281628595236,-0.00000000000000, 0.00748264841824, 2.66165302306581, 0.00000000000000, 2.67287712981780,-5.88006869540507,    0.00000000000000,
  174,    1, 0.54218750000000, 0.00156250000000, 2.66740781439805, 0.01132148264628, 2.65608633175177, 0.00281687615259,-0.00000000000000, 0.00748186624712, 2.66081997419226, 0.00000000000000, 2.67214145683854,-6.41159976984016,    0.00000000000000,
  174,    2, 0.54218750000000, 0.00468750000000, 2.66740781439805, 0.01132148264628, 2.65608633175177, 0.00281687615259,-0.00000000000000, 0.00748186624712, 2.66081997419226, 0.00000000000000, 2.67214145683854,-6.41159976984016,    0.00000000000000,
  174,    3, 0.54218750000000, 0.00781250000000, 2.66740781439805, 0.01132148264628, 2.65608633175177, 0.00281687615259,-0.00000000000000, 0.00748186624712, 2.66081997419226, 0.00000000000000, 2.67214145683854,-6.41159976984016,    0.00000000000000,
  174,    4, 0.54218750000000, 0.01093750000000, 2.66740781439805, 0.01132148264628, 2.65608633175177, 0.00281687615259,-0.00000000000000, 0.00748186624712, 2.66081997419226, 0.00000000000000, 2.67214145683854,-6.41159976984016,    0.00000000000000,
  174,    5, 0.54218750000000, 0.01406250000000, 2.66740781439805, 0.01132148264628, 2.65608633175177, 0.00281687615259,-0.00000000000000, 0.00748186624712, 2.66081997419226, 0.00000000000000, 2.67214145683854,-6.41159976984016,    0.00000000000000,
  175,    1, 0.54531250000000, 0.00156250000000, 2.66660689411727, 0.01141873117332, 2.65518816294395, 0.00281753431852,-0.00000000000000, 0.00748108377122, 2.65992323411420, 0.00000000000000, 2.67134196528752,-6.94201287403812,    0.00000000000000,
  175,    2, 0.54531250000000, 0.00468750000000, 2.66660689411727, 0.01141873117332, 2.65518816294395, 0.00281753431852,-0.00000000000000, 0.00748108377122, 2.65992323411420, 0.00000000000000, 2.67134196528752,-6.94201287403812,    0.00000000000000,
  175,    3, 0.54531250000000, 0.00781250000000, 2.66660689411727, 0.01141873117332, 2.65518816294395, 0.00281753431852,-0.00000000000000, 0.00748108377122, 2.65992323411420, 0.00000000000000, 2.67134196528752,-6.94201287403812,    0.00000000000000,
  175,    4, 0.54531250000000, 0.01093750000000, 2.66660689411727, 0.01141873117332, 2.65518816294395, 0.00281753431852,-0.00000000000000, 0.00748108377122, 2.65992323411420, 0.00000000000000, 2.67134196528752,-6.94201287403812,    0.00000000000000,
  175,    5, 0.54531250000000, 0.01406250000000, 2.66660689411727, 0.01141873117332, 2.65518816294395, 0.00281753431852,-0.00000000000000, 0.00748108377122, 2.65992323411420, 0.00000000000000, 2.67134196528752,-6.94201287403812,    0.00000000000000,
  176,    1, 0.54843750000000, 0.00156250000000, 2.66574211376564, 0.01151584296010, 2.65422627080554, 0.00281826046599, 0.00000000000000, 0.00748030096680, 2.65896288926131, 0.00000000000000, 2.67047873222141,-7.47121930654141,    0.00000000000000,
  176,    2, 0.54843750000000, 0.00468750000000, 2.66574211376564, 0.01151584296010, 2.65422627080554, 0.00281826046599, 0.00000000000000, 0.00748030096680, 2.65896288926131, 0.00000000000000, 2.67047873222141,-7.47121930654141,    0.00000000000000,
  176,    3, 0.54843750000000, 0.00781250000000, 2.66574211376564, 0.01151584296010, 2.65422627080554, 0.00281826046599, 0.00000000000000, 0.00748030096680, 2.65896288926131, 0.00000000000000, 2.67047873222141,-7.47121930654141,    0.00000000000000,
  176,    4, 0.54843750000000, 0.01093750000000, 2.66574211376564, 0.01151584296010, 2.65422627080554, 0.00281826046599, 0.00000000000000, 0.00748030096680, 2.65896288926131, 0.00000000000000, 2.67047873222141,-7.47121930654141,    0.00000000000000,
  176,    5, 0.54843750000000, 0.01406250000000, 2.66574211376564, 0.01151584296010, 2.65422627080554, 0.00281826046599, 0.00000000000000, 0.00748030096680, 2.65896288926131, 0.00000000000000, 2.67047873222141,-7.47121930654141,    0.00000000000000,
  177,    1, 0.55156250000000, 0.00156250000000, 2.66481355646561, 0.01161280864678, 2.65320074781883, 0.00281905461416,-0.00000000000000, 0.00747951781044, 2.65793903219363, 0.00000000000000, 2.66955184084041,-7.99913068562650,    0.00000000000000,
  177,    2, 0.55156250000000, 0.00468750000000, 2.66481355646561, 0.01161280864678, 2.65320074781883, 0.00281905461416,-0.00000000000000, 0.00747951781044, 2.65793903219363, 0.00000000000000, 2.66955184084041,-7.99913068562650,    0.00000000000000,
  177,    3, 0.55156250000000, 0.00781250000000, 2.66481355646561, 0.01161280864678, 2.65320074781883, 0.00281905461416,-0.00000000000000, 0.00747951781044, 2.65793903219363, 0.00000000000000, 2.66955184084041,-7.99913068562650,    0.00000000000000,
  177,    4, 0.55156250000000, 0.01093750000000, 2.66481355646561, 0.01161280864678, 2.65320074781883, 0.00281905461416,-0.00000000000000, 0.00747951781044, 2.65793903219363, 0.00000000000000, 2.66955184084041,-7.99913068562650,    0.00000000000000,
  177,    5, 0.55156250000000, 0.01406250000000, 2.66481355646561, 0.01161280864678, 2.65320074781883, 0.00281905461416,-0.00000000000000, 0.00747951781044, 2.65793903219363, 0.00000000000000, 2.66955184084041,-7.99913068562650,    0.00000000000000,
  178,    1, 0.55468750000000, 0.00156250000000, 2.66382131146983, 0.01170961888760, 2.65211169258223, 0.00281991678555,-0.00000000000000, 0.00747873427906, 2.65685176159263, 0.00000000000000, 2.66856138048023,-8.52565897223132,    0.00000000000000,
  178,    2, 0.55468750000000, 0.00468750000000, 2.66382131146983, 0.01170961888760, 2.65211169258223, 0.00281991678555,-0.00000000000000, 0.00747873427906, 2.65685176159263, 0.00000000000000, 2.66856138048023,-8.52565897223132,    0.00000000000000,
  178,    3, 0.55468750000000, 0.00781250000000, 2.66382131146983, 0.01170961888760, 2.65211169258223, 0.00281991678555,-0.00000000000000, 0.00747873427906, 2.65685176159263, 0.00000000000000, 2.66856138048023,-8.52565897223132,    0.00000000000000,
  178,    4, 0.55468750000000, 0.01093750000000, 2.66382131146983, 0.01170961888760, 2.65211169258223, 0.00281991678555,-0.00000000000000, 0.00747873427906, 2.65685176159263, 0.00000000000000, 2.66856138048023,-8.52565897223132,    0.00000000000000,
  178,    5, 0.55468750000000, 0.01406250000000, 2.66382131146983, 0.01170961888760, 2.65211169258223, 0.00281991678555,-0.00000000000000, 0.00747873427906, 2.65685176159263, 0.00000000000000, 2.66856138048023,-8.52565897223132,    0.00000000000000,
  179,    1, 0.55781250000000, 0.00156250000000, 2.66276547415268, 0.01180626435180, 2.65095920980088, 0.00282084700597, 0.00000000000000, 0.00747795034992, 2.65570118225171, 0.00000000000000, 2.66750744660351,-9.05071649276581,    0.00000000000000,
  179,    2, 0.55781250000000, 0.00468750000000, 2.66276547415268, 0.01180626435180, 2.65095920980088, 0.00282084700597, 0.00000000000000, 0.00747795034992, 2.65570118225171, 0.00000000000000, 2.66750744660351,-9.05071649276581,    0.00000000000000,
  179,    3, 0.55781250000000, 0.00781250000000, 2.66276547415268, 0.01180626435180, 2.65095920980088, 0.00282084700597, 0.00000000000000, 0.00747795034992, 2.65570118225171, 0.00000000000000, 2.66750744660351,-9.05071649276581,    0.00000000000000,
  179,    4, 0.55781250000000, 0.01093750000000, 2.66276547415268, 0.01180626435180, 2.65095920980088, 0.00282084700597, 0.00000000000000, 0.00747795034992, 2.65570118225171, 0.00000000000000, 2.66750744660351,-9.05071649276581,    0.00000000000000,
  179,    5, 0.55781250000000, 0.01406250000000, 2.66276547415268, 0.01180626435180, 2.65095920980088, 0.00282084700597, 0.00000000000000, 0.00747795034992, 2.65570118225171, 0.00000000000000, 2.66750744660351,-9.05071649276581,    0.00000000000000,
  180,    1, 0.56093750000000, 0.00156250000000, 2.66164614600092, 0.01190273572448, 2.64974341027644, 0.00282184530461,-0.00000000000000, 0.00747716600071, 2.65448740506610, 0.00000000000000, 2.66639014079058,-9.57421596179751,    0.00000000000000,
  180,    2, 0.56093750000000, 0.00468750000000, 2.66164614600092, 0.01190273572448, 2.64974341027644, 0.00282184530461,-0.00000000000000, 0.00747716600071, 2.65448740506610, 0.00000000000000, 2.66639014079058,-9.57421596179751,    0.00000000000000,
  180,    3, 0.56093750000000, 0.00781250000000, 2.66164614600092, 0.01190273572448, 2.64974341027644, 0.00282184530461,-0.00000000000000, 0.00747716600071, 2.65448740506610, 0.00000000000000, 2.66639014079058,-9.57421596179751,    0.00000000000000,
  180,    4, 0.56093750000000, 0.01093750000000, 2.66164614600092, 0.01190273572448, 2.64974341027644, 0.00282184530461,-0.00000000000000, 0.00747716600071, 2.65448740506610, 0.00000000000000, 2.66639014079058,-9.57421596179751,    0.00000000000000,
  180,    5, 0.56093750000000, 0.01406250000000, 2.66164614600092, 0.01190273572448, 2.64974341027644, 0.00282184530461,-0.00000000000000, 0.00747716600071, 2.65448740506610, 0.00000000000000, 2.66639014079058,-9.57421596179751,    0.00000000000000,
  181,    1, 0.56406250000000, 0.00156250000000, 2.66046343460399, 0.01199902370753, 2.64846441089646, 0.00282291171395, 0.00000000000000, 0.00747638120949, 2.65321054702218, 0.00000000000000, 2.66520957072971,*****************,    0.00000000000000,
  181,    2, 0.56406250000000, 0.00468750000000, 2.66046343460399, 0.01199902370753, 2.64846441089646, 0.00282291171395, 0.00000000000000, 0.00747638120949, 2.65321054702218, 0.00000000000000, 2.66520957072971,*****************,    0.00000000000000,
  181,    3, 0.56406250000000, 0.00781250000000, 2.66046343460399, 0.01199902370753, 2.64846441089646, 0.00282291171395, 0.00000000000000, 0.00747638120949, 2.65321054702218, 0.00000000000000, 2.66520957072971,*****************,    0.00000000000000,
  181,    4, 0.56406250000000, 0.01093750000000, 2.66046343460399, 0.01199902370753, 2.64846441089646, 0.00282291171395, 0.00000000000000, 0.00747638120949, 2.65321054702218, 0.00000000000000, 2.66520957072971,*****************,    0.00000000000000,
  181,    5, 0.56406250000000, 0.01406250000000, 2.66046343460399, 0.01199902370753, 2.64846441089646, 0.00282291171395, 0.00000000000000, 0.00747638120949, 2.65321054702218, 0.00000000000000, 2.66520957072971,*****************,    0.00000000000000,
  182,    1, 0.56718750000000, 0.00156250000000, 2.65921745364373, 0.01209511902052, 2.64712233462322, 0.00282404626979, 0.00000000000000, 0.00747559595478, 2.65187073118619, 0.00000000000000, 2.66396585020670,*****************,    0.00000000000000,
  182,    2, 0.56718750000000, 0.00468750000000, 2.65921745364373, 0.01209511902052, 2.64712233462322, 0.00282404626979, 0.00000000000000, 0.00747559595478, 2.65187073118619, 0.00000000000000, 2.66396585020670,*****************,    0.00000000000000,
  182,    3, 0.56718750000000, 0.00781250000000, 2.65921745364373, 0.01209511902052, 2.64712233462322, 0.00282404626979, 0.00000000000000, 0.00747559595478, 2.65187073118619, 0.00000000000000, 2.66396585020670,*****************,    0.00000000000000,
  182,    4, 0.56718750000000, 0.01093750000000, 2.65921745364373, 0.01209511902052, 2.64712233462322, 0.00282404626979, 0.00000000000000, 0.00747559595478, 2.65187073118619, 0.00000000000000, 2.66396585020670,*****************,    0.00000000000000,
  182,    5, 0.56718750000000, 0.01406250000000, 2.65921745364373, 0.01209511902052, 2.64712233462322, 0.00282404626979, 0.00000000000000, 0.00747559595478, 2.65187073118619, 0.00000000000000, 2.66396585020670,*****************,    0.00000000000000,
  183,    1, 0.57031250000000, 0.00156250000000, 2.65790832288331, 0.01219101240157, 2.64571731048174, 0.00282524901128, 0.00000000000000, 0.00747481021557, 2.65046808669235, 0.00000000000000, 2.66265909909392,*****************,    0.00000000000000,
  183,    2, 0.57031250000000, 0.00468750000000, 2.65790832288331, 0.01219101240157, 2.64571731048174, 0.00282524901128, 0.00000000000000, 0.00747481021557, 2.65046808669235, 0.00000000000000, 2.66265909909392,*****************,    0.00000000000000,
  183,    3, 0.57031250000000, 0.00781250000000, 2.65790832288331, 0.01219101240157, 2.64571731048174, 0.00282524901128, 0.00000000000000, 0.00747481021557, 2.65046808669235, 0.00000000000000, 2.66265909909392,*****************,    0.00000000000000,
  183,    4, 0.57031250000000, 0.01093750000000, 2.65790832288331, 0.01219101240157, 2.64571731048174, 0.00282524901128, 0.00000000000000, 0.00747481021557, 2.65046808669235, 0.00000000000000, 2.66265909909392,*****************,    0.00000000000000,
  183,    5, 0.57031250000000, 0.01406250000000, 2.65790832288331, 0.01219101240157, 2.64571731048174, 0.00282524901128, 0.00000000000000, 0.00747481021557, 2.65046808669235, 0.00000000000000, 2.66265909909392,*****************,    0.00000000000000,
  184,    1, 0.57343750000000, 0.00156250000000, 2.65653616815576, 0.01228669460829, 2.64424947354747, 0.00282651998084,-0.00000000000000, 0.00747402397132, 2.64900274873047, 0.00000000000000, 2.66128944333876,*****************,    0.00000000000000,
  184,    2, 0.57343750000000, 0.00468750000000, 2.65653616815576, 0.01228669460829, 2.64424947354747, 0.00282651998084,-0.00000000000000, 0.00747402397132, 2.64900274873047, 0.00000000000000, 2.66128944333876,*****************,    0.00000000000000,
  184,    3, 0.57343750000000, 0.00781250000000, 2.65653616815576, 0.01228669460829, 2.64424947354747, 0.00282651998084,-0.00000000000000, 0.00747402397132, 2.64900274873047, 0.00000000000000, 2.66128944333876,*****************,    0.00000000000000,
  184,    4, 0.57343750000000, 0.01093750000000, 2.65653616815576, 0.01228669460829, 2.64424947354747, 0.00282651998084,-0.00000000000000, 0.00747402397132, 2.64900274873047, 0.00000000000000, 2.66128944333876,*****************,    0.00000000000000,
  184,    5, 0.57343750000000, 0.01406250000000, 2.65653616815576, 0.01228669460829, 2.64424947354747, 0.00282651998084,-0.00000000000000, 0.00747402397132, 2.64900274873047, 0.00000000000000, 2.66128944333876,*****************,    0.00000000000000,
  185,    1, 0.57656250000000, 0.00156250000000, 2.65510112135187, 0.01238215641862, 2.64271896493325, 0.00282785922422,-0.00000000000000, 0.00747323720202, 2.64747485853287, 0.00000000000000, 2.65985701495149,*****************,    0.00000000000000,
  185,    2, 0.57656250000000, 0.00468750000000, 2.65510112135187, 0.01238215641862, 2.64271896493325, 0.00282785922422,-0.00000000000000, 0.00747323720202, 2.64747485853287, 0.00000000000000, 2.65985701495149,*****************,    0.00000000000000,
  185,    3, 0.57656250000000, 0.00781250000000, 2.65510112135187, 0.01238215641862, 2.64271896493325, 0.00282785922422,-0.00000000000000, 0.00747323720202, 2.64747485853287, 0.00000000000000, 2.65985701495149,*****************,    0.00000000000000,
  185,    4, 0.57656250000000, 0.01093750000000, 2.65510112135187, 0.01238215641862, 2.64271896493325, 0.00282785922422,-0.00000000000000, 0.00747323720202, 2.64747485853287, 0.00000000000000, 2.65985701495149,*****************,    0.00000000000000,
  185,    5, 0.57656250000000, 0.01406250000000, 2.65510112135187, 0.01238215641862, 2.64271896493325, 0.00282785922422,-0.00000000000000, 0.00747323720202, 2.64747485853287, 0.00000000000000, 2.65985701495149,*****************,    0.00000000000000,
  186,    1, 0.57968750000000, 0.00156250000000, 2.65360332040742, 0.01247738863176, 2.64112593177567, 0.00282926679045,-0.00000000000000, 0.00747244988818, 2.64588456336079, 0.00000000000000, 2.65836195199255,*****************,    0.00000000000000,
  186,    2, 0.57968750000000, 0.00468750000000, 2.65360332040742, 0.01247738863176, 2.64112593177567, 0.00282926679045,-0.00000000000000, 0.00747244988818, 2.64588456336079, 0.00000000000000, 2.65836195199255,*****************,    0.00000000000000,
  186,    3, 0.57968750000000, 0.00781250000000, 2.65360332040742, 0.01247738863176, 2.64112593177567, 0.00282926679045,-0.00000000000000, 0.00747244988818, 2.64588456336079, 0.00000000000000, 2.65836195199255,*****************,    0.00000000000000,
  186,    4, 0.57968750000000, 0.01093750000000, 2.65360332040742, 0.01247738863176, 2.64112593177567, 0.00282926679045,-0.00000000000000, 0.00747244988818, 2.64588456336079, 0.00000000000000, 2.65836195199255,*****************,    0.00000000000000,
  186,    5, 0.57968750000000, 0.01406250000000, 2.65360332040742, 0.01247738863176, 2.64112593177567, 0.00282926679045,-0.00000000000000, 0.00747244988818, 2.64588456336079, 0.00000000000000, 2.65836195199255,*****************,    0.00000000000000,
  187,    1, 0.58281250000000, 0.00156250000000, 2.65204290929002, 0.01257238206902, 2.63947052722100, 0.00283074273186, 0.00000000000000, 0.00747166201089, 2.64423201649018, 0.00000000000000, 2.65680439855921,*****************,    0.00000000000000,
  187,    2, 0.58281250000000, 0.00468750000000, 2.65204290929002, 0.01257238206902, 2.63947052722100, 0.00283074273186, 0.00000000000000, 0.00747166201089, 2.64423201649018, 0.00000000000000, 2.65680439855921,*****************,    0.00000000000000,
  187,    3, 0.58281250000000, 0.00781250000000, 2.65204290929002, 0.01257238206902, 2.63947052722100, 0.00283074273186, 0.00000000000000, 0.00747166201089, 2.64423201649018, 0.00000000000000, 2.65680439855921,*****************,    0.00000000000000,
  187,    4, 0.58281250000000, 0.01093750000000, 2.65204290929002, 0.01257238206902, 2.63947052722100, 0.00283074273186, 0.00000000000000, 0.00747166201089, 2.64423201649018, 0.00000000000000, 2.65680439855921,*****************,    0.00000000000000,
  187,    5, 0.58281250000000, 0.01406250000000, 2.65204290929002, 0.01257238206902, 2.63947052722100, 0.00283074273186, 0.00000000000000, 0.00747166201089, 2.64423201649018, 0.00000000000000, 2.65680439855921,*****************,    0.00000000000000,
  188,    1, 0.58593750000000, 0.00156250000000, 2.65042003798513, 0.01266712757475, 2.63775291041038, 0.00283228710405,-0.00000000000000, 0.00747087355182, 2.64251737719696, 0.00000000000000, 2.65518450477171,*****************,    0.00000000000000,
  188,    2, 0.58593750000000, 0.00468750000000, 2.65042003798513, 0.01266712757475, 2.63775291041038, 0.00283228710405,-0.00000000000000, 0.00747087355182, 2.64251737719696, 0.00000000000000, 2.65518450477171,*****************,    0.00000000000000,
  188,    3, 0.58593750000000, 0.00781250000000, 2.65042003798513, 0.01266712757475, 2.63775291041038, 0.00283228710405,-0.00000000000000, 0.00747087355182, 2.64251737719696, 0.00000000000000, 2.65518450477171,*****************,    0.00000000000000,
  188,    4, 0.58593750000000, 0.01093750000000, 2.65042003798513, 0.01266712757475, 2.63775291041038, 0.00283228710405,-0.00000000000000, 0.00747087355182, 2.64251737719696, 0.00000000000000, 2.65518450477171,*****************,    0.00000000000000,
  188,    5, 0.58593750000000, 0.01406250000000, 2.65042003798513, 0.01266712757475, 2.63775291041038, 0.00283228710405,-0.00000000000000, 0.00747087355182, 2.64251737719696, 0.00000000000000, 2.65518450477171,*****************,    0.00000000000000,
  189,    1, 0.58906250000000, 0.00156250000000, 2.64873486248168, 0.01276161601717, 2.63597324646451, 0.00283389996590, 0.00000000000000, 0.00747008449327, 2.64074081074162, 0.00000000000000, 2.65350242675879,*****************,    0.00000000000000,
  189,    2, 0.58906250000000, 0.00468750000000, 2.64873486248168, 0.01276161601717, 2.63597324646451, 0.00283389996590, 0.00000000000000, 0.00747008449327, 2.64074081074162, 0.00000000000000, 2.65350242675879,*****************,    0.00000000000000,
  189,    3, 0.58906250000000, 0.00781250000000, 2.64873486248168, 0.01276161601717, 2.63597324646451, 0.00283389996590, 0.00000000000000, 0.00747008449327, 2.64074081074162, 0.00000000000000, 2.65350242675879,*****************,    0.00000000000000,
  189,    4, 0.58906250000000, 0.01093750000000, 2.64873486248168, 0.01276161601717, 2.63597324646451, 0.00283389996590, 0.00000000000000, 0.00747008449327, 2.64074081074162, 0.00000000000000, 2.65350242675879,*****************,    0.00000000000000,
  189,    5, 0.58906250000000, 0.01406250000000, 2.64873486248168, 0.01276161601717, 2.63597324646451, 0.00283389996590, 0.00000000000000, 0.00747008449327, 2.64074081074162, 0.00000000000000, 2.65350242675879,*****************,    0.00000000000000,
  190,    1, 0.59218750000000, 0.00156250000000, 2.64698754475706, 0.01285583828929, 2.63413170646777, 0.00283558137956,-0.00000000000000, 0.00746929481817, 2.63890248835334, 0.00000000000000, 2.65175832664263,*****************,    0.00000000000000,
  190,    2, 0.59218750000000, 0.00468750000000, 2.64698754475706, 0.01285583828929, 2.63413170646777, 0.00283558137956,-0.00000000000000, 0.00746929481817, 2.63890248835334, 0.00000000000000, 2.65175832664263,*****************,    0.00000000000000,
  190,    3, 0.59218750000000, 0.00781250000000, 2.64698754475706, 0.01285583828929, 2.63413170646777, 0.00283558137956,-0.00000000000000, 0.00746929481817, 2.63890248835334, 0.00000000000000, 2.65175832664263,*****************,    0.00000000000000,
  190,    4, 0.59218750000000, 0.01093750000000, 2.64698754475706, 0.01285583828929, 2.63413170646777, 0.00283558137956,-0.00000000000000, 0.00746929481817, 2.63890248835334, 0.00000000000000, 2.65175832664263,*****************,    0.00000000000000,
  190,    5, 0.59218750000000, 0.01406250000000, 2.64698754475706, 0.01285583828929, 2.63413170646777, 0.00283558137956,-0.00000000000000, 0.00746929481817, 2.63890248835334, 0.00000000000000, 2.65175832664263,*****************,    0.00000000000000,
  191,    1, 0.59531250000000, 0.00156250000000, 2.64517825276153, 0.01294978530977, 2.63222846745176, 0.00283733141042, 0.00000000000000, 0.00746850451010, 2.63700258721346, 0.00000000000000, 2.64995237252323,*****************,    0.00000000000000,
  191,    2, 0.59531250000000, 0.00468750000000, 2.64517825276153, 0.01294978530977, 2.63222846745176, 0.00283733141042, 0.00000000000000, 0.00746850451010, 2.63700258721346, 0.00000000000000, 2.64995237252323,*****************,    0.00000000000000,
  191,    3, 0.59531250000000, 0.00781250000000, 2.64517825276153, 0.01294978530977, 2.63222846745176, 0.00283733141042, 0.00000000000000, 0.00746850451010, 2.63700258721346, 0.00000000000000, 2.64995237252323,*****************,    0.00000000000000,
  191,    4, 0.59531250000000, 0.01093750000000, 2.64517825276153, 0.01294978530977, 2.63222846745176, 0.00283733141042, 0.00000000000000, 0.00746850451010, 2.63700258721346, 0.00000000000000, 2.64995237252323,*****************,    0.00000000000000,
  191,    5, 0.59531250000000, 0.01406250000000, 2.64517825276153, 0.01294978530977, 2.63222846745176, 0.00283733141042, 0.00000000000000, 0.00746850451010, 2.63700258721346, 0.00000000000000, 2.64995237252323,*****************,    0.00000000000000,
  192,    1, 0.59843750000000, 0.00156250000000, 2.64330716040196, 0.01304344802381, 2.63026371237815, 0.00283915012712,-0.00000000000000, 0.00746771355337, 2.63504129043840, 0.00000000000000, 2.64808473846221,*****************,    0.00000000000000,
  192,    2, 0.59843750000000, 0.00468750000000, 2.64330716040196, 0.01304344802381, 2.63026371237815, 0.00283915012712,-0.00000000000000, 0.00746771355337, 2.63504129043840, 0.00000000000000, 2.64808473846221,*****************,    0.00000000000000,
  192,    3, 0.59843750000000, 0.00781250000000, 2.64330716040196, 0.01304344802381, 2.63026371237815, 0.00283915012712,-0.00000000000000, 0.00746771355337, 2.63504129043840, 0.00000000000000, 2.64808473846221,*****************,    0.00000000000000,
  192,    4, 0.59843750000000, 0.01093750000000, 2.64330716040196, 0.01304344802381, 2.63026371237815, 0.00283915012712,-0.00000000000000, 0.00746771355337, 2.63504129043840, 0.00000000000000, 2.64808473846221,*****************,    0.00000000000000,
  192,    5, 0.59843750000000, 0.01406250000000, 2.64330716040196, 0.01304344802381, 2.63026371237815, 0.00283915012712,-0.00000000000000, 0.00746771355337, 2.63504129043840, 0.00000000000000, 2.64808473846221,*****************,    0.00000000000000,
  193,    1, 0.60156250000000, 0.00156250000000, 2.64137444752526, 0.01313681740399, 2.62823763012127, 0.00284103760155,-0.00000000000000, 0.00746692193297, 2.63301878706202, 0.00000000000000, 2.64615560446601,*****************,    0.00000000000000,
  193,    2, 0.60156250000000, 0.00468750000000, 2.64137444752526, 0.01313681740399, 2.62823763012127, 0.00284103760155,-0.00000000000000, 0.00746692193297, 2.63301878706202, 0.00000000000000, 2.64615560446601,*****************,    0.00000000000000,
  193,    3, 0.60156250000000, 0.00781250000000, 2.64137444752526, 0.01313681740399, 2.62823763012127, 0.00284103760155,-0.00000000000000, 0.00746692193297, 2.63301878706202, 0.00000000000000, 2.64615560446601,*****************,    0.00000000000000,
  193,    4, 0.60156250000000, 0.01093750000000, 2.64137444752526, 0.01313681740399, 2.62823763012127, 0.00284103760155,-0.00000000000000, 0.00746692193297, 2.63301878706202, 0.00000000000000, 2.64615560446601,*****************,    0.00000000000000,
  193,    5, 0.60156250000000, 0.01406250000000, 2.64137444752526, 0.01313681740399, 2.62823763012127, 0.00284103760155,-0.00000000000000, 0.00746692193297, 2.63301878706202, 0.00000000000000, 2.64615560446601,*****************,    0.00000000000000,
  194,    1, 0.60468750000000, 0.00156250000000, 2.63938029990093, 0.01322988445118, 2.62615041544976, 0.00284299390878,-0.00000000000000, 0.00746612963466, 2.63093527201743, 0.00000000000000, 2.64416515646860,*****************,    0.00000000000000,
  194,    2, 0.60468750000000, 0.00468750000000, 2.63938029990093, 0.01322988445118, 2.62615041544976, 0.00284299390878,-0.00000000000000, 0.00746612963466, 2.63093527201743, 0.00000000000000, 2.64416515646860,*****************,    0.00000000000000,
  194,    3, 0.60468750000000, 0.00781250000000, 2.63938029990093, 0.01322988445118, 2.62615041544976, 0.00284299390878,-0.00000000000000, 0.00746612963466, 2.63093527201743, 0.00000000000000, 2.64416515646860,*****************,    0.00000000000000,
  194,    4, 0.60468750000000, 0.01093750000000, 2.63938029990093, 0.01322988445118, 2.62615041544976, 0.00284299390878,-0.00000000000000, 0.00746612963466, 2.63093527201743, 0.00000000000000, 2.64416515646860,*****************,    0.00000000000000,
  194,    5, 0.60468750000000, 0.01406250000000, 2.63938029990093, 0.01322988445118, 2.62615041544976, 0.00284299390878,-0.00000000000000, 0.00746612963466, 2.63093527201743, 0.00000000000000, 2.64416515646860,*****************,    0.00000000000000,
  195,    1, 0.60781250000000, 0.00156250000000, 2.63732490920318, 0.01332264019538, 2.62400226900780, 0.00284501912713,-0.00000000000000, 0.00746533664496, 2.62879094611812, 0.00000000000000, 2.64211358631350,*****************,    0.00000000000000,
  195,    2, 0.60781250000000, 0.00468750000000, 2.63732490920318, 0.01332264019538, 2.62400226900780, 0.00284501912713,-0.00000000000000, 0.00746533664496, 2.62879094611812, 0.00000000000000, 2.64211358631350,*****************,    0.00000000000000,
  195,    3, 0.60781250000000, 0.00781250000000, 2.63732490920318, 0.01332264019538, 2.62400226900780, 0.00284501912713,-0.00000000000000, 0.00746533664496, 2.62879094611812, 0.00000000000000, 2.64211358631350,*****************,    0.00000000000000,
  195,    4, 0.60781250000000, 0.01093750000000, 2.63732490920318, 0.01332264019538, 2.62400226900780, 0.00284501912713,-0.00000000000000, 0.00746533664496, 2.62879094611812, 0.00000000000000, 2.64211358631350,*****************,    0.00000000000000,
  195,    5, 0.60781250000000, 0.01406250000000, 2.63732490920318, 0.01332264019538, 2.62400226900780, 0.00284501912713,-0.00000000000000, 0.00746533664496, 2.62879094611812, 0.00000000000000, 2.64211358631350,*****************,    0.00000000000000,
  196,    1, 0.61093750000000, 0.00156250000000, 2.63520847299261, 0.01341507569661, 2.62179339729601, 0.00284711333810,-0.00000000000000, 0.00746454295119, 2.62658601603869, 0.00000000000000, 2.64000109173530,*****************,    0.00000000000000,
  196,    2, 0.61093750000000, 0.00468750000000, 2.63520847299261, 0.01341507569661, 2.62179339729601, 0.00284711333810,-0.00000000000000, 0.00746454295119, 2.62658601603869, 0.00000000000000, 2.64000109173530,*****************,    0.00000000000000,
  196,    3, 0.61093750000000, 0.00781250000000, 2.63520847299261, 0.01341507569661, 2.62179339729601, 0.00284711333810,-0.00000000000000, 0.00746454295119, 2.62658601603869, 0.00000000000000, 2.64000109173530,*****************,    0.00000000000000,
  196,    4, 0.61093750000000, 0.01093750000000, 2.63520847299261, 0.01341507569661, 2.62179339729601, 0.00284711333810,-0.00000000000000, 0.00746454295119, 2.62658601603869, 0.00000000000000, 2.64000109173530,*****************,    0.00000000000000,
  196,    5, 0.61093750000000, 0.01406250000000, 2.63520847299261, 0.01341507569661, 2.62179339729601, 0.00284711333810,-0.00000000000000, 0.00746454295119, 2.62658601603869, 0.00000000000000, 2.64000109173530,*****************,    0.00000000000000,
  197,    1, 0.61406250000000, 0.00156250000000, 2.63303119469704, 0.01350718204573, 2.61952401265131, 0.00284927662638,-0.00000000000000, 0.00746374854148, 2.62432069429489, 0.00000000000000, 2.63782787634063,*****************,    0.00000000000000,
  197,    2, 0.61406250000000, 0.00468750000000, 2.63303119469704, 0.01350718204573, 2.61952401265131, 0.00284927662638,-0.00000000000000, 0.00746374854148, 2.62432069429489, 0.00000000000000, 2.63782787634063,*****************,    0.00000000000000,
  197,    3, 0.61406250000000, 0.00781250000000, 2.63303119469704, 0.01350718204573, 2.61952401265131, 0.00284927662638,-0.00000000000000, 0.00746374854148, 2.62432069429489, 0.00000000000000, 2.63782787634063,*****************,    0.00000000000000,
  197,    4, 0.61406250000000, 0.01093750000000, 2.63303119469704, 0.01350718204573, 2.61952401265131, 0.00284927662638,-0.00000000000000, 0.00746374854148, 2.62432069429489, 0.00000000000000, 2.63782787634063,*****************,    0.00000000000000,
  197,    5, 0.61406250000000, 0.01406250000000, 2.63303119469704, 0.01350718204573, 2.61952401265131, 0.00284927662638,-0.00000000000000, 0.00746374854148, 2.62432069429489, 0.00000000000000, 2.63782787634063,*****************,    0.00000000000000,
  198,    1, 0.61718750000000, 0.00156250000000, 2.63079328359198, 0.01359895036535, 2.61719433322663, 0.00285150907981,-0.00000000000000, 0.00746295340482, 2.62199519922316, 0.00000000000000, 2.63559414958851,*****************,    0.00000000000000,
  198,    2, 0.61718750000000, 0.00468750000000, 2.63079328359198, 0.01359895036535, 2.61719433322663, 0.00285150907981,-0.00000000000000, 0.00746295340482, 2.62199519922316, 0.00000000000000, 2.63559414958851,*****************,    0.00000000000000,
  198,    3, 0.61718750000000, 0.00781250000000, 2.63079328359198, 0.01359895036535, 2.61719433322663, 0.00285150907981,-0.00000000000000, 0.00746295340482, 2.62199519922316, 0.00000000000000, 2.63559414958851,*****************,    0.00000000000000,
  198,    4, 0.61718750000000, 0.01093750000000, 2.63079328359198, 0.01359895036535, 2.61719433322663, 0.00285150907981,-0.00000000000000, 0.00746295340482, 2.62199519922316, 0.00000000000000, 2.63559414958851,*****************,    0.00000000000000,
  198,    5, 0.61718750000000, 0.01406250000000, 2.63079328359198, 0.01359895036535, 2.61719433322663, 0.00285150907981,-0.00000000000000, 0.00746295340482, 2.62199519922316, 0.00000000000000, 2.63559414958851,*****************,    0.00000000000000,
  199,    1, 0.62031250000000, 0.00156250000000, 2.62849495478059, 0.01369037181064, 2.61480458296995, 0.00285381078941,-0.00000000000000, 0.00746215753107, 2.61960975495954, 0.00000000000000, 2.63330012677018,*****************,    0.00000000000000,
  199,    2, 0.62031250000000, 0.00468750000000, 2.62849495478059, 0.01369037181064, 2.61480458296995, 0.00285381078941,-0.00000000000000, 0.00746215753107, 2.61960975495954, 0.00000000000000, 2.63330012677018,*****************,    0.00000000000000,
  199,    3, 0.62031250000000, 0.00781250000000, 2.62849495478059, 0.01369037181064, 2.61480458296995, 0.00285381078941,-0.00000000000000, 0.00746215753107, 2.61960975495954, 0.00000000000000, 2.63330012677018,*****************,    0.00000000000000,
  199,    4, 0.62031250000000, 0.01093750000000, 2.62849495478059, 0.01369037181064, 2.61480458296995, 0.00285381078941,-0.00000000000000, 0.00746215753107, 2.61960975495954, 0.00000000000000, 2.63330012677018,*****************,    0.00000000000000,
  199,    5, 0.62031250000000, 0.01406250000000, 2.62849495478059, 0.01369037181064, 2.61480458296995, 0.00285381078941,-0.00000000000000, 0.00746215753107, 2.61960975495954, 0.00000000000000, 2.63330012677018,*****************,    0.00000000000000,
  200,    1, 0.62343750000000, 0.00156250000000, 2.62613642917279, 0.01378143757022, 2.61235499160257, 0.00285618184932,-0.00000000000000, 0.00746136091100, 2.61716459141811, 0.00000000000000, 2.63094602898832,*****************,    0.00000000000000,
  200,    2, 0.62343750000000, 0.00468750000000, 2.62613642917279, 0.01378143757022, 2.61235499160257, 0.00285618184932,-0.00000000000000, 0.00746136091100, 2.61716459141811, 0.00000000000000, 2.63094602898832,*****************,    0.00000000000000,
  200,    3, 0.62343750000000, 0.00781250000000, 2.62613642917279, 0.01378143757022, 2.61235499160257, 0.00285618184932,-0.00000000000000, 0.00746136091100, 2.61716459141811, 0.00000000000000, 2.63094602898832,*****************,    0.00000000000000,
  200,    4, 0.62343750000000, 0.01093750000000, 2.62613642917279, 0.01378143757022, 2.61235499160257, 0.00285618184932,-0.00000000000000, 0.00746136091100, 2.61716459141811, 0.00000000000000, 2.63094602898832,*****************,    0.00000000000000,
  200,    5, 0.62343750000000, 0.01406250000000, 2.62613642917279, 0.01378143757022, 2.61235499160257, 0.00285618184932,-0.00000000000000, 0.00746136091100, 2.61716459141811, 0.00000000000000, 2.63094602898832,*****************,    0.00000000000000,
  201,    1, 0.62656250000000, 0.00156250000000, 2.62371793346417, 0.01387213886697, 2.60984579459720, 0.00285862235682,-0.00000000000000, 0.00746056353629, 2.61465994426883, 0.00000000000000, 2.62853208313580,*****************,    0.00000000000000,
  201,    2, 0.62656250000000, 0.00468750000000, 2.62371793346417, 0.01387213886697, 2.60984579459720, 0.00285862235682,-0.00000000000000, 0.00746056353629, 2.61465994426883, 0.00000000000000, 2.62853208313580,*****************,    0.00000000000000,
  201,    3, 0.62656250000000, 0.00781250000000, 2.62371793346417, 0.01387213886697, 2.60984579459720, 0.00285862235682,-0.00000000000000, 0.00746056353629, 2.61465994426883, 0.00000000000000, 2.62853208313580,*****************,    0.00000000000000,
  201,    4, 0.62656250000000, 0.01093750000000, 2.62371793346417, 0.01387213886697, 2.60984579459720, 0.00285862235682,-0.00000000000000, 0.00746056353629, 2.61465994426883, 0.00000000000000, 2.62853208313580,*****************,    0.00000000000000,
  201,    5, 0.62656250000000, 0.01406250000000, 2.62371793346417, 0.01387213886697, 2.60984579459720, 0.00285862235682,-0.00000000000000, 0.00746056353629, 2.61465994426883, 0.00000000000000, 2.62853208313580,*****************,    0.00000000000000,
  202,    1, 0.62968750000000, 0.00156250000000, 2.62123970011407, 0.01396246695891, 2.60727723315515, 0.00286113241228,-0.00000000000000, 0.00745976539959, 2.61209605491480, 0.00000000000000, 2.62605852187372,*****************,    0.00000000000000,
  202,    2, 0.62968750000000, 0.00468750000000, 2.62123970011407, 0.01396246695891, 2.60727723315515, 0.00286113241228,-0.00000000000000, 0.00745976539959, 2.61209605491480, 0.00000000000000, 2.62605852187372,*****************,    0.00000000000000,
  202,    3, 0.62968750000000, 0.00781250000000, 2.62123970011407, 0.01396246695891, 2.60727723315515, 0.00286113241228,-0.00000000000000, 0.00745976539959, 2.61209605491480, 0.00000000000000, 2.62605852187372,*****************,    0.00000000000000,
  202,    4, 0.62968750000000, 0.01093750000000, 2.62123970011407, 0.01396246695891, 2.60727723315515, 0.00286113241228,-0.00000000000000, 0.00745976539959, 2.61209605491480, 0.00000000000000, 2.62605852187372,*****************,    0.00000000000000,
  202,    5, 0.62968750000000, 0.01406250000000, 2.62123970011407, 0.01396246695891, 2.60727723315515, 0.00286113241228,-0.00000000000000, 0.00745976539959, 2.61209605491480, 0.00000000000000, 2.62605852187372,*****************,    0.00000000000000,
  203,    1, 0.63281250000000, 0.00156250000000, 2.61870196732328, 0.01405241314005, 2.60464955418323, 0.00286371211918,-0.00000000000000, 0.00745896649453, 2.60947317046902, 0.00000000000000, 2.62352558360907,*****************,    0.00000000000000,
  203,    2, 0.63281250000000, 0.00468750000000, 2.61870196732328, 0.01405241314005, 2.60464955418323, 0.00286371211918,-0.00000000000000, 0.00745896649453, 2.60947317046902, 0.00000000000000, 2.62352558360907,*****************,    0.00000000000000,
  203,    3, 0.63281250000000, 0.00781250000000, 2.61870196732328, 0.01405241314005, 2.60464955418323, 0.00286371211918,-0.00000000000000, 0.00745896649453, 2.60947317046902, 0.00000000000000, 2.62352558360907,*****************,    0.00000000000000,
  203,    4, 0.63281250000000, 0.01093750000000, 2.61870196732328, 0.01405241314005, 2.60464955418323, 0.00286371211918,-0.00000000000000, 0.00745896649453, 2.60947317046902, 0.00000000000000, 2.62352558360907,*****************,    0.00000000000000,
  203,    5, 0.63281250000000, 0.01406250000000, 2.61870196732328, 0.01405241314005, 2.60464955418323, 0.00286371211918,-0.00000000000000, 0.00745896649453, 2.60947317046902, 0.00000000000000, 2.62352558360907,*****************,    0.00000000000000,
  204,    1, 0.63593750000000, 0.00156250000000, 2.61610497901100, 0.01414196874117, 2.60196301026983, 0.00286636158404,-0.00000000000000, 0.00745816681572, 2.60679154373055, 0.00000000000000, 2.62093351247172,*****************,    0.00000000000000,
  204,    2, 0.63593750000000, 0.00468750000000, 2.61610497901100, 0.01414196874117, 2.60196301026983, 0.00286636158404,-0.00000000000000, 0.00745816681572, 2.60679154373055, 0.00000000000000, 2.62093351247172,*****************,    0.00000000000000,
  204,    3, 0.63593750000000, 0.00781250000000, 2.61610497901100, 0.01414196874117, 2.60196301026983, 0.00286636158404,-0.00000000000000, 0.00745816681572, 2.60679154373055, 0.00000000000000, 2.62093351247172,*****************,    0.00000000000000,
  204,    4, 0.63593750000000, 0.01093750000000, 2.61610497901100, 0.01414196874117, 2.60196301026983, 0.00286636158404,-0.00000000000000, 0.00745816681572, 2.60679154373055, 0.00000000000000, 2.62093351247172,*****************,    0.00000000000000,
  204,    5, 0.63593750000000, 0.01406250000000, 2.61610497901100, 0.01414196874117, 2.60196301026983, 0.00286636158404,-0.00000000000000, 0.00745816681572, 2.60679154373055, 0.00000000000000, 2.62093351247172,*****************,    0.00000000000000,
  205,    1, 0.63906250000000, 0.00156250000000, 2.61344898479153, 0.01423112513073, 2.59921785966080, 0.00286908091645,-0.00000000000000, 0.00745736635885, 2.60405143316014, 0.00000000000000, 2.61828255829087,*****************,    0.00000000000000,
  205,    2, 0.63906250000000, 0.00468750000000, 2.61344898479153, 0.01423112513073, 2.59921785966080, 0.00286908091645,-0.00000000000000, 0.00745736635885, 2.60405143316014, 0.00000000000000, 2.61828255829087,*****************,    0.00000000000000,
  205,    3, 0.63906250000000, 0.00781250000000, 2.61344898479153, 0.01423112513073, 2.59921785966080, 0.00286908091645,-0.00000000000000, 0.00745736635885, 2.60405143316014, 0.00000000000000, 2.61828255829087,*****************,    0.00000000000000,
  205,    4, 0.63906250000000, 0.01093750000000, 2.61344898479153, 0.01423112513073, 2.59921785966080, 0.00286908091645,-0.00000000000000, 0.00745736635885, 2.60405143316014, 0.00000000000000, 2.61828255829087,*****************,    0.00000000000000,
  205,    5, 0.63906250000000, 0.01406250000000, 2.61344898479153, 0.01423112513073, 2.59921785966080, 0.00286908091645,-0.00000000000000, 0.00745736635885, 2.60405143316014, 0.00000000000000, 2.61828255829087,*****************,    0.00000000000000,
  206,    1, 0.64218750000000, 0.00156250000000, 2.61073423995008, 0.01431987371563, 2.59641436623445, 0.00287187022903,-0.00000000000000, 0.00745656512063, 2.60125310285537, 0.00000000000000, 2.61557297657101,*****************,    0.00000000000000,
  206,    2, 0.64218750000000, 0.00468750000000, 2.61073423995008, 0.01431987371563, 2.59641436623445, 0.00287187022903,-0.00000000000000, 0.00745656512063, 2.60125310285537, 0.00000000000000, 2.61557297657101,*****************,    0.00000000000000,
  206,    3, 0.64218750000000, 0.00781250000000, 2.61073423995008, 0.01431987371563, 2.59641436623445, 0.00287187022903,-0.00000000000000, 0.00745656512063, 2.60125310285537, 0.00000000000000, 2.61557297657101,*****************,    0.00000000000000,
  206,    4, 0.64218750000000, 0.01093750000000, 2.61073423995008, 0.01431987371563, 2.59641436623445, 0.00287187022903,-0.00000000000000, 0.00745656512063, 2.60125310285537, 0.00000000000000, 2.61557297657101,*****************,    0.00000000000000,
  206,    5, 0.64218750000000, 0.01406250000000, 2.61073423995008, 0.01431987371563, 2.59641436623445, 0.00287187022903,-0.00000000000000, 0.00745656512063, 2.60125310285537, 0.00000000000000, 2.61557297657101,*****************,    0.00000000000000,
  207,    1, 0.64531250000000, 0.00156250000000, 2.60796100541832, 0.01440820594212, 2.59355279947620, 0.00287472963742,-0.00000000000000, 0.00745576309887, 2.59839682252514, 0.00000000000000, 2.61280502846726,*****************,    0.00000000000000,
  207,    2, 0.64531250000000, 0.00468750000000, 2.60796100541832, 0.01440820594212, 2.59355279947620, 0.00287472963742,-0.00000000000000, 0.00745576309887, 2.59839682252514, 0.00000000000000, 2.61280502846726,*****************,    0.00000000000000,
  207,    3, 0.64531250000000, 0.00781250000000, 2.60796100541832, 0.01440820594212, 2.59355279947620, 0.00287472963742,-0.00000000000000, 0.00745576309887, 2.59839682252514, 0.00000000000000, 2.61280502846726,*****************,    0.00000000000000,
  207,    4, 0.64531250000000, 0.01093750000000, 2.60796100541832, 0.01440820594212, 2.59355279947620, 0.00287472963742,-0.00000000000000, 0.00745576309887, 2.59839682252514, 0.00000000000000, 2.61280502846726,*****************,    0.00000000000000,
  207,    5, 0.64531250000000, 0.01406250000000, 2.60796100541832, 0.01440820594212, 2.59355279947620, 0.00287472963742,-0.00000000000000, 0.00745576309887, 2.59839682252514, 0.00000000000000, 2.61280502846726,*****************,    0.00000000000000,
  208,    1, 0.64843750000000, 0.00156250000000, 2.60512954774932, 0.01449611329655, 2.59063343445277, 0.00287765926023,-0.00000000000000, 0.00745496029251, 2.59548286746368, 0.00000000000000, 2.60997898076022,*****************,    0.00000000000000,
  208,    2, 0.64843750000000, 0.00468750000000, 2.60512954774932, 0.01449611329655, 2.59063343445277, 0.00287765926023,-0.00000000000000, 0.00745496029251, 2.59548286746368, 0.00000000000000, 2.60997898076022,*****************,    0.00000000000000,
  208,    3, 0.64843750000000, 0.00781250000000, 2.60512954774932, 0.01449611329655, 2.59063343445277, 0.00287765926023,-0.00000000000000, 0.00745496029251, 2.59548286746368, 0.00000000000000, 2.60997898076022,*****************,    0.00000000000000,
  208,    4, 0.64843750000000, 0.01093750000000, 2.60512954774932, 0.01449611329655, 2.59063343445277, 0.00287765926023,-0.00000000000000, 0.00745496029251, 2.59548286746368, 0.00000000000000, 2.60997898076022,*****************,    0.00000000000000,
  208,    5, 0.64843750000000, 0.01406250000000, 2.60512954774932, 0.01449611329655, 2.59063343445277, 0.00287765926023,-0.00000000000000, 0.00745496029251, 2.59548286746368, 0.00000000000000, 2.60997898076022,*****************,    0.00000000000000,
  209,    1, 0.65156250000000, 0.00156250000000, 2.60224013909166, 0.01458358730621, 2.58765655178545, 0.00288065921904,-0.00000000000000, 0.00745415670160, 2.59251151852405, 0.00000000000000, 2.60709510583026,*****************,    0.00000000000000,
  209,    2, 0.65156250000000, 0.00468750000000, 2.60224013909166, 0.01458358730621, 2.58765655178545, 0.00288065921904,-0.00000000000000, 0.00745415670160, 2.59251151852405, 0.00000000000000, 2.60709510583026,*****************,    0.00000000000000,
  209,    3, 0.65156250000000, 0.00781250000000, 2.60224013909166, 0.01458358730621, 2.58765655178545, 0.00288065921904,-0.00000000000000, 0.00745415670160, 2.59251151852405, 0.00000000000000, 2.60709510583026,*****************,    0.00000000000000,
  209,    4, 0.65156250000000, 0.01093750000000, 2.60224013909166, 0.01458358730621, 2.58765655178545, 0.00288065921904,-0.00000000000000, 0.00745415670160, 2.59251151852405, 0.00000000000000, 2.60709510583026,*****************,    0.00000000000000,
  209,    5, 0.65156250000000, 0.01406250000000, 2.60224013909166, 0.01458358730621, 2.58765655178545, 0.00288065921904,-0.00000000000000, 0.00745415670160, 2.59251151852405, 0.00000000000000, 2.60709510583026,*****************,    0.00000000000000,
  210,    1, 0.65468750000000, 0.00156250000000, 2.59929305716354, 0.01467061954019, 2.58462243762335, 0.00288372963838,-0.00000000000000, 0.00745335232739, 2.58948306209104, 0.00000000000000, 2.60415368163123,*****************,    0.00000000000000,
  210,    2, 0.65468750000000, 0.00468750000000, 2.59929305716354, 0.01467061954019, 2.58462243762335, 0.00288372963838,-0.00000000000000, 0.00745335232739, 2.58948306209104, 0.00000000000000, 2.60415368163123,*****************,    0.00000000000000,
  210,    3, 0.65468750000000, 0.00781250000000, 2.59929305716354, 0.01467061954019, 2.58462243762335, 0.00288372963838,-0.00000000000000, 0.00745335232739, 2.58948306209104, 0.00000000000000, 2.60415368163123,*****************,    0.00000000000000,
  210,    4, 0.65468750000000, 0.01093750000000, 2.59929305716354, 0.01467061954019, 2.58462243762335, 0.00288372963838,-0.00000000000000, 0.00745335232739, 2.58948306209104, 0.00000000000000, 2.60415368163123,*****************,    0.00000000000000,
  210,    5, 0.65468750000000, 0.01406250000000, 2.59929305716354, 0.01467061954019, 2.58462243762335, 0.00288372963838,-0.00000000000000, 0.00745335232739, 2.58948306209104, 0.00000000000000, 2.60415368163123,*****************,    0.00000000000000,
  211,    1, 0.65781250000000, 0.00156250000000, 2.59628858522589, 0.01475720161014, 2.58153138361574, 0.00288687064570,-0.00000000000000, 0.00745254717231, 2.58639779005359, 0.00000000000000, 2.60115499166373,*****************,    0.00000000000000,
  211,    2, 0.65781250000000, 0.00468750000000, 2.59628858522589, 0.01475720161014, 2.58153138361574, 0.00288687064570,-0.00000000000000, 0.00745254717231, 2.58639779005359, 0.00000000000000, 2.60115499166373,*****************,    0.00000000000000,
  211,    3, 0.65781250000000, 0.00781250000000, 2.59628858522589, 0.01475720161014, 2.58153138361574, 0.00288687064570,-0.00000000000000, 0.00745254717231, 2.58639779005359, 0.00000000000000, 2.60115499166373,*****************,    0.00000000000000,
  211,    4, 0.65781250000000, 0.01093750000000, 2.59628858522589, 0.01475720161014, 2.58153138361574, 0.00288687064570,-0.00000000000000, 0.00745254717231, 2.58639779005359, 0.00000000000000, 2.60115499166373,*****************,    0.00000000000000,
  211,    5, 0.65781250000000, 0.01406250000000, 2.59628858522589, 0.01475720161014, 2.58153138361574, 0.00288687064570,-0.00000000000000, 0.00745254717231, 2.58639779005359, 0.00000000000000, 2.60115499166373,*****************,    0.00000000000000,
  212,    1, 0.66093750000000, 0.00156250000000, 2.59322701205510, 0.01484332517110, 2.57838368688400, 0.00289008237134,-0.00000000000000, 0.00745174124000, 2.58325599977664, 0.00000000000000, 2.59809932494774,*****************,    0.00000000000000,
  212,    2, 0.66093750000000, 0.00468750000000, 2.59322701205510, 0.01484332517110, 2.57838368688400, 0.00289008237134,-0.00000000000000, 0.00745174124000, 2.58325599977664, 0.00000000000000, 2.59809932494774,*****************,    0.00000000000000,
  212,    3, 0.66093750000000, 0.00781250000000, 2.59322701205510, 0.01484332517110, 2.57838368688400, 0.00289008237134,-0.00000000000000, 0.00745174124000, 2.58325599977664, 0.00000000000000, 2.59809932494774,*****************,    0.00000000000000,
  212,    4, 0.66093750000000, 0.01093750000000, 2.59322701205510, 0.01484332517110, 2.57838368688400, 0.00289008237134,-0.00000000000000, 0.00745174124000, 2.58325599977664, 0.00000000000000, 2.59809932494774,*****************,    0.00000000000000,
  212,    5, 0.66093750000000, 0.01406250000000, 2.59322701205510, 0.01484332517110, 2.57838368688400, 0.00289008237134,-0.00000000000000, 0.00745174124000, 2.58325599977664, 0.00000000000000, 2.59809932494774,*****************,    0.00000000000000,
  213,    1, 0.66406250000000, 0.00156250000000, 2.59010863191532, 0.01492898192230, 2.57517964999303, 0.00289336494850,-0.00000000000000, 0.00745093453537, 2.58005799407247, 0.00000000000000, 2.59498697599477,*****************,    0.00000000000000,
  213,    2, 0.66406250000000, 0.00468750000000, 2.59010863191532, 0.01492898192230, 2.57517964999303, 0.00289336494850,-0.00000000000000, 0.00745093453537, 2.58005799407247, 0.00000000000000, 2.59498697599477,*****************,    0.00000000000000,
  213,    3, 0.66406250000000, 0.00781250000000, 2.59010863191532, 0.01492898192230, 2.57517964999303, 0.00289336494850,-0.00000000000000, 0.00745093453537, 2.58005799407247, 0.00000000000000, 2.59498697599477,*****************,    0.00000000000000,
  213,    4, 0.66406250000000, 0.01093750000000, 2.59010863191532, 0.01492898192230, 2.57517964999303, 0.00289336494850,-0.00000000000000, 0.00745093453537, 2.58005799407247, 0.00000000000000, 2.59498697599477,*****************,    0.00000000000000,
  213,    5, 0.66406250000000, 0.01406250000000, 2.59010863191532, 0.01492898192230, 2.57517964999303, 0.00289336494850,-0.00000000000000, 0.00745093453537, 2.58005799407247, 0.00000000000000, 2.59498697599477,*****************,    0.00000000000000,
  214,    1, 0.66718750000000, 0.00156250000000, 2.58693374453017, 0.01501416360796, 2.57191958092221, 0.00289671851323,-0.00000000000000, 0.00745012706459, 2.57680408117154, 0.00000000000000, 2.59181824477950,*****************,    0.00000000000000,
  214,    2, 0.66718750000000, 0.00468750000000, 2.58693374453017, 0.01501416360796, 2.57191958092221, 0.00289671851323,-0.00000000000000, 0.00745012706459, 2.57680408117154, 0.00000000000000, 2.59181824477950,*****************,    0.00000000000000,
  214,    3, 0.66718750000000, 0.00781250000000, 2.58693374453017, 0.01501416360796, 2.57191958092221, 0.00289671851323,-0.00000000000000, 0.00745012706459, 2.57680408117154, 0.00000000000000, 2.59181824477950,*****************,    0.00000000000000,
  214,    4, 0.66718750000000, 0.01093750000000, 2.58693374453017, 0.01501416360796, 2.57191958092221, 0.00289671851323,-0.00000000000000, 0.00745012706459, 2.57680408117154, 0.00000000000000, 2.59181824477950,*****************,    0.00000000000000,
  214,    5, 0.66718750000000, 0.01406250000000, 2.58693374453017, 0.01501416360796, 2.57191958092221, 0.00289671851323,-0.00000000000000, 0.00745012706459, 2.57680408117154, 0.00000000000000, 2.59181824477950,*****************,    0.00000000000000,
  215,    1, 0.67031250000000, 0.00156250000000, 2.58370265505375, 0.01509886201809, 2.56860379303566, 0.00290014320439,-0.00000000000000, 0.00744931883514, 2.57349457469274, 0.00000000000000, 2.58859343671083,*****************,    0.00000000000000,
  215,    2, 0.67031250000000, 0.00468750000000, 2.58370265505375, 0.01509886201809, 2.56860379303566, 0.00290014320439,-0.00000000000000, 0.00744931883514, 2.57349457469274, 0.00000000000000, 2.58859343671083,*****************,    0.00000000000000,
  215,    3, 0.67031250000000, 0.00781250000000, 2.58370265505375, 0.01509886201809, 2.56860379303566, 0.00290014320439,-0.00000000000000, 0.00744931883514, 2.57349457469274, 0.00000000000000, 2.58859343671083,*****************,    0.00000000000000,
  215,    4, 0.67031250000000, 0.01093750000000, 2.58370265505375, 0.01509886201809, 2.56860379303566, 0.00290014320439,-0.00000000000000, 0.00744931883514, 2.57349457469274, 0.00000000000000, 2.58859343671083,*****************,    0.00000000000000,
  215,    5, 0.67031250000000, 0.01406250000000, 2.58370265505375, 0.01509886201809, 2.56860379303566, 0.00290014320439,-0.00000000000000, 0.00744931883514, 2.57349457469274, 0.00000000000000, 2.58859343671083,*****************,    0.00000000000000,
  216,    1, 0.67343750000000, 0.00156250000000, 2.58041567404147, 0.01518306898929, 2.56523260505218, 0.00290363916362,-0.00000000000000, 0.00744850985583, 2.57012979361318, 0.00000000000000, 2.58531286260248,*****************,    0.00000000000000,
  216,    2, 0.67343750000000, 0.00468750000000, 2.58041567404147, 0.01518306898929, 2.56523260505218, 0.00290363916362,-0.00000000000000, 0.00744850985583, 2.57012979361318, 0.00000000000000, 2.58531286260248,*****************,    0.00000000000000,
  216,    3, 0.67343750000000, 0.00781250000000, 2.58041567404147, 0.01518306898929, 2.56523260505218, 0.00290363916362,-0.00000000000000, 0.00744850985583, 2.57012979361318, 0.00000000000000, 2.58531286260248,*****************,    0.00000000000000,
  216,    4, 0.67343750000000, 0.01093750000000, 2.58041567404147, 0.01518306898929, 2.56523260505218, 0.00290363916362,-0.00000000000000, 0.00744850985583, 2.57012979361318, 0.00000000000000, 2.58531286260248,*****************,    0.00000000000000,
  216,    5, 0.67343750000000, 0.01406250000000, 2.58041567404147, 0.01518306898929, 2.56523260505218, 0.00290363916362,-0.00000000000000, 0.00744850985583, 2.57012979361318, 0.00000000000000, 2.58531286260248,*****************,    0.00000000000000,
  217,    1, 0.67656250000000, 0.00156250000000, 2.57707311742004, 0.01526677640552, 2.56180634101452, 0.00290720653532,-0.00000000000000, 0.00744770013683, 2.56671006223749, 0.00000000000000, 2.58197683864300,*****************,    0.00000000000000,
  217,    2, 0.67656250000000, 0.00468750000000, 2.57707311742004, 0.01526677640552, 2.56180634101452, 0.00290720653532,-0.00000000000000, 0.00744770013683, 2.56671006223749, 0.00000000000000, 2.58197683864300,*****************,    0.00000000000000,
  217,    3, 0.67656250000000, 0.00781250000000, 2.57707311742004, 0.01526677640552, 2.56180634101452, 0.00290720653532,-0.00000000000000, 0.00744770013683, 2.56671006223749, 0.00000000000000, 2.58197683864300,*****************,    0.00000000000000,
  217,    4, 0.67656250000000, 0.01093750000000, 2.57707311742004, 0.01526677640552, 2.56180634101452, 0.00290720653532,-0.00000000000000, 0.00744770013683, 2.56671006223749, 0.00000000000000, 2.58197683864300,*****************,    0.00000000000000,
  217,    5, 0.67656250000000, 0.01406250000000, 2.57707311742004, 0.01526677640552, 2.56180634101452, 0.00290720653532,-0.00000000000000, 0.00744770013683, 2.56671006223749, 0.00000000000000, 2.58197683864300,*****************,    0.00000000000000,
  218,    1, 0.67968750000000, 0.00156250000000, 2.57367530645717, 0.01534997619887, 2.55832533025830, 0.00291084546660, 0.00000000000000, 0.00744688968967, 2.56323571016647, 0.00000000000000, 2.57858568636534,*****************,    0.00000000000000,
  218,    2, 0.67968750000000, 0.00468750000000, 2.57367530645717, 0.01534997619887, 2.55832533025830, 0.00291084546660, 0.00000000000000, 0.00744688968967, 2.56323571016647, 0.00000000000000, 2.57858568636534,*****************,    0.00000000000000,
  218,    3, 0.67968750000000, 0.00781250000000, 2.57367530645717, 0.01534997619887, 2.55832533025830, 0.00291084546660, 0.00000000000000, 0.00744688968967, 2.56323571016647, 0.00000000000000, 2.57858568636534,*****************,    0.00000000000000,
  218,    4, 0.67968750000000, 0.01093750000000, 2.57367530645717, 0.01534997619887, 2.55832533025830, 0.00291084546660, 0.00000000000000, 0.00744688968967, 2.56323571016647, 0.00000000000000, 2.57858568636534,*****************,    0.00000000000000,
  218,    5, 0.67968750000000, 0.01406250000000, 2.57367530645717, 0.01534997619887, 2.55832533025830, 0.00291084546660, 0.00000000000000, 0.00744688968967, 2.56323571016647, 0.00000000000000, 2.57858568636534,*****************,    0.00000000000000,
  219,    1, 0.68281250000000, 0.00156250000000, 2.57022256773058, 0.01543266035038, 2.55478990738020, 0.00291455610726,-0.00000000000000, 0.00744607852733, 2.55970707226542, 0.00000000000000, 2.57513973261581,*****************,    0.00000000000000,
  219,    2, 0.68281250000000, 0.00468750000000, 2.57022256773058, 0.01543266035038, 2.55478990738020, 0.00291455610726,-0.00000000000000, 0.00744607852733, 2.55970707226542, 0.00000000000000, 2.57513973261581,*****************,    0.00000000000000,
  219,    3, 0.68281250000000, 0.00781250000000, 2.57022256773058, 0.01543266035038, 2.55478990738020, 0.00291455610726,-0.00000000000000, 0.00744607852733, 2.55970707226542, 0.00000000000000, 2.57513973261581,*****************,    0.00000000000000,
  219,    4, 0.68281250000000, 0.01093750000000, 2.57022256773058, 0.01543266035038, 2.55478990738020, 0.00291455610726,-0.00000000000000, 0.00744607852733, 2.55970707226542, 0.00000000000000, 2.57513973261581,*****************,    0.00000000000000,
  219,    5, 0.68281250000000, 0.01406250000000, 2.57022256773058, 0.01543266035038, 2.55478990738020, 0.00291455610726,-0.00000000000000, 0.00744607852733, 2.55970707226542, 0.00000000000000, 2.57513973261581,*****************,    0.00000000000000,
  220,    1, 0.68593750000000, 0.00156250000000, 2.56671523309672, 0.01551482089078, 2.55120041220594, 0.00291833860976,-0.00000000000000, 0.00744526666418, 2.55612448863181, 0.00000000000000, 2.57163930952259,*****************,    0.00000000000000,
  220,    2, 0.68593750000000, 0.00468750000000, 2.56671523309672, 0.01551482089078, 2.55120041220594, 0.00291833860976,-0.00000000000000, 0.00744526666418, 2.55612448863181, 0.00000000000000, 2.57163930952259,*****************,    0.00000000000000,
  220,    3, 0.68593750000000, 0.00781250000000, 2.56671523309672, 0.01551482089078, 2.55120041220594, 0.00291833860976,-0.00000000000000, 0.00744526666418, 2.55612448863181, 0.00000000000000, 2.57163930952259,*****************,    0.00000000000000,
  220,    4, 0.68593750000000, 0.01093750000000, 2.56671523309672, 0.01551482089078, 2.55120041220594, 0.00291833860976,-0.00000000000000, 0.00744526666418, 2.55612448863181, 0.00000000000000, 2.57163930952259,*****************,    0.00000000000000,
  220,    5, 0.68593750000000, 0.01406250000000, 2.56671523309672, 0.01551482089078, 2.55120041220594, 0.00291833860976,-0.00000000000000, 0.00744526666418, 2.55612448863181, 0.00000000000000, 2.57163930952259,*****************,    0.00000000000000,
  221,    1, 0.68906250000000, 0.00156250000000, 2.56315363965867, 0.01559644990127, 2.54755718975740, 0.00292219312918,-0.00000000000000, 0.00744445411610, 2.55248830456249, 0.00000000000000, 2.56808475446376,*****************,    0.00000000000000,
  221,    2, 0.68906250000000, 0.00468750000000, 2.56315363965867, 0.01559644990127, 2.54755718975740, 0.00292219312918,-0.00000000000000, 0.00744445411610, 2.55248830456249, 0.00000000000000, 2.56808475446376,*****************,    0.00000000000000,
  221,    3, 0.68906250000000, 0.00781250000000, 2.56315363965867, 0.01559644990127, 2.54755718975740, 0.00292219312918,-0.00000000000000, 0.00744445411610, 2.55248830456249, 0.00000000000000, 2.56808475446376,*****************,    0.00000000000000,
  221,    4, 0.68906250000000, 0.01093750000000, 2.56315363965867, 0.01559644990127, 2.54755718975740, 0.00292219312918,-0.00000000000000, 0.00744445411610, 2.55248830456249, 0.00000000000000, 2.56808475446376,*****************,    0.00000000000000,
  221,    5, 0.68906250000000, 0.01406250000000, 2.56315363965867, 0.01559644990127, 2.54755718975740, 0.00292219312918,-0.00000000000000, 0.00744445411610, 2.55248830456249, 0.00000000000000, 2.56808475446376,*****************,    0.00000000000000,
  222,    1, 0.69218750000000, 0.00156250000000, 2.55953812973390, 0.01567753951426, 2.54386059021964, 0.00292611982317,-0.00000000000000, 0.00744364090043, 2.54879887052046, 0.00000000000000, 2.56447641003472,*****************,    0.00000000000000,
  222,    2, 0.69218750000000, 0.00468750000000, 2.55953812973390, 0.01567753951426, 2.54386059021964, 0.00292611982317,-0.00000000000000, 0.00744364090043, 2.54879887052046, 0.00000000000000, 2.56447641003472,*****************,    0.00000000000000,
  222,    3, 0.69218750000000, 0.00781250000000, 2.55953812973390, 0.01567753951426, 2.54386059021964, 0.00292611982317,-0.00000000000000, 0.00744364090043, 2.54879887052046, 0.00000000000000, 2.56447641003472,*****************,    0.00000000000000,
  222,    4, 0.69218750000000, 0.01093750000000, 2.55953812973390, 0.01567753951426, 2.54386059021964, 0.00292611982317,-0.00000000000000, 0.00744364090043, 2.54879887052046, 0.00000000000000, 2.56447641003472,*****************,    0.00000000000000,
  222,    5, 0.69218750000000, 0.01406250000000, 2.55953812973390, 0.01567753951426, 2.54386059021964, 0.00292611982317,-0.00000000000000, 0.00744364090043, 2.54879887052046, 0.00000000000000, 2.56447641003472,*****************,    0.00000000000000,
  223,    1, 0.69531250000000, 0.00156250000000, 2.55586905082117, 0.01575808191418, 2.54011096890699, 0.00293011885195,-0.00000000000000, 0.00744282703604, 2.54505654210106, 0.00000000000000, 2.56081462401523,*****************,    0.00000000000000,
  223,    2, 0.69531250000000, 0.00468750000000, 2.55586905082117, 0.01575808191418, 2.54011096890699, 0.00293011885195,-0.00000000000000, 0.00744282703604, 2.54505654210106, 0.00000000000000, 2.56081462401523,*****************,    0.00000000000000,
  223,    3, 0.69531250000000, 0.00781250000000, 2.55586905082117, 0.01575808191418, 2.54011096890699, 0.00293011885195,-0.00000000000000, 0.00744282703604, 2.54505654210106, 0.00000000000000, 2.56081462401523,*****************,    0.00000000000000,
  223,    4, 0.69531250000000, 0.01093750000000, 2.55586905082117, 0.01575808191418, 2.54011096890699, 0.00293011885195,-0.00000000000000, 0.00744282703604, 2.54505654210106, 0.00000000000000, 2.56081462401523,*****************,    0.00000000000000,
  223,    5, 0.69531250000000, 0.01406250000000, 2.55586905082117, 0.01575808191418, 2.54011096890699, 0.00293011885195,-0.00000000000000, 0.00744282703604, 2.54505654210106, 0.00000000000000, 2.56081462401523,*****************,    0.00000000000000,
  224,    1, 0.69843750000000, 0.00156250000000, 2.55214675556733, 0.01583806933818, 2.53630868622915, 0.00293419037822,-0.00000000000000, 0.00744201254334, 2.54126167999767, 0.00000000000000, 2.55709974933585,*****************,    0.00000000000000,
  224,    2, 0.69843750000000, 0.00468750000000, 2.55214675556733, 0.01583806933818, 2.53630868622915, 0.00293419037822,-0.00000000000000, 0.00744201254334, 2.54126167999767, 0.00000000000000, 2.55709974933585,*****************,    0.00000000000000,
  224,    3, 0.69843750000000, 0.00781250000000, 2.55214675556733, 0.01583806933818, 2.53630868622915, 0.00293419037822,-0.00000000000000, 0.00744201254334, 2.54126167999767, 0.00000000000000, 2.55709974933585,*****************,    0.00000000000000,
  224,    4, 0.69843750000000, 0.01093750000000, 2.55214675556733, 0.01583806933818, 2.53630868622915, 0.00293419037822,-0.00000000000000, 0.00744201254334, 2.54126167999767, 0.00000000000000, 2.55709974933585,*****************,    0.00000000000000,
  224,    5, 0.69843750000000, 0.01406250000000, 2.55214675556733, 0.01583806933818, 2.53630868622915, 0.00293419037822,-0.00000000000000, 0.00744201254334, 2.54126167999767, 0.00000000000000, 2.55709974933585,*****************,    0.00000000000000,
  225,    1, 0.70156250000000, 0.00156250000000, 2.54837160173321, 0.01591749407690, 2.53245410765631, 0.00293833456717,-0.00000000000000, 0.00744119744430, 2.53741464996701, 0.00000000000000, 2.55333214404392,*****************,    0.00000000000000,
  225,    2, 0.70156250000000, 0.00468750000000, 2.54837160173321, 0.01591749407690, 2.53245410765631, 0.00293833456717,-0.00000000000000, 0.00744119744430, 2.53741464996701, 0.00000000000000, 2.55333214404392,*****************,    0.00000000000000,
  225,    3, 0.70156250000000, 0.00781250000000, 2.54837160173321, 0.01591749407690, 2.53245410765631, 0.00293833456717,-0.00000000000000, 0.00744119744430, 2.53741464996701, 0.00000000000000, 2.55333214404392,*****************,    0.00000000000000,
  225,    4, 0.70156250000000, 0.01093750000000, 2.54837160173321, 0.01591749407690, 2.53245410765631, 0.00293833456717,-0.00000000000000, 0.00744119744430, 2.53741464996701, 0.00000000000000, 2.55333214404392,*****************,    0.00000000000000,
  225,    5, 0.70156250000000, 0.01406250000000, 2.54837160173321, 0.01591749407690, 2.53245410765631, 0.00293833456717,-0.00000000000000, 0.00744119744430, 2.53741464996701, 0.00000000000000, 2.55333214404392,*****************,    0.00000000000000,
  226,    1, 0.70468750000000, 0.00156250000000, 2.54454395215927, 0.01599634847523, 2.52854760368404, 0.00294255158640,-0.00000000000000, 0.00744038176250, 2.53351582279385, 0.00000000000000, 2.54951217126908,*****************,    0.00000000000000,
  226,    2, 0.70468750000000, 0.00468750000000, 2.54454395215927, 0.01599634847523, 2.52854760368404, 0.00294255158640,-0.00000000000000, 0.00744038176250, 2.53351582279385, 0.00000000000000, 2.54951217126908,*****************,    0.00000000000000,
  226,    3, 0.70468750000000, 0.00781250000000, 2.54454395215927, 0.01599634847523, 2.52854760368404, 0.00294255158640,-0.00000000000000, 0.00744038176250, 2.53351582279385, 0.00000000000000, 2.54951217126908,*****************,    0.00000000000000,
  226,    4, 0.70468750000000, 0.01093750000000, 2.54454395215927, 0.01599634847523, 2.52854760368404, 0.00294255158640,-0.00000000000000, 0.00744038176250, 2.53351582279385, 0.00000000000000, 2.54951217126908,*****************,    0.00000000000000,
  226,    5, 0.70468750000000, 0.01406250000000, 2.54454395215927, 0.01599634847523, 2.52854760368404, 0.00294255158640,-0.00000000000000, 0.00744038176250, 2.53351582279385, 0.00000000000000, 2.54951217126908,*****************,    0.00000000000000,
  227,    1, 0.70781250000000, 0.00156250000000, 2.54066417473079, 0.01607462493302, 2.52458954979777, 0.00294684160589,-0.00000000000000, 0.00743956552315, 2.52956557425525, 0.00000000000000, 2.54564019918827,*****************,    0.00000000000000,
  227,    2, 0.70781250000000, 0.00468750000000, 2.54066417473079, 0.01607462493302, 2.52458954979777, 0.00294684160589,-0.00000000000000, 0.00743956552315, 2.52956557425525, 0.00000000000000, 2.54564019918827,*****************,    0.00000000000000,
  227,    3, 0.70781250000000, 0.00781250000000, 2.54066417473079, 0.01607462493302, 2.52458954979777, 0.00294684160589,-0.00000000000000, 0.00743956552315, 2.52956557425525, 0.00000000000000, 2.54564019918827,*****************,    0.00000000000000,
  227,    4, 0.70781250000000, 0.01093750000000, 2.54066417473079, 0.01607462493302, 2.52458954979777, 0.00294684160589,-0.00000000000000, 0.00743956552315, 2.52956557425525, 0.00000000000000, 2.54564019918827,*****************,    0.00000000000000,
  227,    5, 0.70781250000000, 0.01406250000000, 2.54066417473079, 0.01607462493302, 2.52458954979777, 0.00294684160589,-0.00000000000000, 0.00743956552315, 2.52956557425525, 0.00000000000000, 2.54564019918827,*****************,    0.00000000000000,
  228,    1, 0.71093750000000, 0.00156250000000, 2.53673264234238, 0.01615231590581, 2.52058032643657, 0.00295120479798,-0.00000000000000, 0.00743874875308, 2.52556428508440, 0.00000000000000, 2.54171660099021,*****************,    0.00000000000000,
  228,    2, 0.71093750000000, 0.00468750000000, 2.53673264234238, 0.01615231590581, 2.52058032643657, 0.00295120479798,-0.00000000000000, 0.00743874875308, 2.52556428508440, 0.00000000000000, 2.54171660099021,*****************,    0.00000000000000,
  228,    3, 0.71093750000000, 0.00781250000000, 2.53673264234238, 0.01615231590581, 2.52058032643657, 0.00295120479798,-0.00000000000000, 0.00743874875308, 2.52556428508440, 0.00000000000000, 2.54171660099021,*****************,    0.00000000000000,
  228,    4, 0.71093750000000, 0.01093750000000, 2.53673264234238, 0.01615231590581, 2.52058032643657, 0.00295120479798,-0.00000000000000, 0.00743874875308, 2.52556428508440, 0.00000000000000, 2.54171660099021,*****************,    0.00000000000000,
  228,    5, 0.71093750000000, 0.01406250000000, 2.53673264234238, 0.01615231590581, 2.52058032643657, 0.00295120479798,-0.00000000000000, 0.00743874875308, 2.52556428508440, 0.00000000000000, 2.54171660099021,*****************,    0.00000000000000,
  229,    1, 0.71406250000000, 0.00156250000000, 2.53274973286224, 0.01622941390558, 2.51652031895666, 0.00295564133728,-0.00000000000000, 0.00743793148081, 2.52151234093388, 0.00000000000000, 2.53774175483946,*****************,    0.00000000000000,
  229,    2, 0.71406250000000, 0.00468750000000, 2.53274973286224, 0.01622941390558, 2.51652031895666, 0.00295564133728,-0.00000000000000, 0.00743793148081, 2.52151234093388, 0.00000000000000, 2.53774175483946,*****************,    0.00000000000000,
  229,    3, 0.71406250000000, 0.00781250000000, 2.53274973286224, 0.01622941390558, 2.51652031895666, 0.00295564133728,-0.00000000000000, 0.00743793148081, 2.52151234093388, 0.00000000000000, 2.53774175483946,*****************,    0.00000000000000,
  229,    4, 0.71406250000000, 0.01093750000000, 2.53274973286224, 0.01622941390558, 2.51652031895666, 0.00295564133728,-0.00000000000000, 0.00743793148081, 2.52151234093388, 0.00000000000000, 2.53774175483946,*****************,    0.00000000000000,
  229,    5, 0.71406250000000, 0.01406250000000, 2.53274973286224, 0.01622941390558, 2.51652031895666, 0.00295564133728,-0.00000000000000, 0.00743793148081, 2.52151234093388, 0.00000000000000, 2.53774175483946,*****************,    0.00000000000000,
  230,    1, 0.71718750000000, 0.00156250000000, 2.52871582909573, 0.01630591150148, 2.51240991759425, 0.00296015140065,-0.00000000000000, 0.00743711373658, 2.51741013233848, 0.00000000000000, 2.53371604383997,*****************,    0.00000000000000,
  230,    2, 0.71718750000000, 0.00468750000000, 2.52871582909573, 0.01630591150148, 2.51240991759425, 0.00296015140065,-0.00000000000000, 0.00743711373658, 2.51741013233848, 0.00000000000000, 2.53371604383997,*****************,    0.00000000000000,
  230,    3, 0.71718750000000, 0.00781250000000, 2.52871582909573, 0.01630591150148, 2.51240991759425, 0.00296015140065,-0.00000000000000, 0.00743711373658, 2.51741013233848, 0.00000000000000, 2.53371604383997,*****************,    0.00000000000000,
  230,    4, 0.71718750000000, 0.01093750000000, 2.52871582909573, 0.01630591150148, 2.51240991759425, 0.00296015140065,-0.00000000000000, 0.00743711373658, 2.51741013233848, 0.00000000000000, 2.53371604383997,*****************,    0.00000000000000,
  230,    5, 0.71718750000000, 0.01406250000000, 2.52871582909573, 0.01630591150148, 2.51240991759425, 0.00296015140065,-0.00000000000000, 0.00743711373658, 2.51741013233848, 0.00000000000000, 2.53371604383997,*****************,    0.00000000000000,
  231,    1, 0.72031250000000, 0.00156250000000, 2.52463131874859, 0.01638180132051, 2.50824951742809, 0.00296473516715,-0.00000000000000, 0.00743629555231, 2.51325805467763, 0.00000000000000, 2.52963985599814,*****************,    0.00000000000000,
  231,    2, 0.72031250000000, 0.00468750000000, 2.52463131874859, 0.01638180132051, 2.50824951742809, 0.00296473516715,-0.00000000000000, 0.00743629555231, 2.51325805467763, 0.00000000000000, 2.52963985599814,*****************,    0.00000000000000,
  231,    3, 0.72031250000000, 0.00781250000000, 2.52463131874859, 0.01638180132051, 2.50824951742809, 0.00296473516715,-0.00000000000000, 0.00743629555231, 2.51325805467763, 0.00000000000000, 2.52963985599814,*****************,    0.00000000000000,
  231,    4, 0.72031250000000, 0.01093750000000, 2.52463131874859, 0.01638180132051, 2.50824951742809, 0.00296473516715,-0.00000000000000, 0.00743629555231, 2.51325805467763, 0.00000000000000, 2.52963985599814,*****************,    0.00000000000000,
  231,    5, 0.72031250000000, 0.01406250000000, 2.52463131874859, 0.01638180132051, 2.50824951742809, 0.00296473516715,-0.00000000000000, 0.00743629555231, 2.51325805467763, 0.00000000000000, 2.52963985599814,*****************,    0.00000000000000,
  232,    1, 0.72343750000000, 0.00156250000000, 2.52049659438981, 0.01645707604824, 2.50403951834158, 0.00296939281798,-0.00000000000000, 0.00743547696170, 2.50905650813720, 0.00000000000000, 2.52551358418543,*****************,    0.00000000000000,
  232,    2, 0.72343750000000, 0.00468750000000, 2.52049659438981, 0.01645707604824, 2.50403951834158, 0.00296939281798,-0.00000000000000, 0.00743547696170, 2.50905650813720, 0.00000000000000, 2.52551358418543,*****************,    0.00000000000000,
  232,    3, 0.72343750000000, 0.00781250000000, 2.52049659438981, 0.01645707604824, 2.50403951834158, 0.00296939281798,-0.00000000000000, 0.00743547696170, 2.50905650813720, 0.00000000000000, 2.52551358418543,*****************,    0.00000000000000,
  232,    4, 0.72343750000000, 0.01093750000000, 2.52049659438981, 0.01645707604824, 2.50403951834158, 0.00296939281798,-0.00000000000000, 0.00743547696170, 2.50905650813720, 0.00000000000000, 2.52551358418543,*****************,    0.00000000000000,
  232,    5, 0.72343750000000, 0.01406250000000, 2.52049659438981, 0.01645707604824, 2.50403951834158, 0.00296939281798,-0.00000000000000, 0.00743547696170, 2.50905650813720, 0.00000000000000, 2.52551358418543,*****************,    0.00000000000000,
  233,    1, 0.72656250000000, 0.00156250000000, 2.51631205341363, 0.01653172842954, 2.49978032498409, 0.00297412453644,-0.00000000000000, 0.00743465800023, 2.50480589767099, 0.00000000000000, 2.52133762610053,*****************,    0.00000000000000,
  233,    2, 0.72656250000000, 0.00468750000000, 2.51631205341363, 0.01653172842954, 2.49978032498409, 0.00297412453644,-0.00000000000000, 0.00743465800023, 2.50480589767099, 0.00000000000000, 2.52133762610053,*****************,    0.00000000000000,
  233,    3, 0.72656250000000, 0.00781250000000, 2.51631205341363, 0.01653172842954, 2.49978032498409, 0.00297412453644,-0.00000000000000, 0.00743465800023, 2.50480589767099, 0.00000000000000, 2.52133762610053,*****************,    0.00000000000000,
  233,    4, 0.72656250000000, 0.01093750000000, 2.51631205341363, 0.01653172842954, 2.49978032498409, 0.00297412453644,-0.00000000000000, 0.00743465800023, 2.50480589767099, 0.00000000000000, 2.52133762610053,*****************,    0.00000000000000,
  233,    5, 0.72656250000000, 0.01406250000000, 2.51631205341363, 0.01653172842954, 2.49978032498409, 0.00297412453644,-0.00000000000000, 0.00743465800023, 2.50480589767099, 0.00000000000000, 2.52133762610053,*****************,    0.00000000000000,
  234,    1, 0.72968750000000, 0.00156250000000, 2.51207809800156, 0.01660575126926, 2.49547234673230, 0.00297893050785,-0.00000000000000, 0.00743383870516, 2.50050663296169, 0.00000000000000, 2.51711238423095,*****************,    0.00000000000000,
  234,    2, 0.72968750000000, 0.00468750000000, 2.51207809800156, 0.01660575126926, 2.49547234673230, 0.00297893050785,-0.00000000000000, 0.00743383870516, 2.50050663296169, 0.00000000000000, 2.51711238423095,*****************,    0.00000000000000,
  234,    3, 0.72968750000000, 0.00781250000000, 2.51207809800156, 0.01660575126926, 2.49547234673230, 0.00297893050785,-0.00000000000000, 0.00743383870516, 2.50050663296169, 0.00000000000000, 2.51711238423095,*****************,    0.00000000000000,
  234,    4, 0.72968750000000, 0.01093750000000, 2.51207809800156, 0.01660575126926, 2.49547234673230, 0.00297893050785,-0.00000000000000, 0.00743383870516, 2.50050663296169, 0.00000000000000, 2.51711238423095,*****************,    0.00000000000000,
  234,    5, 0.72968750000000, 0.01406250000000, 2.51207809800156, 0.01660575126926, 2.49547234673230, 0.00297893050785,-0.00000000000000, 0.00743383870516, 2.50050663296169, 0.00000000000000, 2.51711238423095,*****************,    0.00000000000000,
  235,    1, 0.73281250000000, 0.00156250000000, 2.50779513508364, 0.01667913743292, 2.49111599765072, 0.00298381091952,-0.00000000000000, 0.00743301911559, 2.49615912838138, 0.00000000000000, 2.51283826581430,*****************,    0.00000000000000,
  235,    2, 0.73281250000000, 0.00468750000000, 2.50779513508364, 0.01667913743292, 2.49111599765072, 0.00298381091952,-0.00000000000000, 0.00743301911559, 2.49615912838138, 0.00000000000000, 2.51283826581430,*****************,    0.00000000000000,
  235,    3, 0.73281250000000, 0.00781250000000, 2.50779513508364, 0.01667913743292, 2.49111599765072, 0.00298381091952,-0.00000000000000, 0.00743301911559, 2.49615912838138, 0.00000000000000, 2.51283826581430,*****************,    0.00000000000000,
  235,    4, 0.73281250000000, 0.01093750000000, 2.50779513508364, 0.01667913743292, 2.49111599765072, 0.00298381091952,-0.00000000000000, 0.00743301911559, 2.49615912838138, 0.00000000000000, 2.51283826581430,*****************,    0.00000000000000,
  235,    5, 0.73281250000000, 0.01406250000000, 2.50779513508364, 0.01667913743292, 2.49111599765072, 0.00298381091952,-0.00000000000000, 0.00743301911559, 2.49615912838138, 0.00000000000000, 2.51283826581430,*****************,    0.00000000000000,
  236,    1, 0.73593750000000, 0.00156250000000, 2.50346357629933, 0.01675187984742, 2.48671169645191, 0.00298876596071,-0.00000000000000, 0.00743219927246, 2.49176380295160, 0.00000000000000, 2.50851568279901,*****************,    0.00000000000000,
  236,    2, 0.73593750000000, 0.00468750000000, 2.50346357629933, 0.01675187984742, 2.48671169645191, 0.00298876596071,-0.00000000000000, 0.00743219927246, 2.49176380295160, 0.00000000000000, 2.50851568279901,*****************,    0.00000000000000,
  236,    3, 0.73593750000000, 0.00781250000000, 2.50346357629933, 0.01675187984742, 2.48671169645191, 0.00298876596071,-0.00000000000000, 0.00743219927246, 2.49176380295160, 0.00000000000000, 2.50851568279901,*****************,    0.00000000000000,
  236,    4, 0.73593750000000, 0.01093750000000, 2.50346357629933, 0.01675187984742, 2.48671169645191, 0.00298876596071,-0.00000000000000, 0.00743219927246, 2.49176380295160, 0.00000000000000, 2.50851568279901,*****************,    0.00000000000000,
  236,    5, 0.73593750000000, 0.01406250000000, 2.50346357629933, 0.01675187984742, 2.48671169645191, 0.00298876596071,-0.00000000000000, 0.00743219927246, 2.49176380295160, 0.00000000000000, 2.50851568279901,*****************,    0.00000000000000,
  237,    1, 0.73906250000000, 0.00156250000000, 2.49908383795793, 0.01682397150168, 2.48225986645625, 0.00299379582251,-0.00000000000000, 0.00743137921857, 2.48732108030295, 0.00000000000000, 2.50414505180464,*****************,    0.00000000000000,
  237,    2, 0.73906250000000, 0.00468750000000, 2.49908383795793, 0.01682397150168, 2.48225986645625, 0.00299379582251,-0.00000000000000, 0.00743137921857, 2.48732108030295, 0.00000000000000, 2.50414505180464,*****************,    0.00000000000000,
  237,    3, 0.73906250000000, 0.00781250000000, 2.49908383795793, 0.01682397150168, 2.48225986645625, 0.00299379582251,-0.00000000000000, 0.00743137921857, 2.48732108030295, 0.00000000000000, 2.50414505180464,*****************,    0.00000000000000,
  237,    4, 0.73906250000000, 0.01093750000000, 2.49908383795793, 0.01682397150168, 2.48225986645625, 0.00299379582251,-0.00000000000000, 0.00743137921857, 2.48732108030295, 0.00000000000000, 2.50414505180464,*****************,    0.00000000000000,
  237,    5, 0.73906250000000, 0.01406250000000, 2.49908383795793, 0.01682397150168, 2.48225986645625, 0.00299379582251,-0.00000000000000, 0.00743137921857, 2.48732108030295, 0.00000000000000, 2.50414505180464,*****************,    0.00000000000000,
  238,    1, 0.74218750000000, 0.00156250000000, 2.49465634099861, 0.01689540544737, 2.47776093555124, 0.00299890069781,-0.00000000000000, 0.00743055899864, 2.48283138863431, 0.00000000000000, 2.49972679408168,*****************,    0.00000000000000,
  238,    2, 0.74218750000000, 0.00468750000000, 2.49465634099861, 0.01689540544737, 2.47776093555124, 0.00299890069781,-0.00000000000000, 0.00743055899864, 2.48283138863431, 0.00000000000000, 2.49972679408168,*****************,    0.00000000000000,
  238,    3, 0.74218750000000, 0.00781250000000, 2.49465634099861, 0.01689540544737, 2.47776093555124, 0.00299890069781,-0.00000000000000, 0.00743055899864, 2.48283138863431, 0.00000000000000, 2.49972679408168,*****************,    0.00000000000000,
  238,    4, 0.74218750000000, 0.01093750000000, 2.49465634099861, 0.01689540544737, 2.47776093555124, 0.00299890069781,-0.00000000000000, 0.00743055899864, 2.48283138863431, 0.00000000000000, 2.49972679408168,*****************,    0.00000000000000,
  238,    5, 0.74218750000000, 0.01406250000000, 2.49465634099861, 0.01689540544737, 2.47776093555124, 0.00299890069781,-0.00000000000000, 0.00743055899864, 2.48283138863431, 0.00000000000000, 2.49972679408168,*****************,    0.00000000000000,
  239,    1, 0.74531250000000, 0.00156250000000, 2.49018151094995, 0.01696617479953, 2.47321533615042, 0.00300408078128,-0.00000000000000, 0.00742973865930, 2.47829516067149, 0.00000000000000, 2.49526133547102,*****************,    0.00000000000000,
  239,    2, 0.74531250000000, 0.00468750000000, 2.49018151094995, 0.01696617479953, 2.47321533615042, 0.00300408078128,-0.00000000000000, 0.00742973865930, 2.47829516067149, 0.00000000000000, 2.49526133547102,*****************,    0.00000000000000,
  239,    3, 0.74531250000000, 0.00781250000000, 2.49018151094995, 0.01696617479953, 2.47321533615042, 0.00300408078128,-0.00000000000000, 0.00742973865930, 2.47829516067149, 0.00000000000000, 2.49526133547102,*****************,    0.00000000000000,
  239,    4, 0.74531250000000, 0.01093750000000, 2.49018151094995, 0.01696617479953, 2.47321533615042, 0.00300408078128,-0.00000000000000, 0.00742973865930, 2.47829516067149, 0.00000000000000, 2.49526133547102,*****************,    0.00000000000000,
  239,    5, 0.74531250000000, 0.01406250000000, 2.49018151094995, 0.01696617479953, 2.47321533615042, 0.00300408078128,-0.00000000000000, 0.00742973865930, 2.47829516067149, 0.00000000000000, 2.49526133547102,*****************,    0.00000000000000,
  240,    1, 0.74843750000000, 0.00156250000000, 2.48565977788904, 0.01703627273726, 2.46862350515178, 0.00300933626922,-0.00000000000000, 0.00742891824910, 2.47371283362559, 0.00000000000000, 2.49074910636286,*****************,    0.00000000000000,
  240,    2, 0.74843750000000, 0.00468750000000, 2.48565977788904, 0.01703627273726, 2.46862350515178, 0.00300933626922,-0.00000000000000, 0.00742891824910, 2.47371283362559, 0.00000000000000, 2.49074910636286,*****************,    0.00000000000000,
  240,    3, 0.74843750000000, 0.00781250000000, 2.48565977788904, 0.01703627273726, 2.46862350515178, 0.00300933626922,-0.00000000000000, 0.00742891824910, 2.47371283362559, 0.00000000000000, 2.49074910636286,*****************,    0.00000000000000,
  240,    4, 0.74843750000000, 0.01093750000000, 2.48565977788904, 0.01703627273726, 2.46862350515178, 0.00300933626922,-0.00000000000000, 0.00742891824910, 2.47371283362559, 0.00000000000000, 2.49074910636286,*****************,    0.00000000000000,
  240,    5, 0.74843750000000, 0.01406250000000, 2.48565977788904, 0.01703627273726, 2.46862350515178, 0.00300933626922,-0.00000000000000, 0.00742891824910, 2.47371283362559, 0.00000000000000, 2.49074910636286,*****************,    0.00000000000000,
  241,    1, 0.75156250000000, 0.00156250000000, 2.48109157640015, 0.01710569250438, 2.46398588389577, 0.00301466735955,-0.00000000000000, 0.00742809781858, 2.46908484915083, 0.00000000000000, 2.48619054165521,*****************,    0.00000000000000,
  241,    2, 0.75156250000000, 0.00468750000000, 2.48109157640015, 0.01710569250438, 2.46398588389577, 0.00301466735955,-0.00000000000000, 0.00742809781858, 2.46908484915083, 0.00000000000000, 2.48619054165521,*****************,    0.00000000000000,
  241,    3, 0.75156250000000, 0.00781250000000, 2.48109157640015, 0.01710569250438, 2.46398588389577, 0.00301466735955,-0.00000000000000, 0.00742809781858, 2.46908484915083, 0.00000000000000, 2.48619054165521,*****************,    0.00000000000000,
  241,    4, 0.75156250000000, 0.01093750000000, 2.48109157640015, 0.01710569250438, 2.46398588389577, 0.00301466735955,-0.00000000000000, 0.00742809781858, 2.46908484915083, 0.00000000000000, 2.48619054165521,*****************,    0.00000000000000,
  241,    5, 0.75156250000000, 0.01406250000000, 2.48109157640015, 0.01710569250438, 2.46398588389577, 0.00301466735955,-0.00000000000000, 0.00742809781858, 2.46908484915083, 0.00000000000000, 2.48619054165521,*****************,    0.00000000000000,
  242,    1, 0.75468750000000, 0.00156250000000, 2.47647734553298, 0.01717442741007, 2.45930291812291, 0.00302007425174,-0.00000000000000, 0.00742727742025, 2.46441165330198, 0.00000000000000, 2.48158608071205,*****************,    0.00000000000000,
  242,    2, 0.75468750000000, 0.00468750000000, 2.47647734553298, 0.01717442741007, 2.45930291812291, 0.00302007425174,-0.00000000000000, 0.00742727742025, 2.46441165330198, 0.00000000000000, 2.48158608071205,*****************,    0.00000000000000,
  242,    3, 0.75468750000000, 0.00781250000000, 2.47647734553298, 0.01717442741007, 2.45930291812291, 0.00302007425174,-0.00000000000000, 0.00742727742025, 2.46441165330198, 0.00000000000000, 2.48158608071205,*****************,    0.00000000000000,
  242,    4, 0.75468750000000, 0.01093750000000, 2.47647734553298, 0.01717442741007, 2.45930291812291, 0.00302007425174,-0.00000000000000, 0.00742727742025, 2.46441165330198, 0.00000000000000, 2.48158608071205,*****************,    0.00000000000000,
  242,    5, 0.75468750000000, 0.01406250000000, 2.47647734553298, 0.01717442741007, 2.45930291812291, 0.00302007425174,-0.00000000000000, 0.00742727742025, 2.46441165330198, 0.00000000000000, 2.48158608071205,*****************,    0.00000000000000,
  243,    1, 0.75781250000000, 0.00156250000000, 2.47181752876050, 0.01724247082951, 2.45457505793098, 0.00302555714670,-0.00000000000000, 0.00742645710864, 2.45969369649138, 0.00000000000000, 2.47693616732089,*****************,    0.00000000000000,
  243,    2, 0.75781250000000, 0.00468750000000, 2.47181752876050, 0.01724247082951, 2.45457505793098, 0.00302555714670,-0.00000000000000, 0.00742645710864, 2.45969369649138, 0.00000000000000, 2.47693616732089,*****************,    0.00000000000000,
  243,    3, 0.75781250000000, 0.00781250000000, 2.47181752876050, 0.01724247082951, 2.45457505793098, 0.00302555714670,-0.00000000000000, 0.00742645710864, 2.45969369649138, 0.00000000000000, 2.47693616732089,*****************,    0.00000000000000,
  243,    4, 0.75781250000000, 0.01093750000000, 2.47181752876050, 0.01724247082951, 2.45457505793098, 0.00302555714670,-0.00000000000000, 0.00742645710864, 2.45969369649138, 0.00000000000000, 2.47693616732089,*****************,    0.00000000000000,
  243,    5, 0.75781250000000, 0.01406250000000, 2.47181752876050, 0.01724247082951, 2.45457505793098, 0.00302555714670,-0.00000000000000, 0.00742645710864, 2.45969369649138, 0.00000000000000, 2.47693616732089,*****************,    0.00000000000000,
  244,    1, 0.76093750000000, 0.00156250000000, 2.46711257393630, 0.01730981620454, 2.44980275773176, 0.00303111624675,-0.00000000000000, 0.00742563694028, 2.45493143344553, 0.00000000000000, 2.47224124965008,*****************,    0.00000000000000,
  244,    2, 0.76093750000000, 0.00468750000000, 2.46711257393630, 0.01730981620454, 2.44980275773176, 0.00303111624675,-0.00000000000000, 0.00742563694028, 2.45493143344553, 0.00000000000000, 2.47224124965008,*****************,    0.00000000000000,
  244,    3, 0.76093750000000, 0.00781250000000, 2.46711257393630, 0.01730981620454, 2.44980275773176, 0.00303111624675,-0.00000000000000, 0.00742563694028, 2.45493143344553, 0.00000000000000, 2.47224124965008,*****************,    0.00000000000000,
  244,    4, 0.76093750000000, 0.01093750000000, 2.46711257393630, 0.01730981620454, 2.44980275773176, 0.00303111624675,-0.00000000000000, 0.00742563694028, 2.45493143344553, 0.00000000000000, 2.47224124965008,*****************,    0.00000000000000,
  244,    5, 0.76093750000000, 0.01406250000000, 2.46711257393630, 0.01730981620454, 2.44980275773176, 0.00303111624675,-0.00000000000000, 0.00742563694028, 2.45493143344553, 0.00000000000000, 2.47224124965008,*****************,    0.00000000000000,
  245,    1, 0.76406250000000, 0.00156250000000, 2.46236293325160, 0.01737645704427, 2.44498647620733, 0.00303675175549,-0.00000000000000, 0.00742481697378, 2.45012532316126, 0.00000000000000, 2.46750178020553,*****************,    0.00000000000000,
  245,    2, 0.76406250000000, 0.00468750000000, 2.46236293325160, 0.01737645704427, 2.44498647620733, 0.00303675175549,-0.00000000000000, 0.00742481697378, 2.45012532316126, 0.00000000000000, 2.46750178020553,*****************,    0.00000000000000,
  245,    3, 0.76406250000000, 0.00781250000000, 2.46236293325160, 0.01737645704427, 2.44498647620733, 0.00303675175549,-0.00000000000000, 0.00742481697378, 2.45012532316126, 0.00000000000000, 2.46750178020553,*****************,    0.00000000000000,
  245,    4, 0.76406250000000, 0.01093750000000, 2.46236293325160, 0.01737645704427, 2.44498647620733, 0.00303675175549,-0.00000000000000, 0.00742481697378, 2.45012532316126, 0.00000000000000, 2.46750178020553,*****************,    0.00000000000000,
  245,    5, 0.76406250000000, 0.01406250000000, 2.46236293325160, 0.01737645704427, 2.44498647620733, 0.00303675175549,-0.00000000000000, 0.00742481697378, 2.45012532316126, 0.00000000000000, 2.46750178020553,*****************,    0.00000000000000,
  246,    1, 0.76718750000000, 0.00156250000000, 2.45756906319186, 0.01744238692572, 2.44012667626614, 0.00304246387780,-0.00000000000000, 0.00742399726979, 2.44527582886148, 0.00000000000000, 2.46271821578720,*****************,    0.00000000000000,
  246,    2, 0.76718750000000, 0.00468750000000, 2.45756906319186, 0.01744238692572, 2.44012667626614, 0.00304246387780,-0.00000000000000, 0.00742399726979, 2.44527582886148, 0.00000000000000, 2.46271821578720,*****************,    0.00000000000000,
  246,    3, 0.76718750000000, 0.00781250000000, 2.45756906319186, 0.01744238692572, 2.44012667626614, 0.00304246387780,-0.00000000000000, 0.00742399726979, 2.44527582886148, 0.00000000000000, 2.46271821578720,*****************,    0.00000000000000,
  246,    4, 0.76718750000000, 0.01093750000000, 2.45756906319186, 0.01744238692572, 2.44012667626614, 0.00304246387780,-0.00000000000000, 0.00742399726979, 2.44527582886148, 0.00000000000000, 2.46271821578720,*****************,    0.00000000000000,
  246,    5, 0.76718750000000, 0.01406250000000, 2.45756906319186, 0.01744238692572, 2.44012667626614, 0.00304246387780,-0.00000000000000, 0.00742399726979, 2.44527582886148, 0.00000000000000, 2.46271821578720,*****************,    0.00000000000000,
  247,    1, 0.77031250000000, 0.00156250000000, 2.45273142449280, 0.01750759949443, 2.43522382499838, 0.00304825281966,-0.00000000000000, 0.00742317789106, 2.44038341795054, 0.00000000000000, 2.45789101744496,*****************,    0.00000000000000,
  247,    2, 0.77031250000000, 0.00468750000000, 2.45273142449280, 0.01750759949443, 2.43522382499838, 0.00304825281966,-0.00000000000000, 0.00742317789106, 2.44038341795054, 0.00000000000000, 2.45789101744496,*****************,    0.00000000000000,
  247,    3, 0.77031250000000, 0.00781250000000, 2.45273142449280, 0.01750759949443, 2.43522382499838, 0.00304825281966,-0.00000000000000, 0.00742317789106, 2.44038341795054, 0.00000000000000, 2.45789101744496,*****************,    0.00000000000000,
  247,    4, 0.77031250000000, 0.01093750000000, 2.45273142449280, 0.01750759949443, 2.43522382499838, 0.00304825281966,-0.00000000000000, 0.00742317789106, 2.44038341795054, 0.00000000000000, 2.45789101744496,*****************,    0.00000000000000,
  247,    5, 0.77031250000000, 0.01406250000000, 2.45273142449280, 0.01750759949443, 2.43522382499838, 0.00304825281966,-0.00000000000000, 0.00742317789106, 2.44038341795054, 0.00000000000000, 2.45789101744496,*****************,    0.00000000000000,
  248,    1, 0.77343750000000, 0.00156250000000, 2.44785048209629, 0.01757208846506, 2.43027839363122, 0.00305411878816,-0.00000000000000, 0.00742235890244, 2.43544856196918, 0.00000000000000, 2.45302065043425,*****************,    0.00000000000000,
  248,    2, 0.77343750000000, 0.00468750000000, 2.44785048209629, 0.01757208846506, 2.43027839363122, 0.00305411878816,-0.00000000000000, 0.00742235890244, 2.43544856196918, 0.00000000000000, 2.45302065043425,*****************,    0.00000000000000,
  248,    3, 0.77343750000000, 0.00781250000000, 2.44785048209629, 0.01757208846506, 2.43027839363122, 0.00305411878816,-0.00000000000000, 0.00742235890244, 2.43544856196918, 0.00000000000000, 2.45302065043425,*****************,    0.00000000000000,
  248,    4, 0.77343750000000, 0.01093750000000, 2.44785048209629, 0.01757208846506, 2.43027839363122, 0.00305411878816,-0.00000000000000, 0.00742235890244, 2.43544856196918, 0.00000000000000, 2.45302065043425,*****************,    0.00000000000000,
  248,    5, 0.77343750000000, 0.01406250000000, 2.44785048209629, 0.01757208846506, 2.43027839363122, 0.00305411878816,-0.00000000000000, 0.00742235890244, 2.43544856196918, 0.00000000000000, 2.45302065043425,*****************,    0.00000000000000,
  249,    1, 0.77656250000000, 0.00156250000000, 2.44292670510561, 0.01763584762206, 2.42529085748355, 0.00306006199133,-0.00000000000000, 0.00742154037091, 2.43047173654911, 0.00000000000000, 2.44810758417117,*****************,    0.00000000000000,
  249,    2, 0.77656250000000, 0.00468750000000, 2.44292670510561, 0.01763584762206, 2.42529085748355, 0.00306006199133,-0.00000000000000, 0.00742154037091, 2.43047173654911, 0.00000000000000, 2.44810758417117,*****************,    0.00000000000000,
  249,    3, 0.77656250000000, 0.00781250000000, 2.44292670510561, 0.01763584762206, 2.42529085748355, 0.00306006199133,-0.00000000000000, 0.00742154037091, 2.43047173654911, 0.00000000000000, 2.44810758417117,*****************,    0.00000000000000,
  249,    4, 0.77656250000000, 0.01093750000000, 2.44292670510561, 0.01763584762206, 2.42529085748355, 0.00306006199133,-0.00000000000000, 0.00742154037091, 2.43047173654911, 0.00000000000000, 2.44810758417117,*****************,    0.00000000000000,
  249,    5, 0.77656250000000, 0.01406250000000, 2.44292670510561, 0.01763584762206, 2.42529085748355, 0.00306006199133,-0.00000000000000, 0.00742154037091, 2.43047173654911, 0.00000000000000, 2.44810758417117,*****************,    0.00000000000000,
  250,    1, 0.77968750000000, 0.00156250000000, 2.43796056674046, 0.01769887082016, 2.42026169592029, 0.00306608263812,-0.00000000000000, 0.00742072236557, 2.42545342136711, 0.00000000000000, 2.44315229218727,*****************,    0.00000000000000,
  250,    2, 0.77968750000000, 0.00468750000000, 2.43796056674046, 0.01769887082016, 2.42026169592029, 0.00306608263812,-0.00000000000000, 0.00742072236557, 2.42545342136711, 0.00000000000000, 2.44315229218727,*****************,    0.00000000000000,
  250,    3, 0.77968750000000, 0.00781250000000, 2.43796056674046, 0.01769887082016, 2.42026169592029, 0.00306608263812,-0.00000000000000, 0.00742072236557, 2.42545342136711, 0.00000000000000, 2.44315229218727,*****************,    0.00000000000000,
  250,    4, 0.77968750000000, 0.01093750000000, 2.43796056674046, 0.01769887082016, 2.42026169592029, 0.00306608263812,-0.00000000000000, 0.00742072236557, 2.42545342136711, 0.00000000000000, 2.44315229218727,*****************,    0.00000000000000,
  250,    5, 0.77968750000000, 0.01406250000000, 2.43796056674046, 0.01769887082016, 2.42026169592029, 0.00306608263812,-0.00000000000000, 0.00742072236557, 2.42545342136711, 0.00000000000000, 2.44315229218727,*****************,    0.00000000000000,
  251,    1, 0.78281250000000, 0.00156250000000, 2.43295254429153, 0.01776115198508, 2.41519139230645, 0.00307218093826,-0.00000000000000, 0.00741990495769, 2.42039410009884, 0.00000000000000, 2.43815525208392,*****************,    0.00000000000000,
  251,    2, 0.78281250000000, 0.00468750000000, 2.43295254429153, 0.01776115198508, 2.41519139230645, 0.00307218093826,-0.00000000000000, 0.00741990495769, 2.42039410009884, 0.00000000000000, 2.43815525208392,*****************,    0.00000000000000,
  251,    3, 0.78281250000000, 0.00781250000000, 2.43295254429153, 0.01776115198508, 2.41519139230645, 0.00307218093826,-0.00000000000000, 0.00741990495769, 2.42039410009884, 0.00000000000000, 2.43815525208392,*****************,    0.00000000000000,
  251,    4, 0.78281250000000, 0.01093750000000, 2.43295254429153, 0.01776115198508, 2.41519139230645, 0.00307218093826,-0.00000000000000, 0.00741990495769, 2.42039410009884, 0.00000000000000, 2.43815525208392,*****************,    0.00000000000000,
  251,    5, 0.78281250000000, 0.01406250000000, 2.43295254429153, 0.01776115198508, 2.41519139230645, 0.00307218093826,-0.00000000000000, 0.00741990495769, 2.42039410009884, 0.00000000000000, 2.43815525208392,*****************,    0.00000000000000,
  252,    1, 0.78593750000000, 0.00156250000000, 2.42790311907452, 0.01782268511401, 2.41008043396051, 0.00307835710219,-0.00000000000000, 0.00741908822072, 2.41529426037222, 0.00000000000000, 2.43311694548623,*****************,    0.00000000000000,
  252,    2, 0.78593750000000, 0.00468750000000, 2.42790311907452, 0.01782268511401, 2.41008043396051, 0.00307835710219,-0.00000000000000, 0.00741908822072, 2.41529426037222, 0.00000000000000, 2.43311694548623,*****************,    0.00000000000000,
  252,    3, 0.78593750000000, 0.00781250000000, 2.42790311907452, 0.01782268511401, 2.41008043396051, 0.00307835710219,-0.00000000000000, 0.00741908822072, 2.41529426037222, 0.00000000000000, 2.43311694548623,*****************,    0.00000000000000,
  252,    4, 0.78593750000000, 0.01093750000000, 2.42790311907452, 0.01782268511401, 2.41008043396051, 0.00307835710219,-0.00000000000000, 0.00741908822072, 2.41529426037222, 0.00000000000000, 2.43311694548623,*****************,    0.00000000000000,
  252,    5, 0.78593750000000, 0.01406250000000, 2.42790311907452, 0.01782268511401, 2.41008043396051, 0.00307835710219,-0.00000000000000, 0.00741908822072, 2.41529426037222, 0.00000000000000, 2.43311694548623,*****************,    0.00000000000000,
  253,    1, 0.78906250000000, 0.00156250000000, 2.42281277638417, 0.01788346427627, 2.40492931210790, 0.00308461134094,-0.00000000000000, 0.00741827223029, 2.41015439372042, 0.00000000000000, 2.42803785799668,*****************,    0.00000000000000,
  253,    2, 0.78906250000000, 0.00468750000000, 2.42281277638417, 0.01788346427627, 2.40492931210790, 0.00308461134094,-0.00000000000000, 0.00741827223029, 2.41015439372042, 0.00000000000000, 2.42803785799668,*****************,    0.00000000000000,
  253,    3, 0.78906250000000, 0.00781250000000, 2.42281277638417, 0.01788346427627, 2.40492931210790, 0.00308461134094,-0.00000000000000, 0.00741827223029, 2.41015439372042, 0.00000000000000, 2.42803785799668,*****************,    0.00000000000000,
  253,    4, 0.78906250000000, 0.01093750000000, 2.42281277638417, 0.01788346427627, 2.40492931210790, 0.00308461134094,-0.00000000000000, 0.00741827223029, 2.41015439372042, 0.00000000000000, 2.42803785799668,*****************,    0.00000000000000,
  253,    5, 0.78906250000000, 0.01406250000000, 2.42281277638417, 0.01788346427627, 2.40492931210790, 0.00308461134094,-0.00000000000000, 0.00741827223029, 2.41015439372042, 0.00000000000000, 2.42803785799668,*****************,    0.00000000000000,
  254,    1, 0.79218750000000, 0.00156250000000, 2.41768200544748, 0.01794348361383, 2.39973852183365, 0.00309094386606,-0.00000000000000, 0.00741745706421, 2.40497499553447, 0.00000000000000, 2.42291847914830,*****************,    0.00000000000000,
  254,    2, 0.79218750000000, 0.00468750000000, 2.41768200544748, 0.01794348361383, 2.39973852183365, 0.00309094386606,-0.00000000000000, 0.00741745706421, 2.40497499553447, 0.00000000000000, 2.42291847914830,*****************,    0.00000000000000,
  254,    3, 0.79218750000000, 0.00781250000000, 2.41768200544748, 0.01794348361383, 2.39973852183365, 0.00309094386606,-0.00000000000000, 0.00741745706421, 2.40497499553447, 0.00000000000000, 2.42291847914830,*****************,    0.00000000000000,
  254,    4, 0.79218750000000, 0.01093750000000, 2.41768200544748, 0.01794348361383, 2.39973852183365, 0.00309094386606,-0.00000000000000, 0.00741745706421, 2.40497499553447, 0.00000000000000, 2.42291847914830,*****************,    0.00000000000000,
  254,    5, 0.79218750000000, 0.01406250000000, 2.41768200544748, 0.01794348361383, 2.39973852183365, 0.00309094386606,-0.00000000000000, 0.00741745706421, 2.40497499553447, 0.00000000000000, 2.42291847914830,*****************,    0.00000000000000,
  255,    1, 0.79531250000000, 0.00156250000000, 2.41251129937682, 0.01800273734191, 2.39450856203491, 0.00309735488949,-0.00000000000000, 0.00741664280255, 2.39975656501557, 0.00000000000000, 2.41775930235748,*****************,    0.00000000000000,
  255,    2, 0.79531250000000, 0.00468750000000, 2.41251129937682, 0.01800273734191, 2.39450856203491, 0.00309735488949,-0.00000000000000, 0.00741664280255, 2.39975656501557, 0.00000000000000, 2.41775930235748,*****************,    0.00000000000000,
  255,    3, 0.79531250000000, 0.00781250000000, 2.41251129937682, 0.01800273734191, 2.39450856203491, 0.00309735488949,-0.00000000000000, 0.00741664280255, 2.39975656501557, 0.00000000000000, 2.41775930235748,*****************,    0.00000000000000,
  255,    4, 0.79531250000000, 0.01093750000000, 2.41251129937682, 0.01800273734191, 2.39450856203491, 0.00309735488949,-0.00000000000000, 0.00741664280255, 2.39975656501557, 0.00000000000000, 2.41775930235748,*****************,    0.00000000000000,
  255,    5, 0.79531250000000, 0.01406250000000, 2.41251129937682, 0.01800273734191, 2.39450856203491, 0.00309735488949,-0.00000000000000, 0.00741664280255, 2.39975656501557, 0.00000000000000, 2.41775930235748,*****************,    0.00000000000000,
  256,    1, 0.79843750000000, 0.00156250000000, 2.40730115512265, 0.01806121974951, 2.38923993537315, 0.00310384462346,-0.00000000000000, 0.00741582952757, 2.39449960512690, 0.00000000000000, 2.41256082487640,*****************,    0.00000000000000,
  256,    2, 0.79843750000000, 0.00468750000000, 2.40730115512265, 0.01806121974951, 2.38923993537315, 0.00310384462346,-0.00000000000000, 0.00741582952757, 2.39449960512690, 0.00000000000000, 2.41256082487640,*****************,    0.00000000000000,
  256,    3, 0.79843750000000, 0.00781250000000, 2.40730115512265, 0.01806121974951, 2.38923993537315, 0.00310384462346,-0.00000000000000, 0.00741582952757, 2.39449960512690, 0.00000000000000, 2.41256082487640,*****************,    0.00000000000000,
  256,    4, 0.79843750000000, 0.01093750000000, 2.40730115512265, 0.01806121974951, 2.38923993537315, 0.00310384462346,-0.00000000000000, 0.00741582952757, 2.39449960512690, 0.00000000000000, 2.41256082487640,*****************,    0.00000000000000,
  256,    5, 0.79843750000000, 0.01406250000000, 2.40730115512265, 0.01806121974951, 2.38923993537315, 0.00310384462346,-0.00000000000000, 0.00741582952757, 2.39449960512690, 0.00000000000000, 2.41256082487640,*****************,    0.00000000000000,
  257,    1, 0.80156250000000, 0.00156250000000, 2.40205207342568, 0.01811892519997, 2.38393314822571, 0.00311041328038,-0.00000000000000, 0.00741501732378, 2.38920462254519, 0.00000000000000, 2.40732354774516,*****************,    0.00000000000000,
  257,    2, 0.80156250000000, 0.00468750000000, 2.40205207342568, 0.01811892519997, 2.38393314822571, 0.00311041328038,-0.00000000000000, 0.00741501732378, 2.38920462254519, 0.00000000000000, 2.40732354774516,*****************,    0.00000000000000,
  257,    3, 0.80156250000000, 0.00781250000000, 2.40205207342568, 0.01811892519997, 2.38393314822571, 0.00311041328038,-0.00000000000000, 0.00741501732378, 2.38920462254519, 0.00000000000000, 2.40732354774516,*****************,    0.00000000000000,
  257,    4, 0.80156250000000, 0.01093750000000, 2.40205207342568, 0.01811892519997, 2.38393314822571, 0.00311041328038,-0.00000000000000, 0.00741501732378, 2.38920462254519, 0.00000000000000, 2.40732354774516,*****************,    0.00000000000000,
  257,    5, 0.80156250000000, 0.01406250000000, 2.40205207342568, 0.01811892519997, 2.38393314822571, 0.00311041328038,-0.00000000000000, 0.00741501732378, 2.38920462254519, 0.00000000000000, 2.40732354774516,*****************,    0.00000000000000,
  258,    1, 0.80468750000000, 0.00156250000000, 2.39676455876893, 0.01817584813152, 2.37858871063742, 0.00311706107272,-0.00000000000000, 0.00741420627794, 2.38387212761190, 0.00000000000000, 2.40204797574341,*****************,    0.00000000000000,
  258,    2, 0.80468750000000, 0.00468750000000, 2.39676455876893, 0.01817584813152, 2.37858871063742, 0.00311706107272,-0.00000000000000, 0.00741420627794, 2.38387212761190, 0.00000000000000, 2.40204797574341,*****************,    0.00000000000000,
  258,    3, 0.80468750000000, 0.00781250000000, 2.39676455876893, 0.01817584813152, 2.37858871063742, 0.00311706107272,-0.00000000000000, 0.00741420627794, 2.38387212761190, 0.00000000000000, 2.40204797574341,*****************,    0.00000000000000,
  258,    4, 0.80468750000000, 0.01093750000000, 2.39676455876893, 0.01817584813152, 2.37858871063742, 0.00311706107272,-0.00000000000000, 0.00741420627794, 2.38387212761190, 0.00000000000000, 2.40204797574341,*****************,    0.00000000000000,
  258,    5, 0.80468750000000, 0.01406250000000, 2.39676455876893, 0.01817584813152, 2.37858871063742, 0.00311706107272,-0.00000000000000, 0.00741420627794, 2.38387212761190, 0.00000000000000, 2.40204797574341,*****************,    0.00000000000000,
  259,    1, 0.80781250000000, 0.00156250000000, 2.39143911932933, 0.01823198305781, 2.37320713627153, 0.00312378821291,-0.00000000000000, 0.00741339647908, 2.37850263428397, 0.00000000000000, 2.39673461734178,*****************,    0.00000000000000,
  259,    2, 0.80781250000000, 0.00468750000000, 2.39143911932933, 0.01823198305781, 2.37320713627153, 0.00312378821291,-0.00000000000000, 0.00741339647908, 2.37850263428397, 0.00000000000000, 2.39673461734178,*****************,    0.00000000000000,
  259,    3, 0.80781250000000, 0.00781250000000, 2.39143911932933, 0.01823198305781, 2.37320713627153, 0.00312378821291,-0.00000000000000, 0.00741339647908, 2.37850263428397, 0.00000000000000, 2.39673461734178,*****************,    0.00000000000000,
  259,    4, 0.80781250000000, 0.01093750000000, 2.39143911932933, 0.01823198305781, 2.37320713627153, 0.00312378821291,-0.00000000000000, 0.00741339647908, 2.37850263428397, 0.00000000000000, 2.39673461734178,*****************,    0.00000000000000,
  259,    5, 0.80781250000000, 0.01406250000000, 2.39143911932933, 0.01823198305781, 2.37320713627153, 0.00312378821291,-0.00000000000000, 0.00741339647908, 2.37850263428397, 0.00000000000000, 2.39673461734178,*****************,    0.00000000000000,
  260,    1, 0.81093750000000, 0.00156250000000, 2.38607626692887, 0.01828732456844, 2.36778894236043, 0.00313059491320,-0.00000000000000, 0.00741258801849, 2.37309666008436, 0.00000000000000, 2.39138398465280,*****************,    0.00000000000000,
  260,    2, 0.81093750000000, 0.00468750000000, 2.38607626692887, 0.01828732456844, 2.36778894236043, 0.00313059491320,-0.00000000000000, 0.00741258801849, 2.37309666008436, 0.00000000000000, 2.39138398465280,*****************,    0.00000000000000,
  260,    3, 0.81093750000000, 0.00781250000000, 2.38607626692887, 0.01828732456844, 2.36778894236043, 0.00313059491320,-0.00000000000000, 0.00741258801849, 2.37309666008436, 0.00000000000000, 2.39138398465280,*****************,    0.00000000000000,
  260,    4, 0.81093750000000, 0.01093750000000, 2.38607626692887, 0.01828732456844, 2.36778894236043, 0.00313059491320,-0.00000000000000, 0.00741258801849, 2.37309666008436, 0.00000000000000, 2.39138398465280,*****************,    0.00000000000000,
  260,    5, 0.81093750000000, 0.01406250000000, 2.38607626692887, 0.01828732456844, 2.36778894236043, 0.00313059491320,-0.00000000000000, 0.00741258801849, 2.37309666008436, 0.00000000000000, 2.39138398465280,*****************,    0.00000000000000,
  261,    1, 0.81406250000000, 0.00156250000000, 2.38067651698558, 0.01834186732948, 2.36233464965610, 0.00313748138555, 0.00000000000000, 0.00741178098973, 2.36765472605211, 0.00000000000000, 2.38599659338159,*****************,    0.00000000000000,
  261,    2, 0.81406250000000, 0.00468750000000, 2.38067651698558, 0.01834186732948, 2.36233464965610, 0.00313748138555, 0.00000000000000, 0.00741178098973, 2.36765472605211, 0.00000000000000, 2.38599659338159,*****************,    0.00000000000000,
  261,    3, 0.81406250000000, 0.00781250000000, 2.38067651698558, 0.01834186732948, 2.36233464965610, 0.00313748138555, 0.00000000000000, 0.00741178098973, 2.36765472605211, 0.00000000000000, 2.38599659338159,*****************,    0.00000000000000,
  261,    4, 0.81406250000000, 0.01093750000000, 2.38067651698558, 0.01834186732948, 2.36233464965610, 0.00313748138555, 0.00000000000000, 0.00741178098973, 2.36765472605211, 0.00000000000000, 2.38599659338159,*****************,    0.00000000000000,
  261,    5, 0.81406250000000, 0.01406250000000, 2.38067651698558, 0.01834186732948, 2.36233464965610, 0.00313748138555, 0.00000000000000, 0.00741178098973, 2.36765472605211, 0.00000000000000, 2.38599659338159,*****************,    0.00000000000000,
  262,    1, 0.81718750000000, 0.00156250000000, 2.37524038846398, 0.01839560608398, 2.35684478238000, 0.00314444784148, 0.00000000000000, 0.00741097548866, 2.36217735669215, 0.00000000000000, 2.38057296277613,*****************,    0.00000000000000,
  262,    2, 0.81718750000000, 0.00468750000000, 2.37524038846398, 0.01839560608398, 2.35684478238000, 0.00314444784148, 0.00000000000000, 0.00741097548866, 2.36217735669215, 0.00000000000000, 2.38057296277613,*****************,    0.00000000000000,
  262,    3, 0.81718750000000, 0.00781250000000, 2.37524038846398, 0.01839560608398, 2.35684478238000, 0.00314444784148, 0.00000000000000, 0.00741097548866, 2.36217735669215, 0.00000000000000, 2.38057296277613,*****************,    0.00000000000000,
  262,    4, 0.81718750000000, 0.01093750000000, 2.37524038846398, 0.01839560608398, 2.35684478238000, 0.00314444784148, 0.00000000000000, 0.00741097548866, 2.36217735669215, 0.00000000000000, 2.38057296277613,*****************,    0.00000000000000,
  262,    5, 0.81718750000000, 0.01406250000000, 2.37524038846398, 0.01839560608398, 2.35684478238000, 0.00314444784148, 0.00000000000000, 0.00741097548866, 2.36217735669215, 0.00000000000000, 2.38057296277613,*****************,    0.00000000000000,
  263,    1, 0.82031250000000, 0.00156250000000, 2.36976840382544, 0.01844853565250, 2.35131986817294, 0.00315149449198, 0.00000000000000, 0.00741017161342, 2.35666507992473, 0.00000000000000, 2.37511361557723,*****************,    0.00000000000000,
  263,    2, 0.82031250000000, 0.00468750000000, 2.36976840382544, 0.01844853565250, 2.35131986817294, 0.00315149449198, 0.00000000000000, 0.00741017161342, 2.35666507992473, 0.00000000000000, 2.37511361557723,*****************,    0.00000000000000,
  263,    3, 0.82031250000000, 0.00781250000000, 2.36976840382544, 0.01844853565250, 2.35131986817294, 0.00315149449198, 0.00000000000000, 0.00741017161342, 2.35666507992473, 0.00000000000000, 2.37511361557723,*****************,    0.00000000000000,
  263,    4, 0.82031250000000, 0.01093750000000, 2.36976840382544, 0.01844853565250, 2.35131986817294, 0.00315149449198, 0.00000000000000, 0.00741017161342, 2.35666507992473, 0.00000000000000, 2.37511361557723,*****************,    0.00000000000000,
  263,    5, 0.82031250000000, 0.01406250000000, 2.36976840382544, 0.01844853565250, 2.35131986817294, 0.00315149449198, 0.00000000000000, 0.00741017161342, 2.35666507992473, 0.00000000000000, 2.37511361557723,*****************,    0.00000000000000,
  264,    1, 0.82343750000000, 0.00156250000000, 2.36426108897788, 0.01850065093356, 2.34576043804431, 0.00315862154732,-0.00000000000000, 0.00740936946446, 2.35111842703457, 0.00000000000000, 2.36961907796813,*****************,    0.00000000000000,
  264,    2, 0.82343750000000, 0.00468750000000, 2.36426108897788, 0.01850065093356, 2.34576043804431, 0.00315862154732,-0.00000000000000, 0.00740936946446, 2.35111842703457, 0.00000000000000, 2.36961907796813,*****************,    0.00000000000000,
  264,    3, 0.82343750000000, 0.00781250000000, 2.36426108897788, 0.01850065093356, 2.34576043804431, 0.00315862154732,-0.00000000000000, 0.00740936946446, 2.35111842703457, 0.00000000000000, 2.36961907796813,*****************,    0.00000000000000,
  264,    4, 0.82343750000000, 0.01093750000000, 2.36426108897788, 0.01850065093356, 2.34576043804431, 0.00315862154732,-0.00000000000000, 0.00740936946446, 2.35111842703457, 0.00000000000000, 2.36961907796813,*****************,    0.00000000000000,
  264,    5, 0.82343750000000, 0.01406250000000, 2.36426108897788, 0.01850065093356, 2.34576043804431, 0.00315862154732,-0.00000000000000, 0.00740936946446, 2.35111842703457, 0.00000000000000, 2.36961907796813,*****************,    0.00000000000000,
  265,    1, 0.82656250000000, 0.00156250000000, 2.35871897322555, 0.01855194690420, 2.34016702632135, 0.00316582921696,-0.00000000000000, 0.00740856914449, 2.34553793261961, 0.00000000000000, 2.36408987952381,*****************,    0.00000000000000,
  265,    2, 0.82656250000000, 0.00468750000000, 2.35871897322555, 0.01855194690420, 2.34016702632135, 0.00316582921696,-0.00000000000000, 0.00740856914449, 2.34553793261961, 0.00000000000000, 2.36408987952381,*****************,    0.00000000000000,
  265,    3, 0.82656250000000, 0.00781250000000, 2.35871897322555, 0.01855194690420, 2.34016702632135, 0.00316582921696,-0.00000000000000, 0.00740856914449, 2.34553793261961, 0.00000000000000, 2.36408987952381,*****************,    0.00000000000000,
  265,    4, 0.82656250000000, 0.01093750000000, 2.35871897322555, 0.01855194690420, 2.34016702632135, 0.00316582921696,-0.00000000000000, 0.00740856914449, 2.34553793261961, 0.00000000000000, 2.36408987952381,*****************,    0.00000000000000,
  265,    5, 0.82656250000000, 0.01406250000000, 2.35871897322555, 0.01855194690420, 2.34016702632135, 0.00316582921696,-0.00000000000000, 0.00740856914449, 2.34553793261961, 0.00000000000000, 2.36408987952381,*****************,    0.00000000000000,
  266,    1, 0.82968750000000, 0.00156250000000, 2.35314258921808, 0.01860241862039, 2.33454017059769, 0.00317311770937,-0.00000000000000, 0.00740777075856, 2.33992413453952, 0.00000000000000, 2.35852655315991,*****************,    0.00000000000000,
  266,    2, 0.82968750000000, 0.00468750000000, 2.35314258921808, 0.01860241862039, 2.33454017059769, 0.00317311770937,-0.00000000000000, 0.00740777075856, 2.33992413453952, 0.00000000000000, 2.35852655315991,*****************,    0.00000000000000,
  266,    3, 0.82968750000000, 0.00781250000000, 2.35314258921808, 0.01860241862039, 2.33454017059769, 0.00317311770937,-0.00000000000000, 0.00740777075856, 2.33992413453952, 0.00000000000000, 2.35852655315991,*****************,    0.00000000000000,
  266,    4, 0.82968750000000, 0.01093750000000, 2.35314258921808, 0.01860241862039, 2.33454017059769, 0.00317311770937,-0.00000000000000, 0.00740777075856, 2.33992413453952, 0.00000000000000, 2.35852655315991,*****************,    0.00000000000000,
  266,    5, 0.82968750000000, 0.01406250000000, 2.35314258921808, 0.01860241862039, 2.33454017059769, 0.00317311770937,-0.00000000000000, 0.00740777075856, 2.33992413453952, 0.00000000000000, 2.35852655315991,*****************,    0.00000000000000,
  267,    1, 0.83281250000000, 0.00156250000000, 2.34753247289947, 0.01865206121757, 2.32888041168190, 0.00318048723192,-0.00000000000000, 0.00740697441401, 2.33427757386385, 0.00000000000000, 2.35292963508142,*****************,    0.00000000000000,
  267,    2, 0.83281250000000, 0.00468750000000, 2.34753247289947, 0.01865206121757, 2.32888041168190, 0.00318048723192,-0.00000000000000, 0.00740697441401, 2.33427757386385, 0.00000000000000, 2.35292963508142,*****************,    0.00000000000000,
  267,    3, 0.83281250000000, 0.00781250000000, 2.34753247289947, 0.01865206121757, 2.32888041168190, 0.00318048723192,-0.00000000000000, 0.00740697441401, 2.33427757386385, 0.00000000000000, 2.35292963508142,*****************,    0.00000000000000,
  267,    4, 0.83281250000000, 0.01093750000000, 2.34753247289947, 0.01865206121757, 2.32888041168190, 0.00318048723192,-0.00000000000000, 0.00740697441401, 2.33427757386385, 0.00000000000000, 2.35292963508142,*****************,    0.00000000000000,
  267,    5, 0.83281250000000, 0.01406250000000, 2.34753247289947, 0.01865206121757, 2.32888041168190, 0.00318048723192,-0.00000000000000, 0.00740697441401, 2.33427757386385, 0.00000000000000, 2.35292963508142,*****************,    0.00000000000000,
  268,    1, 0.83593750000000, 0.00156250000000, 2.34188916345670, 0.01870086991109, 2.32318829354561, 0.00318793799067, 0.00000000000000, 0.00740618022047, 2.32859879481986, 0.00000000000000, 2.34729966473094,*****************,    0.00000000000000,
  268,    2, 0.83593750000000, 0.00468750000000, 2.34188916345670, 0.01870086991109, 2.32318829354561, 0.00318793799067, 0.00000000000000, 0.00740618022047, 2.32859879481986, 0.00000000000000, 2.34729966473094,*****************,    0.00000000000000,
  268,    3, 0.83593750000000, 0.00781250000000, 2.34188916345670, 0.01870086991109, 2.32318829354561, 0.00318793799067, 0.00000000000000, 0.00740618022047, 2.32859879481986, 0.00000000000000, 2.34729966473094,*****************,    0.00000000000000,
  268,    4, 0.83593750000000, 0.01093750000000, 2.34188916345670, 0.01870086991109, 2.32318829354561, 0.00318793799067, 0.00000000000000, 0.00740618022047, 2.32859879481986, 0.00000000000000, 2.34729966473094,*****************,    0.00000000000000,
  268,    5, 0.83593750000000, 0.01406250000000, 2.34188916345670, 0.01870086991109, 2.32318829354561, 0.00318793799067, 0.00000000000000, 0.00740618022047, 2.32859879481986, 0.00000000000000, 2.34729966473094,*****************,    0.00000000000000,
  269,    1, 0.83906250000000, 0.00156250000000, 2.33621320326814, 0.01874883999665, 2.31746436327149, 0.00319547019029, 0.00000000000000, 0.00740538828989, 2.32288834474009, 0.00000000000000, 2.34163718473674,*****************,    0.00000000000000,
  269,    2, 0.83906250000000, 0.00468750000000, 2.33621320326814, 0.01874883999665, 2.31746436327149, 0.00319547019029, 0.00000000000000, 0.00740538828989, 2.32288834474009, 0.00000000000000, 2.34163718473674,*****************,    0.00000000000000,
  269,    3, 0.83906250000000, 0.00781250000000, 2.33621320326814, 0.01874883999665, 2.31746436327149, 0.00319547019029, 0.00000000000000, 0.00740538828989, 2.32288834474009, 0.00000000000000, 2.34163718473674,*****************,    0.00000000000000,
  269,    4, 0.83906250000000, 0.01093750000000, 2.33621320326814, 0.01874883999665, 2.31746436327149, 0.00319547019029, 0.00000000000000, 0.00740538828989, 2.32288834474009, 0.00000000000000, 2.34163718473674,*****************,    0.00000000000000,
  269,    5, 0.83906250000000, 0.01406250000000, 2.33621320326814, 0.01874883999665, 2.31746436327149, 0.00319547019029, 0.00000000000000, 0.00740538828989, 2.32288834474009, 0.00000000000000, 2.34163718473674,*****************,    0.00000000000000,
  270,    1, 0.84218750000000, 0.00156250000000, 2.33050513785130, 0.01879596685080, 2.31170917100050, 0.00320308403383, 0.00000000000000, 0.00740459873649, 2.31714677400962, 0.00000000000000, 2.33594274086043,*****************,    0.00000000000000,
  270,    2, 0.84218750000000, 0.00468750000000, 2.33050513785130, 0.01879596685080, 2.31170917100050, 0.00320308403383, 0.00000000000000, 0.00740459873649, 2.31714677400962, 0.00000000000000, 2.33594274086043,*****************,    0.00000000000000,
  270,    3, 0.84218750000000, 0.00781250000000, 2.33050513785130, 0.01879596685080, 2.31170917100050, 0.00320308403383, 0.00000000000000, 0.00740459873649, 2.31714677400962, 0.00000000000000, 2.33594274086043,*****************,    0.00000000000000,
  270,    4, 0.84218750000000, 0.01093750000000, 2.33050513785130, 0.01879596685080, 2.31170917100050, 0.00320308403383, 0.00000000000000, 0.00740459873649, 2.31714677400962, 0.00000000000000, 2.33594274086043,*****************,    0.00000000000000,
  270,    5, 0.84218750000000, 0.01406250000000, 2.33050513785130, 0.01879596685080, 2.31170917100050, 0.00320308403383, 0.00000000000000, 0.00740459873649, 2.31714677400962, 0.00000000000000, 2.33594274086043,*****************,    0.00000000000000,
  271,    1, 0.84531250000000, 0.00156250000000, 2.32476551581086, 0.01884224593137, 2.30592326987949, 0.00321077972261, 0.00000000000000, 0.00740381167682, 2.31137463601298, 0.00000000000000, 2.33021688194435,*****************,    0.00000000000000,
  271,    2, 0.84531250000000, 0.00468750000000, 2.32476551581086, 0.01884224593137, 2.30592326987949, 0.00321077972261, 0.00000000000000, 0.00740381167682, 2.31137463601298, 0.00000000000000, 2.33021688194435,*****************,    0.00000000000000,
  271,    3, 0.84531250000000, 0.00781250000000, 2.32476551581086, 0.01884224593137, 2.30592326987949, 0.00321077972261, 0.00000000000000, 0.00740381167682, 2.31137463601298, 0.00000000000000, 2.33021688194435,*****************,    0.00000000000000,
  271,    4, 0.84531250000000, 0.01093750000000, 2.32476551581086, 0.01884224593137, 2.30592326987949, 0.00321077972261, 0.00000000000000, 0.00740381167682, 2.31137463601298, 0.00000000000000, 2.33021688194435,*****************,    0.00000000000000,
  271,    5, 0.84531250000000, 0.01406250000000, 2.32476551581086, 0.01884224593137, 2.30592326987949, 0.00321077972261, 0.00000000000000, 0.00740381167682, 2.31137463601298, 0.00000000000000, 2.33021688194435,*****************,    0.00000000000000,
  272,    1, 0.84843750000000, 0.00156250000000, 2.31899488878578, 0.01888767277786, 2.30010721600792, 0.00321855745600,-0.00000000000000, 0.00740302722967, 2.30557248708085, 0.00000000000000, 2.32446015985871,*****************,    0.00000000000000,
  272,    2, 0.84843750000000, 0.00468750000000, 2.31899488878578, 0.01888767277786, 2.30010721600792, 0.00321855745600,-0.00000000000000, 0.00740302722967, 2.30557248708085, 0.00000000000000, 2.32446015985871,*****************,    0.00000000000000,
  272,    3, 0.84843750000000, 0.00781250000000, 2.31899488878578, 0.01888767277786, 2.30010721600792, 0.00321855745600,-0.00000000000000, 0.00740302722967, 2.30557248708085, 0.00000000000000, 2.32446015985871,*****************,    0.00000000000000,
  272,    4, 0.84843750000000, 0.01093750000000, 2.31899488878578, 0.01888767277786, 2.30010721600792, 0.00321855745600,-0.00000000000000, 0.00740302722967, 2.30557248708085, 0.00000000000000, 2.32446015985871,*****************,    0.00000000000000,
  272,    5, 0.84843750000000, 0.01406250000000, 2.31899488878578, 0.01888767277786, 2.30010721600792, 0.00321855745600,-0.00000000000000, 0.00740302722967, 2.30557248708085, 0.00000000000000, 2.32446015985871,*****************,    0.00000000000000,
  273,    1, 0.85156250000000, 0.00156250000000, 2.31319381139668, 0.01893224301196, 2.29426156838473, 0.00322641743128, 0.00000000000000, 0.00740224551616, 2.29974088643640, 0.00000000000000, 2.31867312944836,*****************,    0.00000000000000,
  273,    2, 0.85156250000000, 0.00468750000000, 2.31319381139668, 0.01893224301196, 2.29426156838473, 0.00322641743128, 0.00000000000000, 0.00740224551616, 2.29974088643640, 0.00000000000000, 2.31867312944836,*****************,    0.00000000000000,
  273,    3, 0.85156250000000, 0.00781250000000, 2.31319381139668, 0.01893224301196, 2.29426156838473, 0.00322641743128, 0.00000000000000, 0.00740224551616, 2.29974088643640, 0.00000000000000, 2.31867312944836,*****************,    0.00000000000000,
  273,    4, 0.85156250000000, 0.01093750000000, 2.31319381139668, 0.01893224301196, 2.29426156838473, 0.00322641743128, 0.00000000000000, 0.00740224551616, 2.29974088643640, 0.00000000000000, 2.31867312944836,*****************,    0.00000000000000,
  273,    5, 0.85156250000000, 0.01406250000000, 2.31319381139668, 0.01893224301196, 2.29426156838473, 0.00322641743128, 0.00000000000000, 0.00740224551616, 2.29974088643640, 0.00000000000000, 2.31867312944836,*****************,    0.00000000000000,
  274,    1, 0.85468750000000, 0.00156250000000, 2.30736284119256, 0.01897595233788, 2.28838688885468, 0.00323435984348, 0.00000000000000, 0.00740146665966, 2.29388039614146, 0.00000000000000, 2.31285634847934,*****************,    0.00000000000000,
  274,    2, 0.85468750000000, 0.00468750000000, 2.30736284119256, 0.01897595233788, 2.28838688885468, 0.00323435984348, 0.00000000000000, 0.00740146665966, 2.29388039614146, 0.00000000000000, 2.31285634847934,*****************,    0.00000000000000,
  274,    3, 0.85468750000000, 0.00781250000000, 2.30736284119256, 0.01897595233788, 2.28838688885468, 0.00323435984348, 0.00000000000000, 0.00740146665966, 2.29388039614146, 0.00000000000000, 2.31285634847934,*****************,    0.00000000000000,
  274,    4, 0.85468750000000, 0.01093750000000, 2.30736284119256, 0.01897595233788, 2.28838688885468, 0.00323435984348, 0.00000000000000, 0.00740146665966, 2.29388039614146, 0.00000000000000, 2.31285634847934,*****************,    0.00000000000000,
  274,    5, 0.85468750000000, 0.01406250000000, 2.30736284119256, 0.01897595233788, 2.28838688885468, 0.00323435984348, 0.00000000000000, 0.00740146665966, 2.29388039614146, 0.00000000000000, 2.31285634847934,*****************,    0.00000000000000,
  275,    1, 0.85781250000000, 0.00156250000000, 2.30150253859738, 0.01901879654283, 2.28248374205455, 0.00324238488513, 0.00000000000000, 0.00740069078579, 2.28799158104227, 0.00000000000000, 2.30701037758511,*****************,    0.00000000000000,
  275,    2, 0.85781250000000, 0.00468750000000, 2.30150253859738, 0.01901879654283, 2.28248374205455, 0.00324238488513, 0.00000000000000, 0.00740069078579, 2.28799158104227, 0.00000000000000, 2.30701037758511,*****************,    0.00000000000000,
  275,    3, 0.85781250000000, 0.00781250000000, 2.30150253859738, 0.01901879654283, 2.28248374205455, 0.00324238488513, 0.00000000000000, 0.00740069078579, 2.28799158104227, 0.00000000000000, 2.30701037758511,*****************,    0.00000000000000,
  275,    4, 0.85781250000000, 0.01093750000000, 2.30150253859738, 0.01901879654283, 2.28248374205455, 0.00324238488513, 0.00000000000000, 0.00740069078579, 2.28799158104227, 0.00000000000000, 2.30701037758511,*****************,    0.00000000000000,
  275,    5, 0.85781250000000, 0.01406250000000, 2.30150253859738, 0.01901879654283, 2.28248374205455, 0.00324238488513, 0.00000000000000, 0.00740069078579, 2.28799158104227, 0.00000000000000, 2.30701037758511,*****************,    0.00000000000000,
  276,    1, 0.86093750000000, 0.00156250000000, 2.29561346685655, 0.01906077149740, 2.27655269535915, 0.00325049274613, 0.00000000000000, 0.00739991802244, 2.28207500871510, 0.00000000000000, 2.30113578021250,*****************,    0.00000000000000,
  276,    2, 0.86093750000000, 0.00468750000000, 2.29561346685655, 0.01906077149740, 2.27655269535915, 0.00325049274613, 0.00000000000000, 0.00739991802244, 2.28207500871510, 0.00000000000000, 2.30113578021250,*****************,    0.00000000000000,
  276,    3, 0.86093750000000, 0.00781250000000, 2.29561346685655, 0.01906077149740, 2.27655269535915, 0.00325049274613, 0.00000000000000, 0.00739991802244, 2.28207500871510, 0.00000000000000, 2.30113578021250,*****************,    0.00000000000000,
  276,    4, 0.86093750000000, 0.01093750000000, 2.29561346685655, 0.01906077149740, 2.27655269535915, 0.00325049274613, 0.00000000000000, 0.00739991802244, 2.28207500871510, 0.00000000000000, 2.30113578021250,*****************,    0.00000000000000,
  276,    5, 0.86093750000000, 0.01406250000000, 2.29561346685655, 0.01906077149740, 2.27655269535915, 0.00325049274613, 0.00000000000000, 0.00739991802244, 2.28207500871510, 0.00000000000000, 2.30113578021250,*****************,    0.00000000000000,
  277,    1, 0.86406250000000, 0.00156250000000, 2.28969619198260, 0.01910187315596, 2.27059431882664, 0.00325868361353, 0.00000000000000, 0.00739914849974, 2.27613124941148, 0.00000000000000, 2.29523312256744,*****************,    0.00000000000000,
  277,    2, 0.86406250000000, 0.00468750000000, 2.28969619198260, 0.01910187315596, 2.27059431882664, 0.00325868361353, 0.00000000000000, 0.00739914849974, 2.27613124941148, 0.00000000000000, 2.29523312256744,*****************,    0.00000000000000,
  277,    3, 0.86406250000000, 0.00781250000000, 2.28969619198260, 0.01910187315596, 2.27059431882664, 0.00325868361353, 0.00000000000000, 0.00739914849974, 2.27613124941148, 0.00000000000000, 2.29523312256744,*****************,    0.00000000000000,
  277,    4, 0.86406250000000, 0.01093750000000, 2.28969619198260, 0.01910187315596, 2.27059431882664, 0.00325868361353, 0.00000000000000, 0.00739914849974, 2.27613124941148, 0.00000000000000, 2.29523312256744,*****************,    0.00000000000000,
  277,    5, 0.86406250000000, 0.01406250000000, 2.28969619198260, 0.01910187315596, 2.27059431882664, 0.00325868361353, 0.00000000000000, 0.00739914849974, 2.27613124941148, 0.00000000000000, 2.29523312256744,*****************,    0.00000000000000,
  278,    1, 0.86718750000000, 0.00156250000000, 2.28375128270140, 0.01914209755704, 2.26460918514436, 0.00326695767135, 0.00000000000000, 0.00739838235003, 2.27016087600333, 0.00000000000000, 2.28930297356036,*****************,    0.00000000000000,
  278,    2, 0.86718750000000, 0.00468750000000, 2.28375128270140, 0.01914209755704, 2.26460918514436, 0.00326695767135, 0.00000000000000, 0.00739838235003, 2.27016087600333, 0.00000000000000, 2.28930297356036,*****************,    0.00000000000000,
  278,    3, 0.86718750000000, 0.00781250000000, 2.28375128270140, 0.01914209755704, 2.26460918514436, 0.00326695767135, 0.00000000000000, 0.00739838235003, 2.27016087600333, 0.00000000000000, 2.28930297356036,*****************,    0.00000000000000,
  278,    4, 0.86718750000000, 0.01093750000000, 2.28375128270140, 0.01914209755704, 2.26460918514436, 0.00326695767135, 0.00000000000000, 0.00739838235003, 2.27016087600333, 0.00000000000000, 2.28930297356036,*****************,    0.00000000000000,
  278,    5, 0.86718750000000, 0.01406250000000, 2.28375128270140, 0.01914209755704, 2.26460918514436, 0.00326695767135, 0.00000000000000, 0.00739838235003, 2.27016087600333, 0.00000000000000, 2.28930297356036,*****************,    0.00000000000000,
  279,    1, 0.87031250000000, 0.00156250000000, 2.27777931039739, 0.01918144082372, 2.25859786957367, 0.00327531510036, 0.00000000000000, 0.00739761970786, 2.26416446392764, 0.00000000000000, 2.28334590475137,*****************,    0.00000000000000,
  279,    2, 0.87031250000000, 0.00468750000000, 2.27777931039739, 0.01918144082372, 2.25859786957367, 0.00327531510036, 0.00000000000000, 0.00739761970786, 2.26416446392764, 0.00000000000000, 2.28334590475137,*****************,    0.00000000000000,
  279,    3, 0.87031250000000, 0.00781250000000, 2.27777931039739, 0.01918144082372, 2.25859786957367, 0.00327531510036, 0.00000000000000, 0.00739761970786, 2.26416446392764, 0.00000000000000, 2.28334590475137,*****************,    0.00000000000000,
  279,    4, 0.87031250000000, 0.01093750000000, 2.27777931039739, 0.01918144082372, 2.25859786957367, 0.00327531510036, 0.00000000000000, 0.00739761970786, 2.26416446392764, 0.00000000000000, 2.28334590475137,*****************,    0.00000000000000,
  279,    5, 0.87031250000000, 0.01406250000000, 2.27777931039739, 0.01918144082372, 2.25859786957367, 0.00327531510036, 0.00000000000000, 0.00739761970786, 2.26416446392764, 0.00000000000000, 2.28334590475137,*****************,    0.00000000000000,
  280,    1, 0.87343750000000, 0.00156250000000, 2.27178084905901, 0.01921989916403, 2.25256094989498, 0.00328375607787, 0.00000000000000, 0.00739686070999, 2.25814259113111, 0.00000000000000, 2.27736249029514,*****************,    0.00000000000000,
  280,    2, 0.87343750000000, 0.00468750000000, 2.27178084905901, 0.01921989916403, 2.25256094989498, 0.00328375607787, 0.00000000000000, 0.00739686070999, 2.25814259113111, 0.00000000000000, 2.27736249029514,*****************,    0.00000000000000,
  280,    3, 0.87343750000000, 0.00781250000000, 2.27178084905901, 0.01921989916403, 2.25256094989498, 0.00328375607787, 0.00000000000000, 0.00739686070999, 2.25814259113111, 0.00000000000000, 2.27736249029514,*****************,    0.00000000000000,
  280,    4, 0.87343750000000, 0.01093750000000, 2.27178084905901, 0.01921989916403, 2.25256094989498, 0.00328375607787, 0.00000000000000, 0.00739686070999, 2.25814259113111, 0.00000000000000, 2.27736249029514,*****************,    0.00000000000000,
  280,    5, 0.87343750000000, 0.01406250000000, 2.27178084905901, 0.01921989916403, 2.25256094989498, 0.00328375607787, 0.00000000000000, 0.00739686070999, 2.25814259113111, 0.00000000000000, 2.27736249029514,*****************,    0.00000000000000,
  281,    1, 0.87656250000000, 0.00156250000000, 2.26575647522370, 0.01925746887127, 2.24649900635243, 0.00329228077752, 0.00000000000000, 0.00739610549533, 2.25209583801436, 0.00000000000000, 2.27135330688563,*****************,    0.00000000000000,
  281,    2, 0.87656250000000, 0.00468750000000, 2.26575647522370, 0.01925746887127, 2.24649900635243, 0.00329228077752, 0.00000000000000, 0.00739610549533, 2.25209583801436, 0.00000000000000, 2.27135330688563,*****************,    0.00000000000000,
  281,    3, 0.87656250000000, 0.00781250000000, 2.26575647522370, 0.01925746887127, 2.24649900635243, 0.00329228077752, 0.00000000000000, 0.00739610549533, 2.25209583801436, 0.00000000000000, 2.27135330688563,*****************,    0.00000000000000,
  281,    4, 0.87656250000000, 0.01093750000000, 2.26575647522370, 0.01925746887127, 2.24649900635243, 0.00329228077752, 0.00000000000000, 0.00739610549533, 2.25209583801436, 0.00000000000000, 2.27135330688563,*****************,    0.00000000000000,
  281,    5, 0.87656250000000, 0.01406250000000, 2.26575647522370, 0.01925746887127, 2.24649900635243, 0.00329228077752, 0.00000000000000, 0.00739610549533, 2.25209583801436, 0.00000000000000, 2.27135330688563,*****************,    0.00000000000000,
  282,    1, 0.87968750000000, 0.00156250000000, 2.25970676792268, 0.01929414632439, 2.24041262159829, 0.00330088936906, 0.00000000000000, 0.00739535420493, 2.24602478737604, 0.00000000000000, 2.26531893370044,*****************,    0.00000000000000,
  282,    2, 0.87968750000000, 0.00468750000000, 2.25970676792268, 0.01929414632439, 2.24041262159829, 0.00330088936906, 0.00000000000000, 0.00739535420493, 2.24602478737604, 0.00000000000000, 2.26531893370044,*****************,    0.00000000000000,
  282,    3, 0.87968750000000, 0.00781250000000, 2.25970676792268, 0.01929414632439, 2.24041262159829, 0.00330088936906, 0.00000000000000, 0.00739535420493, 2.24602478737604, 0.00000000000000, 2.26531893370044,*****************,    0.00000000000000,
  282,    4, 0.87968750000000, 0.01093750000000, 2.25970676792268, 0.01929414632439, 2.24041262159829, 0.00330088936906, 0.00000000000000, 0.00739535420493, 2.24602478737604, 0.00000000000000, 2.26531893370044,*****************,    0.00000000000000,
  282,    5, 0.87968750000000, 0.01406250000000, 2.25970676792268, 0.01929414632439, 2.24041262159829, 0.00330088936906, 0.00000000000000, 0.00739535420493, 2.24602478737604, 0.00000000000000, 2.26531893370044,*****************,    0.00000000000000,
  283,    1, 0.88281250000000, 0.00156250000000, 2.25363230862558, 0.01932992798835, 2.23430238063723, 0.00330958201812, 0.00000000000000, 0.00739460698201, 2.23993002435666, 0.00000000000000, 2.25925995234501,*****************,    0.00000000000000,
  283,    2, 0.88281250000000, 0.00468750000000, 2.25363230862558, 0.01932992798835, 2.23430238063723, 0.00330958201812, 0.00000000000000, 0.00739460698201, 2.23993002435666, 0.00000000000000, 2.25925995234501,*****************,    0.00000000000000,
  283,    3, 0.88281250000000, 0.00781250000000, 2.25363230862558, 0.01932992798835, 2.23430238063723, 0.00330958201812, 0.00000000000000, 0.00739460698201, 2.23993002435666, 0.00000000000000, 2.25925995234501,*****************,    0.00000000000000,
  283,    4, 0.88281250000000, 0.01093750000000, 2.25363230862558, 0.01932992798835, 2.23430238063723, 0.00330958201812, 0.00000000000000, 0.00739460698201, 2.23993002435666, 0.00000000000000, 2.25925995234501,*****************,    0.00000000000000,
  283,    5, 0.88281250000000, 0.01406250000000, 2.25363230862558, 0.01932992798835, 2.23430238063723, 0.00330958201812, 0.00000000000000, 0.00739460698201, 2.23993002435666, 0.00000000000000, 2.25925995234501,*****************,    0.00000000000000,
  284,    1, 0.88593750000000, 0.00156250000000, 2.24753368118477, 0.01936481041442, 2.22816887077035, 0.00331835888600,-0.00000000000000, 0.00739386397184, 2.23381213638215, 0.00000000000000, 2.25317694679657,*****************,    0.00000000000000,
  284,    2, 0.88593750000000, 0.00468750000000, 2.24753368118477, 0.01936481041442, 2.22816887077035, 0.00331835888600,-0.00000000000000, 0.00739386397184, 2.23381213638215, 0.00000000000000, 2.25317694679657,*****************,    0.00000000000000,
  284,    3, 0.88593750000000, 0.00781250000000, 2.24753368118477, 0.01936481041442, 2.22816887077035, 0.00331835888600,-0.00000000000000, 0.00739386397184, 2.23381213638215, 0.00000000000000, 2.25317694679657,*****************,    0.00000000000000,
  284,    4, 0.88593750000000, 0.01093750000000, 2.24753368118477, 0.01936481041442, 2.22816887077035, 0.00331835888600,-0.00000000000000, 0.00739386397184, 2.23381213638215, 0.00000000000000, 2.25317694679657,*****************,    0.00000000000000,
  284,    5, 0.88593750000000, 0.01406250000000, 2.24753368118477, 0.01936481041442, 2.22816887077035, 0.00331835888600,-0.00000000000000, 0.00739386397184, 2.23381213638215, 0.00000000000000, 2.25317694679657,*****************,    0.00000000000000,
  285,    1, 0.88906250000000, 0.00156250000000, 2.24141147177945, 0.01939879024058, 2.22201268153887, 0.00332722012940, 0.00000000000000, 0.00739312532180, 2.22767171310729, 0.00000000000000, 2.24707050334787,*****************,    0.00000000000000,
  285,    2, 0.88906250000000, 0.00468750000000, 2.24141147177945, 0.01939879024058, 2.22201268153887, 0.00332722012940, 0.00000000000000, 0.00739312532180, 2.22767171310729, 0.00000000000000, 2.24707050334787,*****************,    0.00000000000000,
  285,    3, 0.88906250000000, 0.00781250000000, 2.24141147177945, 0.01939879024058, 2.22201268153887, 0.00332722012940, 0.00000000000000, 0.00739312532180, 2.22767171310729, 0.00000000000000, 2.24707050334787,*****************,    0.00000000000000,
  285,    4, 0.88906250000000, 0.01093750000000, 2.24141147177945, 0.01939879024058, 2.22201268153887, 0.00332722012940, 0.00000000000000, 0.00739312532180, 2.22767171310729, 0.00000000000000, 2.24707050334787,*****************,    0.00000000000000,
  285,    5, 0.88906250000000, 0.01406250000000, 2.24141147177945, 0.01939879024058, 2.22201268153887, 0.00332722012940, 0.00000000000000, 0.00739312532180, 2.22767171310729, 0.00000000000000, 2.24707050334787,*****************,    0.00000000000000,
  286,    1, 0.89218750000000, 0.00156250000000, 2.23526626885959, 0.01943186419177, 2.21583440466782, 0.00333616590018,-0.00000000000000, 0.00739239118130, 2.22150934635886, 0.00000000000000, 2.24094121055063,*****************,    0.00000000000000,
  286,    2, 0.89218750000000, 0.00468750000000, 2.23526626885959, 0.01943186419177, 2.21583440466782, 0.00333616590018,-0.00000000000000, 0.00739239118130, 2.22150934635886, 0.00000000000000, 2.24094121055063,*****************,    0.00000000000000,
  286,    3, 0.89218750000000, 0.00781250000000, 2.23526626885959, 0.01943186419177, 2.21583440466782, 0.00333616590018,-0.00000000000000, 0.00739239118130, 2.22150934635886, 0.00000000000000, 2.24094121055063,*****************,    0.00000000000000,
  286,    4, 0.89218750000000, 0.01093750000000, 2.23526626885959, 0.01943186419177, 2.21583440466782, 0.00333616590018,-0.00000000000000, 0.00739239118130, 2.22150934635886, 0.00000000000000, 2.24094121055063,*****************,    0.00000000000000,
  286,    5, 0.89218750000000, 0.01406250000000, 2.23526626885959, 0.01943186419177, 2.21583440466782, 0.00333616590018,-0.00000000000000, 0.00739239118130, 2.22150934635886, 0.00000000000000, 2.24094121055063,*****************,    0.00000000000000,
  287,    1, 0.89531250000000, 0.00156250000000, 2.22909866308969, 0.01946402908026, 2.20963463400943, 0.00334519634514,-0.00000000000000, 0.00739166170178, 2.21532563007859, 0.00000000000000, 2.23478965915885,*****************,    0.00000000000000,
  287,    2, 0.89531250000000, 0.00468750000000, 2.22909866308969, 0.01946402908026, 2.20963463400943, 0.00334519634514,-0.00000000000000, 0.00739166170178, 2.21532563007859, 0.00000000000000, 2.23478965915885,*****************,    0.00000000000000,
  287,    3, 0.89531250000000, 0.00781250000000, 2.22909866308969, 0.01946402908026, 2.20963463400943, 0.00334519634514,-0.00000000000000, 0.00739166170178, 2.21532563007859, 0.00000000000000, 2.23478965915885,*****************,    0.00000000000000,
  287,    4, 0.89531250000000, 0.01093750000000, 2.22909866308969, 0.01946402908026, 2.20963463400943, 0.00334519634514,-0.00000000000000, 0.00739166170178, 2.21532563007859, 0.00000000000000, 2.23478965915885,*****************,    0.00000000000000,
  287,    5, 0.89531250000000, 0.01406250000000, 2.22909866308969, 0.01946402908026, 2.20963463400943, 0.00334519634514,-0.00000000000000, 0.00739166170178, 2.21532563007859, 0.00000000000000, 2.23478965915885,*****************,    0.00000000000000,
  288,    1, 0.89843750000000, 0.00156250000000, 2.22290924729214, 0.01949528180593, 2.20341396548621, 0.00335431160573,-0.00000000000000, 0.00739093703666, 2.20912116026593, 0.00000000000000, 2.22861644207186,*****************,    0.00000000000000,
  288,    2, 0.89843750000000, 0.00468750000000, 2.22290924729214, 0.01949528180593, 2.20341396548621, 0.00335431160573,-0.00000000000000, 0.00739093703666, 2.20912116026593, 0.00000000000000, 2.22861644207186,*****************,    0.00000000000000,
  288,    3, 0.89843750000000, 0.00781250000000, 2.22290924729214, 0.01949528180593, 2.20341396548621, 0.00335431160573,-0.00000000000000, 0.00739093703666, 2.20912116026593, 0.00000000000000, 2.22861644207186,*****************,    0.00000000000000,
  288,    4, 0.89843750000000, 0.01093750000000, 2.22290924729214, 0.01949528180593, 2.20341396548621, 0.00335431160573,-0.00000000000000, 0.00739093703666, 2.20912116026593, 0.00000000000000, 2.22861644207186,*****************,    0.00000000000000,
  288,    5, 0.89843750000000, 0.01406250000000, 2.22290924729214, 0.01949528180593, 2.20341396548621, 0.00335431160573,-0.00000000000000, 0.00739093703666, 2.20912116026593, 0.00000000000000, 2.22861644207186,*****************,    0.00000000000000,
  289,    1, 0.90156250000000, 0.00156250000000, 2.21669861639070, 0.01952561935658, 2.19717299703412, 0.00336351181781, 0.00000000000000, 0.00739021734130, 2.20289653492058, 0.00000000000000, 2.22242215427716,*****************,    0.00000000000000,
  289,    2, 0.90156250000000, 0.00468750000000, 2.21669861639070, 0.01952561935658, 2.19717299703412, 0.00336351181781, 0.00000000000000, 0.00739021734130, 2.20289653492058, 0.00000000000000, 2.22242215427716,*****************,    0.00000000000000,
  289,    3, 0.90156250000000, 0.00781250000000, 2.21669861639070, 0.01952561935658, 2.19717299703412, 0.00336351181781, 0.00000000000000, 0.00739021734130, 2.20289653492058, 0.00000000000000, 2.22242215427716,*****************,    0.00000000000000,
  289,    4, 0.90156250000000, 0.01093750000000, 2.21669861639070, 0.01952561935658, 2.19717299703412, 0.00336351181781, 0.00000000000000, 0.00739021734130, 2.20289653492058, 0.00000000000000, 2.22242215427716,*****************,    0.00000000000000,
  289,    5, 0.90156250000000, 0.01406250000000, 2.21669861639070, 0.01952561935658, 2.19717299703412, 0.00336351181781, 0.00000000000000, 0.00739021734130, 2.20289653492058, 0.00000000000000, 2.22242215427716,*****************,    0.00000000000000,
  290,    1, 0.90468750000000, 0.00156250000000, 2.21046736735342, 0.01955503880820, 2.19091232854522, 0.00337279711138,-0.00000000000000, 0.00738950277300, 2.19665235398491, 0.00000000000000, 2.21620739279311,*****************,    0.00000000000000,
  290,    2, 0.90468750000000, 0.00468750000000, 2.21046736735342, 0.01955503880820, 2.19091232854522, 0.00337279711138,-0.00000000000000, 0.00738950277300, 2.19665235398491, 0.00000000000000, 2.21620739279311,*****************,    0.00000000000000,
  290,    3, 0.90468750000000, 0.00781250000000, 2.21046736735342, 0.01955503880820, 2.19091232854522, 0.00337279711138,-0.00000000000000, 0.00738950277300, 2.19665235398491, 0.00000000000000, 2.21620739279311,*****************,    0.00000000000000,
  290,    4, 0.90468750000000, 0.01093750000000, 2.21046736735342, 0.01955503880820, 2.19091232854522, 0.00337279711138,-0.00000000000000, 0.00738950277300, 2.19665235398491, 0.00000000000000, 2.21620739279311,*****************,    0.00000000000000,
  290,    5, 0.90468750000000, 0.01406250000000, 2.21046736735342, 0.01955503880820, 2.19091232854522, 0.00337279711138,-0.00000000000000, 0.00738950277300, 2.19665235398491, 0.00000000000000, 2.21620739279311,*****************,    0.00000000000000,
  291,    1, 0.90781250000000, 0.00156250000000, 2.20421609913568, 0.01958353732530, 2.18463256181038, 0.00338216761028,-0.00000000000000, 0.00738879349092, 2.19038921928605, 0.00000000000000, 2.20997275661135,*****************,    0.00000000000000,
  291,    2, 0.90781250000000, 0.00468750000000, 2.20421609913568, 0.01958353732530, 2.18463256181038, 0.00338216761028,-0.00000000000000, 0.00738879349092, 2.19038921928605, 0.00000000000000, 2.20997275661135,*****************,    0.00000000000000,
  291,    3, 0.90781250000000, 0.00781250000000, 2.20421609913568, 0.01958353732530, 2.18463256181038, 0.00338216761028,-0.00000000000000, 0.00738879349092, 2.19038921928605, 0.00000000000000, 2.20997275661135,*****************,    0.00000000000000,
  291,    4, 0.90781250000000, 0.01093750000000, 2.20421609913568, 0.01958353732530, 2.18463256181038, 0.00338216761028,-0.00000000000000, 0.00738879349092, 2.19038921928605, 0.00000000000000, 2.20997275661135,*****************,    0.00000000000000,
  291,    5, 0.90781250000000, 0.01406250000000, 2.20421609913568, 0.01958353732530, 2.18463256181038, 0.00338216761028,-0.00000000000000, 0.00738879349092, 2.19038921928605, 0.00000000000000, 2.20997275661135,*****************,    0.00000000000000,
  292,    1, 0.91093750000000, 0.00156250000000, 2.19794541262294, 0.01961111216112, 2.17833430046182, 0.00339162343195,-0.00000000000000, 0.00738808965606, 2.18410773447798, 0.00000000000000, 2.20371884663910,*****************,    0.00000000000000,
  292,    2, 0.91093750000000, 0.00468750000000, 2.19794541262294, 0.01961111216112, 2.17833430046182, 0.00339162343195,-0.00000000000000, 0.00738808965606, 2.18410773447798, 0.00000000000000, 2.20371884663910,*****************,    0.00000000000000,
  292,    3, 0.91093750000000, 0.00781250000000, 2.19794541262294, 0.01961111216112, 2.17833430046182, 0.00339162343195,-0.00000000000000, 0.00738808965606, 2.18410773447798, 0.00000000000000, 2.20371884663910,*****************,    0.00000000000000,
  292,    4, 0.91093750000000, 0.01093750000000, 2.19794541262294, 0.01961111216112, 2.17833430046182, 0.00339162343195,-0.00000000000000, 0.00738808965606, 2.18410773447798, 0.00000000000000, 2.20371884663910,*****************,    0.00000000000000,
  292,    5, 0.91093750000000, 0.01406250000000, 2.19794541262294, 0.01961111216112, 2.17833430046182, 0.00339162343195,-0.00000000000000, 0.00738808965606, 2.18410773447798, 0.00000000000000, 2.20371884663910,*****************,    0.00000000000000,
  293,    1, 0.91406250000000, 0.00156250000000, 2.19165591057325, 0.01963776065795, 2.17201814991529, 0.00340116468709,-0.00000000000000, 0.00738739143122, 2.17780850498327, 0.00000000000000, 2.19744626564122,*****************,    0.00000000000000,
  293,    2, 0.91406250000000, 0.00468750000000, 2.19165591057325, 0.01963776065795, 2.17201814991529, 0.00340116468709,-0.00000000000000, 0.00738739143122, 2.17780850498327, 0.00000000000000, 2.19744626564122,*****************,    0.00000000000000,
  293,    3, 0.91406250000000, 0.00781250000000, 2.19165591057325, 0.01963776065795, 2.17201814991529, 0.00340116468709,-0.00000000000000, 0.00738739143122, 2.17780850498327, 0.00000000000000, 2.19744626564122,*****************,    0.00000000000000,
  293,    4, 0.91406250000000, 0.01093750000000, 2.19165591057325, 0.01963776065795, 2.17201814991529, 0.00340116468709,-0.00000000000000, 0.00738739143122, 2.17780850498327, 0.00000000000000, 2.19744626564122,*****************,    0.00000000000000,
  293,    5, 0.91406250000000, 0.01406250000000, 2.19165591057325, 0.01963776065795, 2.17201814991529, 0.00340116468709,-0.00000000000000, 0.00738739143122, 2.17780850498327, 0.00000000000000, 2.19744626564122,*****************,    0.00000000000000,
  294,    1, 0.91718750000000, 0.00156250000000, 2.18534819755954, 0.01966348024735, 2.16568471731218, 0.00341079147944,-0.00000000000000, 0.00738669898096, 2.17149213793476, 0.00000000000000, 2.19115561818211,*****************,    0.00000000000000,
  294,    2, 0.91718750000000, 0.00468750000000, 2.18534819755954, 0.01966348024735, 2.16568471731218, 0.00341079147944,-0.00000000000000, 0.00738669898096, 2.17149213793476, 0.00000000000000, 2.19115561818211,*****************,    0.00000000000000,
  294,    3, 0.91718750000000, 0.00781250000000, 2.18534819755954, 0.01966348024735, 2.16568471731218, 0.00341079147944,-0.00000000000000, 0.00738669898096, 2.17149213793476, 0.00000000000000, 2.19115561818211,*****************,    0.00000000000000,
  294,    4, 0.91718750000000, 0.01093750000000, 2.18534819755954, 0.01966348024735, 2.16568471731218, 0.00341079147944,-0.00000000000000, 0.00738669898096, 2.17149213793476, 0.00000000000000, 2.19115561818211,*****************,    0.00000000000000,
  294,    5, 0.91718750000000, 0.01406250000000, 2.18534819755954, 0.01966348024735, 2.16568471731218, 0.00341079147944,-0.00000000000000, 0.00738669898096, 2.17149213793476, 0.00000000000000, 2.19115561818211,*****************,    0.00000000000000,
  295,    1, 0.92031250000000, 0.00156250000000, 2.17902287991216, 0.01968826845041, 2.15933461146175, 0.00342050390539, 0.00000000000000, 0.00738601247155, 2.16515924211707, 0.00000000000000, 2.18484751056748,*****************,    0.00000000000000,
  295,    2, 0.92031250000000, 0.00468750000000, 2.17902287991216, 0.01968826845041, 2.15933461146175, 0.00342050390539, 0.00000000000000, 0.00738601247155, 2.16515924211707, 0.00000000000000, 2.18484751056748,*****************,    0.00000000000000,
  295,    3, 0.92031250000000, 0.00781250000000, 2.17902287991216, 0.01968826845041, 2.15933461146175, 0.00342050390539, 0.00000000000000, 0.00738601247155, 2.16515924211707, 0.00000000000000, 2.18484751056748,*****************,    0.00000000000000,
  295,    4, 0.92031250000000, 0.01093750000000, 2.17902287991216, 0.01968826845041, 2.15933461146175, 0.00342050390539, 0.00000000000000, 0.00738601247155, 2.16515924211707, 0.00000000000000, 2.18484751056748,*****************,    0.00000000000000,
  295,    5, 0.92031250000000, 0.01406250000000, 2.17902287991216, 0.01968826845041, 2.15933461146175, 0.00342050390539, 0.00000000000000, 0.00738601247155, 2.16515924211707, 0.00000000000000, 2.18484751056748,*****************,    0.00000000000000,
  296,    1, 0.92343750000000, 0.00156250000000, 2.17268056566055, 0.01971212287799, 2.15296844278256, 0.00343030205373, 0.00000000000000, 0.00738533207090, 2.15881042790786, 0.00000000000000, 2.17852255078586,*****************,    0.00000000000000,
  296,    2, 0.92343750000000, 0.00468750000000, 2.17268056566055, 0.01971212287799, 2.15296844278256, 0.00343030205373, 0.00000000000000, 0.00738533207090, 2.15881042790786, 0.00000000000000, 2.17852255078586,*****************,    0.00000000000000,
  296,    3, 0.92343750000000, 0.00781250000000, 2.17268056566055, 0.01971212287799, 2.15296844278256, 0.00343030205373, 0.00000000000000, 0.00738533207090, 2.15881042790786, 0.00000000000000, 2.17852255078586,*****************,    0.00000000000000,
  296,    4, 0.92343750000000, 0.01093750000000, 2.17268056566055, 0.01971212287799, 2.15296844278256, 0.00343030205373, 0.00000000000000, 0.00738533207090, 2.15881042790786, 0.00000000000000, 2.17852255078586,*****************,    0.00000000000000,
  296,    5, 0.92343750000000, 0.01406250000000, 2.17268056566055, 0.01971212287799, 2.15296844278256, 0.00343030205373, 0.00000000000000, 0.00738533207090, 2.15881042790786, 0.00000000000000, 2.17852255078586,*****************,    0.00000000000000,
  297,    1, 0.92656250000000, 0.00156250000000, 2.16632186447546, 0.01973504123096, 2.14658682324451, 0.00344018600533,-0.00000000000000, 0.00738465794856, 2.15244630721908, 0.00000000000000, 2.17218134845004,*****************,    0.00000000000000,
  297,    2, 0.92656250000000, 0.00468750000000, 2.16632186447546, 0.01973504123096, 2.14658682324451, 0.00344018600533,-0.00000000000000, 0.00738465794856, 2.15244630721908, 0.00000000000000, 2.17218134845004,*****************,    0.00000000000000,
  297,    3, 0.92656250000000, 0.00781250000000, 2.16632186447546, 0.01973504123096, 2.14658682324451, 0.00344018600533,-0.00000000000000, 0.00738465794856, 2.15244630721908, 0.00000000000000, 2.17218134845004,*****************,    0.00000000000000,
  297,    4, 0.92656250000000, 0.01093750000000, 2.16632186447546, 0.01973504123096, 2.14658682324451, 0.00344018600533,-0.00000000000000, 0.00738465794856, 2.15244630721908, 0.00000000000000, 2.17218134845004,*****************,    0.00000000000000,
  297,    5, 0.92656250000000, 0.01406250000000, 2.16632186447546, 0.01973504123096, 2.14658682324451, 0.00344018600533,-0.00000000000000, 0.00738465794856, 2.15244630721908, 0.00000000000000, 2.17218134845004,*****************,    0.00000000000000,
  298,    1, 0.92968750000000, 0.00156250000000, 2.15994738761064, 0.01975702130039, 2.14019036631025, 0.00345015583280,-0.00000000000000, 0.00738399027562, 2.14606749343791, 0.00000000000000, 2.16582451473830,*****************,    0.00000000000000,
  298,    2, 0.92968750000000, 0.00468750000000, 2.15994738761064, 0.01975702130039, 2.14019036631025, 0.00345015583280,-0.00000000000000, 0.00738399027562, 2.14606749343791, 0.00000000000000, 2.16582451473830,*****************,    0.00000000000000,
  298,    3, 0.92968750000000, 0.00781250000000, 2.15994738761064, 0.01975702130039, 2.14019036631025, 0.00345015583280,-0.00000000000000, 0.00738399027562, 2.14606749343791, 0.00000000000000, 2.16582451473830,*****************,    0.00000000000000,
  298,    4, 0.92968750000000, 0.01093750000000, 2.15994738761064, 0.01975702130039, 2.14019036631025, 0.00345015583280,-0.00000000000000, 0.00738399027562, 2.14606749343791, 0.00000000000000, 2.16582451473830,*****************,    0.00000000000000,
  298,    5, 0.92968750000000, 0.01406250000000, 2.15994738761064, 0.01975702130039, 2.14019036631025, 0.00345015583280,-0.00000000000000, 0.00738399027562, 2.14606749343791, 0.00000000000000, 2.16582451473830,*****************,    0.00000000000000,
  299,    1, 0.93281250000000, 0.00156250000000, 2.15355774784436, 0.01977806096779, 2.13377968687657, 0.00346021160015, 0.00000000000000, 0.00738332922469, 2.13967460136771, 0.00000000000000, 2.15945266233551,*****************,    0.00000000000000,
  299,    2, 0.93281250000000, 0.00468750000000, 2.15355774784436, 0.01977806096779, 2.13377968687657, 0.00346021160015, 0.00000000000000, 0.00738332922469, 2.13967460136771, 0.00000000000000, 2.15945266233551,*****************,    0.00000000000000,
  299,    3, 0.93281250000000, 0.00781250000000, 2.15355774784436, 0.01977806096779, 2.13377968687657, 0.00346021160015, 0.00000000000000, 0.00738332922469, 2.13967460136771, 0.00000000000000, 2.15945266233551,*****************,    0.00000000000000,
  299,    4, 0.93281250000000, 0.01093750000000, 2.15355774784436, 0.01977806096779, 2.13377968687657, 0.00346021160015, 0.00000000000000, 0.00738332922469, 2.13967460136771, 0.00000000000000, 2.15945266233551,*****************,    0.00000000000000,
  299,    5, 0.93281250000000, 0.01406250000000, 2.15355774784436, 0.01977806096779, 2.13377968687657, 0.00346021160015, 0.00000000000000, 0.00738332922469, 2.13967460136771, 0.00000000000000, 2.15945266233551,*****************,    0.00000000000000,
  300,    1, 0.93593750000000, 0.00156250000000, 2.14715355942101, 0.01979815820533, 2.12735540121568, 0.00347035336249,-0.00000000000000, 0.00738267496983, 2.13326824716872, 0.00000000000000, 2.15306640537405,*****************,    0.00000000000000,
  300,    2, 0.93593750000000, 0.00468750000000, 2.14715355942101, 0.01979815820533, 2.12735540121568, 0.00347035336249,-0.00000000000000, 0.00738267496983, 2.13326824716872, 0.00000000000000, 2.15306640537405,*****************,    0.00000000000000,
  300,    3, 0.93593750000000, 0.00781250000000, 2.14715355942101, 0.01979815820533, 2.12735540121568, 0.00347035336249,-0.00000000000000, 0.00738267496983, 2.13326824716872, 0.00000000000000, 2.15306640537405,*****************,    0.00000000000000,
  300,    4, 0.93593750000000, 0.01093750000000, 2.14715355942101, 0.01979815820533, 2.12735540121568, 0.00347035336249,-0.00000000000000, 0.00738267496983, 2.13326824716872, 0.00000000000000, 2.15306640537405,*****************,    0.00000000000000,
  300,    5, 0.93593750000000, 0.01406250000000, 2.14715355942101, 0.01979815820533, 2.12735540121568, 0.00347035336249,-0.00000000000000, 0.00738267496983, 2.13326824716872, 0.00000000000000, 2.15306640537405,*****************,    0.00000000000000,
  301,    1, 0.93906250000000, 0.00156250000000, 2.14073543799241, 0.01981731107599, 2.12091812691642, 0.00348058116568, 0.00000000000000, 0.00738202768649, 2.12684904829869, 0.00000000000000, 2.14666635937468,*****************,    0.00000000000000,
  301,    2, 0.93906250000000, 0.00468750000000, 2.14073543799241, 0.01981731107599, 2.12091812691642, 0.00348058116568, 0.00000000000000, 0.00738202768649, 2.12684904829869, 0.00000000000000, 2.14666635937468,*****************,    0.00000000000000,
  301,    3, 0.93906250000000, 0.00781250000000, 2.14073543799241, 0.01981731107599, 2.12091812691642, 0.00348058116568, 0.00000000000000, 0.00738202768649, 2.12684904829869, 0.00000000000000, 2.14666635937468,*****************,    0.00000000000000,
  301,    4, 0.93906250000000, 0.01093750000000, 2.14073543799241, 0.01981731107599, 2.12091812691642, 0.00348058116568, 0.00000000000000, 0.00738202768649, 2.12684904829869, 0.00000000000000, 2.14666635937468,*****************,    0.00000000000000,
  301,    5, 0.93906250000000, 0.01406250000000, 2.14073543799241, 0.01981731107599, 2.12091812691642, 0.00348058116568, 0.00000000000000, 0.00738202768649, 2.12684904829869, 0.00000000000000, 2.14666635937468,*****************,    0.00000000000000,
  302,    1, 0.94218750000000, 0.00156250000000, 2.13430400055905, 0.01983551773378, 2.11446848282528, 0.00349089504593, 0.00000000000000, 0.00738138755146, 2.12041762345337, 0.00000000000000, 2.14025314118714,*****************,    0.00000000000000,
  302,    2, 0.94218750000000, 0.00468750000000, 2.13430400055905, 0.01983551773378, 2.11446848282528, 0.00349089504593, 0.00000000000000, 0.00738138755146, 2.12041762345337, 0.00000000000000, 2.14025314118714,*****************,    0.00000000000000,
  302,    3, 0.94218750000000, 0.00781250000000, 2.13430400055905, 0.01983551773378, 2.11446848282528, 0.00349089504593, 0.00000000000000, 0.00738138755146, 2.12041762345337, 0.00000000000000, 2.14025314118714,*****************,    0.00000000000000,
  302,    4, 0.94218750000000, 0.01093750000000, 2.13430400055905, 0.01983551773378, 2.11446848282528, 0.00349089504593, 0.00000000000000, 0.00738138755146, 2.12041762345337, 0.00000000000000, 2.14025314118714,*****************,    0.00000000000000,
  302,    5, 0.94218750000000, 0.01406250000000, 2.13430400055905, 0.01983551773378, 2.11446848282528, 0.00349089504593, 0.00000000000000, 0.00738138755146, 2.12041762345337, 0.00000000000000, 2.14025314118714,*****************,    0.00000000000000,
  303,    1, 0.94531250000000, 0.00156250000000, 2.12785986541127, 0.01985277642389, 2.10800708898738, 0.00350129502950, 0.00000000000000, 0.00738075474281, 2.11397459250687, 0.00000000000000, 2.13382736893076,*****************,    0.00000000000000,
  303,    2, 0.94531250000000, 0.00468750000000, 2.12785986541127, 0.01985277642389, 2.10800708898738, 0.00350129502950, 0.00000000000000, 0.00738075474281, 2.11397459250687, 0.00000000000000, 2.13382736893076,*****************,    0.00000000000000,
  303,    3, 0.94531250000000, 0.00781250000000, 2.12785986541127, 0.01985277642389, 2.10800708898738, 0.00350129502950, 0.00000000000000, 0.00738075474281, 2.11397459250687, 0.00000000000000, 2.13382736893076,*****************,    0.00000000000000,
  303,    4, 0.94531250000000, 0.01093750000000, 2.12785986541127, 0.01985277642389, 2.10800708898738, 0.00350129502950, 0.00000000000000, 0.00738075474281, 2.11397459250687, 0.00000000000000, 2.13382736893076,*****************,    0.00000000000000,
  303,    5, 0.94531250000000, 0.01406250000000, 2.12785986541127, 0.01985277642389, 2.10800708898738, 0.00350129502950, 0.00000000000000, 0.00738075474281, 2.11397459250687, 0.00000000000000, 2.13382736893076,*****************,    0.00000000000000,
  304,    1, 0.94843750000000, 0.00156250000000, 2.12140365207018, 0.01986908548290, 2.10153456658728, 0.00351178113230,-0.00000000000000, 0.00738012943982, 2.10752057645192, 0.00000000000000, 2.12738966193483,*****************,    0.00000000000000,
  304,    2, 0.94843750000000, 0.00468750000000, 2.12140365207018, 0.01986908548290, 2.10153456658728, 0.00351178113230,-0.00000000000000, 0.00738012943982, 2.10752057645192, 0.00000000000000, 2.12738966193483,*****************,    0.00000000000000,
  304,    3, 0.94843750000000, 0.00781250000000, 2.12140365207018, 0.01986908548290, 2.10153456658728, 0.00351178113230,-0.00000000000000, 0.00738012943982, 2.10752057645192, 0.00000000000000, 2.12738966193483,*****************,    0.00000000000000,
  304,    4, 0.94843750000000, 0.01093750000000, 2.12140365207018, 0.01986908548290, 2.10153456658728, 0.00351178113230,-0.00000000000000, 0.00738012943982, 2.10752057645192, 0.00000000000000, 2.12738966193483,*****************,    0.00000000000000,
  304,    5, 0.94843750000000, 0.01406250000000, 2.12140365207018, 0.01986908548290, 2.10153456658728, 0.00351178113230,-0.00000000000000, 0.00738012943982, 2.10752057645192, 0.00000000000000, 2.12738966193483,*****************,    0.00000000000000,
  305,    1, 0.95156250000000, 0.00156250000000, 2.11493598122856, 0.01988444333892, 2.09505153788964, 0.00352235335955,-0.00000000000000, 0.00737951182292, 2.10105619734003, 0.00000000000000, 2.12094064067895,*****************,    0.00000000000000,
  305,    2, 0.95156250000000, 0.00468750000000, 2.11493598122856, 0.01988444333892, 2.09505153788964, 0.00352235335955,-0.00000000000000, 0.00737951182292, 2.10105619734003, 0.00000000000000, 2.12094064067895,*****************,    0.00000000000000,
  305,    3, 0.95156250000000, 0.00781250000000, 2.11493598122856, 0.01988444333892, 2.09505153788964, 0.00352235335955,-0.00000000000000, 0.00737951182292, 2.10105619734003, 0.00000000000000, 2.12094064067895,*****************,    0.00000000000000,
  305,    4, 0.95156250000000, 0.01093750000000, 2.11493598122856, 0.01988444333892, 2.09505153788964, 0.00352235335955,-0.00000000000000, 0.00737951182292, 2.10105619734003, 0.00000000000000, 2.12094064067895,*****************,    0.00000000000000,
  305,    5, 0.95156250000000, 0.01406250000000, 2.11493598122856, 0.01988444333892, 2.09505153788964, 0.00352235335955,-0.00000000000000, 0.00737951182292, 2.10105619734003, 0.00000000000000, 2.12094064067895,*****************,    0.00000000000000,
  306,    1, 0.95468750000000, 0.00156250000000, 2.10845747469166, 0.01989884851171, 2.08855862617995, 0.00353301170535,-0.00000000000000, 0.00737890207360, 2.09458207822150, 0.00000000000000, 2.11448092673322,*****************,    0.00000000000000,
  306,    2, 0.95468750000000, 0.00468750000000, 2.10845747469166, 0.01989884851171, 2.08855862617995, 0.00353301170535,-0.00000000000000, 0.00737890207360, 2.09458207822150, 0.00000000000000, 2.11448092673322,*****************,    0.00000000000000,
  306,    3, 0.95468750000000, 0.00781250000000, 2.10845747469166, 0.01989884851171, 2.08855862617995, 0.00353301170535,-0.00000000000000, 0.00737890207360, 2.09458207822150, 0.00000000000000, 2.11448092673322,*****************,    0.00000000000000,
  306,    4, 0.95468750000000, 0.01093750000000, 2.10845747469166, 0.01989884851171, 2.08855862617995, 0.00353301170535,-0.00000000000000, 0.00737890207360, 2.09458207822150, 0.00000000000000, 2.11448092673322,*****************,    0.00000000000000,
  306,    5, 0.95468750000000, 0.01406250000000, 2.10845747469166, 0.01989884851171, 2.08855862617995, 0.00353301170535,-0.00000000000000, 0.00737890207360, 2.09458207822150, 0.00000000000000, 2.11448092673322,*****************,    0.00000000000000,
  307,    1, 0.95781250000000, 0.00156250000000, 2.10196875531802, 0.01991229961288, 2.08205645570514, 0.00354375615233,-0.00000000000000, 0.00737830037439, 2.08809884308542, 0.00000000000000, 2.10801114269830,*****************,    0.00000000000000,
  307,    2, 0.95781250000000, 0.00468750000000, 2.10196875531802, 0.01991229961288, 2.08205645570514, 0.00354375615233,-0.00000000000000, 0.00737830037439, 2.08809884308542, 0.00000000000000, 2.10801114269830,*****************,    0.00000000000000,
  307,    3, 0.95781250000000, 0.00781250000000, 2.10196875531802, 0.01991229961288, 2.08205645570514, 0.00354375615233,-0.00000000000000, 0.00737830037439, 2.08809884308542, 0.00000000000000, 2.10801114269830,*****************,    0.00000000000000,
  307,    4, 0.95781250000000, 0.01093750000000, 2.10196875531802, 0.01991229961288, 2.08205645570514, 0.00354375615233,-0.00000000000000, 0.00737830037439, 2.08809884308542, 0.00000000000000, 2.10801114269830,*****************,    0.00000000000000,
  307,    5, 0.95781250000000, 0.01406250000000, 2.10196875531802, 0.01991229961288, 2.08205645570514, 0.00354375615233,-0.00000000000000, 0.00737830037439, 2.08809884308542, 0.00000000000000, 2.10801114269830,*****************,    0.00000000000000,
  308,    1, 0.96093750000000, 0.00156250000000, 2.09547044695986, 0.01992479534599, 2.07554565161387, 0.00355458667123, 0.00000000000000, 0.00737770690875, 2.08160711679948, 0.00000000000000, 2.10153191214546,*****************,    0.00000000000000,
  308,    2, 0.96093750000000, 0.00468750000000, 2.09547044695986, 0.01992479534599, 2.07554565161387, 0.00355458667123, 0.00000000000000, 0.00737770690875, 2.08160711679948, 0.00000000000000, 2.10153191214546,*****************,    0.00000000000000,
  308,    3, 0.96093750000000, 0.00781250000000, 2.09547044695986, 0.01992479534599, 2.07554565161387, 0.00355458667123, 0.00000000000000, 0.00737770690875, 2.08160711679948, 0.00000000000000, 2.10153191214546,*****************,    0.00000000000000,
  308,    4, 0.96093750000000, 0.01093750000000, 2.09547044695986, 0.01992479534599, 2.07554565161387, 0.00355458667123, 0.00000000000000, 0.00737770690875, 2.08160711679948, 0.00000000000000, 2.10153191214546,*****************,    0.00000000000000,
  308,    5, 0.96093750000000, 0.01406250000000, 2.09547044695986, 0.01992479534599, 2.07554565161387, 0.00355458667123, 0.00000000000000, 0.00737770690875, 2.08160711679948, 0.00000000000000, 2.10153191214546,*****************,    0.00000000000000,
  309,    1, 0.96406250000000, 0.00156250000000, 2.08896317440377, 0.01993633450666, 2.06902683989711, 0.00356550322053, 0.00000000000000, 0.00737712186101, 2.07510752504977, 0.00000000000000, 2.09504385955642,*****************,    0.00000000000000,
  309,    2, 0.96406250000000, 0.00468750000000, 2.08896317440377, 0.01993633450666, 2.06902683989711, 0.00356550322053, 0.00000000000000, 0.00737712186101, 2.07510752504977, 0.00000000000000, 2.09504385955642,*****************,    0.00000000000000,
  309,    3, 0.96406250000000, 0.00781250000000, 2.08896317440377, 0.01993633450666, 2.06902683989711, 0.00356550322053, 0.00000000000000, 0.00737712186101, 2.07510752504977, 0.00000000000000, 2.09504385955642,*****************,    0.00000000000000,
  309,    4, 0.96406250000000, 0.01093750000000, 2.08896317440377, 0.01993633450666, 2.06902683989711, 0.00356550322053, 0.00000000000000, 0.00737712186101, 2.07510752504977, 0.00000000000000, 2.09504385955642,*****************,    0.00000000000000,
  309,    5, 0.96406250000000, 0.01406250000000, 2.08896317440377, 0.01993633450666, 2.06902683989711, 0.00356550322053, 0.00000000000000, 0.00737712186101, 2.07510752504977, 0.00000000000000, 2.09504385955642,*****************,    0.00000000000000,
  310,    1, 0.96718750000000, 0.00156250000000, 2.08244756331119, 0.01994691598273, 2.06250064732846, 0.00357650574600, 0.00000000000000, 0.00737654541629, 2.06860069428046, 0.00000000000000, 2.08854761026319,*****************,    0.00000000000000,
  310,    2, 0.96718750000000, 0.00468750000000, 2.08244756331119, 0.01994691598273, 2.06250064732846, 0.00357650574600, 0.00000000000000, 0.00737654541629, 2.06860069428046, 0.00000000000000, 2.08854761026319,*****************,    0.00000000000000,
  310,    3, 0.96718750000000, 0.00781250000000, 2.08244756331119, 0.01994691598273, 2.06250064732846, 0.00357650574600, 0.00000000000000, 0.00737654541629, 2.06860069428046, 0.00000000000000, 2.08854761026319,*****************,    0.00000000000000,
  310,    4, 0.96718750000000, 0.01093750000000, 2.08244756331119, 0.01994691598273, 2.06250064732846, 0.00357650574600, 0.00000000000000, 0.00737654541629, 2.06860069428046, 0.00000000000000, 2.08854761026319,*****************,    0.00000000000000,
  310,    5, 0.96718750000000, 0.01406250000000, 2.08244756331119, 0.01994691598273, 2.06250064732846, 0.00357650574600, 0.00000000000000, 0.00737654541629, 2.06860069428046, 0.00000000000000, 2.08854761026319,*****************,    0.00000000000000,
  311,    1, 0.97031250000000, 0.00156250000000, 2.07592424015850, 0.01995653875433, 2.05596770140417, 0.00358759418030,-0.00000000000000, 0.00737597776044, 2.06208725163347, 0.00000000000000, 2.08204379038780,*****************,    0.00000000000000,
  311,    2, 0.97031250000000, 0.00468750000000, 2.07592424015850, 0.01995653875433, 2.05596770140417, 0.00358759418030,-0.00000000000000, 0.00737597776044, 2.06208725163347, 0.00000000000000, 2.08204379038780,*****************,    0.00000000000000,
  311,    3, 0.97031250000000, 0.00781250000000, 2.07592424015850, 0.01995653875433, 2.05596770140417, 0.00358759418030,-0.00000000000000, 0.00737597776044, 2.06208725163347, 0.00000000000000, 2.08204379038780,*****************,    0.00000000000000,
  311,    4, 0.97031250000000, 0.01093750000000, 2.07592424015850, 0.01995653875433, 2.05596770140417, 0.00358759418030,-0.00000000000000, 0.00737597776044, 2.06208725163347, 0.00000000000000, 2.08204379038780,*****************,    0.00000000000000,
  311,    5, 0.97031250000000, 0.01406250000000, 2.07592424015850, 0.01995653875433, 2.05596770140417, 0.00358759418030,-0.00000000000000, 0.00737597776044, 2.06208725163347, 0.00000000000000, 2.08204379038780,*****************,    0.00000000000000,
  312,    1, 0.97343750000000, 0.00156250000000, 2.06939383217770, 0.01996520189401, 2.04942863028369, 0.00359876844255, 0.00000000000000, 0.00737541907993, 2.05556782488793, 0.00000000000000, 2.07553302678194,*****************,    0.00000000000000,
  312,    2, 0.97343750000000, 0.00468750000000, 2.06939383217770, 0.01996520189401, 2.04942863028369, 0.00359876844255, 0.00000000000000, 0.00737541907993, 2.05556782488793, 0.00000000000000, 2.07553302678194,*****************,    0.00000000000000,
  312,    3, 0.97343750000000, 0.00781250000000, 2.06939383217770, 0.01996520189401, 2.04942863028369, 0.00359876844255, 0.00000000000000, 0.00737541907993, 2.05556782488793, 0.00000000000000, 2.07553302678194,*****************,    0.00000000000000,
  312,    4, 0.97343750000000, 0.01093750000000, 2.06939383217770, 0.01996520189401, 2.04942863028369, 0.00359876844255, 0.00000000000000, 0.00737541907993, 2.05556782488793, 0.00000000000000, 2.07553302678194,*****************,    0.00000000000000,
  312,    5, 0.97343750000000, 0.01406250000000, 2.06939383217770, 0.01996520189401, 2.04942863028369, 0.00359876844255, 0.00000000000000, 0.00737541907993, 2.05556782488793, 0.00000000000000, 2.07553302678194,*****************,    0.00000000000000,
  313,    1, 0.97656250000000, 0.00156250000000, 2.06285696729644, 0.01997290456679, 2.04288406272966, 0.00361002843791, 0.00000000000000, 0.00737486956181, 2.04904304239978, 0.00000000000000, 2.06901594696657,*****************,    0.00000000000000,
  313,    2, 0.97656250000000, 0.00468750000000, 2.06285696729644, 0.01997290456679, 2.04288406272966, 0.00361002843791, 0.00000000000000, 0.00737486956181, 2.04904304239978, 0.00000000000000, 2.06901594696657,*****************,    0.00000000000000,
  313,    3, 0.97656250000000, 0.00781250000000, 2.06285696729644, 0.01997290456679, 2.04288406272966, 0.00361002843791, 0.00000000000000, 0.00737486956181, 2.04904304239978, 0.00000000000000, 2.06901594696657,*****************,    0.00000000000000,
  313,    4, 0.97656250000000, 0.01093750000000, 2.06285696729644, 0.01997290456679, 2.04288406272966, 0.00361002843791, 0.00000000000000, 0.00737486956181, 2.04904304239978, 0.00000000000000, 2.06901594696657,*****************,    0.00000000000000,
  313,    5, 0.97656250000000, 0.01406250000000, 2.06285696729644, 0.01997290456679, 2.04288406272966, 0.00361002843791, 0.00000000000000, 0.00737486956181, 2.04904304239978, 0.00000000000000, 2.06901594696657,*****************,    0.00000000000000,
  314,    1, 0.97968750000000, 0.00156250000000, 2.05631427407826, 0.01997964603026, 2.03633462804800, 0.00362137405711,-0.00000000000000, 0.00737432939361, 2.04251353304112, 0.00000000000000, 2.06249317907139,*****************,    0.00000000000000,
  314,    2, 0.97968750000000, 0.00468750000000, 2.05631427407826, 0.01997964603026, 2.03633462804800, 0.00362137405711,-0.00000000000000, 0.00737432939361, 2.04251353304112, 0.00000000000000, 2.06249317907139,*****************,    0.00000000000000,
  314,    3, 0.97968750000000, 0.00781250000000, 2.05631427407826, 0.01997964603026, 2.03633462804800, 0.00362137405711,-0.00000000000000, 0.00737432939361, 2.04251353304112, 0.00000000000000, 2.06249317907139,*****************,    0.00000000000000,
  314,    4, 0.97968750000000, 0.01093750000000, 2.05631427407826, 0.01997964603026, 2.03633462804800, 0.00362137405711,-0.00000000000000, 0.00737432939361, 2.04251353304112, 0.00000000000000, 2.06249317907139,*****************,    0.00000000000000,
  314,    5, 0.97968750000000, 0.01406250000000, 2.05631427407826, 0.01997964603026, 2.03633462804800, 0.00362137405711,-0.00000000000000, 0.00737432939361, 2.04251353304112, 0.00000000000000, 2.06249317907139,*****************,    0.00000000000000,
  315,    1, 0.98281250000000, 0.00156250000000, 2.04976638166270, 0.01998542563469, 2.02978095602802, 0.00363280517602, 0.00000000000000, 0.00737379876325, 2.03597992613967, 0.00000000000000, 2.05596535177436,*****************,    0.00000000000000,
  315,    2, 0.98281250000000, 0.00468750000000, 2.04976638166270, 0.01998542563469, 2.02978095602802, 0.00363280517602, 0.00000000000000, 0.00737379876325, 2.03597992613967, 0.00000000000000, 2.05596535177436,*****************,    0.00000000000000,
  315,    3, 0.98281250000000, 0.00781250000000, 2.04976638166270, 0.01998542563469, 2.02978095602802, 0.00363280517602, 0.00000000000000, 0.00737379876325, 2.03597992613967, 0.00000000000000, 2.05596535177436,*****************,    0.00000000000000,
  315,    4, 0.98281250000000, 0.01093750000000, 2.04976638166270, 0.01998542563469, 2.02978095602802, 0.00363280517602, 0.00000000000000, 0.00737379876325, 2.03597992613967, 0.00000000000000, 2.05596535177436,*****************,    0.00000000000000,
  315,    5, 0.98281250000000, 0.01406250000000, 2.04976638166270, 0.01998542563469, 2.02978095602802, 0.00363280517602, 0.00000000000000, 0.00737379876325, 2.03597992613967, 0.00000000000000, 2.05596535177436,*****************,    0.00000000000000,
  316,    1, 0.98593750000000, 0.00156250000000, 2.04321391970550, 0.01999024282300, 2.02322367688250, 0.00364432165519,-0.00000000000000, 0.00737327785897, 2.02944285141804, 0.00000000000000, 2.04943309424105,*****************,    0.00000000000000,
  316,    2, 0.98593750000000, 0.00468750000000, 2.04321391970550, 0.01999024282300, 2.02322367688250, 0.00364432165519,-0.00000000000000, 0.00737327785897, 2.02944285141804, 0.00000000000000, 2.04943309424105,*****************,    0.00000000000000,
  316,    3, 0.98593750000000, 0.00781250000000, 2.04321391970550, 0.01999024282300, 2.02322367688250, 0.00364432165519,-0.00000000000000, 0.00737327785897, 2.02944285141804, 0.00000000000000, 2.04943309424105,*****************,    0.00000000000000,
  316,    4, 0.98593750000000, 0.01093750000000, 2.04321391970550, 0.01999024282300, 2.02322367688250, 0.00364432165519,-0.00000000000000, 0.00737327785897, 2.02944285141804, 0.00000000000000, 2.04943309424105,*****************,    0.00000000000000,
  316,    5, 0.98593750000000, 0.01406250000000, 2.04321391970550, 0.01999024282300, 2.02322367688250, 0.00364432165519,-0.00000000000000, 0.00737327785897, 2.02944285141804, 0.00000000000000, 2.04943309424105,*****************,    0.00000000000000,
  317,    1, 0.98906250000000, 0.00156250000000, 2.03665751831843, 0.01999409713092, 2.01666342118751, 0.00365592333939, 0.00000000000000, 0.00737276686922, 2.02290293893312, 0.00000000000000, 2.04289703606405,*****************,    0.00000000000000,
  317,    2, 0.98906250000000, 0.00468750000000, 2.03665751831843, 0.01999409713092, 2.01666342118751, 0.00365592333939, 0.00000000000000, 0.00737276686922, 2.02290293893312, 0.00000000000000, 2.04289703606405,*****************,    0.00000000000000,
  317,    3, 0.98906250000000, 0.00781250000000, 2.03665751831843, 0.01999409713092, 2.01666342118751, 0.00365592333939, 0.00000000000000, 0.00737276686922, 2.02290293893312, 0.00000000000000, 2.04289703606405,*****************,    0.00000000000000,
  317,    4, 0.98906250000000, 0.01093750000000, 2.03665751831843, 0.01999409713092, 2.01666342118751, 0.00365592333939, 0.00000000000000, 0.00737276686922, 2.02290293893312, 0.00000000000000, 2.04289703606405,*****************,    0.00000000000000,
  317,    5, 0.98906250000000, 0.01406250000000, 2.03665751831843, 0.01999409713092, 2.01666342118751, 0.00365592333939, 0.00000000000000, 0.00737276686922, 2.02290293893312, 0.00000000000000, 2.04289703606405,*****************,    0.00000000000000,
  318,    1, 0.99218750000000, 0.00156250000000, 2.03009780800969, 0.01999698818696, 2.01010081982272, 0.00366761005713,-0.00000000000000, 0.00737226598262, 2.01636081901527, 0.00000000000000, 2.03635780720224,*****************,    0.00000000000000,
  318,    2, 0.99218750000000, 0.00468750000000, 2.03009780800969, 0.01999698818696, 2.01010081982272, 0.00366761005713,-0.00000000000000, 0.00737226598262, 2.01636081901527, 0.00000000000000, 2.03635780720224,*****************,    0.00000000000000,
  318,    3, 0.99218750000000, 0.00781250000000, 2.03009780800969, 0.01999698818696, 2.01010081982272, 0.00366761005713,-0.00000000000000, 0.00737226598262, 2.01636081901527, 0.00000000000000, 2.03635780720224,*****************,    0.00000000000000,
  318,    4, 0.99218750000000, 0.01093750000000, 2.03009780800969, 0.01999698818696, 2.01010081982272, 0.00366761005713,-0.00000000000000, 0.00737226598262, 2.01636081901527, 0.00000000000000, 2.03635780720224,*****************,    0.00000000000000,
  318,    5, 0.99218750000000, 0.01406250000000, 2.03009780800969, 0.01999698818696, 2.01010081982272, 0.00366761005713,-0.00000000000000, 0.00737226598262, 2.01636081901527, 0.00000000000000, 2.03635780720224,*****************,    0.00000000000000,
  319,    1, 0.99531250000000, 0.00156250000000, 2.02353541962358, 0.01999891571247, 2.00353650391111, 0.00367938162016, 0.00000000000000, 0.00737177538781, 2.00981712220764, 0.00000000000000, 2.02981603792011,*****************,    0.00000000000000,
  319,    2, 0.99531250000000, 0.00468750000000, 2.02353541962358, 0.01999891571247, 2.00353650391111, 0.00367938162016, 0.00000000000000, 0.00737177538781, 2.00981712220764, 0.00000000000000, 2.02981603792011,*****************,    0.00000000000000,
  319,    3, 0.99531250000000, 0.00781250000000, 2.02353541962358, 0.01999891571247, 2.00353650391111, 0.00367938162016, 0.00000000000000, 0.00737177538781, 2.00981712220764, 0.00000000000000, 2.02981603792011,*****************,    0.00000000000000,
  319,    4, 0.99531250000000, 0.01093750000000, 2.02353541962358, 0.01999891571247, 2.00353650391111, 0.00367938162016, 0.00000000000000, 0.00737177538781, 2.00981712220764, 0.00000000000000, 2.02981603792011,*****************,    0.00000000000000,
  319,    5, 0.99531250000000, 0.01406250000000, 2.02353541962358, 0.01999891571247, 2.00353650391111, 0.00367938162016, 0.00000000000000, 0.00737177538781, 2.00981712220764, 0.00000000000000, 2.02981603792011,*****************,    0.00000000000000,
  320,    1, 0.99843750000000, 0.00156250000000, 2.01697098428057, 0.01999987952167, 1.99697110475889, 0.00369123782304,-0.00000000000000, 0.00737129527341, 2.00327247920533, 0.00000000000000, 2.02327235872700,*****************,    0.00000000000000,
  320,    2, 0.99843750000000, 0.00468750000000, 2.01697098428057, 0.01999987952167, 1.99697110475889, 0.00369123782304,-0.00000000000000, 0.00737129527341, 2.00327247920533, 0.00000000000000, 2.02327235872700,*****************,    0.00000000000000,
  320,    3, 0.99843750000000, 0.00781250000000, 2.01697098428057, 0.01999987952167, 1.99697110475889, 0.00369123782304,-0.00000000000000, 0.00737129527341, 2.00327247920533, 0.00000000000000, 2.02327235872700,*****************,    0.00000000000000,
  320,    4, 0.99843750000000, 0.01093750000000, 2.01697098428057, 0.01999987952167, 1.99697110475889, 0.00369123782304,-0.00000000000000, 0.00737129527341, 2.00327247920533, 0.00000000000000, 2.02327235872700,*****************,    0.00000000000000,
  320,    5, 0.99843750000000, 0.01406250000000, 2.01697098428057, 0.01999987952167, 1.99697110475889, 0.00369123782304,-0.00000000000000, 0.00737129527341, 2.00327247920533, 0.00000000000000, 2.02327235872700,*****************,    0.00000000000000,
  321,    1, 1.00156250000000, 0.00156250000000, 2.01040513331740, 0.01999987952167, 1.99040525379573, 0.00370317844261,-0.00000000000000, 0.00737082582791, 1.99672752079467, 0.00000000000000, 2.01672740031634,*****************,    0.00000000000000,
  321,    2, 1.00156250000000, 0.00468750000000, 2.01040513331740, 0.01999987952167, 1.99040525379573, 0.00370317844261,-0.00000000000000, 0.00737082582791, 1.99672752079467, 0.00000000000000, 2.01672740031634,*****************,    0.00000000000000,
  321,    3, 1.00156250000000, 0.00781250000000, 2.01040513331740, 0.01999987952167, 1.99040525379573, 0.00370317844261,-0.00000000000000, 0.00737082582791, 1.99672752079467, 0.00000000000000, 2.01672740031634,*****************,    0.00000000000000,
  321,    4, 1.00156250000000, 0.01093750000000, 2.01040513331740, 0.01999987952167, 1.99040525379573, 0.00370317844261,-0.00000000000000, 0.00737082582791, 1.99672752079467, 0.00000000000000, 2.01672740031634,*****************,    0.00000000000000,
  321,    5, 1.00156250000000, 0.01406250000000, 2.01040513331740, 0.01999987952167, 1.99040525379573, 0.00370317844261,-0.00000000000000, 0.00737082582791, 1.99672752079467, 0.00000000000000, 2.01672740031634,*****************,    0.00000000000000,
  322,    1, 1.00468750000000, 0.00156250000000, 2.00383849822690, 0.01999891571247, 1.98383958251443, 0.00371520323746, 0.00000000000000, 0.00737036723956, 1.99018287779236, 0.00000000000000, 2.01018179350483,*****************,    0.00000000000000,
  322,    2, 1.00468750000000, 0.00468750000000, 2.00383849822690, 0.01999891571247, 1.98383958251443, 0.00371520323746, 0.00000000000000, 0.00737036723956, 1.99018287779236, 0.00000000000000, 2.01018179350483,*****************,    0.00000000000000,
  322,    3, 1.00468750000000, 0.00781250000000, 2.00383849822690, 0.01999891571247, 1.98383958251443, 0.00371520323746, 0.00000000000000, 0.00737036723956, 1.99018287779236, 0.00000000000000, 2.01018179350483,*****************,    0.00000000000000,
  322,    4, 1.00468750000000, 0.01093750000000, 2.00383849822690, 0.01999891571247, 1.98383958251443, 0.00371520323746, 0.00000000000000, 0.00737036723956, 1.99018287779236, 0.00000000000000, 2.01018179350483,*****************,    0.00000000000000,
  322,    5, 1.00468750000000, 0.01406250000000, 2.00383849822690, 0.01999891571247, 1.98383958251443, 0.00371520323746, 0.00000000000000, 0.00737036723956, 1.99018287779236, 0.00000000000000, 2.01018179350483,*****************,    0.00000000000000,
  323,    1, 1.00781250000000, 0.00156250000000, 1.99727171059797, 0.01999698818696, 1.97727472241101, 0.00372731194748, 0.00000000000000, 0.00736991969630, 1.98363918098472, 0.00000000000000, 2.00363616917169,*****************,    0.00000000000000,
  323,    2, 1.00781250000000, 0.00468750000000, 1.99727171059797, 0.01999698818696, 1.97727472241101, 0.00372731194748, 0.00000000000000, 0.00736991969630, 1.98363918098472, 0.00000000000000, 2.00363616917169,*****************,    0.00000000000000,
  323,    3, 1.00781250000000, 0.00781250000000, 1.99727171059797, 0.01999698818696, 1.97727472241101, 0.00372731194748, 0.00000000000000, 0.00736991969630, 1.98363918098472, 0.00000000000000, 2.00363616917169,*****************,    0.00000000000000,
  323,    4, 1.00781250000000, 0.01093750000000, 1.99727171059797, 0.01999698818696, 1.97727472241101, 0.00372731194748, 0.00000000000000, 0.00736991969630, 1.98363918098472, 0.00000000000000, 2.00363616917169,*****************,    0.00000000000000,
  323,    5, 1.00781250000000, 0.01406250000000, 1.99727171059797, 0.01999698818696, 1.97727472241101, 0.00372731194748, 0.00000000000000, 0.00736991969630, 1.98363918098472, 0.00000000000000, 2.00363616917169,*****************,    0.00000000000000,
  324,    1, 1.01093750000000, 0.00156250000000, 1.99070540205558, 0.01999409713092, 1.97071130492466, 0.00373950429332,-0.00000000000000, 0.00736948338567, 1.97709706106688, 0.00000000000000, 1.99709115819780,*****************,    0.00000000000000,
  324,    2, 1.01093750000000, 0.00468750000000, 1.99070540205558, 0.01999409713092, 1.97071130492466, 0.00373950429332,-0.00000000000000, 0.00736948338567, 1.97709706106688, 0.00000000000000, 1.99709115819780,*****************,    0.00000000000000,
  324,    3, 1.01093750000000, 0.00781250000000, 1.99070540205558, 0.01999409713092, 1.97071130492466, 0.00373950429332,-0.00000000000000, 0.00736948338567, 1.97709706106688, 0.00000000000000, 1.99709115819780,*****************,    0.00000000000000,
  324,    4, 1.01093750000000, 0.01093750000000, 1.99070540205558, 0.01999409713092, 1.97071130492466, 0.00373950429332,-0.00000000000000, 0.00736948338567, 1.97709706106688, 0.00000000000000, 1.99709115819780,*****************,    0.00000000000000,
  324,    5, 1.01093750000000, 0.01406250000000, 1.99070540205558, 0.01999409713092, 1.97071130492466, 0.00373950429332,-0.00000000000000, 0.00736948338567, 1.97709706106688, 0.00000000000000, 1.99709115819780,*****************,    0.00000000000000,
  325,    1, 1.01406250000000, 0.00156250000000, 1.98414020420069, 0.01999024282300, 1.96414996137768, 0.00375177997586, 0.00000000000000, 0.00736905849468, 1.97055714858195, 0.00000000000000, 1.99054739140496,*****************,    0.00000000000000,
  325,    2, 1.01406250000000, 0.00468750000000, 1.98414020420069, 0.01999024282300, 1.96414996137768, 0.00375177997586, 0.00000000000000, 0.00736905849468, 1.97055714858195, 0.00000000000000, 1.99054739140496,*****************,    0.00000000000000,
  325,    3, 1.01406250000000, 0.00781250000000, 1.98414020420069, 0.01999024282300, 1.96414996137768, 0.00375177997586, 0.00000000000000, 0.00736905849468, 1.97055714858195, 0.00000000000000, 1.99054739140496,*****************,    0.00000000000000,
  325,    4, 1.01406250000000, 0.01093750000000, 1.98414020420069, 0.01999024282300, 1.96414996137768, 0.00375177997586, 0.00000000000000, 0.00736905849468, 1.97055714858195, 0.00000000000000, 1.99054739140496,*****************,    0.00000000000000,
  325,    5, 1.01406250000000, 0.01406250000000, 1.98414020420069, 0.01999024282300, 1.96414996137768, 0.00375177997586, 0.00000000000000, 0.00736905849468, 1.97055714858195, 0.00000000000000, 1.99054739140496,*****************,    0.00000000000000,
  326,    1, 1.01718750000000, 0.00156250000000, 1.97757674855027, 0.01998542563469, 1.95759132291558, 0.00376413867567, 0.00000000000000, 0.00736864520975, 1.96402007386033, 0.00000000000000, 1.98400549949502,*****************,    0.00000000000000,
  326,    2, 1.01718750000000, 0.00468750000000, 1.97757674855027, 0.01998542563469, 1.95759132291558, 0.00376413867567, 0.00000000000000, 0.00736864520975, 1.96402007386033, 0.00000000000000, 1.98400549949502,*****************,    0.00000000000000,
  326,    3, 1.01718750000000, 0.00781250000000, 1.97757674855027, 0.01998542563469, 1.95759132291558, 0.00376413867567, 0.00000000000000, 0.00736864520975, 1.96402007386033, 0.00000000000000, 1.98400549949502,*****************,    0.00000000000000,
  326,    4, 1.01718750000000, 0.01093750000000, 1.97757674855027, 0.01998542563469, 1.95759132291558, 0.00376413867567, 0.00000000000000, 0.00736864520975, 1.96402007386033, 0.00000000000000, 1.98400549949502,*****************,    0.00000000000000,
  326,    5, 1.01718750000000, 0.01406250000000, 1.97757674855027, 0.01998542563469, 1.95759132291558, 0.00376413867567, 0.00000000000000, 0.00736864520975, 1.96402007386033, 0.00000000000000, 1.98400549949502,*****************,    0.00000000000000,
  327,    1, 1.02031250000000, 0.00156250000000, 1.97101566647725, 0.01997964603026, 1.95103602044699, 0.00377658005253, 0.00000000000000, 0.00736824371659, 1.95748646695888, 0.00000000000000, 1.97746611298914,*****************,    0.00000000000000,
  327,    2, 1.02031250000000, 0.00468750000000, 1.97101566647725, 0.01997964603026, 1.95103602044699, 0.00377658005253, 0.00000000000000, 0.00736824371659, 1.95748646695888, 0.00000000000000, 1.97746611298914,*****************,    0.00000000000000,
  327,    3, 1.02031250000000, 0.00781250000000, 1.97101566647725, 0.01997964603026, 1.95103602044699, 0.00377658005253, 0.00000000000000, 0.00736824371659, 1.95748646695888, 0.00000000000000, 1.97746611298914,*****************,    0.00000000000000,
  327,    4, 1.02031250000000, 0.01093750000000, 1.97101566647725, 0.01997964603026, 1.95103602044699, 0.00377658005253, 0.00000000000000, 0.00736824371659, 1.95748646695888, 0.00000000000000, 1.97746611298914,*****************,    0.00000000000000,
  327,    5, 1.02031250000000, 0.01406250000000, 1.97101566647725, 0.01997964603026, 1.95103602044699, 0.00377658005253, 0.00000000000000, 0.00736824371659, 1.95748646695888, 0.00000000000000, 1.97746611298914,*****************,    0.00000000000000,
  328,    1, 1.02343750000000, 0.00156250000000, 1.96445758915064, 0.01997290456679, 1.94448468458385, 0.00378910374482, 0.00000000000000, 0.00736785420010, 1.95095695760022, 0.00000000000000, 1.97092986216701,*****************,    0.00000000000000,
  328,    2, 1.02343750000000, 0.00468750000000, 1.96445758915064, 0.01997290456679, 1.94448468458385, 0.00378910374482, 0.00000000000000, 0.00736785420010, 1.95095695760022, 0.00000000000000, 1.97092986216701,*****************,    0.00000000000000,
  328,    3, 1.02343750000000, 0.00781250000000, 1.96445758915064, 0.01997290456679, 1.94448468458385, 0.00378910374482, 0.00000000000000, 0.00736785420010, 1.95095695760022, 0.00000000000000, 1.97092986216701,*****************,    0.00000000000000,
  328,    4, 1.02343750000000, 0.01093750000000, 1.96445758915064, 0.01997290456679, 1.94448468458385, 0.00378910374482, 0.00000000000000, 0.00736785420010, 1.95095695760022, 0.00000000000000, 1.97092986216701,*****************,    0.00000000000000,
  328,    5, 1.02343750000000, 0.01406250000000, 1.96445758915064, 0.01997290456679, 1.94448468458385, 0.00378910374482, 0.00000000000000, 0.00736785420010, 1.95095695760022, 0.00000000000000, 1.97092986216701,*****************,    0.00000000000000,
  329,    1, 1.02656250000000, 0.00156250000000, 1.95790314747544, 0.01996520189401, 1.93793794558143, 0.00380170936902,-0.00000000000000, 0.00736747684429, 1.94443217511207, 0.00000000000000, 1.96439737700608,*****************,    0.00000000000000,
  329,    2, 1.02656250000000, 0.00468750000000, 1.95790314747544, 0.01996520189401, 1.93793794558143, 0.00380170936902,-0.00000000000000, 0.00736747684429, 1.94443217511207, 0.00000000000000, 1.96439737700608,*****************,    0.00000000000000,
  329,    3, 1.02656250000000, 0.00781250000000, 1.95790314747544, 0.01996520189401, 1.93793794558143, 0.00380170936902,-0.00000000000000, 0.00736747684429, 1.94443217511207, 0.00000000000000, 1.96439737700608,*****************,    0.00000000000000,
  329,    4, 1.02656250000000, 0.01093750000000, 1.95790314747544, 0.01996520189401, 1.93793794558143, 0.00380170936902,-0.00000000000000, 0.00736747684429, 1.94443217511207, 0.00000000000000, 1.96439737700608,*****************,    0.00000000000000,
  329,    5, 1.02656250000000, 0.01406250000000, 1.95790314747544, 0.01996520189401, 1.93793794558143, 0.00380170936902,-0.00000000000000, 0.00736747684429, 1.94443217511207, 0.00000000000000, 1.96439737700608,*****************,    0.00000000000000,
  330,    1, 1.02968750000000, 0.00156250000000, 1.95135297203289, 0.01995653875433, 1.93139643327856, 0.00381439651913, 0.00000000000000, 0.00736711183216, 1.93791274836653, 0.00000000000000, 1.95786928712087,*****************,    0.00000000000000,
  330,    2, 1.02968750000000, 0.00468750000000, 1.95135297203289, 0.01995653875433, 1.93139643327856, 0.00381439651913, 0.00000000000000, 0.00736711183216, 1.93791274836653, 0.00000000000000, 1.95786928712087,*****************,    0.00000000000000,
  330,    3, 1.02968750000000, 0.00781250000000, 1.95135297203289, 0.01995653875433, 1.93139643327856, 0.00381439651913, 0.00000000000000, 0.00736711183216, 1.93791274836653, 0.00000000000000, 1.95786928712087,*****************,    0.00000000000000,
  330,    4, 1.02968750000000, 0.01093750000000, 1.95135297203289, 0.01995653875433, 1.93139643327856, 0.00381439651913, 0.00000000000000, 0.00736711183216, 1.93791274836653, 0.00000000000000, 1.95786928712087,*****************,    0.00000000000000,
  330,    5, 1.02968750000000, 0.01406250000000, 1.95135297203289, 0.01995653875433, 1.93139643327856, 0.00381439651913, 0.00000000000000, 0.00736711183216, 1.93791274836653, 0.00000000000000, 1.95786928712087,*****************,    0.00000000000000,
  331,    1, 1.03281250000000, 0.00156250000000, 1.94480769302044, 0.01994691598273, 1.92486077703772, 0.00382716476614,-0.00000000000000, 0.00736675934560, 1.93139930571954, 0.00000000000000, 1.95134622170226,*****************,    0.00000000000000,
  331,    2, 1.03281250000000, 0.00468750000000, 1.94480769302044, 0.01994691598273, 1.92486077703772, 0.00382716476614,-0.00000000000000, 0.00736675934560, 1.93139930571954, 0.00000000000000, 1.95134622170226,*****************,    0.00000000000000,
  331,    3, 1.03281250000000, 0.00781250000000, 1.94480769302044, 0.01994691598273, 1.92486077703772, 0.00382716476614,-0.00000000000000, 0.00736675934560, 1.93139930571954, 0.00000000000000, 1.95134622170226,*****************,    0.00000000000000,
  331,    4, 1.03281250000000, 0.01093750000000, 1.94480769302044, 0.01994691598273, 1.92486077703772, 0.00382716476614,-0.00000000000000, 0.00736675934560, 1.93139930571954, 0.00000000000000, 1.95134622170226,*****************,    0.00000000000000,
  331,    5, 1.03281250000000, 0.01406250000000, 1.94480769302044, 0.01994691598273, 1.92486077703772, 0.00382716476614,-0.00000000000000, 0.00736675934560, 1.93139930571954, 0.00000000000000, 1.95134622170226,*****************,    0.00000000000000,
  332,    1, 1.03593750000000, 0.00156250000000, 1.93826794019209, 0.01993633450666, 1.91833160568543, 0.00384001365743, 0.00000000000000, 0.00736641956531, 1.92489247495023, 0.00000000000000, 1.94482880945689,*****************,    0.00000000000000,
  332,    2, 1.03593750000000, 0.00468750000000, 1.93826794019209, 0.01993633450666, 1.91833160568543, 0.00384001365743, 0.00000000000000, 0.00736641956531, 1.92489247495023, 0.00000000000000, 1.94482880945689,*****************,    0.00000000000000,
  332,    3, 1.03593750000000, 0.00781250000000, 1.93826794019209, 0.01993633450666, 1.91833160568543, 0.00384001365743, 0.00000000000000, 0.00736641956531, 1.92489247495023, 0.00000000000000, 1.94482880945689,*****************,    0.00000000000000,
  332,    4, 1.03593750000000, 0.01093750000000, 1.93826794019209, 0.01993633450666, 1.91833160568543, 0.00384001365743, 0.00000000000000, 0.00736641956531, 1.92489247495023, 0.00000000000000, 1.94482880945689,*****************,    0.00000000000000,
  332,    5, 1.03593750000000, 0.01406250000000, 1.93826794019209, 0.01993633450666, 1.91833160568543, 0.00384001365743, 0.00000000000000, 0.00736641956531, 1.92489247495023, 0.00000000000000, 1.94482880945689,*****************,    0.00000000000000,
  333,    1, 1.03906250000000, 0.00156250000000, 1.93173434279851, 0.01992479534599, 1.91180954745252, 0.00385294271623,-0.00000000000000, 0.00736609267068, 1.91839288320052, 0.00000000000000, 1.93831767854651,*****************,    0.00000000000000,
  333,    2, 1.03906250000000, 0.00468750000000, 1.93173434279851, 0.01992479534599, 1.91180954745252, 0.00385294271623,-0.00000000000000, 0.00736609267068, 1.91839288320052, 0.00000000000000, 1.93831767854651,*****************,    0.00000000000000,
  333,    3, 1.03906250000000, 0.00781250000000, 1.93173434279851, 0.01992479534599, 1.91180954745252, 0.00385294271623,-0.00000000000000, 0.00736609267068, 1.91839288320052, 0.00000000000000, 1.93831767854651,*****************,    0.00000000000000,
  333,    4, 1.03906250000000, 0.01093750000000, 1.93173434279851, 0.01992479534599, 1.91180954745252, 0.00385294271623,-0.00000000000000, 0.00736609267068, 1.91839288320052, 0.00000000000000, 1.93831767854651,*****************,    0.00000000000000,
  333,    5, 1.03906250000000, 0.01406250000000, 1.93173434279851, 0.01992479534599, 1.91180954745252, 0.00385294271623,-0.00000000000000, 0.00736609267068, 1.91839288320052, 0.00000000000000, 1.93831767854651,*****************,    0.00000000000000,
  334,    1, 1.04218750000000, 0.00156250000000, 1.92520752952739, 0.01991229961288, 1.90529522991450, 0.00386595144103, 0.00000000000000, 0.00736577883968, 1.91190115691458, 0.00000000000000, 1.93181345652746,*****************,    0.00000000000000,
  334,    2, 1.04218750000000, 0.00468750000000, 1.92520752952739, 0.01991229961288, 1.90529522991450, 0.00386595144103, 0.00000000000000, 0.00736577883968, 1.91190115691458, 0.00000000000000, 1.93181345652746,*****************,    0.00000000000000,
  334,    3, 1.04218750000000, 0.00781250000000, 1.92520752952739, 0.01991229961288, 1.90529522991450, 0.00386595144103, 0.00000000000000, 0.00736577883968, 1.91190115691458, 0.00000000000000, 1.93181345652746,*****************,    0.00000000000000,
  334,    4, 1.04218750000000, 0.01093750000000, 1.92520752952739, 0.01991229961288, 1.90529522991450, 0.00386595144103, 0.00000000000000, 0.00736577883968, 1.91190115691458, 0.00000000000000, 1.93181345652746,*****************,    0.00000000000000,
  334,    5, 1.04218750000000, 0.01406250000000, 1.92520752952739, 0.01991229961288, 1.90529522991450, 0.00386595144103, 0.00000000000000, 0.00736577883968, 1.91190115691458, 0.00000000000000, 1.93181345652746,*****************,    0.00000000000000,
  335,    1, 1.04531250000000, 0.00156250000000, 1.91868812844372, 0.01989884851171, 1.89878927993201, 0.00387903930500, 0.00000000000000, 0.00736547824877, 1.90541792177850, 0.00000000000000, 1.92531677029021,*****************,    0.00000000000000,
  335,    2, 1.04531250000000, 0.00468750000000, 1.91868812844372, 0.01989884851171, 1.89878927993201, 0.00387903930500, 0.00000000000000, 0.00736547824877, 1.90541792177850, 0.00000000000000, 1.92531677029021,*****************,    0.00000000000000,
  335,    3, 1.04531250000000, 0.00781250000000, 1.91868812844372, 0.01989884851171, 1.89878927993201, 0.00387903930500, 0.00000000000000, 0.00736547824877, 1.90541792177850, 0.00000000000000, 1.92531677029021,*****************,    0.00000000000000,
  335,    4, 1.04531250000000, 0.01093750000000, 1.91868812844372, 0.01989884851171, 1.89878927993201, 0.00387903930500, 0.00000000000000, 0.00736547824877, 1.90541792177850, 0.00000000000000, 1.92531677029021,*****************,    0.00000000000000,
  335,    5, 1.04531250000000, 0.01406250000000, 1.91868812844372, 0.01989884851171, 1.89878927993201, 0.00387903930500, 0.00000000000000, 0.00736547824877, 1.90541792177850, 0.00000000000000, 1.92531677029021,*****************,    0.00000000000000,
  336,    1, 1.04843750000000, 0.00156250000000, 1.91217676693037, 0.01988444333892, 1.89229232359145, 0.00389220575542,-0.00000000000000, 0.00736519107281, 1.89894380265997, 0.00000000000000, 1.91882824599889,*****************,    0.00000000000000,
  336,    2, 1.04843750000000, 0.00468750000000, 1.91217676693037, 0.01988444333892, 1.89229232359145, 0.00389220575542,-0.00000000000000, 0.00736519107281, 1.89894380265997, 0.00000000000000, 1.91882824599889,*****************,    0.00000000000000,
  336,    3, 1.04843750000000, 0.00781250000000, 1.91217676693037, 0.01988444333892, 1.89229232359145, 0.00389220575542,-0.00000000000000, 0.00736519107281, 1.89894380265997, 0.00000000000000, 1.91882824599889,*****************,    0.00000000000000,
  336,    4, 1.04843750000000, 0.01093750000000, 1.91217676693037, 0.01988444333892, 1.89229232359145, 0.00389220575542,-0.00000000000000, 0.00736519107281, 1.89894380265997, 0.00000000000000, 1.91882824599889,*****************,    0.00000000000000,
  336,    5, 1.04843750000000, 0.01406250000000, 1.91217676693037, 0.01988444333892, 1.89229232359145, 0.00389220575542,-0.00000000000000, 0.00736519107281, 1.89894380265997, 0.00000000000000, 1.91882824599889,*****************,    0.00000000000000,
  337,    1, 1.05156250000000, 0.00156250000000, 1.90567407162838, 0.01986908548290, 1.88580498614548, 0.00390545021307,-0.00000000000000, 0.00736491748494, 1.89247942354808, 0.00000000000000, 1.91234850903098,*****************,    0.00000000000000,
  337,    2, 1.05156250000000, 0.00468750000000, 1.90567407162838, 0.01986908548290, 1.88580498614548, 0.00390545021307,-0.00000000000000, 0.00736491748494, 1.89247942354808, 0.00000000000000, 1.91234850903098,*****************,    0.00000000000000,
  337,    3, 1.05156250000000, 0.00781250000000, 1.90567407162838, 0.01986908548290, 1.88580498614548, 0.00390545021307,-0.00000000000000, 0.00736491748494, 1.89247942354808, 0.00000000000000, 1.91234850903098,*****************,    0.00000000000000,
  337,    4, 1.05156250000000, 0.01093750000000, 1.90567407162838, 0.01986908548290, 1.88580498614548, 0.00390545021307,-0.00000000000000, 0.00736491748494, 1.89247942354808, 0.00000000000000, 1.91234850903098,*****************,    0.00000000000000,
  337,    5, 1.05156250000000, 0.01406250000000, 1.90567407162838, 0.01986908548290, 1.88580498614548, 0.00390545021307,-0.00000000000000, 0.00736491748494, 1.89247942354808, 0.00000000000000, 1.91234850903098,*****************,    0.00000000000000,
  338,    1, 1.05468750000000, 0.00156250000000, 1.89918066837772, 0.01985277642389, 1.87932789195383, 0.00391877207166,-0.00000000000000, 0.00736465765648, 1.88602540749313, 0.00000000000000, 1.90587818391702,*****************,    0.00000000000000,
  338,    2, 1.05468750000000, 0.00468750000000, 1.89918066837772, 0.01985277642389, 1.87932789195383, 0.00391877207166,-0.00000000000000, 0.00736465765648, 1.88602540749313, 0.00000000000000, 1.90587818391702,*****************,    0.00000000000000,
  338,    3, 1.05468750000000, 0.00781250000000, 1.89918066837772, 0.01985277642389, 1.87932789195383, 0.00391877207166,-0.00000000000000, 0.00736465765648, 1.88602540749313, 0.00000000000000, 1.90587818391702,*****************,    0.00000000000000,
  338,    4, 1.05468750000000, 0.01093750000000, 1.89918066837772, 0.01985277642389, 1.87932789195383, 0.00391877207166,-0.00000000000000, 0.00736465765648, 1.88602540749313, 0.00000000000000, 1.90587818391702,*****************,    0.00000000000000,
  338,    5, 1.05468750000000, 0.01406250000000, 1.89918066837772, 0.01985277642389, 1.87932789195383, 0.00391877207166,-0.00000000000000, 0.00736465765648, 1.88602540749313, 0.00000000000000, 1.90587818391702,*****************,    0.00000000000000,
  339,    1, 1.05781250000000, 0.00156250000000, 1.89269718215787, 0.01983551773378, 1.87286166442409, 0.00393217069724,-0.00000000000000, 0.00736441175683, 1.87958237654663, 0.00000000000000, 1.89941789428041,*****************,    0.00000000000000,
  339,    2, 1.05781250000000, 0.00468750000000, 1.89269718215787, 0.01983551773378, 1.87286166442409, 0.00393217069724,-0.00000000000000, 0.00736441175683, 1.87958237654663, 0.00000000000000, 1.89941789428041,*****************,    0.00000000000000,
  339,    3, 1.05781250000000, 0.00781250000000, 1.89269718215787, 0.01983551773378, 1.87286166442409, 0.00393217069724,-0.00000000000000, 0.00736441175683, 1.87958237654663, 0.00000000000000, 1.89941789428041,*****************,    0.00000000000000,
  339,    4, 1.05781250000000, 0.01093750000000, 1.89269718215787, 0.01983551773378, 1.87286166442409, 0.00393217069724,-0.00000000000000, 0.00736441175683, 1.87958237654663, 0.00000000000000, 1.89941789428041,*****************,    0.00000000000000,
  339,    5, 1.05781250000000, 0.01406250000000, 1.89269718215787, 0.01983551773378, 1.87286166442409, 0.00393217069724,-0.00000000000000, 0.00736441175683, 1.87958237654663, 0.00000000000000, 1.89941789428041,*****************,    0.00000000000000,
  340,    1, 1.06093750000000, 0.00156250000000, 1.88622423702850, 0.01981731107599, 1.86640692595251, 0.00394564542757, 0.00000000000000, 0.00736417995337, 1.87315095170131, 0.00000000000000, 1.89296826277730,*****************,    0.00000000000000,
  340,    2, 1.06093750000000, 0.00468750000000, 1.88622423702850, 0.01981731107599, 1.86640692595251, 0.00394564542757, 0.00000000000000, 0.00736417995337, 1.87315095170131, 0.00000000000000, 1.89296826277730,*****************,    0.00000000000000,
  340,    3, 1.06093750000000, 0.00781250000000, 1.88622423702850, 0.01981731107599, 1.86640692595251, 0.00394564542757, 0.00000000000000, 0.00736417995337, 1.87315095170131, 0.00000000000000, 1.89296826277730,*****************,    0.00000000000000,
  340,    4, 1.06093750000000, 0.01093750000000, 1.88622423702850, 0.01981731107599, 1.86640692595251, 0.00394564542757, 0.00000000000000, 0.00736417995337, 1.87315095170131, 0.00000000000000, 1.89296826277730,*****************,    0.00000000000000,
  340,    5, 1.06093750000000, 0.01406250000000, 1.88622423702850, 0.01981731107599, 1.86640692595251, 0.00394564542757, 0.00000000000000, 0.00736417995337, 1.87315095170131, 0.00000000000000, 1.89296826277730,*****************,    0.00000000000000,
  341,    1, 1.06406250000000, 0.00156250000000, 1.87976245607052, 0.01979815820533, 1.85996429786518, 0.00395919557155,-0.00000000000000, 0.00736396241135, 1.86673175283128, 0.00000000000000, 1.88652991103661,*****************,    0.00000000000000,
  341,    2, 1.06406250000000, 0.00468750000000, 1.87976245607052, 0.01979815820533, 1.85996429786518, 0.00395919557155,-0.00000000000000, 0.00736396241135, 1.86673175283128, 0.00000000000000, 1.88652991103661,*****************,    0.00000000000000,
  341,    3, 1.06406250000000, 0.00781250000000, 1.87976245607052, 0.01979815820533, 1.85996429786518, 0.00395919557155,-0.00000000000000, 0.00736396241135, 1.86673175283128, 0.00000000000000, 1.88652991103661,*****************,    0.00000000000000,
  341,    4, 1.06406250000000, 0.01093750000000, 1.87976245607052, 0.01979815820533, 1.85996429786518, 0.00395919557155,-0.00000000000000, 0.00736396241135, 1.86673175283128, 0.00000000000000, 1.88652991103661,*****************,    0.00000000000000,
  341,    5, 1.06406250000000, 0.01406250000000, 1.87976245607052, 0.01979815820533, 1.85996429786518, 0.00395919557155,-0.00000000000000, 0.00736396241135, 1.86673175283128, 0.00000000000000, 1.88652991103661,*****************,    0.00000000000000,
  342,    1, 1.06718750000000, 0.00156250000000, 1.87331246132684, 0.01977806096779, 1.85353440035904, 0.00397282040862,-0.00000000000000, 0.00736375929382, 1.86032539863229, 0.00000000000000, 1.88010345960008,*****************,    0.00000000000000,
  342,    2, 1.06718750000000, 0.00468750000000, 1.87331246132684, 0.01977806096779, 1.85353440035904, 0.00397282040862,-0.00000000000000, 0.00736375929382, 1.86032539863229, 0.00000000000000, 1.88010345960008,*****************,    0.00000000000000,
  342,    3, 1.06718750000000, 0.00781250000000, 1.87331246132684, 0.01977806096779, 1.85353440035904, 0.00397282040862,-0.00000000000000, 0.00736375929382, 1.86032539863229, 0.00000000000000, 1.88010345960008,*****************,    0.00000000000000,
  342,    4, 1.06718750000000, 0.01093750000000, 1.87331246132684, 0.01977806096779, 1.85353440035904, 0.00397282040862,-0.00000000000000, 0.00736375929382, 1.86032539863229, 0.00000000000000, 1.88010345960008,*****************,    0.00000000000000,
  342,    5, 1.06718750000000, 0.01406250000000, 1.87331246132684, 0.01977806096779, 1.85353440035904, 0.00397282040862,-0.00000000000000, 0.00736375929382, 1.86032539863229, 0.00000000000000, 1.88010345960008,*****************,    0.00000000000000,
  343,    1, 1.07031250000000, 0.00156250000000, 1.86687487374351, 0.01975702130039, 1.84711785244313, 0.00398651918812, 0.00000000000000, 0.00736357076149, 1.85393250656209, 0.00000000000000, 1.87368952786247,*****************,    0.00000000000000,
  343,    2, 1.07031250000000, 0.00468750000000, 1.86687487374351, 0.01975702130039, 1.84711785244313, 0.00398651918812, 0.00000000000000, 0.00736357076149, 1.85393250656209, 0.00000000000000, 1.87368952786247,*****************,    0.00000000000000,
  343,    3, 1.07031250000000, 0.00781250000000, 1.86687487374351, 0.01975702130039, 1.84711785244313, 0.00398651918812, 0.00000000000000, 0.00736357076149, 1.85393250656209, 0.00000000000000, 1.87368952786247,*****************,    0.00000000000000,
  343,    4, 1.07031250000000, 0.01093750000000, 1.86687487374351, 0.01975702130039, 1.84711785244313, 0.00398651918812, 0.00000000000000, 0.00736357076149, 1.85393250656209, 0.00000000000000, 1.87368952786247,*****************,    0.00000000000000,
  343,    5, 1.07031250000000, 0.01406250000000, 1.86687487374351, 0.01975702130039, 1.84711785244313, 0.00398651918812, 0.00000000000000, 0.00736357076149, 1.85393250656209, 0.00000000000000, 1.87368952786247,*****************,    0.00000000000000,
  344,    1, 1.07343750000000, 0.00156250000000, 1.86045031311088, 0.01973504123096, 1.84071527187993, 0.00400029112874,-0.00000000000000, 0.00736339697264, 1.84755369278092, 0.00000000000000, 1.86728873401188,*****************,    0.00000000000000,
  344,    2, 1.07343750000000, 0.00468750000000, 1.86045031311088, 0.01973504123096, 1.84071527187993, 0.00400029112874,-0.00000000000000, 0.00736339697264, 1.84755369278092, 0.00000000000000, 1.86728873401188,*****************,    0.00000000000000,
  344,    3, 1.07343750000000, 0.00781250000000, 1.86045031311088, 0.01973504123096, 1.84071527187993, 0.00400029112874,-0.00000000000000, 0.00736339697264, 1.84755369278092, 0.00000000000000, 1.86728873401188,*****************,    0.00000000000000,
  344,    4, 1.07343750000000, 0.01093750000000, 1.86045031311088, 0.01973504123096, 1.84071527187993, 0.00400029112874,-0.00000000000000, 0.00736339697264, 1.84755369278092, 0.00000000000000, 1.86728873401188,*****************,    0.00000000000000,
  344,    5, 1.07343750000000, 0.01406250000000, 1.86045031311088, 0.01973504123096, 1.84071527187993, 0.00400029112874,-0.00000000000000, 0.00736339697264, 1.84755369278092, 0.00000000000000, 1.86728873401188,*****************,    0.00000000000000,
  345,    1, 1.07656250000000, 0.00156250000000, 1.85403939800489, 0.01971212287799, 1.83432727512690, 0.00401413541787,-0.00000000000000, 0.00736323808305, 1.84118957209214, 0.00000000000000, 1.86090169497013,*****************,    0.00000000000000,
  345,    2, 1.07656250000000, 0.00468750000000, 1.85403939800489, 0.01971212287799, 1.83432727512690, 0.00401413541787,-0.00000000000000, 0.00736323808305, 1.84118957209214, 0.00000000000000, 1.86090169497013,*****************,    0.00000000000000,
  345,    3, 1.07656250000000, 0.00781250000000, 1.85403939800489, 0.01971212287799, 1.83432727512690, 0.00401413541787,-0.00000000000000, 0.00736323808305, 1.84118957209214, 0.00000000000000, 1.86090169497013,*****************,    0.00000000000000,
  345,    4, 1.07656250000000, 0.01093750000000, 1.85403939800489, 0.01971212287799, 1.83432727512690, 0.00401413541787,-0.00000000000000, 0.00736323808305, 1.84118957209214, 0.00000000000000, 1.86090169497013,*****************,    0.00000000000000,
  345,    5, 1.07656250000000, 0.01406250000000, 1.85403939800489, 0.01971212287799, 1.83432727512690, 0.00401413541787,-0.00000000000000, 0.00736323808305, 1.84118957209214, 0.00000000000000, 1.86090169497013,*****************,    0.00000000000000,
  346,    1, 1.07968750000000, 0.00156250000000, 1.84764274572842, 0.01968826845041, 1.82795447727800, 0.00402805121102,-0.00000000000000, 0.00736309424588, 1.83484075788293, 0.00000000000000, 1.85452902633335,*****************,    0.00000000000000,
  346,    2, 1.07968750000000, 0.00468750000000, 1.84764274572842, 0.01968826845041, 1.82795447727800, 0.00402805121102,-0.00000000000000, 0.00736309424588, 1.83484075788293, 0.00000000000000, 1.85452902633335,*****************,    0.00000000000000,
  346,    3, 1.07968750000000, 0.00781250000000, 1.84764274572842, 0.01968826845041, 1.82795447727800, 0.00402805121102,-0.00000000000000, 0.00736309424588, 1.83484075788293, 0.00000000000000, 1.85452902633335,*****************,    0.00000000000000,
  346,    4, 1.07968750000000, 0.01093750000000, 1.84764274572842, 0.01968826845041, 1.82795447727800, 0.00402805121102,-0.00000000000000, 0.00736309424588, 1.83484075788293, 0.00000000000000, 1.85452902633335,*****************,    0.00000000000000,
  346,    5, 1.07968750000000, 0.01406250000000, 1.84764274572842, 0.01968826845041, 1.82795447727800, 0.00402805121102,-0.00000000000000, 0.00736309424588, 1.83484075788293, 0.00000000000000, 1.85452902633335,*****************,    0.00000000000000,
  347,    1, 1.08281250000000, 0.00156250000000, 1.84126097225288, 0.01966348024735, 1.82159749200553, 0.00404203763119,-0.00000000000000, 0.00736296561156, 1.82850786206524, 0.00000000000000, 1.84817134231259,*****************,    0.00000000000000,
  347,    2, 1.08281250000000, 0.00468750000000, 1.84126097225288, 0.01966348024735, 1.82159749200553, 0.00404203763119,-0.00000000000000, 0.00736296561156, 1.82850786206524, 0.00000000000000, 1.84817134231259,*****************,    0.00000000000000,
  347,    3, 1.08281250000000, 0.00781250000000, 1.84126097225288, 0.01966348024735, 1.82159749200553, 0.00404203763119,-0.00000000000000, 0.00736296561156, 1.82850786206524, 0.00000000000000, 1.84817134231259,*****************,    0.00000000000000,
  347,    4, 1.08281250000000, 0.01093750000000, 1.84126097225288, 0.01966348024735, 1.82159749200553, 0.00404203763119,-0.00000000000000, 0.00736296561156, 1.82850786206524, 0.00000000000000, 1.84817134231259,*****************,    0.00000000000000,
  347,    5, 1.08281250000000, 0.01406250000000, 1.84126097225288, 0.01966348024735, 1.82159749200553, 0.00404203763119,-0.00000000000000, 0.00736296561156, 1.82850786206524, 0.00000000000000, 1.84817134231259,*****************,    0.00000000000000,
  348,    1, 1.08593750000000, 0.00156250000000, 1.83489469215985, 0.01963776065795, 1.81525693150189, 0.00405609376830,-0.00000000000000, 0.00736285232773, 1.82219149501673, 0.00000000000000, 1.84182925567469,*****************,    0.00000000000000,
  348,    2, 1.08593750000000, 0.00468750000000, 1.83489469215985, 0.01963776065795, 1.81525693150189, 0.00405609376830,-0.00000000000000, 0.00736285232773, 1.82219149501673, 0.00000000000000, 1.84182925567469,*****************,    0.00000000000000,
  348,    3, 1.08593750000000, 0.00781250000000, 1.83489469215985, 0.01963776065795, 1.81525693150189, 0.00405609376830,-0.00000000000000, 0.00736285232773, 1.82219149501673, 0.00000000000000, 1.84182925567469,*****************,    0.00000000000000,
  348,    4, 1.08593750000000, 0.01093750000000, 1.83489469215985, 0.01963776065795, 1.81525693150189, 0.00405609376830,-0.00000000000000, 0.00736285232773, 1.82219149501673, 0.00000000000000, 1.84182925567469,*****************,    0.00000000000000,
  348,    5, 1.08593750000000, 0.01406250000000, 1.83489469215985, 0.01963776065795, 1.81525693150189, 0.00405609376830,-0.00000000000000, 0.00736285232773, 1.82219149501673, 0.00000000000000, 1.84182925567469,*****************,    0.00000000000000,
  349,    1, 1.08906250000000, 0.00156250000000, 1.82854451858290, 0.01961111216112, 1.80893340642178, 0.00407021867857,-0.00000000000000, 0.00736275453911, 1.81589226552202, 0.00000000000000, 1.83550337768314,*****************,    0.00000000000000,
  349,    2, 1.08906250000000, 0.00468750000000, 1.82854451858290, 0.01961111216112, 1.80893340642178, 0.00407021867857,-0.00000000000000, 0.00736275453911, 1.81589226552202, 0.00000000000000, 1.83550337768314,*****************,    0.00000000000000,
  349,    3, 1.08906250000000, 0.00781250000000, 1.82854451858290, 0.01961111216112, 1.80893340642178, 0.00407021867857,-0.00000000000000, 0.00736275453911, 1.81589226552202, 0.00000000000000, 1.83550337768314,*****************,    0.00000000000000,
  349,    4, 1.08906250000000, 0.01093750000000, 1.82854451858290, 0.01961111216112, 1.80893340642178, 0.00407021867857,-0.00000000000000, 0.00736275453911, 1.81589226552202, 0.00000000000000, 1.83550337768314,*****************,    0.00000000000000,
  349,    5, 1.08906250000000, 0.01406250000000, 1.82854451858290, 0.01961111216112, 1.80893340642178, 0.00407021867857,-0.00000000000000, 0.00736275453911, 1.81589226552202, 0.00000000000000, 1.83550337768314,*****************,    0.00000000000000,
  350,    1, 1.09218750000000, 0.00156250000000, 1.82221106314947, 0.01958353732530, 1.80262752582417, 0.00408441138391,-0.00000000000000, 0.00736267238742, 1.80961078071395, 0.00000000000000, 1.82919431803925,*****************,    0.00000000000000,
  350,    2, 1.09218750000000, 0.00468750000000, 1.82221106314947, 0.01958353732530, 1.80262752582417, 0.00408441138391,-0.00000000000000, 0.00736267238742, 1.80961078071395, 0.00000000000000, 1.82919431803925,*****************,    0.00000000000000,
  350,    3, 1.09218750000000, 0.00781250000000, 1.82221106314947, 0.01958353732530, 1.80262752582417, 0.00408441138391,-0.00000000000000, 0.00736267238742, 1.80961078071395, 0.00000000000000, 1.82919431803925,*****************,    0.00000000000000,
  350,    4, 1.09218750000000, 0.01093750000000, 1.82221106314947, 0.01958353732530, 1.80262752582417, 0.00408441138391,-0.00000000000000, 0.00736267238742, 1.80961078071395, 0.00000000000000, 1.82919431803925,*****************,    0.00000000000000,
  350,    5, 1.09218750000000, 0.01406250000000, 1.82221106314947, 0.01958353732530, 1.80262752582417, 0.00408441138391,-0.00000000000000, 0.00736267238742, 1.80961078071395, 0.00000000000000, 1.82919431803925,*****************,    0.00000000000000,
  351,    1, 1.09531250000000, 0.00156250000000, 1.81589493592297, 0.01955503880820, 1.79633989711477, 0.00409867087134,-0.00000000000000, 0.00736260601133, 1.80334764601509, 0.00000000000000, 1.82290268482329,*****************,    0.00000000000000,
  351,    2, 1.09531250000000, 0.00468750000000, 1.81589493592297, 0.01955503880820, 1.79633989711477, 0.00409867087134,-0.00000000000000, 0.00736260601133, 1.80334764601509, 0.00000000000000, 1.82290268482329,*****************,    0.00000000000000,
  351,    3, 1.09531250000000, 0.00781250000000, 1.81589493592297, 0.01955503880820, 1.79633989711477, 0.00409867087134,-0.00000000000000, 0.00736260601133, 1.80334764601509, 0.00000000000000, 1.82290268482329,*****************,    0.00000000000000,
  351,    4, 1.09531250000000, 0.01093750000000, 1.81589493592297, 0.01955503880820, 1.79633989711477, 0.00409867087134,-0.00000000000000, 0.00736260601133, 1.80334764601509, 0.00000000000000, 1.82290268482329,*****************,    0.00000000000000,
  351,    5, 1.09531250000000, 0.01406250000000, 1.81589493592297, 0.01955503880820, 1.79633989711477, 0.00409867087134,-0.00000000000000, 0.00736260601133, 1.80334764601509, 0.00000000000000, 1.82290268482329,*****************,    0.00000000000000,
  352,    1, 1.09843750000000, 0.00156250000000, 1.80959674534507, 0.01952561935658, 1.79007112598849, 0.00411299609239,-0.00000000000000, 0.00736255554629, 1.79710346507941, 0.00000000000000, 1.81662908443599,*****************,    0.00000000000000,
  352,    2, 1.09843750000000, 0.00468750000000, 1.80959674534507, 0.01952561935658, 1.79007112598849, 0.00411299609239,-0.00000000000000, 0.00736255554629, 1.79710346507941, 0.00000000000000, 1.81662908443599,*****************,    0.00000000000000,
  352,    3, 1.09843750000000, 0.00781250000000, 1.80959674534507, 0.01952561935658, 1.79007112598849, 0.00411299609239,-0.00000000000000, 0.00736255554629, 1.79710346507941, 0.00000000000000, 1.81662908443599,*****************,    0.00000000000000,
  352,    4, 1.09843750000000, 0.01093750000000, 1.80959674534507, 0.01952561935658, 1.79007112598849, 0.00411299609239,-0.00000000000000, 0.00736255554629, 1.79710346507941, 0.00000000000000, 1.81662908443599,*****************,    0.00000000000000,
  352,    5, 1.09843750000000, 0.01406250000000, 1.80959674534507, 0.01952561935658, 1.79007112598849, 0.00411299609239,-0.00000000000000, 0.00736255554629, 1.79710346507941, 0.00000000000000, 1.81662908443599,*****************,    0.00000000000000,
  353,    1, 1.10156250000000, 0.00156250000000, 1.80331709817799, 0.01949528180593, 1.78382181637206, 0.00412738596251,-0.00000000000000, 0.00736252112452, 1.79087883973407, 0.00000000000000, 1.81037412154000,*****************,    0.00000000000000,
  353,    2, 1.10156250000000, 0.00468750000000, 1.80331709817799, 0.01949528180593, 1.78382181637206, 0.00412738596251,-0.00000000000000, 0.00736252112452, 1.79087883973407, 0.00000000000000, 1.81037412154000,*****************,    0.00000000000000,
  353,    3, 1.10156250000000, 0.00781250000000, 1.80331709817799, 0.01949528180593, 1.78382181637206, 0.00412738596251,-0.00000000000000, 0.00736252112452, 1.79087883973407, 0.00000000000000, 1.81037412154000,*****************,    0.00000000000000,
  353,    4, 1.10156250000000, 0.01093750000000, 1.80331709817799, 0.01949528180593, 1.78382181637206, 0.00412738596251,-0.00000000000000, 0.00736252112452, 1.79087883973407, 0.00000000000000, 1.81037412154000,*****************,    0.00000000000000,
  353,    5, 1.10156250000000, 0.01406250000000, 1.80331709817799, 0.01949528180593, 1.78382181637206, 0.00412738596251,-0.00000000000000, 0.00736252112452, 1.79087883973407, 0.00000000000000, 1.81037412154000,*****************,    0.00000000000000,
  354,    1, 1.10468750000000, 0.00156250000000, 1.79705659944714, 0.01946402908026, 1.77759257036688, 0.00414183936049,-0.00000000000000, 0.00736250287486, 1.78467436992141, 0.00000000000000, 1.80413839900167,*****************,    0.00000000000000,
  354,    2, 1.10468750000000, 0.00468750000000, 1.79705659944714, 0.01946402908026, 1.77759257036688, 0.00414183936049,-0.00000000000000, 0.00736250287486, 1.78467436992141, 0.00000000000000, 1.80413839900167,*****************,    0.00000000000000,
  354,    3, 1.10468750000000, 0.00781250000000, 1.79705659944714, 0.01946402908026, 1.77759257036688, 0.00414183936049,-0.00000000000000, 0.00736250287486, 1.78467436992141, 0.00000000000000, 1.80413839900167,*****************,    0.00000000000000,
  354,    4, 1.10468750000000, 0.01093750000000, 1.79705659944714, 0.01946402908026, 1.77759257036688, 0.00414183936049,-0.00000000000000, 0.00736250287486, 1.78467436992141, 0.00000000000000, 1.80413839900167,*****************,    0.00000000000000,
  354,    5, 1.10468750000000, 0.01406250000000, 1.79705659944714, 0.01946402908026, 1.77759257036688, 0.00414183936049,-0.00000000000000, 0.00736250287486, 1.78467436992141, 0.00000000000000, 1.80413839900167,*****************,    0.00000000000000,
  355,    1, 1.10781250000000, 0.00156250000000, 1.79081585238377, 0.01943186419177, 1.77138398819199, 0.00415635512787,-0.00000000000000, 0.00736250092275, 1.77849065364114, 0.00000000000000, 1.79792251783291,*****************,    0.00000000000000,
  355,    2, 1.10781250000000, 0.00468750000000, 1.79081585238377, 0.01943186419177, 1.77138398819199, 0.00415635512787,-0.00000000000000, 0.00736250092275, 1.77849065364114, 0.00000000000000, 1.79792251783291,*****************,    0.00000000000000,
  355,    3, 1.10781250000000, 0.00781250000000, 1.79081585238377, 0.01943186419177, 1.77138398819199, 0.00415635512787,-0.00000000000000, 0.00736250092275, 1.77849065364114, 0.00000000000000, 1.79792251783291,*****************,    0.00000000000000,
  355,    4, 1.10781250000000, 0.01093750000000, 1.79081585238377, 0.01943186419177, 1.77138398819199, 0.00415635512787,-0.00000000000000, 0.00736250092275, 1.77849065364114, 0.00000000000000, 1.79792251783291,*****************,    0.00000000000000,
  355,    5, 1.10781250000000, 0.01406250000000, 1.79081585238377, 0.01943186419177, 1.77138398819199, 0.00415635512787,-0.00000000000000, 0.00736250092275, 1.77849065364114, 0.00000000000000, 1.79792251783291,*****************,    0.00000000000000,
  356,    1, 1.11093750000000, 0.00156250000000, 1.78459545836785, 0.01939879024058, 1.76519666812727, 0.00417093206837,-0.00000000000000, 0.00736251539008, 1.77232828689271, 0.00000000000000, 1.79172707713329,*****************,    0.00000000000000,
  356,    2, 1.11093750000000, 0.00468750000000, 1.78459545836785, 0.01939879024058, 1.76519666812727, 0.00417093206837,-0.00000000000000, 0.00736251539008, 1.77232828689271, 0.00000000000000, 1.79172707713329,*****************,    0.00000000000000,
  356,    3, 1.11093750000000, 0.00781250000000, 1.78459545836785, 0.01939879024058, 1.76519666812727, 0.00417093206837,-0.00000000000000, 0.00736251539008, 1.77232828689271, 0.00000000000000, 1.79172707713329,*****************,    0.00000000000000,
  356,    4, 1.11093750000000, 0.01093750000000, 1.78459545836785, 0.01939879024058, 1.76519666812727, 0.00417093206837,-0.00000000000000, 0.00736251539008, 1.77232828689271, 0.00000000000000, 1.79172707713329,*****************,    0.00000000000000,
  356,    5, 1.11093750000000, 0.01406250000000, 1.78459545836785, 0.01939879024058, 1.76519666812727, 0.00417093206837,-0.00000000000000, 0.00736251539008, 1.77232828689271, 0.00000000000000, 1.79172707713329,*****************,    0.00000000000000,
  357,    1, 1.11406250000000, 0.00156250000000, 1.77839601687111, 0.01936481041442, 1.75903120645668, 0.00418556894735,-0.00000000000000, 0.00736254639516, 1.76618786361785, 0.00000000000000, 1.78555267403227,*****************,    0.00000000000000,
  357,    2, 1.11406250000000, 0.00468750000000, 1.77839601687111, 0.01936481041442, 1.75903120645668, 0.00418556894735,-0.00000000000000, 0.00736254639516, 1.76618786361785, 0.00000000000000, 1.78555267403227,*****************,    0.00000000000000,
  357,    3, 1.11406250000000, 0.00781250000000, 1.77839601687111, 0.01936481041442, 1.75903120645668, 0.00418556894735,-0.00000000000000, 0.00736254639516, 1.76618786361785, 0.00000000000000, 1.78555267403227,*****************,    0.00000000000000,
  357,    4, 1.11406250000000, 0.01093750000000, 1.77839601687111, 0.01936481041442, 1.75903120645668, 0.00418556894735,-0.00000000000000, 0.00736254639516, 1.76618786361785, 0.00000000000000, 1.78555267403227,*****************,    0.00000000000000,
  357,    5, 1.11406250000000, 0.01406250000000, 1.77839601687111, 0.01936481041442, 1.75903120645668, 0.00418556894735,-0.00000000000000, 0.00736254639516, 1.76618786361785, 0.00000000000000, 1.78555267403227,*****************,    0.00000000000000,
  358,    1, 1.11718750000000, 0.00156250000000, 1.77221812540036, 0.01932992798835, 1.75288819741201, 0.00420026449121,-0.00000000000000, 0.00736259405264, 1.76006997564334, 0.00000000000000, 1.77939990363169,*****************,    0.00000000000000,
  358,    2, 1.11718750000000, 0.00468750000000, 1.77221812540036, 0.01932992798835, 1.75288819741201, 0.00420026449121,-0.00000000000000, 0.00736259405264, 1.76006997564334, 0.00000000000000, 1.77939990363169,*****************,    0.00000000000000,
  358,    3, 1.11718750000000, 0.00781250000000, 1.77221812540036, 0.01932992798835, 1.75288819741201, 0.00420026449121,-0.00000000000000, 0.00736259405264, 1.76006997564334, 0.00000000000000, 1.77939990363169,*****************,    0.00000000000000,
  358,    4, 1.11718750000000, 0.01093750000000, 1.77221812540036, 0.01932992798835, 1.75288819741201, 0.00420026449121,-0.00000000000000, 0.00736259405264, 1.76006997564334, 0.00000000000000, 1.77939990363169,*****************,    0.00000000000000,
  358,    5, 1.11718750000000, 0.01406250000000, 1.77221812540036, 0.01932992798835, 1.75288819741201, 0.00420026449121,-0.00000000000000, 0.00736259405264, 1.76006997564334, 0.00000000000000, 1.77939990363169,*****************,    0.00000000000000,
  359,    1, 1.12031250000000, 0.00156250000000, 1.76606237944075, 0.01929414632439, 1.74676823311636, 0.00421501738687,-0.00000000000000, 0.00736265847341, 1.75397521262396, 0.00000000000000, 1.77326935894835,*****************,    0.00000000000000,
  359,    2, 1.12031250000000, 0.00468750000000, 1.76606237944075, 0.01929414632439, 1.74676823311636, 0.00421501738687,-0.00000000000000, 0.00736265847341, 1.75397521262396, 0.00000000000000, 1.77326935894835,*****************,    0.00000000000000,
  359,    3, 1.12031250000000, 0.00781250000000, 1.76606237944075, 0.01929414632439, 1.74676823311636, 0.00421501738687,-0.00000000000000, 0.00736265847341, 1.75397521262396, 0.00000000000000, 1.77326935894835,*****************,    0.00000000000000,
  359,    4, 1.12031250000000, 0.01093750000000, 1.76606237944075, 0.01929414632439, 1.74676823311636, 0.00421501738687,-0.00000000000000, 0.00736265847341, 1.75397521262396, 0.00000000000000, 1.77326935894835,*****************,    0.00000000000000,
  359,    5, 1.12031250000000, 0.01406250000000, 1.76606237944075, 0.01929414632439, 1.74676823311636, 0.00421501738687,-0.00000000000000, 0.00736265847341, 1.75397521262396, 0.00000000000000, 1.77326935894835,*****************,    0.00000000000000,
  360,    1, 1.12343750000000, 0.00156250000000, 1.75992937239949, 0.01925746887127, 1.74067190352822, 0.00422982628122,-0.00000000000000, 0.00736273976453, 1.74790416198564, 0.00000000000000, 1.76716163085691,*****************,    0.00000000000000,
  360,    2, 1.12343750000000, 0.00468750000000, 1.75992937239949, 0.01925746887127, 1.74067190352822, 0.00422982628122,-0.00000000000000, 0.00736273976453, 1.74790416198564, 0.00000000000000, 1.76716163085691,*****************,    0.00000000000000,
  360,    3, 1.12343750000000, 0.00781250000000, 1.75992937239949, 0.01925746887127, 1.74067190352822, 0.00422982628122,-0.00000000000000, 0.00736273976453, 1.74790416198564, 0.00000000000000, 1.76716163085691,*****************,    0.00000000000000,
  360,    4, 1.12343750000000, 0.01093750000000, 1.75992937239949, 0.01925746887127, 1.74067190352822, 0.00422982628122,-0.00000000000000, 0.00736273976453, 1.74790416198564, 0.00000000000000, 1.76716163085691,*****************,    0.00000000000000,
  360,    5, 1.12343750000000, 0.01406250000000, 1.75992937239949, 0.01925746887127, 1.74067190352822, 0.00422982628122,-0.00000000000000, 0.00736273976453, 1.74790416198564, 0.00000000000000, 1.76716163085691,*****************,    0.00000000000000,
  361,    1, 1.12656250000000, 0.00156250000000, 1.75381969554954, 0.01921989916403, 1.73459979638551, 0.00424468978062,-0.00000000000000, 0.00736283802918, 1.74185740886889, 0.00000000000000, 1.76107730803292,*****************,    0.00000000000000,
  361,    2, 1.12656250000000, 0.00468750000000, 1.75381969554954, 0.01921989916403, 1.73459979638551, 0.00424468978062,-0.00000000000000, 0.00736283802918, 1.74185740886889, 0.00000000000000, 1.76107730803292,*****************,    0.00000000000000,
  361,    3, 1.12656250000000, 0.00781250000000, 1.75381969554954, 0.01921989916403, 1.73459979638551, 0.00424468978062,-0.00000000000000, 0.00736283802918, 1.74185740886889, 0.00000000000000, 1.76107730803292,*****************,    0.00000000000000,
  361,    4, 1.12656250000000, 0.01093750000000, 1.75381969554954, 0.01921989916403, 1.73459979638551, 0.00424468978062,-0.00000000000000, 0.00736283802918, 1.74185740886889, 0.00000000000000, 1.76107730803292,*****************,    0.00000000000000,
  361,    5, 1.12656250000000, 0.01406250000000, 1.75381969554954, 0.01921989916403, 1.73459979638551, 0.00424468978062,-0.00000000000000, 0.00736283802918, 1.74185740886889, 0.00000000000000, 1.76107730803292,*****************,    0.00000000000000,
  362,    1, 1.12968750000000, 0.00156250000000, 1.74773393797362, 0.01918144082372, 1.72855249714990, 0.00425960645031,-0.00000000000000, 0.00736295336657, 1.73583553607236, 0.00000000000000, 1.75501697689608,*****************,    0.00000000000000,
  362,    2, 1.12968750000000, 0.00468750000000, 1.74773393797362, 0.01918144082372, 1.72855249714990, 0.00425960645031,-0.00000000000000, 0.00736295336657, 1.73583553607236, 0.00000000000000, 1.75501697689608,*****************,    0.00000000000000,
  362,    3, 1.12968750000000, 0.00781250000000, 1.74773393797362, 0.01918144082372, 1.72855249714990, 0.00425960645031,-0.00000000000000, 0.00736295336657, 1.73583553607236, 0.00000000000000, 1.75501697689608,*****************,    0.00000000000000,
  362,    4, 1.12968750000000, 0.01093750000000, 1.74773393797362, 0.01918144082372, 1.72855249714990, 0.00425960645031,-0.00000000000000, 0.00736295336657, 1.73583553607236, 0.00000000000000, 1.75501697689608,*****************,    0.00000000000000,
  362,    5, 1.12968750000000, 0.01406250000000, 1.74773393797362, 0.01918144082372, 1.72855249714990, 0.00425960645031,-0.00000000000000, 0.00736295336657, 1.73583553607236, 0.00000000000000, 1.75501697689608,*****************,    0.00000000000000,
  363,    1, 1.13281250000000, 0.00156250000000, 1.74167268650844, 0.01914209755704, 1.72253058895140, 0.00427457481401,-0.00000000000000, 0.00736308587189, 1.72983912399667, 0.00000000000000, 1.74898122155371,*****************,    0.00000000000000,
  363,    2, 1.13281250000000, 0.00468750000000, 1.74167268650844, 0.01914209755704, 1.72253058895140, 0.00427457481401,-0.00000000000000, 0.00736308587189, 1.72983912399667, 0.00000000000000, 1.74898122155371,*****************,    0.00000000000000,
  363,    3, 1.13281250000000, 0.00781250000000, 1.74167268650844, 0.01914209755704, 1.72253058895140, 0.00427457481401,-0.00000000000000, 0.00736308587189, 1.72983912399667, 0.00000000000000, 1.74898122155371,*****************,    0.00000000000000,
  363,    4, 1.13281250000000, 0.01093750000000, 1.74167268650844, 0.01914209755704, 1.72253058895140, 0.00427457481401,-0.00000000000000, 0.00736308587189, 1.72983912399667, 0.00000000000000, 1.74898122155371,*****************,    0.00000000000000,
  363,    5, 1.13281250000000, 0.01406250000000, 1.74167268650844, 0.01914209755704, 1.72253058895140, 0.00427457481401,-0.00000000000000, 0.00736308587189, 1.72983912399667, 0.00000000000000, 1.74898122155371,*****************,    0.00000000000000,
  364,    1, 1.13593750000000, 0.00156250000000, 1.73563652568895, 0.01910187315596, 1.71653465253300, 0.00428959335332,-0.00000000000000, 0.00736323563625, 1.72386875058852, 0.00000000000000, 1.74297062374448,*****************,    0.00000000000000,
  364,    2, 1.13593750000000, 0.00468750000000, 1.73563652568895, 0.01910187315596, 1.71653465253300, 0.00428959335332,-0.00000000000000, 0.00736323563625, 1.72386875058852, 0.00000000000000, 1.74297062374448,*****************,    0.00000000000000,
  364,    3, 1.13593750000000, 0.00781250000000, 1.73563652568895, 0.01910187315596, 1.71653465253300, 0.00428959335332,-0.00000000000000, 0.00736323563625, 1.72386875058852, 0.00000000000000, 1.74297062374448,*****************,    0.00000000000000,
  364,    4, 1.13593750000000, 0.01093750000000, 1.73563652568895, 0.01910187315596, 1.71653465253300, 0.00428959335332,-0.00000000000000, 0.00736323563625, 1.72386875058852, 0.00000000000000, 1.74297062374448,*****************,    0.00000000000000,
  364,    5, 1.13593750000000, 0.01406250000000, 1.73563652568895, 0.01910187315596, 1.71653465253300, 0.00428959335332,-0.00000000000000, 0.00736323563625, 1.72386875058852, 0.00000000000000, 1.74297062374448,*****************,    0.00000000000000,
  365,    1, 1.13906250000000, 0.00156250000000, 1.72962603769307, 0.01906077149740, 1.71056526619566, 0.00430466050733,-0.00000000000000, 0.00736340274660, 1.71792499128490, 0.00000000000000, 1.73698576278231,*****************,    0.00000000000000,
  365,    2, 1.13906250000000, 0.00468750000000, 1.72962603769307, 0.01906077149740, 1.71056526619566, 0.00430466050733,-0.00000000000000, 0.00736340274660, 1.71792499128490, 0.00000000000000, 1.73698576278231,*****************,    0.00000000000000,
  365,    3, 1.13906250000000, 0.00781250000000, 1.72962603769307, 0.01906077149740, 1.71056526619566, 0.00430466050733,-0.00000000000000, 0.00736340274660, 1.71792499128490, 0.00000000000000, 1.73698576278231,*****************,    0.00000000000000,
  365,    4, 1.13906250000000, 0.01093750000000, 1.72962603769307, 0.01906077149740, 1.71056526619566, 0.00430466050733,-0.00000000000000, 0.00736340274660, 1.71792499128490, 0.00000000000000, 1.73698576278231,*****************,    0.00000000000000,
  365,    5, 1.13906250000000, 0.01406250000000, 1.72962603769307, 0.01906077149740, 1.71056526619566, 0.00430466050733,-0.00000000000000, 0.00736340274660, 1.71792499128490, 0.00000000000000, 1.73698576278231,*****************,    0.00000000000000,
  366,    1, 1.14218750000000, 0.00156250000000, 1.72364180228634, 0.01901879654283, 1.70462300574351, 0.00431977467210,-0.00000000000000, 0.00736358728569, 1.71200841895773, 0.00000000000000, 1.73102721550056,*****************,    0.00000000000000,
  366,    2, 1.14218750000000, 0.00468750000000, 1.72364180228634, 0.01901879654283, 1.70462300574351, 0.00431977467210,-0.00000000000000, 0.00736358728569, 1.71200841895773, 0.00000000000000, 1.73102721550056,*****************,    0.00000000000000,
  366,    3, 1.14218750000000, 0.00781250000000, 1.72364180228634, 0.01901879654283, 1.70462300574351, 0.00431977467210,-0.00000000000000, 0.00736358728569, 1.71200841895773, 0.00000000000000, 1.73102721550056,*****************,    0.00000000000000,
  366,    4, 1.14218750000000, 0.01093750000000, 1.72364180228634, 0.01901879654283, 1.70462300574351, 0.00431977467210,-0.00000000000000, 0.00736358728569, 1.71200841895773, 0.00000000000000, 1.73102721550056,*****************,    0.00000000000000,
  366,    5, 1.14218750000000, 0.01406250000000, 1.72364180228634, 0.01901879654283, 1.70462300574351, 0.00431977467210,-0.00000000000000, 0.00736358728569, 1.71200841895773, 0.00000000000000, 1.73102721550056,*****************,    0.00000000000000,
  367,    1, 1.14531250000000, 0.00156250000000, 1.71768439676702, 0.01897595233788, 1.69870844442914, 0.00433493420025,-0.00000000000000, 0.00736378933201, 1.70611960385854, 0.00000000000000, 1.72509555619641,*****************,    0.00000000000000,
  367,    2, 1.14531250000000, 0.00468750000000, 1.71768439676702, 0.01897595233788, 1.69870844442914, 0.00433493420025,-0.00000000000000, 0.00736378933201, 1.70611960385854, 0.00000000000000, 1.72509555619641,*****************,    0.00000000000000,
  367,    3, 1.14531250000000, 0.00781250000000, 1.71768439676702, 0.01897595233788, 1.69870844442914, 0.00433493420025,-0.00000000000000, 0.00736378933201, 1.70611960385854, 0.00000000000000, 1.72509555619641,*****************,    0.00000000000000,
  367,    4, 1.14531250000000, 0.01093750000000, 1.71768439676702, 0.01897595233788, 1.69870844442914, 0.00433493420025,-0.00000000000000, 0.00736378933201, 1.70611960385854, 0.00000000000000, 1.72509555619641,*****************,    0.00000000000000,
  367,    5, 1.14531250000000, 0.01406250000000, 1.71768439676702, 0.01897595233788, 1.69870844442914, 0.00433493420025,-0.00000000000000, 0.00736378933201, 1.70611960385854, 0.00000000000000, 1.72509555619641,*****************,    0.00000000000000,
  368,    1, 1.14843750000000, 0.00156250000000, 1.71175439591127, 0.01893224301196, 1.69282215289932, 0.00435013740051,-0.00000000000000, 0.00736400895974, 1.70025911356360, 0.00000000000000, 1.71919135657555,*****************,    0.00000000000000,
  368,    2, 1.14843750000000, 0.00468750000000, 1.71175439591127, 0.01893224301196, 1.69282215289932, 0.00435013740051,-0.00000000000000, 0.00736400895974, 1.70025911356360, 0.00000000000000, 1.71919135657555,*****************,    0.00000000000000,
  368,    3, 1.14843750000000, 0.00781250000000, 1.71175439591127, 0.01893224301196, 1.69282215289932, 0.00435013740051,-0.00000000000000, 0.00736400895974, 1.70025911356360, 0.00000000000000, 1.71919135657555,*****************,    0.00000000000000,
  368,    4, 1.14843750000000, 0.01093750000000, 1.71175439591127, 0.01893224301196, 1.69282215289932, 0.00435013740051,-0.00000000000000, 0.00736400895974, 1.70025911356360, 0.00000000000000, 1.71919135657555,*****************,    0.00000000000000,
  368,    5, 1.14843750000000, 0.01406250000000, 1.71175439591127, 0.01893224301196, 1.69282215289932, 0.00435013740051,-0.00000000000000, 0.00736400895974, 1.70025911356360, 0.00000000000000, 1.71919135657555,*****************,    0.00000000000000,
  369,    1, 1.15156250000000, 0.00156250000000, 1.70585237191859, 0.01888767277786, 1.68696469914073, 0.00436538253732,-0.00000000000000, 0.00736424623870, 1.69442751291915, 0.00000000000000, 1.71331518569701,*****************,    0.00000000000000,
  369,    2, 1.15156250000000, 0.00468750000000, 1.70585237191859, 0.01888767277786, 1.68696469914073, 0.00436538253732,-0.00000000000000, 0.00736424623870, 1.69442751291915, 0.00000000000000, 1.71331518569701,*****************,    0.00000000000000,
  369,    3, 1.15156250000000, 0.00781250000000, 1.70585237191859, 0.01888767277786, 1.68696469914073, 0.00436538253732,-0.00000000000000, 0.00736424623870, 1.69442751291915, 0.00000000000000, 1.71331518569701,*****************,    0.00000000000000,
  369,    4, 1.15156250000000, 0.01093750000000, 1.70585237191859, 0.01888767277786, 1.68696469914073, 0.00436538253732,-0.00000000000000, 0.00736424623870, 1.69442751291915, 0.00000000000000, 1.71331518569701,*****************,    0.00000000000000,
  369,    5, 1.15156250000000, 0.01406250000000, 1.70585237191859, 0.01888767277786, 1.68696469914073, 0.00436538253732,-0.00000000000000, 0.00736424623870, 1.69442751291915, 0.00000000000000, 1.71331518569701,*****************,    0.00000000000000,
  370,    1, 1.15468750000000, 0.00156250000000, 1.69997889435751, 0.01884224593137, 1.68113664842615, 0.00438066783042,-0.00000000000000, 0.00736450123430, 1.68862536398702, 0.00000000000000, 1.70746760991838,*****************,    0.00000000000000,
  370,    2, 1.15468750000000, 0.00468750000000, 1.69997889435751, 0.01884224593137, 1.68113664842615, 0.00438066783042,-0.00000000000000, 0.00736450123430, 1.68862536398702, 0.00000000000000, 1.70746760991838,*****************,    0.00000000000000,
  370,    3, 1.15468750000000, 0.00781250000000, 1.69997889435751, 0.01884224593137, 1.68113664842615, 0.00438066783042,-0.00000000000000, 0.00736450123430, 1.68862536398702, 0.00000000000000, 1.70746760991838,*****************,    0.00000000000000,
  370,    4, 1.15468750000000, 0.01093750000000, 1.69997889435751, 0.01884224593137, 1.68113664842615, 0.00438066783042,-0.00000000000000, 0.00736450123430, 1.68862536398702, 0.00000000000000, 1.70746760991838,*****************,    0.00000000000000,
  370,    5, 1.15468750000000, 0.01406250000000, 1.69997889435751, 0.01884224593137, 1.68113664842615, 0.00438066783042,-0.00000000000000, 0.00736450123430, 1.68862536398702, 0.00000000000000, 1.70746760991838,*****************,    0.00000000000000,
  371,    1, 1.15781250000000, 0.00156250000000, 1.69413453011142, 0.01879596685080, 1.67533856326062, 0.00439599145452,-0.00000000000000, 0.00736477400752, 1.68285322599038, 0.00000000000000, 1.70164919284118,*****************,    0.00000000000000,
  371,    2, 1.15781250000000, 0.00468750000000, 1.69413453011142, 0.01879596685080, 1.67533856326062, 0.00439599145452,-0.00000000000000, 0.00736477400752, 1.68285322599038, 0.00000000000000, 1.70164919284118,*****************,    0.00000000000000,
  371,    3, 1.15781250000000, 0.00781250000000, 1.69413453011142, 0.01879596685080, 1.67533856326062, 0.00439599145452,-0.00000000000000, 0.00736477400752, 1.68285322599038, 0.00000000000000, 1.70164919284118,*****************,    0.00000000000000,
  371,    4, 1.15781250000000, 0.01093750000000, 1.69413453011142, 0.01879596685080, 1.67533856326062, 0.00439599145452,-0.00000000000000, 0.00736477400752, 1.68285322599038, 0.00000000000000, 1.70164919284118,*****************,    0.00000000000000,
  371,    5, 1.15781250000000, 0.01406250000000, 1.69413453011142, 0.01879596685080, 1.67533856326062, 0.00439599145452,-0.00000000000000, 0.00736477400752, 1.68285322599038, 0.00000000000000, 1.70164919284118,*****************,    0.00000000000000,
  372,    1, 1.16093750000000, 0.00156250000000, 1.68831984332479, 0.01874883999665, 1.66957100332814, 0.00441135153890,-0.00000000000000, 0.00736506461484, 1.67711165525991, 0.00000000000000, 1.69586049525656,*****************,    0.00000000000000,
  372,    2, 1.16093750000000, 0.00468750000000, 1.68831984332479, 0.01874883999665, 1.66957100332814, 0.00441135153890,-0.00000000000000, 0.00736506461484, 1.67711165525991, 0.00000000000000, 1.69586049525656,*****************,    0.00000000000000,
  372,    3, 1.16093750000000, 0.00781250000000, 1.68831984332479, 0.01874883999665, 1.66957100332814, 0.00441135153890,-0.00000000000000, 0.00736506461484, 1.67711165525991, 0.00000000000000, 1.69586049525656,*****************,    0.00000000000000,
  372,    4, 1.16093750000000, 0.01093750000000, 1.68831984332479, 0.01874883999665, 1.66957100332814, 0.00441135153890,-0.00000000000000, 0.00736506461484, 1.67711165525991, 0.00000000000000, 1.69586049525656,*****************,    0.00000000000000,
  372,    5, 1.16093750000000, 0.01406250000000, 1.68831984332479, 0.01874883999665, 1.66957100332814, 0.00441135153890,-0.00000000000000, 0.00736506461484, 1.67711165525991, 0.00000000000000, 1.69586049525656,*****************,    0.00000000000000,
  373,    1, 1.16406250000000, 0.00156250000000, 1.68253539534943, 0.01870086991109, 1.66383452543834, 0.00442674616713,-0.00000000000000, 0.00736537310822, 1.67140120518014, 0.00000000000000, 1.69010207509123,*****************,    0.00000000000000,
  373,    2, 1.16406250000000, 0.00468750000000, 1.68253539534943, 0.01870086991109, 1.66383452543834, 0.00442674616713,-0.00000000000000, 0.00736537310822, 1.67140120518014, 0.00000000000000, 1.69010207509123,*****************,    0.00000000000000,
  373,    3, 1.16406250000000, 0.00781250000000, 1.68253539534943, 0.01870086991109, 1.66383452543834, 0.00442674616713,-0.00000000000000, 0.00736537310822, 1.67140120518014, 0.00000000000000, 1.69010207509123,*****************,    0.00000000000000,
  373,    4, 1.16406250000000, 0.01093750000000, 1.68253539534943, 0.01870086991109, 1.66383452543834, 0.00442674616713,-0.00000000000000, 0.00736537310822, 1.67140120518014, 0.00000000000000, 1.69010207509123,*****************,    0.00000000000000,
  373,    5, 1.16406250000000, 0.01406250000000, 1.68253539534943, 0.01870086991109, 1.66383452543834, 0.00442674616713,-0.00000000000000, 0.00736537310822, 1.67140120518014, 0.00000000000000, 1.69010207509123,*****************,    0.00000000000000,
  374,    1, 1.16718750000000, 0.00156250000000, 1.67678174469115, 0.01865206121757, 1.65812968347358, 0.00444217337672,-0.00000000000000, 0.00736569953507, 1.66572242613615, 0.00000000000000, 1.68437448735373,*****************,    0.00000000000000,
  374,    2, 1.16718750000000, 0.00468750000000, 1.67678174469115, 0.01865206121757, 1.65812968347358, 0.00444217337672,-0.00000000000000, 0.00736569953507, 1.66572242613615, 0.00000000000000, 1.68437448735373,*****************,    0.00000000000000,
  374,    3, 1.16718750000000, 0.00781250000000, 1.67678174469115, 0.01865206121757, 1.65812968347358, 0.00444217337672,-0.00000000000000, 0.00736569953507, 1.66572242613615, 0.00000000000000, 1.68437448735373,*****************,    0.00000000000000,
  374,    4, 1.16718750000000, 0.01093750000000, 1.67678174469115, 0.01865206121757, 1.65812968347358, 0.00444217337672,-0.00000000000000, 0.00736569953507, 1.66572242613615, 0.00000000000000, 1.68437448735373,*****************,    0.00000000000000,
  374,    5, 1.16718750000000, 0.01406250000000, 1.67678174469115, 0.01865206121757, 1.65812968347358, 0.00444217337672,-0.00000000000000, 0.00736569953507, 1.66572242613615, 0.00000000000000, 1.68437448735373,*****************,    0.00000000000000,
  375,    1, 1.17031250000000, 0.00156250000000, 1.67105944695658, 0.01860241862039, 1.65245702833619, 0.00445763115889,-0.00000000000000, 0.00736604393823, 1.66007586546048, 0.00000000000000, 1.67867828408087,*****************,    0.00000000000000,
  375,    2, 1.17031250000000, 0.00468750000000, 1.67105944695658, 0.01860241862039, 1.65245702833619, 0.00445763115889,-0.00000000000000, 0.00736604393823, 1.66007586546048, 0.00000000000000, 1.67867828408087,*****************,    0.00000000000000,
  375,    3, 1.17031250000000, 0.00781250000000, 1.67105944695658, 0.01860241862039, 1.65245702833619, 0.00445763115889,-0.00000000000000, 0.00736604393823, 1.66007586546048, 0.00000000000000, 1.67867828408087,*****************,    0.00000000000000,
  375,    4, 1.17031250000000, 0.01093750000000, 1.67105944695658, 0.01860241862039, 1.65245702833619, 0.00445763115889,-0.00000000000000, 0.00736604393823, 1.66007586546048, 0.00000000000000, 1.67867828408087,*****************,    0.00000000000000,
  375,    5, 1.17031250000000, 0.01406250000000, 1.67105944695658, 0.01860241862039, 1.65245702833619, 0.00445763115889,-0.00000000000000, 0.00736604393823, 1.66007586546048, 0.00000000000000, 1.67867828408087,*****************,    0.00000000000000,
  376,    1, 1.17343750000000, 0.00156250000000, 1.66536905480027, 0.01855194690420, 1.64681710789607, 0.00447311745827,-0.00000000000000, 0.00736640635591, 1.65446206738039, 0.00000000000000, 1.67301401428459,*****************,    0.00000000000000,
  376,    2, 1.17343750000000, 0.00468750000000, 1.66536905480027, 0.01855194690420, 1.64681710789607, 0.00447311745827,-0.00000000000000, 0.00736640635591, 1.65446206738039, 0.00000000000000, 1.67301401428459,*****************,    0.00000000000000,
  376,    3, 1.17343750000000, 0.00781250000000, 1.66536905480027, 0.01855194690420, 1.64681710789607, 0.00447311745827,-0.00000000000000, 0.00736640635591, 1.65446206738039, 0.00000000000000, 1.67301401428459,*****************,    0.00000000000000,
  376,    4, 1.17343750000000, 0.01093750000000, 1.66536905480027, 0.01855194690420, 1.64681710789607, 0.00447311745827,-0.00000000000000, 0.00736640635591, 1.65446206738039, 0.00000000000000, 1.67301401428459,*****************,    0.00000000000000,
  376,    5, 1.17343750000000, 0.01406250000000, 1.66536905480027, 0.01855194690420, 1.64681710789607, 0.00447311745827,-0.00000000000000, 0.00736640635591, 1.65446206738039, 0.00000000000000, 1.67301401428459,*****************,    0.00000000000000,
  377,    1, 1.17656250000000, 0.00156250000000, 1.65971111787194, 0.01850065093356, 1.64121046693838, 0.00448863017272,-0.00000000000000, 0.00736678682168, 1.64888157296543, 0.00000000000000, 1.66738222389899,*****************,    0.00000000000000,
  377,    2, 1.17656250000000, 0.00468750000000, 1.65971111787194, 0.01850065093356, 1.64121046693838, 0.00448863017272,-0.00000000000000, 0.00736678682168, 1.64888157296543, 0.00000000000000, 1.66738222389899,*****************,    0.00000000000000,
  377,    3, 1.17656250000000, 0.00781250000000, 1.65971111787194, 0.01850065093356, 1.64121046693838, 0.00448863017272,-0.00000000000000, 0.00736678682168, 1.64888157296543, 0.00000000000000, 1.66738222389899,*****************,    0.00000000000000,
  377,    4, 1.17656250000000, 0.01093750000000, 1.65971111787194, 0.01850065093356, 1.64121046693838, 0.00448863017272,-0.00000000000000, 0.00736678682168, 1.64888157296543, 0.00000000000000, 1.66738222389899,*****************,    0.00000000000000,
  377,    5, 1.17656250000000, 0.01406250000000, 1.65971111787194, 0.01850065093356, 1.64121046693838, 0.00448863017272,-0.00000000000000, 0.00736678682168, 1.64888157296543, 0.00000000000000, 1.66738222389899,*****************,    0.00000000000000,
  378,    1, 1.17968750000000, 0.00156250000000, 1.65408618276416, 0.01844853565250, 1.63563764711166, 0.00450416715310,-0.00000000000000, 0.00736718536449, 1.64333492007527, 0.00000000000000, 1.66178345572777,*****************,    0.00000000000000,
  378,    2, 1.17968750000000, 0.00468750000000, 1.65408618276416, 0.01844853565250, 1.63563764711166, 0.00450416715310,-0.00000000000000, 0.00736718536449, 1.64333492007527, 0.00000000000000, 1.66178345572777,*****************,    0.00000000000000,
  378,    3, 1.17968750000000, 0.00781250000000, 1.65408618276416, 0.01844853565250, 1.63563764711166, 0.00450416715310,-0.00000000000000, 0.00736718536449, 1.64333492007527, 0.00000000000000, 1.66178345572777,*****************,    0.00000000000000,
  378,    4, 1.17968750000000, 0.01093750000000, 1.65408618276416, 0.01844853565250, 1.63563764711166, 0.00450416715310,-0.00000000000000, 0.00736718536449, 1.64333492007527, 0.00000000000000, 1.66178345572777,*****************,    0.00000000000000,
  378,    5, 1.17968750000000, 0.01406250000000, 1.65408618276416, 0.01844853565250, 1.63563764711166, 0.00450416715310,-0.00000000000000, 0.00736718536449, 1.64333492007527, 0.00000000000000, 1.66178345572777,*****************,    0.00000000000000,
  379,    1, 1.18281250000000, 0.00156250000000, 1.64849479296016, 0.01839560608398, 1.63009918687618, 0.00451972620311,-0.00000000000000, 0.00736760200860, 1.63782264330785, 0.00000000000000, 1.65621824939183,*****************,    0.00000000000000,
  379,    2, 1.18281250000000, 0.00468750000000, 1.64849479296016, 0.01839560608398, 1.63009918687618, 0.00451972620311,-0.00000000000000, 0.00736760200860, 1.63782264330785, 0.00000000000000, 1.65621824939183,*****************,    0.00000000000000,
  379,    3, 1.18281250000000, 0.00781250000000, 1.64849479296016, 0.01839560608398, 1.63009918687618, 0.00451972620311,-0.00000000000000, 0.00736760200860, 1.63782264330785, 0.00000000000000, 1.65621824939183,*****************,    0.00000000000000,
  379,    4, 1.18281250000000, 0.01093750000000, 1.64849479296016, 0.01839560608398, 1.63009918687618, 0.00451972620311,-0.00000000000000, 0.00736760200860, 1.63782264330785, 0.00000000000000, 1.65621824939183,*****************,    0.00000000000000,
  379,    5, 1.18281250000000, 0.01406250000000, 1.64849479296016, 0.01839560608398, 1.63009918687618, 0.00451972620311,-0.00000000000000, 0.00736760200860, 1.63782264330785, 0.00000000000000, 1.65621824939183,*****************,    0.00000000000000,
  380,    1, 1.18593750000000, 0.00156250000000, 1.64293748878184, 0.01834186732948, 1.62459562145236, 0.00453530507917,-0.00000000000000, 0.00736803677357, 1.63234527394789, 0.00000000000000, 1.65068714127736,*****************,    0.00000000000000,
  380,    2, 1.18593750000000, 0.00468750000000, 1.64293748878184, 0.01834186732948, 1.62459562145236, 0.00453530507917,-0.00000000000000, 0.00736803677357, 1.63234527394789, 0.00000000000000, 1.65068714127736,*****************,    0.00000000000000,
  380,    3, 1.18593750000000, 0.00781250000000, 1.64293748878184, 0.01834186732948, 1.62459562145236, 0.00453530507917,-0.00000000000000, 0.00736803677357, 1.63234527394789, 0.00000000000000, 1.65068714127736,*****************,    0.00000000000000,
  380,    4, 1.18593750000000, 0.01093750000000, 1.64293748878184, 0.01834186732948, 1.62459562145236, 0.00453530507917,-0.00000000000000, 0.00736803677357, 1.63234527394789, 0.00000000000000, 1.65068714127736,*****************,    0.00000000000000,
  380,    5, 1.18593750000000, 0.01406250000000, 1.64293748878184, 0.01834186732948, 1.62459562145236, 0.00453530507917,-0.00000000000000, 0.00736803677357, 1.63234527394789, 0.00000000000000, 1.65068714127736,*****************,    0.00000000000000,
  381,    1, 1.18906250000000, 0.00156250000000, 1.63741480733825, 0.01828732456844, 1.61912748276982, 0.00455090149028,-0.00000000000000, 0.00736848967430, 1.62690333991564, 0.00000000000000, 1.64519066448407,*****************,    0.00000000000000,
  381,    2, 1.18906250000000, 0.00468750000000, 1.63741480733825, 0.01828732456844, 1.61912748276982, 0.00455090149028,-0.00000000000000, 0.00736848967430, 1.62690333991564, 0.00000000000000, 1.64519066448407,*****************,    0.00000000000000,
  381,    3, 1.18906250000000, 0.00781250000000, 1.63741480733825, 0.01828732456844, 1.61912748276982, 0.00455090149028,-0.00000000000000, 0.00736848967430, 1.62690333991564, 0.00000000000000, 1.64519066448407,*****************,    0.00000000000000,
  381,    4, 1.18906250000000, 0.01093750000000, 1.63741480733825, 0.01828732456844, 1.61912748276982, 0.00455090149028,-0.00000000000000, 0.00736848967430, 1.62690333991564, 0.00000000000000, 1.64519066448407,*****************,    0.00000000000000,
  381,    5, 1.18906250000000, 0.01406250000000, 1.63741480733825, 0.01828732456844, 1.61912748276982, 0.00455090149028,-0.00000000000000, 0.00736848967430, 1.62690333991564, 0.00000000000000, 1.64519066448407,*****************,    0.00000000000000,
  382,    1, 1.19218750000000, 0.00156250000000, 1.63192728247413, 0.01823198305781, 1.61369529941632, 0.00456651309800,-0.00000000000000, 0.00736896072096, 1.62149736571603, 0.00000000000000, 1.63972934877383,*****************,    0.00000000000000,
  382,    2, 1.19218750000000, 0.00468750000000, 1.63192728247413, 0.01823198305781, 1.61369529941632, 0.00456651309800,-0.00000000000000, 0.00736896072096, 1.62149736571603, 0.00000000000000, 1.63972934877383,*****************,    0.00000000000000,
  382,    3, 1.19218750000000, 0.00781250000000, 1.63192728247413, 0.01823198305781, 1.61369529941632, 0.00456651309800,-0.00000000000000, 0.00736896072096, 1.62149736571603, 0.00000000000000, 1.63972934877383,*****************,    0.00000000000000,
  382,    4, 1.19218750000000, 0.01093750000000, 1.63192728247413, 0.01823198305781, 1.61369529941632, 0.00456651309800,-0.00000000000000, 0.00736896072096, 1.62149736571603, 0.00000000000000, 1.63972934877383,*****************,    0.00000000000000,
  382,    5, 1.19218750000000, 0.01406250000000, 1.63192728247413, 0.01823198305781, 1.61369529941632, 0.00456651309800,-0.00000000000000, 0.00736896072096, 1.62149736571603, 0.00000000000000, 1.63972934877383,*****************,    0.00000000000000,
  383,    1, 1.19531250000000, 0.00156250000000, 1.62647544471875, 0.01817584813152, 1.60829959658724, 0.00458213751634, 0.00000000000000, 0.00736944991904, 1.61612787238810, 0.00000000000000, 1.63430372051962,*****************,    0.00000000000000,
  383,    2, 1.19531250000000, 0.00468750000000, 1.62647544471875, 0.01817584813152, 1.60829959658724, 0.00458213751634, 0.00000000000000, 0.00736944991904, 1.61612787238810, 0.00000000000000, 1.63430372051962,*****************,    0.00000000000000,
  383,    3, 1.19531250000000, 0.00781250000000, 1.62647544471875, 0.01817584813152, 1.60829959658724, 0.00458213751634, 0.00000000000000, 0.00736944991904, 1.61612787238810, 0.00000000000000, 1.63430372051962,*****************,    0.00000000000000,
  383,    4, 1.19531250000000, 0.01093750000000, 1.62647544471875, 0.01817584813152, 1.60829959658724, 0.00458213751634, 0.00000000000000, 0.00736944991904, 1.61612787238810, 0.00000000000000, 1.63430372051962,*****************,    0.00000000000000,
  383,    5, 1.19531250000000, 0.01406250000000, 1.62647544471875, 0.01817584813152, 1.60829959658724, 0.00458213751634, 0.00000000000000, 0.00736944991904, 1.61612787238810, 0.00000000000000, 1.63430372051962,*****************,    0.00000000000000,
  384,    1, 1.19843750000000, 0.00156250000000, 1.62105982123518, 0.01811892519997, 1.60294089603521, 0.00459777231183,-0.00000000000000, 0.00736995726929, 1.61079537745481, 0.00000000000000, 1.62891430265477,*****************,    0.00000000000000,
  384,    2, 1.19843750000000, 0.00468750000000, 1.62105982123518, 0.01811892519997, 1.60294089603521, 0.00459777231183,-0.00000000000000, 0.00736995726929, 1.61079537745481, 0.00000000000000, 1.62891430265477,*****************,    0.00000000000000,
  384,    3, 1.19843750000000, 0.00781250000000, 1.62105982123518, 0.01811892519997, 1.60294089603521, 0.00459777231183,-0.00000000000000, 0.00736995726929, 1.61079537745481, 0.00000000000000, 1.62891430265477,*****************,    0.00000000000000,
  384,    4, 1.19843750000000, 0.01093750000000, 1.62105982123518, 0.01811892519997, 1.60294089603521, 0.00459777231183,-0.00000000000000, 0.00736995726929, 1.61079537745481, 0.00000000000000, 1.62891430265477,*****************,    0.00000000000000,
  384,    5, 1.19843750000000, 0.01406250000000, 1.62105982123518, 0.01811892519997, 1.60294089603521, 0.00459777231183,-0.00000000000000, 0.00736995726929, 1.61079537745481, 0.00000000000000, 1.62891430265477,*****************,    0.00000000000000,
  385,    1, 1.20156250000000, 0.00156250000000, 1.61568093576960, 0.01806121974951, 1.59761971602009, 0.00461341500351,-0.00000000000000, 0.00737048276778, 1.60550039487310, 0.00000000000000, 1.62356161462261,*****************,    0.00000000000000,
  385,    2, 1.20156250000000, 0.00468750000000, 1.61568093576960, 0.01806121974951, 1.59761971602009, 0.00461341500351,-0.00000000000000, 0.00737048276778, 1.60550039487310, 0.00000000000000, 1.62356161462261,*****************,    0.00000000000000,
  385,    3, 1.20156250000000, 0.00781250000000, 1.61568093576960, 0.01806121974951, 1.59761971602009, 0.00461341500351,-0.00000000000000, 0.00737048276778, 1.60550039487310, 0.00000000000000, 1.62356161462261,*****************,    0.00000000000000,
  385,    4, 1.20156250000000, 0.01093750000000, 1.61568093576960, 0.01806121974951, 1.59761971602009, 0.00461341500351,-0.00000000000000, 0.00737048276778, 1.60550039487310, 0.00000000000000, 1.62356161462261,*****************,    0.00000000000000,
  385,    5, 1.20156250000000, 0.01406250000000, 1.61568093576960, 0.01806121974951, 1.59761971602009, 0.00461341500351,-0.00000000000000, 0.00737048276778, 1.60550039487310, 0.00000000000000, 1.62356161462261,*****************,    0.00000000000000,
  386,    1, 1.20468750000000, 0.00156250000000, 1.61033930860103, 0.01800273734191, 1.59233657125912, 0.00462906306300,-0.00000000000000, 0.00737102640588, 1.60024343498443, 0.00000000000000, 1.61824617232634,*****************,    0.00000000000000,
  386,    2, 1.20468750000000, 0.00468750000000, 1.61033930860103, 0.01800273734191, 1.59233657125912, 0.00462906306300,-0.00000000000000, 0.00737102640588, 1.60024343498443, 0.00000000000000, 1.61824617232634,*****************,    0.00000000000000,
  386,    3, 1.20468750000000, 0.00781250000000, 1.61033930860103, 0.01800273734191, 1.59233657125912, 0.00462906306300,-0.00000000000000, 0.00737102640588, 1.60024343498443, 0.00000000000000, 1.61824617232634,*****************,    0.00000000000000,
  386,    4, 1.20468750000000, 0.01093750000000, 1.61033930860103, 0.01800273734191, 1.59233657125912, 0.00462906306300,-0.00000000000000, 0.00737102640588, 1.60024343498443, 0.00000000000000, 1.61824617232634,*****************,    0.00000000000000,
  386,    5, 1.20468750000000, 0.01406250000000, 1.61033930860103, 0.01800273734191, 1.59233657125912, 0.00462906306300,-0.00000000000000, 0.00737102640588, 1.60024343498443, 0.00000000000000, 1.61824617232634,*****************,    0.00000000000000,
  387,    1, 1.20781250000000, 0.00156250000000, 1.60503545649135, 0.01794348361383, 1.58709197287752, 0.00464471391464,-0.00000000000000, 0.00737158817024, 1.59502500446553, 0.00000000000000, 1.61296848807935,*****************,    0.00000000000000,
  387,    2, 1.20781250000000, 0.00468750000000, 1.60503545649135, 0.01794348361383, 1.58709197287752, 0.00464471391464,-0.00000000000000, 0.00737158817024, 1.59502500446553, 0.00000000000000, 1.61296848807935,*****************,    0.00000000000000,
  387,    3, 1.20781250000000, 0.00781250000000, 1.60503545649135, 0.01794348361383, 1.58709197287752, 0.00464471391464,-0.00000000000000, 0.00737158817024, 1.59502500446553, 0.00000000000000, 1.61296848807935,*****************,    0.00000000000000,
  387,    4, 1.20781250000000, 0.01093750000000, 1.60503545649135, 0.01794348361383, 1.58709197287752, 0.00464471391464,-0.00000000000000, 0.00737158817024, 1.59502500446553, 0.00000000000000, 1.61296848807935,*****************,    0.00000000000000,
  387,    5, 1.20781250000000, 0.01406250000000, 1.60503545649135, 0.01794348361383, 1.58709197287752, 0.00464471391464,-0.00000000000000, 0.00737158817024, 1.59502500446553, 0.00000000000000, 1.61296848807935,*****************,    0.00000000000000,
  388,    1, 1.21093750000000, 0.00156250000000, 1.59976989263547, 0.01788346427627, 1.58188642835920, 0.00466036493561,-0.00000000000000, 0.00737216804285, 1.58984560627958, 0.00000000000000, 1.60772907055585,*****************,    0.00000000000000,
  388,    2, 1.21093750000000, 0.00468750000000, 1.59976989263547, 0.01788346427627, 1.58188642835920, 0.00466036493561,-0.00000000000000, 0.00737216804285, 1.58984560627958, 0.00000000000000, 1.60772907055585,*****************,    0.00000000000000,
  388,    3, 1.21093750000000, 0.00781250000000, 1.59976989263547, 0.01788346427627, 1.58188642835920, 0.00466036493561,-0.00000000000000, 0.00737216804285, 1.58984560627958, 0.00000000000000, 1.60772907055585,*****************,    0.00000000000000,
  388,    4, 1.21093750000000, 0.01093750000000, 1.59976989263547, 0.01788346427627, 1.58188642835920, 0.00466036493561,-0.00000000000000, 0.00737216804285, 1.58984560627958, 0.00000000000000, 1.60772907055585,*****************,    0.00000000000000,
  388,    5, 1.21093750000000, 0.01406250000000, 1.59976989263547, 0.01788346427627, 1.58188642835920, 0.00466036493561,-0.00000000000000, 0.00737216804285, 1.58984560627958, 0.00000000000000, 1.60772907055585,*****************,    0.00000000000000,
  389,    1, 1.21406250000000, 0.00156250000000, 1.59454312661196, 0.01782268511401, 1.57672044149795, 0.00467601345614, 0.00000000000000, 0.00737276600101, 1.58470573962778, 0.00000000000000, 1.60252842474179,*****************,    0.00000000000000,
  389,    2, 1.21406250000000, 0.00468750000000, 1.59454312661196, 0.01782268511401, 1.57672044149795, 0.00467601345614, 0.00000000000000, 0.00737276600101, 1.58470573962778, 0.00000000000000, 1.60252842474179,*****************,    0.00000000000000,
  389,    3, 1.21406250000000, 0.00781250000000, 1.59454312661196, 0.01782268511401, 1.57672044149795, 0.00467601345614, 0.00000000000000, 0.00737276600101, 1.58470573962778, 0.00000000000000, 1.60252842474179,*****************,    0.00000000000000,
  389,    4, 1.21406250000000, 0.01093750000000, 1.59454312661196, 0.01782268511401, 1.57672044149795, 0.00467601345614, 0.00000000000000, 0.00737276600101, 1.58470573962778, 0.00000000000000, 1.60252842474179,*****************,    0.00000000000000,
  389,    5, 1.21406250000000, 0.01406250000000, 1.59454312661196, 0.01782268511401, 1.57672044149795, 0.00467601345614, 0.00000000000000, 0.00737276600101, 1.58470573962778, 0.00000000000000, 1.60252842474179,*****************,    0.00000000000000,
  390,    1, 1.21718750000000, 0.00156250000000, 1.58935566433379, 0.01776115198508, 1.57159451234871, 0.00469165675971,-0.00000000000000, 0.00737338201739, 1.57960589990116, 0.00000000000000, 1.59736705188623,*****************,    0.00000000000000,
  390,    2, 1.21718750000000, 0.00468750000000, 1.58935566433379, 0.01776115198508, 1.57159451234871, 0.00469165675971,-0.00000000000000, 0.00737338201739, 1.57960589990116, 0.00000000000000, 1.59736705188623,*****************,    0.00000000000000,
  390,    3, 1.21718750000000, 0.00781250000000, 1.58935566433379, 0.01776115198508, 1.57159451234871, 0.00469165675971,-0.00000000000000, 0.00737338201739, 1.57960589990116, 0.00000000000000, 1.59736705188623,*****************,    0.00000000000000,
  390,    4, 1.21718750000000, 0.01093750000000, 1.58935566433379, 0.01776115198508, 1.57159451234871, 0.00469165675971,-0.00000000000000, 0.00737338201739, 1.57960589990116, 0.00000000000000, 1.59736705188623,*****************,    0.00000000000000,
  390,    5, 1.21718750000000, 0.01406250000000, 1.58935566433379, 0.01776115198508, 1.57159451234871, 0.00469165675971,-0.00000000000000, 0.00737338201739, 1.57960589990116, 0.00000000000000, 1.59736705188623,*****************,    0.00000000000000,
  391,    1, 1.22031250000000, 0.00156250000000, 1.58420800799948, 0.01769887082016, 1.56650913717932, 0.00470729208338,-0.00000000000000, 0.00737401605998, 1.57454657863289, 0.00000000000000, 1.59224544945305,*****************,    0.00000000000000,
  391,    2, 1.22031250000000, 0.00468750000000, 1.58420800799948, 0.01769887082016, 1.56650913717932, 0.00470729208338,-0.00000000000000, 0.00737401605998, 1.57454657863289, 0.00000000000000, 1.59224544945305,*****************,    0.00000000000000,
  391,    3, 1.22031250000000, 0.00781250000000, 1.58420800799948, 0.01769887082016, 1.56650913717932, 0.00470729208338,-0.00000000000000, 0.00737401605998, 1.57454657863289, 0.00000000000000, 1.59224544945305,*****************,    0.00000000000000,
  391,    4, 1.22031250000000, 0.01093750000000, 1.58420800799948, 0.01769887082016, 1.56650913717932, 0.00470729208338,-0.00000000000000, 0.00737401605998, 1.57454657863289, 0.00000000000000, 1.59224544945305,*****************,    0.00000000000000,
  391,    5, 1.22031250000000, 0.01406250000000, 1.58420800799948, 0.01769887082016, 1.56650913717932, 0.00470729208338,-0.00000000000000, 0.00737401605998, 1.57454657863289, 0.00000000000000, 1.59224544945305,*****************,    0.00000000000000,
  392,    1, 1.22343750000000, 0.00156250000000, 1.57910065604452, 0.01763584762206, 1.56146480842246, 0.00472291661805,-0.00000000000000, 0.00737466809220, 1.56952826345089, 0.00000000000000, 1.58716411107295,*****************,    0.00000000000000,
  392,    2, 1.22343750000000, 0.00468750000000, 1.57910065604452, 0.01763584762206, 1.56146480842246, 0.00472291661805,-0.00000000000000, 0.00737466809220, 1.56952826345089, 0.00000000000000, 1.58716411107295,*****************,    0.00000000000000,
  392,    3, 1.22343750000000, 0.00781250000000, 1.57910065604452, 0.01763584762206, 1.56146480842246, 0.00472291661805,-0.00000000000000, 0.00737466809220, 1.56952826345089, 0.00000000000000, 1.58716411107295,*****************,    0.00000000000000,
  392,    4, 1.22343750000000, 0.01093750000000, 1.57910065604452, 0.01763584762206, 1.56146480842246, 0.00472291661805,-0.00000000000000, 0.00737466809220, 1.56952826345089, 0.00000000000000, 1.58716411107295,*****************,    0.00000000000000,
  392,    5, 1.22343750000000, 0.01406250000000, 1.57910065604452, 0.01763584762206, 1.56146480842246, 0.00472291661805,-0.00000000000000, 0.00737466809220, 1.56952826345089, 0.00000000000000, 1.58716411107295,*****************,    0.00000000000000,
  393,    1, 1.22656250000000, 0.00156250000000, 1.57403410309303, 0.01757208846506, 1.55646201462797, 0.00473852750887, 0.00000000000000, 0.00737533807283, 1.56455143803082, 0.00000000000000, 1.58212352649588,*****************,    0.00000000000000,
  393,    2, 1.22656250000000, 0.00468750000000, 1.57403410309303, 0.01757208846506, 1.55646201462797, 0.00473852750887, 0.00000000000000, 0.00737533807283, 1.56455143803082, 0.00000000000000, 1.58212352649588,*****************,    0.00000000000000,
  393,    3, 1.22656250000000, 0.00781250000000, 1.57403410309303, 0.01757208846506, 1.55646201462797, 0.00473852750887, 0.00000000000000, 0.00737533807283, 1.56455143803082, 0.00000000000000, 1.58212352649588,*****************,    0.00000000000000,
  393,    4, 1.22656250000000, 0.01093750000000, 1.57403410309303, 0.01757208846506, 1.55646201462797, 0.00473852750887, 0.00000000000000, 0.00737533807283, 1.56455143803082, 0.00000000000000, 1.58212352649588,*****************,    0.00000000000000,
  393,    5, 1.22656250000000, 0.01406250000000, 1.57403410309303, 0.01757208846506, 1.55646201462797, 0.00473852750887, 0.00000000000000, 0.00737533807283, 1.56455143803082, 0.00000000000000, 1.58212352649588,*****************,    0.00000000000000,
  394,    1, 1.22968750000000, 0.00156250000000, 1.56900883990981, 0.01750759949443, 1.55150124041538, 0.00475412185564,-0.00000000000000, 0.00737602595611, 1.55961658204946, 0.00000000000000, 1.57712418154389,*****************,    0.00000000000000,
  394,    2, 1.22968750000000, 0.00468750000000, 1.56900883990981, 0.01750759949443, 1.55150124041538, 0.00475412185564,-0.00000000000000, 0.00737602595611, 1.55961658204946, 0.00000000000000, 1.57712418154389,*****************,    0.00000000000000,
  394,    3, 1.22968750000000, 0.00781250000000, 1.56900883990981, 0.01750759949443, 1.55150124041538, 0.00475412185564,-0.00000000000000, 0.00737602595611, 1.55961658204946, 0.00000000000000, 1.57712418154389,*****************,    0.00000000000000,
  394,    4, 1.22968750000000, 0.01093750000000, 1.56900883990981, 0.01750759949443, 1.55150124041538, 0.00475412185564,-0.00000000000000, 0.00737602595611, 1.55961658204946, 0.00000000000000, 1.57712418154389,*****************,    0.00000000000000,
  394,    5, 1.22968750000000, 0.01406250000000, 1.56900883990981, 0.01750759949443, 1.55150124041538, 0.00475412185564,-0.00000000000000, 0.00737602595611, 1.55961658204946, 0.00000000000000, 1.57712418154389,*****************,    0.00000000000000,
  395,    1, 1.23281250000000, 0.00156250000000, 1.56402535335255, 0.01744238692572, 1.54658296642683, 0.00476969671323, 0.00000000000000, 0.00737673169171, 1.55472417113852, 0.00000000000000, 1.57216655806424,*****************,    0.00000000000000,
  395,    2, 1.23281250000000, 0.00468750000000, 1.56402535335255, 0.01744238692572, 1.54658296642683, 0.00476969671323, 0.00000000000000, 0.00737673169171, 1.55472417113852, 0.00000000000000, 1.57216655806424,*****************,    0.00000000000000,
  395,    3, 1.23281250000000, 0.00781250000000, 1.56402535335255, 0.01744238692572, 1.54658296642683, 0.00476969671323, 0.00000000000000, 0.00737673169171, 1.55472417113852, 0.00000000000000, 1.57216655806424,*****************,    0.00000000000000,
  395,    4, 1.23281250000000, 0.01093750000000, 1.56402535335255, 0.01744238692572, 1.54658296642683, 0.00476969671323, 0.00000000000000, 0.00737673169171, 1.55472417113852, 0.00000000000000, 1.57216655806424,*****************,    0.00000000000000,
  395,    5, 1.23281250000000, 0.01406250000000, 1.56402535335255, 0.01744238692572, 1.54658296642683, 0.00476969671323, 0.00000000000000, 0.00737673169171, 1.55472417113852, 0.00000000000000, 1.57216655806424,*****************,    0.00000000000000,
  396,    1, 1.23593750000000, 0.00156250000000, 1.55908412632452, 0.01737645704427, 1.54170766928025, 0.00478524909216, 0.00000000000000, 0.00737745522480, 1.54987467683874, 0.00000000000000, 1.56725113388301,*****************,    0.00000000000000,
  396,    2, 1.23593750000000, 0.00468750000000, 1.55908412632452, 0.01737645704427, 1.54170766928025, 0.00478524909216, 0.00000000000000, 0.00737745522480, 1.54987467683874, 0.00000000000000, 1.56725113388301,*****************,    0.00000000000000,
  396,    3, 1.23593750000000, 0.00781250000000, 1.55908412632452, 0.01737645704427, 1.54170766928025, 0.00478524909216, 0.00000000000000, 0.00737745522480, 1.54987467683874, 0.00000000000000, 1.56725113388301,*****************,    0.00000000000000,
  396,    4, 1.23593750000000, 0.01093750000000, 1.55908412632452, 0.01737645704427, 1.54170766928025, 0.00478524909216, 0.00000000000000, 0.00737745522480, 1.54987467683874, 0.00000000000000, 1.56725113388301,*****************,    0.00000000000000,
  396,    5, 1.23593750000000, 0.01406250000000, 1.55908412632452, 0.01737645704427, 1.54170766928025, 0.00478524909216, 0.00000000000000, 0.00737745522480, 1.54987467683874, 0.00000000000000, 1.56725113388301,*****************,    0.00000000000000,
  397,    1, 1.23906250000000, 0.00156250000000, 1.55418563772739, 0.01730981620454, 1.53687582152284, 0.00480077595909,-0.00000000000000, 0.00737819649607, 1.54506856655447, 0.00000000000000, 1.56237838275901,*****************,    0.00000000000000,
  397,    2, 1.23906250000000, 0.00468750000000, 1.55418563772739, 0.01730981620454, 1.53687582152284, 0.00480077595909,-0.00000000000000, 0.00737819649607, 1.54506856655447, 0.00000000000000, 1.56237838275901,*****************,    0.00000000000000,
  397,    3, 1.23906250000000, 0.00781250000000, 1.55418563772739, 0.01730981620454, 1.53687582152284, 0.00480077595909,-0.00000000000000, 0.00737819649607, 1.54506856655447, 0.00000000000000, 1.56237838275901,*****************,    0.00000000000000,
  397,    4, 1.23906250000000, 0.01093750000000, 1.55418563772739, 0.01730981620454, 1.53687582152284, 0.00480077595909,-0.00000000000000, 0.00737819649607, 1.54506856655447, 0.00000000000000, 1.56237838275901,*****************,    0.00000000000000,
  397,    5, 1.23906250000000, 0.01406250000000, 1.55418563772739, 0.01730981620454, 1.53687582152284, 0.00480077595909,-0.00000000000000, 0.00737819649607, 1.54506856655447, 0.00000000000000, 1.56237838275901,*****************,    0.00000000000000,
  398,    1, 1.24218750000000, 0.00156250000000, 1.54933036241456, 0.01724247082951, 1.53208789158504, 0.00481627423744, 0.00000000000000, 0.00737895544173, 1.54030630350862, 0.00000000000000, 1.55754877433814,*****************,    0.00000000000000,
  398,    2, 1.24218750000000, 0.00468750000000, 1.54933036241456, 0.01724247082951, 1.53208789158504, 0.00481627423744, 0.00000000000000, 0.00737895544173, 1.54030630350862, 0.00000000000000, 1.55754877433814,*****************,    0.00000000000000,
  398,    3, 1.24218750000000, 0.00781250000000, 1.54933036241456, 0.01724247082951, 1.53208789158504, 0.00481627423744, 0.00000000000000, 0.00737895544173, 1.54030630350862, 0.00000000000000, 1.55754877433814,*****************,    0.00000000000000,
  398,    4, 1.24218750000000, 0.01093750000000, 1.54933036241456, 0.01724247082951, 1.53208789158504, 0.00481627423744, 0.00000000000000, 0.00737895544173, 1.54030630350862, 0.00000000000000, 1.55754877433814,*****************,    0.00000000000000,
  398,    5, 1.24218750000000, 0.01406250000000, 1.54933036241456, 0.01724247082951, 1.53208789158504, 0.00481627423744, 0.00000000000000, 0.00737895544173, 1.54030630350862, 0.00000000000000, 1.55754877433814,*****************,    0.00000000000000,
  399,    1, 1.24531250000000, 0.00156250000000, 1.54451877114455, 0.01717442741007, 1.52734434373448, 0.00483174080807,-0.00000000000000, 0.00737973199360, 1.53558834669802, 0.00000000000000, 1.55276277410810,*****************,    0.00000000000000,
  399,    2, 1.24531250000000, 0.00468750000000, 1.54451877114455, 0.01717442741007, 1.52734434373448, 0.00483174080807,-0.00000000000000, 0.00737973199360, 1.53558834669802, 0.00000000000000, 1.55276277410810,*****************,    0.00000000000000,
  399,    3, 1.24531250000000, 0.00781250000000, 1.54451877114455, 0.01717442741007, 1.52734434373448, 0.00483174080807,-0.00000000000000, 0.00737973199360, 1.53558834669802, 0.00000000000000, 1.55276277410810,*****************,    0.00000000000000,
  399,    4, 1.24531250000000, 0.01093750000000, 1.54451877114455, 0.01717442741007, 1.52734434373448, 0.00483174080807,-0.00000000000000, 0.00737973199360, 1.53558834669802, 0.00000000000000, 1.55276277410810,*****************,    0.00000000000000,
  399,    5, 1.24531250000000, 0.01406250000000, 1.54451877114455, 0.01717442741007, 1.52734434373448, 0.00483174080807,-0.00000000000000, 0.00737973199360, 1.53558834669802, 0.00000000000000, 1.55276277410810,*****************,    0.00000000000000,
  400,    1, 1.24843750000000, 0.00156250000000, 1.53975133053496, 0.01710569250438, 1.52264563803057, 0.00484717250998, 0.00000000000000, 0.00738052607910, 1.53091515084917, 0.00000000000000, 1.54802084335356,*****************,    0.00000000000000,
  400,    2, 1.24843750000000, 0.00468750000000, 1.53975133053496, 0.01710569250438, 1.52264563803057, 0.00484717250998, 0.00000000000000, 0.00738052607910, 1.53091515084917, 0.00000000000000, 1.54802084335356,*****************,    0.00000000000000,
  400,    3, 1.24843750000000, 0.00781250000000, 1.53975133053496, 0.01710569250438, 1.52264563803057, 0.00484717250998, 0.00000000000000, 0.00738052607910, 1.53091515084917, 0.00000000000000, 1.54802084335356,*****************,    0.00000000000000,
  400,    4, 1.24843750000000, 0.01093750000000, 1.53975133053496, 0.01710569250438, 1.52264563803057, 0.00484717250998, 0.00000000000000, 0.00738052607910, 1.53091515084917, 0.00000000000000, 1.54802084335356,*****************,    0.00000000000000,
  400,    5, 1.24843750000000, 0.01406250000000, 1.53975133053496, 0.01710569250438, 1.52264563803057, 0.00484717250998, 0.00000000000000, 0.00738052607910, 1.53091515084917, 0.00000000000000, 1.54802084335356,*****************,    0.00000000000000,
  401,    1, 1.25156250000000, 0.00156250000000, 1.53502850301648, 0.01703627273726, 1.51799223027922, 0.00486256614103,-0.00000000000000, 0.00738133762130, 1.52628716637441, 0.00000000000000, 1.54332343911167,*****************,    0.00000000000000,
  401,    2, 1.25156250000000, 0.00468750000000, 1.53502850301648, 0.01703627273726, 1.51799223027922, 0.00486256614103,-0.00000000000000, 0.00738133762130, 1.52628716637441, 0.00000000000000, 1.54332343911167,*****************,    0.00000000000000,
  401,    3, 1.25156250000000, 0.00781250000000, 1.53502850301648, 0.01703627273726, 1.51799223027922, 0.00486256614103,-0.00000000000000, 0.00738133762130, 1.52628716637441, 0.00000000000000, 1.54332343911167,*****************,    0.00000000000000,
  401,    4, 1.25156250000000, 0.01093750000000, 1.53502850301648, 0.01703627273726, 1.51799223027922, 0.00486256614103,-0.00000000000000, 0.00738133762130, 1.52628716637441, 0.00000000000000, 1.54332343911167,*****************,    0.00000000000000,
  401,    5, 1.25156250000000, 0.01406250000000, 1.53502850301648, 0.01703627273726, 1.51799223027922, 0.00486256614103,-0.00000000000000, 0.00738133762130, 1.52628716637441, 0.00000000000000, 1.54332343911167,*****************,    0.00000000000000,
  402,    1, 1.25468750000000, 0.00156250000000, 1.53035074678761, 0.01696617479953, 1.51338457198808, 0.00487791845880, 0.00000000000000, 0.00738216653897, 1.52170483932851, 0.00000000000000, 1.53867101412804,*****************,    0.00000000000000,
  402,    2, 1.25468750000000, 0.00468750000000, 1.53035074678761, 0.01696617479953, 1.51338457198808, 0.00487791845880, 0.00000000000000, 0.00738216653897, 1.52170483932851, 0.00000000000000, 1.53867101412804,*****************,    0.00000000000000,
  402,    3, 1.25468750000000, 0.00781250000000, 1.53035074678761, 0.01696617479953, 1.51338457198808, 0.00487791845880, 0.00000000000000, 0.00738216653897, 1.52170483932851, 0.00000000000000, 1.53867101412804,*****************,    0.00000000000000,
  402,    4, 1.25468750000000, 0.01093750000000, 1.53035074678761, 0.01696617479953, 1.51338457198808, 0.00487791845880, 0.00000000000000, 0.00738216653897, 1.52170483932851, 0.00000000000000, 1.53867101412804,*****************,    0.00000000000000,
  402,    5, 1.25468750000000, 0.01406250000000, 1.53035074678761, 0.01696617479953, 1.51338457198808, 0.00487791845880, 0.00000000000000, 0.00738216653897, 1.52170483932851, 0.00000000000000, 1.53867101412804,*****************,    0.00000000000000,
  403,    1, 1.25781250000000, 0.00156250000000, 1.52571851576920, 0.01689540544737, 1.50882311032183, 0.00489322618145,-0.00000000000000, 0.00738301274660, 1.51716861136569, 0.00000000000000, 1.53406401681306,*****************,    0.00000000000000,
  403,    2, 1.25781250000000, 0.00468750000000, 1.52571851576920, 0.01689540544737, 1.50882311032183, 0.00489322618145,-0.00000000000000, 0.00738301274660, 1.51716861136569, 0.00000000000000, 1.53406401681306,*****************,    0.00000000000000,
  403,    3, 1.25781250000000, 0.00781250000000, 1.52571851576920, 0.01689540544737, 1.50882311032183, 0.00489322618145,-0.00000000000000, 0.00738301274660, 1.51716861136569, 0.00000000000000, 1.53406401681306,*****************,    0.00000000000000,
  403,    4, 1.25781250000000, 0.01093750000000, 1.52571851576920, 0.01689540544737, 1.50882311032183, 0.00489322618145,-0.00000000000000, 0.00738301274660, 1.51716861136569, 0.00000000000000, 1.53406401681306,*****************,    0.00000000000000,
  403,    5, 1.25781250000000, 0.01406250000000, 1.52571851576920, 0.01689540544737, 1.50882311032183, 0.00489322618145,-0.00000000000000, 0.00738301274660, 1.51716861136569, 0.00000000000000, 1.53406401681306,*****************,    0.00000000000000,
  404,    1, 1.26093750000000, 0.00156250000000, 1.52113225955972, 0.01682397150168, 1.50430828805803, 0.00490848598859,-0.00000000000000, 0.00738387615445, 1.51267891969705, 0.00000000000000, 1.52950289119873,*****************,    0.00000000000000,
  404,    2, 1.26093750000000, 0.00468750000000, 1.52113225955972, 0.01682397150168, 1.50430828805803, 0.00490848598859,-0.00000000000000, 0.00738387615445, 1.51267891969705, 0.00000000000000, 1.52950289119873,*****************,    0.00000000000000,
  404,    3, 1.26093750000000, 0.00781250000000, 1.52113225955972, 0.01682397150168, 1.50430828805803, 0.00490848598859,-0.00000000000000, 0.00738387615445, 1.51267891969705, 0.00000000000000, 1.52950289119873,*****************,    0.00000000000000,
  404,    4, 1.26093750000000, 0.01093750000000, 1.52113225955972, 0.01682397150168, 1.50430828805803, 0.00490848598859,-0.00000000000000, 0.00738387615445, 1.51267891969705, 0.00000000000000, 1.52950289119873,*****************,    0.00000000000000,
  404,    5, 1.26093750000000, 0.01406250000000, 1.52113225955972, 0.01682397150168, 1.50430828805803, 0.00490848598859,-0.00000000000000, 0.00738387615445, 1.51267891969705, 0.00000000000000, 1.52950289119873,*****************,    0.00000000000000,
  405,    1, 1.26406250000000, 0.00156250000000, 1.51659242339075, 0.01675187984742, 1.49984054354334, 0.00492369452232,-0.00000000000000, 0.00738475666860, 1.50823619704840, 0.00000000000000, 1.52498807689582,*****************,    0.00000000000000,
  405,    2, 1.26406250000000, 0.00468750000000, 1.51659242339075, 0.01675187984742, 1.49984054354334, 0.00492369452232,-0.00000000000000, 0.00738475666860, 1.50823619704840, 0.00000000000000, 1.52498807689582,*****************,    0.00000000000000,
  405,    3, 1.26406250000000, 0.00781250000000, 1.51659242339075, 0.01675187984742, 1.49984054354334, 0.00492369452232,-0.00000000000000, 0.00738475666860, 1.50823619704840, 0.00000000000000, 1.52498807689582,*****************,    0.00000000000000,
  405,    4, 1.26406250000000, 0.01093750000000, 1.51659242339075, 0.01675187984742, 1.49984054354334, 0.00492369452232,-0.00000000000000, 0.00738475666860, 1.50823619704840, 0.00000000000000, 1.52498807689582,*****************,    0.00000000000000,
  405,    5, 1.26406250000000, 0.01406250000000, 1.51659242339075, 0.01675187984742, 1.49984054354334, 0.00492369452232,-0.00000000000000, 0.00738475666860, 1.50823619704840, 0.00000000000000, 1.52498807689582,*****************,    0.00000000000000,
  406,    1, 1.26718750000000, 0.00156250000000, 1.51209944808273, 0.01667913743292, 1.49542031064981, 0.00493884838822,-0.00000000000000, 0.00738565419096, 1.50384087161862, 0.00000000000000, 1.52052000905154,*****************,    0.00000000000000,
  406,    2, 1.26718750000000, 0.00468750000000, 1.51209944808273, 0.01667913743292, 1.49542031064981, 0.00493884838822,-0.00000000000000, 0.00738565419096, 1.50384087161862, 0.00000000000000, 1.52052000905154,*****************,    0.00000000000000,
  406,    3, 1.26718750000000, 0.00781250000000, 1.51209944808273, 0.01667913743292, 1.49542031064981, 0.00493884838822,-0.00000000000000, 0.00738565419096, 1.50384087161862, 0.00000000000000, 1.52052000905154,*****************,    0.00000000000000,
  406,    4, 1.26718750000000, 0.01093750000000, 1.51209944808273, 0.01667913743292, 1.49542031064981, 0.00493884838822,-0.00000000000000, 0.00738565419096, 1.50384087161862, 0.00000000000000, 1.52052000905154,*****************,    0.00000000000000,
  406,    5, 1.26718750000000, 0.01406250000000, 1.51209944808273, 0.01667913743292, 1.49542031064981, 0.00493884838822,-0.00000000000000, 0.00738565419096, 1.50384087161862, 0.00000000000000, 1.52052000905154,*****************,    0.00000000000000,
  407,    1, 1.27031250000000, 0.00156250000000, 1.50765377000106, 0.01660575126926, 1.49104801873180, 0.00495394415644,-0.00000000000000, 0.00738656861936, 1.49949336703831, 0.00000000000000, 1.51609911830757,*****************,    0.00000000000000,
  407,    2, 1.27031250000000, 0.00468750000000, 1.50765377000106, 0.01660575126926, 1.49104801873180, 0.00495394415644,-0.00000000000000, 0.00738656861936, 1.49949336703831, 0.00000000000000, 1.51609911830757,*****************,    0.00000000000000,
  407,    3, 1.27031250000000, 0.00781250000000, 1.50765377000106, 0.01660575126926, 1.49104801873180, 0.00495394415644,-0.00000000000000, 0.00738656861936, 1.49949336703831, 0.00000000000000, 1.51609911830757,*****************,    0.00000000000000,
  407,    4, 1.27031250000000, 0.01093750000000, 1.50765377000106, 0.01660575126926, 1.49104801873180, 0.00495394415644,-0.00000000000000, 0.00738656861936, 1.49949336703831, 0.00000000000000, 1.51609911830757,*****************,    0.00000000000000,
  407,    5, 1.27031250000000, 0.01406250000000, 1.50765377000106, 0.01660575126926, 1.49104801873180, 0.00495394415644,-0.00000000000000, 0.00738656861936, 1.49949336703831, 0.00000000000000, 1.51609911830757,*****************,    0.00000000000000,
  408,    1, 1.27343750000000, 0.00156250000000, 1.50325582101263, 0.01653172842954, 1.48672409258310, 0.00496897836283, 0.00000000000000, 0.00738749984755, 1.49519410232901, 0.00000000000000, 1.51172583075855,*****************,    0.00000000000000,
  408,    2, 1.27343750000000, 0.00468750000000, 1.50325582101263, 0.01653172842954, 1.48672409258310, 0.00496897836283, 0.00000000000000, 0.00738749984755, 1.49519410232901, 0.00000000000000, 1.51172583075855,*****************,    0.00000000000000,
  408,    3, 1.27343750000000, 0.00781250000000, 1.50325582101263, 0.01653172842954, 1.48672409258310, 0.00496897836283, 0.00000000000000, 0.00738749984755, 1.49519410232901, 0.00000000000000, 1.51172583075855,*****************,    0.00000000000000,
  408,    4, 1.27343750000000, 0.01093750000000, 1.50325582101263, 0.01653172842954, 1.48672409258310, 0.00496897836283, 0.00000000000000, 0.00738749984755, 1.49519410232901, 0.00000000000000, 1.51172583075855,*****************,    0.00000000000000,
  408,    5, 1.27343750000000, 0.01406250000000, 1.50325582101263, 0.01653172842954, 1.48672409258310, 0.00496897836283, 0.00000000000000, 0.00738749984755, 1.49519410232901, 0.00000000000000, 1.51172583075855,*****************,    0.00000000000000,
  409,    1, 1.27656250000000, 0.00156250000000, 1.49890602844271, 0.01645707604824, 1.48244895239447, 0.00498394751017,-0.00000000000000, 0.00738844776525, 1.49094349186280, 0.00000000000000, 1.50740056791104,*****************,    0.00000000000000,
  409,    2, 1.27656250000000, 0.00468750000000, 1.49890602844271, 0.01645707604824, 1.48244895239447, 0.00498394751017,-0.00000000000000, 0.00738844776525, 1.49094349186280, 0.00000000000000, 1.50740056791104,*****************,    0.00000000000000,
  409,    3, 1.27656250000000, 0.00781250000000, 1.49890602844271, 0.01645707604824, 1.48244895239447, 0.00498394751017,-0.00000000000000, 0.00738844776525, 1.49094349186280, 0.00000000000000, 1.50740056791104,*****************,    0.00000000000000,
  409,    4, 1.27656250000000, 0.01093750000000, 1.49890602844271, 0.01645707604824, 1.48244895239447, 0.00498394751017,-0.00000000000000, 0.00738844776525, 1.49094349186280, 0.00000000000000, 1.50740056791104,*****************,    0.00000000000000,
  409,    5, 1.27656250000000, 0.01406250000000, 1.49890602844271, 0.01645707604824, 1.48244895239447, 0.00498394751017,-0.00000000000000, 0.00738844776525, 1.49094349186280, 0.00000000000000, 1.50740056791104,*****************,    0.00000000000000,
  410,    1, 1.27968750000000, 0.00156250000000, 1.49460481503195, 0.01638180132051, 1.47822301371145, 0.00499884806938,-0.00000000000000, 0.00738941225820, 1.48674194532237, 0.00000000000000, 1.50312374664288,*****************,    0.00000000000000,
  410,    2, 1.27968750000000, 0.00468750000000, 1.49460481503195, 0.01638180132051, 1.47822301371145, 0.00499884806938,-0.00000000000000, 0.00738941225820, 1.48674194532237, 0.00000000000000, 1.50312374664288,*****************,    0.00000000000000,
  410,    3, 1.27968750000000, 0.00781250000000, 1.49460481503195, 0.01638180132051, 1.47822301371145, 0.00499884806938,-0.00000000000000, 0.00738941225820, 1.48674194532237, 0.00000000000000, 1.50312374664288,*****************,    0.00000000000000,
  410,    4, 1.27968750000000, 0.01093750000000, 1.49460481503195, 0.01638180132051, 1.47822301371145, 0.00499884806938,-0.00000000000000, 0.00738941225820, 1.48674194532237, 0.00000000000000, 1.50312374664288,*****************,    0.00000000000000,
  410,    5, 1.27968750000000, 0.01406250000000, 1.49460481503195, 0.01638180132051, 1.47822301371145, 0.00499884806938,-0.00000000000000, 0.00738941225820, 1.48674194532237, 0.00000000000000, 1.50312374664288,*****************,    0.00000000000000,
  411,    1, 1.28281250000000, 0.00156250000000, 1.49035259889409, 0.01630591150148, 1.47404668739261, 0.00501367648084,-0.00000000000000, 0.00739039320824, 1.48258986766151, 0.00000000000000, 1.49889577916300,*****************,    0.00000000000000,
  411,    2, 1.28281250000000, 0.00468750000000, 1.49035259889409, 0.01630591150148, 1.47404668739261, 0.00501367648084,-0.00000000000000, 0.00739039320824, 1.48258986766151, 0.00000000000000, 1.49889577916300,*****************,    0.00000000000000,
  411,    3, 1.28281250000000, 0.00781250000000, 1.49035259889409, 0.01630591150148, 1.47404668739261, 0.00501367648084,-0.00000000000000, 0.00739039320824, 1.48258986766151, 0.00000000000000, 1.49889577916300,*****************,    0.00000000000000,
  411,    4, 1.28281250000000, 0.01093750000000, 1.49035259889409, 0.01630591150148, 1.47404668739261, 0.00501367648084,-0.00000000000000, 0.00739039320824, 1.48258986766151, 0.00000000000000, 1.49889577916300,*****************,    0.00000000000000,
  411,    5, 1.28281250000000, 0.01406250000000, 1.49035259889409, 0.01630591150148, 1.47404668739261, 0.00501367648084,-0.00000000000000, 0.00739039320824, 1.48258986766151, 0.00000000000000, 1.49889577916300,*****************,    0.00000000000000,
  412,    1, 1.28593750000000, 0.00156250000000, 1.48614979347366, 0.01622941390558, 1.46992037956808, 0.00502842915576, 0.00000000000000, 0.00739139049326, 1.47848765906612, 0.00000000000000, 1.49471707297171,*****************,    0.00000000000000,
  412,    2, 1.28593750000000, 0.00468750000000, 1.48614979347366, 0.01622941390558, 1.46992037956808, 0.00502842915576, 0.00000000000000, 0.00739139049326, 1.47848765906612, 0.00000000000000, 1.49471707297171,*****************,    0.00000000000000,
  412,    3, 1.28593750000000, 0.00781250000000, 1.48614979347366, 0.01622941390558, 1.46992037956808, 0.00502842915576, 0.00000000000000, 0.00739139049326, 1.47848765906612, 0.00000000000000, 1.49471707297171,*****************,    0.00000000000000,
  412,    4, 1.28593750000000, 0.01093750000000, 1.48614979347366, 0.01622941390558, 1.46992037956808, 0.00502842915576, 0.00000000000000, 0.00739139049326, 1.47848765906612, 0.00000000000000, 1.49471707297171,*****************,    0.00000000000000,
  412,    5, 1.28593750000000, 0.01406250000000, 1.48614979347366, 0.01622941390558, 1.46992037956808, 0.00502842915576, 0.00000000000000, 0.00739139049326, 1.47848765906612, 0.00000000000000, 1.49471707297171,*****************,    0.00000000000000,
  413,    1, 1.28906250000000, 0.00156250000000, 1.48199680750448, 0.01615231590581, 1.46584449159868, 0.00504310247759, 0.00000000000000, 0.00739240398734, 1.47443571491560, 0.00000000000000, 1.49058803082140,*****************,    0.00000000000000,
  413,    2, 1.28906250000000, 0.00468750000000, 1.48199680750448, 0.01615231590581, 1.46584449159868, 0.00504310247759, 0.00000000000000, 0.00739240398734, 1.47443571491560, 0.00000000000000, 1.49058803082140,*****************,    0.00000000000000,
  413,    3, 1.28906250000000, 0.00781250000000, 1.48199680750448, 0.01615231590581, 1.46584449159868, 0.00504310247759, 0.00000000000000, 0.00739240398734, 1.47443571491560, 0.00000000000000, 1.49058803082140,*****************,    0.00000000000000,
  413,    4, 1.28906250000000, 0.01093750000000, 1.48199680750448, 0.01615231590581, 1.46584449159868, 0.00504310247759, 0.00000000000000, 0.00739240398734, 1.47443571491560, 0.00000000000000, 1.49058803082140,*****************,    0.00000000000000,
  413,    5, 1.28906250000000, 0.01406250000000, 1.48199680750448, 0.01615231590581, 1.46584449159868, 0.00504310247759, 0.00000000000000, 0.00739240398734, 1.47443571491560, 0.00000000000000, 1.49058803082140,*****************,    0.00000000000000,
  414,    1, 1.29218750000000, 0.00156250000000, 1.47789404496800, 0.01607462493302, 1.46181942003498, 0.00505769280351, 0.00000000000000, 0.00739343356074, 1.47043442574475, 0.00000000000000, 1.48650905067776,*****************,    0.00000000000000,
  414,    2, 1.29218750000000, 0.00468750000000, 1.47789404496800, 0.01607462493302, 1.46181942003498, 0.00505769280351, 0.00000000000000, 0.00739343356074, 1.47043442574475, 0.00000000000000, 1.48650905067776,*****************,    0.00000000000000,
  414,    3, 1.29218750000000, 0.00781250000000, 1.47789404496800, 0.01607462493302, 1.46181942003498, 0.00505769280351, 0.00000000000000, 0.00739343356074, 1.47043442574475, 0.00000000000000, 1.48650905067776,*****************,    0.00000000000000,
  414,    4, 1.29218750000000, 0.01093750000000, 1.47789404496800, 0.01607462493302, 1.46181942003498, 0.00505769280351, 0.00000000000000, 0.00739343356074, 1.47043442574475, 0.00000000000000, 1.48650905067776,*****************,    0.00000000000000,
  414,    5, 1.29218750000000, 0.01406250000000, 1.47789404496800, 0.01607462493302, 1.46181942003498, 0.00505769280351, 0.00000000000000, 0.00739343356074, 1.47043442574475, 0.00000000000000, 1.48650905067776,*****************,    0.00000000000000,
  415,    1, 1.29531250000000, 0.00156250000000, 1.47384190505248, 0.01599634847523, 1.45784555657724, 0.00507219646592, 0.00000000000000, 0.00739447907993, 1.46648417720615, 0.00000000000000, 1.48248052568138,*****************,    0.00000000000000,
  415,    2, 1.29531250000000, 0.00468750000000, 1.47384190505248, 0.01599634847523, 1.45784555657724, 0.00507219646592, 0.00000000000000, 0.00739447907993, 1.46648417720615, 0.00000000000000, 1.48248052568138,*****************,    0.00000000000000,
  415,    3, 1.29531250000000, 0.00781250000000, 1.47384190505248, 0.01599634847523, 1.45784555657724, 0.00507219646592, 0.00000000000000, 0.00739447907993, 1.46648417720615, 0.00000000000000, 1.48248052568138,*****************,    0.00000000000000,
  415,    4, 1.29531250000000, 0.01093750000000, 1.47384190505248, 0.01599634847523, 1.45784555657724, 0.00507219646592, 0.00000000000000, 0.00739447907993, 1.46648417720615, 0.00000000000000, 1.48248052568138,*****************,    0.00000000000000,
  415,    5, 1.29531250000000, 0.01406250000000, 1.47384190505248, 0.01599634847523, 1.45784555657724, 0.00507219646592, 0.00000000000000, 0.00739447907993, 1.46648417720615, 0.00000000000000, 1.48248052568138,*****************,    0.00000000000000,
  416,    1, 1.29843750000000, 0.00156250000000, 1.46984078211225, 0.01591749407690, 1.45392328803535, 0.00508660977409,-0.00000000000000, 0.00739554040770, 1.46258535003299, 0.00000000000000, 1.47850284410989,*****************,    0.00000000000000,
  416,    2, 1.29843750000000, 0.00468750000000, 1.46984078211225, 0.01591749407690, 1.45392328803535, 0.00508660977409,-0.00000000000000, 0.00739554040770, 1.46258535003299, 0.00000000000000, 1.47850284410989,*****************,    0.00000000000000,
  416,    3, 1.29843750000000, 0.00781250000000, 1.46984078211225, 0.01591749407690, 1.45392328803535, 0.00508660977409,-0.00000000000000, 0.00739554040770, 1.46258535003299, 0.00000000000000, 1.47850284410989,*****************,    0.00000000000000,
  416,    4, 1.29843750000000, 0.01093750000000, 1.46984078211225, 0.01591749407690, 1.45392328803535, 0.00508660977409,-0.00000000000000, 0.00739554040770, 1.46258535003299, 0.00000000000000, 1.47850284410989,*****************,    0.00000000000000,
  416,    5, 1.29843750000000, 0.01406250000000, 1.46984078211225, 0.01591749407690, 1.45392328803535, 0.00508660977409,-0.00000000000000, 0.00739554040770, 1.46258535003299, 0.00000000000000, 1.47850284410989,*****************,    0.00000000000000,
  417,    1, 1.30156250000000, 0.00156250000000, 1.46589106562750, 0.01583806933818, 1.45005299628932, 0.00510092901572, 0.00000000000000, 0.00739661740311, 1.45873832000233, 0.00000000000000, 1.47457638934051,*****************,    0.00000000000000,
  417,    2, 1.30156250000000, 0.00468750000000, 1.46589106562750, 0.01583806933818, 1.45005299628932, 0.00510092901572, 0.00000000000000, 0.00739661740311, 1.45873832000233, 0.00000000000000, 1.47457638934051,*****************,    0.00000000000000,
  417,    3, 1.30156250000000, 0.00781250000000, 1.46589106562750, 0.01583806933818, 1.45005299628932, 0.00510092901572, 0.00000000000000, 0.00739661740311, 1.45873832000233, 0.00000000000000, 1.47457638934051,*****************,    0.00000000000000,
  417,    4, 1.30156250000000, 0.01093750000000, 1.46589106562750, 0.01583806933818, 1.45005299628932, 0.00510092901572, 0.00000000000000, 0.00739661740311, 1.45873832000233, 0.00000000000000, 1.47457638934051,*****************,    0.00000000000000,
  417,    5, 1.30156250000000, 0.01406250000000, 1.46589106562750, 0.01583806933818, 1.45005299628932, 0.00510092901572, 0.00000000000000, 0.00739661740311, 1.45873832000233, 0.00000000000000, 1.47457638934051,*****************,    0.00000000000000,
  418,    1, 1.30468750000000, 0.00156250000000, 1.46199314016437, 0.01575808191418, 1.44623505825019, 0.00511515045870,-0.00000000000000, 0.00739770992160, 1.45494345789894, 0.00000000000000, 1.47070153981312,*****************,    0.00000000000000,
  418,    2, 1.30468750000000, 0.00468750000000, 1.46199314016437, 0.01575808191418, 1.44623505825019, 0.00511515045870,-0.00000000000000, 0.00739770992160, 1.45494345789894, 0.00000000000000, 1.47070153981312,*****************,    0.00000000000000,
  418,    3, 1.30468750000000, 0.00781250000000, 1.46199314016437, 0.01575808191418, 1.44623505825019, 0.00511515045870,-0.00000000000000, 0.00739770992160, 1.45494345789894, 0.00000000000000, 1.47070153981312,*****************,    0.00000000000000,
  418,    4, 1.30468750000000, 0.01093750000000, 1.46199314016437, 0.01575808191418, 1.44623505825019, 0.00511515045870,-0.00000000000000, 0.00739770992160, 1.45494345789894, 0.00000000000000, 1.47070153981312,*****************,    0.00000000000000,
  418,    5, 1.30468750000000, 0.01406250000000, 1.46199314016437, 0.01575808191418, 1.44623505825019, 0.00511515045870,-0.00000000000000, 0.00739770992160, 1.45494345789894, 0.00000000000000, 1.47070153981312,*****************,    0.00000000000000,
  419,    1, 1.30781250000000, 0.00156250000000, 1.45814738533553, 0.01567753951426, 1.44246984582127, 0.00512927035282,-0.00000000000000, 0.00739881781500, 1.45120112947954, 0.00000000000000, 1.46687866899380,*****************,    0.00000000000000,
  419,    2, 1.30781250000000, 0.00468750000000, 1.45814738533553, 0.01567753951426, 1.44246984582127, 0.00512927035282,-0.00000000000000, 0.00739881781500, 1.45120112947954, 0.00000000000000, 1.46687866899380,*****************,    0.00000000000000,
  419,    3, 1.30781250000000, 0.00781250000000, 1.45814738533553, 0.01567753951426, 1.44246984582127, 0.00512927035282,-0.00000000000000, 0.00739881781500, 1.45120112947954, 0.00000000000000, 1.46687866899380,*****************,    0.00000000000000,
  419,    4, 1.30781250000000, 0.01093750000000, 1.45814738533553, 0.01567753951426, 1.44246984582127, 0.00512927035282,-0.00000000000000, 0.00739881781500, 1.45120112947954, 0.00000000000000, 1.46687866899380,*****************,    0.00000000000000,
  419,    5, 1.30781250000000, 0.01406250000000, 1.45814738533553, 0.01567753951426, 1.44246984582127, 0.00512927035282,-0.00000000000000, 0.00739881781500, 1.45120112947954, 0.00000000000000, 1.46687866899380,*****************,    0.00000000000000,
  420,    1, 1.31093750000000, 0.00156250000000, 1.45435417576099, 0.01559644990127, 1.43875772585973, 0.00514328493156, 0.00000000000000, 0.00739994093157, 1.44751169543751, 0.00000000000000, 1.46310814533877,*****************,    0.00000000000000,
  420,    2, 1.31093750000000, 0.00468750000000, 1.45435417576099, 0.01559644990127, 1.43875772585973, 0.00514328493156, 0.00000000000000, 0.00739994093157, 1.44751169543751, 0.00000000000000, 1.46310814533877,*****************,    0.00000000000000,
  420,    3, 1.31093750000000, 0.00781250000000, 1.45435417576099, 0.01559644990127, 1.43875772585973, 0.00514328493156, 0.00000000000000, 0.00739994093157, 1.44751169543751, 0.00000000000000, 1.46310814533877,*****************,    0.00000000000000,
  420,    4, 1.31093750000000, 0.01093750000000, 1.45435417576099, 0.01559644990127, 1.43875772585973, 0.00514328493156, 0.00000000000000, 0.00739994093157, 1.44751169543751, 0.00000000000000, 1.46310814533877,*****************,    0.00000000000000,
  420,    5, 1.31093750000000, 0.01406250000000, 1.45435417576099, 0.01559644990127, 1.43875772585973, 0.00514328493156, 0.00000000000000, 0.00739994093157, 1.44751169543751, 0.00000000000000, 1.46310814533877,*****************,    0.00000000000000,
  421,    1, 1.31406250000000, 0.00156250000000, 1.45061388102953, 0.01551482089078, 1.43509906013875, 0.00515719041398,-0.00000000000000, 0.00740107911606, 1.44387551136819, 0.00000000000000, 1.45939033225897,*****************,    0.00000000000000,
  421,    2, 1.31406250000000, 0.00468750000000, 1.45061388102953, 0.01551482089078, 1.43509906013875, 0.00515719041398,-0.00000000000000, 0.00740107911606, 1.44387551136819, 0.00000000000000, 1.45939033225897,*****************,    0.00000000000000,
  421,    3, 1.31406250000000, 0.00781250000000, 1.45061388102953, 0.01551482089078, 1.43509906013875, 0.00515719041398,-0.00000000000000, 0.00740107911606, 1.44387551136819, 0.00000000000000, 1.45939033225897,*****************,    0.00000000000000,
  421,    4, 1.31406250000000, 0.01093750000000, 1.45061388102953, 0.01551482089078, 1.43509906013875, 0.00515719041398,-0.00000000000000, 0.00740107911606, 1.44387551136819, 0.00000000000000, 1.45939033225897,*****************,    0.00000000000000,
  421,    5, 1.31406250000000, 0.01406250000000, 1.45061388102953, 0.01551482089078, 1.43509906013875, 0.00515719041398,-0.00000000000000, 0.00740107911606, 1.44387551136819, 0.00000000000000, 1.45939033225897,*****************,    0.00000000000000,
  422,    1, 1.31718750000000, 0.00156250000000, 1.44692686566030, 0.01543266035038, 1.43149420530992, 0.00517098300659, 0.00000000000000, 0.00740223220969, 1.44029292773458, 0.00000000000000, 1.45572558808496,*****************,    0.00000000000000,
  422,    2, 1.31718750000000, 0.00468750000000, 1.44692686566030, 0.01543266035038, 1.43149420530992, 0.00517098300659, 0.00000000000000, 0.00740223220969, 1.44029292773458, 0.00000000000000, 1.45572558808496,*****************,    0.00000000000000,
  422,    3, 1.31718750000000, 0.00781250000000, 1.44692686566030, 0.01543266035038, 1.43149420530992, 0.00517098300659, 0.00000000000000, 0.00740223220969, 1.44029292773458, 0.00000000000000, 1.45572558808496,*****************,    0.00000000000000,
  422,    4, 1.31718750000000, 0.01093750000000, 1.44692686566030, 0.01543266035038, 1.43149420530992, 0.00517098300659, 0.00000000000000, 0.00740223220969, 1.44029292773458, 0.00000000000000, 1.45572558808496,*****************,    0.00000000000000,
  422,    5, 1.31718750000000, 0.01406250000000, 1.44692686566030, 0.01543266035038, 1.43149420530992, 0.00517098300659, 0.00000000000000, 0.00740223220969, 1.44029292773458, 0.00000000000000, 1.45572558808496,*****************,    0.00000000000000,
  423,    1, 1.32031250000000, 0.00156250000000, 1.44329348906506, 0.01534997619887, 1.42794351286619, 0.00518465890532, 0.00000000000000, 0.00740340005027, 1.43676428983353, 0.00000000000000, 1.45211426603240,*****************,    0.00000000000000,
  423,    2, 1.32031250000000, 0.00468750000000, 1.44329348906506, 0.01534997619887, 1.42794351286619, 0.00518465890532, 0.00000000000000, 0.00740340005027, 1.43676428983353, 0.00000000000000, 1.45211426603240,*****************,    0.00000000000000,
  423,    3, 1.32031250000000, 0.00781250000000, 1.44329348906506, 0.01534997619887, 1.42794351286619, 0.00518465890532, 0.00000000000000, 0.00740340005027, 1.43676428983353, 0.00000000000000, 1.45211426603240,*****************,    0.00000000000000,
  423,    4, 1.32031250000000, 0.01093750000000, 1.44329348906506, 0.01534997619887, 1.42794351286619, 0.00518465890532, 0.00000000000000, 0.00740340005027, 1.43676428983353, 0.00000000000000, 1.45211426603240,*****************,    0.00000000000000,
  423,    5, 1.32031250000000, 0.01406250000000, 1.44329348906506, 0.01534997619887, 1.42794351286619, 0.00518465890532, 0.00000000000000, 0.00740340005027, 1.43676428983353, 0.00000000000000, 1.45211426603240,*****************,    0.00000000000000,
  424,    1, 1.32343750000000, 0.00156250000000, 1.43971410551063, 0.01526677640552, 1.42444732910511, 0.00519821429749,-0.00000000000000, 0.00740458247217, 1.43328993776251, 0.00000000000000, 1.44855671416803,*****************,    0.00000000000000,
  424,    2, 1.32343750000000, 0.00468750000000, 1.43971410551063, 0.01526677640552, 1.42444732910511, 0.00519821429749,-0.00000000000000, 0.00740458247217, 1.43328993776251, 0.00000000000000, 1.44855671416803,*****************,    0.00000000000000,
  424,    3, 1.32343750000000, 0.00781250000000, 1.43971410551063, 0.01526677640552, 1.42444732910511, 0.00519821429749,-0.00000000000000, 0.00740458247217, 1.43328993776251, 0.00000000000000, 1.44855671416803,*****************,    0.00000000000000,
  424,    4, 1.32343750000000, 0.01093750000000, 1.43971410551063, 0.01526677640552, 1.42444732910511, 0.00519821429749,-0.00000000000000, 0.00740458247217, 1.43328993776251, 0.00000000000000, 1.44855671416803,*****************,    0.00000000000000,
  424,    5, 1.32343750000000, 0.01406250000000, 1.43971410551063, 0.01526677640552, 1.42444732910511, 0.00519821429749,-0.00000000000000, 0.00740458247217, 1.43328993776251, 0.00000000000000, 1.44855671416803,*****************,    0.00000000000000,
  425,    1, 1.32656250000000, 0.00156250000000, 1.43618906408196, 0.01518306898929, 1.42100599509267, 0.00521164536389, 0.00000000000000, 0.00740577930638, 1.42987020638682, 0.00000000000000, 1.44505327537611,*****************,    0.00000000000000,
  425,    2, 1.32656250000000, 0.00468750000000, 1.43618906408196, 0.01518306898929, 1.42100599509267, 0.00521164536389, 0.00000000000000, 0.00740577930638, 1.42987020638682, 0.00000000000000, 1.44505327537611,*****************,    0.00000000000000,
  425,    3, 1.32656250000000, 0.00781250000000, 1.43618906408196, 0.01518306898929, 1.42100599509267, 0.00521164536389, 0.00000000000000, 0.00740577930638, 1.42987020638682, 0.00000000000000, 1.44505327537611,*****************,    0.00000000000000,
  425,    4, 1.32656250000000, 0.01093750000000, 1.43618906408196, 0.01518306898929, 1.42100599509267, 0.00521164536389, 0.00000000000000, 0.00740577930638, 1.42987020638682, 0.00000000000000, 1.44505327537611,*****************,    0.00000000000000,
  425,    5, 1.32656250000000, 0.01406250000000, 1.43618906408196, 0.01518306898929, 1.42100599509267, 0.00521164536389, 0.00000000000000, 0.00740577930638, 1.42987020638682, 0.00000000000000, 1.44505327537611,*****************,    0.00000000000000,
  426,    1, 1.32968750000000, 0.00156250000000, 1.43271870864544, 0.01509886201809, 1.41761984662735, 0.00522494828086, 0.00000000000000, 0.00740699038054, 1.42650542530726, 0.00000000000000, 1.44160428732536,*****************,    0.00000000000000,
  426,    2, 1.32968750000000, 0.00468750000000, 1.43271870864544, 0.01509886201809, 1.41761984662735, 0.00522494828086, 0.00000000000000, 0.00740699038054, 1.42650542530726, 0.00000000000000, 1.44160428732536,*****************,    0.00000000000000,
  426,    3, 1.32968750000000, 0.00781250000000, 1.43271870864544, 0.01509886201809, 1.41761984662735, 0.00522494828086, 0.00000000000000, 0.00740699038054, 1.42650542530726, 0.00000000000000, 1.44160428732536,*****************,    0.00000000000000,
  426,    4, 1.32968750000000, 0.01093750000000, 1.43271870864544, 0.01509886201809, 1.41761984662735, 0.00522494828086, 0.00000000000000, 0.00740699038054, 1.42650542530726, 0.00000000000000, 1.44160428732536,*****************,    0.00000000000000,
  426,    5, 1.32968750000000, 0.01406250000000, 1.43271870864544, 0.01509886201809, 1.41761984662735, 0.00522494828086, 0.00000000000000, 0.00740699038054, 1.42650542530726, 0.00000000000000, 1.44160428732536,*****************,    0.00000000000000,
  427,    1, 1.33281250000000, 0.00156250000000, 1.42930337781280, 0.01501416360796, 1.41428921420484, 0.00523811922242, 0.00000000000000, 0.00740821551898, 1.42319591882846, 0.00000000000000, 1.43821008243642,*****************,    0.00000000000000,
  427,    2, 1.33281250000000, 0.00468750000000, 1.42930337781280, 0.01501416360796, 1.41428921420484, 0.00523811922242, 0.00000000000000, 0.00740821551898, 1.42319591882846, 0.00000000000000, 1.43821008243642,*****************,    0.00000000000000,
  427,    3, 1.33281250000000, 0.00781250000000, 1.42930337781280, 0.01501416360796, 1.41428921420484, 0.00523811922242, 0.00000000000000, 0.00740821551898, 1.42319591882846, 0.00000000000000, 1.43821008243642,*****************,    0.00000000000000,
  427,    4, 1.33281250000000, 0.01093750000000, 1.42930337781280, 0.01501416360796, 1.41428921420484, 0.00523811922242, 0.00000000000000, 0.00740821551898, 1.42319591882846, 0.00000000000000, 1.43821008243642,*****************,    0.00000000000000,
  427,    5, 1.33281250000000, 0.01406250000000, 1.42930337781280, 0.01501416360796, 1.41428921420484, 0.00523811922242, 0.00000000000000, 0.00740821551898, 1.42319591882846, 0.00000000000000, 1.43821008243642,*****************,    0.00000000000000,
  428,    1, 1.33593750000000, 0.00156250000000, 1.42594340490536, 0.01492898192230, 1.41101442298306, 0.00525115436245,-0.00000000000000, 0.00740945454273, 1.41994200592753, 0.00000000000000, 1.43487098784982,*****************,    0.00000000000000,
  428,    2, 1.33593750000000, 0.00468750000000, 1.42594340490536, 0.01492898192230, 1.41101442298306, 0.00525115436245,-0.00000000000000, 0.00740945454273, 1.41994200592753, 0.00000000000000, 1.43487098784982,*****************,    0.00000000000000,
  428,    3, 1.33593750000000, 0.00781250000000, 1.42594340490536, 0.01492898192230, 1.41101442298306, 0.00525115436245,-0.00000000000000, 0.00740945454273, 1.41994200592753, 0.00000000000000, 1.43487098784982,*****************,    0.00000000000000,
  428,    4, 1.33593750000000, 0.01093750000000, 1.42594340490536, 0.01492898192230, 1.41101442298306, 0.00525115436245,-0.00000000000000, 0.00740945454273, 1.41994200592753, 0.00000000000000, 1.43487098784982,*****************,    0.00000000000000,
  428,    5, 1.33593750000000, 0.01406250000000, 1.42594340490536, 0.01492898192230, 1.41101442298306, 0.00525115436245,-0.00000000000000, 0.00740945454273, 1.41994200592753, 0.00000000000000, 1.43487098784982,*****************,    0.00000000000000,
  429,    1, 1.33906250000000, 0.00156250000000, 1.42263911791878, 0.01484332517110, 1.40779579274768, 0.00526404987695, 0.00000000000000, 0.00741070726959, 1.41674400022336, 0.00000000000000, 1.43158732539446,*****************,    0.00000000000000,
  429,    2, 1.33906250000000, 0.00468750000000, 1.42263911791878, 0.01484332517110, 1.40779579274768, 0.00526404987695, 0.00000000000000, 0.00741070726959, 1.41674400022336, 0.00000000000000, 1.43158732539446,*****************,    0.00000000000000,
  429,    3, 1.33906250000000, 0.00781250000000, 1.42263911791878, 0.01484332517110, 1.40779579274768, 0.00526404987695, 0.00000000000000, 0.00741070726959, 1.41674400022336, 0.00000000000000, 1.43158732539446,*****************,    0.00000000000000,
  429,    4, 1.33906250000000, 0.01093750000000, 1.42263911791878, 0.01484332517110, 1.40779579274768, 0.00526404987695, 0.00000000000000, 0.00741070726959, 1.41674400022336, 0.00000000000000, 1.43158732539446,*****************,    0.00000000000000,
  429,    5, 1.33906250000000, 0.01406250000000, 1.42263911791878, 0.01484332517110, 1.40779579274768, 0.00526404987695, 0.00000000000000, 0.00741070726959, 1.41674400022336, 0.00000000000000, 1.43158732539446,*****************,    0.00000000000000,
  430,    1, 1.34218750000000, 0.00156250000000, 1.41939083948818, 0.01475720161014, 1.40463363787804, 0.00527680194625, 0.00000000000000, 0.00741197351412, 1.41360220994641, 0.00000000000000, 1.42835941155656,*****************,    0.00000000000000,
  430,    2, 1.34218750000000, 0.00468750000000, 1.41939083948818, 0.01475720161014, 1.40463363787804, 0.00527680194625, 0.00000000000000, 0.00741197351412, 1.41360220994641, 0.00000000000000, 1.42835941155656,*****************,    0.00000000000000,
  430,    3, 1.34218750000000, 0.00781250000000, 1.41939083948818, 0.01475720161014, 1.40463363787804, 0.00527680194625, 0.00000000000000, 0.00741197351412, 1.41360220994641, 0.00000000000000, 1.42835941155656,*****************,    0.00000000000000,
  430,    4, 1.34218750000000, 0.01093750000000, 1.41939083948818, 0.01475720161014, 1.40463363787804, 0.00527680194625, 0.00000000000000, 0.00741197351412, 1.41360220994641, 0.00000000000000, 1.42835941155656,*****************,    0.00000000000000,
  430,    5, 1.34218750000000, 0.01406250000000, 1.41939083948818, 0.01475720161014, 1.40463363787804, 0.00527680194625, 0.00000000000000, 0.00741197351412, 1.41360220994641, 0.00000000000000, 1.42835941155656,*****************,    0.00000000000000,
  431,    1, 1.34531250000000, 0.00156250000000, 1.41619888685390, 0.01467061954019, 1.40152826731371, 0.00528940675731, 0.00000000000000, 0.00741325308769, 1.41051693790896, 0.00000000000000, 1.42518755744916,*****************,    0.00000000000000,
  431,    2, 1.34531250000000, 0.00468750000000, 1.41619888685390, 0.01467061954019, 1.40152826731371, 0.00528940675731, 0.00000000000000, 0.00741325308769, 1.41051693790896, 0.00000000000000, 1.42518755744916,*****************,    0.00000000000000,
  431,    3, 1.34531250000000, 0.00781250000000, 1.41619888685390, 0.01467061954019, 1.40152826731371, 0.00528940675731, 0.00000000000000, 0.00741325308769, 1.41051693790896, 0.00000000000000, 1.42518755744916,*****************,    0.00000000000000,
  431,    4, 1.34531250000000, 0.01093750000000, 1.41619888685390, 0.01467061954019, 1.40152826731371, 0.00528940675731, 0.00000000000000, 0.00741325308769, 1.41051693790896, 0.00000000000000, 1.42518755744916,*****************,    0.00000000000000,
  431,    5, 1.34531250000000, 0.01406250000000, 1.41619888685390, 0.01467061954019, 1.40152826731371, 0.00528940675731, 0.00000000000000, 0.00741325308769, 1.41051693790896, 0.00000000000000, 1.42518755744916,*****************,    0.00000000000000,
  432,    1, 1.34843750000000, 0.00156250000000, 1.41306357182753, 0.01458358730621, 1.39847998452132, 0.00530186050612, 0.00000000000000, 0.00741454579853, 1.40748848147595, 0.00000000000000, 1.42207206878217,*****************,    0.00000000000000,
  432,    2, 1.34843750000000, 0.00468750000000, 1.41306357182753, 0.01458358730621, 1.39847998452132, 0.00530186050612, 0.00000000000000, 0.00741454579853, 1.40748848147595, 0.00000000000000, 1.42207206878217,*****************,    0.00000000000000,
  432,    3, 1.34843750000000, 0.00781250000000, 1.41306357182753, 0.01458358730621, 1.39847998452132, 0.00530186050612, 0.00000000000000, 0.00741454579853, 1.40748848147595, 0.00000000000000, 1.42207206878217,*****************,    0.00000000000000,
  432,    4, 1.34843750000000, 0.01093750000000, 1.41306357182753, 0.01458358730621, 1.39847998452132, 0.00530186050612, 0.00000000000000, 0.00741454579853, 1.40748848147595, 0.00000000000000, 1.42207206878217,*****************,    0.00000000000000,
  432,    5, 1.34843750000000, 0.01406250000000, 1.41306357182753, 0.01458358730621, 1.39847998452132, 0.00530186050612, 0.00000000000000, 0.00741454579853, 1.40748848147595, 0.00000000000000, 1.42207206878217,*****************,    0.00000000000000,
  433,    1, 1.35156250000000, 0.00156250000000, 1.40998520075847, 0.01449611329655, 1.39548908746192, 0.00531415939999,-0.00000000000000, 0.00741585145171, 1.40451713253632, 0.00000000000000, 1.41901324583287,*****************,    0.00000000000000,
  433,    2, 1.35156250000000, 0.00468750000000, 1.40998520075847, 0.01449611329655, 1.39548908746192, 0.00531415939999,-0.00000000000000, 0.00741585145171, 1.40451713253632, 0.00000000000000, 1.41901324583287,*****************,    0.00000000000000,
  433,    3, 1.35156250000000, 0.00781250000000, 1.40998520075847, 0.01449611329655, 1.39548908746192, 0.00531415939999,-0.00000000000000, 0.00741585145171, 1.40451713253632, 0.00000000000000, 1.41901324583287,*****************,    0.00000000000000,
  433,    4, 1.35156250000000, 0.01093750000000, 1.40998520075847, 0.01449611329655, 1.39548908746192, 0.00531415939999,-0.00000000000000, 0.00741585145171, 1.40451713253632, 0.00000000000000, 1.41901324583287,*****************,    0.00000000000000,
  433,    5, 1.35156250000000, 0.01406250000000, 1.40998520075847, 0.01449611329655, 1.39548908746192, 0.00531415939999,-0.00000000000000, 0.00741585145171, 1.40451713253632, 0.00000000000000, 1.41901324583287,*****************,    0.00000000000000,
  434,    1, 1.35468750000000, 0.00156250000000, 1.40696407450111, 0.01440820594212, 1.39255586855899, 0.00532629965999,-0.00000000000000, 0.00741716984922, 1.40160317747486, 0.00000000000000, 1.41601138341698,*****************,    0.00000000000000,
  434,    2, 1.35468750000000, 0.00468750000000, 1.40696407450111, 0.01440820594212, 1.39255586855899, 0.00532629965999,-0.00000000000000, 0.00741716984922, 1.40160317747486, 0.00000000000000, 1.41601138341698,*****************,    0.00000000000000,
  434,    3, 1.35468750000000, 0.00781250000000, 1.40696407450111, 0.01440820594212, 1.39255586855899, 0.00532629965999,-0.00000000000000, 0.00741716984922, 1.40160317747486, 0.00000000000000, 1.41601138341698,*****************,    0.00000000000000,
  434,    4, 1.35468750000000, 0.01093750000000, 1.40696407450111, 0.01440820594212, 1.39255586855899, 0.00532629965999,-0.00000000000000, 0.00741716984922, 1.40160317747486, 0.00000000000000, 1.41601138341698,*****************,    0.00000000000000,
  434,    5, 1.35468750000000, 0.01406250000000, 1.40696407450111, 0.01440820594212, 1.39255586855899, 0.00532629965999,-0.00000000000000, 0.00741716984922, 1.40160317747486, 0.00000000000000, 1.41601138341698,*****************,    0.00000000000000,
  435,    1, 1.35781250000000, 0.00156250000000, 1.40400048838231, 0.01431987371563, 1.38968061466667, 0.00533827752338, 0.00000000000000, 0.00741850078995, 1.39874689714463, 0.00000000000000, 1.41306677086026,*****************,    0.00000000000000,
  435,    2, 1.35781250000000, 0.00468750000000, 1.40400048838231, 0.01431987371563, 1.38968061466667, 0.00533827752338, 0.00000000000000, 0.00741850078995, 1.39874689714463, 0.00000000000000, 1.41306677086026,*****************,    0.00000000000000,
  435,    3, 1.35781250000000, 0.00781250000000, 1.40400048838231, 0.01431987371563, 1.38968061466667, 0.00533827752338, 0.00000000000000, 0.00741850078995, 1.39874689714463, 0.00000000000000, 1.41306677086026,*****************,    0.00000000000000,
  435,    4, 1.35781250000000, 0.01093750000000, 1.40400048838231, 0.01431987371563, 1.38968061466667, 0.00533827752338, 0.00000000000000, 0.00741850078995, 1.39874689714463, 0.00000000000000, 1.41306677086026,*****************,    0.00000000000000,
  435,    5, 1.35781250000000, 0.01406250000000, 1.40400048838231, 0.01431987371563, 1.38968061466667, 0.00533827752338, 0.00000000000000, 0.00741850078995, 1.39874689714463, 0.00000000000000, 1.41306677086026,*****************,    0.00000000000000,
  436,    1, 1.36093750000000, 0.00156250000000, 1.40109473216946, 0.01423112513073, 1.38686360703873, 0.00535008924606,-0.00000000000000, 0.00741984406977, 1.39594856683986, 0.00000000000000, 1.41017969197058,*****************,    0.00000000000000,
  436,    2, 1.36093750000000, 0.00468750000000, 1.40109473216946, 0.01423112513073, 1.38686360703873, 0.00535008924606,-0.00000000000000, 0.00741984406977, 1.39594856683986, 0.00000000000000, 1.41017969197058,*****************,    0.00000000000000,
  436,    3, 1.36093750000000, 0.00781250000000, 1.40109473216946, 0.01423112513073, 1.38686360703873, 0.00535008924606,-0.00000000000000, 0.00741984406977, 1.39594856683986, 0.00000000000000, 1.41017969197058,*****************,    0.00000000000000,
  436,    4, 1.36093750000000, 0.01093750000000, 1.40109473216946, 0.01423112513073, 1.38686360703873, 0.00535008924606,-0.00000000000000, 0.00741984406977, 1.39594856683986, 0.00000000000000, 1.41017969197058,*****************,    0.00000000000000,
  436,    5, 1.36093750000000, 0.01406250000000, 1.40109473216946, 0.01423112513073, 1.38686360703873, 0.00535008924606,-0.00000000000000, 0.00741984406977, 1.39594856683986, 0.00000000000000, 1.41017969197058,*****************,    0.00000000000000,
  437,    1, 1.36406250000000, 0.00156250000000, 1.39824709003911, 0.01414196874117, 1.38410512129793, 0.00536173110503, 0.00000000000000, 0.00742119948150, 1.39320845626945, 0.00000000000000, 1.40735042501063,*****************,    0.00000000000000,
  437,    2, 1.36406250000000, 0.00468750000000, 1.39824709003911, 0.01414196874117, 1.38410512129793, 0.00536173110503, 0.00000000000000, 0.00742119948150, 1.39320845626945, 0.00000000000000, 1.40735042501063,*****************,    0.00000000000000,
  437,    3, 1.36406250000000, 0.00781250000000, 1.39824709003911, 0.01414196874117, 1.38410512129793, 0.00536173110503, 0.00000000000000, 0.00742119948150, 1.39320845626945, 0.00000000000000, 1.40735042501063,*****************,    0.00000000000000,
  437,    4, 1.36406250000000, 0.01093750000000, 1.39824709003911, 0.01414196874117, 1.38410512129793, 0.00536173110503, 0.00000000000000, 0.00742119948150, 1.39320845626945, 0.00000000000000, 1.40735042501063,*****************,    0.00000000000000,
  437,    5, 1.36406250000000, 0.01406250000000, 1.39824709003911, 0.01414196874117, 1.38410512129793, 0.00536173110503, 0.00000000000000, 0.00742119948150, 1.39320845626945, 0.00000000000000, 1.40735042501063,*****************,    0.00000000000000,
  438,    1, 1.36718750000000, 0.00156250000000, 1.39545784054595, 0.01405241314005, 1.38140542740590, 0.00537319940094, 0.00000000000000, 0.00742256681500, 1.39052682953098, 0.00000000000000, 1.40457924267103,*****************,    0.00000000000000,
  438,    2, 1.36718750000000, 0.00468750000000, 1.39545784054595, 0.01405241314005, 1.38140542740590, 0.00537319940094, 0.00000000000000, 0.00742256681500, 1.39052682953098, 0.00000000000000, 1.40457924267103,*****************,    0.00000000000000,
  438,    3, 1.36718750000000, 0.00781250000000, 1.39545784054595, 0.01405241314005, 1.38140542740590, 0.00537319940094, 0.00000000000000, 0.00742256681500, 1.39052682953098, 0.00000000000000, 1.40457924267103,*****************,    0.00000000000000,
  438,    4, 1.36718750000000, 0.01093750000000, 1.39545784054595, 0.01405241314005, 1.38140542740590, 0.00537319940094, 0.00000000000000, 0.00742256681500, 1.39052682953098, 0.00000000000000, 1.40457924267103,*****************,    0.00000000000000,
  438,    5, 1.36718750000000, 0.01406250000000, 1.39545784054595, 0.01405241314005, 1.38140542740590, 0.00537319940094, 0.00000000000000, 0.00742256681500, 1.39052682953098, 0.00000000000000, 1.40457924267103,*****************,    0.00000000000000,
  439,    1, 1.37031250000000, 0.00156250000000, 1.39272725659252, 0.01396246695891, 1.37876478963361, 0.00538449046056, 0.00000000000000, 0.00742394585714, 1.38790394508520, 0.00000000000000, 1.40186641204411,*****************,    0.00000000000000,
  439,    2, 1.37031250000000, 0.00468750000000, 1.39272725659252, 0.01396246695891, 1.37876478963361, 0.00538449046056, 0.00000000000000, 0.00742394585714, 1.38790394508520, 0.00000000000000, 1.40186641204411,*****************,    0.00000000000000,
  439,    3, 1.37031250000000, 0.00781250000000, 1.39272725659252, 0.01396246695891, 1.37876478963361, 0.00538449046056, 0.00000000000000, 0.00742394585714, 1.38790394508520, 0.00000000000000, 1.40186641204411,*****************,    0.00000000000000,
  439,    4, 1.37031250000000, 0.01093750000000, 1.39272725659252, 0.01396246695891, 1.37876478963361, 0.00538449046056, 0.00000000000000, 0.00742394585714, 1.38790394508520, 0.00000000000000, 1.40186641204411,*****************,    0.00000000000000,
  439,    5, 1.37031250000000, 0.01406250000000, 1.39272725659252, 0.01396246695891, 1.37876478963361, 0.00538449046056, 0.00000000000000, 0.00742394585714, 1.38790394508520, 0.00000000000000, 1.40186641204411,*****************,    0.00000000000000,
  440,    1, 1.37343750000000, 0.00156250000000, 1.39005560539918, 0.01387213886697, 1.37618346653222, 0.00539560063934, 0.00000000000000, 0.00742533639186, 1.38534005573117, 0.00000000000000, 1.39921219459814,*****************,    0.00000000000000,
  440,    2, 1.37343750000000, 0.00468750000000, 1.39005560539918, 0.01387213886697, 1.37618346653222, 0.00539560063934, 0.00000000000000, 0.00742533639186, 1.38534005573117, 0.00000000000000, 1.39921219459814,*****************,    0.00000000000000,
  440,    3, 1.37343750000000, 0.00781250000000, 1.39005560539918, 0.01387213886697, 1.37618346653222, 0.00539560063934, 0.00000000000000, 0.00742533639186, 1.38534005573117, 0.00000000000000, 1.39921219459814,*****************,    0.00000000000000,
  440,    4, 1.37343750000000, 0.01093750000000, 1.39005560539918, 0.01387213886697, 1.37618346653222, 0.00539560063934, 0.00000000000000, 0.00742533639186, 1.38534005573117, 0.00000000000000, 1.39921219459814,*****************,    0.00000000000000,
  440,    5, 1.37343750000000, 0.01406250000000, 1.39005560539918, 0.01387213886697, 1.37618346653222, 0.00539560063934, 0.00000000000000, 0.00742533639186, 1.38534005573117, 0.00000000000000, 1.39921219459814,*****************,    0.00000000000000,
  441,    1, 1.37656250000000, 0.00156250000000, 1.38744314847494, 0.01378143757022, 1.37366171090472, 0.00540652632396, 0.00000000000000, 0.00742673820022, 1.38283540858189, 0.00000000000000, 1.39661684615211,*****************,    0.00000000000000,
  441,    2, 1.37656250000000, 0.00468750000000, 1.38744314847494, 0.01378143757022, 1.37366171090472, 0.00540652632396, 0.00000000000000, 0.00742673820022, 1.38283540858189, 0.00000000000000, 1.39661684615211,*****************,    0.00000000000000,
  441,    3, 1.37656250000000, 0.00781250000000, 1.38744314847494, 0.01378143757022, 1.37366171090472, 0.00540652632396, 0.00000000000000, 0.00742673820022, 1.38283540858189, 0.00000000000000, 1.39661684615211,*****************,    0.00000000000000,
  441,    4, 1.37656250000000, 0.01093750000000, 1.38744314847494, 0.01378143757022, 1.37366171090472, 0.00540652632396, 0.00000000000000, 0.00742673820022, 1.38283540858189, 0.00000000000000, 1.39661684615211,*****************,    0.00000000000000,
  441,    5, 1.37656250000000, 0.01406250000000, 1.38744314847494, 0.01378143757022, 1.37366171090472, 0.00540652632396, 0.00000000000000, 0.00742673820022, 1.38283540858189, 0.00000000000000, 1.39661684615211,*****************,    0.00000000000000,
  442,    1, 1.37968750000000, 0.00156250000000, 1.38489014158853, 0.01369037181064, 1.37119976977789, 0.00541726393491,-0.00000000000000, 0.00742815106038, 1.38039024504046, 0.00000000000000, 1.39408061685110,*****************,    0.00000000000000,
  442,    2, 1.37968750000000, 0.00468750000000, 1.38489014158853, 0.01369037181064, 1.37119976977789, 0.00541726393491,-0.00000000000000, 0.00742815106038, 1.38039024504046, 0.00000000000000, 1.39408061685110,*****************,    0.00000000000000,
  442,    3, 1.37968750000000, 0.00781250000000, 1.38489014158853, 0.01369037181064, 1.37119976977789, 0.00541726393491,-0.00000000000000, 0.00742815106038, 1.38039024504046, 0.00000000000000, 1.39408061685110,*****************,    0.00000000000000,
  442,    4, 1.37968750000000, 0.01093750000000, 1.38489014158853, 0.01369037181064, 1.37119976977789, 0.00541726393491,-0.00000000000000, 0.00742815106038, 1.38039024504046, 0.00000000000000, 1.39408061685110,*****************,    0.00000000000000,
  442,    5, 1.37968750000000, 0.01406250000000, 1.38489014158853, 0.01369037181064, 1.37119976977789, 0.00541726393491,-0.00000000000000, 0.00742815106038, 1.38039024504046, 0.00000000000000, 1.39408061685110,*****************,    0.00000000000000,
  443,    1, 1.38281250000000, 0.00156250000000, 1.38239683474020, 0.01359895036535, 1.36879788437485, 0.00542780992902,-0.00000000000000, 0.00742957474764, 1.37800480077684, 0.00000000000000, 1.39160375114219,*****************,    0.00000000000000,
  443,    2, 1.38281250000000, 0.00468750000000, 1.38239683474020, 0.01359895036535, 1.36879788437485, 0.00542780992902,-0.00000000000000, 0.00742957474764, 1.37800480077684, 0.00000000000000, 1.39160375114219,*****************,    0.00000000000000,
  443,    3, 1.38281250000000, 0.00781250000000, 1.38239683474020, 0.01359895036535, 1.36879788437485, 0.00542780992902,-0.00000000000000, 0.00742957474764, 1.37800480077684, 0.00000000000000, 1.39160375114219,*****************,    0.00000000000000,
  443,    4, 1.38281250000000, 0.01093750000000, 1.38239683474020, 0.01359895036535, 1.36879788437485, 0.00542780992902,-0.00000000000000, 0.00742957474764, 1.37800480077684, 0.00000000000000, 1.39160375114219,*****************,    0.00000000000000,
  443,    5, 1.38281250000000, 0.01406250000000, 1.38239683474020, 0.01359895036535, 1.36879788437485, 0.00542780992902,-0.00000000000000, 0.00742957474764, 1.37800480077684, 0.00000000000000, 1.39160375114219,*****************,    0.00000000000000,
  444,    1, 1.38593750000000, 0.00156250000000, 1.37996347213401, 0.01350718204573, 1.36645629008828, 0.00543816080207,-0.00000000000000, 0.00743100903450, 1.37567930570510, 0.00000000000000, 1.38918648775084,*****************,    0.00000000000000,
  444,    2, 1.38593750000000, 0.00468750000000, 1.37996347213401, 0.01350718204573, 1.36645629008828, 0.00543816080207,-0.00000000000000, 0.00743100903450, 1.37567930570510, 0.00000000000000, 1.38918648775084,*****************,    0.00000000000000,
  444,    3, 1.38593750000000, 0.00781250000000, 1.37996347213401, 0.01350718204573, 1.36645629008828, 0.00543816080207,-0.00000000000000, 0.00743100903450, 1.37567930570510, 0.00000000000000, 1.38918648775084,*****************,    0.00000000000000,
  444,    4, 1.38593750000000, 0.01093750000000, 1.37996347213401, 0.01350718204573, 1.36645629008828, 0.00543816080207,-0.00000000000000, 0.00743100903450, 1.37567930570510, 0.00000000000000, 1.38918648775084,*****************,    0.00000000000000,
  444,    5, 1.38593750000000, 0.01406250000000, 1.37996347213401, 0.01350718204573, 1.36645629008828, 0.00543816080207,-0.00000000000000, 0.00743100903450, 1.37567930570510, 0.00000000000000, 1.38918648775084,*****************,    0.00000000000000,
  445,    1, 1.38906250000000, 0.00156250000000, 1.37759029215070, 0.01341507569661, 1.36417521645410, 0.00544831309134,-0.00000000000000, 0.00743245369069, 1.37341398396131, 0.00000000000000, 1.38682905965792,*****************,    0.00000000000000,
  445,    2, 1.38906250000000, 0.00468750000000, 1.37759029215070, 0.01341507569661, 1.36417521645410, 0.00544831309134,-0.00000000000000, 0.00743245369069, 1.37341398396131, 0.00000000000000, 1.38682905965792,*****************,    0.00000000000000,
  445,    3, 1.38906250000000, 0.00781250000000, 1.37759029215070, 0.01341507569661, 1.36417521645410, 0.00544831309134,-0.00000000000000, 0.00743245369069, 1.37341398396131, 0.00000000000000, 1.38682905965792,*****************,    0.00000000000000,
  445,    4, 1.38906250000000, 0.01093750000000, 1.37759029215070, 0.01341507569661, 1.36417521645410, 0.00544831309134,-0.00000000000000, 0.00743245369069, 1.37341398396131, 0.00000000000000, 1.38682905965792,*****************,    0.00000000000000,
  445,    5, 1.38906250000000, 0.01406250000000, 1.37759029215070, 0.01341507569661, 1.36417521645410, 0.00544831309134,-0.00000000000000, 0.00743245369069, 1.37341398396131, 0.00000000000000, 1.38682905965792,*****************,    0.00000000000000,
  446,    1, 1.39218750000000, 0.00156250000000, 1.37527752732116, 0.01332264019538, 1.36195488712578, 0.00545826337820, 0.00000000000000, 0.00743390848316, 1.37120905388188, 0.00000000000000, 1.38453169407727,-9.75942000847687,    0.00000000000000,
  446,    2, 1.39218750000000, 0.00468750000000, 1.37527752732116, 0.01332264019538, 1.36195488712578, 0.00545826337820, 0.00000000000000, 0.00743390848316, 1.37120905388188, 0.00000000000000, 1.38453169407727,-9.75942000847687,    0.00000000000000,
  446,    3, 1.39218750000000, 0.00781250000000, 1.37527752732116, 0.01332264019538, 1.36195488712578, 0.00545826337820, 0.00000000000000, 0.00743390848316, 1.37120905388188, 0.00000000000000, 1.38453169407727,-9.75942000847687,    0.00000000000000,
  446,    4, 1.39218750000000, 0.01093750000000, 1.37527752732116, 0.01332264019538, 1.36195488712578, 0.00545826337820, 0.00000000000000, 0.00743390848316, 1.37120905388188, 0.00000000000000, 1.38453169407727,-9.75942000847687,    0.00000000000000,
  446,    5, 1.39218750000000, 0.01406250000000, 1.37527752732116, 0.01332264019538, 1.36195488712578, 0.00545826337820, 0.00000000000000, 0.00743390848316, 1.37120905388188, 0.00000000000000, 1.38453169407727,-9.75942000847687,    0.00000000000000,
  447,    1, 1.39531250000000, 0.00156250000000, 1.37302540430043, 0.01322988445118, 1.35979551984925, 0.00546800829067,-0.00000000000000, 0.00743537317616, 1.36906472798257, 0.00000000000000, 1.38229461243375,-9.48460413294356,    0.00000000000000,
  447,    2, 1.39531250000000, 0.00468750000000, 1.37302540430043, 0.01322988445118, 1.35979551984925, 0.00546800829067,-0.00000000000000, 0.00743537317616, 1.36906472798257, 0.00000000000000, 1.38229461243375,-9.48460413294356,    0.00000000000000,
  447,    3, 1.39531250000000, 0.00781250000000, 1.37302540430043, 0.01322988445118, 1.35979551984925, 0.00546800829067,-0.00000000000000, 0.00743537317616, 1.36906472798257, 0.00000000000000, 1.38229461243375,-9.48460413294356,    0.00000000000000,
  447,    4, 1.39531250000000, 0.01093750000000, 1.37302540430043, 0.01322988445118, 1.35979551984925, 0.00546800829067,-0.00000000000000, 0.00743537317616, 1.36906472798257, 0.00000000000000, 1.38229461243375,-9.48460413294356,    0.00000000000000,
  447,    5, 1.39531250000000, 0.01406250000000, 1.37302540430043, 0.01322988445118, 1.35979551984925, 0.00546800829067,-0.00000000000000, 0.00743537317616, 1.36906472798257, 0.00000000000000, 1.38229461243375,-9.48460413294356,    0.00000000000000,
  448,    1, 1.39843750000000, 0.00156250000000, 1.37083414384227, 0.01313681740399, 1.35769732643828, 0.00547754450599,-0.00000000000000, 0.00743684753124, 1.36698121293798, 0.00000000000000, 1.38011803034196,-9.21009832250191,    0.00000000000000,
  448,    2, 1.39843750000000, 0.00468750000000, 1.37083414384227, 0.01313681740399, 1.35769732643828, 0.00547754450599,-0.00000000000000, 0.00743684753124, 1.36698121293798, 0.00000000000000, 1.38011803034196,-9.21009832250191,    0.00000000000000,
  448,    3, 1.39843750000000, 0.00781250000000, 1.37083414384227, 0.01313681740399, 1.35769732643828, 0.00547754450599,-0.00000000000000, 0.00743684753124, 1.36698121293798, 0.00000000000000, 1.38011803034196,-9.21009832250191,    0.00000000000000,
  448,    4, 1.39843750000000, 0.01093750000000, 1.37083414384227, 0.01313681740399, 1.35769732643828, 0.00547754450599,-0.00000000000000, 0.00743684753124, 1.36698121293798, 0.00000000000000, 1.38011803034196,-9.21009832250191,    0.00000000000000,
  448,    5, 1.39843750000000, 0.01406250000000, 1.37083414384227, 0.01313681740399, 1.35769732643828, 0.00547754450599,-0.00000000000000, 0.00743684753124, 1.36698121293798, 0.00000000000000, 1.38011803034196,-9.21009832250191,    0.00000000000000,
  449,    1, 1.40156250000000, 0.00156250000000, 1.36870396077448, 0.01304344802381, 1.35566051275067, 0.00548686875317,-0.00000000000000, 0.00743833130731, 1.36495870956160, 0.00000000000000, 1.37800215758541,-8.93589838629114,    0.00000000000000,
  449,    2, 1.40156250000000, 0.00468750000000, 1.36870396077448, 0.01304344802381, 1.35566051275067, 0.00548686875317,-0.00000000000000, 0.00743833130731, 1.36495870956160, 0.00000000000000, 1.37800215758541,-8.93589838629114,    0.00000000000000,
  449,    3, 1.40156250000000, 0.00781250000000, 1.36870396077448, 0.01304344802381, 1.35566051275067, 0.00548686875317,-0.00000000000000, 0.00743833130731, 1.36495870956160, 0.00000000000000, 1.37800215758541,-8.93589838629114,    0.00000000000000,
  449,    4, 1.40156250000000, 0.01093750000000, 1.36870396077448, 0.01304344802381, 1.35566051275067, 0.00548686875317,-0.00000000000000, 0.00743833130731, 1.36495870956160, 0.00000000000000, 1.37800215758541,-8.93589838629114,    0.00000000000000,
  449,    5, 1.40156250000000, 0.01406250000000, 1.36870396077448, 0.01304344802381, 1.35566051275067, 0.00548686875317,-0.00000000000000, 0.00743833130731, 1.36495870956160, 0.00000000000000, 1.37800215758541,-8.93589838629114,    0.00000000000000,
  450,    1, 1.40468750000000, 0.00156250000000, 1.36663506397457, 0.01294978530977, 1.35368527866479, 0.00549597781548,-0.00000000000000, 0.00743982426069, 1.36299741278654, 0.00000000000000, 1.37594719809632,-8.66199964001140,    0.00000000000000,
  450,    2, 1.40468750000000, 0.00468750000000, 1.36663506397457, 0.01294978530977, 1.35368527866479, 0.00549597781548,-0.00000000000000, 0.00743982426069, 1.36299741278654, 0.00000000000000, 1.37594719809632,-8.66199964001140,    0.00000000000000,
  450,    3, 1.40468750000000, 0.00781250000000, 1.36663506397457, 0.01294978530977, 1.35368527866479, 0.00549597781548,-0.00000000000000, 0.00743982426069, 1.36299741278654, 0.00000000000000, 1.37594719809632,-8.66199964001140,    0.00000000000000,
  450,    4, 1.40468750000000, 0.01093750000000, 1.36663506397457, 0.01294978530977, 1.35368527866479, 0.00549597781548,-0.00000000000000, 0.00743982426069, 1.36299741278654, 0.00000000000000, 1.37594719809632,-8.66199964001140,    0.00000000000000,
  450,    5, 1.40468750000000, 0.01406250000000, 1.36663506397457, 0.01294978530977, 1.35368527866479, 0.00549597781548,-0.00000000000000, 0.00743982426069, 1.36299741278654, 0.00000000000000, 1.37594719809632,-8.66199964001140,    0.00000000000000,
  451,    1, 1.40781250000000, 0.00156250000000, 1.36462765634628, 0.01285583828929, 1.35177181805699, 0.00550486853307,-0.00000000000000, 0.00744132614511, 1.36109751164666, 0.00000000000000, 1.37395334993595,-8.38839691836966,    0.00000000000000,
  451,    2, 1.40781250000000, 0.00468750000000, 1.36462765634628, 0.01285583828929, 1.35177181805699, 0.00550486853307,-0.00000000000000, 0.00744132614511, 1.36109751164666, 0.00000000000000, 1.37395334993595,-8.38839691836966,    0.00000000000000,
  451,    3, 1.40781250000000, 0.00781250000000, 1.36462765634628, 0.01285583828929, 1.35177181805699, 0.00550486853307,-0.00000000000000, 0.00744132614511, 1.36109751164666, 0.00000000000000, 1.37395334993595,-8.38839691836966,    0.00000000000000,
  451,    4, 1.40781250000000, 0.01093750000000, 1.36462765634628, 0.01285583828929, 1.35177181805699, 0.00550486853307,-0.00000000000000, 0.00744132614511, 1.36109751164666, 0.00000000000000, 1.37395334993595,-8.38839691836966,    0.00000000000000,
  451,    5, 1.40781250000000, 0.01406250000000, 1.36462765634628, 0.01285583828929, 1.35177181805699, 0.00550486853307,-0.00000000000000, 0.00744132614511, 1.36109751164666, 0.00000000000000, 1.37395334993595,-8.38839691836966,    0.00000000000000,
  452,    1, 1.41093750000000, 0.00156250000000, 1.36268193479659, 0.01276161601717, 1.34992031877942, 0.00551353780533,-0.00000000000000, 0.00744283671177, 1.35925918925838, 0.00000000000000, 1.37202080527555,-8.11508458774611,    0.00000000000000,
  452,    2, 1.41093750000000, 0.00468750000000, 1.36268193479659, 0.01276161601717, 1.34992031877942, 0.00551353780533,-0.00000000000000, 0.00744283671177, 1.35925918925838, 0.00000000000000, 1.37202080527555,-8.11508458774611,    0.00000000000000,
  452,    3, 1.41093750000000, 0.00781250000000, 1.36268193479659, 0.01276161601717, 1.34992031877942, 0.00551353780533,-0.00000000000000, 0.00744283671177, 1.35925918925838, 0.00000000000000, 1.37202080527555,-8.11508458774611,    0.00000000000000,
  452,    4, 1.41093750000000, 0.01093750000000, 1.36268193479659, 0.01276161601717, 1.34992031877942, 0.00551353780533,-0.00000000000000, 0.00744283671177, 1.35925918925838, 0.00000000000000, 1.37202080527555,-8.11508458774611,    0.00000000000000,
  452,    5, 1.41093750000000, 0.01406250000000, 1.36268193479659, 0.01276161601717, 1.34992031877942, 0.00551353780533,-0.00000000000000, 0.00744283671177, 1.35925918925838, 0.00000000000000, 1.37202080527555,-8.11508458774611,    0.00000000000000,
  453,    1, 1.41406250000000, 0.00156250000000, 1.36079809021337, 0.01266712757475, 1.34813096263862, 0.00552198259348,-0.00000000000000, 0.00744435570942, 1.35748262280304, 0.00000000000000, 1.37014975037779,-7.84205655907525,    0.00000000000000,
  453,    2, 1.41406250000000, 0.00468750000000, 1.36079809021337, 0.01266712757475, 1.34813096263862, 0.00552198259348,-0.00000000000000, 0.00744435570942, 1.35748262280304, 0.00000000000000, 1.37014975037779,-7.84205655907525,    0.00000000000000,
  453,    3, 1.41406250000000, 0.00781250000000, 1.36079809021337, 0.01266712757475, 1.34813096263862, 0.00552198259348,-0.00000000000000, 0.00744435570942, 1.35748262280304, 0.00000000000000, 1.37014975037779,-7.84205655907525,    0.00000000000000,
  453,    4, 1.41406250000000, 0.01093750000000, 1.36079809021337, 0.01266712757475, 1.34813096263862, 0.00552198259348,-0.00000000000000, 0.00744435570942, 1.35748262280304, 0.00000000000000, 1.37014975037779,-7.84205655907525,    0.00000000000000,
  453,    5, 1.41406250000000, 0.01406250000000, 1.36079809021337, 0.01266712757475, 1.34813096263862, 0.00552198259348,-0.00000000000000, 0.00744435570942, 1.35748262280304, 0.00000000000000, 1.37014975037779,-7.84205655907525,    0.00000000000000,
  454,    1, 1.41718750000000, 0.00156250000000, 1.35897630744367, 0.01257238206902, 1.34640392537464, 0.00553019992293,-0.00000000000000, 0.00744588288434, 1.35576798350982, 0.00000000000000, 1.36834036557884,-7.56930630093577,    0.00000000000000,
  454,    2, 1.41718750000000, 0.00468750000000, 1.35897630744367, 0.01257238206902, 1.34640392537464, 0.00553019992293,-0.00000000000000, 0.00744588288434, 1.35576798350982, 0.00000000000000, 1.36834036557884,-7.56930630093577,    0.00000000000000,
  454,    3, 1.41718750000000, 0.00781250000000, 1.35897630744367, 0.01257238206902, 1.34640392537464, 0.00553019992293,-0.00000000000000, 0.00744588288434, 1.35576798350982, 0.00000000000000, 1.36834036557884,-7.56930630093577,    0.00000000000000,
  454,    4, 1.41718750000000, 0.01093750000000, 1.35897630744367, 0.01257238206902, 1.34640392537464, 0.00553019992293,-0.00000000000000, 0.00744588288434, 1.35576798350982, 0.00000000000000, 1.36834036557884,-7.56930630093577,    0.00000000000000,
  454,    5, 1.41718750000000, 0.01406250000000, 1.35897630744367, 0.01257238206902, 1.34640392537464, 0.00553019992293,-0.00000000000000, 0.00744588288434, 1.35576798350982, 0.00000000000000, 1.36834036557884,-7.56930630093577,    0.00000000000000,
  455,    1, 1.42031250000000, 0.00156250000000, 1.35721676527266, 0.01247738863176, 1.34473937664090, 0.00553818688573,-0.00000000000000, 0.00744741798044, 1.35411543663921, 0.00000000000000, 1.36659282527096,-7.29682685284303,    0.00000000000000,
  455,    2, 1.42031250000000, 0.00468750000000, 1.35721676527266, 0.01247738863176, 1.34473937664090, 0.00553818688573,-0.00000000000000, 0.00744741798044, 1.35411543663921, 0.00000000000000, 1.36659282527096,-7.29682685284303,    0.00000000000000,
  455,    3, 1.42031250000000, 0.00781250000000, 1.35721676527266, 0.01247738863176, 1.34473937664090, 0.00553818688573,-0.00000000000000, 0.00744741798044, 1.35411543663921, 0.00000000000000, 1.36659282527096,-7.29682685284303,    0.00000000000000,
  455,    4, 1.42031250000000, 0.01093750000000, 1.35721676527266, 0.01247738863176, 1.34473937664090, 0.00553818688573,-0.00000000000000, 0.00744741798044, 1.35411543663921, 0.00000000000000, 1.36659282527096,-7.29682685284303,    0.00000000000000,
  455,    5, 1.42031250000000, 0.01406250000000, 1.35721676527266, 0.01247738863176, 1.34473937664090, 0.00553818688573,-0.00000000000000, 0.00744741798044, 1.35411543663921, 0.00000000000000, 1.36659282527096,-7.29682685284303,    0.00000000000000,
  456,    1, 1.42343750000000, 0.00156250000000, 1.35551963640323, 0.01238215641862, 1.34313747998461, 0.00554594064293,-0.00000000000000, 0.00744896073928, 1.35252514146713, 0.00000000000000, 1.36490729788574,-7.02461083873785,    0.00000000000000,
  456,    2, 1.42343750000000, 0.00468750000000, 1.35551963640323, 0.01238215641862, 1.34313747998461, 0.00554594064293,-0.00000000000000, 0.00744896073928, 1.35252514146713, 0.00000000000000, 1.36490729788574,-7.02461083873785,    0.00000000000000,
  456,    3, 1.42343750000000, 0.00781250000000, 1.35551963640323, 0.01238215641862, 1.34313747998461, 0.00554594064293,-0.00000000000000, 0.00744896073928, 1.35252514146713, 0.00000000000000, 1.36490729788574,-7.02461083873785,    0.00000000000000,
  456,    4, 1.42343750000000, 0.01093750000000, 1.35551963640323, 0.01238215641862, 1.34313747998461, 0.00554594064293,-0.00000000000000, 0.00744896073928, 1.35252514146713, 0.00000000000000, 1.36490729788574,-7.02461083873785,    0.00000000000000,
  456,    5, 1.42343750000000, 0.01406250000000, 1.35551963640323, 0.01238215641862, 1.34313747998461, 0.00554594064293,-0.00000000000000, 0.00744896073928, 1.35252514146713, 0.00000000000000, 1.36490729788574,-7.02461083873785,    0.00000000000000,
  457,    1, 1.42656250000000, 0.00156250000000, 1.35388508743618, 0.01228669460829, 1.34159839282790, 0.00555345842690,-0.00000000000000, 0.00745051090017, 1.35099725126953, 0.00000000000000, 1.36328394587781,-6.75265048066568,    0.00000000000000,
  457,    2, 1.42656250000000, 0.00468750000000, 1.35388508743618, 0.01228669460829, 1.34159839282790, 0.00555345842690,-0.00000000000000, 0.00745051090017, 1.35099725126953, 0.00000000000000, 1.36328394587781,-6.75265048066568,    0.00000000000000,
  457,    3, 1.42656250000000, 0.00781250000000, 1.35388508743618, 0.01228669460829, 1.34159839282790, 0.00555345842690,-0.00000000000000, 0.00745051090017, 1.35099725126953, 0.00000000000000, 1.36328394587781,-6.75265048066568,    0.00000000000000,
  457,    4, 1.42656250000000, 0.01093750000000, 1.35388508743618, 0.01228669460829, 1.34159839282790, 0.00555345842690,-0.00000000000000, 0.00745051090017, 1.35099725126953, 0.00000000000000, 1.36328394587781,-6.75265048066568,    0.00000000000000,
  457,    5, 1.42656250000000, 0.01406250000000, 1.35388508743618, 0.01228669460829, 1.34159839282790, 0.00555345842690,-0.00000000000000, 0.00745051090017, 1.35099725126953, 0.00000000000000, 1.36328394587781,-6.75265048066568,    0.00000000000000,
  458,    1, 1.42968750000000, 0.00156250000000, 1.35231327885118, 0.01219101240157, 1.34012226644961, 0.00556073754366,-0.00000000000000, 0.00745206820014, 1.34953191330765, 0.00000000000000, 1.36172292570922,-6.48093761263950,    0.00000000000000,
  458,    2, 1.42968750000000, 0.00468750000000, 1.35231327885118, 0.01219101240157, 1.34012226644961, 0.00556073754366,-0.00000000000000, 0.00745206820014, 1.34953191330765, 0.00000000000000, 1.36172292570922,-6.48093761263950,    0.00000000000000,
  458,    3, 1.42968750000000, 0.00781250000000, 1.35231327885118, 0.01219101240157, 1.34012226644961, 0.00556073754366,-0.00000000000000, 0.00745206820014, 1.34953191330765, 0.00000000000000, 1.36172292570922,-6.48093761263950,    0.00000000000000,
  458,    4, 1.42968750000000, 0.01093750000000, 1.35231327885118, 0.01219101240157, 1.34012226644961, 0.00556073754366,-0.00000000000000, 0.00745206820014, 1.34953191330765, 0.00000000000000, 1.36172292570922,-6.48093761263950,    0.00000000000000,
  458,    5, 1.42968750000000, 0.01406250000000, 1.35231327885118, 0.01219101240157, 1.34012226644961, 0.00556073754366,-0.00000000000000, 0.00745206820014, 1.34953191330765, 0.00000000000000, 1.36172292570922,-6.48093761263950,    0.00000000000000,
  459,    1, 1.43281250000000, 0.00156250000000, 1.35080436498823, 0.01209511902052, 1.33870924596771, 0.00556777537508,-0.00000000000000, 0.00745363237409, 1.34812926881381, 0.00000000000000, 1.36022438783433,-6.20946369468030,    0.00000000000000,
  459,    2, 1.43281250000000, 0.00468750000000, 1.35080436498823, 0.01209511902052, 1.33870924596771, 0.00556777537508,-0.00000000000000, 0.00745363237409, 1.34812926881381, 0.00000000000000, 1.36022438783433,-6.20946369468030,    0.00000000000000,
  459,    3, 1.43281250000000, 0.00781250000000, 1.35080436498823, 0.01209511902052, 1.33870924596771, 0.00556777537508,-0.00000000000000, 0.00745363237409, 1.34812926881381, 0.00000000000000, 1.36022438783433,-6.20946369468030,    0.00000000000000,
  459,    4, 1.43281250000000, 0.01093750000000, 1.35080436498823, 0.01209511902052, 1.33870924596771, 0.00556777537508,-0.00000000000000, 0.00745363237409, 1.34812926881381, 0.00000000000000, 1.36022438783433,-6.20946369468030,    0.00000000000000,
  459,    5, 1.43281250000000, 0.01406250000000, 1.35080436498823, 0.01209511902052, 1.33870924596771, 0.00556777537508,-0.00000000000000, 0.00745363237409, 1.34812926881381, 0.00000000000000, 1.36022438783433,-6.20946369468030,    0.00000000000000,
  460,    1, 1.43593750000000, 0.00156250000000, 1.34935849402997, 0.01199902370753, 1.33735947032244, 0.00557456938111,-0.00000000000000, 0.00745520315480, 1.34678945297782, 0.00000000000000, 1.35878847668535,-5.93821982702864,    0.00000000000000,
  460,    2, 1.43593750000000, 0.00468750000000, 1.34935849402997, 0.01199902370753, 1.33735947032244, 0.00557456938111,-0.00000000000000, 0.00745520315480, 1.34678945297782, 0.00000000000000, 1.35878847668535,-5.93821982702864,    0.00000000000000,
  460,    3, 1.43593750000000, 0.00781250000000, 1.34935849402997, 0.01199902370753, 1.33735947032244, 0.00557456938111,-0.00000000000000, 0.00745520315480, 1.34678945297782, 0.00000000000000, 1.35878847668535,-5.93821982702864,    0.00000000000000,
  460,    4, 1.43593750000000, 0.01093750000000, 1.34935849402997, 0.01199902370753, 1.33735947032244, 0.00557456938111,-0.00000000000000, 0.00745520315480, 1.34678945297782, 0.00000000000000, 1.35878847668535,-5.93821982702864,    0.00000000000000,
  460,    5, 1.43593750000000, 0.01406250000000, 1.34935849402997, 0.01199902370753, 1.33735947032244, 0.00557456938111,-0.00000000000000, 0.00745520315480, 1.34678945297782, 0.00000000000000, 1.35878847668535,-5.93821982702864,    0.00000000000000,
  461,    1, 1.43906250000000, 0.00156250000000, 1.34797580798456, 0.01190273572448, 1.33607307226008, 0.00558111710191,-0.00000000000000, 0.00745678027299, 1.34551259493390, 0.00000000000000, 1.35741533065838,-5.66719676452054,    0.00000000000000,
  461,    2, 1.43906250000000, 0.00468750000000, 1.34797580798456, 0.01190273572448, 1.33607307226008, 0.00558111710191,-0.00000000000000, 0.00745678027299, 1.34551259493390, 0.00000000000000, 1.35741533065838,-5.66719676452054,    0.00000000000000,
  461,    3, 1.43906250000000, 0.00781250000000, 1.34797580798456, 0.01190273572448, 1.33607307226008, 0.00558111710191,-0.00000000000000, 0.00745678027299, 1.34551259493390, 0.00000000000000, 1.35741533065838,-5.66719676452054,    0.00000000000000,
  461,    4, 1.43906250000000, 0.01093750000000, 1.34797580798456, 0.01190273572448, 1.33607307226008, 0.00558111710191,-0.00000000000000, 0.00745678027299, 1.34551259493390, 0.00000000000000, 1.35741533065838,-5.66719676452054,    0.00000000000000,
  461,    5, 1.43906250000000, 0.01406250000000, 1.34797580798456, 0.01190273572448, 1.33607307226008, 0.00558111710191,-0.00000000000000, 0.00745678027299, 1.34551259493390, 0.00000000000000, 1.35741533065838,-5.66719676452054,    0.00000000000000,
  462,    1, 1.44218750000000, 0.00156250000000, 1.34665644266926, 0.01180626435180, 1.33485017831746, 0.00558741615993,-0.00000000000000, 0.00745836345742, 1.34429881774829, 0.00000000000000, 1.35610508210009,-5.39638493112145,    0.00000000000000,
  462,    2, 1.44218750000000, 0.00468750000000, 1.34665644266926, 0.01180626435180, 1.33485017831746, 0.00558741615993,-0.00000000000000, 0.00745836345742, 1.34429881774829, 0.00000000000000, 1.35610508210009,-5.39638493112145,    0.00000000000000,
  462,    3, 1.44218750000000, 0.00781250000000, 1.34665644266926, 0.01180626435180, 1.33485017831746, 0.00558741615993,-0.00000000000000, 0.00745836345742, 1.34429881774829, 0.00000000000000, 1.35610508210009,-5.39638493112145,    0.00000000000000,
  462,    4, 1.44218750000000, 0.01093750000000, 1.34665644266926, 0.01180626435180, 1.33485017831746, 0.00558741615993,-0.00000000000000, 0.00745836345742, 1.34429881774829, 0.00000000000000, 1.35610508210009,-5.39638493112145,    0.00000000000000,
  462,    5, 1.44218750000000, 0.01406250000000, 1.34665644266926, 0.01180626435180, 1.33485017831746, 0.00558741615993,-0.00000000000000, 0.00745836345742, 1.34429881774829, 0.00000000000000, 1.35610508210009,-5.39638493112145,    0.00000000000000,
  463,    1, 1.44531250000000, 0.00156250000000, 1.34540052769480, 0.01170961888760, 1.33369090880719, 0.00559346426197,-0.00000000000000, 0.00745995243492, 1.34314823840737, 0.00000000000000, 1.35485785729498,-5.12577443461145,    0.00000000000000,
  463,    2, 1.44531250000000, 0.00468750000000, 1.34540052769480, 0.01170961888760, 1.33369090880719, 0.00559346426197,-0.00000000000000, 0.00745995243492, 1.34314823840737, 0.00000000000000, 1.35485785729498,-5.12577443461145,    0.00000000000000,
  463,    3, 1.44531250000000, 0.00781250000000, 1.34540052769480, 0.01170961888760, 1.33369090880719, 0.00559346426197,-0.00000000000000, 0.00745995243492, 1.34314823840737, 0.00000000000000, 1.35485785729498,-5.12577443461145,    0.00000000000000,
  463,    4, 1.44531250000000, 0.01093750000000, 1.34540052769480, 0.01170961888760, 1.33369090880719, 0.00559346426197,-0.00000000000000, 0.00745995243492, 1.34314823840737, 0.00000000000000, 1.35485785729498,-5.12577443461145,    0.00000000000000,
  463,    5, 1.44531250000000, 0.01406250000000, 1.34540052769480, 0.01170961888760, 1.33369090880719, 0.00559346426197,-0.00000000000000, 0.00745995243492, 1.34314823840737, 0.00000000000000, 1.35485785729498,-5.12577443461145,    0.00000000000000,
  464,    1, 1.44843750000000, 0.00156250000000, 1.34420818645017, 0.01161280864678, 1.33259537780340, 0.00559925920108,-0.00000000000000, 0.00746154693048, 1.34206096780637, 0.00000000000000, 1.35367377645315,-4.85535508141465,    0.00000000000000,
  464,    2, 1.44843750000000, 0.00468750000000, 1.34420818645017, 0.01161280864678, 1.33259537780340, 0.00559925920108,-0.00000000000000, 0.00746154693048, 1.34206096780637, 0.00000000000000, 1.35367377645315,-4.85535508141465,    0.00000000000000,
  464,    3, 1.44843750000000, 0.00781250000000, 1.34420818645017, 0.01161280864678, 1.33259537780340, 0.00559925920108,-0.00000000000000, 0.00746154693048, 1.34206096780637, 0.00000000000000, 1.35367377645315,-4.85535508141465,    0.00000000000000,
  464,    4, 1.44843750000000, 0.01093750000000, 1.34420818645017, 0.01161280864678, 1.33259537780340, 0.00559925920108,-0.00000000000000, 0.00746154693048, 1.34206096780637, 0.00000000000000, 1.35367377645315,-4.85535508141465,    0.00000000000000,
  464,    5, 1.44843750000000, 0.01406250000000, 1.34420818645017, 0.01161280864678, 1.33259537780340, 0.00559925920108,-0.00000000000000, 0.00746154693048, 1.34206096780637, 0.00000000000000, 1.35367377645315,-4.85535508141465,    0.00000000000000,
  465,    1, 1.45156250000000, 0.00156250000000, 1.34307953608854, 0.01151584296010, 1.33156369312844, 0.00560479885855,-0.00000000000000, 0.00746314666734, 1.34103711073869, 0.00000000000000, 1.35255295369879,-4.58511639156694,    0.00000000000000,
  465,    2, 1.45156250000000, 0.00468750000000, 1.34307953608854, 0.01151584296010, 1.33156369312844, 0.00560479885855,-0.00000000000000, 0.00746314666734, 1.34103711073869, 0.00000000000000, 1.35255295369879,-4.58511639156694,    0.00000000000000,
  465,    3, 1.45156250000000, 0.00781250000000, 1.34307953608854, 0.01151584296010, 1.33156369312844, 0.00560479885855,-0.00000000000000, 0.00746314666734, 1.34103711073869, 0.00000000000000, 1.35255295369879,-4.58511639156694,    0.00000000000000,
  465,    4, 1.45156250000000, 0.01093750000000, 1.34307953608854, 0.01151584296010, 1.33156369312844, 0.00560479885855,-0.00000000000000, 0.00746314666734, 1.34103711073869, 0.00000000000000, 1.35255295369879,-4.58511639156694,    0.00000000000000,
  465,    5, 1.45156250000000, 0.01406250000000, 1.34307953608854, 0.01151584296010, 1.33156369312844, 0.00560479885855,-0.00000000000000, 0.00746314666734, 1.34103711073869, 0.00000000000000, 1.35255295369879,-4.58511639156694,    0.00000000000000,
  466,    1, 1.45468750000000, 0.00156250000000, 1.34201468751343, 0.01141873117332, 1.33059595634011, 0.00561008120567,-0.00000000000000, 0.00746475136701, 1.34007676588580, 0.00000000000000, 1.35149549705912,-4.31504761381410,    0.00000000000000,
  466,    2, 1.45468750000000, 0.00468750000000, 1.34201468751343, 0.01141873117332, 1.33059595634011, 0.00561008120567,-0.00000000000000, 0.00746475136701, 1.34007676588580, 0.00000000000000, 1.35149549705912,-4.31504761381410,    0.00000000000000,
  466,    3, 1.45468750000000, 0.00781250000000, 1.34201468751343, 0.01141873117332, 1.33059595634011, 0.00561008120567,-0.00000000000000, 0.00746475136701, 1.34007676588580, 0.00000000000000, 1.35149549705912,-4.31504761381410,    0.00000000000000,
  466,    4, 1.45468750000000, 0.01093750000000, 1.34201468751343, 0.01141873117332, 1.33059595634011, 0.00561008120567,-0.00000000000000, 0.00746475136701, 1.34007676588580, 0.00000000000000, 1.35149549705912,-4.31504761381410,    0.00000000000000,
  466,    5, 1.45468750000000, 0.01406250000000, 1.34201468751343, 0.01141873117332, 1.33059595634011, 0.00561008120567,-0.00000000000000, 0.00746475136701, 1.34007676588580, 0.00000000000000, 1.35149549705912,-4.31504761381410,    0.00000000000000,
  467,    1, 1.45781250000000, 0.00156250000000, 1.34101374536598, 0.01132148264628, 1.32969226271970, 0.00561510430552,-0.00000000000000, 0.00746636074942, 1.33918002580774, 0.00000000000000, 1.35050150845402,-4.04513774083411,    0.00000000000000,
  467,    2, 1.45781250000000, 0.00468750000000, 1.34101374536598, 0.01132148264628, 1.32969226271970, 0.00561510430552,-0.00000000000000, 0.00746636074942, 1.33918002580774, 0.00000000000000, 1.35050150845402,-4.04513774083411,    0.00000000000000,
  467,    3, 1.45781250000000, 0.00781250000000, 1.34101374536598, 0.01132148264628, 1.32969226271970, 0.00561510430552,-0.00000000000000, 0.00746636074942, 1.33918002580774, 0.00000000000000, 1.35050150845402,-4.04513774083411,    0.00000000000000,
  467,    4, 1.45781250000000, 0.01093750000000, 1.34101374536598, 0.01132148264628, 1.32969226271970, 0.00561510430552,-0.00000000000000, 0.00746636074942, 1.33918002580774, 0.00000000000000, 1.35050150845402,-4.04513774083411,    0.00000000000000,
  467,    5, 1.45781250000000, 0.01406250000000, 1.34101374536598, 0.01132148264628, 1.32969226271970, 0.00561510430552,-0.00000000000000, 0.00746636074942, 1.33918002580774, 0.00000000000000, 1.35050150845402,-4.04513774083411,    0.00000000000000,
  468,    1, 1.46093750000000, 0.00156250000000, 1.34007680801266, 0.01122410675199, 1.32885270126067, 0.00561986631465,-0.00000000000000, 0.00746797453295, 1.33834697693419, 0.00000000000000, 1.34957108368619,-3.77537552457675,    0.00000000000000,
  468,    2, 1.46093750000000, 0.00468750000000, 1.34007680801266, 0.01122410675199, 1.32885270126067, 0.00561986631465,-0.00000000000000, 0.00746797453295, 1.33834697693419, 0.00000000000000, 1.34957108368619,-3.77537552457675,    0.00000000000000,
  468,    3, 1.46093750000000, 0.00781250000000, 1.34007680801266, 0.01122410675199, 1.32885270126067, 0.00561986631465,-0.00000000000000, 0.00746797453295, 1.33834697693419, 0.00000000000000, 1.34957108368619,-3.77537552457675,    0.00000000000000,
  468,    4, 1.46093750000000, 0.01093750000000, 1.34007680801266, 0.01122410675199, 1.32885270126067, 0.00561986631465,-0.00000000000000, 0.00746797453295, 1.33834697693419, 0.00000000000000, 1.34957108368619,-3.77537552457675,    0.00000000000000,
  468,    5, 1.46093750000000, 0.01406250000000, 1.34007680801266, 0.01122410675199, 1.32885270126067, 0.00561986631465,-0.00000000000000, 0.00746797453295, 1.33834697693419, 0.00000000000000, 1.34957108368619,-3.77537552457675,    0.00000000000000,
  469,    1, 1.46406250000000, 0.00156250000000, 1.33920396753383, 0.01112661287575, 1.32807735465808, 0.00562436548469,-0.00000000000000, 0.00746959243454, 1.33757769955613, 0.00000000000000, 1.34870431243188,-3.50574949171290,    0.00000000000000,
  469,    2, 1.46406250000000, 0.00468750000000, 1.33920396753383, 0.01112661287575, 1.32807735465808, 0.00562436548469,-0.00000000000000, 0.00746959243454, 1.33757769955613, 0.00000000000000, 1.34870431243188,-3.50574949171290,    0.00000000000000,
  469,    3, 1.46406250000000, 0.00781250000000, 1.33920396753383, 0.01112661287575, 1.32807735465808, 0.00562436548469,-0.00000000000000, 0.00746959243454, 1.33757769955613, 0.00000000000000, 1.34870431243188,-3.50574949171290,    0.00000000000000,
  469,    4, 1.46406250000000, 0.01093750000000, 1.33920396753383, 0.01112661287575, 1.32807735465808, 0.00562436548469,-0.00000000000000, 0.00746959243454, 1.33757769955613, 0.00000000000000, 1.34870431243188,-3.50574949171290,    0.00000000000000,
  469,    5, 1.46406250000000, 0.01406250000000, 1.33920396753383, 0.01112661287575, 1.32807735465808, 0.00562436548469,-0.00000000000000, 0.00746959243454, 1.33757769955613, 0.00000000000000, 1.34870431243188,-3.50574949171290,    0.00000000000000,
  470,    1, 1.46718750000000, 0.00156250000000, 1.33839530971303, 0.01102901041421, 1.32736629929882, 0.00562860016387,-0.00000000000000, 0.00747121416975, 1.33687226781812, 0.00000000000000, 1.34790127823233,-3.23624795918728,    0.00000000000000,
  470,    2, 1.46718750000000, 0.00468750000000, 1.33839530971303, 0.01102901041421, 1.32736629929882, 0.00562860016387,-0.00000000000000, 0.00747121416975, 1.33687226781812, 0.00000000000000, 1.34790127823233,-3.23624795918728,    0.00000000000000,
  470,    3, 1.46718750000000, 0.00781250000000, 1.33839530971303, 0.01102901041421, 1.32736629929882, 0.00562860016387,-0.00000000000000, 0.00747121416975, 1.33687226781812, 0.00000000000000, 1.34790127823233,-3.23624795918728,    0.00000000000000,
  470,    4, 1.46718750000000, 0.01093750000000, 1.33839530971303, 0.01102901041421, 1.32736629929882, 0.00562860016387,-0.00000000000000, 0.00747121416975, 1.33687226781812, 0.00000000000000, 1.34790127823233,-3.23624795918728,    0.00000000000000,
  470,    5, 1.46718750000000, 0.01406250000000, 1.33839530971303, 0.01102901041421, 1.32736629929882, 0.00562860016387,-0.00000000000000, 0.00747121416975, 1.33687226781812, 0.00000000000000, 1.34790127823233,-3.23624795918728,    0.00000000000000,
  471,    1, 1.47031250000000, 0.00156250000000, 1.33765091402695, 0.01093130877450, 1.32671960525245, 0.00563256879848,-0.00000000000000, 0.00747283945287, 1.33623074971113, 0.00000000000000, 1.34716205848563,-2.96685904986708,    0.00000000000000,
  471,    2, 1.47031250000000, 0.00468750000000, 1.33765091402695, 0.01093130877450, 1.32671960525245, 0.00563256879848,-0.00000000000000, 0.00747283945287, 1.33623074971113, 0.00000000000000, 1.34716205848563,-2.96685904986708,    0.00000000000000,
  471,    3, 1.47031250000000, 0.00781250000000, 1.33765091402695, 0.01093130877450, 1.32671960525245, 0.00563256879848,-0.00000000000000, 0.00747283945287, 1.33623074971113, 0.00000000000000, 1.34716205848563,-2.96685904986708,    0.00000000000000,
  471,    4, 1.47031250000000, 0.01093750000000, 1.33765091402695, 0.01093130877450, 1.32671960525245, 0.00563256879848,-0.00000000000000, 0.00747283945287, 1.33623074971113, 0.00000000000000, 1.34716205848563,-2.96685904986708,    0.00000000000000,
  471,    5, 1.47031250000000, 0.01406250000000, 1.33765091402695, 0.01093130877450, 1.32671960525245, 0.00563256879848,-0.00000000000000, 0.00747283945287, 1.33623074971113, 0.00000000000000, 1.34716205848563,-2.96685904986708,    0.00000000000000,
  472,    1, 1.47343750000000, 0.00156250000000, 1.33697085363613, 0.01083351737332, 1.32613733626281, 0.00563626993421,-0.00000000000000, 0.00747446799702, 1.33565320706602, 0.00000000000000, 1.34648672443934,-2.69757070827931,    0.00000000000000,
  472,    2, 1.47343750000000, 0.00468750000000, 1.33697085363613, 0.01083351737332, 1.32613733626281, 0.00563626993421,-0.00000000000000, 0.00747446799702, 1.33565320706602, 0.00000000000000, 1.34648672443934,-2.69757070827931,    0.00000000000000,
  472,    3, 1.47343750000000, 0.00781250000000, 1.33697085363613, 0.01083351737332, 1.32613733626281, 0.00563626993421,-0.00000000000000, 0.00747446799702, 1.33565320706602, 0.00000000000000, 1.34648672443934,-2.69757070827931,    0.00000000000000,
  472,    4, 1.47343750000000, 0.01093750000000, 1.33697085363613, 0.01083351737332, 1.32613733626281, 0.00563626993421,-0.00000000000000, 0.00747446799702, 1.33565320706602, 0.00000000000000, 1.34648672443934,-2.69757070827931,    0.00000000000000,
  472,    5, 1.47343750000000, 0.01406250000000, 1.33697085363613, 0.01083351737332, 1.32613733626281, 0.00563626993421,-0.00000000000000, 0.00747446799702, 1.33565320706602, 0.00000000000000, 1.34648672443934,-2.69757070827931,    0.00000000000000,
  473,    1, 1.47656250000000, 0.00156250000000, 1.33635519537646, 0.01073564563600, 1.32561954974047, 0.00563970221746,-0.00000000000000, 0.00747609951418, 1.33513969554754, 0.00000000000000, 1.34587534118354,-2.42837071643028,    0.00000000000000,
  473,    2, 1.47656250000000, 0.00468750000000, 1.33635519537646, 0.01073564563600, 1.32561954974047, 0.00563970221746,-0.00000000000000, 0.00747609951418, 1.33513969554754, 0.00000000000000, 1.34587534118354,-2.42837071643028,    0.00000000000000,
  473,    3, 1.47656250000000, 0.00781250000000, 1.33635519537646, 0.01073564563600, 1.32561954974047, 0.00563970221746,-0.00000000000000, 0.00747609951418, 1.33513969554754, 0.00000000000000, 1.34587534118354,-2.42837071643028,    0.00000000000000,
  473,    4, 1.47656250000000, 0.01093750000000, 1.33635519537646, 0.01073564563600, 1.32561954974047, 0.00563970221746,-0.00000000000000, 0.00747609951418, 1.33513969554754, 0.00000000000000, 1.34587534118354,-2.42837071643028,    0.00000000000000,
  473,    5, 1.47656250000000, 0.01406250000000, 1.33635519537646, 0.01073564563600, 1.32561954974047, 0.00563970221746,-0.00000000000000, 0.00747609951418, 1.33513969554754, 0.00000000000000, 1.34587534118354,-2.42837071643028,    0.00000000000000,
  474,    1, 1.47968750000000, 0.00156250000000, 1.33580399975135, 0.01063770299562, 1.32516629675574, 0.00564286439648,-0.00000000000000, 0.00747773371538, 1.33469026464901, 0.00000000000000, 1.34532796764463,-2.15924670969924,    0.00000000000000,
  474,    2, 1.47968750000000, 0.00468750000000, 1.33580399975135, 0.01063770299562, 1.32516629675574, 0.00564286439648,-0.00000000000000, 0.00747773371538, 1.33469026464901, 0.00000000000000, 1.34532796764463,-2.15924670969924,    0.00000000000000,
  474,    3, 1.47968750000000, 0.00781250000000, 1.33580399975135, 0.01063770299562, 1.32516629675574, 0.00564286439648,-0.00000000000000, 0.00747773371538, 1.33469026464901, 0.00000000000000, 1.34532796764463,-2.15924670969924,    0.00000000000000,
  474,    4, 1.47968750000000, 0.01093750000000, 1.33580399975135, 0.01063770299562, 1.32516629675574, 0.00564286439648,-0.00000000000000, 0.00747773371538, 1.33469026464901, 0.00000000000000, 1.34532796764463,-2.15924670969924,    0.00000000000000,
  474,    5, 1.47968750000000, 0.01406250000000, 1.33580399975135, 0.01063770299562, 1.32516629675574, 0.00564286439648,-0.00000000000000, 0.00747773371538, 1.33469026464901, 0.00000000000000, 1.34532796764463,-2.15924670969924,    0.00000000000000,
  475,    1, 1.48281250000000, 0.00156250000000, 1.33531732092466, 0.01053969889210, 1.32477762203257, 0.00564575532248,-0.00000000000000, 0.00747937031070, 1.33430495768751, 0.00000000000000, 1.34484465657960,-1.89018619279968,    0.00000000000000,
  475,    2, 1.48281250000000, 0.00468750000000, 1.33531732092466, 0.01053969889210, 1.32477762203257, 0.00564575532248,-0.00000000000000, 0.00747937031070, 1.33430495768751, 0.00000000000000, 1.34484465657960,-1.89018619279968,    0.00000000000000,
  475,    3, 1.48281250000000, 0.00781250000000, 1.33531732092466, 0.01053969889210, 1.32477762203257, 0.00564575532248,-0.00000000000000, 0.00747937031070, 1.33430495768751, 0.00000000000000, 1.34484465657960,-1.89018619279968,    0.00000000000000,
  475,    4, 1.48281250000000, 0.01093750000000, 1.33531732092466, 0.01053969889210, 1.32477762203257, 0.00564575532248,-0.00000000000000, 0.00747937031070, 1.33430495768751, 0.00000000000000, 1.34484465657960,-1.89018619279968,    0.00000000000000,
  475,    5, 1.48281250000000, 0.01406250000000, 1.33531732092466, 0.01053969889210, 1.32477762203257, 0.00564575532248,-0.00000000000000, 0.00747937031070, 1.33430495768751, 0.00000000000000, 1.34484465657960,-1.89018619279968,    0.00000000000000,
  476,    1, 1.48593750000000, 0.00156250000000, 1.33489520671442, 0.01044164277127, 1.32445356394315, 0.00564837395065,-0.00000000000000, 0.00748100900943, 1.33398381179973, 0.00000000000000, 1.34442545457100,-1.62117655580080,    0.00000000000000,
  476,    2, 1.48593750000000, 0.00468750000000, 1.33489520671442, 0.01044164277127, 1.32445356394315, 0.00564837395065,-0.00000000000000, 0.00748100900943, 1.33398381179973, 0.00000000000000, 1.34442545457100,-1.62117655580080,    0.00000000000000,
  476,    3, 1.48593750000000, 0.00781250000000, 1.33489520671442, 0.01044164277127, 1.32445356394315, 0.00564837395065,-0.00000000000000, 0.00748100900943, 1.33398381179973, 0.00000000000000, 1.34442545457100,-1.62117655580080,    0.00000000000000,
  476,    4, 1.48593750000000, 0.01093750000000, 1.33489520671442, 0.01044164277127, 1.32445356394315, 0.00564837395065,-0.00000000000000, 0.00748100900943, 1.33398381179973, 0.00000000000000, 1.34442545457100,-1.62117655580080,    0.00000000000000,
  476,    5, 1.48593750000000, 0.01406250000000, 1.33489520671442, 0.01044164277127, 1.32445356394315, 0.00564837395065,-0.00000000000000, 0.00748100900943, 1.33398381179973, 0.00000000000000, 1.34442545457100,-1.62117655580080,    0.00000000000000,
  477,    1, 1.48906250000000, 0.00156250000000, 1.33453769858725, 0.01034354408400, 1.32419415450326, 0.00565071934104,-0.00000000000000, 0.00748264952014, 1.33372685793838, 0.00000000000000, 1.34407040202237,-1.35220509020164,    0.00000000000000,
  477,    2, 1.48906250000000, 0.00468750000000, 1.33453769858725, 0.01034354408400, 1.32419415450326, 0.00565071934104,-0.00000000000000, 0.00748264952014, 1.33372685793838, 0.00000000000000, 1.34407040202237,-1.35220509020164,    0.00000000000000,
  477,    3, 1.48906250000000, 0.00781250000000, 1.33453769858725, 0.01034354408400, 1.32419415450326, 0.00565071934104,-0.00000000000000, 0.00748264952014, 1.33372685793838, 0.00000000000000, 1.34407040202237,-1.35220509020164,    0.00000000000000,
  477,    4, 1.48906250000000, 0.01093750000000, 1.33453769858725, 0.01034354408400, 1.32419415450326, 0.00565071934104,-0.00000000000000, 0.00748264952014, 1.33372685793838, 0.00000000000000, 1.34407040202237,-1.35220509020164,    0.00000000000000,
  477,    5, 1.48906250000000, 0.01406250000000, 1.33453769858725, 0.01034354408400, 1.32419415450326, 0.00565071934104,-0.00000000000000, 0.00748264952014, 1.33372685793838, 0.00000000000000, 1.34407040202237,-1.35220509020164,    0.00000000000000,
  478,    1, 1.49218750000000, 0.00156250000000, 1.33424483165350, 0.01024541228523, 1.32399941936827, 0.00565279065935,-0.00000000000000, 0.00748429155079, 1.33353412086920, 0.00000000000000, 1.34377953315443,-1.08325900505094,    0.00000000000000,
  478,    2, 1.49218750000000, 0.00468750000000, 1.33424483165350, 0.01024541228523, 1.32399941936827, 0.00565279065935,-0.00000000000000, 0.00748429155079, 1.33353412086920, 0.00000000000000, 1.34377953315443,-1.08325900505094,    0.00000000000000,
  478,    3, 1.49218750000000, 0.00781250000000, 1.33424483165350, 0.01024541228523, 1.32399941936827, 0.00565279065935,-0.00000000000000, 0.00748429155079, 1.33353412086920, 0.00000000000000, 1.34377953315443,-1.08325900505094,    0.00000000000000,
  478,    4, 1.49218750000000, 0.01093750000000, 1.33424483165350, 0.01024541228523, 1.32399941936827, 0.00565279065935,-0.00000000000000, 0.00748429155079, 1.33353412086920, 0.00000000000000, 1.34377953315443,-1.08325900505094,    0.00000000000000,
  478,    5, 1.49218750000000, 0.01406250000000, 1.33424483165350, 0.01024541228523, 1.32399941936827, 0.00565279065935,-0.00000000000000, 0.00748429155079, 1.33353412086920, 0.00000000000000, 1.34377953315443,-1.08325900505094,    0.00000000000000,
  479,    1, 1.49531250000000, 0.00156250000000, 1.33401663466323, 0.01014725683311, 1.32386937783012, 0.00565458717770,-0.00000000000000, 0.00748593480883, 1.33340561916859, 0.00000000000000, 1.34355287600171,-0.81432544310537,    0.00000000000000,
  479,    2, 1.49531250000000, 0.00468750000000, 1.33401663466323, 0.01014725683311, 1.32386937783012, 0.00565458717770,-0.00000000000000, 0.00748593480883, 1.33340561916859, 0.00000000000000, 1.34355287600171,-0.81432544310537,    0.00000000000000,
  479,    3, 1.49531250000000, 0.00781250000000, 1.33401663466323, 0.01014725683311, 1.32386937783012, 0.00565458717770,-0.00000000000000, 0.00748593480883, 1.33340561916859, 0.00000000000000, 1.34355287600171,-0.81432544310537,    0.00000000000000,
  479,    4, 1.49531250000000, 0.01093750000000, 1.33401663466323, 0.01014725683311, 1.32386937783012, 0.00565458717770,-0.00000000000000, 0.00748593480883, 1.33340561916859, 0.00000000000000, 1.34355287600171,-0.81432544310537,    0.00000000000000,
  479,    5, 1.49531250000000, 0.01406250000000, 1.33401663466323, 0.01014725683311, 1.32386937783012, 0.00565458717770,-0.00000000000000, 0.00748593480883, 1.33340561916859, 0.00000000000000, 1.34355287600171,-0.81432544310537,    0.00000000000000,
  480,    1, 1.49843750000000, 0.00156250000000, 1.33385313000286, 0.01004908718808, 1.32380404281478, 0.00565610827517,-0.00000000000000, 0.00748757900127, 1.33334136522183, 0.00000000000000, 1.34339045240991,-0.54539149701878,    0.00000000000000,
  480,    2, 1.49843750000000, 0.00468750000000, 1.33385313000286, 0.01004908718808, 1.32380404281478, 0.00565610827517,-0.00000000000000, 0.00748757900127, 1.33334136522183, 0.00000000000000, 1.34339045240991,-0.54539149701878,    0.00000000000000,
  480,    3, 1.49843750000000, 0.00781250000000, 1.33385313000286, 0.01004908718808, 1.32380404281478, 0.00565610827517,-0.00000000000000, 0.00748757900127, 1.33334136522183, 0.00000000000000, 1.34339045240991,-0.54539149701878,    0.00000000000000,
  480,    4, 1.49843750000000, 0.01093750000000, 1.33385313000286, 0.01004908718808, 1.32380404281478, 0.00565610827517,-0.00000000000000, 0.00748757900127, 1.33334136522183, 0.00000000000000, 1.34339045240991,-0.54539149701878,    0.00000000000000,
  480,    5, 1.49843750000000, 0.01406250000000, 1.33385313000286, 0.01004908718808, 1.32380404281478, 0.00565610827517,-0.00000000000000, 0.00748757900127, 1.33334136522183, 0.00000000000000, 1.34339045240991,-0.54539149701878,    0.00000000000000,
  481,    1, 1.50156250000000, 0.00156250000000, 1.33375433369263, 0.00995091281192, 1.32380342088071, 0.00565735343837,-0.00000000000000, 0.00748922383485, 1.33334136522183, 0.00000000000000, 1.34329227803375,-0.27644422555489,    0.00000000000000,
  481,    2, 1.50156250000000, 0.00468750000000, 1.33375433369263, 0.00995091281192, 1.32380342088071, 0.00565735343837,-0.00000000000000, 0.00748922383485, 1.33334136522183, 0.00000000000000, 1.34329227803375,-0.27644422555489,    0.00000000000000,
  481,    3, 1.50156250000000, 0.00781250000000, 1.33375433369263, 0.00995091281192, 1.32380342088071, 0.00565735343837,-0.00000000000000, 0.00748922383485, 1.33334136522183, 0.00000000000000, 1.34329227803375,-0.27644422555489,    0.00000000000000,
  481,    4, 1.50156250000000, 0.01093750000000, 1.33375433369263, 0.00995091281192, 1.32380342088071, 0.00565735343837,-0.00000000000000, 0.00748922383485, 1.33334136522183, 0.00000000000000, 1.34329227803375,-0.27644422555489,    0.00000000000000,
  481,    5, 1.50156250000000, 0.01406250000000, 1.33375433369263, 0.00995091281192, 1.32380342088071, 0.00565735343837,-0.00000000000000, 0.00748922383485, 1.33334136522183, 0.00000000000000, 1.34329227803375,-0.27644422555489,    0.00000000000000,
  482,    1, 1.50468750000000, 0.00156250000000, 1.33372025538481, 0.00985274316689, 1.32386751221793, 0.00565832226181,-0.00000000000000, 0.00749086901606, 1.33340561916859, 0.00000000000000, 1.34325836233548,-0.00747066981668,    0.00000000000000,
  482,    2, 1.50468750000000, 0.00468750000000, 1.33372025538481, 0.00985274316689, 1.32386751221793, 0.00565832226181,-0.00000000000000, 0.00749086901606, 1.33340561916859, 0.00000000000000, 1.34325836233548,-0.00747066981668,    0.00000000000000,
  482,    3, 1.50468750000000, 0.00781250000000, 1.33372025538481, 0.00985274316689, 1.32386751221793, 0.00565832226181,-0.00000000000000, 0.00749086901606, 1.33340561916859, 0.00000000000000, 1.34325836233548,-0.00747066981668,    0.00000000000000,
  482,    4, 1.50468750000000, 0.01093750000000, 1.33372025538481, 0.00985274316689, 1.32386751221793, 0.00565832226181,-0.00000000000000, 0.00749086901606, 1.33340561916859, 0.00000000000000, 1.34325836233548,-0.00747066981668,    0.00000000000000,
  482,    5, 1.50468750000000, 0.01406250000000, 1.33372025538481, 0.00985274316689, 1.32386751221793, 0.00565832226181,-0.00000000000000, 0.00749086901606, 1.33340561916859, 0.00000000000000, 1.34325836233548,-0.00747066981668,    0.00000000000000,
  483,    1, 1.50781250000000, 0.00156250000000, 1.33375089836251, 0.00975458771477, 1.32399631064774, 0.00565901444820,-0.00000000000000, 0.00749251425131, 1.33353412086920, 0.00000000000000, 1.34328870858397, 0.26154213051552,    0.00000000000000,
  483,    2, 1.50781250000000, 0.00468750000000, 1.33375089836251, 0.00975458771477, 1.32399631064774, 0.00565901444820,-0.00000000000000, 0.00749251425131, 1.33353412086920, 0.00000000000000, 1.34328870858397, 0.26154213051552,    0.00000000000000,
  483,    3, 1.50781250000000, 0.00781250000000, 1.33375089836251, 0.00975458771477, 1.32399631064774, 0.00565901444820,-0.00000000000000, 0.00749251425131, 1.33353412086920, 0.00000000000000, 1.34328870858397, 0.26154213051552,    0.00000000000000,
  483,    4, 1.50781250000000, 0.01093750000000, 1.33375089836251, 0.00975458771477, 1.32399631064774, 0.00565901444820,-0.00000000000000, 0.00749251425131, 1.33353412086920, 0.00000000000000, 1.34328870858397, 0.26154213051552,    0.00000000000000,
  483,    5, 1.50781250000000, 0.01406250000000, 1.33375089836251, 0.00975458771477, 1.32399631064774, 0.00565901444820,-0.00000000000000, 0.00749251425131, 1.33353412086920, 0.00000000000000, 1.34328870858397, 0.26154213051552,    0.00000000000000,
  484,    1, 1.51093750000000, 0.00156250000000, 1.33384625953966, 0.00965645591600, 1.32418980362366, 0.00565942980869,-0.00000000000000, 0.00749415924699, 1.33372685793838, 0.00000000000000, 1.34338331385438, 0.53060712094414,    0.00000000000000,
  484,    2, 1.51093750000000, 0.00468750000000, 1.33384625953966, 0.00965645591600, 1.32418980362366, 0.00565942980869,-0.00000000000000, 0.00749415924699, 1.33372685793838, 0.00000000000000, 1.34338331385438, 0.53060712094414,    0.00000000000000,
  484,    3, 1.51093750000000, 0.00781250000000, 1.33384625953966, 0.00965645591600, 1.32418980362366, 0.00565942980869,-0.00000000000000, 0.00749415924699, 1.33372685793838, 0.00000000000000, 1.34338331385438, 0.53060712094414,    0.00000000000000,
  484,    4, 1.51093750000000, 0.01093750000000, 1.33384625953966, 0.00965645591600, 1.32418980362366, 0.00565942980869,-0.00000000000000, 0.00749415924699, 1.33372685793838, 0.00000000000000, 1.34338331385438, 0.53060712094414,    0.00000000000000,
  484,    5, 1.51093750000000, 0.01406250000000, 1.33384625953966, 0.00965645591600, 1.32418980362366, 0.00565942980869,-0.00000000000000, 0.00749415924699, 1.33372685793838, 0.00000000000000, 1.34338331385438, 0.53060712094414,    0.00000000000000,
  485,    1, 1.51406250000000, 0.00156250000000, 1.33400632946113, 0.00955835722873, 1.32444797223240, 0.00565956826295,-0.00000000000000, 0.00749580370958, 1.33398381179973, 0.00000000000000, 1.34354216902846, 0.79973721592005,    0.00000000000000,
  485,    2, 1.51406250000000, 0.00468750000000, 1.33400632946113, 0.00955835722873, 1.32444797223240, 0.00565956826295,-0.00000000000000, 0.00749580370958, 1.33398381179973, 0.00000000000000, 1.34354216902846, 0.79973721592005,    0.00000000000000,
  485,    3, 1.51406250000000, 0.00781250000000, 1.33400632946113, 0.00955835722873, 1.32444797223240, 0.00565956826295,-0.00000000000000, 0.00749580370958, 1.33398381179973, 0.00000000000000, 1.34354216902846, 0.79973721592005,    0.00000000000000,
  485,    4, 1.51406250000000, 0.01093750000000, 1.33400632946113, 0.00955835722873, 1.32444797223240, 0.00565956826295,-0.00000000000000, 0.00749580370958, 1.33398381179973, 0.00000000000000, 1.34354216902846, 0.79973721592005,    0.00000000000000,
  485,    5, 1.51406250000000, 0.01406250000000, 1.33400632946113, 0.00955835722873, 1.32444797223240, 0.00565956826295,-0.00000000000000, 0.00749580370958, 1.33398381179973, 0.00000000000000, 1.34354216902846, 0.79973721592005,    0.00000000000000,
  486,    1, 1.51718750000000, 0.00156250000000, 1.33423109230419, 0.00946030110790, 1.32477079119628, 0.00565942983918,-0.00000000000000, 0.00749744734578, 1.33430495768751, 0.00000000000000, 1.34376525879541, 1.06894528262159,    0.00000000000000,
  486,    2, 1.51718750000000, 0.00468750000000, 1.33423109230419, 0.00946030110790, 1.32477079119628, 0.00565942983918,-0.00000000000000, 0.00749744734578, 1.33430495768751, 0.00000000000000, 1.34376525879541, 1.06894528262159,    0.00000000000000,
  486,    3, 1.51718750000000, 0.00781250000000, 1.33423109230419, 0.00946030110790, 1.32477079119628, 0.00565942983918,-0.00000000000000, 0.00749744734578, 1.33430495768751, 0.00000000000000, 1.34376525879541, 1.06894528262159,    0.00000000000000,
  486,    4, 1.51718750000000, 0.01093750000000, 1.33423109230419, 0.00946030110790, 1.32477079119628, 0.00565942983918,-0.00000000000000, 0.00749744734578, 1.33430495768751, 0.00000000000000, 1.34376525879541, 1.06894528262159,    0.00000000000000,
  486,    5, 1.51718750000000, 0.01406250000000, 1.33423109230419, 0.00946030110790, 1.32477079119628, 0.00565942983918,-0.00000000000000, 0.00749744734578, 1.33430495768751, 0.00000000000000, 1.34376525879541, 1.06894528262159,    0.00000000000000,
  487,    1, 1.52031250000000, 0.00156250000000, 1.33452052588036, 0.00936229700438, 1.32515822887597, 0.00565901467398,-0.00000000000000, 0.00749908986256, 1.33469026464901, 0.00000000000000, 1.34405256165339, 1.33824412475357,    0.00000000000000,
  487,    2, 1.52031250000000, 0.00468750000000, 1.33452052588036, 0.00936229700438, 1.32515822887597, 0.00565901467398,-0.00000000000000, 0.00749908986256, 1.33469026464901, 0.00000000000000, 1.34405256165339, 1.33824412475357,    0.00000000000000,
  487,    3, 1.52031250000000, 0.00781250000000, 1.33452052588036, 0.00936229700438, 1.32515822887597, 0.00565901467398,-0.00000000000000, 0.00749908986256, 1.33469026464901, 0.00000000000000, 1.34405256165339, 1.33824412475357,    0.00000000000000,
  487,    4, 1.52031250000000, 0.01093750000000, 1.33452052588036, 0.00936229700438, 1.32515822887597, 0.00565901467398,-0.00000000000000, 0.00749908986256, 1.33469026464901, 0.00000000000000, 1.34405256165339, 1.33824412475357,    0.00000000000000,
  487,    5, 1.52031250000000, 0.01406250000000, 1.33452052588036, 0.00936229700438, 1.32515822887597, 0.00565901467398,-0.00000000000000, 0.00749908986256, 1.33469026464901, 0.00000000000000, 1.34405256165339, 1.33824412475357,    0.00000000000000,
  488,    1, 1.52343750000000, 0.00156250000000, 1.33487460163814, 0.00926435436400, 1.32561024727414, 0.00565832301216,-0.00000000000000, 0.00750073096731, 1.33513969554754, 0.00000000000000, 1.34440404991154, 1.60764646637428,    0.00000000000000,
  488,    2, 1.52343750000000, 0.00468750000000, 1.33487460163814, 0.00926435436400, 1.32561024727414, 0.00565832301216,-0.00000000000000, 0.00750073096731, 1.33513969554754, 0.00000000000000, 1.34440404991154, 1.60764646637428,    0.00000000000000,
  488,    3, 1.52343750000000, 0.00781250000000, 1.33487460163814, 0.00926435436400, 1.32561024727414, 0.00565832301216,-0.00000000000000, 0.00750073096731, 1.33513969554754, 0.00000000000000, 1.34440404991154, 1.60764646637428,    0.00000000000000,
  488,    4, 1.52343750000000, 0.01093750000000, 1.33487460163814, 0.00926435436400, 1.32561024727414, 0.00565832301216,-0.00000000000000, 0.00750073096731, 1.33513969554754, 0.00000000000000, 1.34440404991154, 1.60764646637428,    0.00000000000000,
  488,    5, 1.52343750000000, 0.01406250000000, 1.33487460163814, 0.00926435436400, 1.32561024727414, 0.00565832301216,-0.00000000000000, 0.00750073096731, 1.33513969554754, 0.00000000000000, 1.34440404991154, 1.60764646637428,    0.00000000000000,
  489,    1, 1.52656250000000, 0.00156250000000, 1.33529328466654, 0.00916648262668, 1.32612680203985, 0.00565735520643,-0.00000000000000, 0.00750237036791, 1.33565320706602, 0.00000000000000, 1.34481968969270, 1.87716493575737,    0.00000000000000,
  489,    2, 1.52656250000000, 0.00468750000000, 1.33529328466654, 0.00916648262668, 1.32612680203985, 0.00565735520643,-0.00000000000000, 0.00750237036791, 1.33565320706602, 0.00000000000000, 1.34481968969270, 1.87716493575737,    0.00000000000000,
  489,    3, 1.52656250000000, 0.00781250000000, 1.33529328466654, 0.00916648262668, 1.32612680203985, 0.00565735520643,-0.00000000000000, 0.00750237036791, 1.33565320706602, 0.00000000000000, 1.34481968969270, 1.87716493575737,    0.00000000000000,
  489,    4, 1.52656250000000, 0.01093750000000, 1.33529328466654, 0.00916648262668, 1.32612680203985, 0.00565735520643,-0.00000000000000, 0.00750237036791, 1.33565320706602, 0.00000000000000, 1.34481968969270, 1.87716493575737,    0.00000000000000,
  489,    5, 1.52656250000000, 0.01406250000000, 1.33529328466654, 0.00916648262668, 1.32612680203985, 0.00565735520643,-0.00000000000000, 0.00750237036791, 1.33565320706602, 0.00000000000000, 1.34481968969270, 1.87716493575737,    0.00000000000000,
  490,    1, 1.52968750000000, 0.00156250000000, 1.33577653369922, 0.00906869122550, 1.32670784247372, 0.00565611171699,-0.00000000000000, 0.00750400777284, 1.33623074971113, 0.00000000000000, 1.34529944093663, 2.14681204929594,    0.00000000000000,
  490,    2, 1.52968750000000, 0.00468750000000, 1.33577653369922, 0.00906869122550, 1.32670784247372, 0.00565611171699,-0.00000000000000, 0.00750400777284, 1.33623074971113, 0.00000000000000, 1.34529944093663, 2.14681204929594,    0.00000000000000,
  490,    3, 1.52968750000000, 0.00781250000000, 1.33577653369922, 0.00906869122550, 1.32670784247372, 0.00565611171699,-0.00000000000000, 0.00750400777284, 1.33623074971113, 0.00000000000000, 1.34529944093663, 2.14681204929594,    0.00000000000000,
  490,    4, 1.52968750000000, 0.01093750000000, 1.33577653369922, 0.00906869122550, 1.32670784247372, 0.00565611171699,-0.00000000000000, 0.00750400777284, 1.33623074971113, 0.00000000000000, 1.34529944093663, 2.14681204929594,    0.00000000000000,
  490,    5, 1.52968750000000, 0.01406250000000, 1.33577653369922, 0.00906869122550, 1.32670784247372, 0.00565611171699,-0.00000000000000, 0.00750400777284, 1.33623074971113, 0.00000000000000, 1.34529944093663, 2.14681204929594,    0.00000000000000,
  491,    1, 1.53281250000000, 0.00156250000000, 1.33632430111951, 0.00897098958579, 1.32735331153372, 0.00565459311101,-0.00000000000000, 0.00750564289127, 1.33687226781812, 0.00000000000000, 1.34584325740391, 2.41660019545651,    0.00000000000000,
  491,    2, 1.53281250000000, 0.00468750000000, 1.33632430111951, 0.00897098958579, 1.32735331153372, 0.00565459311101,-0.00000000000000, 0.00750564289127, 1.33687226781812, 0.00000000000000, 1.34584325740391, 2.41660019545651,    0.00000000000000,
  491,    3, 1.53281250000000, 0.00781250000000, 1.33632430111951, 0.00897098958579, 1.32735331153372, 0.00565459311101,-0.00000000000000, 0.00750564289127, 1.33687226781812, 0.00000000000000, 1.34584325740391, 2.41660019545651,    0.00000000000000,
  491,    4, 1.53281250000000, 0.01093750000000, 1.33632430111951, 0.00897098958579, 1.32735331153372, 0.00565459311101,-0.00000000000000, 0.00750564289127, 1.33687226781812, 0.00000000000000, 1.34584325740391, 2.41660019545651,    0.00000000000000,
  491,    5, 1.53281250000000, 0.01406250000000, 1.33632430111951, 0.00897098958579, 1.32735331153372, 0.00565459311101,-0.00000000000000, 0.00750564289127, 1.33687226781812, 0.00000000000000, 1.34584325740391, 2.41660019545651,    0.00000000000000,
  492,    1, 1.53593750000000, 0.00156250000000, 1.33693653296613, 0.00887338712425, 1.32806314584188, 0.00565280006201,-0.00000000000000, 0.00750727543316, 1.33757769955613, 0.00000000000000, 1.34645108668039, 2.68654161878955,    0.00000000000000,
  492,    2, 1.53593750000000, 0.00468750000000, 1.33693653296613, 0.00887338712425, 1.32806314584188, 0.00565280006201,-0.00000000000000, 0.00750727543316, 1.33757769955613, 0.00000000000000, 1.34645108668039, 2.68654161878955,    0.00000000000000,
  492,    3, 1.53593750000000, 0.00781250000000, 1.33693653296613, 0.00887338712425, 1.32806314584188, 0.00565280006201,-0.00000000000000, 0.00750727543316, 1.33757769955613, 0.00000000000000, 1.34645108668039, 2.68654161878955,    0.00000000000000,
  492,    4, 1.53593750000000, 0.01093750000000, 1.33693653296613, 0.00887338712425, 1.32806314584188, 0.00565280006201,-0.00000000000000, 0.00750727543316, 1.33757769955613, 0.00000000000000, 1.34645108668039, 2.68654161878955,    0.00000000000000,
  492,    5, 1.53593750000000, 0.01406250000000, 1.33693653296613, 0.00887338712425, 1.32806314584188, 0.00565280006201,-0.00000000000000, 0.00750727543316, 1.33757769955613, 0.00000000000000, 1.34645108668039, 2.68654161878955,    0.00000000000000,
  493,    1, 1.53906250000000, 0.00156250000000, 1.33761316893958, 0.00877589324801, 1.32883727569157, 0.00565073334917,-0.00000000000000, 0.00750890510937, 1.33834697693419, 0.00000000000000, 1.34712287018220, 2.95664840400429,    0.00000000000000,
  493,    2, 1.53906250000000, 0.00468750000000, 1.33761316893958, 0.00877589324801, 1.32883727569157, 0.00565073334917,-0.00000000000000, 0.00750890510937, 1.33834697693419, 0.00000000000000, 1.34712287018220, 2.95664840400429,    0.00000000000000,
  493,    3, 1.53906250000000, 0.00781250000000, 1.33761316893958, 0.00877589324801, 1.32883727569157, 0.00565073334917,-0.00000000000000, 0.00750890510937, 1.33834697693419, 0.00000000000000, 1.34712287018220, 2.95664840400429,    0.00000000000000,
  493,    4, 1.53906250000000, 0.01093750000000, 1.33761316893958, 0.00877589324801, 1.32883727569157, 0.00565073334917,-0.00000000000000, 0.00750890510937, 1.33834697693419, 0.00000000000000, 1.34712287018220, 2.95664840400429,    0.00000000000000,
  493,    5, 1.53906250000000, 0.01406250000000, 1.33761316893958, 0.00877589324801, 1.32883727569157, 0.00565073334917,-0.00000000000000, 0.00750890510937, 1.33834697693419, 0.00000000000000, 1.34712287018220, 2.95664840400429,    0.00000000000000,
  494,    1, 1.54218750000000, 0.00156250000000, 1.33835414240946, 0.00867851735372, 1.32967562505574, 0.00564839385649,-0.00000000000000, 0.00751053163169, 1.33918002580774, 0.00000000000000, 1.34785854316146, 3.22693246011504,    0.00000000000000,
  494,    2, 1.54218750000000, 0.00468750000000, 1.33835414240946, 0.00867851735372, 1.32967562505574, 0.00564839385649,-0.00000000000000, 0.00751053163169, 1.33918002580774, 0.00000000000000, 1.34785854316146, 3.22693246011504,    0.00000000000000,
  494,    3, 1.54218750000000, 0.00781250000000, 1.33835414240946, 0.00867851735372, 1.32967562505574, 0.00564839385649,-0.00000000000000, 0.00751053163169, 1.33918002580774, 0.00000000000000, 1.34785854316146, 3.22693246011504,    0.00000000000000,
  494,    4, 1.54218750000000, 0.01093750000000, 1.33835414240946, 0.00867851735372, 1.32967562505574, 0.00564839385649,-0.00000000000000, 0.00751053163169, 1.33918002580774, 0.00000000000000, 1.34785854316146, 3.22693246011504,    0.00000000000000,
  494,    5, 1.54218750000000, 0.01406250000000, 1.33835414240946, 0.00867851735372, 1.32967562505574, 0.00564839385649,-0.00000000000000, 0.00751053163169, 1.33918002580774, 0.00000000000000, 1.34785854316146, 3.22693246011504,    0.00000000000000,
  495,    1, 1.54531250000000, 0.00156250000000, 1.33915938042230, 0.00858126882668, 1.33057811159562, 0.00564578257193,-0.00000000000000, 0.00751215471304, 1.34007676588580, 0.00000000000000, 1.34865803471248, 3.49740550466549,    0.00000000000000,
  495,    2, 1.54531250000000, 0.00468750000000, 1.33915938042230, 0.00858126882668, 1.33057811159562, 0.00564578257193,-0.00000000000000, 0.00751215471304, 1.34007676588580, 0.00000000000000, 1.34865803471248, 3.49740550466549,    0.00000000000000,
  495,    3, 1.54531250000000, 0.00781250000000, 1.33915938042230, 0.00858126882668, 1.33057811159562, 0.00564578257193,-0.00000000000000, 0.00751215471304, 1.34007676588580, 0.00000000000000, 1.34865803471248, 3.49740550466549,    0.00000000000000,
  495,    4, 1.54531250000000, 0.01093750000000, 1.33915938042230, 0.00858126882668, 1.33057811159562, 0.00564578257193,-0.00000000000000, 0.00751215471304, 1.34007676588580, 0.00000000000000, 1.34865803471248, 3.49740550466549,    0.00000000000000,
  495,    5, 1.54531250000000, 0.01406250000000, 1.33915938042230, 0.00858126882668, 1.33057811159562, 0.00564578257193,-0.00000000000000, 0.00751215471304, 1.34007676588580, 0.00000000000000, 1.34865803471248, 3.49740550466549,    0.00000000000000,
  496,    1, 1.54843750000000, 0.00156250000000, 1.34002880371032, 0.00848415703990, 1.33154464667042, 0.00564290058635,-0.00000000000000, 0.00751377406745, 1.34103711073869, 0.00000000000000, 1.34952126777859, 3.76807904803922,    0.00000000000000,
  496,    2, 1.54843750000000, 0.00468750000000, 1.34002880371032, 0.00848415703990, 1.33154464667042, 0.00564290058635,-0.00000000000000, 0.00751377406745, 1.34103711073869, 0.00000000000000, 1.34952126777859, 3.76807904803922,    0.00000000000000,
  496,    3, 1.54843750000000, 0.00781250000000, 1.34002880371032, 0.00848415703990, 1.33154464667042, 0.00564290058635,-0.00000000000000, 0.00751377406745, 1.34103711073869, 0.00000000000000, 1.34952126777859, 3.76807904803922,    0.00000000000000,
  496,    4, 1.54843750000000, 0.01093750000000, 1.34002880371032, 0.00848415703990, 1.33154464667042, 0.00564290058635,-0.00000000000000, 0.00751377406745, 1.34103711073869, 0.00000000000000, 1.34952126777859, 3.76807904803922,    0.00000000000000,
  496,    5, 1.54843750000000, 0.01406250000000, 1.34002880371032, 0.00848415703990, 1.33154464667042, 0.00564290058635,-0.00000000000000, 0.00751377406745, 1.34103711073869, 0.00000000000000, 1.34952126777859, 3.76807904803922,    0.00000000000000,
  497,    1, 1.55156250000000, 0.00156250000000, 1.34096232670078, 0.00838719135322, 1.33257513534756, 0.00563974909245,-0.00000000000000, 0.00751538941020, 1.34206096780637, 0.00000000000000, 1.35044815915959, 4.03896437786293,    0.00000000000000,
  497,    2, 1.55156250000000, 0.00468750000000, 1.34096232670078, 0.00838719135322, 1.33257513534756, 0.00563974909245,-0.00000000000000, 0.00751538941020, 1.34206096780637, 0.00000000000000, 1.35044815915959, 4.03896437786293,    0.00000000000000,
  497,    3, 1.55156250000000, 0.00781250000000, 1.34096232670078, 0.00838719135322, 1.33257513534756, 0.00563974909245,-0.00000000000000, 0.00751538941020, 1.34206096780637, 0.00000000000000, 1.35044815915959, 4.03896437786293,    0.00000000000000,
  497,    4, 1.55156250000000, 0.01093750000000, 1.34096232670078, 0.00838719135322, 1.33257513534756, 0.00563974909245,-0.00000000000000, 0.00751538941020, 1.34206096780637, 0.00000000000000, 1.35044815915959, 4.03896437786293,    0.00000000000000,
  497,    5, 1.55156250000000, 0.01406250000000, 1.34096232670078, 0.00838719135322, 1.33257513534756, 0.00563974909245,-0.00000000000000, 0.00751538941020, 1.34206096780637, 0.00000000000000, 1.35044815915959, 4.03896437786293,    0.00000000000000,
  498,    1, 1.55468750000000, 0.00156250000000, 1.34195985752617, 0.00829038111240, 1.33366947641377, 0.00563632938359,-0.00000000000000, 0.00751700045791, 1.34314823840737, 0.00000000000000, 1.35143861951977, 4.31007254350923,    0.00000000000000,
  498,    2, 1.55468750000000, 0.00468750000000, 1.34195985752617, 0.00829038111240, 1.33366947641377, 0.00563632938359,-0.00000000000000, 0.00751700045791, 1.34314823840737, 0.00000000000000, 1.35143861951977, 4.31007254350923,    0.00000000000000,
  498,    3, 1.55468750000000, 0.00781250000000, 1.34195985752617, 0.00829038111240, 1.33366947641377, 0.00563632938359,-0.00000000000000, 0.00751700045791, 1.34314823840737, 0.00000000000000, 1.35143861951977, 4.31007254350923,    0.00000000000000,
  498,    4, 1.55468750000000, 0.01093750000000, 1.34195985752617, 0.00829038111240, 1.33366947641377, 0.00563632938359,-0.00000000000000, 0.00751700045791, 1.34314823840737, 0.00000000000000, 1.35143861951977, 4.31007254350923,    0.00000000000000,
  498,    5, 1.55468750000000, 0.01406250000000, 1.34195985752617, 0.00829038111240, 1.33366947641377, 0.00563632938359,-0.00000000000000, 0.00751700045791, 1.34314823840737, 0.00000000000000, 1.35143861951977, 4.31007254350923,    0.00000000000000,
  499,    1, 1.55781250000000, 0.00156250000000, 1.34302129803502, 0.00819373564820, 1.33482756238682, 0.00563264285250,-0.00000000000000, 0.00751860692860, 1.34429881774829, 0.00000000000000, 1.35249255339649, 4.58141434070682,    0.00000000000000,
  499,    2, 1.55781250000000, 0.00468750000000, 1.34302129803502, 0.00819373564820, 1.33482756238682, 0.00563264285250,-0.00000000000000, 0.00751860692860, 1.34429881774829, 0.00000000000000, 1.35249255339649, 4.58141434070682,    0.00000000000000,
  499,    3, 1.55781250000000, 0.00781250000000, 1.34302129803502, 0.00819373564820, 1.33482756238682, 0.00563264285250,-0.00000000000000, 0.00751860692860, 1.34429881774829, 0.00000000000000, 1.35249255339649, 4.58141434070682,    0.00000000000000,
  499,    4, 1.55781250000000, 0.01093750000000, 1.34302129803502, 0.00819373564820, 1.33482756238682, 0.00563264285250,-0.00000000000000, 0.00751860692860, 1.34429881774829, 0.00000000000000, 1.35249255339649, 4.58141434070682,    0.00000000000000,
  499,    5, 1.55781250000000, 0.01406250000000, 1.34302129803502, 0.00819373564820, 1.33482756238682, 0.00563264285250,-0.00000000000000, 0.00751860692860, 1.34429881774829, 0.00000000000000, 1.35249255339649, 4.58141434070682,    0.00000000000000,
  500,    1, 1.56093750000000, 0.00156250000000, 1.34414654380352, 0.00809726427552, 1.33604927952800, 0.00562869098993,-0.00000000000000, 0.00752020854178, 1.34551259493390, 0.00000000000000, 1.35360985920942, 4.85300029626433,    0.00000000000000,
  500,    2, 1.56093750000000, 0.00468750000000, 1.34414654380352, 0.00809726427552, 1.33604927952800, 0.00562869098993,-0.00000000000000, 0.00752020854178, 1.34551259493390, 0.00000000000000, 1.35360985920942, 4.85300029626433,    0.00000000000000,
  500,    3, 1.56093750000000, 0.00781250000000, 1.34414654380352, 0.00809726427552, 1.33604927952800, 0.00562869098993,-0.00000000000000, 0.00752020854178, 1.34551259493390, 0.00000000000000, 1.35360985920942, 4.85300029626433,    0.00000000000000,
  500,    4, 1.56093750000000, 0.01093750000000, 1.34414654380352, 0.00809726427552, 1.33604927952800, 0.00562869098993,-0.00000000000000, 0.00752020854178, 1.34551259493390, 0.00000000000000, 1.35360985920942, 4.85300029626433,    0.00000000000000,
  500,    5, 1.56093750000000, 0.01406250000000, 1.34414654380352, 0.00809726427552, 1.33604927952800, 0.00562869098993,-0.00000000000000, 0.00752020854178, 1.34551259493390, 0.00000000000000, 1.35360985920942, 4.85300029626433,    0.00000000000000,
  501,    1, 1.56406250000000, 0.00156250000000, 1.34533548414782, 0.00800097629247, 1.33733450785535, 0.00562447538318,-0.00000000000000, 0.00752180501851, 1.34678945297782, 0.00000000000000, 1.35479042927029, 5.12484065291509,    0.00000000000000,
  501,    2, 1.56406250000000, 0.00468750000000, 1.34533548414782, 0.00800097629247, 1.33733450785535, 0.00562447538318,-0.00000000000000, 0.00752180501851, 1.34678945297782, 0.00000000000000, 1.35479042927029, 5.12484065291509,    0.00000000000000,
  501,    3, 1.56406250000000, 0.00781250000000, 1.34533548414782, 0.00800097629247, 1.33733450785535, 0.00562447538318,-0.00000000000000, 0.00752180501851, 1.34678945297782, 0.00000000000000, 1.35479042927029, 5.12484065291509,    0.00000000000000,
  501,    4, 1.56406250000000, 0.01093750000000, 1.34533548414782, 0.00800097629247, 1.33733450785535, 0.00562447538318,-0.00000000000000, 0.00752180501851, 1.34678945297782, 0.00000000000000, 1.35479042927029, 5.12484065291509,    0.00000000000000,
  501,    5, 1.56406250000000, 0.01406250000000, 1.34533548414782, 0.00800097629247, 1.33733450785535, 0.00562447538318,-0.00000000000000, 0.00752180501851, 1.34678945297782, 0.00000000000000, 1.35479042927029, 5.12484065291509,    0.00000000000000,
  502,    1, 1.56718750000000, 0.00156250000000, 1.34658800213703, 0.00790488097948, 1.33868312115754, 0.00561999771464,-0.00000000000000, 0.00752339608153, 1.34812926881381, 0.00000000000000, 1.35603414979330, 5.39694535428999,    0.00000000000000,
  502,    2, 1.56718750000000, 0.00468750000000, 1.34658800213703, 0.00790488097948, 1.33868312115754, 0.00561999771464,-0.00000000000000, 0.00752339608153, 1.34812926881381, 0.00000000000000, 1.35603414979330, 5.39694535428999,    0.00000000000000,
  502,    3, 1.56718750000000, 0.00781250000000, 1.34658800213703, 0.00790488097948, 1.33868312115754, 0.00561999771464,-0.00000000000000, 0.00752339608153, 1.34812926881381, 0.00000000000000, 1.35603414979330, 5.39694535428999,    0.00000000000000,
  502,    4, 1.56718750000000, 0.01093750000000, 1.34658800213703, 0.00790488097948, 1.33868312115754, 0.00561999771464,-0.00000000000000, 0.00752339608153, 1.34812926881381, 0.00000000000000, 1.35603414979330, 5.39694535428999,    0.00000000000000,
  502,    5, 1.56718750000000, 0.01406250000000, 1.34658800213703, 0.00790488097948, 1.33868312115754, 0.00561999771464,-0.00000000000000, 0.00752339608153, 1.34812926881381, 0.00000000000000, 1.35603414979330, 5.39694535428999,    0.00000000000000,
  503,    1, 1.57031250000000, 0.00156250000000, 1.34790397460686, 0.00780898759843, 1.34009498700842, 0.00561525976009,-0.00000000000000, 0.00752498145525, 1.34953191330765, 0.00000000000000, 1.35734090090608, 5.66932403002456,    0.00000000000000,
  503,    2, 1.57031250000000, 0.00468750000000, 1.34790397460686, 0.00780898759843, 1.34009498700842, 0.00561525976009,-0.00000000000000, 0.00752498145525, 1.34953191330765, 0.00000000000000, 1.35734090090608, 5.66932403002456,    0.00000000000000,
  503,    3, 1.57031250000000, 0.00781250000000, 1.34790397460686, 0.00780898759843, 1.34009498700842, 0.00561525976009,-0.00000000000000, 0.00752498145525, 1.34953191330765, 0.00000000000000, 1.35734090090608, 5.66932403002456,    0.00000000000000,
  503,    4, 1.57031250000000, 0.01093750000000, 1.34790397460686, 0.00780898759843, 1.34009498700842, 0.00561525976009,-0.00000000000000, 0.00752498145525, 1.34953191330765, 0.00000000000000, 1.35734090090608, 5.66932403002456,    0.00000000000000,
  503,    5, 1.57031250000000, 0.01406250000000, 1.34790397460686, 0.00780898759843, 1.34009498700842, 0.00561525976009,-0.00000000000000, 0.00752498145525, 1.34953191330765, 0.00000000000000, 1.35734090090608, 5.66932403002456,    0.00000000000000,
  504,    1, 1.57343750000000, 0.00156250000000, 1.34928327217426, 0.00771330539171, 1.34156996678255, 0.00561026338711,-0.00000000000000, 0.00752656086588, 1.35099725126953, 0.00000000000000, 1.35871055666124, 5.94198598100806,    0.00000000000000,
  504,    2, 1.57343750000000, 0.00468750000000, 1.34928327217426, 0.00771330539171, 1.34156996678255, 0.00561026338711,-0.00000000000000, 0.00752656086588, 1.35099725126953, 0.00000000000000, 1.35871055666124, 5.94198598100806,    0.00000000000000,
  504,    3, 1.57343750000000, 0.00781250000000, 1.34928327217426, 0.00771330539171, 1.34156996678255, 0.00561026338711,-0.00000000000000, 0.00752656086588, 1.35099725126953, 0.00000000000000, 1.35871055666124, 5.94198598100806,    0.00000000000000,
  504,    4, 1.57343750000000, 0.01093750000000, 1.34928327217426, 0.00771330539171, 1.34156996678255, 0.00561026338711,-0.00000000000000, 0.00752656086588, 1.35099725126953, 0.00000000000000, 1.35871055666124, 5.94198598100806,    0.00000000000000,
  504,    5, 1.57343750000000, 0.01406250000000, 1.34928327217426, 0.00771330539171, 1.34156996678255, 0.00561026338711,-0.00000000000000, 0.00752656086588, 1.35099725126953, 0.00000000000000, 1.35871055666124, 5.94198598100806,    0.00000000000000,
  505,    1, 1.57656250000000, 0.00156250000000, 1.35072575925229, 0.00761784358138, 1.34310791567091, 0.00560501055326,-0.00000000000000, 0.00752813404150, 1.35252514146713, 0.00000000000000, 1.36014298504851, 6.21494016478043,    0.00000000000000,
  505,    2, 1.57656250000000, 0.00468750000000, 1.35072575925229, 0.00761784358138, 1.34310791567091, 0.00560501055326,-0.00000000000000, 0.00752813404150, 1.35252514146713, 0.00000000000000, 1.36014298504851, 6.21494016478043,    0.00000000000000,
  505,    3, 1.57656250000000, 0.00781250000000, 1.35072575925229, 0.00761784358138, 1.34310791567091, 0.00560501055326,-0.00000000000000, 0.00752813404150, 1.35252514146713, 0.00000000000000, 1.36014298504851, 6.21494016478043,    0.00000000000000,
  505,    4, 1.57656250000000, 0.01093750000000, 1.35072575925229, 0.00761784358138, 1.34310791567091, 0.00560501055326,-0.00000000000000, 0.00752813404150, 1.35252514146713, 0.00000000000000, 1.36014298504851, 6.21494016478043,    0.00000000000000,
  505,    5, 1.57656250000000, 0.01406250000000, 1.35072575925229, 0.00761784358138, 1.34310791567091, 0.00560501055326,-0.00000000000000, 0.00752813404150, 1.35252514146713, 0.00000000000000, 1.36014298504851, 6.21494016478043,    0.00000000000000,
  506,    1, 1.57968750000000, 0.00156250000000, 1.35223129406597, 0.00752261136824, 1.34470868269773, 0.00559950330429,-0.00000000000000, 0.00752970071208, 1.35411543663921, 0.00000000000000, 1.36163804800745, 6.48819518108430,    0.00000000000000,
  506,    2, 1.57968750000000, 0.00468750000000, 1.35223129406597, 0.00752261136824, 1.34470868269773, 0.00559950330429,-0.00000000000000, 0.00752970071208, 1.35411543663921, 0.00000000000000, 1.36163804800745, 6.48819518108430,    0.00000000000000,
  506,    3, 1.57968750000000, 0.00781250000000, 1.35223129406597, 0.00752261136824, 1.34470868269773, 0.00559950330429,-0.00000000000000, 0.00752970071208, 1.35411543663921, 0.00000000000000, 1.36163804800745, 6.48819518108430,    0.00000000000000,
  506,    4, 1.57968750000000, 0.01093750000000, 1.35223129406597, 0.00752261136824, 1.34470868269773, 0.00559950330429,-0.00000000000000, 0.00752970071208, 1.35411543663921, 0.00000000000000, 1.36163804800745, 6.48819518108430,    0.00000000000000,
  506,    5, 1.57968750000000, 0.01406250000000, 1.35223129406597, 0.00752261136824, 1.34470868269773, 0.00559950330429,-0.00000000000000, 0.00752970071208, 1.35411543663921, 0.00000000000000, 1.36163804800745, 6.48819518108430,    0.00000000000000,
  507,    1, 1.58281250000000, 0.00156250000000, 1.35379972866893, 0.00742761793098, 1.34637211073796, 0.00559374377225,-0.00000000000000, 0.00753126060957, 1.35576798350982, 0.00000000000000, 1.36319560144079, 6.76175925757857,    0.00000000000000,
  507,    2, 1.58281250000000, 0.00468750000000, 1.35379972866893, 0.00742761793098, 1.34637211073796, 0.00559374377225,-0.00000000000000, 0.00753126060957, 1.35576798350982, 0.00000000000000, 1.36319560144079, 6.76175925757857,    0.00000000000000,
  507,    3, 1.58281250000000, 0.00781250000000, 1.35379972866893, 0.00742761793098, 1.34637211073796, 0.00559374377225,-0.00000000000000, 0.00753126060957, 1.35576798350982, 0.00000000000000, 1.36319560144079, 6.76175925757857,    0.00000000000000,
  507,    4, 1.58281250000000, 0.01093750000000, 1.35379972866893, 0.00742761793098, 1.34637211073796, 0.00559374377225,-0.00000000000000, 0.00753126060957, 1.35576798350982, 0.00000000000000, 1.36319560144079, 6.76175925757857,    0.00000000000000,
  507,    5, 1.58281250000000, 0.01406250000000, 1.35379972866893, 0.00742761793098, 1.34637211073796, 0.00559374377225,-0.00000000000000, 0.00753126060957, 1.35576798350982, 0.00000000000000, 1.36319560144079, 6.76175925757857,    0.00000000000000,
  508,    1, 1.58593750000000, 0.00156250000000, 1.35543090896042, 0.00733287242525, 1.34809803653517, 0.00558773417349,-0.00000000000000, 0.00753281346797, 1.35748262280304, 0.00000000000000, 1.36481549522829, 7.03564023572024,    0.00000000000000,
  508,    2, 1.58593750000000, 0.00468750000000, 1.35543090896042, 0.00733287242525, 1.34809803653517, 0.00558773417349,-0.00000000000000, 0.00753281346797, 1.35748262280304, 0.00000000000000, 1.36481549522829, 7.03564023572024,    0.00000000000000,
  508,    3, 1.58593750000000, 0.00781250000000, 1.35543090896042, 0.00733287242525, 1.34809803653517, 0.00558773417349,-0.00000000000000, 0.00753281346797, 1.35748262280304, 0.00000000000000, 1.36481549522829, 7.03564023572024,    0.00000000000000,
  508,    4, 1.58593750000000, 0.01093750000000, 1.35543090896042, 0.00733287242525, 1.34809803653517, 0.00558773417349,-0.00000000000000, 0.00753281346797, 1.35748262280304, 0.00000000000000, 1.36481549522829, 7.03564023572024,    0.00000000000000,
  508,    5, 1.58593750000000, 0.01406250000000, 1.35543090896042, 0.00733287242525, 1.34809803653517, 0.00558773417349,-0.00000000000000, 0.00753281346797, 1.35748262280304, 0.00000000000000, 1.36481549522829, 7.03564023572024,    0.00000000000000,
  509,    1, 1.58906250000000, 0.00156250000000, 1.35712467470315, 0.00723838398283, 1.34988629072032, 0.00558147680672,-0.00000000000000, 0.00753435902337, 1.35925918925838, 0.00000000000000, 1.36649757324121, 7.30984555682063,    0.00000000000000,
  509,    2, 1.58906250000000, 0.00468750000000, 1.35712467470315, 0.00723838398283, 1.34988629072032, 0.00558147680672,-0.00000000000000, 0.00753435902337, 1.35925918925838, 0.00000000000000, 1.36649757324121, 7.30984555682063,    0.00000000000000,
  509,    3, 1.58906250000000, 0.00781250000000, 1.35712467470315, 0.00723838398283, 1.34988629072032, 0.00558147680672,-0.00000000000000, 0.00753435902337, 1.35925918925838, 0.00000000000000, 1.36649757324121, 7.30984555682063,    0.00000000000000,
  509,    4, 1.58906250000000, 0.01093750000000, 1.35712467470315, 0.00723838398283, 1.34988629072032, 0.00558147680672,-0.00000000000000, 0.00753435902337, 1.35925918925838, 0.00000000000000, 1.36649757324121, 7.30984555682063,    0.00000000000000,
  509,    5, 1.58906250000000, 0.01406250000000, 1.35712467470315, 0.00723838398283, 1.34988629072032, 0.00558147680672,-0.00000000000000, 0.00753435902337, 1.35925918925838, 0.00000000000000, 1.36649757324121, 7.30984555682063,    0.00000000000000,
  510,    1, 1.59218750000000, 0.00156250000000, 1.35888085954187, 0.00714416171071, 1.35173669783116, 0.00557497405086,-0.00000000000000, 0.00753589701401, 1.36109751164666, 0.00000000000000, 1.36824167335737, 7.58438224828272,    0.00000000000000,
  510,    2, 1.59218750000000, 0.00468750000000, 1.35888085954187, 0.00714416171071, 1.35173669783116, 0.00557497405086,-0.00000000000000, 0.00753589701401, 1.36109751164666, 0.00000000000000, 1.36824167335737, 7.58438224828272,    0.00000000000000,
  510,    3, 1.59218750000000, 0.00781250000000, 1.35888085954187, 0.00714416171071, 1.35173669783116, 0.00557497405086,-0.00000000000000, 0.00753589701401, 1.36109751164666, 0.00000000000000, 1.36824167335737, 7.58438224828272,    0.00000000000000,
  510,    4, 1.59218750000000, 0.01093750000000, 1.35888085954187, 0.00714416171071, 1.35173669783116, 0.00557497405086,-0.00000000000000, 0.00753589701401, 1.36109751164666, 0.00000000000000, 1.36824167335737, 7.58438224828272,    0.00000000000000,
  510,    5, 1.59218750000000, 0.01406250000000, 1.35888085954187, 0.00714416171071, 1.35173669783116, 0.00557497405086,-0.00000000000000, 0.00753589701401, 1.36109751164666, 0.00000000000000, 1.36824167335737, 7.58438224828272,    0.00000000000000,
  511,    1, 1.59531250000000, 0.00156250000000, 1.36069929102251, 0.00705021469023, 1.35364907633229, 0.00556822836297,-0.00000000000000, 0.00753742718034, 1.36299741278654, 0.00000000000000, 1.37004762747677, 7.85925691002618,    0.00000000000000,
  511,    2, 1.59531250000000, 0.00468750000000, 1.36069929102251, 0.00705021469023, 1.35364907633229, 0.00556822836297,-0.00000000000000, 0.00753742718034, 1.36299741278654, 0.00000000000000, 1.37004762747677, 7.85925691002618,    0.00000000000000,
  511,    3, 1.59531250000000, 0.00781250000000, 1.36069929102251, 0.00705021469023, 1.35364907633229, 0.00556822836297,-0.00000000000000, 0.00753742718034, 1.36299741278654, 0.00000000000000, 1.37004762747677, 7.85925691002618,    0.00000000000000,
  511,    4, 1.59531250000000, 0.01093750000000, 1.36069929102251, 0.00705021469023, 1.35364907633229, 0.00556822836297,-0.00000000000000, 0.00753742718034, 1.36299741278654, 0.00000000000000, 1.37004762747677, 7.85925691002618,    0.00000000000000,
  511,    5, 1.59531250000000, 0.01406250000000, 1.36069929102251, 0.00705021469023, 1.35364907633229, 0.00556822836297,-0.00000000000000, 0.00753742718034, 1.36299741278654, 0.00000000000000, 1.37004762747677, 7.85925691002618,    0.00000000000000,
  512,    1, 1.59843750000000, 0.00156250000000, 1.36257979061195, 0.00695655197619, 1.35562323863576, 0.00556124227602,-0.00000000000000, 0.00753894926505, 1.36495870956160, 0.00000000000000, 1.37191526153779, 8.13447570110558,    0.00000000000000,
  512,    2, 1.59843750000000, 0.00468750000000, 1.36257979061195, 0.00695655197619, 1.35562323863576, 0.00556124227602,-0.00000000000000, 0.00753894926505, 1.36495870956160, 0.00000000000000, 1.37191526153779, 8.13447570110558,    0.00000000000000,
  512,    3, 1.59843750000000, 0.00781250000000, 1.36257979061195, 0.00695655197619, 1.35562323863576, 0.00556124227602,-0.00000000000000, 0.00753894926505, 1.36495870956160, 0.00000000000000, 1.37191526153779, 8.13447570110558,    0.00000000000000,
  512,    4, 1.59843750000000, 0.01093750000000, 1.36257979061195, 0.00695655197619, 1.35562323863576, 0.00556124227602,-0.00000000000000, 0.00753894926505, 1.36495870956160, 0.00000000000000, 1.37191526153779, 8.13447570110558,    0.00000000000000,
  512,    5, 1.59843750000000, 0.01406250000000, 1.36257979061195, 0.00695655197619, 1.35562323863576, 0.00556124227602,-0.00000000000000, 0.00753894926505, 1.36495870956160, 0.00000000000000, 1.37191526153779, 8.13447570110558,    0.00000000000000,
  513,    1, 1.60156250000000, 0.00156250000000, 1.36452217371849, 0.00686318259601, 1.35765899112248, 0.00555401839672,-0.00000000000000, 0.00754046301317, 1.36698121293798, 0.00000000000000, 1.37384439553399, 8.41004432652901,    0.00000000000000,
  513,    2, 1.60156250000000, 0.00468750000000, 1.36452217371849, 0.00686318259601, 1.35765899112248, 0.00555401839672,-0.00000000000000, 0.00754046301317, 1.36698121293798, 0.00000000000000, 1.37384439553399, 8.41004432652901,    0.00000000000000,
  513,    3, 1.60156250000000, 0.00781250000000, 1.36452217371849, 0.00686318259601, 1.35765899112248, 0.00555401839672,-0.00000000000000, 0.00754046301317, 1.36698121293798, 0.00000000000000, 1.37384439553399, 8.41004432652901,    0.00000000000000,
  513,    4, 1.60156250000000, 0.01093750000000, 1.36452217371849, 0.00686318259601, 1.35765899112248, 0.00555401839672,-0.00000000000000, 0.00754046301317, 1.36698121293798, 0.00000000000000, 1.37384439553399, 8.41004432652901,    0.00000000000000,
  513,    5, 1.60156250000000, 0.01406250000000, 1.36452217371849, 0.00686318259601, 1.35765899112248, 0.00555401839672,-0.00000000000000, 0.00754046301317, 1.36698121293798, 0.00000000000000, 1.37384439553399, 8.41004432652901,    0.00000000000000,
  514,    1, 1.60468750000000, 0.00156250000000, 1.36652624971307, 0.00677011554882, 1.35975613416425, 0.00554655940322,-0.00000000000000, 0.00754196817203, 1.36906472798258, 0.00000000000000, 1.37583484353140, 8.68596802428243,    0.00000000000000,
  514,    2, 1.60468750000000, 0.00468750000000, 1.36652624971307, 0.00677011554882, 1.35975613416425, 0.00554655940322,-0.00000000000000, 0.00754196817203, 1.36906472798258, 0.00000000000000, 1.37583484353140, 8.68596802428243,    0.00000000000000,
  514,    3, 1.60468750000000, 0.00781250000000, 1.36652624971307, 0.00677011554882, 1.35975613416425, 0.00554655940322,-0.00000000000000, 0.00754196817203, 1.36906472798258, 0.00000000000000, 1.37583484353140, 8.68596802428243,    0.00000000000000,
  514,    4, 1.60468750000000, 0.01093750000000, 1.36652624971307, 0.00677011554882, 1.35975613416425, 0.00554655940322,-0.00000000000000, 0.00754196817203, 1.36906472798258, 0.00000000000000, 1.37583484353140, 8.68596802428243,    0.00000000000000,
  514,    5, 1.60468750000000, 0.01406250000000, 1.36652624971307, 0.00677011554882, 1.35975613416425, 0.00554655940322,-0.00000000000000, 0.00754196817203, 1.36906472798258, 0.00000000000000, 1.37583484353140, 8.68596802428243,    0.00000000000000,
  515,    1, 1.60781250000000, 0.00156250000000, 1.36859182195081, 0.00667735980462, 1.36191446214619, 0.00553886804279,-0.00000000000000, 0.00754346449140, 1.37120905388188, 0.00000000000000, 1.37788641368650, 8.96225155256602,    0.00000000000000,
  515,    2, 1.60781250000000, 0.00468750000000, 1.36859182195081, 0.00667735980462, 1.36191446214619, 0.00553886804279,-0.00000000000000, 0.00754346449140, 1.37120905388188, 0.00000000000000, 1.37788641368650, 8.96225155256602,    0.00000000000000,
  515,    3, 1.60781250000000, 0.00781250000000, 1.36859182195081, 0.00667735980462, 1.36191446214619, 0.00553886804279,-0.00000000000000, 0.00754346449140, 1.37120905388188, 0.00000000000000, 1.37788641368650, 8.96225155256602,    0.00000000000000,
  515,    4, 1.60781250000000, 0.01093750000000, 1.36859182195081, 0.00667735980462, 1.36191446214619, 0.00553886804279,-0.00000000000000, 0.00754346449140, 1.37120905388188, 0.00000000000000, 1.37788641368650, 8.96225155256602,    0.00000000000000,
  515,    5, 1.60781250000000, 0.01406250000000, 1.36859182195081, 0.00667735980462, 1.36191446214619, 0.00553886804279,-0.00000000000000, 0.00754346449140, 1.37120905388188, 0.00000000000000, 1.37788641368650, 8.96225155256602,    0.00000000000000,
  516,    1, 1.61093750000000, 0.00156250000000, 1.37071868779350, 0.00658492430339, 1.36413376349011, 0.00553094712952,-0.00000000000000, 0.00754495172345, 1.37341398396131, 0.00000000000000, 1.37999890826470, 9.23889917724886,    0.00000000000000,
  516,    2, 1.61093750000000, 0.00468750000000, 1.37071868779350, 0.00658492430339, 1.36413376349011, 0.00553094712952,-0.00000000000000, 0.00754495172345, 1.37341398396131, 0.00000000000000, 1.37999890826470, 9.23889917724886,    0.00000000000000,
  516,    3, 1.61093750000000, 0.00781250000000, 1.37071868779350, 0.00658492430339, 1.36413376349011, 0.00553094712952,-0.00000000000000, 0.00754495172345, 1.37341398396131, 0.00000000000000, 1.37999890826470, 9.23889917724886,    0.00000000000000,
  516,    4, 1.61093750000000, 0.01093750000000, 1.37071868779350, 0.00658492430339, 1.36413376349011, 0.00553094712952,-0.00000000000000, 0.00754495172345, 1.37341398396131, 0.00000000000000, 1.37999890826470, 9.23889917724886,    0.00000000000000,
  516,    5, 1.61093750000000, 0.01406250000000, 1.37071868779350, 0.00658492430339, 1.36413376349011, 0.00553094712952,-0.00000000000000, 0.00754495172345, 1.37341398396131, 0.00000000000000, 1.37999890826470, 9.23889917724886,    0.00000000000000,
  517,    1, 1.61406250000000, 0.00156250000000, 1.37290663863253, 0.00649281795427, 1.36641382067827, 0.00552279954189,-0.00000000000000, 0.00754642962287, 1.37567930570511, 0.00000000000000, 1.38217212365937, 9.51591465954715,    0.00000000000000,
  517,    2, 1.61406250000000, 0.00468750000000, 1.37290663863253, 0.00649281795427, 1.36641382067827, 0.00552279954189,-0.00000000000000, 0.00754642962287, 1.37567930570511, 0.00000000000000, 1.38217212365937, 9.51591465954715,    0.00000000000000,
  517,    3, 1.61406250000000, 0.00781250000000, 1.37290663863253, 0.00649281795427, 1.36641382067827, 0.00552279954189,-0.00000000000000, 0.00754642962287, 1.37567930570511, 0.00000000000000, 1.38217212365937, 9.51591465954715,    0.00000000000000,
  517,    4, 1.61406250000000, 0.01093750000000, 1.37290663863253, 0.00649281795427, 1.36641382067827, 0.00552279954189,-0.00000000000000, 0.00754642962287, 1.37567930570511, 0.00000000000000, 1.38217212365937, 9.51591465954715,    0.00000000000000,
  517,    5, 1.61406250000000, 0.01406250000000, 1.37290663863253, 0.00649281795427, 1.36641382067827, 0.00552279954189,-0.00000000000000, 0.00754642962287, 1.37567930570511, 0.00000000000000, 1.38217212365937, 9.51591465954715,    0.00000000000000,
  518,    1, 1.61718750000000, 0.00156250000000, 1.37515545991249, 0.00640104963465, 1.36875441027784, 0.00551442822040,-0.00000000000000, 0.00754789794683, 1.37800480077684, 0.00000000000000, 1.38440585041149, 9.79330124393224,    0.00000000000000,
  518,    2, 1.61718750000000, 0.00468750000000, 1.37515545991249, 0.00640104963465, 1.36875441027784, 0.00551442822040,-0.00000000000000, 0.00754789794683, 1.37800480077684, 0.00000000000000, 1.38440585041149, 9.79330124393224,    0.00000000000000,
  518,    3, 1.61718750000000, 0.00781250000000, 1.37515545991249, 0.00640104963465, 1.36875441027784, 0.00551442822040,-0.00000000000000, 0.00754789794683, 1.37800480077684, 0.00000000000000, 1.38440585041149, 9.79330124393224,    0.00000000000000,
  518,    4, 1.61718750000000, 0.01093750000000, 1.37515545991249, 0.00640104963465, 1.36875441027784, 0.00551442822040,-0.00000000000000, 0.00754789794683, 1.37800480077684, 0.00000000000000, 1.38440585041149, 9.79330124393224,    0.00000000000000,
  518,    5, 1.61718750000000, 0.01406250000000, 1.37515545991249, 0.00640104963465, 1.36875441027784, 0.00551442822040,-0.00000000000000, 0.00754789794683, 1.37800480077684, 0.00000000000000, 1.38440585041149, 9.79330124393224,    0.00000000000000,
  519,    1, 1.62031250000000, 0.00156250000000, 1.37746493115535, 0.00630962818936, 1.37115530296599, 0.00550583616514,-0.00000000000000, 0.00754935645509, 1.38039024504046, 0.00000000000000, 1.38669987322982,10.07106164627426,    0.00000000000000,
  519,    2, 1.62031250000000, 0.00468750000000, 1.37746493115535, 0.00630962818936, 1.37115530296599, 0.00550583616514,-0.00000000000000, 0.00754935645509, 1.38039024504046, 0.00000000000000, 1.38669987322982,10.07106164627426,    0.00000000000000,
  519,    3, 1.62031250000000, 0.00781250000000, 1.37746493115535, 0.00630962818936, 1.37115530296599, 0.00550583616514,-0.00000000000000, 0.00754935645509, 1.38039024504046, 0.00000000000000, 1.38669987322982,10.07106164627426,    0.00000000000000,
  519,    4, 1.62031250000000, 0.01093750000000, 1.37746493115535, 0.00630962818936, 1.37115530296599, 0.00550583616514,-0.00000000000000, 0.00754935645509, 1.38039024504046, 0.00000000000000, 1.38669987322982,10.07106164627426,    0.00000000000000,
  519,    5, 1.62031250000000, 0.01406250000000, 1.37746493115535, 0.00630962818936, 1.37115530296599, 0.00550583616514,-0.00000000000000, 0.00754935645509, 1.38039024504046, 0.00000000000000, 1.38669987322982,10.07106164627426,    0.00000000000000,
  520,    1, 1.62343750000000, 0.00156250000000, 1.37983482598524, 0.00621856242978, 1.37361626355546, 0.00549702643331,-0.00000000000000, 0.00755080490999, 1.38283540858189, 0.00000000000000, 1.38905397101168,10.34919804222608,    0.00000000000000,
  520,    2, 1.62343750000000, 0.00468750000000, 1.37983482598524, 0.00621856242978, 1.37361626355546, 0.00549702643331,-0.00000000000000, 0.00755080490999, 1.38283540858189, 0.00000000000000, 1.38905397101168,10.34919804222608,    0.00000000000000,
  520,    3, 1.62343750000000, 0.00781250000000, 1.37983482598524, 0.00621856242978, 1.37361626355546, 0.00549702643331,-0.00000000000000, 0.00755080490999, 1.38283540858189, 0.00000000000000, 1.38905397101168,10.34919804222608,    0.00000000000000,
  520,    4, 1.62343750000000, 0.01093750000000, 1.37983482598524, 0.00621856242978, 1.37361626355546, 0.00549702643331,-0.00000000000000, 0.00755080490999, 1.38283540858189, 0.00000000000000, 1.38905397101168,10.34919804222608,    0.00000000000000,
  520,    5, 1.62343750000000, 0.01406250000000, 1.37983482598524, 0.00621856242978, 1.37361626355546, 0.00549702643331,-0.00000000000000, 0.00755080490999, 1.38283540858189, 0.00000000000000, 1.38905397101168,10.34919804222608,    0.00000000000000,
  521,    1, 1.62656250000000, 0.00156250000000, 1.38226491215383, 0.00612786113303, 1.37613705102079, 0.00548800213677,-0.00000000000000, 0.00755224307649, 1.38534005573117, 0.00000000000000, 1.39146791686420,10.62771205585433,    0.00000000000000,
  521,    2, 1.62656250000000, 0.00468750000000, 1.38226491215383, 0.00612786113303, 1.37613705102079, 0.00548800213677,-0.00000000000000, 0.00755224307649, 1.38534005573117, 0.00000000000000, 1.39146791686420,10.62771205585433,    0.00000000000000,
  521,    3, 1.62656250000000, 0.00781250000000, 1.38226491215383, 0.00612786113303, 1.37613705102079, 0.00548800213677,-0.00000000000000, 0.00755224307649, 1.38534005573117, 0.00000000000000, 1.39146791686420,10.62771205585433,    0.00000000000000,
  521,    4, 1.62656250000000, 0.01093750000000, 1.38226491215383, 0.00612786113303, 1.37613705102079, 0.00548800213677,-0.00000000000000, 0.00755224307649, 1.38534005573117, 0.00000000000000, 1.39146791686420,10.62771205585433,    0.00000000000000,
  521,    5, 1.62656250000000, 0.01406250000000, 1.38226491215383, 0.00612786113303, 1.37613705102079, 0.00548800213677,-0.00000000000000, 0.00755224307649, 1.38534005573117, 0.00000000000000, 1.39146791686420,10.62771205585433,    0.00000000000000,
  522,    1, 1.62968750000000, 0.00156250000000, 1.38475495156628, 0.00603753304109, 1.37871741852520, 0.00547876643955,-0.00000000000000, 0.00755367072224, 1.38790394508520, 0.00000000000000, 1.39394147812628,10.90660474852198,    0.00000000000000,
  522,    2, 1.62968750000000, 0.00468750000000, 1.38475495156628, 0.00603753304109, 1.37871741852520, 0.00547876643955,-0.00000000000000, 0.00755367072224, 1.38790394508520, 0.00000000000000, 1.39394147812628,10.90660474852198,    0.00000000000000,
  522,    3, 1.62968750000000, 0.00781250000000, 1.38475495156628, 0.00603753304109, 1.37871741852520, 0.00547876643955,-0.00000000000000, 0.00755367072224, 1.38790394508520, 0.00000000000000, 1.39394147812628,10.90660474852198,    0.00000000000000,
  522,    4, 1.62968750000000, 0.01093750000000, 1.38475495156628, 0.00603753304109, 1.37871741852520, 0.00547876643955,-0.00000000000000, 0.00755367072224, 1.38790394508520, 0.00000000000000, 1.39394147812628,10.90660474852198,    0.00000000000000,
  522,    5, 1.62968750000000, 0.01406250000000, 1.38475495156628, 0.00603753304109, 1.37871741852520, 0.00547876643955,-0.00000000000000, 0.00755367072224, 1.38790394508520, 0.00000000000000, 1.39394147812628,10.90660474852198,    0.00000000000000,
  523,    1, 1.63281250000000, 0.00156250000000, 1.38730470030770, 0.00594758685995, 1.38135711344775, 0.00546932255535,-0.00000000000000, 0.00755508761758, 1.39052682953098, 0.00000000000000, 1.39647441639093,11.18587660802800,    0.00000000000000,
  523,    2, 1.63281250000000, 0.00468750000000, 1.38730470030770, 0.00594758685995, 1.38135711344775, 0.00546932255535,-0.00000000000000, 0.00755508761758, 1.39052682953098, 0.00000000000000, 1.39647441639093,11.18587660802800,    0.00000000000000,
  523,    3, 1.63281250000000, 0.00781250000000, 1.38730470030770, 0.00594758685995, 1.38135711344775, 0.00546932255535,-0.00000000000000, 0.00755508761758, 1.39052682953098, 0.00000000000000, 1.39647441639093,11.18587660802800,    0.00000000000000,
  523,    4, 1.63281250000000, 0.01093750000000, 1.38730470030770, 0.00594758685995, 1.38135711344775, 0.00546932255535,-0.00000000000000, 0.00755508761758, 1.39052682953098, 0.00000000000000, 1.39647441639093,11.18587660802800,    0.00000000000000,
  523,    5, 1.63281250000000, 0.01406250000000, 1.38730470030770, 0.00594758685995, 1.38135711344775, 0.00546932255535,-0.00000000000000, 0.00755508761758, 1.39052682953098, 0.00000000000000, 1.39647441639093,11.18587660802800,    0.00000000000000,
  524,    1, 1.63593750000000, 0.00156250000000, 1.38991390867043, 0.00585803125883, 1.38405587741160, 0.00545967374504,-0.00000000000000, 0.00755649353557, 1.39320845626946, 0.00000000000000, 1.39906648752828,11.46552753800954,    0.00000000000000,
  524,    2, 1.63593750000000, 0.00468750000000, 1.38991390867043, 0.00585803125883, 1.38405587741160, 0.00545967374504,-0.00000000000000, 0.00755649353557, 1.39320845626946, 0.00000000000000, 1.39906648752828,11.46552753800954,    0.00000000000000,
  524,    3, 1.63593750000000, 0.00781250000000, 1.38991390867043, 0.00585803125883, 1.38405587741160, 0.00545967374504,-0.00000000000000, 0.00755649353557, 1.39320845626946, 0.00000000000000, 1.39906648752828,11.46552753800954,    0.00000000000000,
  524,    4, 1.63593750000000, 0.01093750000000, 1.38991390867043, 0.00585803125883, 1.38405587741160, 0.00545967374504,-0.00000000000000, 0.00755649353557, 1.39320845626946, 0.00000000000000, 1.39906648752828,11.46552753800954,    0.00000000000000,
  524,    5, 1.63593750000000, 0.01406250000000, 1.38991390867043, 0.00585803125883, 1.38405587741160, 0.00545967374504,-0.00000000000000, 0.00755649353557, 1.39320845626946, 0.00000000000000, 1.39906648752828,11.46552753800954,    0.00000000000000,
  525,    1, 1.63906250000000, 0.00156250000000, 1.39258232118144, 0.00576887486927, 1.38681344631217, 0.00544982331412, 0.00000000000000, 0.00755788825205, 1.39594856683986, 0.00000000000000, 1.40171744170913,11.74555684761138,    0.00000000000000,
  525,    2, 1.63906250000000, 0.00468750000000, 1.39258232118144, 0.00576887486927, 1.38681344631217, 0.00544982331412, 0.00000000000000, 0.00755788825205, 1.39594856683986, 0.00000000000000, 1.40171744170913,11.74555684761138,    0.00000000000000,
  525,    3, 1.63906250000000, 0.00781250000000, 1.39258232118144, 0.00576887486927, 1.38681344631217, 0.00544982331412, 0.00000000000000, 0.00755788825205, 1.39594856683986, 0.00000000000000, 1.40171744170913,11.74555684761138,    0.00000000000000,
  525,    4, 1.63906250000000, 0.01093750000000, 1.39258232118144, 0.00576887486927, 1.38681344631217, 0.00544982331412, 0.00000000000000, 0.00755788825205, 1.39594856683986, 0.00000000000000, 1.40171744170913,11.74555684761138,    0.00000000000000,
  525,    5, 1.63906250000000, 0.01406250000000, 1.39258232118144, 0.00576887486927, 1.38681344631217, 0.00544982331412, 0.00000000000000, 0.00755788825205, 1.39594856683986, 0.00000000000000, 1.40171744170913,11.74555684761138,    0.00000000000000,
  526,    1, 1.64218750000000, 0.00156250000000, 1.39530967663070, 0.00568012628437, 1.38962955034633, 0.00543977461027,-0.00000000000000, 0.00755927154566, 1.39874689714463, 0.00000000000000, 1.40442702342899,12.02596324142777,    0.00000000000000,
  526,    2, 1.64218750000000, 0.00468750000000, 1.39530967663070, 0.00568012628437, 1.38962955034633, 0.00543977461027,-0.00000000000000, 0.00755927154566, 1.39874689714463, 0.00000000000000, 1.40442702342899,12.02596324142777,    0.00000000000000,
  526,    3, 1.64218750000000, 0.00781250000000, 1.39530967663070, 0.00568012628437, 1.38962955034633, 0.00543977461027,-0.00000000000000, 0.00755927154566, 1.39874689714463, 0.00000000000000, 1.40442702342899,12.02596324142777,    0.00000000000000,
  526,    4, 1.64218750000000, 0.01093750000000, 1.39530967663070, 0.00568012628437, 1.38962955034633, 0.00543977461027,-0.00000000000000, 0.00755927154566, 1.39874689714463, 0.00000000000000, 1.40442702342899,12.02596324142777,    0.00000000000000,
  526,    5, 1.64218750000000, 0.01406250000000, 1.39530967663070, 0.00568012628437, 1.38962955034633, 0.00543977461027,-0.00000000000000, 0.00755927154566, 1.39874689714463, 0.00000000000000, 1.40442702342899,12.02596324142777,    0.00000000000000,
  527,    1, 1.64531250000000, 0.00156250000000, 1.39809570809984, 0.00559179405788, 1.39250391404197, 0.00542953102079, 0.00000000000000, 0.00756064319786, 1.40160317747486, 0.00000000000000, 1.40719497153274,12.30674480972174,    0.00000000000000,
  527,    2, 1.64531250000000, 0.00468750000000, 1.39809570809984, 0.00559179405788, 1.39250391404197, 0.00542953102079, 0.00000000000000, 0.00756064319786, 1.40160317747486, 0.00000000000000, 1.40719497153274,12.30674480972174,    0.00000000000000,
  527,    3, 1.64531250000000, 0.00781250000000, 1.39809570809984, 0.00559179405788, 1.39250391404197, 0.00542953102079, 0.00000000000000, 0.00756064319786, 1.40160317747486, 0.00000000000000, 1.40719497153274,12.30674480972174,    0.00000000000000,
  527,    4, 1.64531250000000, 0.01093750000000, 1.39809570809984, 0.00559179405788, 1.39250391404197, 0.00542953102079, 0.00000000000000, 0.00756064319786, 1.40160317747486, 0.00000000000000, 1.40719497153274,12.30674480972174,    0.00000000000000,
  527,    5, 1.64531250000000, 0.01406250000000, 1.39809570809984, 0.00559179405788, 1.39250391404197, 0.00542953102079, 0.00000000000000, 0.00756064319786, 1.40160317747486, 0.00000000000000, 1.40719497153274,12.30674480972174,    0.00000000000000,
  528,    1, 1.64843750000000, 0.00156250000000, 1.40094014299152, 0.00550388670345, 1.39543625628807, 0.00541909597010, 0.00000000000000, 0.00756200299298, 1.40451713253632, 0.00000000000000, 1.41002101923978,12.58789901892616,    0.00000000000000,
  528,    2, 1.64843750000000, 0.00468750000000, 1.40094014299152, 0.00550388670345, 1.39543625628807, 0.00541909597010, 0.00000000000000, 0.00756200299298, 1.40451713253632, 0.00000000000000, 1.41002101923978,12.58789901892616,    0.00000000000000,
  528,    3, 1.64843750000000, 0.00781250000000, 1.40094014299152, 0.00550388670345, 1.39543625628807, 0.00541909597010, 0.00000000000000, 0.00756200299298, 1.40451713253632, 0.00000000000000, 1.41002101923978,12.58789901892616,    0.00000000000000,
  528,    4, 1.64843750000000, 0.01093750000000, 1.40094014299152, 0.00550388670345, 1.39543625628807, 0.00541909597010, 0.00000000000000, 0.00756200299298, 1.40451713253632, 0.00000000000000, 1.41002101923978,12.58789901892616,    0.00000000000000,
  528,    5, 1.64843750000000, 0.01406250000000, 1.40094014299152, 0.00550388670345, 1.39543625628807, 0.00541909597010, 0.00000000000000, 0.00756200299298, 1.40451713253632, 0.00000000000000, 1.41002101923978,12.58789901892616,    0.00000000000000,
  529,    1, 1.65156250000000, 0.00156250000000, 1.40384270305910, 0.00541641269379, 1.39842629036532, 0.00540847291727,-0.00000000000000, 0.00756335071823, 1.40748848147596, 0.00000000000000, 1.41290489416974,12.86942270243175,    0.00000000000000,
  529,    2, 1.65156250000000, 0.00468750000000, 1.40384270305910, 0.00541641269379, 1.39842629036532, 0.00540847291727,-0.00000000000000, 0.00756335071823, 1.40748848147596, 0.00000000000000, 1.41290489416974,12.86942270243175,    0.00000000000000,
  529,    3, 1.65156250000000, 0.00781250000000, 1.40384270305910, 0.00541641269379, 1.39842629036532, 0.00540847291727,-0.00000000000000, 0.00756335071823, 1.40748848147596, 0.00000000000000, 1.41290489416974,12.86942270243175,    0.00000000000000,
  529,    4, 1.65156250000000, 0.01093750000000, 1.40384270305910, 0.00541641269379, 1.39842629036532, 0.00540847291727,-0.00000000000000, 0.00756335071823, 1.40748848147596, 0.00000000000000, 1.41290489416974,12.86942270243175,    0.00000000000000,
  529,    5, 1.65156250000000, 0.01406250000000, 1.40384270305910, 0.00541641269379, 1.39842629036532, 0.00540847291727,-0.00000000000000, 0.00756335071823, 1.40748848147596, 0.00000000000000, 1.41290489416974,12.86942270243175,    0.00000000000000,
  530,    1, 1.65468750000000, 0.00156250000000, 1.40680310443708, 0.00532938045981, 1.40147372397727, 0.00539766535352,-0.00000000000000, 0.00756468616378, 1.41051693790896, 0.00000000000000, 1.41584631836877,13.15131205166616,    0.00000000000000,
  530,    2, 1.65468750000000, 0.00468750000000, 1.40680310443708, 0.00532938045981, 1.40147372397727, 0.00539766535352,-0.00000000000000, 0.00756468616378, 1.41051693790896, 0.00000000000000, 1.41584631836877,13.15131205166616,    0.00000000000000,
  530,    3, 1.65468750000000, 0.00781250000000, 1.40680310443708, 0.00532938045981, 1.40147372397727, 0.00539766535352,-0.00000000000000, 0.00756468616378, 1.41051693790896, 0.00000000000000, 1.41584631836877,13.15131205166616,    0.00000000000000,
  530,    4, 1.65468750000000, 0.01093750000000, 1.40680310443708, 0.00532938045981, 1.40147372397727, 0.00539766535352,-0.00000000000000, 0.00756468616378, 1.41051693790896, 0.00000000000000, 1.41584631836877,13.15131205166616,    0.00000000000000,
  530,    5, 1.65468750000000, 0.01406250000000, 1.40680310443708, 0.00532938045981, 1.40147372397727, 0.00539766535352,-0.00000000000000, 0.00756468616378, 1.41051693790896, 0.00000000000000, 1.41584631836877,13.15131205166616,    0.00000000000000,
  531,    1, 1.65781250000000, 0.00156250000000, 1.40982105767185, 0.00524279838986, 1.40457825928199, 0.00538667679975, 0.00000000000000, 0.00756600912271, 1.41360220994641, 0.00000000000000, 1.41884500833627,13.43356260746864,    0.00000000000000,
  531,    2, 1.65781250000000, 0.00468750000000, 1.40982105767185, 0.00524279838986, 1.40457825928199, 0.00538667679975, 0.00000000000000, 0.00756600912271, 1.41360220994641, 0.00000000000000, 1.41884500833627,13.43356260746864,    0.00000000000000,
  531,    3, 1.65781250000000, 0.00781250000000, 1.40982105767185, 0.00524279838986, 1.40457825928199, 0.00538667679975, 0.00000000000000, 0.00756600912271, 1.41360220994641, 0.00000000000000, 1.41884500833627,13.43356260746864,    0.00000000000000,
  531,    4, 1.65781250000000, 0.01093750000000, 1.40982105767185, 0.00524279838986, 1.40457825928199, 0.00538667679975, 0.00000000000000, 0.00756600912271, 1.41360220994641, 0.00000000000000, 1.41884500833627,13.43356260746864,    0.00000000000000,
  531,    5, 1.65781250000000, 0.01406250000000, 1.40982105767185, 0.00524279838986, 1.40457825928199, 0.00538667679975, 0.00000000000000, 0.00756600912271, 1.41360220994641, 0.00000000000000, 1.41884500833627,13.43356260746864,    0.00000000000000,
  532,    1, 1.66093750000000, 0.00156250000000, 1.41289626775310, 0.00515667482890, 1.40773959292421, 0.00537551080410, 0.00000000000000, 0.00756731939112, 1.41674400022336, 0.00000000000000, 1.42190067505226,13.71616925176477,    0.00000000000000,
  532,    2, 1.66093750000000, 0.00468750000000, 1.41289626775310, 0.00515667482890, 1.40773959292421, 0.00537551080410, 0.00000000000000, 0.00756731939112, 1.41674400022336, 0.00000000000000, 1.42190067505226,13.71616925176477,    0.00000000000000,
  532,    3, 1.66093750000000, 0.00781250000000, 1.41289626775310, 0.00515667482890, 1.40773959292421, 0.00537551080410, 0.00000000000000, 0.00756731939112, 1.41674400022336, 0.00000000000000, 1.42190067505226,13.71616925176477,    0.00000000000000,
  532,    4, 1.66093750000000, 0.01093750000000, 1.41289626775310, 0.00515667482890, 1.40773959292421, 0.00537551080410, 0.00000000000000, 0.00756731939112, 1.41674400022336, 0.00000000000000, 1.42190067505226,13.71616925176477,    0.00000000000000,
  532,    5, 1.66093750000000, 0.01406250000000, 1.41289626775310, 0.00515667482890, 1.40773959292421, 0.00537551080410, 0.00000000000000, 0.00756731939112, 1.41674400022336, 0.00000000000000, 1.42190067505226,13.71616925176477,    0.00000000000000,
  533,    1, 1.66406250000000, 0.00156250000000, 1.41602843414564, 0.00507101807770, 1.41095741606794, 0.00536417093949, 0.00000000000000, 0.00756861676814, 1.41994200592753, 0.00000000000000, 1.42501302400523,13.99912619954531,    0.00000000000000,
  533,    2, 1.66406250000000, 0.00468750000000, 1.41602843414564, 0.00507101807770, 1.41095741606794, 0.00536417093949, 0.00000000000000, 0.00756861676814, 1.41994200592753, 0.00000000000000, 1.42501302400523,13.99912619954531,    0.00000000000000,
  533,    3, 1.66406250000000, 0.00781250000000, 1.41602843414564, 0.00507101807770, 1.41095741606794, 0.00536417093949, 0.00000000000000, 0.00756861676814, 1.41994200592753, 0.00000000000000, 1.42501302400523,13.99912619954531,    0.00000000000000,
  533,    4, 1.66406250000000, 0.01093750000000, 1.41602843414564, 0.00507101807770, 1.41095741606794, 0.00536417093949, 0.00000000000000, 0.00756861676814, 1.41994200592753, 0.00000000000000, 1.42501302400523,13.99912619954531,    0.00000000000000,
  533,    5, 1.66406250000000, 0.01406250000000, 1.41602843414564, 0.00507101807770, 1.41095741606794, 0.00536417093949, 0.00000000000000, 0.00756861676814, 1.41994200592753, 0.00000000000000, 1.42501302400523,13.99912619954531,    0.00000000000000,
  534,    1, 1.66718750000000, 0.00156250000000, 1.41921725082175, 0.00498583639204, 1.41423141442971, 0.00535266080125,-0.00000000000000, 0.00756990105591, 1.42319591882846, 0.00000000000000, 1.42818175522050,14.28242699115309,    0.00000000000000,
  534,    2, 1.66718750000000, 0.00468750000000, 1.41921725082175, 0.00498583639204, 1.41423141442971, 0.00535266080125,-0.00000000000000, 0.00756990105591, 1.42319591882846, 0.00000000000000, 1.42818175522050,14.28242699115309,    0.00000000000000,
  534,    3, 1.66718750000000, 0.00781250000000, 1.41921725082175, 0.00498583639204, 1.41423141442971, 0.00535266080125,-0.00000000000000, 0.00756990105591, 1.42319591882846, 0.00000000000000, 1.42818175522050,14.28242699115309,    0.00000000000000,
  534,    4, 1.66718750000000, 0.01093750000000, 1.41921725082175, 0.00498583639204, 1.41423141442971, 0.00535266080125,-0.00000000000000, 0.00756990105591, 1.42319591882846, 0.00000000000000, 1.42818175522050,14.28242699115309,    0.00000000000000,
  534,    5, 1.66718750000000, 0.01406250000000, 1.41921725082175, 0.00498583639204, 1.41423141442971, 0.00535266080125,-0.00000000000000, 0.00756990105591, 1.42319591882846, 0.00000000000000, 1.42818175522050,14.28242699115309,    0.00000000000000,
  535,    1, 1.67031250000000, 0.00156250000000, 1.42246240629396, 0.00490113798191, 1.41756126831206, 0.00534098400468, 0.00000000000000, 0.00757117205971, 1.42650542530726, 0.00000000000000, 1.43140656328917,14.56606448488196,    0.00000000000000,
  535,    2, 1.67031250000000, 0.00468750000000, 1.42246240629396, 0.00490113798191, 1.41756126831206, 0.00534098400468, 0.00000000000000, 0.00757117205971, 1.42650542530726, 0.00000000000000, 1.43140656328917,14.56606448488196,    0.00000000000000,
  535,    3, 1.67031250000000, 0.00781250000000, 1.42246240629396, 0.00490113798191, 1.41756126831206, 0.00534098400468, 0.00000000000000, 0.00757117205971, 1.42650542530726, 0.00000000000000, 1.43140656328917,14.56606448488196,    0.00000000000000,
  535,    4, 1.67031250000000, 0.01093750000000, 1.42246240629396, 0.00490113798191, 1.41756126831206, 0.00534098400468, 0.00000000000000, 0.00757117205971, 1.42650542530726, 0.00000000000000, 1.43140656328917,14.56606448488196,    0.00000000000000,
  535,    5, 1.67031250000000, 0.01406250000000, 1.42246240629396, 0.00490113798191, 1.41756126831206, 0.00534098400468, 0.00000000000000, 0.00757117205971, 1.42650542530726, 0.00000000000000, 1.43140656328917,14.56606448488196,    0.00000000000000,
  536,    1, 1.67343750000000, 0.00156250000000, 1.42576358364833, 0.00481693101071, 1.42094665263762, 0.00532914418277,-0.00000000000000, 0.00757242958793, 1.42987020638682, 0.00000000000000, 1.43468713739752,14.85003084989197,    0.00000000000000,
  536,    2, 1.67343750000000, 0.00468750000000, 1.42576358364833, 0.00481693101071, 1.42094665263762, 0.00532914418277,-0.00000000000000, 0.00757242958793, 1.42987020638682, 0.00000000000000, 1.43468713739752,14.85003084989197,    0.00000000000000,
  536,    3, 1.67343750000000, 0.00781250000000, 1.42576358364833, 0.00481693101071, 1.42094665263762, 0.00532914418277,-0.00000000000000, 0.00757242958793, 1.42987020638682, 0.00000000000000, 1.43468713739752,14.85003084989197,    0.00000000000000,
  536,    4, 1.67343750000000, 0.01093750000000, 1.42576358364833, 0.00481693101071, 1.42094665263762, 0.00532914418277,-0.00000000000000, 0.00757242958793, 1.42987020638682, 0.00000000000000, 1.43468713739752,14.85003084989197,    0.00000000000000,
  536,    5, 1.67343750000000, 0.01406250000000, 1.42576358364833, 0.00481693101071, 1.42094665263762, 0.00532914418277,-0.00000000000000, 0.00757242958793, 1.42987020638682, 0.00000000000000, 1.43468713739752,14.85003084989197,    0.00000000000000,
  537,    1, 1.67656250000000, 0.00156250000000, 1.42912046057833, 0.00473322359448, 1.42438723698384, 0.00531714498378, 0.00000000000000, 0.00757367345208, 1.43328993776251, 0.00000000000000, 1.43802316135700,15.13431755944366,    0.00000000000000,
  537,    2, 1.67656250000000, 0.00468750000000, 1.42912046057833, 0.00473322359448, 1.42438723698384, 0.00531714498378, 0.00000000000000, 0.00757367345208, 1.43328993776251, 0.00000000000000, 1.43802316135700,15.13431755944366,    0.00000000000000,
  537,    3, 1.67656250000000, 0.00781250000000, 1.42912046057833, 0.00473322359448, 1.42438723698384, 0.00531714498378, 0.00000000000000, 0.00757367345208, 1.43328993776251, 0.00000000000000, 1.43802316135700,15.13431755944366,    0.00000000000000,
  537,    4, 1.67656250000000, 0.01093750000000, 1.42912046057833, 0.00473322359448, 1.42438723698384, 0.00531714498378, 0.00000000000000, 0.00757367345208, 1.43328993776251, 0.00000000000000, 1.43802316135700,15.13431755944366,    0.00000000000000,
  537,    5, 1.67656250000000, 0.01406250000000, 1.42912046057833, 0.00473322359448, 1.42438723698384, 0.00531714498378, 0.00000000000000, 0.00757367345208, 1.43328993776251, 0.00000000000000, 1.43802316135700,15.13431755944366,    0.00000000000000,
  538,    1, 1.67968750000000, 0.00156250000000, 1.43253270941894, 0.00465002380113, 1.42788268561781, 0.00530499006902, 0.00000000000000, 0.00757490346693, 1.43676428983353, 0.00000000000000, 1.44141431363466,15.41891538445595,    0.00000000000000,
  538,    2, 1.67968750000000, 0.00468750000000, 1.43253270941894, 0.00465002380113, 1.42788268561781, 0.00530499006902, 0.00000000000000, 0.00757490346693, 1.43676428983353, 0.00000000000000, 1.44141431363466,15.41891538445595,    0.00000000000000,
  538,    3, 1.67968750000000, 0.00781250000000, 1.43253270941894, 0.00465002380113, 1.42788268561781, 0.00530499006902, 0.00000000000000, 0.00757490346693, 1.43676428983353, 0.00000000000000, 1.44141431363466,15.41891538445595,    0.00000000000000,
  538,    4, 1.67968750000000, 0.01093750000000, 1.43253270941894, 0.00465002380113, 1.42788268561781, 0.00530499006902, 0.00000000000000, 0.00757490346693, 1.43676428983353, 0.00000000000000, 1.44141431363466,15.41891538445595,    0.00000000000000,
  538,    5, 1.67968750000000, 0.01406250000000, 1.43253270941894, 0.00465002380113, 1.42788268561781, 0.00530499006902, 0.00000000000000, 0.00757490346693, 1.43676428983353, 0.00000000000000, 1.44141431363466,15.41891538445595,    0.00000000000000,
  539,    1, 1.68281250000000, 0.00156250000000, 1.43599999718142, 0.00456733964962, 1.43143265753180, 0.00529268311055,-0.00000000000000, 0.00757611945041, 1.44029292773458, 0.00000000000000, 1.44486026738419,15.70381438739023,    0.00000000000000,
  539,    2, 1.68281250000000, 0.00468750000000, 1.43599999718142, 0.00456733964962, 1.43143265753180, 0.00529268311055,-0.00000000000000, 0.00757611945041, 1.44029292773458, 0.00000000000000, 1.44486026738419,15.70381438739023,    0.00000000000000,
  539,    3, 1.68281250000000, 0.00781250000000, 1.43599999718142, 0.00456733964962, 1.43143265753180, 0.00529268311055,-0.00000000000000, 0.00757611945041, 1.44029292773458, 0.00000000000000, 1.44486026738419,15.70381438739023,    0.00000000000000,
  539,    4, 1.68281250000000, 0.01093750000000, 1.43599999718142, 0.00456733964962, 1.43143265753180, 0.00529268311055,-0.00000000000000, 0.00757611945041, 1.44029292773458, 0.00000000000000, 1.44486026738419,15.70381438739023,    0.00000000000000,
  539,    5, 1.68281250000000, 0.01406250000000, 1.43599999718142, 0.00456733964962, 1.43143265753180, 0.00529268311055,-0.00000000000000, 0.00757611945041, 1.44029292773458, 0.00000000000000, 1.44486026738419,15.70381438739023,    0.00000000000000,
  540,    1, 1.68593750000000, 0.00156250000000, 1.43952198558842, 0.00448517910922, 1.43503680647920, 0.00528022778898, 0.00000000000000, 0.00757732122378, 1.44387551136819, 0.00000000000000, 1.44836069047741,15.98900391646442,    0.00000000000000,
  540,    2, 1.68593750000000, 0.00468750000000, 1.43952198558842, 0.00448517910922, 1.43503680647920, 0.00528022778898, 0.00000000000000, 0.00757732122378, 1.44387551136819, 0.00000000000000, 1.44836069047741,15.98900391646442,    0.00000000000000,
  540,    3, 1.68593750000000, 0.00781250000000, 1.43952198558842, 0.00448517910922, 1.43503680647920, 0.00528022778898, 0.00000000000000, 0.00757732122378, 1.44387551136819, 0.00000000000000, 1.44836069047741,15.98900391646442,    0.00000000000000,
  540,    4, 1.68593750000000, 0.01093750000000, 1.43952198558842, 0.00448517910922, 1.43503680647920, 0.00528022778898, 0.00000000000000, 0.00757732122378, 1.44387551136819, 0.00000000000000, 1.44836069047741,15.98900391646442,    0.00000000000000,
  540,    5, 1.68593750000000, 0.01406250000000, 1.43952198558842, 0.00448517910922, 1.43503680647920, 0.00528022778898, 0.00000000000000, 0.00757732122378, 1.44387551136819, 0.00000000000000, 1.44836069047741,15.98900391646442,    0.00000000000000,
  541,    1, 1.68906250000000, 0.00156250000000, 1.44309833110958, 0.00440355009873, 1.43869478101084, 0.00526762779124,-0.00000000000000, 0.00757850861156, 1.44751169543751, 0.00000000000000, 1.45191524553624,16.27447260020018,    0.00000000000000,
  541,    2, 1.68906250000000, 0.00468750000000, 1.44309833110958, 0.00440355009873, 1.43869478101084, 0.00526762779124,-0.00000000000000, 0.00757850861156, 1.44751169543751, 0.00000000000000, 1.45191524553624,16.27447260020018,    0.00000000000000,
  541,    3, 1.68906250000000, 0.00781250000000, 1.44309833110958, 0.00440355009873, 1.43869478101084, 0.00526762779124,-0.00000000000000, 0.00757850861156, 1.44751169543751, 0.00000000000000, 1.45191524553624,16.27447260020018,    0.00000000000000,
  541,    4, 1.68906250000000, 0.01093750000000, 1.44309833110958, 0.00440355009873, 1.43869478101084, 0.00526762779124,-0.00000000000000, 0.00757850861156, 1.44751169543751, 0.00000000000000, 1.45191524553624,16.27447260020018,    0.00000000000000,
  541,    5, 1.68906250000000, 0.01406250000000, 1.44309833110958, 0.00440355009873, 1.43869478101084, 0.00526762779124,-0.00000000000000, 0.00757850861156, 1.44751169543751, 0.00000000000000, 1.45191524553624,16.27447260020018,    0.00000000000000,
  542,    1, 1.69218750000000, 0.00156250000000, 1.44672868499751, 0.00432246048574, 1.44240622451177, 0.00525488680846,-0.00000000000000, 0.00757968144163, 1.45120112947954, 0.00000000000000, 1.45552358996528,16.56020834230588,    0.00000000000000,
  542,    2, 1.69218750000000, 0.00468750000000, 1.44672868499751, 0.00432246048574, 1.44240622451177, 0.00525488680846,-0.00000000000000, 0.00757968144163, 1.45120112947954, 0.00000000000000, 1.45552358996528,16.56020834230588,    0.00000000000000,
  542,    3, 1.69218750000000, 0.00781250000000, 1.44672868499751, 0.00432246048574, 1.44240622451177, 0.00525488680846,-0.00000000000000, 0.00757968144163, 1.45120112947954, 0.00000000000000, 1.45552358996528,16.56020834230588,    0.00000000000000,
  542,    4, 1.69218750000000, 0.01093750000000, 1.44672868499751, 0.00432246048574, 1.44240622451177, 0.00525488680846,-0.00000000000000, 0.00757968144163, 1.45120112947954, 0.00000000000000, 1.45552358996528,16.56020834230588,    0.00000000000000,
  542,    5, 1.69218750000000, 0.01406250000000, 1.44672868499751, 0.00432246048574, 1.44240622451177, 0.00525488680846,-0.00000000000000, 0.00757968144163, 1.45120112947954, 0.00000000000000, 1.45552358996528,16.56020834230588,    0.00000000000000,
  543,    1, 1.69531250000000, 0.00156250000000, 1.45041269332436, 0.00424191808582, 1.44617077523854, 0.00524200853390,-0.00000000000000, 0.00758083954528, 1.45494345789894, 0.00000000000000, 1.45918537598477,16.84619831689863,    0.00000000000000,
  543,    2, 1.69531250000000, 0.00468750000000, 1.45041269332436, 0.00424191808582, 1.44617077523854, 0.00524200853390,-0.00000000000000, 0.00758083954528, 1.45494345789894, 0.00000000000000, 1.45918537598477,16.84619831689863,    0.00000000000000,
  543,    3, 1.69531250000000, 0.00781250000000, 1.45041269332436, 0.00424191808582, 1.44617077523854, 0.00524200853390,-0.00000000000000, 0.00758083954528, 1.45494345789894, 0.00000000000000, 1.45918537598477,16.84619831689863,    0.00000000000000,
  543,    4, 1.69531250000000, 0.01093750000000, 1.45041269332436, 0.00424191808582, 1.44617077523854, 0.00524200853390,-0.00000000000000, 0.00758083954528, 1.45494345789894, 0.00000000000000, 1.45918537598477,16.84619831689863,    0.00000000000000,
  543,    5, 1.69531250000000, 0.01406250000000, 1.45041269332436, 0.00424191808582, 1.44617077523854, 0.00524200853390,-0.00000000000000, 0.00758083954528, 1.45494345789894, 0.00000000000000, 1.45918537598477,16.84619831689863,    0.00000000000000,
  544,    1, 1.69843750000000, 0.00156250000000, 1.45414999701852, 0.00416193066182, 1.44998806635670, 0.00522899666079,-0.00000000000000, 0.00758198275717, 1.45873832000233, 0.00000000000000, 1.46290025066415,17.13242896406813,    0.00000000000000,
  544,    2, 1.69843750000000, 0.00468750000000, 1.45414999701852, 0.00416193066182, 1.44998806635670, 0.00522899666079,-0.00000000000000, 0.00758198275717, 1.45873832000233, 0.00000000000000, 1.46290025066415,17.13242896406813,    0.00000000000000,
  544,    3, 1.69843750000000, 0.00781250000000, 1.45414999701852, 0.00416193066182, 1.44998806635670, 0.00522899666079,-0.00000000000000, 0.00758198275717, 1.45873832000233, 0.00000000000000, 1.46290025066415,17.13242896406813,    0.00000000000000,
  544,    4, 1.69843750000000, 0.01093750000000, 1.45414999701852, 0.00416193066182, 1.44998806635670, 0.00522899666079,-0.00000000000000, 0.00758198275717, 1.45873832000233, 0.00000000000000, 1.46290025066415,17.13242896406813,    0.00000000000000,
  544,    5, 1.69843750000000, 0.01406250000000, 1.45414999701852, 0.00416193066182, 1.44998806635670, 0.00522899666079,-0.00000000000000, 0.00758198275717, 1.45873832000233, 0.00000000000000, 1.46290025066415,17.13242896406813,    0.00000000000000,
  545,    1, 1.70156250000000, 0.00156250000000, 1.45794023190208, 0.00408250592310, 1.45385772597899, 0.00521585488042, 0.00000000000000, 0.00758311091548, 1.46258535003299, 0.00000000000000, 1.46666785595608,17.41888598578445,    0.00000000000000,
  545,    2, 1.70156250000000, 0.00468750000000, 1.45794023190208, 0.00408250592310, 1.45385772597899, 0.00521585488042, 0.00000000000000, 0.00758311091548, 1.46258535003299, 0.00000000000000, 1.46666785595608,17.41888598578445,    0.00000000000000,
  545,    3, 1.70156250000000, 0.00781250000000, 1.45794023190208, 0.00408250592310, 1.45385772597899, 0.00521585488042, 0.00000000000000, 0.00758311091548, 1.46258535003299, 0.00000000000000, 1.46666785595608,17.41888598578445,    0.00000000000000,
  545,    4, 1.70156250000000, 0.01093750000000, 1.45794023190208, 0.00408250592310, 1.45385772597899, 0.00521585488042, 0.00000000000000, 0.00758311091548, 1.46258535003299, 0.00000000000000, 1.46666785595608,17.41888598578445,    0.00000000000000,
  545,    5, 1.70156250000000, 0.01406250000000, 1.45794023190208, 0.00408250592310, 1.45385772597899, 0.00521585488042, 0.00000000000000, 0.00758311091548, 1.46258535003299, 0.00000000000000, 1.46666785595608,17.41888598578445,    0.00000000000000,
  546,    1, 1.70468750000000, 0.00156250000000, 1.46178302872855, 0.00400365152477, 1.45777937720378, 0.00520258688006,-0.00000000000000, 0.00758422386187, 1.46648417720615, 0.00000000000000, 1.47048782873092,17.70555434215276,    0.00000000000000,
  546,    2, 1.70468750000000, 0.00468750000000, 1.46178302872855, 0.00400365152477, 1.45777937720378, 0.00520258688006,-0.00000000000000, 0.00758422386187, 1.46648417720615, 0.00000000000000, 1.47048782873092,17.70555434215276,    0.00000000000000,
  546,    3, 1.70468750000000, 0.00781250000000, 1.46178302872855, 0.00400365152477, 1.45777937720378, 0.00520258688006,-0.00000000000000, 0.00758422386187, 1.46648417720615, 0.00000000000000, 1.47048782873092,17.70555434215276,    0.00000000000000,
  546,    4, 1.70468750000000, 0.01093750000000, 1.46178302872855, 0.00400365152477, 1.45777937720378, 0.00520258688006,-0.00000000000000, 0.00758422386187, 1.46648417720615, 0.00000000000000, 1.47048782873092,17.70555434215276,    0.00000000000000,
  546,    5, 1.70468750000000, 0.01406250000000, 1.46178302872855, 0.00400365152477, 1.45777937720378, 0.00520258688006,-0.00000000000000, 0.00758422386187, 1.46648417720615, 0.00000000000000, 1.47048782873092,17.70555434215276,    0.00000000000000,
  547,    1, 1.70781250000000, 0.00156250000000, 1.46567801322087, 0.00392537506698, 1.46175263815389, 0.00518919634114,-0.00000000000000, 0.00758532144156, 1.47043442574475, 0.00000000000000, 1.47435980081173,17.99241824801736,    0.00000000000000,
  547,    2, 1.70781250000000, 0.00468750000000, 1.46567801322087, 0.00392537506698, 1.46175263815389, 0.00518919634114,-0.00000000000000, 0.00758532144156, 1.47043442574475, 0.00000000000000, 1.47435980081173,17.99241824801736,    0.00000000000000,
  547,    3, 1.70781250000000, 0.00781250000000, 1.46567801322087, 0.00392537506698, 1.46175263815389, 0.00518919634114,-0.00000000000000, 0.00758532144156, 1.47043442574475, 0.00000000000000, 1.47435980081173,17.99241824801736,    0.00000000000000,
  547,    4, 1.70781250000000, 0.01093750000000, 1.46567801322087, 0.00392537506698, 1.46175263815389, 0.00518919634114,-0.00000000000000, 0.00758532144156, 1.47043442574475, 0.00000000000000, 1.47435980081173,17.99241824801736,    0.00000000000000,
  547,    5, 1.70781250000000, 0.01406250000000, 1.46567801322087, 0.00392537506698, 1.46175263815389, 0.00518919634114,-0.00000000000000, 0.00758532144156, 1.47043442574475, 0.00000000000000, 1.47435980081173,17.99241824801736,    0.00000000000000,
  548,    1, 1.71093750000000, 0.00156250000000, 1.46962480611005, 0.00384768409419, 1.46577712201586, 0.00517568693727,-0.00000000000000, 0.00758640350336, 1.47443571491560, 0.00000000000000, 1.47828339900979,18.27946116991653,    0.00000000000000,
  548,    2, 1.71093750000000, 0.00468750000000, 1.46962480611005, 0.00384768409419, 1.46577712201586, 0.00517568693727,-0.00000000000000, 0.00758640350336, 1.47443571491560, 0.00000000000000, 1.47828339900979,18.27946116991653,    0.00000000000000,
  548,    3, 1.71093750000000, 0.00781250000000, 1.46962480611005, 0.00384768409419, 1.46577712201586, 0.00517568693727,-0.00000000000000, 0.00758640350336, 1.47443571491560, 0.00000000000000, 1.47828339900979,18.27946116991653,    0.00000000000000,
  548,    4, 1.71093750000000, 0.01093750000000, 1.46962480611005, 0.00384768409419, 1.46577712201586, 0.00517568693727,-0.00000000000000, 0.00758640350336, 1.47443571491560, 0.00000000000000, 1.47828339900979,18.27946116991653,    0.00000000000000,
  548,    5, 1.71093750000000, 0.01406250000000, 1.46962480611005, 0.00384768409419, 1.46577712201586, 0.00517568693727,-0.00000000000000, 0.00758640350336, 1.47443571491560, 0.00000000000000, 1.47828339900979,18.27946116991653,    0.00000000000000,
  549,    1, 1.71406250000000, 0.00156250000000, 1.47362302317405, 0.00377058609442, 1.46985243707963, 0.00516206233247,-0.00000000000000, 0.00758746989974, 1.47848765906612, 0.00000000000000, 1.48225824516054,18.56666582339116,    0.00000000000000,
  549,    2, 1.71406250000000, 0.00468750000000, 1.47362302317405, 0.00377058609442, 1.46985243707963, 0.00516206233247,-0.00000000000000, 0.00758746989974, 1.47848765906612, 0.00000000000000, 1.48225824516054,18.56666582339116,    0.00000000000000,
  549,    3, 1.71406250000000, 0.00781250000000, 1.47362302317405, 0.00377058609442, 1.46985243707963, 0.00516206233247,-0.00000000000000, 0.00758746989974, 1.47848765906612, 0.00000000000000, 1.48225824516054,18.56666582339116,    0.00000000000000,
  549,    4, 1.71406250000000, 0.01093750000000, 1.47362302317405, 0.00377058609442, 1.46985243707963, 0.00516206233247,-0.00000000000000, 0.00758746989974, 1.47848765906612, 0.00000000000000, 1.48225824516054,18.56666582339116,    0.00000000000000,
  549,    5, 1.71406250000000, 0.01406250000000, 1.47362302317405, 0.00377058609442, 1.46985243707963, 0.00516206233247,-0.00000000000000, 0.00758746989974, 1.47848765906612, 0.00000000000000, 1.48225824516054,18.56666582339116,    0.00000000000000,
  550,    1, 1.71718750000000, 0.00156250000000, 1.47767227527716, 0.00369408849852, 1.47397818677864, 0.00514832617939, 0.00000000000000, 0.00758852048684, 1.48258986766152, 0.00000000000000, 1.48628395616003,18.85401417064846,    0.00000000000000,
  550,    2, 1.71718750000000, 0.00468750000000, 1.47767227527716, 0.00369408849852, 1.47397818677864, 0.00514832617939, 0.00000000000000, 0.00758852048684, 1.48258986766152, 0.00000000000000, 1.48628395616003,18.85401417064846,    0.00000000000000,
  550,    3, 1.71718750000000, 0.00781250000000, 1.47767227527716, 0.00369408849852, 1.47397818677864, 0.00514832617939, 0.00000000000000, 0.00758852048684, 1.48258986766152, 0.00000000000000, 1.48628395616003,18.85401417064846,    0.00000000000000,
  550,    4, 1.71718750000000, 0.01093750000000, 1.47767227527716, 0.00369408849852, 1.47397818677864, 0.00514832617939, 0.00000000000000, 0.00758852048684, 1.48258986766152, 0.00000000000000, 1.48628395616003,18.85401417064846,    0.00000000000000,
  550,    5, 1.71718750000000, 0.01406250000000, 1.47767227527716, 0.00369408849852, 1.47397818677864, 0.00514832617939, 0.00000000000000, 0.00758852048684, 1.48258986766152, 0.00000000000000, 1.48628395616003,18.85401417064846,    0.00000000000000,
  551,    1, 1.72031250000000, 0.00156250000000, 1.48177216840964, 0.00361819867949, 1.47815396973015, 0.00513448211752, 0.00000000000000, 0.00758955512452, 1.48674194532237, 0.00000000000000, 1.49036014400186,19.14148741858249,    0.00000000000000,
  551,    2, 1.72031250000000, 0.00468750000000, 1.48177216840964, 0.00361819867949, 1.47815396973015, 0.00513448211752, 0.00000000000000, 0.00758955512452, 1.48674194532237, 0.00000000000000, 1.49036014400186,19.14148741858249,    0.00000000000000,
  551,    3, 1.72031250000000, 0.00781250000000, 1.48177216840964, 0.00361819867949, 1.47815396973015, 0.00513448211752, 0.00000000000000, 0.00758955512452, 1.48674194532237, 0.00000000000000, 1.49036014400186,19.14148741858249,    0.00000000000000,
  551,    4, 1.72031250000000, 0.01093750000000, 1.48177216840964, 0.00361819867949, 1.47815396973015, 0.00513448211752, 0.00000000000000, 0.00758955512452, 1.48674194532237, 0.00000000000000, 1.49036014400186,19.14148741858249,    0.00000000000000,
  551,    5, 1.72031250000000, 0.01406250000000, 1.48177216840964, 0.00361819867949, 1.47815396973015, 0.00513448211752, 0.00000000000000, 0.00758955512452, 1.48674194532237, 0.00000000000000, 1.49036014400186,19.14148741858249,    0.00000000000000,
  552,    1, 1.72343750000000, 0.00156250000000, 1.48592230372793, 0.00354292395176, 1.48237937977617, 0.00512053377159, 0.00000000000000, 0.00759057367645, 1.49094349186280, 0.00000000000000, 1.49448641581457,19.42906601715388,    0.00000000000000,
  552,    2, 1.72343750000000, 0.00468750000000, 1.48592230372793, 0.00354292395176, 1.48237937977617, 0.00512053377159, 0.00000000000000, 0.00759057367645, 1.49094349186280, 0.00000000000000, 1.49448641581457,19.42906601715388,    0.00000000000000,
  552,    3, 1.72343750000000, 0.00781250000000, 1.48592230372793, 0.00354292395176, 1.48237937977617, 0.00512053377159, 0.00000000000000, 0.00759057367645, 1.49094349186280, 0.00000000000000, 1.49448641581457,19.42906601715388,    0.00000000000000,
  552,    4, 1.72343750000000, 0.01093750000000, 1.48592230372793, 0.00354292395176, 1.48237937977617, 0.00512053377159, 0.00000000000000, 0.00759057367645, 1.49094349186280, 0.00000000000000, 1.49448641581457,19.42906601715388,    0.00000000000000,
  552,    5, 1.72343750000000, 0.01406250000000, 1.48592230372793, 0.00354292395176, 1.48237937977617, 0.00512053377159, 0.00000000000000, 0.00759057367645, 1.49094349186280, 0.00000000000000, 1.49448641581457,19.42906601715388,    0.00000000000000,
  553,    1, 1.72656250000000, 0.00156250000000, 1.49012227759506, 0.00346827157046, 1.48665400602460, 0.00510648474987, 0.00000000000000, 0.00759157601009, 1.49519410232901, 0.00000000000000, 1.49866237389947,19.71672965812895,    0.00000000000000,
  553,    2, 1.72656250000000, 0.00468750000000, 1.49012227759506, 0.00346827157046, 1.48665400602460, 0.00510648474987, 0.00000000000000, 0.00759157601009, 1.49519410232901, 0.00000000000000, 1.49866237389947,19.71672965812895,    0.00000000000000,
  553,    3, 1.72656250000000, 0.00781250000000, 1.49012227759506, 0.00346827157046, 1.48665400602460, 0.00510648474987, 0.00000000000000, 0.00759157601009, 1.49519410232901, 0.00000000000000, 1.49866237389947,19.71672965812895,    0.00000000000000,
  553,    4, 1.72656250000000, 0.01093750000000, 1.49012227759506, 0.00346827157046, 1.48665400602460, 0.00510648474987, 0.00000000000000, 0.00759157601009, 1.49519410232901, 0.00000000000000, 1.49866237389947,19.71672965812895,    0.00000000000000,
  553,    5, 1.72656250000000, 0.01406250000000, 1.49012227759506, 0.00346827157046, 1.48665400602460, 0.00510648474987, 0.00000000000000, 0.00759157601009, 1.49519410232901, 0.00000000000000, 1.49866237389947,19.71672965812895,    0.00000000000000,
  554,    1, 1.72968750000000, 0.00156250000000, 1.49437168162146, 0.00339424873074, 1.49097743289072, 0.00509233864263,-0.00000000000000, 0.00759256199680, 1.49949336703831, 0.00000000000000, 1.50288761576905,20.00445727418101,    0.00000000000000,
  554,    2, 1.72968750000000, 0.00468750000000, 1.49437168162146, 0.00339424873074, 1.49097743289072, 0.00509233864263,-0.00000000000000, 0.00759256199680, 1.49949336703831, 0.00000000000000, 1.50288761576905,20.00445727418101,    0.00000000000000,
  554,    3, 1.72968750000000, 0.00781250000000, 1.49437168162146, 0.00339424873074, 1.49097743289072, 0.00509233864263,-0.00000000000000, 0.00759256199680, 1.49949336703831, 0.00000000000000, 1.50288761576905,20.00445727418101,    0.00000000000000,
  554,    4, 1.72968750000000, 0.01093750000000, 1.49437168162146, 0.00339424873074, 1.49097743289072, 0.00509233864263,-0.00000000000000, 0.00759256199680, 1.49949336703831, 0.00000000000000, 1.50288761576905,20.00445727418101,    0.00000000000000,
  554,    5, 1.72968750000000, 0.01406250000000, 1.49437168162146, 0.00339424873074, 1.49097743289072, 0.00509233864263,-0.00000000000000, 0.00759256199680, 1.49949336703831, 0.00000000000000, 1.50288761576905,20.00445727418101,    0.00000000000000,
  555,    1, 1.73281250000000, 0.00156250000000, 1.49867010270635, 0.00332086256708, 1.49534924013927, 0.00507809902062, 0.00000000000000, 0.00759353151184, 1.50384087161862, 0.00000000000000, 1.50716173418570,20.29222703835381,    0.00000000000000,
  555,    2, 1.73281250000000, 0.00468750000000, 1.49867010270635, 0.00332086256708, 1.49534924013927, 0.00507809902062, 0.00000000000000, 0.00759353151184, 1.50384087161862, 0.00000000000000, 1.50716173418570,20.29222703835381,    0.00000000000000,
  555,    3, 1.73281250000000, 0.00781250000000, 1.49867010270635, 0.00332086256708, 1.49534924013927, 0.00507809902062, 0.00000000000000, 0.00759353151184, 1.50384087161862, 0.00000000000000, 1.50716173418570,20.29222703835381,    0.00000000000000,
  555,    4, 1.73281250000000, 0.01093750000000, 1.49867010270635, 0.00332086256708, 1.49534924013927, 0.00507809902062, 0.00000000000000, 0.00759353151184, 1.50384087161862, 0.00000000000000, 1.50716173418570,20.29222703835381,    0.00000000000000,
  555,    5, 1.73281250000000, 0.01406250000000, 1.49867010270635, 0.00332086256708, 1.49534924013927, 0.00507809902062, 0.00000000000000, 0.00759353151184, 1.50384087161862, 0.00000000000000, 1.50716173418570,20.29222703835381,    0.00000000000000,
  556,    1, 1.73593750000000, 0.00156250000000, 1.50301712307919, 0.00324812015258, 1.49976900292661, 0.00506376943356,-0.00000000000000, 0.00759448443443, 1.50823619704841, 0.00000000000000, 1.51148431720099,20.58001636388883,    0.00000000000000,
  556,    2, 1.73593750000000, 0.00468750000000, 1.50301712307919, 0.00324812015258, 1.49976900292661, 0.00506376943356,-0.00000000000000, 0.00759448443443, 1.50823619704841, 0.00000000000000, 1.51148431720099,20.58001636388883,    0.00000000000000,
  556,    3, 1.73593750000000, 0.00781250000000, 1.50301712307919, 0.00324812015258, 1.49976900292661, 0.00506376943356,-0.00000000000000, 0.00759448443443, 1.50823619704841, 0.00000000000000, 1.51148431720099,20.58001636388883,    0.00000000000000,
  556,    4, 1.73593750000000, 0.01093750000000, 1.50301712307919, 0.00324812015258, 1.49976900292661, 0.00506376943356,-0.00000000000000, 0.00759448443443, 1.50823619704841, 0.00000000000000, 1.51148431720099,20.58001636388883,    0.00000000000000,
  556,    5, 1.73593750000000, 0.01406250000000, 1.50301712307919, 0.00324812015258, 1.49976900292661, 0.00506376943356,-0.00000000000000, 0.00759448443443, 1.50823619704841, 0.00000000000000, 1.51148431720099,20.58001636388883,    0.00000000000000,
  557,    1, 1.73906250000000, 0.00156250000000, 1.50741232034169, 0.00317602849832, 1.50423629184337, 0.00504935340877, 0.00000000000000, 0.00759542064782, 1.51267891969705, 0.00000000000000, 1.51585494819536,20.86780190441718,    0.00000000000000,
  557,    2, 1.73906250000000, 0.00468750000000, 1.50741232034169, 0.00317602849832, 1.50423629184337, 0.00504935340877, 0.00000000000000, 0.00759542064782, 1.51267891969705, 0.00000000000000, 1.51585494819536,20.86780190441718,    0.00000000000000,
  557,    3, 1.73906250000000, 0.00781250000000, 1.50741232034169, 0.00317602849832, 1.50423629184337, 0.00504935340877, 0.00000000000000, 0.00759542064782, 1.51267891969705, 0.00000000000000, 1.51585494819536,20.86780190441718,    0.00000000000000,
  557,    4, 1.73906250000000, 0.01093750000000, 1.50741232034169, 0.00317602849832, 1.50423629184337, 0.00504935340877, 0.00000000000000, 0.00759542064782, 1.51267891969705, 0.00000000000000, 1.51585494819536,20.86780190441718,    0.00000000000000,
  557,    5, 1.73906250000000, 0.01406250000000, 1.50741232034169, 0.00317602849832, 1.50423629184337, 0.00504935340877, 0.00000000000000, 0.00759542064782, 1.51267891969705, 0.00000000000000, 1.51585494819536,20.86780190441718,    0.00000000000000,
  558,    1, 1.74218750000000, 0.00156250000000, 1.51185526751016, 0.00310459455263, 1.50875067295753, 0.00503485444975, 0.00000000000000, 0.00759634003930, 1.51716861136569, 0.00000000000000, 1.52027320591832,21.15555955451692,    0.00000000000000,
  558,    2, 1.74218750000000, 0.00468750000000, 1.51185526751016, 0.00310459455263, 1.50875067295753, 0.00503485444975, 0.00000000000000, 0.00759634003930, 1.51716861136569, 0.00000000000000, 1.52027320591832,21.15555955451692,    0.00000000000000,
  558,    3, 1.74218750000000, 0.00781250000000, 1.51185526751016, 0.00310459455263, 1.50875067295753, 0.00503485444975, 0.00000000000000, 0.00759634003930, 1.51716861136569, 0.00000000000000, 1.52027320591832,21.15555955451692,    0.00000000000000,
  558,    4, 1.74218750000000, 0.01093750000000, 1.51185526751016, 0.00310459455263, 1.50875067295753, 0.00503485444975, 0.00000000000000, 0.00759634003930, 1.51716861136569, 0.00000000000000, 1.52027320591832,21.15555955451692,    0.00000000000000,
  558,    5, 1.74218750000000, 0.01406250000000, 1.51185526751016, 0.00310459455263, 1.50875067295753, 0.00503485444975, 0.00000000000000, 0.00759634003930, 1.51716861136569, 0.00000000000000, 1.52027320591832,21.15555955451692,    0.00000000000000,
  559,    1, 1.74531250000000, 0.00156250000000, 1.51634553305813, 0.00303382520047, 1.51331170785766, 0.00502027603490, 0.00000000000000, 0.00759724250029, 1.52170483932851, 0.00000000000000, 1.52473866452898,21.44326445063611,    0.00000000000000,
  559,    2, 1.74531250000000, 0.00468750000000, 1.51634553305813, 0.00303382520047, 1.51331170785766, 0.00502027603490, 0.00000000000000, 0.00759724250029, 1.52170483932851, 0.00000000000000, 1.52473866452898,21.44326445063611,    0.00000000000000,
  559,    3, 1.74531250000000, 0.00781250000000, 1.51634553305813, 0.00303382520047, 1.51331170785766, 0.00502027603490, 0.00000000000000, 0.00759724250029, 1.52170483932851, 0.00000000000000, 1.52473866452898,21.44326445063611,    0.00000000000000,
  559,    4, 1.74531250000000, 0.01093750000000, 1.51634553305813, 0.00303382520047, 1.51331170785766, 0.00502027603490, 0.00000000000000, 0.00759724250029, 1.52170483932851, 0.00000000000000, 1.52473866452898,21.44326445063611,    0.00000000000000,
  559,    5, 1.74531250000000, 0.01406250000000, 1.51634553305813, 0.00303382520047, 1.51331170785766, 0.00502027603490, 0.00000000000000, 0.00759724250029, 1.52170483932851, 0.00000000000000, 1.52473866452898,21.44326445063611,    0.00000000000000,
  560,    1, 1.74843750000000, 0.00156250000000, 1.52088268095944, 0.00296372726274, 1.51791895369670, 0.00500562161624,-0.00000000000000, 0.00759812792633, 1.52628716637441, 0.00000000000000, 1.52925089363714,21.73089097238227,    0.00000000000000,
  560,    2, 1.74843750000000, 0.00468750000000, 1.52088268095944, 0.00296372726274, 1.51791895369670, 0.00500562161624,-0.00000000000000, 0.00759812792633, 1.52628716637441, 0.00000000000000, 1.52925089363714,21.73089097238227,    0.00000000000000,
  560,    3, 1.74843750000000, 0.00781250000000, 1.52088268095944, 0.00296372726274, 1.51791895369670, 0.00500562161624,-0.00000000000000, 0.00759812792633, 1.52628716637441, 0.00000000000000, 1.52925089363714,21.73089097238227,    0.00000000000000,
  560,    4, 1.74843750000000, 0.01093750000000, 1.52088268095944, 0.00296372726274, 1.51791895369670, 0.00500562161624,-0.00000000000000, 0.00759812792633, 1.52628716637441, 0.00000000000000, 1.52925089363714,21.73089097238227,    0.00000000000000,
  560,    5, 1.74843750000000, 0.01406250000000, 1.52088268095944, 0.00296372726274, 1.51791895369670, 0.00500562161624,-0.00000000000000, 0.00759812792633, 1.52628716637441, 0.00000000000000, 1.52925089363714,21.73089097238227,    0.00000000000000,
  561,    1, 1.75156250000000, 0.00156250000000, 1.52546627073150, 0.00289430749562, 1.52257196323589, 0.00499089461822,-0.00000000000000, 0.00759899621717, 1.53091515084917, 0.00000000000000, 1.53380945834479,22.01841274417879,    0.00000000000000,
  561,    2, 1.75156250000000, 0.00468750000000, 1.52546627073150, 0.00289430749562, 1.52257196323589, 0.00499089461822,-0.00000000000000, 0.00759899621717, 1.53091515084917, 0.00000000000000, 1.53380945834479,22.01841274417879,    0.00000000000000,
  561,    3, 1.75156250000000, 0.00781250000000, 1.52546627073150, 0.00289430749562, 1.52257196323589, 0.00499089461822,-0.00000000000000, 0.00759899621717, 1.53091515084917, 0.00000000000000, 1.53380945834479,22.01841274417879,    0.00000000000000,
  561,    4, 1.75156250000000, 0.01093750000000, 1.52546627073150, 0.00289430749562, 1.52257196323589, 0.00499089461822,-0.00000000000000, 0.00759899621717, 1.53091515084917, 0.00000000000000, 1.53380945834479,22.01841274417879,    0.00000000000000,
  561,    5, 1.75156250000000, 0.01406250000000, 1.52546627073150, 0.00289430749562, 1.52257196323589, 0.00499089461822,-0.00000000000000, 0.00759899621717, 1.53091515084917, 0.00000000000000, 1.53380945834479,22.01841274417879,    0.00000000000000,
  562,    1, 1.75468750000000, 0.00156250000000, 1.53009585747918, 0.00282557258993, 1.52727028488925, 0.00497609843654, 0.00000000000000, 0.00759984727681, 1.53558834669802, 0.00000000000000, 1.53841391928795,22.30580263728774,    0.00000000000000,
  562,    2, 1.75468750000000, 0.00468750000000, 1.53009585747918, 0.00282557258993, 1.52727028488925, 0.00497609843654, 0.00000000000000, 0.00759984727681, 1.53558834669802, 0.00000000000000, 1.53841391928795,22.30580263728774,    0.00000000000000,
  562,    3, 1.75468750000000, 0.00781250000000, 1.53009585747918, 0.00282557258993, 1.52727028488925, 0.00497609843654, 0.00000000000000, 0.00759984727681, 1.53558834669802, 0.00000000000000, 1.53841391928795,22.30580263728774,    0.00000000000000,
  562,    4, 1.75468750000000, 0.01093750000000, 1.53009585747918, 0.00282557258993, 1.52727028488925, 0.00497609843654, 0.00000000000000, 0.00759984727681, 1.53558834669802, 0.00000000000000, 1.53841391928795,22.30580263728774,    0.00000000000000,
  562,    5, 1.75468750000000, 0.01406250000000, 1.53009585747918, 0.00282557258993, 1.52727028488925, 0.00497609843654, 0.00000000000000, 0.00759984727681, 1.53558834669802, 0.00000000000000, 1.53841391928795,22.30580263728774,    0.00000000000000,
  563,    1, 1.75781250000000, 0.00156250000000, 1.53477099193873, 0.00275752917049, 1.53201346276824, 0.00496123643704,-0.00000000000000, 0.00760068101352, 1.54030630350862, 0.00000000000000, 1.54306383267911,22.59303277219995,    0.00000000000000,
  563,    2, 1.75781250000000, 0.00468750000000, 1.53477099193873, 0.00275752917049, 1.53201346276824, 0.00496123643704,-0.00000000000000, 0.00760068101352, 1.54030630350862, 0.00000000000000, 1.54306383267911,22.59303277219995,    0.00000000000000,
  563,    3, 1.75781250000000, 0.00781250000000, 1.53477099193873, 0.00275752917049, 1.53201346276824, 0.00496123643704,-0.00000000000000, 0.00760068101352, 1.54030630350862, 0.00000000000000, 1.54306383267911,22.59303277219995,    0.00000000000000,
  563,    4, 1.75781250000000, 0.01093750000000, 1.53477099193873, 0.00275752917049, 1.53201346276824, 0.00496123643704,-0.00000000000000, 0.00760068101352, 1.54030630350862, 0.00000000000000, 1.54306383267911,22.59303277219995,    0.00000000000000,
  563,    5, 1.75781250000000, 0.01406250000000, 1.53477099193873, 0.00275752917049, 1.53201346276824, 0.00496123643704,-0.00000000000000, 0.00760068101352, 1.54030630350862, 0.00000000000000, 1.54306383267911,22.59303277219995,    0.00000000000000,
  564,    1, 1.76093750000000, 0.00156250000000, 1.53949122052219, 0.00269018379546, 1.53680103672673, 0.00494631195466, 0.00000000000000, 0.00760149733989, 1.54506856655447, 0.00000000000000, 1.54775875034992,22.88007452139152,    0.00000000000000,
  564,    2, 1.76093750000000, 0.00468750000000, 1.53949122052219, 0.00269018379546, 1.53680103672673, 0.00494631195466, 0.00000000000000, 0.00760149733989, 1.54506856655447, 0.00000000000000, 1.54775875034992,22.88007452139152,    0.00000000000000,
  564,    3, 1.76093750000000, 0.00781250000000, 1.53949122052219, 0.00269018379546, 1.53680103672673, 0.00494631195466, 0.00000000000000, 0.00760149733989, 1.54506856655447, 0.00000000000000, 1.54775875034992,22.88007452139152,    0.00000000000000,
  564,    4, 1.76093750000000, 0.01093750000000, 1.53949122052219, 0.00269018379546, 1.53680103672673, 0.00494631195466, 0.00000000000000, 0.00760149733989, 1.54506856655447, 0.00000000000000, 1.54775875034992,22.88007452139152,    0.00000000000000,
  564,    5, 1.76093750000000, 0.01406250000000, 1.53949122052219, 0.00269018379546, 1.53680103672673, 0.00494631195466, 0.00000000000000, 0.00760149733989, 1.54506856655447, 0.00000000000000, 1.54775875034992,22.88007452139152,    0.00000000000000,
  565,    1, 1.76406250000000, 0.00156250000000, 1.54425608536220, 0.00262354295573, 1.54163254240647, 0.00493132829244,-0.00000000000000, 0.00760229617292, 1.54987467683874, 0.00000000000000, 1.55249821979447,23.16689851244673,    0.00000000000000,
  565,    2, 1.76406250000000, 0.00468750000000, 1.54425608536220, 0.00262354295573, 1.54163254240647, 0.00493132829244,-0.00000000000000, 0.00760229617292, 1.54987467683874, 0.00000000000000, 1.55249821979447,23.16689851244673,    0.00000000000000,
  565,    3, 1.76406250000000, 0.00781250000000, 1.54425608536220, 0.00262354295573, 1.54163254240647, 0.00493132829244,-0.00000000000000, 0.00760229617292, 1.54987467683874, 0.00000000000000, 1.55249821979447,23.16689851244673,    0.00000000000000,
  565,    4, 1.76406250000000, 0.01093750000000, 1.54425608536220, 0.00262354295573, 1.54163254240647, 0.00493132829244,-0.00000000000000, 0.00760229617292, 1.54987467683874, 0.00000000000000, 1.55249821979447,23.16689851244673,    0.00000000000000,
  565,    5, 1.76406250000000, 0.01406250000000, 1.54425608536220, 0.00262354295573, 1.54163254240647, 0.00493132829244,-0.00000000000000, 0.00760229617292, 1.54987467683874, 0.00000000000000, 1.55249821979447,23.16689851244673,    0.00000000000000,
  566,    1, 1.76718750000000, 0.00156250000000, 1.54906512435696, 0.00255761307428, 1.54650751128268, 0.00491628872055,-0.00000000000000, 0.00760307743397, 1.55472417113852, 0.00000000000000, 1.55728178421280,23.45347463154716,    0.00000000000000,
  566,    2, 1.76718750000000, 0.00468750000000, 1.54906512435696, 0.00255761307428, 1.54650751128268, 0.00491628872055,-0.00000000000000, 0.00760307743397, 1.55472417113852, 0.00000000000000, 1.55728178421280,23.45347463154716,    0.00000000000000,
  566,    3, 1.76718750000000, 0.00781250000000, 1.54906512435696, 0.00255761307428, 1.54650751128268, 0.00491628872055,-0.00000000000000, 0.00760307743397, 1.55472417113852, 0.00000000000000, 1.55728178421280,23.45347463154716,    0.00000000000000,
  566,    4, 1.76718750000000, 0.01093750000000, 1.54906512435696, 0.00255761307428, 1.54650751128268, 0.00491628872055,-0.00000000000000, 0.00760307743397, 1.55472417113852, 0.00000000000000, 1.55728178421280,23.45347463154716,    0.00000000000000,
  566,    5, 1.76718750000000, 0.01406250000000, 1.54906512435696, 0.00255761307428, 1.54650751128268, 0.00491628872055,-0.00000000000000, 0.00760307743397, 1.55472417113852, 0.00000000000000, 1.55728178421280,23.45347463154716,    0.00000000000000,
  567,    1, 1.77031250000000, 0.00156250000000, 1.55391787121568, 0.00249240050557, 1.55142547071011, 0.00490119647539, 0.00000000000000, 0.00760384104888, 1.55961658204946, 0.00000000000000, 1.56210898255504,23.73977202732582,    0.00000000000000,
  567,    2, 1.77031250000000, 0.00468750000000, 1.55391787121568, 0.00249240050557, 1.55142547071011, 0.00490119647539, 0.00000000000000, 0.00760384104888, 1.55961658204946, 0.00000000000000, 1.56210898255504,23.73977202732582,    0.00000000000000,
  567,    3, 1.77031250000000, 0.00781250000000, 1.55391787121568, 0.00249240050557, 1.55142547071011, 0.00490119647539, 0.00000000000000, 0.00760384104888, 1.55961658204946, 0.00000000000000, 1.56210898255504,23.73977202732582,    0.00000000000000,
  567,    4, 1.77031250000000, 0.01093750000000, 1.55391787121568, 0.00249240050557, 1.55142547071011, 0.00490119647539, 0.00000000000000, 0.00760384104888, 1.55961658204946, 0.00000000000000, 1.56210898255504,23.73977202732582,    0.00000000000000,
  567,    5, 1.77031250000000, 0.01406250000000, 1.55391787121568, 0.00249240050557, 1.55142547071011, 0.00490119647539, 0.00000000000000, 0.00760384104888, 1.55961658204946, 0.00000000000000, 1.56210898255504,23.73977202732582,    0.00000000000000,
  568,    1, 1.77343750000000, 0.00156250000000, 1.55881385550431, 0.00242791153494, 1.55638594396937, 0.00488605475874, 0.00000000000000, 0.00760458694797, 1.56455143803082, 0.00000000000000, 1.56697934956575,24.02575911508631,    0.00000000000000,
  568,    2, 1.77343750000000, 0.00468750000000, 1.55881385550431, 0.00242791153494, 1.55638594396937, 0.00488605475874, 0.00000000000000, 0.00760458694797, 1.56455143803082, 0.00000000000000, 1.56697934956575,24.02575911508631,    0.00000000000000,
  568,    3, 1.77343750000000, 0.00781250000000, 1.55881385550431, 0.00242791153494, 1.55638594396937, 0.00488605475874, 0.00000000000000, 0.00760458694797, 1.56455143803082, 0.00000000000000, 1.56697934956575,24.02575911508631,    0.00000000000000,
  568,    4, 1.77343750000000, 0.01093750000000, 1.55881385550431, 0.00242791153494, 1.55638594396937, 0.00488605475874, 0.00000000000000, 0.00760458694797, 1.56455143803082, 0.00000000000000, 1.56697934956575,24.02575911508631,    0.00000000000000,
  568,    5, 1.77343750000000, 0.01406250000000, 1.55881385550431, 0.00242791153494, 1.55638594396937, 0.00488605475874, 0.00000000000000, 0.00760458694797, 1.56455143803082, 0.00000000000000, 1.56697934956575,24.02575911508631,    0.00000000000000,
  569,    1, 1.77656250000000, 0.00156250000000, 1.56375260269145, 0.00236415237794, 1.56138845031351, 0.00487086673694, 0.00000000000000, 0.00760531506607, 1.56952826345089, 0.00000000000000, 1.57189241582883,24.31140358138544,    0.00000000000000,
  569,    2, 1.77656250000000, 0.00468750000000, 1.56375260269145, 0.00236415237794, 1.56138845031351, 0.00487086673694, 0.00000000000000, 0.00760531506607, 1.56952826345089, 0.00000000000000, 1.57189241582883,24.31140358138544,    0.00000000000000,
  569,    3, 1.77656250000000, 0.00781250000000, 1.56375260269145, 0.00236415237794, 1.56138845031351, 0.00487086673694, 0.00000000000000, 0.00760531506607, 1.56952826345089, 0.00000000000000, 1.57189241582883,24.31140358138544,    0.00000000000000,
  569,    4, 1.77656250000000, 0.01093750000000, 1.56375260269145, 0.00236415237794, 1.56138845031351, 0.00487086673694, 0.00000000000000, 0.00760531506607, 1.56952826345089, 0.00000000000000, 1.57189241582883,24.31140358138544,    0.00000000000000,
  569,    5, 1.77656250000000, 0.01406250000000, 1.56375260269145, 0.00236415237794, 1.56138845031351, 0.00487086673694, 0.00000000000000, 0.00760531506607, 1.56952826345089, 0.00000000000000, 1.57189241582883,24.31140358138544,    0.00000000000000,
  570,    1, 1.77968750000000, 0.00156250000000, 1.56873363419491, 0.00230112917984, 1.56643250501507, 0.00485563554015, 0.00000000000000, 0.00760602534260, 1.57454657863289, 0.00000000000000, 1.57684770781273,24.59667238897855,    0.00000000000000,
  570,    2, 1.77968750000000, 0.00468750000000, 1.56873363419491, 0.00230112917984, 1.56643250501507, 0.00485563554015, 0.00000000000000, 0.00760602534260, 1.57454657863289, 0.00000000000000, 1.57684770781273,24.59667238897855,    0.00000000000000,
  570,    3, 1.77968750000000, 0.00781250000000, 1.56873363419491, 0.00230112917984, 1.56643250501507, 0.00485563554015, 0.00000000000000, 0.00760602534260, 1.57454657863289, 0.00000000000000, 1.57684770781273,24.59667238897855,    0.00000000000000,
  570,    4, 1.77968750000000, 0.01093750000000, 1.56873363419491, 0.00230112917984, 1.56643250501507, 0.00485563554015, 0.00000000000000, 0.00760602534260, 1.57454657863289, 0.00000000000000, 1.57684770781273,24.59667238897855,    0.00000000000000,
  570,    5, 1.77968750000000, 0.01406250000000, 1.56873363419491, 0.00230112917984, 1.56643250501507, 0.00485563554015, 0.00000000000000, 0.00760602534260, 1.57454657863289, 0.00000000000000, 1.57684770781273,24.59667238897855,    0.00000000000000,
  571,    1, 1.78281250000000, 0.00156250000000, 1.57375646742813, 0.00223884801492, 1.57151761941321, 0.00484036426163, 0.00000000000000, 0.00760671772153, 1.57960589990116, 0.00000000000000, 1.58184474791608,24.88153178212671,    0.00000000000000,
  571,    2, 1.78281250000000, 0.00468750000000, 1.57375646742813, 0.00223884801492, 1.57151761941321, 0.00484036426163, 0.00000000000000, 0.00760671772153, 1.57960589990116, 0.00000000000000, 1.58184474791608,24.88153178212671,    0.00000000000000,
  571,    3, 1.78281250000000, 0.00781250000000, 1.57375646742813, 0.00223884801492, 1.57151761941321, 0.00484036426163, 0.00000000000000, 0.00760671772153, 1.57960589990116, 0.00000000000000, 1.58184474791608,24.88153178212671,    0.00000000000000,
  571,    4, 1.78281250000000, 0.01093750000000, 1.57375646742813, 0.00223884801492, 1.57151761941321, 0.00484036426163, 0.00000000000000, 0.00760671772153, 1.57960589990116, 0.00000000000000, 1.58184474791608,24.88153178212671,    0.00000000000000,
  571,    5, 1.78281250000000, 0.01406250000000, 1.57375646742813, 0.00223884801492, 1.57151761941321, 0.00484036426163, 0.00000000000000, 0.00760671772153, 1.57960589990116, 0.00000000000000, 1.58184474791608,24.88153178212671,    0.00000000000000,
  572,    1, 1.78593750000000, 0.00156250000000, 1.57882061584736, 0.00217731488599, 1.57664330096137, 0.00482505595707, 0.00000000000000, 0.00760739215147, 1.58470573962778, 0.00000000000000, 1.58688305451377,25.16594729226365,    0.00000000000000,
  572,    2, 1.78593750000000, 0.00468750000000, 1.57882061584736, 0.00217731488599, 1.57664330096137, 0.00482505595707, 0.00000000000000, 0.00760739215147, 1.58470573962778, 0.00000000000000, 1.58688305451377,25.16594729226365,    0.00000000000000,
  572,    3, 1.78593750000000, 0.00781250000000, 1.57882061584736, 0.00217731488599, 1.57664330096137, 0.00482505595707, 0.00000000000000, 0.00760739215147, 1.58470573962778, 0.00000000000000, 1.58688305451377,25.16594729226365,    0.00000000000000,
  572,    4, 1.78593750000000, 0.01093750000000, 1.57882061584736, 0.00217731488599, 1.57664330096137, 0.00482505595707, 0.00000000000000, 0.00760739215147, 1.58470573962778, 0.00000000000000, 1.58688305451377,25.16594729226365,    0.00000000000000,
  572,    5, 1.78593750000000, 0.01406250000000, 1.57882061584736, 0.00217731488599, 1.57664330096137, 0.00482505595707, 0.00000000000000, 0.00760739215147, 1.58470573962778, 0.00000000000000, 1.58688305451377,25.16594729226365,    0.00000000000000,
  573,    1, 1.78906250000000, 0.00156250000000, 1.58392558899890, 0.00211653572373, 1.58180905327517, 0.00480971364397, 0.00000000000000, 0.00760804858569, 1.58984560627958, 0.00000000000000, 1.59196214200332,25.44988374402169,    0.00000000000000,
  573,    2, 1.78906250000000, 0.00468750000000, 1.58392558899890, 0.00211653572373, 1.58180905327517, 0.00480971364397, 0.00000000000000, 0.00760804858569, 1.58984560627958, 0.00000000000000, 1.59196214200332,25.44988374402169,    0.00000000000000,
  573,    3, 1.78906250000000, 0.00781250000000, 1.58392558899890, 0.00211653572373, 1.58180905327517, 0.00480971364397, 0.00000000000000, 0.00760804858569, 1.58984560627958, 0.00000000000000, 1.59196214200332,25.44988374402169,    0.00000000000000,
  573,    4, 1.78906250000000, 0.01093750000000, 1.58392558899890, 0.00211653572373, 1.58180905327517, 0.00480971364397, 0.00000000000000, 0.00760804858569, 1.58984560627958, 0.00000000000000, 1.59196214200332,25.44988374402169,    0.00000000000000,
  573,    5, 1.78906250000000, 0.01406250000000, 1.58392558899890, 0.00211653572373, 1.58180905327517, 0.00480971364397, 0.00000000000000, 0.00760804858569, 1.58984560627958, 0.00000000000000, 1.59196214200332,25.44988374402169,    0.00000000000000,
  574,    1, 1.79218750000000, 0.00156250000000, 1.58907089256656, 0.00205651638617, 1.58701437618038, 0.00479434030109, 0.00000000000000, 0.00760868698213, 1.59502500446553, 0.00000000000000, 1.59708152085170,25.73330526161497,    0.00000000000000,
  574,    2, 1.79218750000000, 0.00468750000000, 1.58907089256656, 0.00205651638617, 1.58701437618038, 0.00479434030109, 0.00000000000000, 0.00760868698213, 1.59502500446553, 0.00000000000000, 1.59708152085170,25.73330526161497,    0.00000000000000,
  574,    3, 1.79218750000000, 0.00781250000000, 1.58907089256656, 0.00205651638617, 1.58701437618038, 0.00479434030109, 0.00000000000000, 0.00760868698213, 1.59502500446553, 0.00000000000000, 1.59708152085170,25.73330526161497,    0.00000000000000,
  574,    4, 1.79218750000000, 0.01093750000000, 1.58907089256656, 0.00205651638617, 1.58701437618038, 0.00479434030109, 0.00000000000000, 0.00760868698213, 1.59502500446553, 0.00000000000000, 1.59708152085170,25.73330526161497,    0.00000000000000,
  574,    5, 1.79218750000000, 0.01406250000000, 1.58907089256656, 0.00205651638617, 1.58701437618038, 0.00479434030109, 0.00000000000000, 0.00760868698213, 1.59502500446553, 0.00000000000000, 1.59708152085170,25.73330526161497,    0.00000000000000,
  575,    1, 1.79531250000000, 0.00156250000000, 1.59425602841976, 0.00199726265809, 1.59225876576166, 0.00477893886787, 0.00000000000000, 0.00760930730340, 1.60024343498443, 0.00000000000000, 1.60224069764252,26.01617527557737,    0.00000000000000,
  575,    2, 1.79531250000000, 0.00468750000000, 1.59425602841976, 0.00199726265809, 1.59225876576166, 0.00477893886787, 0.00000000000000, 0.00760930730340, 1.60024343498443, 0.00000000000000, 1.60224069764252,26.01617527557737,    0.00000000000000,
  575,    3, 1.79531250000000, 0.00781250000000, 1.59425602841976, 0.00199726265809, 1.59225876576166, 0.00477893886787, 0.00000000000000, 0.00760930730340, 1.60024343498443, 0.00000000000000, 1.60224069764252,26.01617527557737,    0.00000000000000,
  575,    4, 1.79531250000000, 0.01093750000000, 1.59425602841976, 0.00199726265809, 1.59225876576166, 0.00477893886787, 0.00000000000000, 0.00760930730340, 1.60024343498443, 0.00000000000000, 1.60224069764252,26.01617527557737,    0.00000000000000,
  575,    5, 1.79531250000000, 0.01406250000000, 1.59425602841976, 0.00199726265809, 1.59225876576166, 0.00477893886787, 0.00000000000000, 0.00760930730340, 1.60024343498443, 0.00000000000000, 1.60224069764252,26.01617527557737,    0.00000000000000,
  576,    1, 1.79843750000000, 0.00156250000000, 1.59948049466155, 0.00193878025049, 1.59754171441106, 0.00476351224398,-0.00000000000000, 0.00760990951687, 1.60550039487310, 0.00000000000000, 1.60743917512360,26.29845652985452,    0.00000000000000,
  576,    2, 1.79843750000000, 0.00468750000000, 1.59948049466155, 0.00193878025049, 1.59754171441106, 0.00476351224398,-0.00000000000000, 0.00760990951687, 1.60550039487310, 0.00000000000000, 1.60743917512360,26.29845652985452,    0.00000000000000,
  576,    3, 1.79843750000000, 0.00781250000000, 1.59948049466155, 0.00193878025049, 1.59754171441106, 0.00476351224398,-0.00000000000000, 0.00760990951687, 1.60550039487310, 0.00000000000000, 1.60743917512360,26.29845652985452,    0.00000000000000,
  576,    4, 1.79843750000000, 0.01093750000000, 1.59948049466155, 0.00193878025049, 1.59754171441106, 0.00476351224398,-0.00000000000000, 0.00760990951687, 1.60550039487310, 0.00000000000000, 1.60743917512360,26.29845652985452,    0.00000000000000,
  576,    5, 1.79843750000000, 0.01406250000000, 1.59948049466155, 0.00193878025049, 1.59754171441106, 0.00476351224398,-0.00000000000000, 0.00760990951687, 1.60550039487310, 0.00000000000000, 1.60743917512360,26.29845652985452,    0.00000000000000,
  577,    1, 1.80156250000000, 0.00156250000000, 1.60474378567729, 0.00188107480003, 1.60286271087726, 0.00474806328888, 0.00000000000000, 0.00761049359463, 1.61079537745481, 0.00000000000000, 1.61267645225484,26.58011108924684,    0.00000000000000,
  577,    2, 1.80156250000000, 0.00468750000000, 1.60474378567729, 0.00188107480003, 1.60286271087726, 0.00474806328888, 0.00000000000000, 0.00761049359463, 1.61079537745481, 0.00000000000000, 1.61267645225484,26.58011108924684,    0.00000000000000,
  577,    3, 1.80156250000000, 0.00781250000000, 1.60474378567729, 0.00188107480003, 1.60286271087726, 0.00474806328888, 0.00000000000000, 0.00761049359463, 1.61079537745481, 0.00000000000000, 1.61267645225484,26.58011108924684,    0.00000000000000,
  577,    4, 1.80156250000000, 0.01093750000000, 1.60474378567729, 0.00188107480003, 1.60286271087726, 0.00474806328888, 0.00000000000000, 0.00761049359463, 1.61079537745481, 0.00000000000000, 1.61267645225484,26.58011108924684,    0.00000000000000,
  577,    5, 1.80156250000000, 0.01406250000000, 1.60474378567729, 0.00188107480003, 1.60286271087726, 0.00474806328888, 0.00000000000000, 0.00761049359463, 1.61079537745481, 0.00000000000000, 1.61267645225484,26.58011108924684,    0.00000000000000,
  578,    1, 1.80468750000000, 0.00156250000000, 1.61004539218330, 0.00182415186848, 1.60822124031481, 0.00473259482137, 0.00000000000000, 0.00761105951354, 1.61612787238810, 0.00000000000000, 1.61795202425659,26.86110034720172,    0.00000000000000,
  578,    2, 1.80468750000000, 0.00468750000000, 1.61004539218330, 0.00182415186848, 1.60822124031481, 0.00473259482137, 0.00000000000000, 0.00761105951354, 1.61612787238810, 0.00000000000000, 1.61795202425659,26.86110034720172,    0.00000000000000,
  578,    3, 1.80468750000000, 0.00781250000000, 1.61004539218330, 0.00182415186848, 1.60822124031481, 0.00473259482137, 0.00000000000000, 0.00761105951354, 1.61612787238810, 0.00000000000000, 1.61795202425659,26.86110034720172,    0.00000000000000,
  578,    4, 1.80468750000000, 0.01093750000000, 1.61004539218330, 0.00182415186848, 1.60822124031481, 0.00473259482137, 0.00000000000000, 0.00761105951354, 1.61612787238810, 0.00000000000000, 1.61795202425659,26.86110034720172,    0.00000000000000,
  578,    5, 1.80468750000000, 0.01406250000000, 1.61004539218330, 0.00182415186848, 1.60822124031481, 0.00473259482137, 0.00000000000000, 0.00761105951354, 1.61612787238810, 0.00000000000000, 1.61795202425659,26.86110034720172,    0.00000000000000,
  579,    1, 1.80781250000000, 0.00156250000000, 1.61538480127594, 0.00176801694219, 1.61361678433374, 0.00471710961927, 0.00000000000000, 0.00761160725520, 1.62149736571603, 0.00000000000000, 1.62326538265822,27.14138503395274,    0.00000000000000,
  579,    2, 1.80781250000000, 0.00468750000000, 1.61538480127594, 0.00176801694219, 1.61361678433374, 0.00471710961927, 0.00000000000000, 0.00761160725520, 1.62149736571603, 0.00000000000000, 1.62326538265822,27.14138503395274,    0.00000000000000,
  579,    3, 1.80781250000000, 0.00781250000000, 1.61538480127594, 0.00176801694219, 1.61361678433374, 0.00471710961927, 0.00000000000000, 0.00761160725520, 1.62149736571603, 0.00000000000000, 1.62326538265822,27.14138503395274,    0.00000000000000,
  579,    4, 1.80781250000000, 0.01093750000000, 1.61538480127594, 0.00176801694219, 1.61361678433374, 0.00471710961927, 0.00000000000000, 0.00761160725520, 1.62149736571603, 0.00000000000000, 1.62326538265822,27.14138503395274,    0.00000000000000,
  579,    5, 1.80781250000000, 0.01406250000000, 1.61538480127594, 0.00176801694219, 1.61361678433374, 0.00471710961927, 0.00000000000000, 0.00761160725520, 1.62149736571603, 0.00000000000000, 1.62326538265822,27.14138503395274,    0.00000000000000,
  580,    1, 1.81093750000000, 0.00156250000000, 1.62076149648108, 0.00171267543156, 1.61904882104952, 0.00470161041906, 0.00000000000000, 0.00761213680602, 1.62690333991564, 0.00000000000000, 1.62861601534720,27.42092522500291,    0.00000000000000,
  580,    2, 1.81093750000000, 0.00468750000000, 1.62076149648108, 0.00171267543156, 1.61904882104952, 0.00470161041906, 0.00000000000000, 0.00761213680602, 1.62690333991564, 0.00000000000000, 1.62861601534720,27.42092522500291,    0.00000000000000,
  580,    3, 1.81093750000000, 0.00781250000000, 1.62076149648108, 0.00171267543156, 1.61904882104952, 0.00470161041906, 0.00000000000000, 0.00761213680602, 1.62690333991564, 0.00000000000000, 1.62861601534720,27.42092522500291,    0.00000000000000,
  580,    4, 1.81093750000000, 0.01093750000000, 1.62076149648108, 0.00171267543156, 1.61904882104952, 0.00470161041906, 0.00000000000000, 0.00761213680602, 1.62690333991564, 0.00000000000000, 1.62861601534720,27.42092522500291,    0.00000000000000,
  580,    5, 1.81093750000000, 0.01406250000000, 1.62076149648108, 0.00171267543156, 1.61904882104952, 0.00470161041906, 0.00000000000000, 0.00761213680602, 1.62690333991564, 0.00000000000000, 1.62861601534720,27.42092522500291,    0.00000000000000,
  581,    1, 1.81406250000000, 0.00156250000000, 1.62617495780376, 0.00165813267052, 1.62451682513324, 0.00468609991562, 0.00000000000000, 0.00761264815718, 1.63234527394789, 0.00000000000000, 1.63400340661841,27.69968034994977,    0.00000000000000,
  581,    2, 1.81406250000000, 0.00468750000000, 1.62617495780376, 0.00165813267052, 1.62451682513324, 0.00468609991562, 0.00000000000000, 0.00761264815718, 1.63234527394789, 0.00000000000000, 1.63400340661841,27.69968034994977,    0.00000000000000,
  581,    3, 1.81406250000000, 0.00781250000000, 1.62617495780376, 0.00165813267052, 1.62451682513324, 0.00468609991562, 0.00000000000000, 0.00761264815718, 1.63234527394789, 0.00000000000000, 1.63400340661841,27.69968034994977,    0.00000000000000,
  581,    4, 1.81406250000000, 0.01093750000000, 1.62617495780376, 0.00165813267052, 1.62451682513324, 0.00468609991562, 0.00000000000000, 0.00761264815718, 1.63234527394789, 0.00000000000000, 1.63400340661841,27.69968034994977,    0.00000000000000,
  581,    5, 1.81406250000000, 0.01406250000000, 1.62617495780376, 0.00165813267052, 1.62451682513324, 0.00468609991562, 0.00000000000000, 0.00761264815718, 1.63234527394789, 0.00000000000000, 1.63400340661841,27.69968034994977,    0.00000000000000,
  582,    1, 1.81718750000000, 0.00156250000000, 1.63162466177802, 0.00160439391602, 1.63002026786200, 0.00467058076196, 0.00000000000000, 0.00761314130467, 1.63782264330785, 0.00000000000000, 1.63942703722387,27.97760920164954,    0.00000000000000,
  582,    2, 1.81718750000000, 0.00468750000000, 1.63162466177802, 0.00160439391602, 1.63002026786200, 0.00467058076196, 0.00000000000000, 0.00761314130467, 1.63782264330785, 0.00000000000000, 1.63942703722387,27.97760920164954,    0.00000000000000,
  582,    3, 1.81718750000000, 0.00781250000000, 1.63162466177802, 0.00160439391602, 1.63002026786200, 0.00467058076196, 0.00000000000000, 0.00761314130467, 1.63782264330785, 0.00000000000000, 1.63942703722387,27.97760920164954,    0.00000000000000,
  582,    4, 1.81718750000000, 0.01093750000000, 1.63162466177802, 0.00160439391602, 1.63002026786200, 0.00467058076196, 0.00000000000000, 0.00761314130467, 1.63782264330785, 0.00000000000000, 1.63942703722387,27.97760920164954,    0.00000000000000,
  582,    5, 1.81718750000000, 0.01406250000000, 1.63162466177802, 0.00160439391602, 1.63002026786200, 0.00467058076196, 0.00000000000000, 0.00761314130467, 1.63782264330785, 0.00000000000000, 1.63942703722387,27.97760920164954,    0.00000000000000,
  583,    1, 1.82031250000000, 0.00156250000000, 1.63711008151724, 0.00155146434750, 1.63555861716973, 0.00465505556899, 0.00000000000000, 0.00761361624927, 1.64333492007527, 0.00000000000000, 1.64488638442277,28.25466994571697,    0.00000000000000,
  583,    2, 1.82031250000000, 0.00468750000000, 1.63711008151724, 0.00155146434750, 1.63555861716973, 0.00465505556899, 0.00000000000000, 0.00761361624927, 1.64333492007527, 0.00000000000000, 1.64488638442277,28.25466994571697,    0.00000000000000,
  583,    3, 1.82031250000000, 0.00781250000000, 1.63711008151724, 0.00155146434750, 1.63555861716973, 0.00465505556899, 0.00000000000000, 0.00761361624927, 1.64333492007527, 0.00000000000000, 1.64488638442277,28.25466994571697,    0.00000000000000,
  583,    4, 1.82031250000000, 0.01093750000000, 1.63711008151724, 0.00155146434750, 1.63555861716973, 0.00465505556899, 0.00000000000000, 0.00761361624927, 1.64333492007527, 0.00000000000000, 1.64488638442277,28.25466994571697,    0.00000000000000,
  583,    5, 1.82031250000000, 0.01406250000000, 1.63711008151724, 0.00155146434750, 1.63555861716973, 0.00465505556899, 0.00000000000000, 0.00761361624927, 1.64333492007527, 0.00000000000000, 1.64488638442277,28.25466994571697,    0.00000000000000,
  584,    1, 1.82343750000000, 0.00156250000000, 1.64263068676458, 0.00149934906644, 1.64113133769814, 0.00463952690539, 0.00000000000000, 0.00761407299653, 1.64888157296543, 0.00000000000000, 1.65038092203187,28.53082013035845,    0.00000000000000,
  584,    2, 1.82343750000000, 0.00468750000000, 1.64263068676458, 0.00149934906644, 1.64113133769814, 0.00463952690539, 0.00000000000000, 0.00761407299653, 1.64888157296543, 0.00000000000000, 1.65038092203187,28.53082013035845,    0.00000000000000,
  584,    3, 1.82343750000000, 0.00781250000000, 1.64263068676458, 0.00149934906644, 1.64113133769814, 0.00463952690539, 0.00000000000000, 0.00761407299653, 1.64888157296543, 0.00000000000000, 1.65038092203187,28.53082013035845,    0.00000000000000,
  584,    4, 1.82343750000000, 0.01093750000000, 1.64263068676458, 0.00149934906644, 1.64113133769814, 0.00463952690539, 0.00000000000000, 0.00761407299653, 1.64888157296543, 0.00000000000000, 1.65038092203187,28.53082013035845,    0.00000000000000,
  584,    5, 1.82343750000000, 0.01406250000000, 1.64263068676458, 0.00149934906644, 1.64113133769814, 0.00463952690539, 0.00000000000000, 0.00761407299653, 1.64888157296543, 0.00000000000000, 1.65038092203187,28.53082013035845,    0.00000000000000,
  585,    1, 1.82656250000000, 0.00156250000000, 1.64818594394380, 0.00144805309580, 1.64673789084800, 0.00462399729742, 0.00000000000000, 0.00761451155683, 1.65446206738039, 0.00000000000000, 1.65591012047619,28.80601669653483,    0.00000000000000,
  585,    2, 1.82656250000000, 0.00468750000000, 1.64818594394380, 0.00144805309580, 1.64673789084800, 0.00462399729742, 0.00000000000000, 0.00761451155683, 1.65446206738039, 0.00000000000000, 1.65591012047619,28.80601669653483,    0.00000000000000,
  585,    3, 1.82656250000000, 0.00781250000000, 1.64818594394380, 0.00144805309580, 1.64673789084800, 0.00462399729742, 0.00000000000000, 0.00761451155683, 1.65446206738039, 0.00000000000000, 1.65591012047619,28.80601669653483,    0.00000000000000,
  585,    4, 1.82656250000000, 0.01093750000000, 1.64818594394380, 0.00144805309580, 1.64673789084800, 0.00462399729742, 0.00000000000000, 0.00761451155683, 1.65446206738039, 0.00000000000000, 1.65591012047619,28.80601669653483,    0.00000000000000,
  585,    5, 1.82656250000000, 0.01406250000000, 1.64818594394380, 0.00144805309580, 1.64673789084800, 0.00462399729742, 0.00000000000000, 0.00761451155683, 1.65446206738039, 0.00000000000000, 1.65591012047619,28.80601669653483,    0.00000000000000,
  586,    1, 1.82968750000000, 0.00156250000000, 1.65377531621032, 0.00139758137961, 1.65237773483072, 0.00460846922879, 0.00000000000000, 0.00761493194531, 1.66007586546048, 0.00000000000000, 1.66147344684009,29.08021598845049,    0.00000000000000,
  586,    2, 1.82968750000000, 0.00468750000000, 1.65377531621032, 0.00139758137961, 1.65237773483072, 0.00460846922879, 0.00000000000000, 0.00761493194531, 1.66007586546048, 0.00000000000000, 1.66147344684009,29.08021598845049,    0.00000000000000,
  586,    3, 1.82968750000000, 0.00781250000000, 1.65377531621032, 0.00139758137961, 1.65237773483072, 0.00460846922879, 0.00000000000000, 0.00761493194531, 1.66007586546048, 0.00000000000000, 1.66147344684009,29.08021598845049,    0.00000000000000,
  586,    4, 1.82968750000000, 0.01093750000000, 1.65377531621032, 0.00139758137961, 1.65237773483072, 0.00460846922879, 0.00000000000000, 0.00761493194531, 1.66007586546048, 0.00000000000000, 1.66147344684009,29.08021598845049,    0.00000000000000,
  586,    5, 1.82968750000000, 0.01406250000000, 1.65377531621032, 0.00139758137961, 1.65237773483072, 0.00460846922879, 0.00000000000000, 0.00761493194531, 1.66007586546048, 0.00000000000000, 1.66147344684009,29.08021598845049,    0.00000000000000,
  587,    1, 1.83281250000000, 0.00156250000000, 1.65939826350251, 0.00134793878243, 1.65805032472009, 0.00459294514065, 0.00000000000000, 0.00761533418188, 1.66572242613615, 0.00000000000000, 1.66707036491858,29.35337376436579,    0.00000000000000,
  587,    2, 1.83281250000000, 0.00468750000000, 1.65939826350251, 0.00134793878243, 1.65805032472009, 0.00459294514065, 0.00000000000000, 0.00761533418188, 1.66572242613615, 0.00000000000000, 1.66707036491858,29.35337376436579,    0.00000000000000,
  587,    3, 1.83281250000000, 0.00781250000000, 1.65939826350251, 0.00134793878243, 1.65805032472009, 0.00459294514065, 0.00000000000000, 0.00761533418188, 1.66572242613615, 0.00000000000000, 1.66707036491858,29.35337376436579,    0.00000000000000,
  587,    4, 1.83281250000000, 0.01093750000000, 1.65939826350251, 0.00134793878243, 1.65805032472009, 0.00459294514065, 0.00000000000000, 0.00761533418188, 1.66572242613615, 0.00000000000000, 1.66707036491858,29.35337376436579,    0.00000000000000,
  587,    5, 1.83281250000000, 0.01406250000000, 1.65939826350251, 0.00134793878243, 1.65805032472009, 0.00459294514065, 0.00000000000000, 0.00761533418188, 1.66572242613615, 0.00000000000000, 1.66707036491858,29.35337376436579,    0.00000000000000,
  588,    1, 1.83593750000000, 0.00156250000000, 1.66505424259328, 0.00129913008891, 1.66375511250437, 0.00457742743146, 0.00000000000000, 0.00761571829121, 1.67140120518014, 0.00000000000000, 1.67270033526906,29.62544520772870,    0.00000000000000,
  588,    2, 1.83593750000000, 0.00468750000000, 1.66505424259328, 0.00129913008891, 1.66375511250437, 0.00457742743146, 0.00000000000000, 0.00761571829121, 1.67140120518014, 0.00000000000000, 1.67270033526906,29.62544520772870,    0.00000000000000,
  588,    3, 1.83593750000000, 0.00781250000000, 1.66505424259328, 0.00129913008891, 1.66375511250437, 0.00457742743146, 0.00000000000000, 0.00761571829121, 1.67140120518014, 0.00000000000000, 1.67270033526906,29.62544520772870,    0.00000000000000,
  588,    4, 1.83593750000000, 0.01093750000000, 1.66505424259328, 0.00129913008891, 1.66375511250437, 0.00457742743146, 0.00000000000000, 0.00761571829121, 1.67140120518014, 0.00000000000000, 1.67270033526906,29.62544520772870,    0.00000000000000,
  588,    5, 1.83593750000000, 0.01406250000000, 1.66505424259328, 0.00129913008891, 1.66375511250437, 0.00457742743146, 0.00000000000000, 0.00761571829121, 1.67140120518014, 0.00000000000000, 1.67270033526906,29.62544520772870,    0.00000000000000,
  589,    1, 1.83906250000000, 0.00156250000000, 1.67074270714196, 0.00125116000335, 1.66949154713860, 0.00456191845702, 0.00000000000000, 0.00761608430273, 1.67711165525991, 0.00000000000000, 1.67836281526326,29.89638493862217,    0.00000000000000,
  589,    2, 1.83906250000000, 0.00468750000000, 1.67074270714196, 0.00125116000335, 1.66949154713860, 0.00456191845702, 0.00000000000000, 0.00761608430273, 1.67711165525991, 0.00000000000000, 1.67836281526326,29.89638493862217,    0.00000000000000,
  589,    3, 1.83906250000000, 0.00781250000000, 1.67074270714196, 0.00125116000335, 1.66949154713860, 0.00456191845702, 0.00000000000000, 0.00761608430273, 1.67711165525991, 0.00000000000000, 1.67836281526326,29.89638493862217,    0.00000000000000,
  589,    4, 1.83906250000000, 0.01093750000000, 1.67074270714196, 0.00125116000335, 1.66949154713860, 0.00456191845702, 0.00000000000000, 0.00761608430273, 1.67711165525991, 0.00000000000000, 1.67836281526326,29.89638493862217,    0.00000000000000,
  589,    5, 1.83906250000000, 0.01406250000000, 1.67074270714196, 0.00125116000335, 1.66949154713860, 0.00456191845702, 0.00000000000000, 0.00761608430273, 1.67711165525991, 0.00000000000000, 1.67836281526326,29.89638493862217,    0.00000000000000,
  590,    1, 1.84218750000000, 0.00156250000000, 1.67646310774636, 0.00120403314920, 1.67525907459716, 0.00454642053045, 0.00000000000000, 0.00761643225057, 1.68285322599038, 0.00000000000000, 1.68405725913957,30.16614702552332,    0.00000000000000,
  590,    2, 1.84218750000000, 0.00468750000000, 1.67646310774636, 0.00120403314920, 1.67525907459716, 0.00454642053045, 0.00000000000000, 0.00761643225057, 1.68285322599038, 0.00000000000000, 1.68405725913957,30.16614702552332,    0.00000000000000,
  590,    3, 1.84218750000000, 0.00781250000000, 1.67646310774636, 0.00120403314920, 1.67525907459716, 0.00454642053045, 0.00000000000000, 0.00761643225057, 1.68285322599038, 0.00000000000000, 1.68405725913957,30.16614702552332,    0.00000000000000,
  590,    4, 1.84218750000000, 0.01093750000000, 1.67646310774636, 0.00120403314920, 1.67525907459716, 0.00454642053045, 0.00000000000000, 0.00761643225057, 1.68285322599038, 0.00000000000000, 1.68405725913957,30.16614702552332,    0.00000000000000,
  590,    5, 1.84218750000000, 0.01406250000000, 1.67646310774636, 0.00120403314920, 1.67525907459716, 0.00454642053045, 0.00000000000000, 0.00761643225057, 1.68285322599038, 0.00000000000000, 1.68405725913957,30.16614702552332,    0.00000000000000,
  591,    1, 1.84531250000000, 0.00156250000000, 1.68221489199527, 0.00115775406863, 1.68105713792663, 0.00453093592224, 0.00000000000000, 0.00761676217356, 1.68862536398702, 0.00000000000000, 1.68978311805565,30.43468499737072,    0.00000000000000,
  591,    2, 1.84531250000000, 0.00468750000000, 1.68221489199527, 0.00115775406863, 1.68105713792663, 0.00453093592224, 0.00000000000000, 0.00761676217356, 1.68862536398702, 0.00000000000000, 1.68978311805565,30.43468499737072,    0.00000000000000,
  591,    3, 1.84531250000000, 0.00781250000000, 1.68221489199527, 0.00115775406863, 1.68105713792663, 0.00453093592224, 0.00000000000000, 0.00761676217356, 1.68862536398702, 0.00000000000000, 1.68978311805565,30.43468499737072,    0.00000000000000,
  591,    4, 1.84531250000000, 0.01093750000000, 1.68221489199527, 0.00115775406863, 1.68105713792663, 0.00453093592224, 0.00000000000000, 0.00761676217356, 1.68862536398702, 0.00000000000000, 1.68978311805565,30.43468499737072,    0.00000000000000,
  591,    5, 1.84531250000000, 0.01406250000000, 1.68221489199527, 0.00115775406863, 1.68105713792663, 0.00453093592224, 0.00000000000000, 0.00761676217356, 1.68862536398702, 0.00000000000000, 1.68978311805565,30.43468499737072,    0.00000000000000,
  592,    1, 1.84843750000000, 0.00156250000000, 1.68799750452092, 0.00111232722214, 1.68688517729878, 0.00451546686030, 0.00000000000000, 0.00761707411522, 1.69442751291915, 0.00000000000000, 1.69553984014129,30.70195185593499,    0.00000000000000,
  592,    2, 1.84843750000000, 0.00468750000000, 1.68799750452092, 0.00111232722214, 1.68688517729878, 0.00451546686030, 0.00000000000000, 0.00761707411522, 1.69442751291915, 0.00000000000000, 1.69553984014129,30.70195185593499,    0.00000000000000,
  592,    3, 1.84843750000000, 0.00781250000000, 1.68799750452092, 0.00111232722214, 1.68688517729878, 0.00451546686030, 0.00000000000000, 0.00761707411522, 1.69442751291915, 0.00000000000000, 1.69553984014129,30.70195185593499,    0.00000000000000,
  592,    4, 1.84843750000000, 0.01093750000000, 1.68799750452092, 0.00111232722214, 1.68688517729878, 0.00451546686030, 0.00000000000000, 0.00761707411522, 1.69442751291915, 0.00000000000000, 1.69553984014129,30.70195185593499,    0.00000000000000,
  592,    5, 1.84843750000000, 0.01406250000000, 1.68799750452092, 0.00111232722214, 1.68688517729878, 0.00451546686030, 0.00000000000000, 0.00761707411522, 1.69442751291915, 0.00000000000000, 1.69553984014129,30.70195185593499,    0.00000000000000,
  593,    1, 1.85156250000000, 0.00156250000000, 1.69381038705193, 0.00106775698804, 1.69274263006389, 0.00450001553007, 0.00000000000000, 0.00761736812370, 1.70025911356360, 0.00000000000000, 1.70132687055164,30.96790008848952,    0.00000000000000,
  593,    2, 1.85156250000000, 0.00468750000000, 1.69381038705193, 0.00106775698804, 1.69274263006389, 0.00450001553007, 0.00000000000000, 0.00761736812370, 1.70025911356360, 0.00000000000000, 1.70132687055164,30.96790008848952,    0.00000000000000,
  593,    3, 1.85156250000000, 0.00781250000000, 1.69381038705193, 0.00106775698804, 1.69274263006389, 0.00450001553007, 0.00000000000000, 0.00761736812370, 1.70025911356360, 0.00000000000000, 1.70132687055164,30.96790008848952,    0.00000000000000,
  593,    4, 1.85156250000000, 0.01093750000000, 1.69381038705193, 0.00106775698804, 1.69274263006389, 0.00450001553007, 0.00000000000000, 0.00761736812370, 1.70025911356360, 0.00000000000000, 1.70132687055164,30.96790008848952,    0.00000000000000,
  593,    5, 1.85156250000000, 0.01406250000000, 1.69381038705193, 0.00106775698804, 1.69274263006389, 0.00450001553007, 0.00000000000000, 0.00761736812370, 1.70025911356360, 0.00000000000000, 1.70132687055164,30.96790008848952,    0.00000000000000,
  594,    1, 1.85468750000000, 0.00156250000000, 1.69965297846652, 0.00102404766212, 1.69862893080440, 0.00448458407461, 0.00000000000000, 0.00761764425176, 1.70611960385854, 0.00000000000000, 1.70714365152066,31.23248168077580,    0.00000000000000,
  594,    2, 1.85468750000000, 0.00468750000000, 1.69965297846652, 0.00102404766212, 1.69862893080440, 0.00448458407461, 0.00000000000000, 0.00761764425176, 1.70611960385854, 0.00000000000000, 1.70714365152066,31.23248168077580,    0.00000000000000,
  594,    3, 1.85468750000000, 0.00781250000000, 1.69965297846652, 0.00102404766212, 1.69862893080440, 0.00448458407461, 0.00000000000000, 0.00761764425176, 1.70611960385854, 0.00000000000000, 1.70714365152066,31.23248168077580,    0.00000000000000,
  594,    4, 1.85468750000000, 0.01093750000000, 1.69965297846652, 0.00102404766212, 1.69862893080440, 0.00448458407461, 0.00000000000000, 0.00761764425176, 1.70611960385854, 0.00000000000000, 1.70714365152066,31.23248168077580,    0.00000000000000,
  594,    5, 1.85468750000000, 0.01406250000000, 1.69965297846652, 0.00102404766212, 1.69862893080440, 0.00448458407461, 0.00000000000000, 0.00761764425176, 1.70611960385854, 0.00000000000000, 1.70714365152066,31.23248168077580,    0.00000000000000,
  595,    1, 1.85781250000000, 0.00156250000000, 1.70552471484565, 0.00098120345717, 1.70454351138848, 0.00446917459474, 0.00000000000000, 0.00761790255673, 1.71200841895773, 0.00000000000000, 1.71298962241489,31.49564813025970,    0.00000000000000,
  595,    2, 1.85781250000000, 0.00468750000000, 1.70552471484565, 0.00098120345717, 1.70454351138848, 0.00446917459474, 0.00000000000000, 0.00761790255673, 1.71200841895773, 0.00000000000000, 1.71298962241489,31.49564813025970,    0.00000000000000,
  595,    3, 1.85781250000000, 0.00781250000000, 1.70552471484565, 0.00098120345717, 1.70454351138848, 0.00446917459474, 0.00000000000000, 0.00761790255673, 1.71200841895773, 0.00000000000000, 1.71298962241489,31.49564813025970,    0.00000000000000,
  595,    4, 1.85781250000000, 0.01093750000000, 1.70552471484565, 0.00098120345717, 1.70454351138848, 0.00446917459474, 0.00000000000000, 0.00761790255673, 1.71200841895773, 0.00000000000000, 1.71298962241489,31.49564813025970,    0.00000000000000,
  595,    5, 1.85781250000000, 0.01406250000000, 1.70552471484565, 0.00098120345717, 1.70454351138848, 0.00446917459474, 0.00000000000000, 0.00761790255673, 1.71200841895773, 0.00000000000000, 1.71298962241489,31.49564813025970,    0.00000000000000,
  596,    1, 1.86093750000000, 0.00156250000000, 1.71142502952692, 0.00093922850260, 1.71048580102432, 0.00445378914921, 0.00000000000000, 0.00761814310047, 1.71792499128490, 0.00000000000000, 1.71886421978750,31.75735045967395,    0.00000000000000,
  596,    2, 1.86093750000000, 0.00468750000000, 1.71142502952692, 0.00093922850260, 1.71048580102432, 0.00445378914921, 0.00000000000000, 0.00761814310047, 1.71792499128490, 0.00000000000000, 1.71886421978750,31.75735045967395,    0.00000000000000,
  596,    3, 1.86093750000000, 0.00781250000000, 1.71142502952692, 0.00093922850260, 1.71048580102432, 0.00445378914921, 0.00000000000000, 0.00761814310047, 1.71792499128490, 0.00000000000000, 1.71886421978750,31.75735045967395,    0.00000000000000,
  596,    4, 1.86093750000000, 0.01093750000000, 1.71142502952692, 0.00093922850260, 1.71048580102432, 0.00445378914921, 0.00000000000000, 0.00761814310047, 1.71792499128490, 0.00000000000000, 1.71886421978750,31.75735045967395,    0.00000000000000,
  596,    5, 1.86093750000000, 0.01406250000000, 1.71142502952692, 0.00093922850260, 1.71048580102432, 0.00445378914921, 0.00000000000000, 0.00761814310047, 1.71792499128490, 0.00000000000000, 1.71886421978750,31.75735045967395,    0.00000000000000,
  597,    1, 1.86406250000000, 0.00156250000000, 1.71735335315812, 0.00089812684404, 1.71645522631408, 0.00443842975486, 0.00000000000000, 0.00761836594936, 1.72386875058852, 0.00000000000000, 1.72476687743256,32.01753923084167,    0.00000000000000,
  597,    2, 1.86406250000000, 0.00468750000000, 1.71735335315812, 0.00089812684404, 1.71645522631408, 0.00443842975486, 0.00000000000000, 0.00761836594936, 1.72386875058852, 0.00000000000000, 1.72476687743256,32.01753923084167,    0.00000000000000,
  597,    3, 1.86406250000000, 0.00781250000000, 1.71735335315812, 0.00089812684404, 1.71645522631408, 0.00443842975486, 0.00000000000000, 0.00761836594936, 1.72386875058852, 0.00000000000000, 1.72476687743256,32.01753923084167,    0.00000000000000,
  597,    4, 1.86406250000000, 0.01093750000000, 1.71735335315812, 0.00089812684404, 1.71645522631408, 0.00443842975486, 0.00000000000000, 0.00761836594936, 1.72386875058852, 0.00000000000000, 1.72476687743256,32.01753923084167,    0.00000000000000,
  597,    5, 1.86406250000000, 0.01406250000000, 1.71735335315812, 0.00089812684404, 1.71645522631408, 0.00443842975486, 0.00000000000000, 0.00761836594936, 1.72386875058852, 0.00000000000000, 1.72476687743256,32.01753923084167,    0.00000000000000,
  598,    1, 1.86718750000000, 0.00156250000000, 1.72330911375160, 0.00085790244296, 1.72245121130863, 0.00442309838685, 0.00000000000000, 0.00761857117417, 1.72983912399667, 0.00000000000000, 1.73069702643964,32.27616455877661,    0.00000000000000,
  598,    2, 1.86718750000000, 0.00468750000000, 1.72330911375160, 0.00085790244296, 1.72245121130863, 0.00442309838685, 0.00000000000000, 0.00761857117417, 1.72983912399667, 0.00000000000000, 1.73069702643964,32.27616455877661,    0.00000000000000,
  598,    3, 1.86718750000000, 0.00781250000000, 1.72330911375160, 0.00085790244296, 1.72245121130863, 0.00442309838685, 0.00000000000000, 0.00761857117417, 1.72983912399667, 0.00000000000000, 1.73069702643964,32.27616455877661,    0.00000000000000,
  598,    4, 1.86718750000000, 0.01093750000000, 1.72330911375160, 0.00085790244296, 1.72245121130863, 0.00442309838685, 0.00000000000000, 0.00761857117417, 1.72983912399667, 0.00000000000000, 1.73069702643964,32.27616455877661,    0.00000000000000,
  598,    5, 1.86718750000000, 0.01406250000000, 1.72330911375160, 0.00085790244296, 1.72245121130863, 0.00442309838685, 0.00000000000000, 0.00761857117417, 1.72983912399667, 0.00000000000000, 1.73069702643964,32.27616455877661,    0.00000000000000,
  599,    1, 1.87031250000000, 0.00156250000000, 1.72929173673832, 0.00081855917628, 1.72847317756205, 0.00440779697888, 0.00000000000000, 0.00761875885013, 1.73583553607236, 0.00000000000000, 1.73665409524863,32.53317612605506,    0.00000000000000,
  599,    2, 1.87031250000000, 0.00468750000000, 1.72929173673832, 0.00081855917628, 1.72847317756205, 0.00440779697888, 0.00000000000000, 0.00761875885013, 1.73583553607236, 0.00000000000000, 1.73665409524863,32.53317612605506,    0.00000000000000,
  599,    3, 1.87031250000000, 0.00781250000000, 1.72929173673832, 0.00081855917628, 1.72847317756205, 0.00440779697888, 0.00000000000000, 0.00761875885013, 1.73583553607236, 0.00000000000000, 1.73665409524863,32.53317612605506,    0.00000000000000,
  599,    4, 1.87031250000000, 0.01093750000000, 1.72929173673832, 0.00081855917628, 1.72847317756205, 0.00440779697888, 0.00000000000000, 0.00761875885013, 1.73583553607236, 0.00000000000000, 1.73665409524863,32.53317612605506,    0.00000000000000,
  599,    5, 1.87031250000000, 0.01406250000000, 1.72929173673832, 0.00081855917628, 1.72847317756205, 0.00440779697888, 0.00000000000000, 0.00761875885013, 1.73583553607236, 0.00000000000000, 1.73665409524863,32.53317612605506,    0.00000000000000,
  600,    1, 1.87343750000000, 0.00156250000000, 1.73530064502255, 0.00078010083597, 1.73452054418658, 0.00439252742338, 0.00000000000000, 0.00761892905676, 1.74185740886889, 0.00000000000000, 1.74263750970486,32.78852319745388,    0.00000000000000,
  600,    2, 1.87343750000000, 0.00468750000000, 1.73530064502255, 0.00078010083597, 1.73452054418658, 0.00439252742338, 0.00000000000000, 0.00761892905676, 1.74185740886889, 0.00000000000000, 1.74263750970486,32.78852319745388,    0.00000000000000,
  600,    3, 1.87343750000000, 0.00781250000000, 1.73530064502255, 0.00078010083597, 1.73452054418658, 0.00439252742338, 0.00000000000000, 0.00761892905676, 1.74185740886889, 0.00000000000000, 1.74263750970486,32.78852319745388,    0.00000000000000,
  600,    4, 1.87343750000000, 0.01093750000000, 1.73530064502255, 0.00078010083597, 1.73452054418658, 0.00439252742338, 0.00000000000000, 0.00761892905676, 1.74185740886889, 0.00000000000000, 1.74263750970486,32.78852319745388,    0.00000000000000,
  600,    5, 1.87343750000000, 0.01406250000000, 1.73530064502255, 0.00078010083597, 1.73452054418658, 0.00439252742338, 0.00000000000000, 0.00761892905676, 1.74185740886889, 0.00000000000000, 1.74263750970486,32.78852319745388,    0.00000000000000,
  601,    1, 1.87656250000000, 0.00156250000000, 1.74133525903660, 0.00074253112873, 1.74059272790787, 0.00437729157186, 0.00000000000000, 0.00761908187791, 1.74790416198564, 0.00000000000000, 1.74864669311437,33.04215463485013,    0.00000000000000,
  601,    2, 1.87656250000000, 0.00468750000000, 1.74133525903660, 0.00074253112873, 1.74059272790787, 0.00437729157186, 0.00000000000000, 0.00761908187791, 1.74790416198564, 0.00000000000000, 1.74864669311437,33.04215463485013,    0.00000000000000,
  601,    3, 1.87656250000000, 0.00781250000000, 1.74133525903660, 0.00074253112873, 1.74059272790787, 0.00437729157186, 0.00000000000000, 0.00761908187791, 1.74790416198564, 0.00000000000000, 1.74864669311437,33.04215463485013,    0.00000000000000,
  601,    4, 1.87656250000000, 0.01093750000000, 1.74133525903660, 0.00074253112873, 1.74059272790787, 0.00437729157186, 0.00000000000000, 0.00761908187791, 1.74790416198564, 0.00000000000000, 1.74864669311437,33.04215463485013,    0.00000000000000,
  601,    5, 1.87656250000000, 0.01406250000000, 1.74133525903660, 0.00074253112873, 1.74059272790787, 0.00437729157186, 0.00000000000000, 0.00761908187791, 1.74790416198564, 0.00000000000000, 1.74864669311437,33.04215463485013,    0.00000000000000,
  602,    1, 1.87968750000000, 0.00156250000000, 1.74739499679575, 0.00070585367561, 1.74668914312014, 0.00436209123510, 0.00000000000000, 0.00761921740164, 1.75397521262396, 0.00000000000000, 1.75468106629956,33.29401891237675,    0.00000000000000,
  602,    2, 1.87968750000000, 0.00468750000000, 1.74739499679575, 0.00070585367561, 1.74668914312014, 0.00436209123510, 0.00000000000000, 0.00761921740164, 1.75397521262396, 0.00000000000000, 1.75468106629956,33.29401891237675,    0.00000000000000,
  602,    3, 1.87968750000000, 0.00781250000000, 1.74739499679575, 0.00070585367561, 1.74668914312014, 0.00436209123510, 0.00000000000000, 0.00761921740164, 1.75397521262396, 0.00000000000000, 1.75468106629956,33.29401891237675,    0.00000000000000,
  602,    4, 1.87968750000000, 0.01093750000000, 1.74739499679575, 0.00070585367561, 1.74668914312014, 0.00436209123510, 0.00000000000000, 0.00761921740164, 1.75397521262396, 0.00000000000000, 1.75468106629956,33.29401891237675,    0.00000000000000,
  602,    5, 1.87968750000000, 0.01406250000000, 1.74739499679575, 0.00070585367561, 1.74668914312014, 0.00436209123510, 0.00000000000000, 0.00761921740164, 1.75397521262396, 0.00000000000000, 1.75468106629956,33.29401891237675,    0.00000000000000,
  603,    1, 1.88281250000000, 0.00156250000000, 1.75347927395345, 0.00067007201165, 1.75280920194180, 0.00434692818349, 0.00000000000000, 0.00761933572019, 1.76006997564334, 0.00000000000000, 1.76074004765499,33.54406413182849,    0.00000000000000,
  603,    2, 1.88281250000000, 0.00468750000000, 1.75347927395345, 0.00067007201165, 1.75280920194180, 0.00434692818349, 0.00000000000000, 0.00761933572019, 1.76006997564334, 0.00000000000000, 1.76074004765499,33.54406413182849,    0.00000000000000,
  603,    3, 1.88281250000000, 0.00781250000000, 1.75347927395345, 0.00067007201165, 1.75280920194180, 0.00434692818349, 0.00000000000000, 0.00761933572019, 1.76006997564334, 0.00000000000000, 1.76074004765499,33.54406413182849,    0.00000000000000,
  603,    4, 1.88281250000000, 0.01093750000000, 1.75347927395345, 0.00067007201165, 1.75280920194180, 0.00434692818349, 0.00000000000000, 0.00761933572019, 1.76006997564334, 0.00000000000000, 1.76074004765499,33.54406413182849,    0.00000000000000,
  603,    5, 1.88281250000000, 0.01406250000000, 1.75347927395345, 0.00067007201165, 1.75280920194180, 0.00434692818349, 0.00000000000000, 0.00761933572019, 1.76006997564334, 0.00000000000000, 1.76074004765499,33.54406413182849,    0.00000000000000,
  604,    1, 1.88593750000000, 0.00156250000000, 1.75958750385684, 0.00063518958558, 1.75895231427126, 0.00433180414733, 0.00000000000000, 0.00761943692991, 1.76618786361785, 0.00000000000000, 1.76682305320343,33.79223803831338,    0.00000000000000,
  604,    2, 1.88593750000000, 0.00468750000000, 1.75958750385684, 0.00063518958558, 1.75895231427126, 0.00433180414733, 0.00000000000000, 0.00761943692991, 1.76618786361785, 0.00000000000000, 1.76682305320343,33.79223803831338,    0.00000000000000,
  604,    3, 1.88593750000000, 0.00781250000000, 1.75958750385684, 0.00063518958558, 1.75895231427126, 0.00433180414733, 0.00000000000000, 0.00761943692991, 1.76618786361785, 0.00000000000000, 1.76682305320343,33.79223803831338,    0.00000000000000,
  604,    4, 1.88593750000000, 0.01093750000000, 1.75958750385684, 0.00063518958558, 1.75895231427126, 0.00433180414733, 0.00000000000000, 0.00761943692991, 1.76618786361785, 0.00000000000000, 1.76682305320343,33.79223803831338,    0.00000000000000,
  604,    5, 1.88593750000000, 0.01406250000000, 1.75958750385684, 0.00063518958558, 1.75895231427126, 0.00433180414733, 0.00000000000000, 0.00761943692991, 1.76618786361785, 0.00000000000000, 1.76682305320343,33.79223803831338,    0.00000000000000,
  605,    1, 1.88906250000000, 0.00156250000000, 1.76571909760219, 0.00060120975942, 1.76511788784277, 0.00431672081715, 0.00000000000000, 0.00761952113118, 1.77232828689271, 0.00000000000000, 1.77292949665213,34.03848803614333,    0.00000000000000,
  605,    2, 1.88906250000000, 0.00468750000000, 1.76571909760219, 0.00060120975942, 1.76511788784277, 0.00431672081715, 0.00000000000000, 0.00761952113118, 1.77232828689271, 0.00000000000000, 1.77292949665213,34.03848803614333,    0.00000000000000,
  605,    3, 1.88906250000000, 0.00781250000000, 1.76571909760219, 0.00060120975942, 1.76511788784277, 0.00431672081715, 0.00000000000000, 0.00761952113118, 1.77232828689271, 0.00000000000000, 1.77292949665213,34.03848803614333,    0.00000000000000,
  605,    4, 1.88906250000000, 0.01093750000000, 1.76571909760219, 0.00060120975942, 1.76511788784277, 0.00431672081715, 0.00000000000000, 0.00761952113118, 1.77232828689271, 0.00000000000000, 1.77292949665213,34.03848803614333,    0.00000000000000,
  605,    5, 1.88906250000000, 0.01406250000000, 1.76571909760219, 0.00060120975942, 1.76511788784277, 0.00431672081715, 0.00000000000000, 0.00761952113118, 1.77232828689271, 0.00000000000000, 1.77292949665213,34.03848803614333,    0.00000000000000,
  606,    1, 1.89218750000000, 0.00156250000000, 1.77187346409082, 0.00056813580823, 1.77130532828260, 0.00430167984407, 0.00000000000000, 0.00761958842836, 1.77849065364114, 0.00000000000000, 1.77905878944937,34.28276120495860,    0.00000000000000,
  606,    2, 1.89218750000000, 0.00468750000000, 1.77187346409082, 0.00056813580823, 1.77130532828260, 0.00430167984407, 0.00000000000000, 0.00761958842836, 1.77849065364114, 0.00000000000000, 1.77905878944937,34.28276120495860,    0.00000000000000,
  606,    3, 1.89218750000000, 0.00781250000000, 1.77187346409082, 0.00056813580823, 1.77130532828260, 0.00430167984407, 0.00000000000000, 0.00761958842836, 1.77849065364114, 0.00000000000000, 1.77905878944937,34.28276120495860,    0.00000000000000,
  606,    4, 1.89218750000000, 0.01093750000000, 1.77187346409082, 0.00056813580823, 1.77130532828260, 0.00430167984407, 0.00000000000000, 0.00761958842836, 1.77849065364114, 0.00000000000000, 1.77905878944937,34.28276120495860,    0.00000000000000,
  606,    5, 1.89218750000000, 0.01406250000000, 1.77187346409082, 0.00056813580823, 1.77130532828260, 0.00430167984407, 0.00000000000000, 0.00761958842836, 1.77849065364114, 0.00000000000000, 1.77905878944937,34.28276120495860,    0.00000000000000,
  607,    1, 1.89531250000000, 0.00156250000000, 1.77805001008515, 0.00053597091974, 1.77751403916542, 0.00428668284010, 0.00000000000000, 0.00761963892973, 1.78467436992141, 0.00000000000000, 1.78521034084115,34.52500431608040,    0.00000000000000,
  607,    2, 1.89531250000000, 0.00468750000000, 1.77805001008515, 0.00053597091974, 1.77751403916542, 0.00428668284010, 0.00000000000000, 0.00761963892973, 1.78467436992141, 0.00000000000000, 1.78521034084115,34.52500431608040,    0.00000000000000,
  607,    3, 1.89531250000000, 0.00781250000000, 1.77805001008515, 0.00053597091974, 1.77751403916542, 0.00428668284010, 0.00000000000000, 0.00761963892973, 1.78467436992141, 0.00000000000000, 1.78521034084115,34.52500431608040,    0.00000000000000,
  607,    4, 1.89531250000000, 0.01093750000000, 1.77805001008515, 0.00053597091974, 1.77751403916542, 0.00428668284010, 0.00000000000000, 0.00761963892973, 1.78467436992141, 0.00000000000000, 1.78521034084115,34.52500431608040,    0.00000000000000,
  607,    5, 1.89531250000000, 0.01406250000000, 1.77805001008515, 0.00053597091974, 1.77751403916542, 0.00428668284010, 0.00000000000000, 0.00761963892973, 1.78467436992141, 0.00000000000000, 1.78521034084115,34.52500431608040,    0.00000000000000,
  608,    1, 1.89843750000000, 0.00156250000000, 1.78424814026479, 0.00050471819407, 1.78374342207072, 0.00427173137857, 0.00000000000000, 0.00761967274738, 1.79087883973407, 0.00000000000000, 1.79138355792814,34.76516384908512,    0.00000000000000,
  608,    2, 1.89843750000000, 0.00468750000000, 1.78424814026479, 0.00050471819407, 1.78374342207072, 0.00427173137857, 0.00000000000000, 0.00761967274738, 1.79087883973407, 0.00000000000000, 1.79138355792814,34.76516384908512,    0.00000000000000,
  608,    3, 1.89843750000000, 0.00781250000000, 1.78424814026479, 0.00050471819407, 1.78374342207072, 0.00427173137857, 0.00000000000000, 0.00761967274738, 1.79087883973407, 0.00000000000000, 1.79138355792814,34.76516384908512,    0.00000000000000,
  608,    4, 1.89843750000000, 0.01093750000000, 1.78424814026479, 0.00050471819407, 1.78374342207072, 0.00427173137857, 0.00000000000000, 0.00761967274738, 1.79087883973407, 0.00000000000000, 1.79138355792814,34.76516384908512,    0.00000000000000,
  608,    5, 1.89843750000000, 0.01406250000000, 1.78424814026479, 0.00050471819407, 1.78374342207072, 0.00427173137857, 0.00000000000000, 0.00761967274738, 1.79087883973407, 0.00000000000000, 1.79138355792814,34.76516384908512,    0.00000000000000,
  609,    1, 1.90156250000000, 0.00156250000000, 1.79046725728307, 0.00047438064342, 1.78999287663964, 0.00425682699445, 0.00000000000000, 0.00761968999715, 1.79710346507942, 0.00000000000000, 1.79757784572284,35.00318600859504,    0.00000000000000,
  609,    2, 1.90156250000000, 0.00468750000000, 1.79046725728307, 0.00047438064342, 1.78999287663964, 0.00425682699445, 0.00000000000000, 0.00761968999715, 1.79710346507942, 0.00000000000000, 1.79757784572284,35.00318600859504,    0.00000000000000,
  609,    3, 1.90156250000000, 0.00781250000000, 1.79046725728307, 0.00047438064342, 1.78999287663964, 0.00425682699445, 0.00000000000000, 0.00761968999715, 1.79710346507942, 0.00000000000000, 1.79757784572284,35.00318600859504,    0.00000000000000,
  609,    4, 1.90156250000000, 0.01093750000000, 1.79046725728307, 0.00047438064342, 1.78999287663964, 0.00425682699445, 0.00000000000000, 0.00761968999715, 1.79710346507942, 0.00000000000000, 1.79757784572284,35.00318600859504,    0.00000000000000,
  609,    5, 1.90156250000000, 0.01406250000000, 1.79046725728307, 0.00047438064342, 1.78999287663964, 0.00425682699445, 0.00000000000000, 0.00761968999715, 1.79710346507942, 0.00000000000000, 1.79757784572284,35.00318600859504,    0.00000000000000,
  610,    1, 1.90468750000000, 0.00156250000000, 1.79670676182354, 0.00044496119180, 1.79626180063174, 0.00424197118476, 0.00000000000000, 0.00761969079857, 1.80334764601509, 0.00000000000000, 1.80379260720689,35.23901674127867,    0.00000000000000,
  610,    2, 1.90468750000000, 0.00468750000000, 1.79670676182354, 0.00044496119180, 1.79626180063174, 0.00424197118476, 0.00000000000000, 0.00761969079857, 1.80334764601509, 0.00000000000000, 1.80379260720689,35.23901674127867,    0.00000000000000,
  610,    3, 1.90468750000000, 0.00781250000000, 1.79670676182354, 0.00044496119180, 1.79626180063174, 0.00424197118476, 0.00000000000000, 0.00761969079857, 1.80334764601509, 0.00000000000000, 1.80379260720689,35.23901674127867,    0.00000000000000,
  610,    4, 1.90468750000000, 0.01093750000000, 1.79670676182354, 0.00044496119180, 1.79626180063174, 0.00424197118476, 0.00000000000000, 0.00761969079857, 1.80334764601509, 0.00000000000000, 1.80379260720689,35.23901674127867,    0.00000000000000,
  610,    5, 1.90468750000000, 0.01406250000000, 1.79670676182354, 0.00044496119180, 1.79626180063174, 0.00424197118476, 0.00000000000000, 0.00761969079857, 1.80334764601509, 0.00000000000000, 1.80379260720689,35.23901674127867,    0.00000000000000,
  611,    1, 1.90781250000000, 0.00156250000000, 1.80296605265681, 0.00041646267470, 1.80254958998211, 0.00422716540898, 0.00000000000000, 0.00761967527475, 1.80961078071395, 0.00000000000000, 1.81002724338865,35.47260175305482,    0.00000000000000,
  611,    2, 1.90781250000000, 0.00468750000000, 1.80296605265681, 0.00041646267470, 1.80254958998211, 0.00422716540898, 0.00000000000000, 0.00761967527475, 1.80961078071395, 0.00000000000000, 1.81002724338865,35.47260175305482,    0.00000000000000,
  611,    3, 1.90781250000000, 0.00781250000000, 1.80296605265681, 0.00041646267470, 1.80254958998211, 0.00422716540898, 0.00000000000000, 0.00761967527475, 1.80961078071395, 0.00000000000000, 1.81002724338865,35.47260175305482,    0.00000000000000,
  611,    4, 1.90781250000000, 0.01093750000000, 1.80296605265681, 0.00041646267470, 1.80254958998211, 0.00422716540898, 0.00000000000000, 0.00761967527475, 1.80961078071395, 0.00000000000000, 1.81002724338865,35.47260175305482,    0.00000000000000,
  611,    5, 1.90781250000000, 0.01406250000000, 1.80296605265681, 0.00041646267470, 1.80254958998211, 0.00422716540898, 0.00000000000000, 0.00761967527475, 1.80961078071395, 0.00000000000000, 1.81002724338865,35.47260175305482,    0.00000000000000,
  612,    1, 1.91093750000000, 0.00156250000000, 1.80924452669744, 0.00038888783888, 1.80885563885857, 0.00421241108944, 0.00000000000000, 0.00761964355232, 1.81589226552202, 0.00000000000000, 1.81628115336090,35.70388652649427,    0.00000000000000,
  612,    2, 1.91093750000000, 0.00468750000000, 1.80924452669744, 0.00038888783888, 1.80885563885857, 0.00421241108944, 0.00000000000000, 0.00761964355232, 1.81589226552202, 0.00000000000000, 1.81628115336090,35.70388652649427,    0.00000000000000,
  612,    3, 1.91093750000000, 0.00781250000000, 1.80924452669744, 0.00038888783888, 1.80885563885857, 0.00421241108944, 0.00000000000000, 0.00761964355232, 1.81589226552202, 0.00000000000000, 1.81628115336090,35.70388652649427,    0.00000000000000,
  612,    4, 1.91093750000000, 0.01093750000000, 1.80924452669744, 0.00038888783888, 1.80885563885857, 0.00421241108944, 0.00000000000000, 0.00761964355232, 1.81589226552202, 0.00000000000000, 1.81628115336090,35.70388652649427,    0.00000000000000,
  612,    5, 1.91093750000000, 0.01406250000000, 1.80924452669744, 0.00038888783888, 1.80885563885857, 0.00421241108944, 0.00000000000000, 0.00761964355232, 1.81589226552202, 0.00000000000000, 1.81628115336090,35.70388652649427,    0.00000000000000,
  613,    1, 1.91406250000000, 0.00156250000000, 1.81554157906116, 0.00036223934205, 1.81517933971912, 0.00419770961172, 0.00000000000000, 0.00761959576134, 1.82219149501673, 0.00000000000000, 1.82255373435878,35.93281633841242,    0.00000000000000,
  613,    2, 1.91406250000000, 0.00468750000000, 1.81554157906116, 0.00036223934205, 1.81517933971912, 0.00419770961172, 0.00000000000000, 0.00761959576134, 1.82219149501673, 0.00000000000000, 1.82255373435878,35.93281633841242,    0.00000000000000,
  613,    3, 1.91406250000000, 0.00781250000000, 1.81554157906116, 0.00036223934205, 1.81517933971912, 0.00419770961172, 0.00000000000000, 0.00761959576134, 1.82219149501673, 0.00000000000000, 1.82255373435878,35.93281633841242,    0.00000000000000,
  613,    4, 1.91406250000000, 0.01093750000000, 1.81554157906116, 0.00036223934205, 1.81517933971912, 0.00419770961172, 0.00000000000000, 0.00761959576134, 1.82219149501673, 0.00000000000000, 1.82255373435878,35.93281633841242,    0.00000000000000,
  613,    5, 1.91406250000000, 0.01406250000000, 1.81554157906116, 0.00036223934205, 1.81517933971912, 0.00419770961172, 0.00000000000000, 0.00761959576134, 1.82219149501673, 0.00000000000000, 1.82255373435878,35.93281633841242,    0.00000000000000,
  614,    1, 1.91718750000000, 0.00156250000000, 1.82185660312201, 0.00033651975265, 1.82152008336936, 0.00418306232512, 0.00000000000000, 0.00761953203519, 1.82850786206524, 0.00000000000000, 1.82884438181789,36.15933627764657,    0.00000000000000,
  614,    2, 1.91718750000000, 0.00468750000000, 1.82185660312201, 0.00033651975265, 1.82152008336936, 0.00418306232512, 0.00000000000000, 0.00761953203519, 1.82850786206524, 0.00000000000000, 1.82884438181789,36.15933627764657,    0.00000000000000,
  614,    3, 1.91718750000000, 0.00781250000000, 1.82185660312201, 0.00033651975265, 1.82152008336936, 0.00418306232512, 0.00000000000000, 0.00761953203519, 1.82850786206524, 0.00000000000000, 1.82884438181789,36.15933627764657,    0.00000000000000,
  614,    4, 1.91718750000000, 0.01093750000000, 1.82185660312201, 0.00033651975265, 1.82152008336936, 0.00418306232512, 0.00000000000000, 0.00761953203519, 1.82850786206524, 0.00000000000000, 1.82884438181789,36.15933627764657,    0.00000000000000,
  614,    5, 1.91718750000000, 0.01406250000000, 1.82185660312201, 0.00033651975265, 1.82152008336936, 0.00418306232512, 0.00000000000000, 0.00761953203519, 1.82850786206524, 0.00000000000000, 1.82884438181789,36.15933627764657,    0.00000000000000,
  615,    1, 1.92031250000000, 0.00156250000000, 1.82818899057001, 0.00031173154959, 1.82787725902042, 0.00416847054305, 0.00000000000000, 0.00761945251053, 1.83484075788293, 0.00000000000000, 1.83515248943252,36.38339126301125,    0.00000000000000,
  615,    2, 1.92031250000000, 0.00468750000000, 1.82818899057001, 0.00031173154959, 1.82787725902042, 0.00416847054305, 0.00000000000000, 0.00761945251053, 1.83484075788293, 0.00000000000000, 1.83515248943252,36.38339126301125,    0.00000000000000,
  615,    3, 1.92031250000000, 0.00781250000000, 1.82818899057001, 0.00031173154959, 1.82787725902042, 0.00416847054305, 0.00000000000000, 0.00761945251053, 1.83484075788293, 0.00000000000000, 1.83515248943252,36.38339126301125,    0.00000000000000,
  615,    4, 1.92031250000000, 0.01093750000000, 1.82818899057001, 0.00031173154959, 1.82787725902042, 0.00416847054305, 0.00000000000000, 0.00761945251053, 1.83484075788293, 0.00000000000000, 1.83515248943252,36.38339126301125,    0.00000000000000,
  615,    5, 1.92031250000000, 0.01406250000000, 1.82818899057001, 0.00031173154959, 1.82787725902042, 0.00416847054305, 0.00000000000000, 0.00761945251053, 1.83484075788293, 0.00000000000000, 1.83515248943252,36.38339126301125,    0.00000000000000,
  616,    1, 1.92343750000000, 0.00156250000000, 1.83453813146856, 0.00028787712201, 1.83425025434656, 0.00415393554348, 0.00000000000000, 0.00761935732716, 1.84118957209214, 0.00000000000000, 1.84147744921414,36.60492606142518,    0.00000000000000,
  616,    2, 1.92343750000000, 0.00468750000000, 1.83453813146856, 0.00028787712201, 1.83425025434656, 0.00415393554348, 0.00000000000000, 0.00761935732716, 1.84118957209214, 0.00000000000000, 1.84147744921414,36.60492606142518,    0.00000000000000,
  616,    3, 1.92343750000000, 0.00781250000000, 1.83453813146856, 0.00028787712201, 1.83425025434656, 0.00415393554348, 0.00000000000000, 0.00761935732716, 1.84118957209214, 0.00000000000000, 1.84147744921414,36.60492606142518,    0.00000000000000,
  616,    4, 1.92343750000000, 0.01093750000000, 1.83453813146856, 0.00028787712201, 1.83425025434656, 0.00415393554348, 0.00000000000000, 0.00761935732716, 1.84118957209214, 0.00000000000000, 1.84147744921414,36.60492606142518,    0.00000000000000,
  616,    5, 1.92343750000000, 0.01406250000000, 1.83453813146856, 0.00028787712201, 1.83425025434656, 0.00415393554348, 0.00000000000000, 0.00761935732716, 1.84118957209214, 0.00000000000000, 1.84147744921414,36.60492606142518,    0.00000000000000,
  617,    1, 1.92656250000000, 0.00156250000000, 1.84090341431240, 0.00026495876904, 1.84063845554336, 0.00413945856940, 0.00000000000000, 0.00761924662796, 1.84755369278092, 0.00000000000000, 1.84781865154996,36.82388530620278,    0.00000000000000,
  617,    2, 1.92656250000000, 0.00468750000000, 1.84090341431240, 0.00026495876904, 1.84063845554336, 0.00413945856940, 0.00000000000000, 0.00761924662796, 1.84755369278092, 0.00000000000000, 1.84781865154996,36.82388530620278,    0.00000000000000,
  617,    3, 1.92656250000000, 0.00781250000000, 1.84090341431240, 0.00026495876904, 1.84063845554336, 0.00413945856940, 0.00000000000000, 0.00761924662796, 1.84755369278092, 0.00000000000000, 1.84781865154996,36.82388530620278,    0.00000000000000,
  617,    4, 1.92656250000000, 0.01093750000000, 1.84090341431240, 0.00026495876904, 1.84063845554336, 0.00413945856940, 0.00000000000000, 0.00761924662796, 1.84755369278092, 0.00000000000000, 1.84781865154996,36.82388530620278,    0.00000000000000,
  617,    5, 1.92656250000000, 0.01406250000000, 1.84090341431240, 0.00026495876904, 1.84063845554336, 0.00413945856940, 0.00000000000000, 0.00761924662796, 1.84755369278092, 0.00000000000000, 1.84781865154996,36.82388530620278,    0.00000000000000,
  618,    1, 1.92968750000000, 0.00156250000000, 1.84728422608545, 0.00024297869961, 1.84704124738583, 0.00412504082925, 0.00000000000000, 0.00761912055878, 1.85393250656209, 0.00000000000000, 1.85417548526170,37.04021351550393,    0.00000000000000,
  618,    2, 1.92968750000000, 0.00468750000000, 1.84728422608545, 0.00024297869961, 1.84704124738583, 0.00412504082925, 0.00000000000000, 0.00761912055878, 1.85393250656209, 0.00000000000000, 1.85417548526170,37.04021351550393,    0.00000000000000,
  618,    3, 1.92968750000000, 0.00781250000000, 1.84728422608545, 0.00024297869961, 1.84704124738583, 0.00412504082925, 0.00000000000000, 0.00761912055878, 1.85393250656209, 0.00000000000000, 1.85417548526170,37.04021351550393,    0.00000000000000,
  618,    4, 1.92968750000000, 0.01093750000000, 1.84728422608545, 0.00024297869961, 1.84704124738583, 0.00412504082925, 0.00000000000000, 0.00761912055878, 1.85393250656209, 0.00000000000000, 1.85417548526170,37.04021351550393,    0.00000000000000,
  618,    5, 1.92968750000000, 0.01406250000000, 1.84728422608545, 0.00024297869961, 1.84704124738583, 0.00412504082925, 0.00000000000000, 0.00761912055878, 1.85393250656209, 0.00000000000000, 1.85417548526170,37.04021351550393,    0.00000000000000,
  619,    1, 1.93281250000000, 0.00156250000000, 1.85367995231884, 0.00022193903221, 1.85345801328663, 0.00411068349741, 0.00000000000000, 0.00761897926836, 1.86032539863229, 0.00000000000000, 1.86054733766450,37.25385511093489,    0.00000000000000,
  619,    2, 1.93281250000000, 0.00468750000000, 1.85367995231884, 0.00022193903221, 1.85345801328663, 0.00411068349741, 0.00000000000000, 0.00761897926836, 1.86032539863229, 0.00000000000000, 1.86054733766450,37.25385511093489,    0.00000000000000,
  619,    3, 1.93281250000000, 0.00781250000000, 1.85367995231884, 0.00022193903221, 1.85345801328663, 0.00411068349741, 0.00000000000000, 0.00761897926836, 1.86032539863229, 0.00000000000000, 1.86054733766450,37.25385511093489,    0.00000000000000,
  619,    4, 1.93281250000000, 0.01093750000000, 1.85367995231884, 0.00022193903221, 1.85345801328663, 0.00411068349741, 0.00000000000000, 0.00761897926836, 1.86032539863229, 0.00000000000000, 1.86054733766450,37.25385511093489,    0.00000000000000,
  619,    5, 1.93281250000000, 0.01406250000000, 1.85367995231884, 0.00022193903221, 1.85345801328663, 0.00411068349741, 0.00000000000000, 0.00761897926836, 1.86032539863229, 0.00000000000000, 1.86054733766450,37.25385511093489,    0.00000000000000,
  620,    1, 1.93593750000000, 0.00156250000000, 1.86008997714925, 0.00020184179467, 1.85988813535458, 0.00409638771461, 0.00000000000000, 0.00761882290822, 1.86673175283128, 0.00000000000000, 1.86693359462595,37.46475443629325,    0.00000000000000,
  620,    2, 1.93593750000000, 0.00468750000000, 1.86008997714925, 0.00020184179467, 1.85988813535458, 0.00409638771461, 0.00000000000000, 0.00761882290822, 1.86673175283128, 0.00000000000000, 1.86693359462595,37.46475443629325,    0.00000000000000,
  620,    3, 1.93593750000000, 0.00781250000000, 1.86008997714925, 0.00020184179467, 1.85988813535458, 0.00409638771461, 0.00000000000000, 0.00761882290822, 1.86673175283128, 0.00000000000000, 1.86693359462595,37.46475443629325,    0.00000000000000,
  620,    4, 1.93593750000000, 0.01093750000000, 1.86008997714925, 0.00020184179467, 1.85988813535458, 0.00409638771461, 0.00000000000000, 0.00761882290822, 1.86673175283128, 0.00000000000000, 1.86693359462595,37.46475443629325,    0.00000000000000,
  620,    5, 1.93593750000000, 0.01406250000000, 1.86008997714925, 0.00020184179467, 1.85988813535458, 0.00409638771461, 0.00000000000000, 0.00761882290822, 1.86673175283128, 0.00000000000000, 1.86693359462595,37.46475443629325,    0.00000000000000,
  621,    1, 1.93906250000000, 0.00156250000000, 1.86651368337719, 0.00018268892401, 1.86633099445318, 0.00408215458845, 0.00000000000000, 0.00761865163256, 1.87315095170131, 0.00000000000000, 1.87333364062532,37.67285577645067,    0.00000000000000,
  621,    2, 1.93906250000000, 0.00468750000000, 1.86651368337719, 0.00018268892401, 1.86633099445318, 0.00408215458845, 0.00000000000000, 0.00761865163256, 1.87315095170131, 0.00000000000000, 1.87333364062532,37.67285577645067,    0.00000000000000,
  621,    3, 1.93906250000000, 0.00781250000000, 1.86651368337719, 0.00018268892401, 1.86633099445318, 0.00408215458845, 0.00000000000000, 0.00761865163256, 1.87315095170131, 0.00000000000000, 1.87333364062532,37.67285577645067,    0.00000000000000,
  621,    4, 1.93906250000000, 0.01093750000000, 1.86651368337719, 0.00018268892401, 1.86633099445318, 0.00408215458845, 0.00000000000000, 0.00761865163256, 1.87315095170131, 0.00000000000000, 1.87333364062532,37.67285577645067,    0.00000000000000,
  621,    5, 1.93906250000000, 0.01406250000000, 1.86651368337719, 0.00018268892401, 1.86633099445318, 0.00408215458845, 0.00000000000000, 0.00761865163256, 1.87315095170131, 0.00000000000000, 1.87333364062532,37.67285577645067,    0.00000000000000,
  622,    1, 1.94218750000000, 0.00156250000000, 1.87295045252543, 0.00016448226622, 1.87278597025921, 0.00406798519382, 0.00000000000000, 0.00761846559820, 1.87958237654663, 0.00000000000000, 1.87974685881286,37.87810337636540,    0.00000000000000,
  622,    2, 1.94218750000000, 0.00468750000000, 1.87295045252543, 0.00016448226622, 1.87278597025921, 0.00406798519382, 0.00000000000000, 0.00761846559820, 1.87958237654663, 0.00000000000000, 1.87974685881286,37.87810337636540,    0.00000000000000,
  622,    3, 1.94218750000000, 0.00781250000000, 1.87295045252543, 0.00016448226622, 1.87278597025921, 0.00406798519382, 0.00000000000000, 0.00761846559820, 1.87958237654663, 0.00000000000000, 1.87974685881286,37.87810337636540,    0.00000000000000,
  622,    4, 1.94218750000000, 0.01093750000000, 1.87295045252543, 0.00016448226622, 1.87278597025921, 0.00406798519382, 0.00000000000000, 0.00761846559820, 1.87958237654663, 0.00000000000000, 1.87974685881286,37.87810337636540,    0.00000000000000,
  622,    5, 1.94218750000000, 0.01406250000000, 1.87295045252543, 0.00016448226622, 1.87278597025921, 0.00406798519382, 0.00000000000000, 0.00761846559820, 1.87958237654663, 0.00000000000000, 1.87974685881286,37.87810337636540,    0.00000000000000,
  623,    1, 1.94531250000000, 0.00156250000000, 1.87939966489776, 0.00014722357611, 1.87925244132165, 0.00405388057342, 0.00000000000000, 0.00761826496443, 1.88602540749313, 0.00000000000000, 1.88617263106924,38.08044146021840,    0.00000000000000,
  623,    2, 1.94531250000000, 0.00468750000000, 1.87939966489776, 0.00014722357611, 1.87925244132165, 0.00405388057342, 0.00000000000000, 0.00761826496443, 1.88602540749313, 0.00000000000000, 1.88617263106924,38.08044146021840,    0.00000000000000,
  623,    3, 1.94531250000000, 0.00781250000000, 1.87939966489776, 0.00014722357611, 1.87925244132165, 0.00405388057342, 0.00000000000000, 0.00761826496443, 1.88602540749313, 0.00000000000000, 1.88617263106924,38.08044146021840,    0.00000000000000,
  623,    4, 1.94531250000000, 0.01093750000000, 1.87939966489776, 0.00014722357611, 1.87925244132165, 0.00405388057342, 0.00000000000000, 0.00761826496443, 1.88602540749313, 0.00000000000000, 1.88617263106924,38.08044146021840,    0.00000000000000,
  623,    5, 1.94531250000000, 0.01406250000000, 1.87939966489776, 0.00014722357611, 1.87925244132165, 0.00405388057342, 0.00000000000000, 0.00761826496443, 1.88602540749313, 0.00000000000000, 1.88617263106924,38.08044146021840,    0.00000000000000,
  624,    1, 1.94843750000000, 0.00156250000000, 1.88586069963756, 0.00013091451710, 1.88572978512047, 0.00403984173821, 0.00000000000000, 0.00761804989292, 1.89247942354808, 0.00000000000000, 1.89261033806518,38.27981425066543,    0.00000000000000,
  624,    2, 1.94843750000000, 0.00468750000000, 1.88586069963756, 0.00013091451710, 1.88572978512047, 0.00403984173821, 0.00000000000000, 0.00761804989292, 1.89247942354808, 0.00000000000000, 1.89261033806518,38.27981425066543,    0.00000000000000,
  624,    3, 1.94843750000000, 0.00781250000000, 1.88586069963756, 0.00013091451710, 1.88572978512047, 0.00403984173821, 0.00000000000000, 0.00761804989292, 1.89247942354808, 0.00000000000000, 1.89261033806518,38.27981425066543,    0.00000000000000,
  624,    4, 1.94843750000000, 0.01093750000000, 1.88586069963756, 0.00013091451710, 1.88572978512047, 0.00403984173821, 0.00000000000000, 0.00761804989292, 1.89247942354808, 0.00000000000000, 1.89261033806518,38.27981425066543,    0.00000000000000,
  624,    5, 1.94843750000000, 0.01406250000000, 1.88586069963756, 0.00013091451710, 1.88572978512047, 0.00403984173821, 0.00000000000000, 0.00761804989292, 1.89247942354808, 0.00000000000000, 1.89261033806518,38.27981425066543,    0.00000000000000,
  625,    1, 1.95156250000000, 0.00156250000000, 1.89233293478676, 0.00011555666108, 1.89221737812568, 0.00402586966790, 0.00000000000000, 0.00761782054767, 1.89894380265997, 0.00000000000000, 1.89905935932105,38.47616598819767,    0.00000000000000,
  625,    2, 1.95156250000000, 0.00468750000000, 1.89233293478676, 0.00011555666108, 1.89221737812568, 0.00402586966790, 0.00000000000000, 0.00761782054767, 1.89894380265997, 0.00000000000000, 1.89905935932105,38.47616598819767,    0.00000000000000,
  625,    3, 1.95156250000000, 0.00781250000000, 1.89233293478676, 0.00011555666108, 1.89221737812568, 0.00402586966790, 0.00000000000000, 0.00761782054767, 1.89894380265997, 0.00000000000000, 1.89905935932105,38.47616598819767,    0.00000000000000,
  625,    4, 1.95156250000000, 0.01093750000000, 1.89233293478676, 0.00011555666108, 1.89221737812568, 0.00402586966790, 0.00000000000000, 0.00761782054767, 1.89894380265997, 0.00000000000000, 1.89905935932105,38.47616598819767,    0.00000000000000,
  625,    5, 1.95156250000000, 0.01406250000000, 1.89233293478676, 0.00011555666108, 1.89221737812568, 0.00402586966790, 0.00000000000000, 0.00761782054767, 1.89894380265997, 0.00000000000000, 1.89905935932105,38.47616598819767,    0.00000000000000,
  626,    1, 1.95468750000000, 0.00156250000000, 1.89881574734476, 0.00010115148829, 1.89871459585648, 0.00401196531140, 0.00000000000000, 0.00761757709482, 1.90541792177850, 0.00000000000000, 1.90551907326678,38.66944095060434,    0.00000000000000,
  626,    2, 1.95468750000000, 0.00468750000000, 1.89881574734476, 0.00010115148829, 1.89871459585648, 0.00401196531140, 0.00000000000000, 0.00761757709482, 1.90541792177850, 0.00000000000000, 1.90551907326678,38.66944095060434,    0.00000000000000,
  626,    3, 1.95468750000000, 0.00781250000000, 1.89881574734476, 0.00010115148829, 1.89871459585648, 0.00401196531140, 0.00000000000000, 0.00761757709482, 1.90541792177850, 0.00000000000000, 1.90551907326678,38.66944095060434,    0.00000000000000,
  626,    4, 1.95468750000000, 0.01093750000000, 1.89881574734476, 0.00010115148829, 1.89871459585648, 0.00401196531140, 0.00000000000000, 0.00761757709482, 1.90541792177850, 0.00000000000000, 1.90551907326678,38.66944095060434,    0.00000000000000,
  626,    5, 1.95468750000000, 0.01406250000000, 1.89881574734476, 0.00010115148829, 1.89871459585648, 0.00401196531140, 0.00000000000000, 0.00761757709482, 1.90541792177850, 0.00000000000000, 1.90551907326678,38.66944095060434,    0.00000000000000,
  627,    1, 1.95781250000000, 0.00156250000000, 1.90530851332752, 0.00008770038712, 1.90522081294040, 0.00399812958735, 0.00000000000000, 0.00761731970265, 1.91190115691458, 0.00000000000000, 1.91198885730170,38.85958347252947,    0.00000000000000,
  627,    2, 1.95781250000000, 0.00468750000000, 1.90530851332752, 0.00008770038712, 1.90522081294040, 0.00399812958735, 0.00000000000000, 0.00761731970265, 1.91190115691458, 0.00000000000000, 1.91198885730170,38.85958347252947,    0.00000000000000,
  627,    3, 1.95781250000000, 0.00781250000000, 1.90530851332752, 0.00008770038712, 1.90522081294040, 0.00399812958735, 0.00000000000000, 0.00761731970265, 1.91190115691458, 0.00000000000000, 1.91198885730170,38.85958347252947,    0.00000000000000,
  627,    4, 1.95781250000000, 0.01093750000000, 1.90530851332752, 0.00008770038712, 1.90522081294040, 0.00399812958735, 0.00000000000000, 0.00761731970265, 1.91190115691458, 0.00000000000000, 1.91198885730170,38.85958347252947,    0.00000000000000,
  627,    5, 1.95781250000000, 0.01406250000000, 1.90530851332752, 0.00008770038712, 1.90522081294040, 0.00399812958735, 0.00000000000000, 0.00761731970265, 1.91190115691458, 0.00000000000000, 1.91198885730170,38.85958347252947,    0.00000000000000,
  628,    1, 1.96093750000000, 0.00156250000000, 1.91181060782665, 0.00007520465401, 1.91173540317264, 0.00398436338457, 0.00000000000000, 0.00761704854138, 1.91839288320052, 0.00000000000000, 1.91846808785454,39.04653796511536,    0.00000000000000,
  628,    2, 1.96093750000000, 0.00468750000000, 1.91181060782665, 0.00007520465401, 1.91173540317264, 0.00398436338457, 0.00000000000000, 0.00761704854138, 1.91839288320052, 0.00000000000000, 1.91846808785454,39.04653796511536,    0.00000000000000,
  628,    3, 1.96093750000000, 0.00781250000000, 1.91181060782665, 0.00007520465401, 1.91173540317264, 0.00398436338457, 0.00000000000000, 0.00761704854138, 1.91839288320052, 0.00000000000000, 1.91846808785454,39.04653796511536,    0.00000000000000,
  628,    4, 1.96093750000000, 0.01093750000000, 1.91181060782665, 0.00007520465401, 1.91173540317264, 0.00398436338457, 0.00000000000000, 0.00761704854138, 1.91839288320052, 0.00000000000000, 1.91846808785454,39.04653796511536,    0.00000000000000,
  628,    5, 1.96093750000000, 0.01406250000000, 1.91181060782665, 0.00007520465401, 1.91173540317264, 0.00398436338457, 0.00000000000000, 0.00761704854138, 1.91839288320052, 0.00000000000000, 1.91846808785454,39.04653796511536,    0.00000000000000,
  629,    1, 1.96406250000000, 0.00156250000000, 1.91832140506882, 0.00006366549334, 1.91825773957547, 0.00397066756255, 0.00000000000000, 0.00761676378315, 1.92489247495024, 0.00000000000000, 1.92495614044358,39.23024893572600,    0.00000000000000,
  629,    2, 1.96406250000000, 0.00468750000000, 1.91832140506882, 0.00006366549334, 1.91825773957547, 0.00397066756255, 0.00000000000000, 0.00761676378315, 1.92489247495024, 0.00000000000000, 1.92495614044358,39.23024893572600,    0.00000000000000,
  629,    3, 1.96406250000000, 0.00781250000000, 1.91832140506882, 0.00006366549334, 1.91825773957547, 0.00397066756255, 0.00000000000000, 0.00761676378315, 1.92489247495024, 0.00000000000000, 1.92495614044358,39.23024893572600,    0.00000000000000,
  629,    4, 1.96406250000000, 0.01093750000000, 1.91832140506882, 0.00006366549334, 1.91825773957547, 0.00397066756255, 0.00000000000000, 0.00761676378315, 1.92489247495024, 0.00000000000000, 1.92495614044358,39.23024893572600,    0.00000000000000,
  629,    5, 1.96406250000000, 0.01406250000000, 1.91832140506882, 0.00006366549334, 1.91825773957547, 0.00397066756255, 0.00000000000000, 0.00761676378315, 1.92489247495024, 0.00000000000000, 1.92495614044358,39.23024893572600,    0.00000000000000,
  630,    1, 1.96718750000000, 0.00156250000000, 1.92484027847496, 0.00005308401727, 1.92478719445769, 0.00395704295196, 0.00000000000000, 0.00761646560186, 1.93139930571954, 0.00000000000000, 1.93145238973681,39.41066100774217,    0.00000000000000,
  630,    2, 1.96718750000000, 0.00468750000000, 1.92484027847496, 0.00005308401727, 1.92478719445769, 0.00395704295196, 0.00000000000000, 0.00761646560186, 1.93139930571954, 0.00000000000000, 1.93145238973681,39.41066100774217,    0.00000000000000,
  630,    3, 1.96718750000000, 0.00781250000000, 1.92484027847496, 0.00005308401727, 1.92478719445769, 0.00395704295196, 0.00000000000000, 0.00761646560186, 1.93139930571954, 0.00000000000000, 1.93145238973681,39.41066100774217,    0.00000000000000,
  630,    4, 1.96718750000000, 0.01093750000000, 1.92484027847496, 0.00005308401727, 1.92478719445769, 0.00395704295196, 0.00000000000000, 0.00761646560186, 1.93139930571954, 0.00000000000000, 1.93145238973681,39.41066100774217,    0.00000000000000,
  630,    5, 1.96718750000000, 0.01406250000000, 1.92484027847496, 0.00005308401727, 1.92478719445769, 0.00395704295196, 0.00000000000000, 0.00761646560186, 1.93139930571954, 0.00000000000000, 1.93145238973681,39.41066100774217,    0.00000000000000,
  631,    1, 1.97031250000000, 0.00156250000000, 1.93136660071987, 0.00004346124567, 1.93132313947420, 0.00394349035509, 0.00000000000000, 0.00761615417308, 1.93791274836653, 0.00000000000000, 1.93795620961220,39.58771894042136,    0.00000000000000,
  631,    2, 1.97031250000000, 0.00468750000000, 1.93136660071987, 0.00004346124567, 1.93132313947420, 0.00394349035509, 0.00000000000000, 0.00761615417308, 1.93791274836653, 0.00000000000000, 1.93795620961220,39.58771894042136,    0.00000000000000,
  631,    3, 1.97031250000000, 0.00781250000000, 1.93136660071987, 0.00004346124567, 1.93132313947420, 0.00394349035509, 0.00000000000000, 0.00761615417308, 1.93791274836653, 0.00000000000000, 1.93795620961220,39.58771894042136,    0.00000000000000,
  631,    4, 1.97031250000000, 0.01093750000000, 1.93136660071987, 0.00004346124567, 1.93132313947420, 0.00394349035509, 0.00000000000000, 0.00761615417308, 1.93791274836653, 0.00000000000000, 1.93795620961220,39.58771894042136,    0.00000000000000,
  631,    5, 1.97031250000000, 0.01406250000000, 1.93136660071987, 0.00004346124567, 1.93132313947420, 0.00394349035509, 0.00000000000000, 0.00761615417308, 1.93791274836653, 0.00000000000000, 1.93795620961220,39.58771894042136,    0.00000000000000,
  632,    1, 1.97343750000000, 0.00156250000000, 1.93789974379154, 0.00003479810599, 1.93786494568555, 0.00393001054637, 0.00000000000000, 0.00761582967398, 1.94443217511207, 0.00000000000000, 1.94446697321806,39.76136764881483,    0.00000000000000,
  632,    2, 1.97343750000000, 0.00468750000000, 1.93789974379154, 0.00003479810599, 1.93786494568555, 0.00393001054637, 0.00000000000000, 0.00761582967398, 1.94443217511207, 0.00000000000000, 1.94446697321806,39.76136764881483,    0.00000000000000,
  632,    3, 1.97343750000000, 0.00781250000000, 1.93789974379154, 0.00003479810599, 1.93786494568555, 0.00393001054637, 0.00000000000000, 0.00761582967398, 1.94443217511207, 0.00000000000000, 1.94446697321806,39.76136764881483,    0.00000000000000,
  632,    4, 1.97343750000000, 0.01093750000000, 1.93789974379154, 0.00003479810599, 1.93786494568555, 0.00393001054637, 0.00000000000000, 0.00761582967398, 1.94443217511207, 0.00000000000000, 1.94446697321806,39.76136764881483,    0.00000000000000,
  632,    5, 1.97343750000000, 0.01406250000000, 1.93789974379154, 0.00003479810599, 1.93786494568555, 0.00393001054637, 0.00000000000000, 0.00761582967398, 1.94443217511207, 0.00000000000000, 1.94446697321806,39.76136764881483,    0.00000000000000,
  633,    1, 1.97656250000000, 0.00156250000000, 1.94443907905093, 0.00002709543321, 1.94441198361772, 0.00391660427284, 0.00000000000000, 0.00761549228319, 1.95095695760022, 0.00000000000000, 1.95098405303344,39.93155222373400,    0.00000000000000,
  633,    2, 1.97656250000000, 0.00468750000000, 1.94443907905093, 0.00002709543321, 1.94441198361772, 0.00391660427284, 0.00000000000000, 0.00761549228319, 1.95095695760022, 0.00000000000000, 1.95098405303344,39.93155222373400,    0.00000000000000,
  633,    3, 1.97656250000000, 0.00781250000000, 1.94443907905093, 0.00002709543321, 1.94441198361772, 0.00391660427284, 0.00000000000000, 0.00761549228319, 1.95095695760022, 0.00000000000000, 1.95098405303344,39.93155222373400,    0.00000000000000,
  633,    4, 1.97656250000000, 0.01093750000000, 1.94443907905093, 0.00002709543321, 1.94441198361772, 0.00391660427284, 0.00000000000000, 0.00761549228319, 1.95095695760022, 0.00000000000000, 1.95098405303344,39.93155222373400,    0.00000000000000,
  633,    5, 1.97656250000000, 0.01406250000000, 1.94443907905093, 0.00002709543321, 1.94441198361772, 0.00391660427284, 0.00000000000000, 0.00761549228319, 1.95095695760022, 0.00000000000000, 1.95098405303344,39.93155222373400,    0.00000000000000,
  634,    1, 1.97968750000000, 0.00156250000000, 1.95098397729153, 0.00002035396974, 1.95096362332180, 0.00390327225463, 0.00000000000000, 0.00761514218070, 1.95748646695888, 0.00000000000000, 1.95750682092861,40.09821795175913,    0.00000000000000,
  634,    2, 1.97968750000000, 0.00468750000000, 1.95098397729153, 0.00002035396974, 1.95096362332180, 0.00390327225463, 0.00000000000000, 0.00761514218070, 1.95748646695888, 0.00000000000000, 1.95750682092861,40.09821795175913,    0.00000000000000,
  634,    3, 1.97968750000000, 0.00781250000000, 1.95098397729153, 0.00002035396974, 1.95096362332180, 0.00390327225463, 0.00000000000000, 0.00761514218070, 1.95748646695888, 0.00000000000000, 1.95750682092861,40.09821795175913,    0.00000000000000,
  634,    4, 1.97968750000000, 0.01093750000000, 1.95098397729153, 0.00002035396974, 1.95096362332180, 0.00390327225463, 0.00000000000000, 0.00761514218070, 1.95748646695888, 0.00000000000000, 1.95750682092861,40.09821795175913,    0.00000000000000,
  634,    5, 1.97968750000000, 0.01406250000000, 1.95098397729153, 0.00002035396974, 1.95096362332180, 0.00390327225463, 0.00000000000000, 0.00761514218070, 1.95748646695888, 0.00000000000000, 1.95750682092861,40.09821795175913,    0.00000000000000,
  635,    1, 1.98281250000000, 0.00156250000000, 1.95753380879912, 0.00001457436531, 1.95751923443381, 0.00389001518546,-0.00000000000000, 0.00761477954778, 1.96402007386033, 0.00000000000000, 1.96403464822564,40.26131033528208,    0.00000000000000,
  635,    2, 1.98281250000000, 0.00468750000000, 1.95753380879912, 0.00001457436531, 1.95751923443381, 0.00389001518546,-0.00000000000000, 0.00761477954778, 1.96402007386033, 0.00000000000000, 1.96403464822564,40.26131033528208,    0.00000000000000,
  635,    3, 1.98281250000000, 0.00781250000000, 1.95753380879912, 0.00001457436531, 1.95751923443381, 0.00389001518546,-0.00000000000000, 0.00761477954778, 1.96402007386033, 0.00000000000000, 1.96403464822564,40.26131033528208,    0.00000000000000,
  635,    4, 1.98281250000000, 0.01093750000000, 1.95753380879912, 0.00001457436531, 1.95751923443381, 0.00389001518546,-0.00000000000000, 0.00761477954778, 1.96402007386033, 0.00000000000000, 1.96403464822564,40.26131033528208,    0.00000000000000,
  635,    5, 1.98281250000000, 0.01406250000000, 1.95753380879912, 0.00001457436531, 1.95751923443381, 0.00389001518546,-0.00000000000000, 0.00761477954778, 1.96402007386033, 0.00000000000000, 1.96403464822564,40.26131033528208,    0.00000000000000,
  636,    1, 1.98593750000000, 0.00156250000000, 1.96408794341160, 0.00000975717700, 1.96407818623460, 0.00387683373311, 0.00000000000000, 0.00761440456686, 1.97055714858196, 0.00000000000000, 1.97056690575895,40.42077511257600,    0.00000000000000,
  636,    2, 1.98593750000000, 0.00468750000000, 1.96408794341160, 0.00000975717700, 1.96407818623460, 0.00387683373311, 0.00000000000000, 0.00761440456686, 1.97055714858196, 0.00000000000000, 1.97056690575895,40.42077511257600,    0.00000000000000,
  636,    3, 1.98593750000000, 0.00781250000000, 1.96408794341160, 0.00000975717700, 1.96407818623460, 0.00387683373311, 0.00000000000000, 0.00761440456686, 1.97055714858196, 0.00000000000000, 1.97056690575895,40.42077511257600,    0.00000000000000,
  636,    4, 1.98593750000000, 0.01093750000000, 1.96408794341160, 0.00000975717700, 1.96407818623460, 0.00387683373311, 0.00000000000000, 0.00761440456686, 1.97055714858196, 0.00000000000000, 1.97056690575895,40.42077511257600,    0.00000000000000,
  636,    5, 1.98593750000000, 0.01406250000000, 1.96408794341160, 0.00000975717700, 1.96407818623460, 0.00387683373311, 0.00000000000000, 0.00761440456686, 1.97055714858196, 0.00000000000000, 1.97056690575895,40.42077511257600,    0.00000000000000,
  637,    1, 1.98906250000000, 0.00156250000000, 1.97064575057871, 0.00000590286908, 1.97063984770964, 0.00386372853989, 0.00000000000000, 0.00761401742143, 1.97709706106688, 0.00000000000000, 1.97710296393595,40.57655827788405,    0.00000000000000,
  637,    2, 1.98906250000000, 0.00468750000000, 1.97064575057871, 0.00000590286908, 1.97063984770964, 0.00386372853989, 0.00000000000000, 0.00761401742143, 1.97709706106688, 0.00000000000000, 1.97710296393595,40.57655827788405,    0.00000000000000,
  637,    3, 1.98906250000000, 0.00781250000000, 1.97064575057871, 0.00000590286908, 1.97063984770964, 0.00386372853989, 0.00000000000000, 0.00761401742143, 1.97709706106688, 0.00000000000000, 1.97710296393595,40.57655827788405,    0.00000000000000,
  637,    4, 1.98906250000000, 0.01093750000000, 1.97064575057871, 0.00000590286908, 1.97063984770964, 0.00386372853989, 0.00000000000000, 0.00761401742143, 1.97709706106688, 0.00000000000000, 1.97710296393595,40.57655827788405,    0.00000000000000,
  637,    5, 1.98906250000000, 0.01406250000000, 1.97064575057871, 0.00000590286908, 1.97063984770964, 0.00386372853989, 0.00000000000000, 0.00761401742143, 1.97709706106688, 0.00000000000000, 1.97710296393595,40.57655827788405,    0.00000000000000,
  638,    1, 1.99218750000000, 0.00156250000000, 1.97720659942210, 0.00000301181304, 1.97720358760907, 0.00385070022312, 0.00000000000000, 0.00761361829596, 1.98363918098473, 0.00000000000000, 1.98364219279776,40.72860610151963,    0.00000000000000,
  638,    2, 1.99218750000000, 0.00468750000000, 1.97720659942210, 0.00000301181304, 1.97720358760907, 0.00385070022312, 0.00000000000000, 0.00761361829596, 1.98363918098473, 0.00000000000000, 1.98364219279776,40.72860610151963,    0.00000000000000,
  638,    3, 1.99218750000000, 0.00781250000000, 1.97720659942210, 0.00000301181304, 1.97720358760907, 0.00385070022312, 0.00000000000000, 0.00761361829596, 1.98363918098473, 0.00000000000000, 1.98364219279776,40.72860610151963,    0.00000000000000,
  638,    4, 1.99218750000000, 0.01093750000000, 1.97720659942210, 0.00000301181304, 1.97720358760907, 0.00385070022312, 0.00000000000000, 0.00761361829596, 1.98363918098473, 0.00000000000000, 1.98364219279776,40.72860610151963,    0.00000000000000,
  638,    5, 1.99218750000000, 0.01406250000000, 1.97720659942210, 0.00000301181304, 1.97720358760907, 0.00385070022312, 0.00000000000000, 0.00761361829596, 1.98363918098473, 0.00000000000000, 1.98364219279776,40.72860610151963,    0.00000000000000,
  639,    1, 1.99531250000000, 0.00156250000000, 1.98376985879510, 0.00000108428753, 1.98376877450757, 0.00383774937563,-0.00000000000000, 0.00761320737575, 1.99018287779236, 0.00000000000000, 1.99018396207989,40.87686514997026,    0.00000000000000,
  639,    2, 1.99531250000000, 0.00468750000000, 1.98376985879510, 0.00000108428753, 1.98376877450757, 0.00383774937563,-0.00000000000000, 0.00761320737575, 1.99018287779236, 0.00000000000000, 1.99018396207989,40.87686514997026,    0.00000000000000,
  639,    3, 1.99531250000000, 0.00781250000000, 1.98376985879510, 0.00000108428753, 1.98376877450757, 0.00383774937563,-0.00000000000000, 0.00761320737575, 1.99018287779236, 0.00000000000000, 1.99018396207989,40.87686514997026,    0.00000000000000,
  639,    4, 1.99531250000000, 0.01093750000000, 1.98376985879510, 0.00000108428753, 1.98376877450757, 0.00383774937563,-0.00000000000000, 0.00761320737575, 1.99018287779236, 0.00000000000000, 1.99018396207989,40.87686514997026,    0.00000000000000,
  639,    5, 1.99531250000000, 0.01406250000000, 1.98376985879510, 0.00000108428753, 1.98376877450757, 0.00383774937563,-0.00000000000000, 0.00761320737575, 1.99018287779236, 0.00000000000000, 1.99018396207989,40.87686514997026,    0.00000000000000,
  640,    1, 1.99843750000000, 0.00156250000000, 1.99033489734274, 0.00000012047833, 1.99033477686442, 0.00382487656619, 0.00000000000000, 0.00761278484691, 1.99672752079467, 0.00000000000000, 1.99672764127300,41.02128230599762,    0.00000000000000,
  640,    2, 1.99843750000000, 0.00468750000000, 1.99033489734274, 0.00000012047833, 1.99033477686442, 0.00382487656619, 0.00000000000000, 0.00761278484691, 1.99672752079467, 0.00000000000000, 1.99672764127300,41.02128230599762,    0.00000000000000,
  640,    3, 1.99843750000000, 0.00781250000000, 1.99033489734274, 0.00000012047833, 1.99033477686442, 0.00382487656619, 0.00000000000000, 0.00761278484691, 1.99672752079467, 0.00000000000000, 1.99672764127300,41.02128230599762,    0.00000000000000,
  640,    4, 1.99843750000000, 0.01093750000000, 1.99033489734274, 0.00000012047833, 1.99033477686442, 0.00382487656619, 0.00000000000000, 0.00761278484691, 1.99672752079467, 0.00000000000000, 1.99672764127300,41.02128230599762,    0.00000000000000,
  640,    5, 1.99843750000000, 0.01406250000000, 1.99033489734274, 0.00000012047833, 1.99033477686442, 0.00382487656619, 0.00000000000000, 0.00761278484691, 1.99672752079467, 0.00000000000000, 1.99672764127300,41.02128230599762,    0.00000000000000,
