x (nodes),y (nodes),x (m),y (m),h + zb (m),zb (m),h (m),u (m/s),v (m/s), q (m^2/s), h analytical (m), u analytical (m/s), h analytical + zb (m) , Fx MMS, Fy MMS
    1,    1, 0.00625000000000, 0.00625000000000, 2.01598474126455, 0.00000192759518, 2.01598281366937, 0.00407596247347, 0.00000000000000, 0.00821707029567, 2.01308912830709, 0.00000000000000, 2.01309105590227,41.36517142430565,    0.00000000000000,
    1,    2, 0.00625000000000, 0.01875000000000, 2.01598474126455, 0.00000192759518, 2.01598281366937, 0.00407596247347, 0.00000000000000, 0.00821707029567, 2.01308912830709, 0.00000000000000, 2.01309105590227,41.36517142430565,    0.00000000000000,
    1,    3, 0.00625000000000, 0.03125000000000, 2.01598474126455, 0.00000192759518, 2.01598281366937, 0.00407596247347, 0.00000000000000, 0.00821707029567, 2.01308912830709, 0.00000000000000, 2.01309105590227,41.36517142430565,    0.00000000000000,
    1,    4, 0.00625000000000, 0.04375000000000, 2.01598474126455, 0.00000192759518, 2.01598281366937, 0.00407596247347, 0.00000000000000, 0.00821707029567, 2.01308912830709, 0.00000000000000, 2.01309105590227,41.36517142430565,    0.00000000000000,
    1,    5, 0.00625000000000, 0.05625000000000, 2.01598474126455, 0.00000192759518, 2.01598281366937, 0.00407596247347, 0.00000000000000, 0.00821707029567, 2.01308912830709, 0.00000000000000, 2.01309105590227,41.36517142430565,    0.00000000000000,
    2,    1, 0.01875000000000, 0.00625000000000, 2.04212347476763, 0.00001734389815, 2.04210613086948, 0.00402279137348, 0.00000000000000, 0.00821496692699, 2.03924720243413, 0.00000000000000, 2.03926454633228,41.86273807121589,    0.00000000000000,
    2,    2, 0.01875000000000, 0.01875000000000, 2.04212347476763, 0.00001734389815, 2.04210613086948, 0.00402279137348, 0.00000000000000, 0.00821496692699, 2.03924720243413, 0.00000000000000, 2.03926454633228,41.86273807121589,    0.00000000000000,
    2,    3, 0.01875000000000, 0.03125000000000, 2.04212347476763, 0.00001734389815, 2.04210613086948, 0.00402279137348, 0.00000000000000, 0.00821496692699, 2.03924720243413, 0.00000000000000, 2.03926454633228,41.86273807121589,    0.00000000000000,
    2,    4, 0.01875000000000, 0.04375000000000, 2.04212347476763, 0.00001734389815, 2.04210613086948, 0.00402279137348, 0.00000000000000, 0.00821496692699, 2.03924720243413, 0.00000000000000, 2.03926454633228,41.86273807121589,    0.00000000000000,
    2,    5, 0.01875000000000, 0.05625000000000, 2.04212347476763, 0.00001734389815, 2.04210613086948, 0.00402279137348, 0.00000000000000, 0.00821496692699, 2.03924720243413, 0.00000000000000, 2.03926454633228,41.86273807121589,    0.00000000000000,
    3,    1, 0.03125000000000, 0.00625000000000, 2.06821817651167, 0.00004815273328, 2.06817002377839, 0.00397097082551,-0.00000000000000, 0.00821264282661, 2.06534476021971, 0.00000000000000, 2.06539291295299,42.29266375721077,    0.00000000000000,
    3,    2, 0.03125000000000, 0.01875000000000, 2.06821817651167, 0.00004815273328, 2.06817002377839, 0.00397097082551,-0.00000000000000, 0.00821264282661, 2.06534476021971, 0.00000000000000, 2.06539291295299,42.29266375721077,    0.00000000000000,
    3,    3, 0.03125000000000, 0.03125000000000, 2.06821817651167, 0.00004815273328, 2.06817002377839, 0.00397097082551,-0.00000000000000, 0.00821264282661, 2.06534476021971, 0.00000000000000, 2.06539291295299,42.29266375721077,    0.00000000000000,
    3,    4, 0.03125000000000, 0.04375000000000, 2.06821817651167, 0.00004815273328, 2.06817002377839, 0.00397097082551,-0.00000000000000, 0.00821264282661, 2.06534476021971, 0.00000000000000, 2.06539291295299,42.29266375721077,    0.00000000000000,
    3,    5, 0.03125000000000, 0.05625000000000, 2.06821817651167, 0.00004815273328, 2.06817002377839, 0.00397097082551,-0.00000000000000, 0.00821264282661, 2.06534476021971, 0.00000000000000, 2.06539291295299,42.29266375721077,    0.00000000000000,
    4,    1, 0.04375000000000, 0.00625000000000, 2.09422856257595, 0.00009430659556, 2.09413425598039, 0.00392052773961,-0.00000000000000, 0.00821011144104, 2.09134156112131, 0.00000000000000, 2.09143586771688,42.65182408378320,    0.00000000000000,
    4,    2, 0.04375000000000, 0.01875000000000, 2.09422856257595, 0.00009430659556, 2.09413425598039, 0.00392052773961,-0.00000000000000, 0.00821011144104, 2.09134156112131, 0.00000000000000, 2.09143586771688,42.65182408378320,    0.00000000000000,
    4,    3, 0.04375000000000, 0.03125000000000, 2.09422856257595, 0.00009430659556, 2.09413425598039, 0.00392052773961,-0.00000000000000, 0.00821011144104, 2.09134156112131, 0.00000000000000, 2.09143586771688,42.65182408378320,    0.00000000000000,
    4,    4, 0.04375000000000, 0.04375000000000, 2.09422856257595, 0.00009430659556, 2.09413425598039, 0.00392052773961,-0.00000000000000, 0.00821011144104, 2.09134156112131, 0.00000000000000, 2.09143586771688,42.65182408378320,    0.00000000000000,
    4,    5, 0.04375000000000, 0.05625000000000, 2.09422856257595, 0.00009430659556, 2.09413425598039, 0.00392052773961,-0.00000000000000, 0.00821011144104, 2.09134156112131, 0.00000000000000, 2.09143586771688,42.65182408378320,    0.00000000000000,
    5,    1, 0.05625000000000, 0.00625000000000, 2.12011447713663, 0.00015573431910, 2.11995874281753, 0.00387148394458, 0.00000000000000, 0.00820738623599, 2.11719751995624, 0.00000000000000, 2.11735325427534,42.93723898102256,    0.00000000000000,
    5,    2, 0.05625000000000, 0.01875000000000, 2.12011447713663, 0.00015573431910, 2.11995874281753, 0.00387148394458, 0.00000000000000, 0.00820738623599, 2.11719751995624, 0.00000000000000, 2.11735325427534,42.93723898102256,    0.00000000000000,
    5,    3, 0.05625000000000, 0.03125000000000, 2.12011447713663, 0.00015573431910, 2.11995874281753, 0.00387148394458, 0.00000000000000, 0.00820738623599, 2.11719751995624, 0.00000000000000, 2.11735325427534,42.93723898102256,    0.00000000000000,
    5,    4, 0.05625000000000, 0.04375000000000, 2.12011447713663, 0.00015573431910, 2.11995874281753, 0.00387148394458, 0.00000000000000, 0.00820738623599, 2.11719751995624, 0.00000000000000, 2.11735325427534,42.93723898102256,    0.00000000000000,
    5,    5, 0.05625000000000, 0.05625000000000, 2.12011447713663, 0.00015573431910, 2.11995874281753, 0.00387148394458, 0.00000000000000, 0.00820738623599, 2.11719751995624, 0.00000000000000, 2.11735325427534,42.93723898102256,    0.00000000000000,
    6,    1, 0.06875000000000, 0.00625000000000, 2.14583595479701, 0.00023234118679, 2.14560361361022, 0.00382385662044, 0.00000000000000, 0.00820448058274, 2.14287276871003, 0.00000000000000, 2.14310510989683,43.14609226143237,    0.00000000000000,
    6,    2, 0.06875000000000, 0.01875000000000, 2.14583595479701, 0.00023234118679, 2.14560361361022, 0.00382385662044, 0.00000000000000, 0.00820448058274, 2.14287276871003, 0.00000000000000, 2.14310510989683,43.14609226143237,    0.00000000000000,
    6,    3, 0.06875000000000, 0.03125000000000, 2.14583595479701, 0.00023234118679, 2.14560361361022, 0.00382385662044, 0.00000000000000, 0.00820448058274, 2.14287276871003, 0.00000000000000, 2.14310510989683,43.14609226143237,    0.00000000000000,
    6,    4, 0.06875000000000, 0.04375000000000, 2.14583595479701, 0.00023234118679, 2.14560361361022, 0.00382385662044, 0.00000000000000, 0.00820448058274, 2.14287276871003, 0.00000000000000, 2.14310510989683,43.14609226143237,    0.00000000000000,
    6,    5, 0.06875000000000, 0.05625000000000, 2.14583595479701, 0.00023234118679, 2.14560361361022, 0.00382385662044, 0.00000000000000, 0.00820448058274, 2.14287276871003, 0.00000000000000, 2.14310510989683,43.14609226143237,    0.00000000000000,
    7,    1, 0.08125000000000, 0.00625000000000, 2.17135328259710, 0.00032400907640, 2.17102927352071, 0.00377765873001,-0.00000000000000, 0.00820140768822, 2.16832771801011, 0.00000000000000, 2.16865172708650,43.27575061172408,    0.00000000000000,
    7,    2, 0.08125000000000, 0.01875000000000, 2.17135328259710, 0.00032400907640, 2.17102927352071, 0.00377765873001,-0.00000000000000, 0.00820140768822, 2.16832771801011, 0.00000000000000, 2.16865172708650,43.27575061172408,    0.00000000000000,
    7,    3, 0.08125000000000, 0.03125000000000, 2.17135328259710, 0.00032400907640, 2.17102927352071, 0.00377765873001,-0.00000000000000, 0.00820140768822, 2.16832771801011, 0.00000000000000, 2.16865172708650,43.27575061172408,    0.00000000000000,
    7,    4, 0.08125000000000, 0.04375000000000, 2.17135328259710, 0.00032400907640, 2.17102927352071, 0.00377765873001,-0.00000000000000, 0.00820140768822, 2.16832771801011, 0.00000000000000, 2.16865172708650,43.27575061172408,    0.00000000000000,
    7,    5, 0.08125000000000, 0.05625000000000, 2.17135328259710, 0.00032400907640, 2.17102927352071, 0.00377765873001,-0.00000000000000, 0.00820140768822, 2.16832771801011, 0.00000000000000, 2.16865172708650,43.27575061172408,    0.00000000000000,
    8,    1, 0.09375000000000, 0.00625000000000, 2.19662706160655, 0.00043059664268, 2.19619646496387, 0.00373289941361, 0.00000000000000, 0.00819818049623, 2.19352311816964, 0.00000000000000, 2.19395371481232,43.32378190298454,    0.00000000000000,
    8,    2, 0.09375000000000, 0.01875000000000, 2.19662706160655, 0.00043059664268, 2.19619646496387, 0.00373289941361, 0.00000000000000, 0.00819818049623, 2.19352311816964, 0.00000000000000, 2.19395371481232,43.32378190298454,    0.00000000000000,
    8,    3, 0.09375000000000, 0.03125000000000, 2.19662706160655, 0.00043059664268, 2.19619646496387, 0.00373289941361, 0.00000000000000, 0.00819818049623, 2.19352311816964, 0.00000000000000, 2.19395371481232,43.32378190298454,    0.00000000000000,
    8,    4, 0.09375000000000, 0.04375000000000, 2.19662706160655, 0.00043059664268, 2.19619646496387, 0.00373289941361, 0.00000000000000, 0.00819818049623, 2.19352311816964, 0.00000000000000, 2.19395371481232,43.32378190298454,    0.00000000000000,
    8,    5, 0.09375000000000, 0.05625000000000, 2.19662706160655, 0.00043059664268, 2.19619646496387, 0.00373289941361, 0.00000000000000, 0.00819818049623, 2.19352311816964, 0.00000000000000, 2.19395371481232,43.32378190298454,    0.00000000000000,
    9,    1, 0.10625000000000, 0.00625000000000, 2.22161826800530, 0.00055193953533, 2.22106632846996, 0.00368958438042, 0.00000000000000, 0.00819481163340, 2.21842011970780, 0.00000000000000, 2.21897205924313,43.28797270312943,    0.00000000000000,
    9,    2, 0.10625000000000, 0.01875000000000, 2.22161826800530, 0.00055193953533, 2.22106632846996, 0.00368958438042, 0.00000000000000, 0.00819481163340, 2.21842011970780, 0.00000000000000, 2.21897205924313,43.28797270312943,    0.00000000000000,
    9,    3, 0.10625000000000, 0.03125000000000, 2.22161826800530, 0.00055193953533, 2.22106632846996, 0.00368958438042, 0.00000000000000, 0.00819481163340, 2.21842011970780, 0.00000000000000, 2.21897205924313,43.28797270312943,    0.00000000000000,
    9,    4, 0.10625000000000, 0.04375000000000, 2.22161826800530, 0.00055193953533, 2.22106632846996, 0.00368958438042, 0.00000000000000, 0.00819481163340, 2.21842011970780, 0.00000000000000, 2.21897205924313,43.28797270312943,    0.00000000000000,
    9,    5, 0.10625000000000, 0.05625000000000, 2.22161826800530, 0.00055193953533, 2.22106632846996, 0.00368958438042, 0.00000000000000, 0.00819481163340, 2.21842011970780, 0.00000000000000, 2.21897205924313,43.28797270312943,    0.00000000000000,
   10,    1, 0.11875000000000, 0.00625000000000, 2.24628831355842, 0.00068785065241, 2.24560046290601, 0.00364771626223, 0.00000000000000, 0.00819131332701, 2.24298033325277, 0.00000000000000, 2.24366818390518,43.16634487979071,    0.00000000000000,
   10,    2, 0.11875000000000, 0.01875000000000, 2.24628831355842, 0.00068785065241, 2.24560046290601, 0.00364771626223, 0.00000000000000, 0.00819131332701, 2.24298033325277, 0.00000000000000, 2.24366818390518,43.16634487979071,    0.00000000000000,
   10,    3, 0.11875000000000, 0.03125000000000, 2.24628831355842, 0.00068785065241, 2.24560046290601, 0.00364771626223, 0.00000000000000, 0.00819131332701, 2.24298033325277, 0.00000000000000, 2.24366818390518,43.16634487979071,    0.00000000000000,
   10,    4, 0.11875000000000, 0.04375000000000, 2.24628831355842, 0.00068785065241, 2.24560046290601, 0.00364771626223, 0.00000000000000, 0.00819131332701, 2.24298033325277, 0.00000000000000, 2.24366818390518,43.16634487979071,    0.00000000000000,
   10,    5, 0.11875000000000, 0.05625000000000, 2.24628831355842, 0.00068785065241, 2.24560046290601, 0.00364771626223, 0.00000000000000, 0.00819131332701, 2.24298033325277, 0.00000000000000, 2.24366818390518,43.16634487979071,    0.00000000000000,
   11,    1, 0.13125000000000, 0.00625000000000, 2.27059910539222, 0.00083812042883, 2.26976098496339, 0.00360729496285, 0.00000000000000, 0.00818769736793, 2.26716588873543, 0.00000000000000, 2.26800400916426,42.95717118671722,    0.00000000000000,
   11,    2, 0.13125000000000, 0.01875000000000, 2.27059910539222, 0.00083812042883, 2.26976098496339, 0.00360729496285, 0.00000000000000, 0.00818769736793, 2.26716588873543, 0.00000000000000, 2.26800400916426,42.95717118671722,    0.00000000000000,
   11,    3, 0.13125000000000, 0.03125000000000, 2.27059910539222, 0.00083812042883, 2.26976098496339, 0.00360729496285, 0.00000000000000, 0.00818769736793, 2.26716588873543, 0.00000000000000, 2.26800400916426,42.95717118671722,    0.00000000000000,
   11,    4, 0.13125000000000, 0.04375000000000, 2.27059910539222, 0.00083812042883, 2.26976098496339, 0.00360729496285, 0.00000000000000, 0.00818769736793, 2.26716588873543, 0.00000000000000, 2.26800400916426,42.95717118671722,    0.00000000000000,
   11,    5, 0.13125000000000, 0.05625000000000, 2.27059910539222, 0.00083812042883, 2.26976098496339, 0.00360729496285, 0.00000000000000, 0.00818769736793, 2.26716588873543, 0.00000000000000, 2.26800400916426,42.95717118671722,    0.00000000000000,
   12,    1, 0.14375000000000, 0.00625000000000, 2.29451310498043, 0.00100251715948, 2.29351058782095, 0.00356831797021, 0.00000000000000, 0.00818397504539, 2.29093949378223, 0.00000000000000, 2.29194201094171,42.65898973236498,    0.00000000000000,
   12,    2, 0.14375000000000, 0.01875000000000, 2.29451310498043, 0.00100251715948, 2.29351058782095, 0.00356831797021, 0.00000000000000, 0.00818397504539, 2.29093949378223, 0.00000000000000, 2.29194201094171,42.65898973236498,    0.00000000000000,
   12,    3, 0.14375000000000, 0.03125000000000, 2.29451310498043, 0.00100251715948, 2.29351058782095, 0.00356831797021, 0.00000000000000, 0.00818397504539, 2.29093949378223, 0.00000000000000, 2.29194201094171,42.65898973236498,    0.00000000000000,
   12,    4, 0.14375000000000, 0.04375000000000, 2.29451310498043, 0.00100251715948, 2.29351058782095, 0.00356831797021, 0.00000000000000, 0.00818397504539, 2.29093949378223, 0.00000000000000, 2.29194201094171,42.65898973236498,    0.00000000000000,
   12,    5, 0.14375000000000, 0.05625000000000, 2.29451310498043, 0.00100251715948, 2.29351058782095, 0.00356831797021, 0.00000000000000, 0.00818397504539, 2.29093949378223, 0.00000000000000, 2.29194201094171,42.65898973236498,    0.00000000000000,
   13,    1, 0.15625000000000, 0.00625000000000, 2.31799338625048, 0.00118078735652, 2.31681259889396, 0.00353078066414, 0.00000000000000, 0.00818015712660, 2.31426449121733, 0.00000000000000, 2.31544527857385,42.27061723558455,    0.00000000000000,
   13,    2, 0.15625000000000, 0.01875000000000, 2.31799338625048, 0.00118078735652, 2.31681259889396, 0.00353078066414, 0.00000000000000, 0.00818015712660, 2.31426449121733, 0.00000000000000, 2.31544527857385,42.27061723558455,    0.00000000000000,
   13,    3, 0.15625000000000, 0.03125000000000, 2.31799338625048, 0.00118078735652, 2.31681259889396, 0.00353078066414, 0.00000000000000, 0.00818015712660, 2.31426449121733, 0.00000000000000, 2.31544527857385,42.27061723558455,    0.00000000000000,
   13,    4, 0.15625000000000, 0.04375000000000, 2.31799338625048, 0.00118078735652, 2.31681259889396, 0.00353078066414, 0.00000000000000, 0.00818015712660, 2.31426449121733, 0.00000000000000, 2.31544527857385,42.27061723558455,    0.00000000000000,
   13,    5, 0.15625000000000, 0.05625000000000, 2.31799338625048, 0.00118078735652, 2.31681259889396, 0.00353078066414, 0.00000000000000, 0.00818015712660, 2.31426449121733, 0.00000000000000, 2.31544527857385,42.27061723558455,    0.00000000000000,
   14,    1, 0.16875000000000, 0.00625000000000, 2.34100369272168, 0.00137265614022, 2.33963103658145, 0.00349467658785, 0.00000000000000, 0.00817625380774, 2.33710491558532, 0.00000000000000, 2.33847757172555,41.79116098013715,    0.00000000000000,
   14,    2, 0.16875000000000, 0.01875000000000, 2.34100369272168, 0.00137265614022, 2.33963103658145, 0.00349467658785, 0.00000000000000, 0.00817625380774, 2.33710491558532, 0.00000000000000, 2.33847757172555,41.79116098013715,    0.00000000000000,
   14,    3, 0.16875000000000, 0.03125000000000, 2.34100369272168, 0.00137265614022, 2.33963103658145, 0.00349467658785, 0.00000000000000, 0.00817625380774, 2.33710491558532, 0.00000000000000, 2.33847757172555,41.79116098013715,    0.00000000000000,
   14,    4, 0.16875000000000, 0.04375000000000, 2.34100369272168, 0.00137265614022, 2.33963103658145, 0.00349467658785, 0.00000000000000, 0.00817625380774, 2.33710491558532, 0.00000000000000, 2.33847757172555,41.79116098013715,    0.00000000000000,
   14,    5, 0.16875000000000, 0.05625000000000, 2.34100369272168, 0.00137265614022, 2.33963103658145, 0.00349467658785, 0.00000000000000, 0.00817625380774, 2.33710491558532, 0.00000000000000, 2.33847757172555,41.79116098013715,    0.00000000000000,
   15,    1, 0.18125000000000, 0.00625000000000, 2.36350849358852, 0.00157782766284, 2.36193066592569, 0.00345999771585,-0.00000000000000, 0.00817227470911, 2.35942554860733, 0.00000000000000, 2.36100337627017,41.22002938715253,    0.00000000000000,
   15,    2, 0.18125000000000, 0.01875000000000, 2.36350849358852, 0.00157782766284, 2.36193066592569, 0.00345999771585,-0.00000000000000, 0.00817227470911, 2.35942554860733, 0.00000000000000, 2.36100337627017,41.22002938715253,    0.00000000000000,
   15,    3, 0.18125000000000, 0.03125000000000, 2.36350849358852, 0.00157782766284, 2.36193066592569, 0.00345999771585,-0.00000000000000, 0.00817227470911, 2.35942554860733, 0.00000000000000, 2.36100337627017,41.22002938715253,    0.00000000000000,
   15,    4, 0.18125000000000, 0.04375000000000, 2.36350849358852, 0.00157782766284, 2.36193066592569, 0.00345999771585,-0.00000000000000, 0.00817227470911, 2.35942554860733, 0.00000000000000, 2.36100337627017,41.22002938715253,    0.00000000000000,
   15,    5, 0.18125000000000, 0.05625000000000, 2.36350849358852, 0.00157782766284, 2.36193066592569, 0.00345999771585,-0.00000000000000, 0.00817227470911, 2.35942554860733, 0.00000000000000, 2.36100337627017,41.22002938715253,    0.00000000000000,
   16,    1, 0.19375000000000, 0.00625000000000, 2.38547303866413, 0.00179598556474, 2.38367705309939, 0.00342673468708,-0.00000000000000, 0.00816822884066, 2.38119197348508, 0.00000000000000, 2.38298795904982,40.55694113253002,    0.00000000000000,
   16,    2, 0.19375000000000, 0.01875000000000, 2.38547303866413, 0.00179598556474, 2.38367705309939, 0.00342673468708,-0.00000000000000, 0.00816822884066, 2.38119197348508, 0.00000000000000, 2.38298795904982,40.55694113253002,    0.00000000000000,
   16,    3, 0.19375000000000, 0.03125000000000, 2.38547303866413, 0.00179598556474, 2.38367705309939, 0.00342673468708,-0.00000000000000, 0.00816822884066, 2.38119197348508, 0.00000000000000, 2.38298795904982,40.55694113253002,    0.00000000000000,
   16,    4, 0.19375000000000, 0.04375000000000, 2.38547303866413, 0.00179598556474, 2.38367705309939, 0.00342673468708,-0.00000000000000, 0.00816822884066, 2.38119197348508, 0.00000000000000, 2.38298795904982,40.55694113253002,    0.00000000000000,
   16,    5, 0.19375000000000, 0.05625000000000, 2.38547303866413, 0.00179598556474, 2.38367705309939, 0.00342673468708,-0.00000000000000, 0.00816822884066, 2.38119197348508, 0.00000000000000, 2.38298795904982,40.55694113253002,    0.00000000000000,
   17,    1, 0.20625000000000, 0.00625000000000, 2.40686341210077, 0.00202679346227, 2.40483661863850, 0.00339487703553,-0.00000000000000, 0.00816412461082, 2.40237062796905, 0.00000000000000, 2.40439742143132,39.80193274463674,    0.00000000000000,
   17,    2, 0.20625000000000, 0.01875000000000, 2.40686341210077, 0.00202679346227, 2.40483661863850, 0.00339487703553,-0.00000000000000, 0.00816412461082, 2.40237062796905, 0.00000000000000, 2.40439742143132,39.80193274463674,    0.00000000000000,
   17,    3, 0.20625000000000, 0.03125000000000, 2.40686341210077, 0.00202679346227, 2.40483661863850, 0.00339487703553,-0.00000000000000, 0.00816412461082, 2.40237062796905, 0.00000000000000, 2.40439742143132,39.80193274463674,    0.00000000000000,
   17,    4, 0.20625000000000, 0.04375000000000, 2.40686341210077, 0.00202679346227, 2.40483661863850, 0.00339487703553,-0.00000000000000, 0.00816412461082, 2.40237062796905, 0.00000000000000, 2.40439742143132,39.80193274463674,    0.00000000000000,
   17,    5, 0.20625000000000, 0.05625000000000, 2.40686341210077, 0.00202679346227, 2.40483661863850, 0.00339487703553,-0.00000000000000, 0.00816412461082, 2.40237062796905, 0.00000000000000, 2.40439742143132,39.80193274463674,    0.00000000000000,
   18,    1, 0.21875000000000, 0.00625000000000, 2.42764658480594, 0.00226989546637, 2.42537668933957, 0.00336441338800,-0.00000000000000, 0.00815996980457, 2.42292885610910, 0.00000000000000, 2.42519875157547,38.95536462641969,    0.00000000000000,
   18,    2, 0.21875000000000, 0.01875000000000, 2.42764658480594, 0.00226989546637, 2.42537668933957, 0.00336441338800,-0.00000000000000, 0.00815996980457, 2.42292885610910, 0.00000000000000, 2.42519875157547,38.95536462641969,    0.00000000000000,
   18,    3, 0.21875000000000, 0.03125000000000, 2.42764658480594, 0.00226989546637, 2.42537668933957, 0.00336441338800,-0.00000000000000, 0.00815996980457, 2.42292885610910, 0.00000000000000, 2.42519875157547,38.95536462641969,    0.00000000000000,
   18,    4, 0.21875000000000, 0.04375000000000, 2.42764658480594, 0.00226989546637, 2.42537668933957, 0.00336441338800,-0.00000000000000, 0.00815996980457, 2.42292885610910, 0.00000000000000, 2.42519875157547,38.95536462641969,    0.00000000000000,
   18,    5, 0.21875000000000, 0.05625000000000, 2.42764658480594, 0.00226989546637, 2.42537668933957, 0.00336441338800,-0.00000000000000, 0.00815996980457, 2.42292885610910, 0.00000000000000, 2.42519875157547,38.95536462641969,    0.00000000000000,
   19,    1, 0.23125000000000, 0.00625000000000, 2.44779046547511, 0.00252491673137, 2.44526554874374, 0.00333533166074, 0.00000000000000, 0.00815577160365, 2.44283495860752, 0.00000000000000, 2.44535987533889,38.01792545517067,    0.00000000000000,
   19,    2, 0.23125000000000, 0.01875000000000, 2.44779046547511, 0.00252491673137, 2.44526554874374, 0.00333533166074, 0.00000000000000, 0.00815577160365, 2.44283495860752, 0.00000000000000, 2.44535987533889,38.01792545517067,    0.00000000000000,
   19,    3, 0.23125000000000, 0.03125000000000, 2.44779046547511, 0.00252491673137, 2.44526554874374, 0.00333533166074, 0.00000000000000, 0.00815577160365, 2.44283495860752, 0.00000000000000, 2.44535987533889,38.01792545517067,    0.00000000000000,
   19,    4, 0.23125000000000, 0.04375000000000, 2.44779046547511, 0.00252491673137, 2.44526554874374, 0.00333533166074, 0.00000000000000, 0.00815577160365, 2.44283495860752, 0.00000000000000, 2.44535987533889,38.01792545517067,    0.00000000000000,
   19,    5, 0.23125000000000, 0.05625000000000, 2.44779046547511, 0.00252491673137, 2.44526554874374, 0.00333533166074, 0.00000000000000, 0.00815577160365, 2.44283495860752, 0.00000000000000, 2.44535987533889,38.01792545517067,    0.00000000000000,
   20,    1, 0.24375000000000, 0.00625000000000, 2.46726395016355, 0.00279146403297, 2.46447248613058, 0.00330761922515, 0.00000000000000, 0.00815153657497, 2.46205824169709, 0.00000000000000, 2.46484970573006,36.99063492260763,    0.00000000000000,
   20,    2, 0.24375000000000, 0.01875000000000, 2.46726395016355, 0.00279146403297, 2.46447248613058, 0.00330761922515, 0.00000000000000, 0.00815153657497, 2.46205824169709, 0.00000000000000, 2.46484970573006,36.99063492260763,    0.00000000000000,
   20,    3, 0.24375000000000, 0.03125000000000, 2.46726395016355, 0.00279146403297, 2.46447248613058, 0.00330761922515, 0.00000000000000, 0.00815153657497, 2.46205824169709, 0.00000000000000, 2.46484970573006,36.99063492260763,    0.00000000000000,
   20,    4, 0.24375000000000, 0.04375000000000, 2.46726395016355, 0.00279146403297, 2.46447248613058, 0.00330761922515, 0.00000000000000, 0.00815153657497, 2.46205824169709, 0.00000000000000, 2.46484970573006,36.99063492260763,    0.00000000000000,
   20,    5, 0.24375000000000, 0.05625000000000, 2.46726395016355, 0.00279146403297, 2.46447248613058, 0.00330761922515, 0.00000000000000, 0.00815153657497, 2.46205824169709, 0.00000000000000, 2.46484970573006,36.99063492260763,    0.00000000000000,
   21,    1, 0.25625000000000, 0.00625000000000, 2.48603697032265, 0.00306912637454, 2.48296784394811, 0.00328126307385,-0.00000000000000, 0.00814727069990, 2.48056906446861, 0.00000000000000, 2.48363819084316,35.87484478760712,    0.00000000000000,
   21,    2, 0.25625000000000, 0.01875000000000, 2.48603697032265, 0.00306912637454, 2.48296784394811, 0.00328126307385,-0.00000000000000, 0.00814727069990, 2.48056906446861, 0.00000000000000, 2.48363819084316,35.87484478760712,    0.00000000000000,
   21,    3, 0.25625000000000, 0.03125000000000, 2.48603697032265, 0.00306912637454, 2.48296784394811, 0.00328126307385,-0.00000000000000, 0.00814727069990, 2.48056906446861, 0.00000000000000, 2.48363819084316,35.87484478760712,    0.00000000000000,
   21,    4, 0.25625000000000, 0.04375000000000, 2.48603697032265, 0.00306912637454, 2.48296784394811, 0.00328126307385,-0.00000000000000, 0.00814727069990, 2.48056906446861, 0.00000000000000, 2.48363819084316,35.87484478760712,    0.00000000000000,
   21,    5, 0.25625000000000, 0.05625000000000, 2.48603697032265, 0.00306912637454, 2.48296784394811, 0.00328126307385,-0.00000000000000, 0.00814727069990, 2.48056906446861, 0.00000000000000, 2.48363819084316,35.87484478760712,    0.00000000000000,
   22,    1, 0.26875000000000, 0.00625000000000, 2.50408053922778, 0.00335747562089, 2.50072306360690, 0.00325624995795, 0.00000000000000, 0.00814297937072, 2.49833888457506, 0.00000000000000, 2.50169636019595,34.67223822378025,    0.00000000000000,
   22,    2, 0.26875000000000, 0.01875000000000, 2.50408053922778, 0.00335747562089, 2.50072306360690, 0.00325624995795, 0.00000000000000, 0.00814297937072, 2.49833888457506, 0.00000000000000, 2.50169636019595,34.67223822378025,    0.00000000000000,
   22,    3, 0.26875000000000, 0.03125000000000, 2.50408053922778, 0.00335747562089, 2.50072306360690, 0.00325624995795, 0.00000000000000, 0.00814297937072, 2.49833888457506, 0.00000000000000, 2.50169636019595,34.67223822378025,    0.00000000000000,
   22,    4, 0.26875000000000, 0.04375000000000, 2.50408053922778, 0.00335747562089, 2.50072306360690, 0.00325624995795, 0.00000000000000, 0.00814297937072, 2.49833888457506, 0.00000000000000, 2.50169636019595,34.67223822378025,    0.00000000000000,
   22,    5, 0.26875000000000, 0.05625000000000, 2.50408053922778, 0.00335747562089, 2.50072306360690, 0.00325624995795, 0.00000000000000, 0.00814297937072, 2.49833888457506, 0.00000000000000, 2.50169636019595,34.67223822378025,    0.00000000000000,
   23,    1, 0.28125000000000, 0.00625000000000, 2.52136679672763, 0.00365606715836, 2.51771072956926, 0.00323256652613, 0.00000000000000, 0.00813866742688, 2.51534030224182, 0.00000000000000, 2.51899636940019,33.38482745407035,    0.00000000000000,
   23,    2, 0.28125000000000, 0.01875000000000, 2.52136679672763, 0.00365606715836, 2.51771072956926, 0.00323256652613, 0.00000000000000, 0.00813866742688, 2.51534030224182, 0.00000000000000, 2.51899636940019,33.38482745407035,    0.00000000000000,
   23,    3, 0.28125000000000, 0.03125000000000, 2.52136679672763, 0.00365606715836, 2.51771072956926, 0.00323256652613, 0.00000000000000, 0.00813866742688, 2.51534030224182, 0.00000000000000, 2.51899636940019,33.38482745407035,    0.00000000000000,
   23,    4, 0.28125000000000, 0.04375000000000, 2.52136679672763, 0.00365606715836, 2.51771072956926, 0.00323256652613, 0.00000000000000, 0.00813866742688, 2.51534030224182, 0.00000000000000, 2.51899636940019,33.38482745407035,    0.00000000000000,
   23,    5, 0.28125000000000, 0.05625000000000, 2.52136679672763, 0.00365606715836, 2.51771072956926, 0.00323256652613, 0.00000000000000, 0.00813866742688, 2.51534030224182, 0.00000000000000, 2.51899636940019,33.38482745407035,    0.00000000000000,
   24,    1, 0.29375000000000, 0.00625000000000, 2.53786905224715, 0.00396444058046, 2.53390461166669, 0.00321019943684,-0.00000000000000, 0.00813433915738, 2.53154710251514, 0.00000000000000, 2.53551154309560,32.01494967460177,    0.00000000000000,
   24,    2, 0.29375000000000, 0.01875000000000, 2.53786905224715, 0.00396444058046, 2.53390461166669, 0.00321019943684,-0.00000000000000, 0.00813433915738, 2.53154710251514, 0.00000000000000, 2.53551154309560,32.01494967460177,    0.00000000000000,
   24,    3, 0.29375000000000, 0.03125000000000, 2.53786905224715, 0.00396444058046, 2.53390461166669, 0.00321019943684,-0.00000000000000, 0.00813433915738, 2.53154710251514, 0.00000000000000, 2.53551154309560,32.01494967460177,    0.00000000000000,
   24,    4, 0.29375000000000, 0.04375000000000, 2.53786905224715, 0.00396444058046, 2.53390461166669, 0.00321019943684,-0.00000000000000, 0.00813433915738, 2.53154710251514, 0.00000000000000, 2.53551154309560,32.01494967460177,    0.00000000000000,
   24,    5, 0.29375000000000, 0.05625000000000, 2.53786905224715, 0.00396444058046, 2.53390461166669, 0.00321019943684,-0.00000000000000, 0.00813433915738, 2.53154710251514, 0.00000000000000, 2.53551154309560,32.01494967460177,    0.00000000000000,
   25,    1, 0.30625000000000, 0.00625000000000, 2.55356182597904, 0.00428212039772, 2.54927970558131, 0.00318913547393,-0.00000000000000, 0.00812999834205, 2.54693429568368, 0.00000000000000, 2.55121641608140,30.56526128006683,    0.00000000000000,
   25,    2, 0.30625000000000, 0.01875000000000, 2.55356182597904, 0.00428212039772, 2.54927970558131, 0.00318913547393,-0.00000000000000, 0.00812999834205, 2.54693429568368, 0.00000000000000, 2.55121641608140,30.56526128006683,    0.00000000000000,
   25,    3, 0.30625000000000, 0.03125000000000, 2.55356182597904, 0.00428212039772, 2.54927970558131, 0.00318913547393,-0.00000000000000, 0.00812999834205, 2.54693429568368, 0.00000000000000, 2.55121641608140,30.56526128006683,    0.00000000000000,
   25,    4, 0.30625000000000, 0.04375000000000, 2.55356182597904, 0.00428212039772, 2.54927970558131, 0.00318913547393,-0.00000000000000, 0.00812999834205, 2.54693429568368, 0.00000000000000, 2.55121641608140,30.56526128006683,    0.00000000000000,
   25,    5, 0.30625000000000, 0.05625000000000, 2.55356182597904, 0.00428212039772, 2.54927970558131, 0.00318913547393,-0.00000000000000, 0.00812999834205, 2.54693429568368, 0.00000000000000, 2.55121641608140,30.56526128006683,    0.00000000000000,
   26,    1, 0.31875000000000, 0.00625000000000, 2.56842088820126, 0.00460861677089, 2.56381227143037, 0.00316936163720,-0.00000000000000, 0.00812564825805, 2.56147815581086, 0.00000000000000, 2.56608677258175,29.03873041293854,    0.00000000000000,
   26,    2, 0.31875000000000, 0.01875000000000, 2.56842088820126, 0.00460861677089, 2.56381227143037, 0.00316936163720,-0.00000000000000, 0.00812564825805, 2.56147815581086, 0.00000000000000, 2.56608677258175,29.03873041293854,    0.00000000000000,
   26,    3, 0.31875000000000, 0.03125000000000, 2.56842088820126, 0.00460861677089, 2.56381227143037, 0.00316936163720,-0.00000000000000, 0.00812564825805, 2.56147815581086, 0.00000000000000, 2.56608677258175,29.03873041293854,    0.00000000000000,
   26,    4, 0.31875000000000, 0.04375000000000, 2.56842088820126, 0.00460861677089, 2.56381227143037, 0.00316936163720,-0.00000000000000, 0.00812564825805, 2.56147815581086, 0.00000000000000, 2.56608677258175,29.03873041293854,    0.00000000000000,
   26,    5, 0.31875000000000, 0.05625000000000, 2.56842088820126, 0.00460861677089, 2.56381227143037, 0.00316936163720,-0.00000000000000, 0.00812564825805, 2.56147815581086, 0.00000000000000, 2.56608677258175,29.03873041293854,    0.00000000000000,
   27,    1, 0.33125000000000, 0.00625000000000, 2.58242329666098, 0.00494342626622, 2.57747987039476, 0.00315086523774,-0.00000000000000, 0.00812129172461, 2.57515625731853, 0.00000000000000, 2.58009968358475,27.43862786868151,    0.00000000000000,
   27,    2, 0.33125000000000, 0.01875000000000, 2.58242329666098, 0.00494342626622, 2.57747987039476, 0.00315086523774,-0.00000000000000, 0.00812129172461, 2.57515625731853, 0.00000000000000, 2.58009968358475,27.43862786868151,    0.00000000000000,
   27,    3, 0.33125000000000, 0.03125000000000, 2.58242329666098, 0.00494342626622, 2.57747987039476, 0.00315086523774,-0.00000000000000, 0.00812129172461, 2.57515625731853, 0.00000000000000, 2.58009968358475,27.43862786868151,    0.00000000000000,
   27,    4, 0.33125000000000, 0.04375000000000, 2.58242329666098, 0.00494342626622, 2.57747987039476, 0.00315086523774,-0.00000000000000, 0.00812129172461, 2.57515625731853, 0.00000000000000, 2.58009968358475,27.43862786868151,    0.00000000000000,
   27,    5, 0.33125000000000, 0.05625000000000, 2.58242329666098, 0.00494342626622, 2.57747987039476, 0.00315086523774,-0.00000000000000, 0.00812129172461, 2.57515625731853, 0.00000000000000, 2.58009968358475,27.43862786868151,    0.00000000000000,
   28,    1, 0.34375000000000, 0.00625000000000, 2.59554743196815, 0.00528603263174, 2.59026139933641, 0.00313363396999,-0.00000000000000, 0.00811693111212, 2.58794750956557, 0.00000000000000, 2.59323354219731,25.76851639884012,    0.00000000000000,
   28,    2, 0.34375000000000, 0.01875000000000, 2.59554743196815, 0.00528603263174, 2.59026139933641, 0.00313363396999,-0.00000000000000, 0.00811693111212, 2.58794750956557, 0.00000000000000, 2.59323354219731,25.76851639884012,    0.00000000000000,
   28,    3, 0.34375000000000, 0.03125000000000, 2.59554743196815, 0.00528603263174, 2.59026139933641, 0.00313363396999,-0.00000000000000, 0.00811693111212, 2.58794750956557, 0.00000000000000, 2.59323354219731,25.76851639884012,    0.00000000000000,
   28,    4, 0.34375000000000, 0.04375000000000, 2.59554743196815, 0.00528603263174, 2.59026139933641, 0.00313363396999,-0.00000000000000, 0.00811693111212, 2.58794750956557, 0.00000000000000, 2.59323354219731,25.76851639884012,    0.00000000000000,
   28,    5, 0.34375000000000, 0.05625000000000, 2.59554743196815, 0.00528603263174, 2.59026139933641, 0.00313363396999,-0.00000000000000, 0.00811693111212, 2.58794750956557, 0.00000000000000, 2.59323354219731,25.76851639884012,    0.00000000000000,
   29,    1, 0.35625000000000, 0.00625000000000, 2.60777303094505, 0.00563590759327, 2.60213712335178, 0.00311765598983, 0.00000000000000, 0.00811256838898, 2.59983218936815, 0.00000000000000, 2.60546809696141,24.03223846335410,    0.00000000000000,
   29,    2, 0.35625000000000, 0.01875000000000, 2.60777303094505, 0.00563590759327, 2.60213712335178, 0.00311765598983, 0.00000000000000, 0.00811256838898, 2.59983218936815, 0.00000000000000, 2.60546809696141,24.03223846335410,    0.00000000000000,
   29,    3, 0.35625000000000, 0.03125000000000, 2.60777303094505, 0.00563590759327, 2.60213712335178, 0.00311765598983, 0.00000000000000, 0.00811256838898, 2.59983218936815, 0.00000000000000, 2.60546809696141,24.03223846335410,    0.00000000000000,
   29,    4, 0.35625000000000, 0.04375000000000, 2.60777303094505, 0.00563590759327, 2.60213712335178, 0.00311765598983, 0.00000000000000, 0.00811256838898, 2.59983218936815, 0.00000000000000, 2.60546809696141,24.03223846335410,    0.00000000000000,
   29,    5, 0.35625000000000, 0.05625000000000, 2.60777303094505, 0.00563590759327, 2.60213712335178, 0.00311765598983, 0.00000000000000, 0.00811256838898, 2.59983218936815, 0.00000000000000, 2.60546809696141,24.03223846335410,    0.00000000000000,
   30,    1, 0.36875000000000, 0.00625000000000, 2.61908121788095, 0.00599251166897, 2.61308870621198, 0.00310291997091,-0.00000000000000, 0.00810820513227, 2.61079197141142, 0.00000000000000, 2.61678448308039,22.23390249262849,    0.00000000000000,
   30,    2, 0.36875000000000, 0.01875000000000, 2.61908121788095, 0.00599251166897, 2.61308870621198, 0.00310291997091,-0.00000000000000, 0.00810820513227, 2.61079197141142, 0.00000000000000, 2.61678448308039,22.23390249262849,    0.00000000000000,
   30,    3, 0.36875000000000, 0.03125000000000, 2.61908121788095, 0.00599251166897, 2.61308870621198, 0.00310291997091,-0.00000000000000, 0.00810820513227, 2.61079197141142, 0.00000000000000, 2.61678448308039,22.23390249262849,    0.00000000000000,
   30,    4, 0.36875000000000, 0.04375000000000, 2.61908121788095, 0.00599251166897, 2.61308870621198, 0.00310291997091,-0.00000000000000, 0.00810820513227, 2.61079197141142, 0.00000000000000, 2.61678448308039,22.23390249262849,    0.00000000000000,
   30,    5, 0.36875000000000, 0.05625000000000, 2.61908121788095, 0.00599251166897, 2.61308870621198, 0.00310291997091,-0.00000000000000, 0.00810820513227, 2.61079197141142, 0.00000000000000, 2.61678448308039,22.23390249262849,    0.00000000000000,
   31,    1, 0.38125000000000, 0.00625000000000, 2.62945453364449, 0.00635529500121, 2.62309923864328, 0.00308941516823,-0.00000000000000, 0.00810384257564, 2.62080995650587, 0.00000000000000, 2.62716525150708,20.37786772871101,    0.00000000000000,
   31,    2, 0.38125000000000, 0.01875000000000, 2.62945453364449, 0.00635529500121, 2.62309923864328, 0.00308941516823,-0.00000000000000, 0.00810384257564, 2.62080995650587, 0.00000000000000, 2.62716525150708,20.37786772871101,    0.00000000000000,
   31,    3, 0.38125000000000, 0.03125000000000, 2.62945453364449, 0.00635529500121, 2.62309923864328, 0.00308941516823,-0.00000000000000, 0.00810384257564, 2.62080995650587, 0.00000000000000, 2.62716525150708,20.37786772871101,    0.00000000000000,
   31,    4, 0.38125000000000, 0.04375000000000, 2.62945453364449, 0.00635529500121, 2.62309923864328, 0.00308941516823,-0.00000000000000, 0.00810384257564, 2.62080995650587, 0.00000000000000, 2.62716525150708,20.37786772871101,    0.00000000000000,
   31,    5, 0.38125000000000, 0.05625000000000, 2.62945453364449, 0.00635529500121, 2.62309923864328, 0.00308941516823,-0.00000000000000, 0.00810384257564, 2.62080995650587, 0.00000000000000, 2.62716525150708,20.37786772871101,    0.00000000000000,
   32,    1, 0.39375000000000, 0.00625000000000, 2.63887696260939, 0.00672369820438, 2.63215326440501, 0.00307713146125, 0.00000000000000, 0.00809948162073, 2.62987069764459, 0.00000000000000, 2.63659439584897,18.46872772335361,    0.00000000000000,
   32,    2, 0.39375000000000, 0.01875000000000, 2.63887696260939, 0.00672369820438, 2.63215326440501, 0.00307713146125, 0.00000000000000, 0.00809948162073, 2.62987069764459, 0.00000000000000, 2.63659439584897,18.46872772335361,    0.00000000000000,
   32,    3, 0.39375000000000, 0.03125000000000, 2.63887696260939, 0.00672369820438, 2.63215326440501, 0.00307713146125, 0.00000000000000, 0.00809948162073, 2.62987069764459, 0.00000000000000, 2.63659439584897,18.46872772335361,    0.00000000000000,
   32,    4, 0.39375000000000, 0.04375000000000, 2.63887696260939, 0.00672369820438, 2.63215326440501, 0.00307713146125, 0.00000000000000, 0.00809948162073, 2.62987069764459, 0.00000000000000, 2.63659439584897,18.46872772335361,    0.00000000000000,
   32,    5, 0.39375000000000, 0.05625000000000, 2.63887696260939, 0.00672369820438, 2.63215326440501, 0.00307713146125, 0.00000000000000, 0.00809948162073, 2.62987069764459, 0.00000000000000, 2.63659439584897,18.46872772335361,    0.00000000000000,
   33,    1, 0.40625000000000, 0.00625000000000, 2.64733395735249, 0.00709715322746, 2.64023680412504, 0.00306605940528,-0.00000000000000, 0.00809512288547, 2.63796022382147, 0.00000000000000, 2.64505737704893,16.51129257870135,    0.00000000000000,
   33,    2, 0.40625000000000, 0.01875000000000, 2.64733395735249, 0.00709715322746, 2.64023680412504, 0.00306605940528,-0.00000000000000, 0.00809512288547, 2.63796022382147, 0.00000000000000, 2.64505737704893,16.51129257870135,    0.00000000000000,
   33,    3, 0.40625000000000, 0.03125000000000, 2.64733395735249, 0.00709715322746, 2.64023680412504, 0.00306605940528,-0.00000000000000, 0.00809512288547, 2.63796022382147, 0.00000000000000, 2.64505737704893,16.51129257870135,    0.00000000000000,
   33,    4, 0.40625000000000, 0.04375000000000, 2.64733395735249, 0.00709715322746, 2.64023680412504, 0.00306605940528,-0.00000000000000, 0.00809512288547, 2.63796022382147, 0.00000000000000, 2.64505737704893,16.51129257870135,    0.00000000000000,
   33,    5, 0.40625000000000, 0.05625000000000, 2.64733395735249, 0.00709715322746, 2.64023680412504, 0.00306605940528,-0.00000000000000, 0.00809512288547, 2.63796022382147, 0.00000000000000, 2.64505737704893,16.51129257870135,    0.00000000000000,
   34,    1, 0.41875000000000, 0.00625000000000, 2.65481246108651, 0.00747508422985, 2.64733737685667, 0.00305619026362,-0.00000000000000, 0.00809076671566, 2.64506606157351, 0.00000000000000, 2.65254114580335,14.51057002381595,    0.00000000000000,
   34,    2, 0.41875000000000, 0.01875000000000, 2.65481246108651, 0.00747508422985, 2.64733737685667, 0.00305619026362,-0.00000000000000, 0.00809076671566, 2.64506606157351, 0.00000000000000, 2.65254114580335,14.51057002381595,    0.00000000000000,
   34,    3, 0.41875000000000, 0.03125000000000, 2.65481246108651, 0.00747508422985, 2.64733737685667, 0.00305619026362,-0.00000000000000, 0.00809076671566, 2.64506606157351, 0.00000000000000, 2.65254114580335,14.51057002381595,    0.00000000000000,
   34,    4, 0.41875000000000, 0.04375000000000, 2.65481246108651, 0.00747508422985, 2.64733737685667, 0.00305619026362,-0.00000000000000, 0.00809076671566, 2.64506606157351, 0.00000000000000, 2.65254114580335,14.51057002381595,    0.00000000000000,
   34,    5, 0.41875000000000, 0.05625000000000, 2.65481246108651, 0.00747508422985, 2.64733737685667, 0.00305619026362,-0.00000000000000, 0.00809076671566, 2.64506606157351, 0.00000000000000, 2.65254114580335,14.51057002381595,    0.00000000000000,
   35,    1, 0.43125000000000, 0.00625000000000, 2.66130092779326, 0.00785690846935, 2.65344401932391, 0.00304751604873, 0.00000000000000, 0.00808641323329, 2.65117725421391, 0.00000000000000, 2.65903416268326,12.47174542715477,    0.00000000000000,
   35,    2, 0.43125000000000, 0.01875000000000, 2.66130092779326, 0.00785690846935, 2.65344401932391, 0.00304751604873, 0.00000000000000, 0.00808641323329, 2.65117725421391, 0.00000000000000, 2.65903416268326,12.47174542715477,    0.00000000000000,
   35,    3, 0.43125000000000, 0.03125000000000, 2.66130092779326, 0.00785690846935, 2.65344401932391, 0.00304751604873, 0.00000000000000, 0.00808641323329, 2.65117725421391, 0.00000000000000, 2.65903416268326,12.47174542715477,    0.00000000000000,
   35,    4, 0.43125000000000, 0.04375000000000, 2.66130092779326, 0.00785690846935, 2.65344401932391, 0.00304751604873, 0.00000000000000, 0.00808641323329, 2.65117725421391, 0.00000000000000, 2.65903416268326,12.47174542715477,    0.00000000000000,
   35,    5, 0.43125000000000, 0.05625000000000, 2.66130092779326, 0.00785690846935, 2.65344401932391, 0.00304751604873, 0.00000000000000, 0.00808641323329, 2.65117725421391, 0.00000000000000, 2.65903416268326,12.47174542715477,    0.00000000000000,
   36,    1, 0.44375000000000, 0.00625000000000, 2.66678934002672, 0.00824203720066, 2.65854730282607, 0.00304002954523,-0.00000000000000, 0.00808206234799, 2.65628437872659, 0.00000000000000, 2.66452641592725,10.40016085144845,    0.00000000000000,
   36,    2, 0.44375000000000, 0.01875000000000, 2.66678934002672, 0.00824203720066, 2.65854730282607, 0.00304002954523,-0.00000000000000, 0.00808206234799, 2.65628437872659, 0.00000000000000, 2.66452641592725,10.40016085144845,    0.00000000000000,
   36,    3, 0.44375000000000, 0.03125000000000, 2.66678934002672, 0.00824203720066, 2.65854730282607, 0.00304002954523,-0.00000000000000, 0.00808206234799, 2.65628437872659, 0.00000000000000, 2.66452641592725,10.40016085144845,    0.00000000000000,
   36,    4, 0.44375000000000, 0.04375000000000, 2.66678934002672, 0.00824203720066, 2.65854730282607, 0.00304002954523,-0.00000000000000, 0.00808206234799, 2.65628437872659, 0.00000000000000, 2.66452641592725,10.40016085144845,    0.00000000000000,
   36,    5, 0.44375000000000, 0.05625000000000, 2.66678934002672, 0.00824203720066, 2.65854730282607, 0.00304002954523,-0.00000000000000, 0.00808206234799, 2.65628437872659, 0.00000000000000, 2.66452641592725,10.40016085144845,    0.00000000000000,
   37,    1, 0.45625000000000, 0.00625000000000, 2.67126922435869, 0.00862987658318, 2.66263934777551, 0.00303372434267, 0.00000000000000, 0.00807771380509, 2.66037956029572, 0.00000000000000, 2.66900943687890, 8.30129326311183,    0.00000000000000,
   37,    2, 0.45625000000000, 0.01875000000000, 2.67126922435869, 0.00862987658318, 2.66263934777551, 0.00303372434267, 0.00000000000000, 0.00807771380509, 2.66037956029572, 0.00000000000000, 2.66900943687890, 8.30129326311183,    0.00000000000000,
   37,    3, 0.45625000000000, 0.03125000000000, 2.67126922435869, 0.00862987658318, 2.66263934777551, 0.00303372434267, 0.00000000000000, 0.00807771380509, 2.66037956029572, 0.00000000000000, 2.66900943687890, 8.30129326311183,    0.00000000000000,
   37,    4, 0.45625000000000, 0.04375000000000, 2.67126922435869, 0.00862987658318, 2.66263934777551, 0.00303372434267, 0.00000000000000, 0.00807771380509, 2.66037956029572, 0.00000000000000, 2.66900943687890, 8.30129326311183,    0.00000000000000,
   37,    5, 0.45625000000000, 0.05625000000000, 2.67126922435869, 0.00862987658318, 2.66263934777551, 0.00303372434267, 0.00000000000000, 0.00807771380509, 2.66037956029572, 0.00000000000000, 2.66900943687890, 8.30129326311183,    0.00000000000000,
   38,    1, 0.46875000000000, 0.00625000000000, 2.67473366444347, 0.00901982859670, 2.66571383584676, 0.00302859485076,-0.00000000000000, 0.00807336719685, 2.66345648444813, 0.00000000000000, 2.67247631304484, 6.18073201334983,    0.00000000000000,
   38,    2, 0.46875000000000, 0.01875000000000, 2.67473366444347, 0.00901982859670, 2.66571383584676, 0.00302859485076,-0.00000000000000, 0.00807336719685, 2.66345648444813, 0.00000000000000, 2.67247631304484, 6.18073201334983,    0.00000000000000,
   38,    3, 0.46875000000000, 0.03125000000000, 2.67473366444347, 0.00901982859670, 2.66571383584676, 0.00302859485076,-0.00000000000000, 0.00807336719685, 2.66345648444813, 0.00000000000000, 2.67247631304484, 6.18073201334983,    0.00000000000000,
   38,    4, 0.46875000000000, 0.04375000000000, 2.67473366444347, 0.00901982859670, 2.66571383584676, 0.00302859485076,-0.00000000000000, 0.00807336719685, 2.66345648444813, 0.00000000000000, 2.67247631304484, 6.18073201334983,    0.00000000000000,
   38,    5, 0.46875000000000, 0.05625000000000, 2.67473366444347, 0.00901982859670, 2.66571383584676, 0.00302859485076,-0.00000000000000, 0.00807336719685, 2.66345648444813, 0.00000000000000, 2.67247631304484, 6.18073201334983,    0.00000000000000,
   39,    1, 0.48125000000000, 0.00625000000000, 2.67717731168174, 0.00941129196349, 2.66776601971826, 0.00302463632514,-0.00000000000000, 0.00806902201021, 2.66551040678981, 0.00000000000000, 2.67492169875330, 4.04415571245017,    0.00000000000000,
   39,    2, 0.48125000000000, 0.01875000000000, 2.67717731168174, 0.00941129196349, 2.66776601971826, 0.00302463632514,-0.00000000000000, 0.00806902201021, 2.66551040678981, 0.00000000000000, 2.67492169875330, 4.04415571245017,    0.00000000000000,
   39,    3, 0.48125000000000, 0.03125000000000, 2.67717731168174, 0.00941129196349, 2.66776601971826, 0.00302463632514,-0.00000000000000, 0.00806902201021, 2.66551040678981, 0.00000000000000, 2.67492169875330, 4.04415571245017,    0.00000000000000,
   39,    4, 0.48125000000000, 0.04375000000000, 2.67717731168174, 0.00941129196349, 2.66776601971826, 0.00302463632514,-0.00000000000000, 0.00806902201021, 2.66551040678981, 0.00000000000000, 2.67492169875330, 4.04415571245017,    0.00000000000000,
   39,    5, 0.48125000000000, 0.05625000000000, 2.67717731168174, 0.00941129196349, 2.66776601971826, 0.00302463632514,-0.00000000000000, 0.00806902201021, 2.66551040678981, 0.00000000000000, 2.67492169875330, 4.04415571245017,    0.00000000000000,
   40,    1, 0.49375000000000, 0.00625000000000, 2.67859639346710, 0.00980366307539, 2.66879273039170, 0.00302184487614,-0.00000000000000, 0.00806467763781, 2.66653816032138, 0.00000000000000, 2.67634182339677, 1.89730862236416,    0.00000000000000,
   40,    2, 0.49375000000000, 0.01875000000000, 2.67859639346710, 0.00980366307539, 2.66879273039170, 0.00302184487614,-0.00000000000000, 0.00806467763781, 2.66653816032138, 0.00000000000000, 2.67634182339677, 1.89730862236416,    0.00000000000000,
   40,    3, 0.49375000000000, 0.03125000000000, 2.67859639346710, 0.00980366307539, 2.66879273039170, 0.00302184487614,-0.00000000000000, 0.00806467763781, 2.66653816032138, 0.00000000000000, 2.67634182339677, 1.89730862236416,    0.00000000000000,
   40,    4, 0.49375000000000, 0.04375000000000, 2.67859639346710, 0.00980366307539, 2.66879273039170, 0.00302184487614,-0.00000000000000, 0.00806467763781, 2.66653816032138, 0.00000000000000, 2.67634182339677, 1.89730862236416,    0.00000000000000,
   40,    5, 0.49375000000000, 0.05625000000000, 2.67859639346710, 0.00980366307539, 2.66879273039170, 0.00302184487614,-0.00000000000000, 0.00806467763781, 2.66653816032138, 0.00000000000000, 2.67634182339677, 1.89730862236416,    0.00000000000000,
   41,    1, 0.50625000000000, 0.00625000000000, 2.67898871900290, 0.01019633692461, 2.66879238207829, 0.00302021748851,-0.00000000000000, 0.00806033342556, 2.66653816032138, 0.00000000000000, 2.67673449724598,-0.25402330446030,    0.00000000000000,
   41,    2, 0.50625000000000, 0.01875000000000, 2.67898871900290, 0.01019633692461, 2.66879238207829, 0.00302021748851,-0.00000000000000, 0.00806033342556, 2.66653816032138, 0.00000000000000, 2.67673449724598,-0.25402330446030,    0.00000000000000,
   41,    3, 0.50625000000000, 0.03125000000000, 2.67898871900290, 0.01019633692461, 2.66879238207829, 0.00302021748851,-0.00000000000000, 0.00806033342556, 2.66653816032138, 0.00000000000000, 2.67673449724598,-0.25402330446030,    0.00000000000000,
   41,    4, 0.50625000000000, 0.04375000000000, 2.67898871900290, 0.01019633692461, 2.66879238207829, 0.00302021748851,-0.00000000000000, 0.00806033342556, 2.66653816032138, 0.00000000000000, 2.67673449724598,-0.25402330446030,    0.00000000000000,
   41,    5, 0.50625000000000, 0.05625000000000, 2.67898871900290, 0.01019633692461, 2.66879238207829, 0.00302021748851,-0.00000000000000, 0.00806033342556, 2.66653816032138, 0.00000000000000, 2.67673449724598,-0.25402330446030,    0.00000000000000,
   42,    1, 0.51875000000000, 0.00625000000000, 2.67835368268047, 0.01058870803651, 2.66776497464396, 0.00301975202465,-0.00000000000000, 0.00805598868346, 2.66551040678981, 0.00000000000000, 2.67609911482632,-2.40403660992582,    0.00000000000000,
   42,    2, 0.51875000000000, 0.01875000000000, 2.67835368268047, 0.01058870803651, 2.66776497464396, 0.00301975202465,-0.00000000000000, 0.00805598868346, 2.66551040678981, 0.00000000000000, 2.67609911482632,-2.40403660992582,    0.00000000000000,
   42,    3, 0.51875000000000, 0.03125000000000, 2.67835368268047, 0.01058870803651, 2.66776497464396, 0.00301975202465,-0.00000000000000, 0.00805598868346, 2.66551040678981, 0.00000000000000, 2.67609911482632,-2.40403660992582,    0.00000000000000,
   42,    4, 0.51875000000000, 0.04375000000000, 2.67835368268047, 0.01058870803651, 2.66776497464396, 0.00301975202465,-0.00000000000000, 0.00805598868346, 2.66551040678981, 0.00000000000000, 2.67609911482632,-2.40403660992582,    0.00000000000000,
   42,    5, 0.51875000000000, 0.05625000000000, 2.67835368268047, 0.01058870803651, 2.66776497464396, 0.00301975202465,-0.00000000000000, 0.00805598868346, 2.66551040678981, 0.00000000000000, 2.67609911482632,-2.40403660992582,    0.00000000000000,
   43,    1, 0.53125000000000, 0.00625000000000, 2.67669226501334, 0.01098017140330, 2.66571209361004, 0.00302044723902,-0.00000000000000, 0.00805164273316, 2.66345648444813, 0.00000000000000, 2.67443665585143,-4.54693460741802,    0.00000000000000,
   43,    2, 0.53125000000000, 0.01875000000000, 2.67669226501334, 0.01098017140330, 2.66571209361004, 0.00302044723902,-0.00000000000000, 0.00805164273316, 2.66345648444813, 0.00000000000000, 2.67443665585143,-4.54693460741802,    0.00000000000000,
   43,    3, 0.53125000000000, 0.03125000000000, 2.67669226501334, 0.01098017140330, 2.66571209361004, 0.00302044723902,-0.00000000000000, 0.00805164273316, 2.66345648444813, 0.00000000000000, 2.67443665585143,-4.54693460741802,    0.00000000000000,
   43,    4, 0.53125000000000, 0.04375000000000, 2.67669226501334, 0.01098017140330, 2.66571209361004, 0.00302044723902,-0.00000000000000, 0.00805164273316, 2.66345648444813, 0.00000000000000, 2.67443665585143,-4.54693460741802,    0.00000000000000,
   43,    5, 0.53125000000000, 0.05625000000000, 2.67669226501334, 0.01098017140330, 2.66571209361004, 0.00302044723902,-0.00000000000000, 0.00805164273316, 2.66345648444813, 0.00000000000000, 2.67443665585143,-4.54693460741802,    0.00000000000000,
   44,    1, 0.54375000000000, 0.00625000000000, 2.67400703112631, 0.01137012341682, 2.66263690770949, 0.00302230277642,-0.00000000000000, 0.00804729491876, 2.66037956029572, 0.00000000000000, 2.67174968371254,-6.67695161928420,    0.00000000000000,
   44,    2, 0.54375000000000, 0.01875000000000, 2.67400703112631, 0.01137012341682, 2.66263690770949, 0.00302230277642,-0.00000000000000, 0.00804729491876, 2.66037956029572, 0.00000000000000, 2.67174968371254,-6.67695161928420,    0.00000000000000,
   44,    3, 0.54375000000000, 0.03125000000000, 2.67400703112631, 0.01137012341682, 2.66263690770949, 0.00302230277642,-0.00000000000000, 0.00804729491876, 2.66037956029572, 0.00000000000000, 2.67174968371254,-6.67695161928420,    0.00000000000000,
   44,    4, 0.54375000000000, 0.04375000000000, 2.67400703112631, 0.01137012341682, 2.66263690770949, 0.00302230277642,-0.00000000000000, 0.00804729491876, 2.66037956029572, 0.00000000000000, 2.67174968371254,-6.67695161928420,    0.00000000000000,
   44,    5, 0.54375000000000, 0.05625000000000, 2.67400703112631, 0.01137012341682, 2.66263690770949, 0.00302230277642,-0.00000000000000, 0.00804729491876, 2.66037956029572, 0.00000000000000, 2.67174968371254,-6.67695161928420,    0.00000000000000,
   45,    1, 0.55625000000000, 0.00625000000000, 2.67030212680154, 0.01175796279934, 2.65854416400219, 0.00302531918162,-0.00000000000000, 0.00804294465453, 2.65628437872659, 0.00000000000000, 2.66804234152594,-8.78837704295930,    0.00000000000000,
   45,    2, 0.55625000000000, 0.01875000000000, 2.67030212680154, 0.01175796279934, 2.65854416400219, 0.00302531918162,-0.00000000000000, 0.00804294465453, 2.65628437872659, 0.00000000000000, 2.66804234152594,-8.78837704295930,    0.00000000000000,
   45,    3, 0.55625000000000, 0.03125000000000, 2.67030212680154, 0.01175796279934, 2.65854416400219, 0.00302531918162,-0.00000000000000, 0.00804294465453, 2.65628437872659, 0.00000000000000, 2.66804234152594,-8.78837704295930,    0.00000000000000,
   45,    4, 0.55625000000000, 0.04375000000000, 2.67030212680154, 0.01175796279934, 2.65854416400219, 0.00302531918162,-0.00000000000000, 0.00804294465453, 2.65628437872659, 0.00000000000000, 2.66804234152594,-8.78837704295930,    0.00000000000000,
   45,    5, 0.55625000000000, 0.05625000000000, 2.67030212680154, 0.01175796279934, 2.65854416400219, 0.00302531918162,-0.00000000000000, 0.00804294465453, 2.65628437872659, 0.00000000000000, 2.66804234152594,-8.78837704295930,    0.00000000000000,
   46,    1, 0.56875000000000, 0.00625000000000, 2.66558327208771, 0.01214309153065, 2.65344018055706, 0.00302949789288, 0.00000000000000, 0.00803859143587, 2.65117725421391, 0.00000000000000, 2.66332034574457,*****************,    0.00000000000000,
   46,    2, 0.56875000000000, 0.01875000000000, 2.66558327208771, 0.01214309153065, 2.65344018055706, 0.00302949789288, 0.00000000000000, 0.00803859143587, 2.65117725421391, 0.00000000000000, 2.66332034574457,*****************,    0.00000000000000,
   46,    3, 0.56875000000000, 0.03125000000000, 2.66558327208771, 0.01214309153065, 2.65344018055706, 0.00302949789288, 0.00000000000000, 0.00803859143587, 2.65117725421391, 0.00000000000000, 2.66332034574457,*****************,    0.00000000000000,
   46,    4, 0.56875000000000, 0.04375000000000, 2.66558327208771, 0.01214309153065, 2.65344018055706, 0.00302949789288, 0.00000000000000, 0.00803859143587, 2.65117725421391, 0.00000000000000, 2.66332034574457,*****************,    0.00000000000000,
   46,    5, 0.56875000000000, 0.05625000000000, 2.66558327208771, 0.01214309153065, 2.65344018055706, 0.00302949789288, 0.00000000000000, 0.00803859143587, 2.65117725421391, 0.00000000000000, 2.66332034574457,*****************,    0.00000000000000,
   47,    1, 0.58125000000000, 0.00625000000000, 2.65985775248198, 0.01252491577015, 2.64733283671183, 0.00303484124695,-0.00000000000000, 0.00803423488725, 2.64506606157351, 0.00000000000000, 2.65759097734366,*****************,    0.00000000000000,
   47,    2, 0.58125000000000, 0.01875000000000, 2.65985775248198, 0.01252491577015, 2.64733283671183, 0.00303484124695,-0.00000000000000, 0.00803423488725, 2.64506606157351, 0.00000000000000, 2.65759097734366,*****************,    0.00000000000000,
   47,    3, 0.58125000000000, 0.03125000000000, 2.65985775248198, 0.01252491577015, 2.64733283671183, 0.00303484124695,-0.00000000000000, 0.00803423488725, 2.64506606157351, 0.00000000000000, 2.65759097734366,*****************,    0.00000000000000,
   47,    4, 0.58125000000000, 0.04375000000000, 2.65985775248198, 0.01252491577015, 2.64733283671183, 0.00303484124695,-0.00000000000000, 0.00803423488725, 2.64506606157351, 0.00000000000000, 2.65759097734366,*****************,    0.00000000000000,
   47,    5, 0.58125000000000, 0.05625000000000, 2.65985775248198, 0.01252491577015, 2.64733283671183, 0.00303484124695,-0.00000000000000, 0.00803423488725, 2.64506606157351, 0.00000000000000, 2.65759097734366,*****************,    0.00000000000000,
   48,    1, 0.59375000000000, 0.00625000000000, 2.65313440769831, 0.01290284677254, 2.64023156092577, 0.00304135246786,-0.00000000000000, 0.00802987477354, 2.63796022382147, 0.00000000000000, 2.65086307059402,*****************,    0.00000000000000,
   48,    2, 0.59375000000000, 0.01875000000000, 2.65313440769831, 0.01290284677254, 2.64023156092577, 0.00304135246786,-0.00000000000000, 0.00802987477354, 2.63796022382147, 0.00000000000000, 2.65086307059402,*****************,    0.00000000000000,
   48,    3, 0.59375000000000, 0.03125000000000, 2.65313440769831, 0.01290284677254, 2.64023156092577, 0.00304135246786,-0.00000000000000, 0.00802987477354, 2.63796022382147, 0.00000000000000, 2.65086307059402,*****************,    0.00000000000000,
   48,    4, 0.59375000000000, 0.04375000000000, 2.65313440769831, 0.01290284677254, 2.64023156092577, 0.00304135246786,-0.00000000000000, 0.00802987477354, 2.63796022382147, 0.00000000000000, 2.65086307059402,*****************,    0.00000000000000,
   48,    5, 0.59375000000000, 0.05625000000000, 2.65313440769831, 0.01290284677254, 2.64023156092577, 0.00304135246786,-0.00000000000000, 0.00802987477354, 2.63796022382147, 0.00000000000000, 2.65086307059402,*****************,    0.00000000000000,
   49,    1, 0.60625000000000, 0.00625000000000, 2.64542361803923, 0.01327630179562, 2.63214731624361, 0.00304903566710,-0.00000000000000, 0.00802551104828, 2.62987069764459, 0.00000000000000, 2.64314699944020,*****************,    0.00000000000000,
   49,    2, 0.60625000000000, 0.01875000000000, 2.64542361803923, 0.01327630179562, 2.63214731624361, 0.00304903566710,-0.00000000000000, 0.00802551104828, 2.62987069764459, 0.00000000000000, 2.64314699944020,*****************,    0.00000000000000,
   49,    3, 0.60625000000000, 0.03125000000000, 2.64542361803923, 0.01327630179562, 2.63214731624361, 0.00304903566710,-0.00000000000000, 0.00802551104828, 2.62987069764459, 0.00000000000000, 2.64314699944020,*****************,    0.00000000000000,
   49,    4, 0.60625000000000, 0.04375000000000, 2.64542361803923, 0.01327630179562, 2.63214731624361, 0.00304903566710,-0.00000000000000, 0.00802551104828, 2.62987069764459, 0.00000000000000, 2.64314699944020,*****************,    0.00000000000000,
   49,    5, 0.60625000000000, 0.05625000000000, 2.64542361803923, 0.01327630179562, 2.63214731624361, 0.00304903566710,-0.00000000000000, 0.00802551104828, 2.62987069764459, 0.00000000000000, 2.64314699944020,*****************,    0.00000000000000,
   50,    1, 0.61875000000000, 0.00625000000000, 2.63673728839178, 0.01364470499879, 2.62309258339299, 0.00305789582730,-0.00000000000000, 0.00802114386538, 2.62080995650587, 0.00000000000000, 2.63445466150466,*****************,    0.00000000000000,
   50,    2, 0.61875000000000, 0.01875000000000, 2.63673728839178, 0.01364470499879, 2.62309258339299, 0.00305789582730,-0.00000000000000, 0.00802114386538, 2.62080995650587, 0.00000000000000, 2.63445466150466,*****************,    0.00000000000000,
   50,    3, 0.61875000000000, 0.03125000000000, 2.63673728839178, 0.01364470499879, 2.62309258339299, 0.00305789582730,-0.00000000000000, 0.00802114386538, 2.62080995650587, 0.00000000000000, 2.63445466150466,*****************,    0.00000000000000,
   50,    4, 0.61875000000000, 0.04375000000000, 2.63673728839178, 0.01364470499879, 2.62309258339299, 0.00305789582730,-0.00000000000000, 0.00802114386538, 2.62080995650587, 0.00000000000000, 2.63445466150466,*****************,    0.00000000000000,
   50,    5, 0.61875000000000, 0.05625000000000, 2.63673728839178, 0.01364470499879, 2.62309258339299, 0.00305789582730,-0.00000000000000, 0.00802114386538, 2.62080995650587, 0.00000000000000, 2.63445466150466,*****************,    0.00000000000000,
   51,    1, 0.63125000000000, 0.00625000000000, 2.62708882987224, 0.01400748833103, 2.61308134154121, 0.00306793879711,-0.00000000000000, 0.00801677362771, 2.61079197141142, 0.00000000000000, 2.62479945974246,*****************,    0.00000000000000,
   51,    2, 0.63125000000000, 0.01875000000000, 2.62708882987224, 0.01400748833103, 2.61308134154121, 0.00306793879711,-0.00000000000000, 0.00801677362771, 2.61079197141142, 0.00000000000000, 2.62479945974246,*****************,    0.00000000000000,
   51,    3, 0.63125000000000, 0.03125000000000, 2.62708882987224, 0.01400748833103, 2.61308134154121, 0.00306793879711,-0.00000000000000, 0.00801677362771, 2.61079197141142, 0.00000000000000, 2.62479945974246,*****************,    0.00000000000000,
   51,    4, 0.63125000000000, 0.04375000000000, 2.62708882987224, 0.01400748833103, 2.61308134154121, 0.00306793879711,-0.00000000000000, 0.00801677362771, 2.61079197141142, 0.00000000000000, 2.62479945974246,*****************,    0.00000000000000,
   51,    5, 0.63125000000000, 0.05625000000000, 2.62708882987224, 0.01400748833103, 2.61308134154121, 0.00306793879711,-0.00000000000000, 0.00801677362771, 2.61079197141142, 0.00000000000000, 2.62479945974246,*****************,    0.00000000000000,
   52,    1, 0.64375000000000, 0.00625000000000, 2.61649313914744, 0.01436409240673, 2.60212904674071, 0.00307917126905, 0.00000000000000, 0.00801240099908, 2.59983218936815, 0.00000000000000, 2.61419628177488,*****************,    0.00000000000000,
   52,    2, 0.64375000000000, 0.01875000000000, 2.61649313914744, 0.01436409240673, 2.60212904674071, 0.00307917126905, 0.00000000000000, 0.00801240099908, 2.59983218936815, 0.00000000000000, 2.61419628177488,*****************,    0.00000000000000,
   52,    3, 0.64375000000000, 0.03125000000000, 2.61649313914744, 0.01436409240673, 2.60212904674071, 0.00307917126905, 0.00000000000000, 0.00801240099908, 2.59983218936815, 0.00000000000000, 2.61419628177488,*****************,    0.00000000000000,
   52,    4, 0.64375000000000, 0.04375000000000, 2.61649313914744, 0.01436409240673, 2.60212904674071, 0.00307917126905, 0.00000000000000, 0.00801240099908, 2.59983218936815, 0.00000000000000, 2.61419628177488,*****************,    0.00000000000000,
   52,    5, 0.64375000000000, 0.05625000000000, 2.61649313914744, 0.01436409240673, 2.60212904674071, 0.00307917126905, 0.00000000000000, 0.00801240099908, 2.59983218936815, 0.00000000000000, 2.61419628177488,*****************,    0.00000000000000,
   53,    1, 0.65625000000000, 0.00625000000000, 2.60496657546433, 0.01471396736826, 2.59025260809607, 0.00309160076821,-0.00000000000000, 0.00800802695305, 2.58794750956557, 0.00000000000000, 2.60266147693383,*****************,    0.00000000000000,
   53,    2, 0.65625000000000, 0.01875000000000, 2.60496657546433, 0.01471396736826, 2.59025260809607, 0.00309160076821,-0.00000000000000, 0.00800802695305, 2.58794750956557, 0.00000000000000, 2.60266147693383,*****************,    0.00000000000000,
   53,    3, 0.65625000000000, 0.03125000000000, 2.60496657546433, 0.01471396736826, 2.59025260809607, 0.00309160076821,-0.00000000000000, 0.00800802695305, 2.58794750956557, 0.00000000000000, 2.60266147693383,*****************,    0.00000000000000,
   53,    4, 0.65625000000000, 0.04375000000000, 2.60496657546433, 0.01471396736826, 2.59025260809607, 0.00309160076821,-0.00000000000000, 0.00800802695305, 2.58794750956557, 0.00000000000000, 2.60266147693383,*****************,    0.00000000000000,
   53,    5, 0.65625000000000, 0.05625000000000, 2.60496657546433, 0.01471396736826, 2.59025260809607, 0.00309160076821,-0.00000000000000, 0.00800802695305, 2.58794750956557, 0.00000000000000, 2.60266147693383,*****************,    0.00000000000000,
   54,    1, 0.66875000000000, 0.00625000000000, 2.59252693542267, 0.01505657373378, 2.57747036168889, 0.00310523562321, 0.00000000000000, 0.00800365278488, 2.57515625731853, 0.00000000000000, 2.59021283105231,*****************,    0.00000000000000,
   54,    2, 0.66875000000000, 0.01875000000000, 2.59252693542267, 0.01505657373378, 2.57747036168889, 0.00310523562321, 0.00000000000000, 0.00800365278488, 2.57515625731853, 0.00000000000000, 2.59021283105231,*****************,    0.00000000000000,
   54,    3, 0.66875000000000, 0.03125000000000, 2.59252693542267, 0.01505657373378, 2.57747036168889, 0.00310523562321, 0.00000000000000, 0.00800365278488, 2.57515625731853, 0.00000000000000, 2.59021283105231,*****************,    0.00000000000000,
   54,    4, 0.66875000000000, 0.04375000000000, 2.59252693542267, 0.01505657373378, 2.57747036168889, 0.00310523562321, 0.00000000000000, 0.00800365278488, 2.57515625731853, 0.00000000000000, 2.59021283105231,*****************,    0.00000000000000,
   54,    5, 0.66875000000000, 0.05625000000000, 2.59252693542267, 0.01505657373378, 2.57747036168889, 0.00310523562321, 0.00000000000000, 0.00800365278488, 2.57515625731853, 0.00000000000000, 2.59021283105231,*****************,    0.00000000000000,
   55,    1, 0.68125000000000, 0.00625000000000, 2.57919342552943, 0.01539138322911, 2.56380204230032, 0.00312008494736, 0.00000000000000, 0.00799928016018, 2.56147815581086, 0.00000000000000, 2.57686953903997,*****************,    0.00000000000000,
   55,    2, 0.68125000000000, 0.01875000000000, 2.57919342552943, 0.01539138322911, 2.56380204230032, 0.00312008494736, 0.00000000000000, 0.00799928016018, 2.56147815581086, 0.00000000000000, 2.57686953903997,*****************,    0.00000000000000,
   55,    3, 0.68125000000000, 0.03125000000000, 2.57919342552943, 0.01539138322911, 2.56380204230032, 0.00312008494736, 0.00000000000000, 0.00799928016018, 2.56147815581086, 0.00000000000000, 2.57686953903997,*****************,    0.00000000000000,
   55,    4, 0.68125000000000, 0.04375000000000, 2.57919342552943, 0.01539138322911, 2.56380204230032, 0.00312008494736, 0.00000000000000, 0.00799928016018, 2.56147815581086, 0.00000000000000, 2.57686953903997,*****************,    0.00000000000000,
   55,    5, 0.68125000000000, 0.05625000000000, 2.57919342552943, 0.01539138322911, 2.56380204230032, 0.00312008494736, 0.00000000000000, 0.00799928016018, 2.56147815581086, 0.00000000000000, 2.57686953903997,*****************,    0.00000000000000,
   56,    1, 0.69375000000000, 0.00625000000000, 2.56498663257653, 0.01571787960228, 2.54926875297425, 0.00313615860121, 0.00000000000000, 0.00799491112642, 2.54693429568368, 0.00000000000000, 2.56265217528595,*****************,    0.00000000000000,
   56,    2, 0.69375000000000, 0.01875000000000, 2.56498663257653, 0.01571787960228, 2.54926875297425, 0.00313615860121, 0.00000000000000, 0.00799491112642, 2.54693429568368, 0.00000000000000, 2.56265217528595,*****************,    0.00000000000000,
   56,    3, 0.69375000000000, 0.03125000000000, 2.56498663257653, 0.01571787960228, 2.54926875297425, 0.00313615860121, 0.00000000000000, 0.00799491112642, 2.54693429568368, 0.00000000000000, 2.56265217528595,*****************,    0.00000000000000,
   56,    4, 0.69375000000000, 0.04375000000000, 2.56498663257653, 0.01571787960228, 2.54926875297425, 0.00313615860121, 0.00000000000000, 0.00799491112642, 2.54693429568368, 0.00000000000000, 2.56265217528595,*****************,    0.00000000000000,
   56,    5, 0.69375000000000, 0.05625000000000, 2.56498663257653, 0.01571787960228, 2.54926875297425, 0.00313615860121, 0.00000000000000, 0.00799491112642, 2.54693429568368, 0.00000000000000, 2.56265217528595,*****************,    0.00000000000000,
   57,    1, 0.70625000000000, 0.00625000000000, 2.54992849188700, 0.01603555941954, 2.53389293246746, 0.00315346716445, 0.00000000000000, 0.00799054816077, 2.53154710251514, 0.00000000000000, 2.54758266193467,*****************,    0.00000000000000,
   57,    2, 0.70625000000000, 0.01875000000000, 2.54992849188700, 0.01603555941954, 2.53389293246746, 0.00315346716445, 0.00000000000000, 0.00799054816077, 2.53154710251514, 0.00000000000000, 2.54758266193467,*****************,    0.00000000000000,
   57,    3, 0.70625000000000, 0.03125000000000, 2.54992849188700, 0.01603555941954, 2.53389293246746, 0.00315346716445, 0.00000000000000, 0.00799054816077, 2.53154710251514, 0.00000000000000, 2.54758266193467,*****************,    0.00000000000000,
   57,    4, 0.70625000000000, 0.04375000000000, 2.54992849188700, 0.01603555941954, 2.53389293246746, 0.00315346716445, 0.00000000000000, 0.00799054816077, 2.53154710251514, 0.00000000000000, 2.54758266193467,*****************,    0.00000000000000,
   57,    5, 0.70625000000000, 0.05625000000000, 2.54992849188700, 0.01603555941954, 2.53389293246746, 0.00315346716445, 0.00000000000000, 0.00799054816077, 2.53154710251514, 0.00000000000000, 2.54758266193467,*****************,    0.00000000000000,
   58,    1, 0.71875000000000, 0.00625000000000, 2.53404225347798, 0.01634393284164, 2.51769832063634, 0.00317202188798, 0.00000000000000, 0.00798619418039, 2.51534030224182, 0.00000000000000, 2.53168423508346,*****************,    0.00000000000000,
   58,    2, 0.71875000000000, 0.01875000000000, 2.53404225347798, 0.01634393284164, 2.51769832063634, 0.00317202188798, 0.00000000000000, 0.00798619418039, 2.51534030224182, 0.00000000000000, 2.53168423508346,*****************,    0.00000000000000,
   58,    3, 0.71875000000000, 0.03125000000000, 2.53404225347798, 0.01634393284164, 2.51769832063634, 0.00317202188798, 0.00000000000000, 0.00798619418039, 2.51534030224182, 0.00000000000000, 2.53168423508346,*****************,    0.00000000000000,
   58,    4, 0.71875000000000, 0.04375000000000, 2.53404225347798, 0.01634393284164, 2.51769832063634, 0.00317202188798, 0.00000000000000, 0.00798619418039, 2.51534030224182, 0.00000000000000, 2.53168423508346,*****************,    0.00000000000000,
   58,    5, 0.71875000000000, 0.05625000000000, 2.53404225347798, 0.01634393284164, 2.51769832063634, 0.00317202188798, 0.00000000000000, 0.00798619418039, 2.51534030224182, 0.00000000000000, 2.53168423508346,*****************,    0.00000000000000,
   59,    1, 0.73125000000000, 0.00625000000000, 2.51735244619167, 0.01664252437911, 2.50070992181256, 0.00319183465423, 0.00000000000000, 0.00798185258861, 2.49833888457506, 0.00000000000000, 2.51498140895418,*****************,    0.00000000000000,
   59,    2, 0.73125000000000, 0.01875000000000, 2.51735244619167, 0.01664252437911, 2.50070992181256, 0.00319183465423, 0.00000000000000, 0.00798185258861, 2.49833888457506, 0.00000000000000, 2.51498140895418,*****************,    0.00000000000000,
   59,    3, 0.73125000000000, 0.03125000000000, 2.51735244619167, 0.01664252437911, 2.50070992181256, 0.00319183465423, 0.00000000000000, 0.00798185258861, 2.49833888457506, 0.00000000000000, 2.51498140895418,*****************,    0.00000000000000,
   59,    4, 0.73125000000000, 0.04375000000000, 2.51735244619167, 0.01664252437911, 2.50070992181256, 0.00319183465423, 0.00000000000000, 0.00798185258861, 2.49833888457506, 0.00000000000000, 2.51498140895418,*****************,    0.00000000000000,
   59,    5, 0.73125000000000, 0.05625000000000, 2.51735244619167, 0.01664252437911, 2.50070992181256, 0.00319183465423, 0.00000000000000, 0.00798185258861, 2.49833888457506, 0.00000000000000, 2.51498140895418,*****************,    0.00000000000000,
   60,    1, 0.74375000000000, 0.00625000000000, 2.49988483984904, 0.01693087362546, 2.48295396622359, 0.00321291791610,-0.00000000000000, 0.00797752728293, 2.48056906446861, 0.00000000000000, 2.49749993809407,*****************,    0.00000000000000,
   60,    2, 0.74375000000000, 0.01875000000000, 2.49988483984904, 0.01693087362546, 2.48295396622359, 0.00321291791610,-0.00000000000000, 0.00797752728293, 2.48056906446861, 0.00000000000000, 2.49749993809407,*****************,    0.00000000000000,
   60,    3, 0.74375000000000, 0.03125000000000, 2.49988483984904, 0.01693087362546, 2.48295396622359, 0.00321291791610,-0.00000000000000, 0.00797752728293, 2.48056906446861, 0.00000000000000, 2.49749993809407,*****************,    0.00000000000000,
   60,    4, 0.74375000000000, 0.04375000000000, 2.49988483984904, 0.01693087362546, 2.48295396622359, 0.00321291791610,-0.00000000000000, 0.00797752728293, 2.48056906446861, 0.00000000000000, 2.49749993809407,*****************,    0.00000000000000,
   60,    5, 0.74375000000000, 0.05625000000000, 2.49988483984904, 0.01693087362546, 2.48295396622359, 0.00321291791610,-0.00000000000000, 0.00797752728293, 2.48056906446861, 0.00000000000000, 2.49749993809407,*****************,    0.00000000000000,
   61,    1, 0.75625000000000, 0.00625000000000, 2.48166640548333, 0.01720853596703, 2.46445786951630, 0.00323528464287,-0.00000000000000, 0.00797322269825, 2.46205824169709, 0.00000000000000, 2.47926677766412,*****************,    0.00000000000000,
   61,    2, 0.75625000000000, 0.01875000000000, 2.48166640548333, 0.01720853596703, 2.46445786951630, 0.00323528464287,-0.00000000000000, 0.00797322269825, 2.46205824169709, 0.00000000000000, 2.47926677766412,*****************,    0.00000000000000,
   61,    3, 0.75625000000000, 0.03125000000000, 2.48166640548333, 0.01720853596703, 2.46445786951630, 0.00323528464287,-0.00000000000000, 0.00797322269825, 2.46205824169709, 0.00000000000000, 2.47926677766412,*****************,    0.00000000000000,
   61,    4, 0.75625000000000, 0.04375000000000, 2.48166640548333, 0.01720853596703, 2.46445786951630, 0.00323528464287,-0.00000000000000, 0.00797322269825, 2.46205824169709, 0.00000000000000, 2.47926677766412,*****************,    0.00000000000000,
   61,    5, 0.75625000000000, 0.05625000000000, 2.48166640548333, 0.01720853596703, 2.46445786951630, 0.00323528464287,-0.00000000000000, 0.00797322269825, 2.46205824169709, 0.00000000000000, 2.47926677766412,*****************,    0.00000000000000,
   62,    1, 0.76875000000000, 0.00625000000000, 2.46272527371396, 0.01747508326863, 2.44525019044533, 0.00325894824277,-0.00000000000000, 0.00796894381129, 2.44283495860752, 0.00000000000000, 2.46031004187615,*****************,    0.00000000000000,
   62,    2, 0.76875000000000, 0.01875000000000, 2.46272527371396, 0.01747508326863, 2.44525019044533, 0.00325894824277,-0.00000000000000, 0.00796894381129, 2.44283495860752, 0.00000000000000, 2.46031004187615,*****************,    0.00000000000000,
   62,    3, 0.76875000000000, 0.03125000000000, 2.46272527371396, 0.01747508326863, 2.44525019044533, 0.00325894824277,-0.00000000000000, 0.00796894381129, 2.44283495860752, 0.00000000000000, 2.46031004187615,*****************,    0.00000000000000,
   62,    4, 0.76875000000000, 0.04375000000000, 2.46272527371396, 0.01747508326863, 2.44525019044533, 0.00325894824277,-0.00000000000000, 0.00796894381129, 2.44283495860752, 0.00000000000000, 2.46031004187615,*****************,    0.00000000000000,
   62,    5, 0.76875000000000, 0.05625000000000, 2.46272527371396, 0.01747508326863, 2.44525019044533, 0.00325894824277,-0.00000000000000, 0.00796894381129, 2.44283495860752, 0.00000000000000, 2.46031004187615,*****************,    0.00000000000000,
   63,    1, 0.78125000000000, 0.00625000000000, 2.44309069132360, 0.01773010453363, 2.42536058678997, 0.00328392249079, 0.00000000000000, 0.00796469617923, 2.42292885610910, 0.00000000000000, 2.44065896064272,*****************,    0.00000000000000,
   63,    2, 0.78125000000000, 0.01875000000000, 2.44309069132360, 0.01773010453363, 2.42536058678997, 0.00328392249079, 0.00000000000000, 0.00796469617923, 2.42292885610910, 0.00000000000000, 2.44065896064272,*****************,    0.00000000000000,
   63,    3, 0.78125000000000, 0.03125000000000, 2.44309069132360, 0.01773010453363, 2.42536058678997, 0.00328392249079, 0.00000000000000, 0.00796469617923, 2.42292885610910, 0.00000000000000, 2.44065896064272,*****************,    0.00000000000000,
   63,    4, 0.78125000000000, 0.04375000000000, 2.44309069132360, 0.01773010453363, 2.42536058678997, 0.00328392249079, 0.00000000000000, 0.00796469617923, 2.42292885610910, 0.00000000000000, 2.44065896064272,*****************,    0.00000000000000,
   63,    5, 0.78125000000000, 0.05625000000000, 2.44309069132360, 0.01773010453363, 2.42536058678997, 0.00328392249079, 0.00000000000000, 0.00796469617923, 2.42292885610910, 0.00000000000000, 2.44065896064272,*****************,    0.00000000000000,
   64,    1, 0.79375000000000, 0.00625000000000, 2.42279297610440, 0.01797320653773, 2.40481976956668, 0.00331022143095,-0.00000000000000, 0.00796048593878, 2.40237062796905, 0.00000000000000, 2.42034383450677,*****************,    0.00000000000000,
   64,    2, 0.79375000000000, 0.01875000000000, 2.42279297610440, 0.01797320653773, 2.40481976956668, 0.00331022143095,-0.00000000000000, 0.00796048593878, 2.40237062796905, 0.00000000000000, 2.42034383450677,*****************,    0.00000000000000,
   64,    3, 0.79375000000000, 0.03125000000000, 2.42279297610440, 0.01797320653773, 2.40481976956668, 0.00331022143095,-0.00000000000000, 0.00796048593878, 2.40237062796905, 0.00000000000000, 2.42034383450677,*****************,    0.00000000000000,
   64,    4, 0.79375000000000, 0.04375000000000, 2.42279297610440, 0.01797320653773, 2.40481976956668, 0.00331022143095,-0.00000000000000, 0.00796048593878, 2.40237062796905, 0.00000000000000, 2.42034383450677,*****************,    0.00000000000000,
   64,    5, 0.79375000000000, 0.05625000000000, 2.42279297610440, 0.01797320653773, 2.40481976956668, 0.00331022143095,-0.00000000000000, 0.00796048593878, 2.40237062796905, 0.00000000000000, 2.42034383450677,*****************,    0.00000000000000,
   65,    1, 0.80625000000000, 0.00625000000000, 2.40186347004152, 0.01820401443526, 2.38365945560626, 0.00333785928176, 0.00000000000000, 0.00795631983846, 2.38119197348508, 0.00000000000000, 2.39939598792033,*****************,    0.00000000000000,
   65,    2, 0.80625000000000, 0.01875000000000, 2.40186347004152, 0.01820401443526, 2.38365945560626, 0.00333785928176, 0.00000000000000, 0.00795631983846, 2.38119197348508, 0.00000000000000, 2.39939598792033,*****************,    0.00000000000000,
   65,    3, 0.80625000000000, 0.03125000000000, 2.40186347004152, 0.01820401443526, 2.38365945560626, 0.00333785928176, 0.00000000000000, 0.00795631983846, 2.38119197348508, 0.00000000000000, 2.39939598792033,*****************,    0.00000000000000,
   65,    4, 0.80625000000000, 0.04375000000000, 2.40186347004152, 0.01820401443526, 2.38365945560626, 0.00333785928176, 0.00000000000000, 0.00795631983846, 2.38119197348508, 0.00000000000000, 2.39939598792033,*****************,    0.00000000000000,
   65,    5, 0.80625000000000, 0.05625000000000, 2.40186347004152, 0.01820401443526, 2.38365945560626, 0.00333785928176, 0.00000000000000, 0.00795631983846, 2.38119197348508, 0.00000000000000, 2.39939598792033,*****************,    0.00000000000000,
   66,    1, 0.81875000000000, 0.00625000000000, 2.38033449090468, 0.01842217233716, 2.36191231856752, 0.00336685031349,-0.00000000000000, 0.00795220523020, 2.35942554860733, 0.00000000000000, 2.37784772094450,*****************,    0.00000000000000,
   66,    2, 0.81875000000000, 0.01875000000000, 2.38033449090468, 0.01842217233716, 2.36191231856752, 0.00336685031349,-0.00000000000000, 0.00795220523020, 2.35942554860733, 0.00000000000000, 2.37784772094450,*****************,    0.00000000000000,
   66,    3, 0.81875000000000, 0.03125000000000, 2.38033449090468, 0.01842217233716, 2.36191231856752, 0.00336685031349,-0.00000000000000, 0.00795220523020, 2.35942554860733, 0.00000000000000, 2.37784772094450,*****************,    0.00000000000000,
   66,    4, 0.81875000000000, 0.04375000000000, 2.38033449090468, 0.01842217233716, 2.36191231856752, 0.00336685031349,-0.00000000000000, 0.00795220523020, 2.35942554860733, 0.00000000000000, 2.37784772094450,*****************,    0.00000000000000,
   66,    5, 0.81875000000000, 0.05625000000000, 2.38033449090468, 0.01842217233716, 2.36191231856752, 0.00336685031349,-0.00000000000000, 0.00795220523020, 2.35942554860733, 0.00000000000000, 2.37784772094450,*****************,    0.00000000000000,
   67,    1, 0.83125000000000, 0.00625000000000, 2.35823928232125, 0.01862734385978, 2.33961193846147, 0.00339720872612,-0.00000000000000, 0.00794815009309, 2.33710491558532, 0.00000000000000, 2.35573225944510,*****************,    0.00000000000000,
   67,    2, 0.83125000000000, 0.01875000000000, 2.35823928232125, 0.01862734385978, 2.33961193846147, 0.00339720872612,-0.00000000000000, 0.00794815009309, 2.33710491558532, 0.00000000000000, 2.35573225944510,*****************,    0.00000000000000,
   67,    3, 0.83125000000000, 0.03125000000000, 2.35823928232125, 0.01862734385978, 2.33961193846147, 0.00339720872612,-0.00000000000000, 0.00794815009309, 2.33710491558532, 0.00000000000000, 2.35573225944510,*****************,    0.00000000000000,
   67,    4, 0.83125000000000, 0.04375000000000, 2.35823928232125, 0.01862734385978, 2.33961193846147, 0.00339720872612,-0.00000000000000, 0.00794815009309, 2.33710491558532, 0.00000000000000, 2.35573225944510,*****************,    0.00000000000000,
   67,    5, 0.83125000000000, 0.05625000000000, 2.35823928232125, 0.01862734385978, 2.33961193846147, 0.00339720872612,-0.00000000000000, 0.00794815009309, 2.33710491558532, 0.00000000000000, 2.35573225944510,*****************,    0.00000000000000,
   68,    1, 0.84375000000000, 0.00625000000000, 2.33561196240587, 0.01881921264348, 2.31679274976238, 0.00342894849621, 0.00000000000000, 0.00794416301533, 2.31426449121733, 0.00000000000000, 2.33308370386081,*****************,    0.00000000000000,
   68,    2, 0.84375000000000, 0.01875000000000, 2.33561196240587, 0.01881921264348, 2.31679274976238, 0.00342894849621, 0.00000000000000, 0.00794416301533, 2.31426449121733, 0.00000000000000, 2.33308370386081,*****************,    0.00000000000000,
   68,    3, 0.84375000000000, 0.03125000000000, 2.33561196240587, 0.01881921264348, 2.31679274976238, 0.00342894849621, 0.00000000000000, 0.00794416301533, 2.31426449121733, 0.00000000000000, 2.33308370386081,*****************,    0.00000000000000,
   68,    4, 0.84375000000000, 0.04375000000000, 2.33561196240587, 0.01881921264348, 2.31679274976238, 0.00342894849621, 0.00000000000000, 0.00794416301533, 2.31426449121733, 0.00000000000000, 2.33308370386081,*****************,    0.00000000000000,
   68,    5, 0.84375000000000, 0.05625000000000, 2.33561196240587, 0.01881921264348, 2.31679274976238, 0.00342894849621, 0.00000000000000, 0.00794416301533, 2.31426449121733, 0.00000000000000, 2.33308370386081,*****************,    0.00000000000000,
   69,    1, 0.85625000000000, 0.00625000000000, 2.31248747102459, 0.01899748284052, 2.29348998818407, 0.00346208322166, 0.00000000000000, 0.00794025320713, 2.29093949378223, 0.00000000000000, 2.30993697662275,*****************,    0.00000000000000,
   69,    2, 0.85625000000000, 0.01875000000000, 2.31248747102459, 0.01899748284052, 2.29348998818407, 0.00346208322166, 0.00000000000000, 0.00794025320713, 2.29093949378223, 0.00000000000000, 2.30993697662275,*****************,    0.00000000000000,
   69,    3, 0.85625000000000, 0.03125000000000, 2.31248747102459, 0.01899748284052, 2.29348998818407, 0.00346208322166, 0.00000000000000, 0.00794025320713, 2.29093949378223, 0.00000000000000, 2.30993697662275,*****************,    0.00000000000000,
   69,    4, 0.85625000000000, 0.04375000000000, 2.31248747102459, 0.01899748284052, 2.29348998818407, 0.00346208322166, 0.00000000000000, 0.00794025320713, 2.29093949378223, 0.00000000000000, 2.30993697662275,*****************,    0.00000000000000,
   69,    5, 0.85625000000000, 0.05625000000000, 2.31248747102459, 0.01899748284052, 2.29348998818407, 0.00346208322166, 0.00000000000000, 0.00794025320713, 2.29093949378223, 0.00000000000000, 2.30993697662275,*****************,    0.00000000000000,
   70,    1, 0.86875000000000, 0.00625000000000, 2.28890151577308, 0.01916187957117, 2.26973963620191, 0.00349662593192, 0.00000000000000, 0.00793643047066, 2.26716588873543, 0.00000000000000, 2.28632776830660,*****************,    0.00000000000000,
   70,    2, 0.86875000000000, 0.01875000000000, 2.28890151577308, 0.01916187957117, 2.26973963620191, 0.00349662593192, 0.00000000000000, 0.00793643047066, 2.26716588873543, 0.00000000000000, 2.28632776830660,*****************,    0.00000000000000,
   70,    3, 0.86875000000000, 0.03125000000000, 2.28890151577308, 0.01916187957117, 2.26973963620191, 0.00349662593192, 0.00000000000000, 0.00793643047066, 2.26716588873543, 0.00000000000000, 2.28632776830660,*****************,    0.00000000000000,
   70,    4, 0.86875000000000, 0.04375000000000, 2.28890151577308, 0.01916187957117, 2.26973963620191, 0.00349662593192, 0.00000000000000, 0.00793643047066, 2.26716588873543, 0.00000000000000, 2.28632776830660,*****************,    0.00000000000000,
   70,    5, 0.86875000000000, 0.05625000000000, 2.28890151577308, 0.01916187957117, 2.26973963620191, 0.00349662593192, 0.00000000000000, 0.00793643047066, 2.26716588873543, 0.00000000000000, 2.28632776830660,*****************,    0.00000000000000,
   71,    1, 0.88125000000000, 0.00625000000000, 2.26489051675064, 0.01931214934759, 2.24557836740306, 0.00353258889334,-0.00000000000000, 0.00793270519982, 2.24298033325277, 0.00000000000000, 2.26229248260035,*****************,    0.00000000000000,
   71,    2, 0.88125000000000, 0.01875000000000, 2.26489051675064, 0.01931214934759, 2.24557836740306, 0.00353258889334,-0.00000000000000, 0.00793270519982, 2.24298033325277, 0.00000000000000, 2.26229248260035,*****************,    0.00000000000000,
   71,    3, 0.88125000000000, 0.03125000000000, 2.26489051675064, 0.01931214934759, 2.24557836740306, 0.00353258889334,-0.00000000000000, 0.00793270519982, 2.24298033325277, 0.00000000000000, 2.26229248260035,*****************,    0.00000000000000,
   71,    4, 0.88125000000000, 0.04375000000000, 2.26489051675064, 0.01931214934759, 2.24557836740306, 0.00353258889334,-0.00000000000000, 0.00793270519982, 2.24298033325277, 0.00000000000000, 2.26229248260035,*****************,    0.00000000000000,
   71,    5, 0.88125000000000, 0.05625000000000, 2.26489051675064, 0.01931214934759, 2.24557836740306, 0.00353258889334,-0.00000000000000, 0.00793270519982, 2.24298033325277, 0.00000000000000, 2.26229248260035,*****************,    0.00000000000000,
   72,    1, 0.89375000000000, 0.00625000000000, 2.24049155021365, 0.01944806046467, 2.22104348974898, 0.00356998337613,-0.00000000000000, 0.00792908833606, 2.21842011970780, 0.00000000000000, 2.23786818017246,*****************,    0.00000000000000,
   72,    2, 0.89375000000000, 0.01875000000000, 2.24049155021365, 0.01944806046467, 2.22104348974898, 0.00356998337613,-0.00000000000000, 0.00792908833606, 2.21842011970780, 0.00000000000000, 2.23786818017246,*****************,    0.00000000000000,
   72,    3, 0.89375000000000, 0.03125000000000, 2.24049155021365, 0.01944806046467, 2.22104348974898, 0.00356998337613,-0.00000000000000, 0.00792908833606, 2.21842011970780, 0.00000000000000, 2.23786818017246,*****************,    0.00000000000000,
   72,    4, 0.89375000000000, 0.04375000000000, 2.24049155021365, 0.01944806046467, 2.22104348974898, 0.00356998337613,-0.00000000000000, 0.00792908833606, 2.21842011970780, 0.00000000000000, 2.23786818017246,*****************,    0.00000000000000,
   72,    5, 0.89375000000000, 0.05625000000000, 2.24049155021365, 0.01944806046467, 2.22104348974898, 0.00356998337613,-0.00000000000000, 0.00792908833606, 2.21842011970780, 0.00000000000000, 2.23786818017246,*****************,    0.00000000000000,
   73,    1, 0.90625000000000, 0.00625000000000, 2.21574229119371, 0.01956940335732, 2.19617288783639, 0.00360881941350, 0.00000000000000, 0.00792559135302, 2.19352311816964, 0.00000000000000, 2.21309252152696,*****************,    0.00000000000000,
   73,    2, 0.90625000000000, 0.01875000000000, 2.21574229119371, 0.01956940335732, 2.19617288783639, 0.00360881941350, 0.00000000000000, 0.00792559135302, 2.19352311816964, 0.00000000000000, 2.21309252152696,*****************,    0.00000000000000,
   73,    3, 0.90625000000000, 0.03125000000000, 2.21574229119371, 0.01956940335732, 2.19617288783639, 0.00360881941350, 0.00000000000000, 0.00792559135302, 2.19352311816964, 0.00000000000000, 2.21309252152696,*****************,    0.00000000000000,
   73,    4, 0.90625000000000, 0.04375000000000, 2.21574229119371, 0.01956940335732, 2.19617288783639, 0.00360881941350, 0.00000000000000, 0.00792559135302, 2.19352311816964, 0.00000000000000, 2.21309252152696,*****************,    0.00000000000000,
   73,    5, 0.90625000000000, 0.05625000000000, 2.21574229119371, 0.01956940335732, 2.19617288783639, 0.00360881941350, 0.00000000000000, 0.00792559135302, 2.19352311816964, 0.00000000000000, 2.21309252152696,*****************,    0.00000000000000,
   74,    1, 0.91875000000000, 0.00625000000000, 2.19068095516774, 0.01967599092360, 2.17100496424414, 0.00364910551884, 0.00000000000000, 0.00792222619645, 2.16832771801011, 0.00000000000000, 2.18800370893371,*****************,    0.00000000000000,
   74,    2, 0.91875000000000, 0.01875000000000, 2.19068095516774, 0.01967599092360, 2.17100496424414, 0.00364910551884, 0.00000000000000, 0.00792222619645, 2.16832771801011, 0.00000000000000, 2.18800370893371,*****************,    0.00000000000000,
   74,    3, 0.91875000000000, 0.03125000000000, 2.19068095516774, 0.01967599092360, 2.17100496424414, 0.00364910551884, 0.00000000000000, 0.00792222619645, 2.16832771801011, 0.00000000000000, 2.18800370893371,*****************,    0.00000000000000,
   74,    4, 0.91875000000000, 0.04375000000000, 2.19068095516774, 0.01967599092360, 2.17100496424414, 0.00364910551884, 0.00000000000000, 0.00792222619645, 2.16832771801011, 0.00000000000000, 2.18800370893371,*****************,    0.00000000000000,
   74,    5, 0.91875000000000, 0.05625000000000, 2.19068095516774, 0.01967599092360, 2.17100496424414, 0.00364910551884, 0.00000000000000, 0.00792222619645, 2.16832771801011, 0.00000000000000, 2.18800370893371,*****************,    0.00000000000000,
   75,    1, 0.93125000000000, 0.00625000000000, 2.16534623886866, 0.01976765881321, 2.14557858005545, 0.00369084839209, 0.00000000000000, 0.00791900525229, 2.14287276871003, 0.00000000000000, 2.16264042752324,*****************,    0.00000000000000,
   75,    2, 0.93125000000000, 0.01875000000000, 2.16534623886866, 0.01976765881321, 2.14557858005545, 0.00369084839209, 0.00000000000000, 0.00791900525229, 2.14287276871003, 0.00000000000000, 2.16264042752324,*****************,    0.00000000000000,
   75,    3, 0.93125000000000, 0.03125000000000, 2.16534623886866, 0.01976765881321, 2.14557858005545, 0.00369084839209, 0.00000000000000, 0.00791900525229, 2.14287276871003, 0.00000000000000, 2.16264042752324,*****************,    0.00000000000000,
   75,    4, 0.93125000000000, 0.04375000000000, 2.16534623886866, 0.01976765881321, 2.14557858005545, 0.00369084839209, 0.00000000000000, 0.00791900525229, 2.14287276871003, 0.00000000000000, 2.16264042752324,*****************,    0.00000000000000,
   75,    5, 0.93125000000000, 0.05625000000000, 2.16534623886866, 0.01976765881321, 2.14557858005545, 0.00369084839209, 0.00000000000000, 0.00791900525229, 2.14287276871003, 0.00000000000000, 2.16264042752324,*****************,    0.00000000000000,
   76,    1, 0.94375000000000, 0.00625000000000, 2.13977726032686, 0.01984426568090, 2.11993299464596, 0.00373405258073, 0.00000000000000, 0.00791594126963, 2.11719751995624, 0.00000000000000, 2.13704178563714,*****************,    0.00000000000000,
   76,    2, 0.94375000000000, 0.01875000000000, 2.13977726032686, 0.01984426568090, 2.11993299464596, 0.00373405258073, 0.00000000000000, 0.00791594126963, 2.11719751995624, 0.00000000000000, 2.13704178563714,*****************,    0.00000000000000,
   76,    3, 0.94375000000000, 0.03125000000000, 2.13977726032686, 0.01984426568090, 2.11993299464596, 0.00373405258073, 0.00000000000000, 0.00791594126963, 2.11719751995624, 0.00000000000000, 2.13704178563714,*****************,    0.00000000000000,
   76,    4, 0.94375000000000, 0.04375000000000, 2.13977726032686, 0.01984426568090, 2.11993299464596, 0.00373405258073, 0.00000000000000, 0.00791594126963, 2.11719751995624, 0.00000000000000, 2.13704178563714,*****************,    0.00000000000000,
   76,    5, 0.94375000000000, 0.05625000000000, 2.13977726032686, 0.01984426568090, 2.11993299464596, 0.00373405258073, 0.00000000000000, 0.00791594126963, 2.11719751995624, 0.00000000000000, 2.13704178563714,*****************,    0.00000000000000,
   77,    1, 0.95625000000000, 0.00625000000000, 2.11401349823427, 0.01990569340444, 2.09410780482984, 0.00377872012775,-0.00000000000000, 0.00791304731178, 2.09134156112131, 0.00000000000000, 2.11124725452575,*****************,    0.00000000000000,
   77,    2, 0.95625000000000, 0.01875000000000, 2.11401349823427, 0.01990569340444, 2.09410780482984, 0.00377872012775,-0.00000000000000, 0.00791304731178, 2.09134156112131, 0.00000000000000, 2.11124725452575,*****************,    0.00000000000000,
   77,    3, 0.95625000000000, 0.03125000000000, 2.11401349823427, 0.01990569340444, 2.09410780482984, 0.00377872012775,-0.00000000000000, 0.00791304731178, 2.09134156112131, 0.00000000000000, 2.11124725452575,*****************,    0.00000000000000,
   77,    4, 0.95625000000000, 0.04375000000000, 2.11401349823427, 0.01990569340444, 2.09410780482984, 0.00377872012775,-0.00000000000000, 0.00791304731178, 2.09134156112131, 0.00000000000000, 2.11124725452575,*****************,    0.00000000000000,
   77,    5, 0.95625000000000, 0.05625000000000, 2.11401349823427, 0.01990569340444, 2.09410780482984, 0.00377872012775,-0.00000000000000, 0.00791304731178, 2.09134156112131, 0.00000000000000, 2.11124725452575,*****************,    0.00000000000000,
   78,    1, 0.96875000000000, 0.00625000000000, 2.08809473072400, 0.01995184726672, 2.06814288345728, 0.00382485017142, 0.00000000000000, 0.00791033666232, 2.06534476021971, 0.00000000000000, 2.08529660748643,*****************,    0.00000000000000,
   78,    2, 0.96875000000000, 0.01875000000000, 2.08809473072400, 0.01995184726672, 2.06814288345728, 0.00382485017142, 0.00000000000000, 0.00791033666232, 2.06534476021971, 0.00000000000000, 2.08529660748643,*****************,    0.00000000000000,
   78,    3, 0.96875000000000, 0.03125000000000, 2.08809473072400, 0.01995184726672, 2.06814288345728, 0.00382485017142, 0.00000000000000, 0.00791033666232, 2.06534476021971, 0.00000000000000, 2.08529660748643,*****************,    0.00000000000000,
   78,    4, 0.96875000000000, 0.04375000000000, 2.08809473072400, 0.01995184726672, 2.06814288345728, 0.00382485017142, 0.00000000000000, 0.00791033666232, 2.06534476021971, 0.00000000000000, 2.08529660748643,*****************,    0.00000000000000,
   78,    5, 0.96875000000000, 0.05625000000000, 2.08809473072400, 0.01995184726672, 2.06814288345728, 0.00382485017142, 0.00000000000000, 0.00791033666232, 2.06534476021971, 0.00000000000000, 2.08529660748643,*****************,    0.00000000000000,
   79,    1, 0.98125000000000, 0.00625000000000, 2.06206097365990, 0.01998265610185, 2.04207831755805, 0.00387243853078, 0.00000000000000, 0.00790782275979, 2.03924720243413, 0.00000000000000, 2.05922985853597,*****************,    0.00000000000000,
   79,    2, 0.98125000000000, 0.01875000000000, 2.06206097365990, 0.01998265610185, 2.04207831755805, 0.00387243853078, 0.00000000000000, 0.00790782275979, 2.03924720243413, 0.00000000000000, 2.05922985853597,*****************,    0.00000000000000,
   79,    3, 0.98125000000000, 0.03125000000000, 2.06206097365990, 0.01998265610185, 2.04207831755805, 0.00387243853078, 0.00000000000000, 0.00790782275979, 2.03924720243413, 0.00000000000000, 2.05922985853597,*****************,    0.00000000000000,
   79,    4, 0.98125000000000, 0.04375000000000, 2.06206097365990, 0.01998265610185, 2.04207831755805, 0.00387243853078, 0.00000000000000, 0.00790782275979, 2.03924720243413, 0.00000000000000, 2.05922985853597,*****************,    0.00000000000000,
   79,    5, 0.98125000000000, 0.05625000000000, 2.06206097365990, 0.01998265610185, 2.04207831755805, 0.00387243853078, 0.00000000000000, 0.00790782275979, 2.03924720243413, 0.00000000000000, 2.05922985853597,*****************,    0.00000000000000,
   80,    1, 0.99375000000000, 0.00625000000000, 2.03595241853172, 0.01999807240482, 2.01595434612690, 0.00392147724153, 0.00000000000000, 0.00790551908830, 2.01308912830709, 0.00000000000000, 2.03308720071191,*****************,    0.00000000000000,
   80,    2, 0.99375000000000, 0.01875000000000, 2.03595241853172, 0.01999807240482, 2.01595434612690, 0.00392147724153, 0.00000000000000, 0.00790551908830, 2.01308912830709, 0.00000000000000, 2.03308720071191,*****************,    0.00000000000000,
   80,    3, 0.99375000000000, 0.03125000000000, 2.03595241853172, 0.01999807240482, 2.01595434612690, 0.00392147724153, 0.00000000000000, 0.00790551908830, 2.01308912830709, 0.00000000000000, 2.03308720071191,*****************,    0.00000000000000,
   80,    4, 0.99375000000000, 0.04375000000000, 2.03595241853172, 0.01999807240482, 2.01595434612690, 0.00392147724153, 0.00000000000000, 0.00790551908830, 2.01308912830709, 0.00000000000000, 2.03308720071191,*****************,    0.00000000000000,
   80,    5, 0.99375000000000, 0.05625000000000, 2.03595241853172, 0.01999807240482, 2.01595434612690, 0.00392147724153, 0.00000000000000, 0.00790551908830, 2.01308912830709, 0.00000000000000, 2.03308720071191,*****************,    0.00000000000000,
   81,    1, 1.00625000000000, 0.00625000000000, 2.00980937005240, 0.01999807240482, 1.98981129764757, 0.00397195407796, 0.00000000000000, 0.00790343909806, 1.98691087169291, 0.00000000000000, 2.00690894409774,*****************,    0.00000000000000,
   81,    2, 1.00625000000000, 0.01875000000000, 2.00980937005240, 0.01999807240482, 1.98981129764757, 0.00397195407796, 0.00000000000000, 0.00790343909806, 1.98691087169291, 0.00000000000000, 2.00690894409774,*****************,    0.00000000000000,
   81,    3, 1.00625000000000, 0.03125000000000, 2.00980937005240, 0.01999807240482, 1.98981129764757, 0.00397195407796, 0.00000000000000, 0.00790343909806, 1.98691087169291, 0.00000000000000, 2.00690894409774,*****************,    0.00000000000000,
   81,    4, 1.00625000000000, 0.04375000000000, 2.00980937005240, 0.01999807240482, 1.98981129764757, 0.00397195407796, 0.00000000000000, 0.00790343909806, 1.98691087169291, 0.00000000000000, 2.00690894409774,*****************,    0.00000000000000,
   81,    5, 1.00625000000000, 0.05625000000000, 2.00980937005240, 0.01999807240482, 1.98981129764757, 0.00397195407796, 0.00000000000000, 0.00790343909806, 1.98691087169291, 0.00000000000000, 2.00690894409774,*****************,    0.00000000000000,
   82,    1, 1.01875000000000, 0.00625000000000, 1.98367218355526, 0.01998265610185, 1.96368952745341, 0.00402385202598, 0.00000000000000, 0.00790159608344, 1.96075279756587, 0.00000000000000, 1.98073545366772,*****************,    0.00000000000000,
   82,    2, 1.01875000000000, 0.01875000000000, 1.98367218355526, 0.01998265610185, 1.96368952745341, 0.00402385202598, 0.00000000000000, 0.00790159608344, 1.96075279756587, 0.00000000000000, 1.98073545366772,*****************,    0.00000000000000,
   82,    3, 1.01875000000000, 0.03125000000000, 1.98367218355526, 0.01998265610185, 1.96368952745341, 0.00402385202598, 0.00000000000000, 0.00790159608344, 1.96075279756587, 0.00000000000000, 1.98073545366772,*****************,    0.00000000000000,
   82,    4, 1.01875000000000, 0.04375000000000, 1.98367218355526, 0.01998265610185, 1.96368952745341, 0.00402385202598, 0.00000000000000, 0.00790159608344, 1.96075279756587, 0.00000000000000, 1.98073545366772,*****************,    0.00000000000000,
   82,    5, 1.01875000000000, 0.05625000000000, 1.98367218355526, 0.01998265610185, 1.96368952745341, 0.00402385202598, 0.00000000000000, 0.00790159608344, 1.96075279756587, 0.00000000000000, 1.98073545366772,*****************,    0.00000000000000,
   83,    1, 1.03125000000000, 0.00625000000000, 1.95758120228984, 0.01995184726672, 1.93762935502312, 0.00407714874503, 0.00000000000000, 0.00790000309317, 1.93465523978029, 0.00000000000000, 1.95460708704701,*****************,    0.00000000000000,
   83,    2, 1.03125000000000, 0.01875000000000, 1.95758120228984, 0.01995184726672, 1.93762935502312, 0.00407714874503, 0.00000000000000, 0.00790000309317, 1.93465523978029, 0.00000000000000, 1.95460708704701,*****************,    0.00000000000000,
   83,    3, 1.03125000000000, 0.03125000000000, 1.95758120228984, 0.01995184726672, 1.93762935502312, 0.00407714874503, 0.00000000000000, 0.00790000309317, 1.93465523978029, 0.00000000000000, 1.95460708704701,*****************,    0.00000000000000,
   83,    4, 1.03125000000000, 0.04375000000000, 1.95758120228984, 0.01995184726672, 1.93762935502312, 0.00407714874503, 0.00000000000000, 0.00790000309317, 1.93465523978029, 0.00000000000000, 1.95460708704701,*****************,    0.00000000000000,
   83,    5, 1.03125000000000, 0.05625000000000, 1.95758120228984, 0.01995184726672, 1.93762935502312, 0.00407714874503, 0.00000000000000, 0.00790000309317, 1.93465523978029, 0.00000000000000, 1.95460708704701,*****************,    0.00000000000000,
   84,    1, 1.04375000000000, 0.00625000000000, 1.93157669471579, 0.01990569340444, 1.91167100131135, 0.00413181598459, 0.00000000000000, 0.00789867280050, 1.90865843887869, 0.00000000000000, 1.92856413228312,*****************,    0.00000000000000,
   84,    2, 1.04375000000000, 0.01875000000000, 1.93157669471579, 0.01990569340444, 1.91167100131135, 0.00413181598459, 0.00000000000000, 0.00789867280050, 1.90865843887869, 0.00000000000000, 1.92856413228312,*****************,    0.00000000000000,
   84,    3, 1.04375000000000, 0.03125000000000, 1.93157669471579, 0.01990569340444, 1.91167100131135, 0.00413181598459, 0.00000000000000, 0.00789867280050, 1.90865843887869, 0.00000000000000, 1.92856413228312,*****************,    0.00000000000000,
   84,    4, 1.04375000000000, 0.04375000000000, 1.93157669471579, 0.01990569340444, 1.91167100131135, 0.00413181598459, 0.00000000000000, 0.00789867280050, 1.90865843887869, 0.00000000000000, 1.92856413228312,*****************,    0.00000000000000,
   84,    5, 1.04375000000000, 0.05625000000000, 1.93157669471579, 0.01990569340444, 1.91167100131135, 0.00413181598459, 0.00000000000000, 0.00789867280050, 1.90865843887869, 0.00000000000000, 1.92856413228312,*****************,    0.00000000000000,
   85,    1, 1.05625000000000, 0.00625000000000, 1.90569879189510, 0.01984426568090, 1.88585452621420, 0.00418781899587, 0.00000000000000, 0.00789761740833, 1.88280248004376, 0.00000000000000, 1.90264674572466,*****************,    0.00000000000000,
   85,    2, 1.05625000000000, 0.01875000000000, 1.90569879189510, 0.01984426568090, 1.88585452621420, 0.00418781899587, 0.00000000000000, 0.00789761740833, 1.88280248004376, 0.00000000000000, 1.90264674572466,*****************,    0.00000000000000,
   85,    3, 1.05625000000000, 0.03125000000000, 1.90569879189510, 0.01984426568090, 1.88585452621420, 0.00418781899587, 0.00000000000000, 0.00789761740833, 1.88280248004376, 0.00000000000000, 1.90264674572466,*****************,    0.00000000000000,
   85,    4, 1.05625000000000, 0.04375000000000, 1.90569879189510, 0.01984426568090, 1.88585452621420, 0.00418781899587, 0.00000000000000, 0.00789761740833, 1.88280248004376, 0.00000000000000, 1.90264674572466,*****************,    0.00000000000000,
   85,    5, 1.05625000000000, 0.05625000000000, 1.90569879189510, 0.01984426568090, 1.88585452621420, 0.00418781899587, 0.00000000000000, 0.00789761740833, 1.88280248004376, 0.00000000000000, 1.90264674572466,*****************,    0.00000000000000,
   86,    1, 1.06875000000000, 0.00625000000000, 1.87998742508372, 0.01976765881321, 1.86021976627051, 0.00424511590554, 0.00000000000000, 0.00789684851759, 1.85712723128997, 0.00000000000000, 1.87689489010318,*****************,    0.00000000000000,
   86,    2, 1.06875000000000, 0.01875000000000, 1.87998742508372, 0.01976765881321, 1.86021976627051, 0.00424511590554, 0.00000000000000, 0.00789684851759, 1.85712723128997, 0.00000000000000, 1.87689489010318,*****************,    0.00000000000000,
   86,    3, 1.06875000000000, 0.03125000000000, 1.87998742508372, 0.01976765881321, 1.86021976627051, 0.00424511590554, 0.00000000000000, 0.00789684851759, 1.85712723128997, 0.00000000000000, 1.87689489010318,*****************,    0.00000000000000,
   86,    4, 1.06875000000000, 0.04375000000000, 1.87998742508372, 0.01976765881321, 1.86021976627051, 0.00424511590554, 0.00000000000000, 0.00789684851759, 1.85712723128997, 0.00000000000000, 1.87689489010318,*****************,    0.00000000000000,
   86,    5, 1.06875000000000, 0.05625000000000, 1.87998742508372, 0.01976765881321, 1.86021976627051, 0.00424511590554, 0.00000000000000, 0.00789684851759, 1.85712723128997, 0.00000000000000, 1.87689489010318,*****************,    0.00000000000000,
   87,    1, 1.08125000000000, 0.00625000000000, 1.85448226362383, 0.01967599092360, 1.83480627270022, 0.00430365709524,-0.00000000000000, 0.00789637703389, 1.83167228198989, 0.00000000000000, 1.85134827291350,*****************,    0.00000000000000,
   87,    2, 1.08125000000000, 0.01875000000000, 1.85448226362383, 0.01967599092360, 1.83480627270022, 0.00430365709524,-0.00000000000000, 0.00789637703389, 1.83167228198989, 0.00000000000000, 1.85134827291350,*****************,    0.00000000000000,
   87,    3, 1.08125000000000, 0.03125000000000, 1.85448226362383, 0.01967599092360, 1.83480627270022, 0.00430365709524,-0.00000000000000, 0.00789637703389, 1.83167228198989, 0.00000000000000, 1.85134827291350,*****************,    0.00000000000000,
   87,    4, 1.08125000000000, 0.04375000000000, 1.85448226362383, 0.01967599092360, 1.83480627270022, 0.00430365709524,-0.00000000000000, 0.00789637703389, 1.83167228198989, 0.00000000000000, 1.85134827291350,*****************,    0.00000000000000,
   87,    5, 1.08125000000000, 0.05625000000000, 1.85448226362383, 0.01967599092360, 1.83480627270022, 0.00430365709524,-0.00000000000000, 0.00789637703389, 1.83167228198989, 0.00000000000000, 1.85134827291350,*****************,    0.00000000000000,
   88,    1, 1.09375000000000, 0.00625000000000, 1.82922265323863, 0.01956940335732, 1.80965324988131, 0.00436338455535, 0.00000000000000, 0.00789621304107, 1.80647688183036, 0.00000000000000, 1.82604628518768,*****************,    0.00000000000000,
   88,    2, 1.09375000000000, 0.01875000000000, 1.82922265323863, 0.01956940335732, 1.80965324988131, 0.00436338455535, 0.00000000000000, 0.00789621304107, 1.80647688183036, 0.00000000000000, 1.82604628518768,*****************,    0.00000000000000,
   88,    3, 1.09375000000000, 0.03125000000000, 1.82922265323863, 0.01956940335732, 1.80965324988131, 0.00436338455535, 0.00000000000000, 0.00789621304107, 1.80647688183036, 0.00000000000000, 1.82604628518768,*****************,    0.00000000000000,
   88,    4, 1.09375000000000, 0.04375000000000, 1.82922265323863, 0.01956940335732, 1.80965324988131, 0.00436338455535, 0.00000000000000, 0.00789621304107, 1.80647688183036, 0.00000000000000, 1.82604628518768,*****************,    0.00000000000000,
   88,    5, 1.09375000000000, 0.05625000000000, 1.82922265323863, 0.01956940335732, 1.80965324988131, 0.00436338455535, 0.00000000000000, 0.00789621304107, 1.80647688183036, 0.00000000000000, 1.82604628518768,*****************,    0.00000000000000,
   89,    1, 1.10625000000000, 0.00625000000000, 1.80424755483182, 0.01944806046467, 1.78479949436716, 0.00442423126061, 0.00000000000000, 0.00789636571689, 1.78157988029220, 0.00000000000000, 1.80102794075687,*****************,    0.00000000000000,
   89,    2, 1.10625000000000, 0.01875000000000, 1.80424755483182, 0.01944806046467, 1.78479949436716, 0.00442423126061, 0.00000000000000, 0.00789636571689, 1.78157988029220, 0.00000000000000, 1.80102794075687,*****************,    0.00000000000000,
   89,    3, 1.10625000000000, 0.03125000000000, 1.80424755483182, 0.01944806046467, 1.78479949436716, 0.00442423126061, 0.00000000000000, 0.00789636571689, 1.78157988029220, 0.00000000000000, 1.80102794075687,*****************,    0.00000000000000,
   89,    4, 1.10625000000000, 0.04375000000000, 1.80424755483182, 0.01944806046467, 1.78479949436716, 0.00442423126061, 0.00000000000000, 0.00789636571689, 1.78157988029220, 0.00000000000000, 1.80102794075687,*****************,    0.00000000000000,
   89,    5, 1.10625000000000, 0.05625000000000, 1.80424755483182, 0.01944806046467, 1.78479949436716, 0.00442423126061, 0.00000000000000, 0.00789636571689, 1.78157988029220, 0.00000000000000, 1.80102794075687,*****************,    0.00000000000000,
   90,    1, 1.11875000000000, 0.00625000000000, 1.77959548389363, 0.01931214934759, 1.76028333454604, 0.00448612053764,-0.00000000000000, 0.00789684321916, 1.75701966674723, 0.00000000000000, 1.77633181609482,*****************,    0.00000000000000,
   90,    2, 1.11875000000000, 0.01875000000000, 1.77959548389363, 0.01931214934759, 1.76028333454604, 0.00448612053764,-0.00000000000000, 0.00789684321916, 1.75701966674723, 0.00000000000000, 1.77633181609482,*****************,    0.00000000000000,
   90,    3, 1.11875000000000, 0.03125000000000, 1.77959548389363, 0.01931214934759, 1.76028333454604, 0.00448612053764,-0.00000000000000, 0.00789684321916, 1.75701966674723, 0.00000000000000, 1.77633181609482,*****************,    0.00000000000000,
   90,    4, 1.11875000000000, 0.04375000000000, 1.77959548389363, 0.01931214934759, 1.76028333454604, 0.00448612053764,-0.00000000000000, 0.00789684321916, 1.75701966674723, 0.00000000000000, 1.77633181609482,*****************,    0.00000000000000,
   90,    5, 1.11875000000000, 0.05625000000000, 1.77959548389363, 0.01931214934759, 1.76028333454604, 0.00448612053764,-0.00000000000000, 0.00789684321916, 1.75701966674723, 0.00000000000000, 1.77633181609482,*****************,    0.00000000000000,
   91,    1, 1.13125000000000, 0.00625000000000, 1.75530445061554, 0.01916187957117, 1.73614257104436, 0.00454896547633, 0.00000000000000, 0.00789765261767, 1.73283411126457, 0.00000000000000, 1.75199599083574,*****************,    0.00000000000000,
   91,    2, 1.13125000000000, 0.01875000000000, 1.75530445061554, 0.01916187957117, 1.73614257104436, 0.00454896547633, 0.00000000000000, 0.00789765261767, 1.73283411126457, 0.00000000000000, 1.75199599083574,*****************,    0.00000000000000,
   91,    3, 1.13125000000000, 0.03125000000000, 1.75530445061554, 0.01916187957117, 1.73614257104436, 0.00454896547633, 0.00000000000000, 0.00789765261767, 1.73283411126457, 0.00000000000000, 1.75199599083574,*****************,    0.00000000000000,
   91,    4, 1.13125000000000, 0.04375000000000, 1.75530445061554, 0.01916187957117, 1.73614257104436, 0.00454896547633, 0.00000000000000, 0.00789765261767, 1.73283411126457, 0.00000000000000, 1.75199599083574,*****************,    0.00000000000000,
   91,    5, 1.13125000000000, 0.05625000000000, 1.75530445061554, 0.01916187957117, 1.73614257104436, 0.00454896547633, 0.00000000000000, 0.00789765261767, 1.73283411126457, 0.00000000000000, 1.75199599083574,*****************,    0.00000000000000,
   92,    1, 1.14375000000000, 0.00625000000000, 1.73141190081512, 0.01899748284052, 1.71241441797460, 0.00461266835706, 0.00000000000000, 0.00789879979996, 1.70906050621777, 0.00000000000000, 1.72805798905829,*****************,    0.00000000000000,
   92,    2, 1.14375000000000, 0.01875000000000, 1.73141190081512, 0.01899748284052, 1.71241441797460, 0.00461266835706, 0.00000000000000, 0.00789879979996, 1.70906050621777, 0.00000000000000, 1.72805798905829,*****************,    0.00000000000000,
   92,    3, 1.14375000000000, 0.03125000000000, 1.73141190081512, 0.01899748284052, 1.71241441797460, 0.00461266835706, 0.00000000000000, 0.00789879979996, 1.70906050621777, 0.00000000000000, 1.72805798905829,*****************,    0.00000000000000,
   92,    4, 1.14375000000000, 0.04375000000000, 1.73141190081512, 0.01899748284052, 1.71241441797460, 0.00461266835706, 0.00000000000000, 0.00789879979996, 1.70906050621777, 0.00000000000000, 1.72805798905829,*****************,    0.00000000000000,
   92,    5, 1.14375000000000, 0.05625000000000, 1.73141190081512, 0.01899748284052, 1.71241441797460, 0.00461266835706, 0.00000000000000, 0.00789879979996, 1.70906050621777, 0.00000000000000, 1.72805798905829,*****************,    0.00000000000000,
   93,    1, 1.15625000000000, 0.00625000000000, 1.70795465777214, 0.01881921264348, 1.68913544512865, 0.00467712014958,-0.00000000000000, 0.00790028942578, 1.68573550878267, 0.00000000000000, 1.70455472142615,*****************,    0.00000000000000,
   93,    2, 1.15625000000000, 0.01875000000000, 1.70795465777214, 0.01881921264348, 1.68913544512865, 0.00467712014958,-0.00000000000000, 0.00790028942578, 1.68573550878267, 0.00000000000000, 1.70455472142615,*****************,    0.00000000000000,
   93,    3, 1.15625000000000, 0.03125000000000, 1.70795465777214, 0.01881921264348, 1.68913544512865, 0.00467712014958,-0.00000000000000, 0.00790028942578, 1.68573550878267, 0.00000000000000, 1.70455472142615,*****************,    0.00000000000000,
   93,    4, 1.15625000000000, 0.04375000000000, 1.70795465777214, 0.01881921264348, 1.68913544512865, 0.00467712014958,-0.00000000000000, 0.00790028942578, 1.68573550878267, 0.00000000000000, 1.70455472142615,*****************,    0.00000000000000,
   93,    5, 1.15625000000000, 0.05625000000000, 1.70795465777214, 0.01881921264348, 1.68913544512865, 0.00467712014958,-0.00000000000000, 0.00790028942578, 1.68573550878267, 0.00000000000000, 1.70455472142615,*****************,    0.00000000000000,
   94,    1, 1.16875000000000, 0.00625000000000, 1.68496886507564, 0.01862734385978, 1.66634152121586, 0.00474220005763, 0.00000000000000, 0.00790212485794, 1.66289508441468, 0.00000000000000, 1.68152242827446,*****************,    0.00000000000000,
   94,    2, 1.16875000000000, 0.01875000000000, 1.68496886507564, 0.01862734385978, 1.66634152121586, 0.00474220005763, 0.00000000000000, 0.00790212485794, 1.66289508441468, 0.00000000000000, 1.68152242827446,*****************,    0.00000000000000,
   94,    3, 1.16875000000000, 0.03125000000000, 1.68496886507564, 0.01862734385978, 1.66634152121586, 0.00474220005763, 0.00000000000000, 0.00790212485794, 1.66289508441468, 0.00000000000000, 1.68152242827446,*****************,    0.00000000000000,
   94,    4, 1.16875000000000, 0.04375000000000, 1.68496886507564, 0.01862734385978, 1.66634152121586, 0.00474220005763, 0.00000000000000, 0.00790212485794, 1.66289508441468, 0.00000000000000, 1.68152242827446,*****************,    0.00000000000000,
   94,    5, 1.16875000000000, 0.05625000000000, 1.68496886507564, 0.01862734385978, 1.66634152121586, 0.00474220005763, 0.00000000000000, 0.00790212485794, 1.66289508441468, 0.00000000000000, 1.68152242827446,*****************,    0.00000000000000,
   95,    1, 1.18125000000000, 0.00625000000000, 1.66248993058126, 0.01842217233716, 1.64406775824410, 0.00480777516864, 0.00000000000000, 0.00790430814364, 1.64057445139267, 0.00000000000000, 1.65899662372983,*****************,    0.00000000000000,
   95,    2, 1.18125000000000, 0.01875000000000, 1.66248993058126, 0.01842217233716, 1.64406775824410, 0.00480777516864, 0.00000000000000, 0.00790430814364, 1.64057445139267, 0.00000000000000, 1.65899662372983,*****************,    0.00000000000000,
   95,    3, 1.18125000000000, 0.03125000000000, 1.66248993058126, 0.01842217233716, 1.64406775824410, 0.00480777516864, 0.00000000000000, 0.00790430814364, 1.64057445139267, 0.00000000000000, 1.65899662372983,*****************,    0.00000000000000,
   95,    4, 1.18125000000000, 0.04375000000000, 1.66248993058126, 0.01842217233716, 1.64406775824410, 0.00480777516864, 0.00000000000000, 0.00790430814364, 1.64057445139267, 0.00000000000000, 1.65899662372983,*****************,    0.00000000000000,
   95,    5, 1.18125000000000, 0.05625000000000, 1.66248993058126, 0.01842217233716, 1.64406775824410, 0.00480777516864, 0.00000000000000, 0.00790430814364, 1.64057445139267, 0.00000000000000, 1.65899662372983,*****************,    0.00000000000000,
   96,    1, 1.19375000000000, 0.00625000000000, 1.64055247157581, 0.01820401443526, 1.62234845714055, 0.00487370018355,-0.00000000000000, 0.00790683997335, 1.61880802651492, 0.00000000000000, 1.63701204095018,*****************,    0.00000000000000,
   96,    2, 1.19375000000000, 0.01875000000000, 1.64055247157581, 0.01820401443526, 1.62234845714055, 0.00487370018355,-0.00000000000000, 0.00790683997335, 1.61880802651492, 0.00000000000000, 1.63701204095018,*****************,    0.00000000000000,
   96,    3, 1.19375000000000, 0.03125000000000, 1.64055247157581, 0.01820401443526, 1.62234845714055, 0.00487370018355,-0.00000000000000, 0.00790683997335, 1.61880802651492, 0.00000000000000, 1.63701204095018,*****************,    0.00000000000000,
   96,    4, 1.19375000000000, 0.04375000000000, 1.64055247157581, 0.01820401443526, 1.62234845714055, 0.00487370018355,-0.00000000000000, 0.00790683997335, 1.61880802651492, 0.00000000000000, 1.63701204095018,*****************,    0.00000000000000,
   96,    5, 1.19375000000000, 0.05625000000000, 1.64055247157581, 0.01820401443526, 1.62234845714055, 0.00487370018355,-0.00000000000000, 0.00790683997335, 1.61880802651492, 0.00000000000000, 1.63701204095018,*****************,    0.00000000000000,
   97,    1, 1.20625000000000, 0.00625000000000, 1.61919026124487, 0.01797320653773, 1.60121705470714, 0.00493981728905,-0.00000000000000, 0.00790971969036, 1.59762937203095, 0.00000000000000, 1.61560257856868,*****************,    0.00000000000000,
   97,    2, 1.20625000000000, 0.01875000000000, 1.61919026124487, 0.01797320653773, 1.60121705470714, 0.00493981728905,-0.00000000000000, 0.00790971969036, 1.59762937203095, 0.00000000000000, 1.61560257856868,*****************,    0.00000000000000,
   97,    3, 1.20625000000000, 0.03125000000000, 1.61919026124487, 0.01797320653773, 1.60121705470714, 0.00493981728905,-0.00000000000000, 0.00790971969036, 1.59762937203095, 0.00000000000000, 1.61560257856868,*****************,    0.00000000000000,
   97,    4, 1.20625000000000, 0.04375000000000, 1.61919026124487, 0.01797320653773, 1.60121705470714, 0.00493981728905,-0.00000000000000, 0.00790971969036, 1.59762937203095, 0.00000000000000, 1.61560257856868,*****************,    0.00000000000000,
   97,    5, 1.20625000000000, 0.05625000000000, 1.61919026124487, 0.01797320653773, 1.60121705470714, 0.00493981728905,-0.00000000000000, 0.00790971969036, 1.59762937203095, 0.00000000000000, 1.61560257856868,*****************,    0.00000000000000,
   98,    1, 1.21875000000000, 0.00625000000000, 1.59843617653664, 0.01773010453363, 1.58070607200301, 0.00500595614674,-0.00000000000000, 0.00791294527733, 1.57707114389090, 0.00000000000000, 1.59480124842453,*****************,    0.00000000000000,
   98,    2, 1.21875000000000, 0.01875000000000, 1.59843617653664, 0.01773010453363, 1.58070607200301, 0.00500595614674,-0.00000000000000, 0.00791294527733, 1.57707114389090, 0.00000000000000, 1.59480124842453,*****************,    0.00000000000000,
   98,    3, 1.21875000000000, 0.03125000000000, 1.59843617653664, 0.01773010453363, 1.58070607200301, 0.00500595614674,-0.00000000000000, 0.00791294527733, 1.57707114389090, 0.00000000000000, 1.59480124842453,*****************,    0.00000000000000,
   98,    4, 1.21875000000000, 0.04375000000000, 1.59843617653664, 0.01773010453363, 1.58070607200301, 0.00500595614674,-0.00000000000000, 0.00791294527733, 1.57707114389090, 0.00000000000000, 1.59480124842453,*****************,    0.00000000000000,
   98,    5, 1.21875000000000, 0.05625000000000, 1.59843617653664, 0.01773010453363, 1.58070607200301, 0.00500595614674,-0.00000000000000, 0.00791294527733, 1.57707114389090, 0.00000000000000, 1.59480124842453,*****************,    0.00000000000000,
   99,    1, 1.23125000000000, 0.00625000000000, 1.57832214751293, 0.01747508326863, 1.56084706424430, 0.00507193406281, 0.00000000000000, 0.00791651339198, 1.55716504139248, 0.00000000000000, 1.57464012466111,*****************,    0.00000000000000,
   99,    2, 1.23125000000000, 0.01875000000000, 1.57832214751293, 0.01747508326863, 1.56084706424430, 0.00507193406281, 0.00000000000000, 0.00791651339198, 1.55716504139248, 0.00000000000000, 1.57464012466111,*****************,    0.00000000000000,
   99,    3, 1.23125000000000, 0.03125000000000, 1.57832214751293, 0.01747508326863, 1.56084706424430, 0.00507193406281, 0.00000000000000, 0.00791651339198, 1.55716504139248, 0.00000000000000, 1.57464012466111,*****************,    0.00000000000000,
   99,    4, 1.23125000000000, 0.04375000000000, 1.57832214751293, 0.01747508326863, 1.56084706424430, 0.00507193406281, 0.00000000000000, 0.00791651339198, 1.55716504139248, 0.00000000000000, 1.57464012466111,*****************,    0.00000000000000,
   99,    5, 1.23125000000000, 0.05625000000000, 1.57832214751293, 0.01747508326863, 1.56084706424430, 0.00507193406281, 0.00000000000000, 0.00791651339198, 1.55716504139248, 0.00000000000000, 1.57464012466111,*****************,    0.00000000000000,
  100,    1, 1.24375000000000, 0.00625000000000, 1.55887910827537, 0.01720853596703, 1.54167057230834, 0.00513755631039,-0.00000000000000, 0.00792041937730, 1.53794175830291, 0.00000000000000, 1.55515029426994,*****************,    0.00000000000000,
  100,    2, 1.24375000000000, 0.01875000000000, 1.55887910827537, 0.01720853596703, 1.54167057230834, 0.00513755631039,-0.00000000000000, 0.00792041937730, 1.53794175830291, 0.00000000000000, 1.55515029426994,*****************,    0.00000000000000,
  100,    3, 1.24375000000000, 0.03125000000000, 1.55887910827537, 0.01720853596703, 1.54167057230834, 0.00513755631039,-0.00000000000000, 0.00792041937730, 1.53794175830291, 0.00000000000000, 1.55515029426994,*****************,    0.00000000000000,
  100,    4, 1.24375000000000, 0.04375000000000, 1.55887910827537, 0.01720853596703, 1.54167057230834, 0.00513755631039,-0.00000000000000, 0.00792041937730, 1.53794175830291, 0.00000000000000, 1.55515029426994,*****************,    0.00000000000000,
  100,    5, 1.24375000000000, 0.05625000000000, 1.55887910827537, 0.01720853596703, 1.54167057230834, 0.00513755631039,-0.00000000000000, 0.00792041937730, 1.53794175830291, 0.00000000000000, 1.55515029426994,*****************,    0.00000000000000,
  101,    1, 1.25625000000000, 0.00625000000000, 1.54013694955171, 0.01693087362546, 1.52320607592625, 0.00520261666694, 0.00000000000000, 0.00792465731779, 1.51943093553139, 0.00000000000000, 1.53636180915684,*****************,    0.00000000000000,
  101,    2, 1.25625000000000, 0.01875000000000, 1.54013694955171, 0.01693087362546, 1.52320607592625, 0.00520261666694, 0.00000000000000, 0.00792465731779, 1.51943093553139, 0.00000000000000, 1.53636180915684,*****************,    0.00000000000000,
  101,    3, 1.25625000000000, 0.03125000000000, 1.54013694955171, 0.01693087362546, 1.52320607592625, 0.00520261666694, 0.00000000000000, 0.00792465731779, 1.51943093553139, 0.00000000000000, 1.53636180915684,*****************,    0.00000000000000,
  101,    4, 1.25625000000000, 0.04375000000000, 1.54013694955171, 0.01693087362546, 1.52320607592625, 0.00520261666694, 0.00000000000000, 0.00792465731779, 1.51943093553139, 0.00000000000000, 1.53636180915684,*****************,    0.00000000000000,
  101,    5, 1.25625000000000, 0.05625000000000, 1.54013694955171, 0.01693087362546, 1.52320607592625, 0.00520261666694, 0.00000000000000, 0.00792465731779, 1.51943093553139, 0.00000000000000, 1.53636180915684,*****************,    0.00000000000000,
  102,    1, 1.26875000000000, 0.00625000000000, 1.52212447302351, 0.01664252437911, 1.50548194864440, 0.00526689813409, 0.00000000000000, 0.00792922006623, 1.50166111542494, 0.00000000000000, 1.51830363980405,*****************,    0.00000000000000,
  102,    2, 1.26875000000000, 0.01875000000000, 1.52212447302351, 0.01664252437911, 1.50548194864440, 0.00526689813409, 0.00000000000000, 0.00792922006623, 1.50166111542494, 0.00000000000000, 1.51830363980405,*****************,    0.00000000000000,
  102,    3, 1.26875000000000, 0.03125000000000, 1.52212447302351, 0.01664252437911, 1.50548194864440, 0.00526689813409, 0.00000000000000, 0.00792922006623, 1.50166111542494, 0.00000000000000, 1.51830363980405,*****************,    0.00000000000000,
  102,    4, 1.26875000000000, 0.04375000000000, 1.52212447302351, 0.01664252437911, 1.50548194864440, 0.00526689813409, 0.00000000000000, 0.00792922006623, 1.50166111542494, 0.00000000000000, 1.51830363980405,*****************,    0.00000000000000,
  102,    5, 1.26875000000000, 0.05625000000000, 1.52212447302351, 0.01664252437911, 1.50548194864440, 0.00526689813409, 0.00000000000000, 0.00792922006623, 1.50166111542494, 0.00000000000000, 1.51830363980405,*****************,    0.00000000000000,
  103,    1, 1.28125000000000, 0.00625000000000, 1.50486934747278, 0.01634393284164, 1.48852541463115, 0.00533017389841, 0.00000000000000, 0.00793409931218, 1.48465969775818, 0.00000000000000, 1.50100363059981,*****************,    0.00000000000000,
  103,    2, 1.28125000000000, 0.01875000000000, 1.50486934747278, 0.01634393284164, 1.48852541463115, 0.00533017389841, 0.00000000000000, 0.00793409931218, 1.48465969775818, 0.00000000000000, 1.50100363059981,*****************,    0.00000000000000,
  103,    3, 1.28125000000000, 0.03125000000000, 1.50486934747278, 0.01634393284164, 1.48852541463115, 0.00533017389841, 0.00000000000000, 0.00793409931218, 1.48465969775818, 0.00000000000000, 1.50100363059981,*****************,    0.00000000000000,
  103,    4, 1.28125000000000, 0.04375000000000, 1.50486934747278, 0.01634393284164, 1.48852541463115, 0.00533017389841, 0.00000000000000, 0.00793409931218, 1.48465969775818, 0.00000000000000, 1.50100363059981,*****************,    0.00000000000000,
  103,    5, 1.28125000000000, 0.05625000000000, 1.50486934747278, 0.01634393284164, 1.48852541463115, 0.00533017389841, 0.00000000000000, 0.00793409931218, 1.48465969775818, 0.00000000000000, 1.50100363059981,*****************,    0.00000000000000,
  104,    1, 1.29375000000000, 0.00625000000000, 1.48839806682072, 0.01603555941954, 1.47236250740119, 0.00539220849257,-0.00000000000000, 0.00793928561655, 1.46845289748486, 0.00000000000000, 1.48448845690440,*****************,    0.00000000000000,
  104,    2, 1.29375000000000, 0.01875000000000, 1.48839806682072, 0.01603555941954, 1.47236250740119, 0.00539220849257,-0.00000000000000, 0.00793928561655, 1.46845289748486, 0.00000000000000, 1.48448845690440,*****************,    0.00000000000000,
  104,    3, 1.29375000000000, 0.03125000000000, 1.48839806682072, 0.01603555941954, 1.47236250740119, 0.00539220849257,-0.00000000000000, 0.00793928561655, 1.46845289748486, 0.00000000000000, 1.48448845690440,*****************,    0.00000000000000,
  104,    4, 1.29375000000000, 0.04375000000000, 1.48839806682072, 0.01603555941954, 1.47236250740119, 0.00539220849257,-0.00000000000000, 0.00793928561655, 1.46845289748486, 0.00000000000000, 1.48448845690440,*****************,    0.00000000000000,
  104,    5, 1.29375000000000, 0.05625000000000, 1.48839806682072, 0.01603555941954, 1.47236250740119, 0.00539220849257,-0.00000000000000, 0.00793928561655, 1.46845289748486, 0.00000000000000, 1.48448845690440,*****************,    0.00000000000000,
  105,    1, 1.30625000000000, 0.00625000000000, 1.47273591012701, 0.01571787960228, 1.45701803052473, 0.00545275920883,-0.00000000000000, 0.00794476848337, 1.45306570431632, 0.00000000000000, 1.46878358391860,*****************,    0.00000000000000,
  105,    2, 1.30625000000000, 0.01875000000000, 1.47273591012701, 0.01571787960228, 1.45701803052473, 0.00545275920883,-0.00000000000000, 0.00794476848337, 1.45306570431632, 0.00000000000000, 1.46878358391860,*****************,    0.00000000000000,
  105,    3, 1.30625000000000, 0.03125000000000, 1.47273591012701, 0.01571787960228, 1.45701803052473, 0.00545275920883,-0.00000000000000, 0.00794476848337, 1.45306570431632, 0.00000000000000, 1.46878358391860,*****************,    0.00000000000000,
  105,    4, 1.30625000000000, 0.04375000000000, 1.47273591012701, 0.01571787960228, 1.45701803052473, 0.00545275920883,-0.00000000000000, 0.00794476848337, 1.45306570431632, 0.00000000000000, 1.46878358391860,*****************,    0.00000000000000,
  105,    5, 1.30625000000000, 0.05625000000000, 1.47273591012701, 0.01571787960228, 1.45701803052473, 0.00545275920883,-0.00000000000000, 0.00794476848337, 1.45306570431632, 0.00000000000000, 1.46878358391860,*****************,    0.00000000000000,
  106,    1, 1.31875000000000, 0.00625000000000, 1.45790690361283, 0.01539138322911, 1.44251552038372, 0.00551157771351, 0.00000000000000, 0.00795053639354, 1.43852184418914, 0.00000000000000, 1.45391322741825,*****************,    0.00000000000000,
  106,    2, 1.31875000000000, 0.01875000000000, 1.45790690361283, 0.01539138322911, 1.44251552038372, 0.00551157771351, 0.00000000000000, 0.00795053639354, 1.43852184418914, 0.00000000000000, 1.45391322741825,*****************,    0.00000000000000,
  106,    3, 1.31875000000000, 0.03125000000000, 1.45790690361283, 0.01539138322911, 1.44251552038372, 0.00551157771351, 0.00000000000000, 0.00795053639354, 1.43852184418914, 0.00000000000000, 1.45391322741825,*****************,    0.00000000000000,
  106,    4, 1.31875000000000, 0.04375000000000, 1.45790690361283, 0.01539138322911, 1.44251552038372, 0.00551157771351, 0.00000000000000, 0.00795053639354, 1.43852184418914, 0.00000000000000, 1.45391322741825,*****************,    0.00000000000000,
  106,    5, 1.31875000000000, 0.05625000000000, 1.45790690361283, 0.01539138322911, 1.44251552038372, 0.00551157771351, 0.00000000000000, 0.00795053639354, 1.43852184418914, 0.00000000000000, 1.45391322741825,*****************,    0.00000000000000,
  107,    1, 1.33125000000000, 0.00625000000000, 1.44393378476492, 0.01505657373378, 1.42887721103114, 0.00556841190494,-0.00000000000000, 0.00795657687260, 1.42484374268147, 0.00000000000000, 1.43990031641525,*****************,    0.00000000000000,
  107,    2, 1.33125000000000, 0.01875000000000, 1.44393378476492, 0.01505657373378, 1.42887721103114, 0.00556841190494,-0.00000000000000, 0.00795657687260, 1.42484374268147, 0.00000000000000, 1.43990031641525,*****************,    0.00000000000000,
  107,    3, 1.33125000000000, 0.03125000000000, 1.44393378476492, 0.01505657373378, 1.42887721103114, 0.00556841190494,-0.00000000000000, 0.00795657687260, 1.42484374268147, 0.00000000000000, 1.43990031641525,*****************,    0.00000000000000,
  107,    4, 1.33125000000000, 0.04375000000000, 1.44393378476492, 0.01505657373378, 1.42887721103114, 0.00556841190494,-0.00000000000000, 0.00795657687260, 1.42484374268147, 0.00000000000000, 1.43990031641525,*****************,    0.00000000000000,
  107,    5, 1.33125000000000, 0.05625000000000, 1.44393378476492, 0.01505657373378, 1.42887721103114, 0.00556841190494,-0.00000000000000, 0.00795657687260, 1.42484374268147, 0.00000000000000, 1.43990031641525,*****************,    0.00000000000000,
  108,    1, 1.34375000000000, 0.00625000000000, 1.43083796857121, 0.01471396736826, 1.41612400120295, 0.00562300795075,-0.00000000000000, 0.00796287651801, 1.41205249043443, 0.00000000000000, 1.42676645780269,*****************,    0.00000000000000,
  108,    2, 1.34375000000000, 0.01875000000000, 1.43083796857121, 0.01471396736826, 1.41612400120295, 0.00562300795075,-0.00000000000000, 0.00796287651801, 1.41205249043443, 0.00000000000000, 1.42676645780269,*****************,    0.00000000000000,
  108,    3, 1.34375000000000, 0.03125000000000, 1.43083796857121, 0.01471396736826, 1.41612400120295, 0.00562300795075,-0.00000000000000, 0.00796287651801, 1.41205249043443, 0.00000000000000, 1.42676645780269,*****************,    0.00000000000000,
  108,    4, 1.34375000000000, 0.04375000000000, 1.43083796857121, 0.01471396736826, 1.41612400120295, 0.00562300795075,-0.00000000000000, 0.00796287651801, 1.41205249043443, 0.00000000000000, 1.42676645780269,*****************,    0.00000000000000,
  108,    5, 1.34375000000000, 0.05625000000000, 1.43083796857121, 0.01471396736826, 1.41612400120295, 0.00562300795075,-0.00000000000000, 0.00796287651801, 1.41205249043443, 0.00000000000000, 1.42676645780269,*****************,    0.00000000000000,
  109,    1, 1.35625000000000, 0.00625000000000, 1.41863951593156, 0.01436409240673, 1.40427542352483, 0.00567511253550, 0.00000000000000, 0.00796942105935, 1.40016781063185, 0.00000000000000, 1.41453190303859,*****************,    0.00000000000000,
  109,    2, 1.35625000000000, 0.01875000000000, 1.41863951593156, 0.01436409240673, 1.40427542352483, 0.00567511253550, 0.00000000000000, 0.00796942105935, 1.40016781063185, 0.00000000000000, 1.41453190303859,*****************,    0.00000000000000,
  109,    3, 1.35625000000000, 0.03125000000000, 1.41863951593156, 0.01436409240673, 1.40427542352483, 0.00567511253550, 0.00000000000000, 0.00796942105935, 1.40016781063185, 0.00000000000000, 1.41453190303859,*****************,    0.00000000000000,
  109,    4, 1.35625000000000, 0.04375000000000, 1.41863951593156, 0.01436409240673, 1.40427542352483, 0.00567511253550, 0.00000000000000, 0.00796942105935, 1.40016781063185, 0.00000000000000, 1.41453190303859,*****************,    0.00000000000000,
  109,    5, 1.35625000000000, 0.05625000000000, 1.41863951593156, 0.01436409240673, 1.40427542352483, 0.00567511253550, 0.00000000000000, 0.00796942105935, 1.40016781063185, 0.00000000000000, 1.41453190303859,*****************,    0.00000000000000,
  110,    1, 1.36875000000000, 0.00625000000000, 1.40735710427880, 0.01400748833103, 1.39334961594776, 0.00572447524076, 0.00000000000000, 0.00797619537821, 1.38920802858858, 0.00000000000000, 1.40321551691961,*****************,    0.00000000000000,
  110,    2, 1.36875000000000, 0.01875000000000, 1.40735710427880, 0.01400748833103, 1.39334961594776, 0.00572447524076, 0.00000000000000, 0.00797619537821, 1.38920802858858, 0.00000000000000, 1.40321551691961,*****************,    0.00000000000000,
  110,    3, 1.36875000000000, 0.03125000000000, 1.40735710427880, 0.01400748833103, 1.39334961594776, 0.00572447524076, 0.00000000000000, 0.00797619537821, 1.38920802858858, 0.00000000000000, 1.40321551691961,*****************,    0.00000000000000,
  110,    4, 1.36875000000000, 0.04375000000000, 1.40735710427880, 0.01400748833103, 1.39334961594776, 0.00572447524076, 0.00000000000000, 0.00797619537821, 1.38920802858858, 0.00000000000000, 1.40321551691961,*****************,    0.00000000000000,
  110,    5, 1.36875000000000, 0.05625000000000, 1.40735710427880, 0.01400748833103, 1.39334961594776, 0.00572447524076, 0.00000000000000, 0.00797619537821, 1.38920802858858, 0.00000000000000, 1.40321551691961,*****************,    0.00000000000000,
  111,    1, 1.38125000000000, 0.00625000000000, 1.39700800043679, 0.01364470499879, 1.38336329543800, 0.00577085107636, 0.00000000000000, 0.00798318356248, 1.37919004349413, 0.00000000000000, 1.39283474849292,*****************,    0.00000000000000,
  111,    2, 1.38125000000000, 0.01875000000000, 1.39700800043679, 0.01364470499879, 1.38336329543800, 0.00577085107636, 0.00000000000000, 0.00798318356248, 1.37919004349413, 0.00000000000000, 1.39283474849292,*****************,    0.00000000000000,
  111,    3, 1.38125000000000, 0.03125000000000, 1.39700800043679, 0.01364470499879, 1.38336329543800, 0.00577085107636, 0.00000000000000, 0.00798318356248, 1.37919004349413, 0.00000000000000, 1.39283474849292,*****************,    0.00000000000000,
  111,    4, 1.38125000000000, 0.04375000000000, 1.39700800043679, 0.01364470499879, 1.38336329543800, 0.00577085107636, 0.00000000000000, 0.00798318356248, 1.37919004349413, 0.00000000000000, 1.39283474849292,*****************,    0.00000000000000,
  111,    5, 1.38125000000000, 0.05625000000000, 1.39700800043679, 0.01364470499879, 1.38336329543800, 0.00577085107636, 0.00000000000000, 0.00798318356248, 1.37919004349413, 0.00000000000000, 1.39283474849292,*****************,    0.00000000000000,
  112,    1, 1.39375000000000, 0.00625000000000, 1.38760803573308, 0.01327630179562, 1.37433173393747, 0.00581400307194,-0.00000000000000, 0.00799036892298, 1.37012930235541, 0.00000000000000, 1.38340560415103,-9.62197307025564,    0.00000000000000,
  112,    2, 1.39375000000000, 0.01875000000000, 1.38760803573308, 0.01327630179562, 1.37433173393747, 0.00581400307194,-0.00000000000000, 0.00799036892298, 1.37012930235541, 0.00000000000000, 1.38340560415103,-9.62197307025564,    0.00000000000000,
  112,    3, 1.39375000000000, 0.03125000000000, 1.38760803573308, 0.01327630179562, 1.37433173393747, 0.00581400307194,-0.00000000000000, 0.00799036892298, 1.37012930235541, 0.00000000000000, 1.38340560415103,-9.62197307025564,    0.00000000000000,
  112,    4, 1.39375000000000, 0.04375000000000, 1.38760803573308, 0.01327630179562, 1.37433173393747, 0.00581400307194,-0.00000000000000, 0.00799036892298, 1.37012930235541, 0.00000000000000, 1.38340560415103,-9.62197307025564,    0.00000000000000,
  112,    5, 1.39375000000000, 0.05625000000000, 1.38760803573308, 0.01327630179562, 1.37433173393747, 0.00581400307194,-0.00000000000000, 0.00799036892298, 1.37012930235541, 0.00000000000000, 1.38340560415103,-9.62197307025564,    0.00000000000000,
  113,    1, 1.40625000000000, 0.00625000000000, 1.37917158337441, 0.01290284677254, 1.36626873660186, 0.00585370493656,-0.00000000000000, 0.00799773404812, 1.36203977617853, 0.00000000000000, 1.37494262295107,-8.52516161738554,    0.00000000000000,
  113,    2, 1.40625000000000, 0.01875000000000, 1.37917158337441, 0.01290284677254, 1.36626873660186, 0.00585370493656,-0.00000000000000, 0.00799773404812, 1.36203977617853, 0.00000000000000, 1.37494262295107,-8.52516161738554,    0.00000000000000,
  113,    3, 1.40625000000000, 0.03125000000000, 1.37917158337441, 0.01290284677254, 1.36626873660186, 0.00585370493656,-0.00000000000000, 0.00799773404812, 1.36203977617853, 0.00000000000000, 1.37494262295107,-8.52516161738554,    0.00000000000000,
  113,    4, 1.40625000000000, 0.04375000000000, 1.37917158337441, 0.01290284677254, 1.36626873660186, 0.00585370493656,-0.00000000000000, 0.00799773404812, 1.36203977617853, 0.00000000000000, 1.37494262295107,-8.52516161738554,    0.00000000000000,
  113,    5, 1.40625000000000, 0.05625000000000, 1.37917158337441, 0.01290284677254, 1.36626873660186, 0.00585370493656,-0.00000000000000, 0.00799773404812, 1.36203977617853, 0.00000000000000, 1.37494262295107,-8.52516161738554,    0.00000000000000,
  114,    1, 1.41875000000000, 0.00625000000000, 1.37171153808426, 0.01252491577015, 1.35918662231411, 0.00588974368476,-0.00000000000000, 0.00800526082518, 1.35493393842649, 0.00000000000000, 1.36745885419665,-7.43303317705662,    0.00000000000000,
  114,    2, 1.41875000000000, 0.01875000000000, 1.37171153808426, 0.01252491577015, 1.35918662231411, 0.00588974368476,-0.00000000000000, 0.00800526082518, 1.35493393842649, 0.00000000000000, 1.36745885419665,-7.43303317705662,    0.00000000000000,
  114,    3, 1.41875000000000, 0.03125000000000, 1.37171153808426, 0.01252491577015, 1.35918662231411, 0.00588974368476,-0.00000000000000, 0.00800526082518, 1.35493393842649, 0.00000000000000, 1.36745885419665,-7.43303317705662,    0.00000000000000,
  114,    4, 1.41875000000000, 0.04375000000000, 1.37171153808426, 0.01252491577015, 1.35918662231411, 0.00588974368476,-0.00000000000000, 0.00800526082518, 1.35493393842649, 0.00000000000000, 1.36745885419665,-7.43303317705662,    0.00000000000000,
  114,    5, 1.41875000000000, 0.05625000000000, 1.37171153808426, 0.01252491577015, 1.35918662231411, 0.00588974368476,-0.00000000000000, 0.00800526082518, 1.35493393842649, 0.00000000000000, 1.36745885419665,-7.43303317705662,    0.00000000000000,
  115,    1, 1.43125000000000, 0.00625000000000, 1.36523929799345, 0.01214309153065, 1.35309620646280, 0.00592192222964, 0.00000000000000, 0.00801293050390, 1.34882274578609, 0.00000000000000, 1.36096583731674,-6.34517133287181,    0.00000000000000,
  115,    2, 1.43125000000000, 0.01875000000000, 1.36523929799345, 0.01214309153065, 1.35309620646280, 0.00592192222964, 0.00000000000000, 0.00801293050390, 1.34882274578609, 0.00000000000000, 1.36096583731674,-6.34517133287181,    0.00000000000000,
  115,    3, 1.43125000000000, 0.03125000000000, 1.36523929799345, 0.01214309153065, 1.35309620646280, 0.00592192222964, 0.00000000000000, 0.00801293050390, 1.34882274578609, 0.00000000000000, 1.36096583731674,-6.34517133287181,    0.00000000000000,
  115,    4, 1.43125000000000, 0.04375000000000, 1.36523929799345, 0.01214309153065, 1.35309620646280, 0.00592192222964, 0.00000000000000, 0.00801293050390, 1.34882274578609, 0.00000000000000, 1.36096583731674,-6.34517133287181,    0.00000000000000,
  115,    5, 1.43125000000000, 0.05625000000000, 1.36523929799345, 0.01214309153065, 1.35309620646280, 0.00592192222964, 0.00000000000000, 0.00801293050390, 1.34882274578609, 0.00000000000000, 1.36096583731674,-6.34517133287181,    0.00000000000000,
  116,    1, 1.44375000000000, 0.00625000000000, 1.35976474876719, 0.01175796279934, 1.34800678596785, 0.00595006183517,-0.00000000000000, 0.00802072373074, 1.34371562127341, 0.00000000000000, 1.35547358407275,-5.26105514596554,    0.00000000000000,
  116,    2, 1.44375000000000, 0.01875000000000, 1.35976474876719, 0.01175796279934, 1.34800678596785, 0.00595006183517,-0.00000000000000, 0.00802072373074, 1.34371562127341, 0.00000000000000, 1.35547358407275,-5.26105514596554,    0.00000000000000,
  116,    3, 1.44375000000000, 0.03125000000000, 1.35976474876719, 0.01175796279934, 1.34800678596785, 0.00595006183517,-0.00000000000000, 0.00802072373074, 1.34371562127341, 0.00000000000000, 1.35547358407275,-5.26105514596554,    0.00000000000000,
  116,    4, 1.44375000000000, 0.04375000000000, 1.35976474876719, 0.01175796279934, 1.34800678596785, 0.00595006183517,-0.00000000000000, 0.00802072373074, 1.34371562127341, 0.00000000000000, 1.35547358407275,-5.26105514596554,    0.00000000000000,
  116,    5, 1.44375000000000, 0.05625000000000, 1.35976474876719, 0.01175796279934, 1.34800678596785, 0.00595006183517,-0.00000000000000, 0.00802072373074, 1.34371562127341, 0.00000000000000, 1.35547358407275,-5.26105514596554,    0.00000000000000,
  117,    1, 1.45625000000000, 0.00625000000000, 1.35529624994694, 0.01137012341682, 1.34392612653012, 0.00597400442648, 0.00000000000000, 0.00802862062875, 1.33962043970428, 0.00000000000000, 1.35099056312110,-4.18007351176911,    0.00000000000000,
  117,    2, 1.45625000000000, 0.01875000000000, 1.35529624994694, 0.01137012341682, 1.34392612653012, 0.00597400442648, 0.00000000000000, 0.00802862062875, 1.33962043970428, 0.00000000000000, 1.35099056312110,-4.18007351176911,    0.00000000000000,
  117,    3, 1.45625000000000, 0.03125000000000, 1.35529624994694, 0.01137012341682, 1.34392612653012, 0.00597400442648, 0.00000000000000, 0.00802862062875, 1.33962043970428, 0.00000000000000, 1.35099056312110,-4.18007351176911,    0.00000000000000,
  117,    4, 1.45625000000000, 0.04375000000000, 1.35529624994694, 0.01137012341682, 1.34392612653012, 0.00597400442648, 0.00000000000000, 0.00802862062875, 1.33962043970428, 0.00000000000000, 1.35099056312110,-4.18007351176911,    0.00000000000000,
  117,    5, 1.45625000000000, 0.05625000000000, 1.35529624994694, 0.01137012341682, 1.34392612653012, 0.00597400442648, 0.00000000000000, 0.00802862062875, 1.33962043970428, 0.00000000000000, 1.35099056312110,-4.18007351176911,    0.00000000000000,
  118,    1, 1.46875000000000, 0.00625000000000, 1.35184062348146, 0.01098017140330, 1.34086045207816, 0.00599361465078, 0.00000000000000, 0.00803660085023, 1.33654351555187, 0.00000000000000, 1.34752368695516,-3.10154017609872,    0.00000000000000,
  118,    2, 1.46875000000000, 0.01875000000000, 1.35184062348146, 0.01098017140330, 1.34086045207816, 0.00599361465078, 0.00000000000000, 0.00803660085023, 1.33654351555187, 0.00000000000000, 1.34752368695516,-3.10154017609872,    0.00000000000000,
  118,    3, 1.46875000000000, 0.03125000000000, 1.35184062348146, 0.01098017140330, 1.34086045207816, 0.00599361465078, 0.00000000000000, 0.00803660085023, 1.33654351555187, 0.00000000000000, 1.34752368695516,-3.10154017609872,    0.00000000000000,
  118,    4, 1.46875000000000, 0.04375000000000, 1.35184062348146, 0.01098017140330, 1.34086045207816, 0.00599361465078, 0.00000000000000, 0.00803660085023, 1.33654351555187, 0.00000000000000, 1.34752368695516,-3.10154017609872,    0.00000000000000,
  118,    5, 1.46875000000000, 0.05625000000000, 1.35184062348146, 0.01098017140330, 1.34086045207816, 0.00599361465078, 0.00000000000000, 0.00803660085023, 1.33654351555187, 0.00000000000000, 1.34752368695516,-3.10154017609872,    0.00000000000000,
  119,    1, 1.48125000000000, 0.00625000000000, 1.34940314442068, 0.01058870803651, 1.33881443638417, 0.00600878169289,-0.00000000000000, 0.00804464367553, 1.33448959321019, 0.00000000000000, 1.34507830124670,-2.02470930064234,    0.00000000000000,
  119,    2, 1.48125000000000, 0.01875000000000, 1.34940314442068, 0.01058870803651, 1.33881443638417, 0.00600878169289,-0.00000000000000, 0.00804464367553, 1.33448959321019, 0.00000000000000, 1.34507830124670,-2.02470930064234,    0.00000000000000,
  119,    3, 1.48125000000000, 0.03125000000000, 1.34940314442068, 0.01058870803651, 1.33881443638417, 0.00600878169289,-0.00000000000000, 0.00804464367553, 1.33448959321019, 0.00000000000000, 1.34507830124670,-2.02470930064234,    0.00000000000000,
  119,    4, 1.48125000000000, 0.04375000000000, 1.34940314442068, 0.01058870803651, 1.33881443638417, 0.00600878169289,-0.00000000000000, 0.00804464367553, 1.33448959321019, 0.00000000000000, 1.34507830124670,-2.02470930064234,    0.00000000000000,
  119,    5, 1.48125000000000, 0.05625000000000, 1.34940314442068, 0.01058870803651, 1.33881443638417, 0.00600878169289,-0.00000000000000, 0.00804464367553, 1.33448959321019, 0.00000000000000, 1.34507830124670,-2.02470930064234,    0.00000000000000,
  120,    1, 1.49375000000000, 0.00625000000000, 1.34798753374716, 0.01019633692461, 1.33779119682256, 0.00601942074583,-0.00000000000000, 0.00805272808375, 1.33346183967862, 0.00000000000000, 1.34365817660323,-0.94879146440225,    0.00000000000000,
  120,    2, 1.49375000000000, 0.01875000000000, 1.34798753374716, 0.01019633692461, 1.33779119682256, 0.00601942074583,-0.00000000000000, 0.00805272808375, 1.33346183967862, 0.00000000000000, 1.34365817660323,-0.94879146440225,    0.00000000000000,
  120,    3, 1.49375000000000, 0.03125000000000, 1.34798753374716, 0.01019633692461, 1.33779119682256, 0.00601942074583,-0.00000000000000, 0.00805272808375, 1.33346183967862, 0.00000000000000, 1.34365817660323,-0.94879146440225,    0.00000000000000,
  120,    4, 1.49375000000000, 0.04375000000000, 1.34798753374716, 0.01019633692461, 1.33779119682256, 0.00601942074583,-0.00000000000000, 0.00805272808375, 1.33346183967862, 0.00000000000000, 1.34365817660323,-0.94879146440225,    0.00000000000000,
  120,    5, 1.49375000000000, 0.05625000000000, 1.34798753374716, 0.01019633692461, 1.33779119682256, 0.00601942074583,-0.00000000000000, 0.00805272808375, 1.33346183967862, 0.00000000000000, 1.34365817660323,-0.94879146440225,    0.00000000000000,
  121,    1, 1.50625000000000, 0.00625000000000, 1.34759595332351, 0.00980366307539, 1.33779229024812, 0.00602547415305,-0.00000000000000, 0.00806083286704, 1.33346183967862, 0.00000000000000, 1.34326550275402, 0.12703001514370,    0.00000000000000,
  121,    2, 1.50625000000000, 0.01875000000000, 1.34759595332351, 0.00980366307539, 1.33779229024812, 0.00602547415305,-0.00000000000000, 0.00806083286704, 1.33346183967862, 0.00000000000000, 1.34326550275402, 0.12703001514370,    0.00000000000000,
  121,    3, 1.50625000000000, 0.03125000000000, 1.34759595332351, 0.00980366307539, 1.33779229024812, 0.00602547415305,-0.00000000000000, 0.00806083286704, 1.33346183967862, 0.00000000000000, 1.34326550275402, 0.12703001514370,    0.00000000000000,
  121,    4, 1.50625000000000, 0.04375000000000, 1.34759595332351, 0.00980366307539, 1.33779229024812, 0.00602547415305,-0.00000000000000, 0.00806083286704, 1.33346183967862, 0.00000000000000, 1.34326550275402, 0.12703001514370,    0.00000000000000,
  121,    5, 1.50625000000000, 0.05625000000000, 1.34759595332351, 0.00980366307539, 1.33779229024812, 0.00602547415305,-0.00000000000000, 0.00806083286704, 1.33346183967862, 0.00000000000000, 1.34326550275402, 0.12703001514370,    0.00000000000000,
  122,    1, 1.51875000000000, 0.00625000000000, 1.34822900294009, 0.00941129196349, 1.33881771097660, 0.00602691213798, 0.00000000000000, 0.00806893671283, 1.33448959321019, 0.00000000000000, 1.34390088517368, 1.20358255944911,    0.00000000000000,
  122,    2, 1.51875000000000, 0.01875000000000, 1.34822900294009, 0.00941129196349, 1.33881771097660, 0.00602691213798, 0.00000000000000, 0.00806893671283, 1.33448959321019, 0.00000000000000, 1.34390088517368, 1.20358255944911,    0.00000000000000,
  122,    3, 1.51875000000000, 0.03125000000000, 1.34822900294009, 0.00941129196349, 1.33881771097660, 0.00602691213798, 0.00000000000000, 0.00806893671283, 1.33448959321019, 0.00000000000000, 1.34390088517368, 1.20358255944911,    0.00000000000000,
  122,    4, 1.51875000000000, 0.04375000000000, 1.34822900294009, 0.00941129196349, 1.33881771097660, 0.00602691213798, 0.00000000000000, 0.00806893671283, 1.33448959321019, 0.00000000000000, 1.34390088517368, 1.20358255944911,    0.00000000000000,
  122,    5, 1.51875000000000, 0.05625000000000, 1.34822900294009, 0.00941129196349, 1.33881771097660, 0.00602691213798, 0.00000000000000, 0.00806893671283, 1.33448959321019, 0.00000000000000, 1.34390088517368, 1.20358255944911,    0.00000000000000,
  123,    1, 1.53125000000000, 0.00625000000000, 1.34988571945427, 0.00901982859670, 1.34086589085757, 0.00602373315615,-0.00000000000000, 0.00807701832471, 1.33654351555187, 0.00000000000000, 1.34556334414857, 2.28168772445407,    0.00000000000000,
  123,    2, 1.53125000000000, 0.01875000000000, 1.34988571945427, 0.00901982859670, 1.34086589085757, 0.00602373315615,-0.00000000000000, 0.00807701832471, 1.33654351555187, 0.00000000000000, 1.34556334414857, 2.28168772445407,    0.00000000000000,
  123,    3, 1.53125000000000, 0.03125000000000, 1.34988571945427, 0.00901982859670, 1.34086589085757, 0.00602373315615,-0.00000000000000, 0.00807701832471, 1.33654351555187, 0.00000000000000, 1.34556334414857, 2.28168772445407,    0.00000000000000,
  123,    4, 1.53125000000000, 0.04375000000000, 1.34988571945427, 0.00901982859670, 1.34086589085757, 0.00602373315615,-0.00000000000000, 0.00807701832471, 1.33654351555187, 0.00000000000000, 1.34556334414857, 2.28168772445407,    0.00000000000000,
  123,    5, 1.53125000000000, 0.05625000000000, 1.34988571945427, 0.00901982859670, 1.34086589085757, 0.00602373315615,-0.00000000000000, 0.00807701832471, 1.33654351555187, 0.00000000000000, 1.34556334414857, 2.28168772445407,    0.00000000000000,
  124,    1, 1.54375000000000, 0.00625000000000, 1.35256357802084, 0.00862987658318, 1.34393370143766, 0.00601596380613, 0.00000000000000, 0.00808505650569, 1.33962043970428, 0.00000000000000, 1.34825031628746, 3.36214463439778,    0.00000000000000,
  124,    2, 1.54375000000000, 0.01875000000000, 1.35256357802084, 0.00862987658318, 1.34393370143766, 0.00601596380613, 0.00000000000000, 0.00808505650569, 1.33962043970428, 0.00000000000000, 1.34825031628746, 3.36214463439778,    0.00000000000000,
  124,    3, 1.54375000000000, 0.03125000000000, 1.35256357802084, 0.00862987658318, 1.34393370143766, 0.00601596380613, 0.00000000000000, 0.00808505650569, 1.33962043970428, 0.00000000000000, 1.34825031628746, 3.36214463439778,    0.00000000000000,
  124,    4, 1.54375000000000, 0.04375000000000, 1.35256357802084, 0.00862987658318, 1.34393370143766, 0.00601596380613, 0.00000000000000, 0.00808505650569, 1.33962043970428, 0.00000000000000, 1.34825031628746, 3.36214463439778,    0.00000000000000,
  124,    5, 1.54375000000000, 0.05625000000000, 1.35256357802084, 0.00862987658318, 1.34393370143766, 0.00601596380613, 0.00000000000000, 0.00808505650569, 1.33962043970428, 0.00000000000000, 1.34825031628746, 3.36214463439778,    0.00000000000000,
  125,    1, 1.55625000000000, 0.00625000000000, 1.35625849542110, 0.00824203720066, 1.34801645822044, 0.00600365835686, 0.00000000000000, 0.00809303027458, 1.34371562127341, 0.00000000000000, 1.35195765847406, 4.44571357375756,    0.00000000000000,
  125,    2, 1.55625000000000, 0.01875000000000, 1.35625849542110, 0.00824203720066, 1.34801645822044, 0.00600365835686, 0.00000000000000, 0.00809303027458, 1.34371562127341, 0.00000000000000, 1.35195765847406, 4.44571357375756,    0.00000000000000,
  125,    3, 1.55625000000000, 0.03125000000000, 1.35625849542110, 0.00824203720066, 1.34801645822044, 0.00600365835686, 0.00000000000000, 0.00809303027458, 1.34371562127341, 0.00000000000000, 1.35195765847406, 4.44571357375756,    0.00000000000000,
  125,    4, 1.55625000000000, 0.04375000000000, 1.35625849542110, 0.00824203720066, 1.34801645822044, 0.00600365835686, 0.00000000000000, 0.00809303027458, 1.34371562127341, 0.00000000000000, 1.35195765847406, 4.44571357375756,    0.00000000000000,
  125,    5, 1.55625000000000, 0.05625000000000, 1.35625849542110, 0.00824203720066, 1.34801645822044, 0.00600365835686, 0.00000000000000, 0.00809303027458, 1.34371562127341, 0.00000000000000, 1.35195765847406, 4.44571357375756,    0.00000000000000,
  126,    1, 1.56875000000000, 0.00625000000000, 1.36096483550584, 0.00785690846935, 1.35310792703649, 0.00598689785021,-0.00000000000000, 0.00810091893947, 1.34882274578609, 0.00000000000000, 1.35667965425543, 5.53309985617987,    0.00000000000000,
  126,    2, 1.56875000000000, 0.01875000000000, 1.36096483550584, 0.00785690846935, 1.35310792703649, 0.00598689785021,-0.00000000000000, 0.00810091893947, 1.34882274578609, 0.00000000000000, 1.35667965425543, 5.53309985617987,    0.00000000000000,
  126,    3, 1.56875000000000, 0.03125000000000, 1.36096483550584, 0.00785690846935, 1.35310792703649, 0.00598689785021,-0.00000000000000, 0.00810091893947, 1.34882274578609, 0.00000000000000, 1.35667965425543, 5.53309985617987,    0.00000000000000,
  126,    4, 1.56875000000000, 0.04375000000000, 1.36096483550584, 0.00785690846935, 1.35310792703649, 0.00598689785021,-0.00000000000000, 0.00810091893947, 1.34882274578609, 0.00000000000000, 1.35667965425543, 5.53309985617987,    0.00000000000000,
  126,    5, 1.56875000000000, 0.05625000000000, 1.36096483550584, 0.00785690846935, 1.35310792703649, 0.00598689785021,-0.00000000000000, 0.00810091893947, 1.34882274578609, 0.00000000000000, 1.35667965425543, 5.53309985617987,    0.00000000000000,
  127,    1, 1.58125000000000, 0.00625000000000, 1.36667541677352, 0.00747508422985, 1.35920033254368, 0.00596578885843, 0.00000000000000, 0.00810870220026, 1.35493393842649, 0.00000000000000, 1.36240902265634, 6.62493808750069,    0.00000000000000,
  127,    2, 1.58125000000000, 0.01875000000000, 1.36667541677352, 0.00747508422985, 1.35920033254368, 0.00596578885843, 0.00000000000000, 0.00810870220026, 1.35493393842649, 0.00000000000000, 1.36240902265634, 6.62493808750069,    0.00000000000000,
  127,    3, 1.58125000000000, 0.03125000000000, 1.36667541677352, 0.00747508422985, 1.35920033254368, 0.00596578885843, 0.00000000000000, 0.00810870220026, 1.35493393842649, 0.00000000000000, 1.36240902265634, 6.62493808750069,    0.00000000000000,
  127,    4, 1.58125000000000, 0.04375000000000, 1.36667541677352, 0.00747508422985, 1.35920033254368, 0.00596578885843, 0.00000000000000, 0.00810870220026, 1.35493393842649, 0.00000000000000, 1.36240902265634, 6.62493808750069,    0.00000000000000,
  127,    5, 1.58125000000000, 0.05625000000000, 1.36667541677352, 0.00747508422985, 1.35920033254368, 0.00596578885843, 0.00000000000000, 0.00810870220026, 1.35493393842649, 0.00000000000000, 1.36240902265634, 6.62493808750069,    0.00000000000000,
  128,    1, 1.59375000000000, 0.00625000000000, 1.37338152210929, 0.00709715322746, 1.36628436888183, 0.00594046187621, 0.00000000000000, 0.00811636020540, 1.36203977617853, 0.00000000000000, 1.36913692940598, 7.72177693744012,    0.00000000000000,
  128,    2, 1.59375000000000, 0.01875000000000, 1.37338152210929, 0.00709715322746, 1.36628436888183, 0.00594046187621, 0.00000000000000, 0.00811636020540, 1.36203977617853, 0.00000000000000, 1.36913692940598, 7.72177693744012,    0.00000000000000,
  128,    3, 1.59375000000000, 0.03125000000000, 1.37338152210929, 0.00709715322746, 1.36628436888183, 0.00594046187621, 0.00000000000000, 0.00811636020540, 1.36203977617853, 0.00000000000000, 1.36913692940598, 7.72177693744012,    0.00000000000000,
  128,    4, 1.59375000000000, 0.04375000000000, 1.37338152210929, 0.00709715322746, 1.36628436888183, 0.00594046187621, 0.00000000000000, 0.00811636020540, 1.36203977617853, 0.00000000000000, 1.36913692940598, 7.72177693744012,    0.00000000000000,
  128,    5, 1.59375000000000, 0.05625000000000, 1.37338152210929, 0.00709715322746, 1.36628436888183, 0.00594046187621, 0.00000000000000, 0.00811636020540, 1.36203977617853, 0.00000000000000, 1.36913692940598, 7.72177693744012,    0.00000000000000,
  129,    1, 1.60625000000000, 0.00625000000000, 1.38107291071214, 0.00672369820438, 1.37434921250776, 0.00591106944455, 0.00000000000000, 0.00812387363620, 1.37012930235541, 0.00000000000000, 1.37685300055980, 8.82406453130665,    0.00000000000000,
  129,    2, 1.60625000000000, 0.01875000000000, 1.38107291071214, 0.00672369820438, 1.37434921250776, 0.00591106944455, 0.00000000000000, 0.00812387363620, 1.37012930235541, 0.00000000000000, 1.37685300055980, 8.82406453130665,    0.00000000000000,
  129,    3, 1.60625000000000, 0.03125000000000, 1.38107291071214, 0.00672369820438, 1.37434921250776, 0.00591106944455, 0.00000000000000, 0.00812387363620, 1.37012930235541, 0.00000000000000, 1.37685300055980, 8.82406453130665,    0.00000000000000,
  129,    4, 1.60625000000000, 0.04375000000000, 1.38107291071214, 0.00672369820438, 1.37434921250776, 0.00591106944455, 0.00000000000000, 0.00812387363620, 1.37012930235541, 0.00000000000000, 1.37685300055980, 8.82406453130665,    0.00000000000000,
  129,    5, 1.60625000000000, 0.05625000000000, 1.38107291071214, 0.00672369820438, 1.37434921250776, 0.00591106944455, 0.00000000000000, 0.00812387363620, 1.37012930235541, 0.00000000000000, 1.37685300055980, 8.82406453130665,    0.00000000000000,
  130,    1, 1.61875000000000, 0.00625000000000, 1.38973783223761, 0.00635529500121, 1.38338253723641, 0.00587778400183,-0.00000000000000, 0.00813122374578, 1.37919004349413, 0.00000000000000, 1.38554533849534, 9.93213456908456,    0.00000000000000,
  130,    2, 1.61875000000000, 0.01875000000000, 1.38973783223761, 0.00635529500121, 1.38338253723641, 0.00587778400183,-0.00000000000000, 0.00813122374578, 1.37919004349413, 0.00000000000000, 1.38554533849534, 9.93213456908456,    0.00000000000000,
  130,    3, 1.61875000000000, 0.03125000000000, 1.38973783223761, 0.00635529500121, 1.38338253723641, 0.00587778400183,-0.00000000000000, 0.00813122374578, 1.37919004349413, 0.00000000000000, 1.38554533849534, 9.93213456908456,    0.00000000000000,
  130,    4, 1.61875000000000, 0.04375000000000, 1.38973783223761, 0.00635529500121, 1.38338253723641, 0.00587778400183,-0.00000000000000, 0.00813122374578, 1.37919004349413, 0.00000000000000, 1.38554533849534, 9.93213456908456,    0.00000000000000,
  130,    5, 1.61875000000000, 0.05625000000000, 1.38973783223761, 0.00635529500121, 1.38338253723641, 0.00587778400183,-0.00000000000000, 0.00813122374578, 1.37919004349413, 0.00000000000000, 1.38554533849534, 9.93213456908456,    0.00000000000000,
  131,    1, 1.63125000000000, 0.00625000000000, 1.39936304318005, 0.00599251166897, 1.39337053151108, 0.00584079556956, 0.00000000000000, 0.00813839242721, 1.38920802858858, 0.00000000000000, 1.39520054025754,11.04619327462920,    0.00000000000000,
  131,    2, 1.63125000000000, 0.01875000000000, 1.39936304318005, 0.00599251166897, 1.39337053151108, 0.00584079556956, 0.00000000000000, 0.00813839242721, 1.38920802858858, 0.00000000000000, 1.39520054025754,11.04619327462920,    0.00000000000000,
  131,    3, 1.63125000000000, 0.03125000000000, 1.39936304318005, 0.00599251166897, 1.39337053151108, 0.00584079556956, 0.00000000000000, 0.00813839242721, 1.38920802858858, 0.00000000000000, 1.39520054025754,11.04619327462920,    0.00000000000000,
  131,    4, 1.63125000000000, 0.04375000000000, 1.39936304318005, 0.00599251166897, 1.39337053151108, 0.00584079556956, 0.00000000000000, 0.00813839242721, 1.38920802858858, 0.00000000000000, 1.39520054025754,11.04619327462920,    0.00000000000000,
  131,    5, 1.63125000000000, 0.05625000000000, 1.39936304318005, 0.00599251166897, 1.39337053151108, 0.00584079556956, 0.00000000000000, 0.00813839242721, 1.38920802858858, 0.00000000000000, 1.39520054025754,11.04619327462920,    0.00000000000000,
  132,    1, 1.64375000000000, 0.00625000000000, 1.40993382551391, 0.00563590759327, 1.40429791792064, 0.00580030927582,-0.00000000000000, 0.00814536223933, 1.40016781063185, 0.00000000000000, 1.40580371822512,12.16630727238261,    0.00000000000000,
  132,    2, 1.64375000000000, 0.01875000000000, 1.40993382551391, 0.00563590759327, 1.40429791792064, 0.00580030927582,-0.00000000000000, 0.00814536223933, 1.40016781063185, 0.00000000000000, 1.40580371822512,12.16630727238261,    0.00000000000000,
  132,    3, 1.64375000000000, 0.03125000000000, 1.40993382551391, 0.00563590759327, 1.40429791792064, 0.00580030927582,-0.00000000000000, 0.00814536223933, 1.40016781063185, 0.00000000000000, 1.40580371822512,12.16630727238261,    0.00000000000000,
  132,    4, 1.64375000000000, 0.04375000000000, 1.40993382551391, 0.00563590759327, 1.40429791792064, 0.00580030927582,-0.00000000000000, 0.00814536223933, 1.40016781063185, 0.00000000000000, 1.40580371822512,12.16630727238261,    0.00000000000000,
  132,    5, 1.64375000000000, 0.05625000000000, 1.40993382551391, 0.00563590759327, 1.40429791792064, 0.00580030927582,-0.00000000000000, 0.00814536223933, 1.40016781063185, 0.00000000000000, 1.40580371822512,12.16630727238261,    0.00000000000000,
  133,    1, 1.65625000000000, 0.00625000000000, 1.42143400760666, 0.00528603263174, 1.41614797497492, 0.00575654282579, 0.00000000000000, 0.00815211646560, 1.41205249043443, 0.00000000000000, 1.41733852306617,13.29239248308725,    0.00000000000000,
  133,    2, 1.65625000000000, 0.01875000000000, 1.42143400760666, 0.00528603263174, 1.41614797497492, 0.00575654282579, 0.00000000000000, 0.00815211646560, 1.41205249043443, 0.00000000000000, 1.41733852306617,13.29239248308725,    0.00000000000000,
  133,    3, 1.65625000000000, 0.03125000000000, 1.42143400760666, 0.00528603263174, 1.41614797497492, 0.00575654282579, 0.00000000000000, 0.00815211646560, 1.41205249043443, 0.00000000000000, 1.41733852306617,13.29239248308725,    0.00000000000000,
  133,    4, 1.65625000000000, 0.04375000000000, 1.42143400760666, 0.00528603263174, 1.41614797497492, 0.00575654282579, 0.00000000000000, 0.00815211646560, 1.41205249043443, 0.00000000000000, 1.41733852306617,13.29239248308725,    0.00000000000000,
  133,    5, 1.65625000000000, 0.05625000000000, 1.42143400760666, 0.00528603263174, 1.41614797497492, 0.00575654282579, 0.00000000000000, 0.00815211646560, 1.41205249043443, 0.00000000000000, 1.41733852306617,13.29239248308725,    0.00000000000000,
  134,    1, 1.66875000000000, 0.00625000000000, 1.43384598740801, 0.00494342626622, 1.42890256114179, 0.00570972392149,-0.00000000000000, 0.00815863913484, 1.42484374268147, 0.00000000000000, 1.42978716894769,14.42420412344745,    0.00000000000000,
  134,    2, 1.66875000000000, 0.01875000000000, 1.43384598740801, 0.00494342626622, 1.42890256114179, 0.00570972392149,-0.00000000000000, 0.00815863913484, 1.42484374268147, 0.00000000000000, 1.42978716894769,14.42420412344745,    0.00000000000000,
  134,    3, 1.66875000000000, 0.03125000000000, 1.43384598740801, 0.00494342626622, 1.42890256114179, 0.00570972392149,-0.00000000000000, 0.00815863913484, 1.42484374268147, 0.00000000000000, 1.42978716894769,14.42420412344745,    0.00000000000000,
  134,    4, 1.66875000000000, 0.04375000000000, 1.43384598740801, 0.00494342626622, 1.42890256114179, 0.00570972392149,-0.00000000000000, 0.00815863913484, 1.42484374268147, 0.00000000000000, 1.42978716894769,14.42420412344745,    0.00000000000000,
  134,    5, 1.66875000000000, 0.05625000000000, 1.43384598740801, 0.00494342626622, 1.42890256114179, 0.00570972392149,-0.00000000000000, 0.00815863913484, 1.42484374268147, 0.00000000000000, 1.42978716894769,14.42420412344745,    0.00000000000000,
  135,    1, 1.68125000000000, 0.00625000000000, 1.44715075791136, 0.00460861677089, 1.44254214114047, 0.00566008773427,-0.00000000000000, 0.00816491507923, 1.43852184418914, 0.00000000000000, 1.44313046096003,15.56132788761362,    0.00000000000000,
  135,    2, 1.68125000000000, 0.01875000000000, 1.44715075791136, 0.00460861677089, 1.44254214114047, 0.00566008773427,-0.00000000000000, 0.00816491507923, 1.43852184418914, 0.00000000000000, 1.44313046096003,15.56132788761362,    0.00000000000000,
  135,    3, 1.68125000000000, 0.03125000000000, 1.44715075791136, 0.00460861677089, 1.44254214114047, 0.00566008773427,-0.00000000000000, 0.00816491507923, 1.43852184418914, 0.00000000000000, 1.44313046096003,15.56132788761362,    0.00000000000000,
  135,    4, 1.68125000000000, 0.04375000000000, 1.44715075791136, 0.00460861677089, 1.44254214114047, 0.00566008773427,-0.00000000000000, 0.00816491507923, 1.43852184418914, 0.00000000000000, 1.44313046096003,15.56132788761362,    0.00000000000000,
  135,    5, 1.68125000000000, 0.05625000000000, 1.44715075791136, 0.00460861677089, 1.44254214114047, 0.00566008773427,-0.00000000000000, 0.00816491507923, 1.43852184418914, 0.00000000000000, 1.44313046096003,15.56132788761362,    0.00000000000000,
  136,    1, 1.69375000000000, 0.00625000000000, 1.46132793487410, 0.00428212039772, 1.45704581447637, 0.00560787442425,-0.00000000000000, 0.00817092995797, 1.45306570431632, 0.00000000000000, 1.45734782471405,16.70317238078234,    0.00000000000000,
  136,    2, 1.69375000000000, 0.01875000000000, 1.46132793487410, 0.00428212039772, 1.45704581447637, 0.00560787442425,-0.00000000000000, 0.00817092995797, 1.45306570431632, 0.00000000000000, 1.45734782471405,16.70317238078234,    0.00000000000000,
  136,    3, 1.69375000000000, 0.03125000000000, 1.46132793487410, 0.00428212039772, 1.45704581447637, 0.00560787442425,-0.00000000000000, 0.00817092995797, 1.45306570431632, 0.00000000000000, 1.45734782471405,16.70317238078234,    0.00000000000000,
  136,    4, 1.69375000000000, 0.04375000000000, 1.46132793487410, 0.00428212039772, 1.45704581447637, 0.00560787442425,-0.00000000000000, 0.00817092995797, 1.45306570431632, 0.00000000000000, 1.45734782471405,16.70317238078234,    0.00000000000000,
  136,    5, 1.69375000000000, 0.05625000000000, 1.46132793487410, 0.00428212039772, 1.45704581447637, 0.00560787442425,-0.00000000000000, 0.00817092995797, 1.45306570431632, 0.00000000000000, 1.45734782471405,16.70317238078234,    0.00000000000000,
  137,    1, 1.70625000000000, 0.00625000000000, 1.47635578677476, 0.00396444058046, 1.47239134619430, 0.00555332679868,-0.00000000000000, 0.00817667032097, 1.46845289748486, 0.00000000000000, 1.47241733806533,17.84896286716768,    0.00000000000000,
  137,    2, 1.70625000000000, 0.01875000000000, 1.47635578677476, 0.00396444058046, 1.47239134619430, 0.00555332679868,-0.00000000000000, 0.00817667032097, 1.46845289748486, 0.00000000000000, 1.47241733806533,17.84896286716768,    0.00000000000000,
  137,    3, 1.70625000000000, 0.03125000000000, 1.47635578677476, 0.00396444058046, 1.47239134619430, 0.00555332679868,-0.00000000000000, 0.00817667032097, 1.46845289748486, 0.00000000000000, 1.47241733806533,17.84896286716768,    0.00000000000000,
  137,    4, 1.70625000000000, 0.04375000000000, 1.47635578677476, 0.00396444058046, 1.47239134619430, 0.00555332679868,-0.00000000000000, 0.00817667032097, 1.46845289748486, 0.00000000000000, 1.47241733806533,17.84896286716768,    0.00000000000000,
  137,    5, 1.70625000000000, 0.05625000000000, 1.47635578677476, 0.00396444058046, 1.47239134619430, 0.00555332679868,-0.00000000000000, 0.00817667032097, 1.46845289748486, 0.00000000000000, 1.47241733806533,17.84896286716768,    0.00000000000000,
  138,    1, 1.71875000000000, 0.00625000000000, 1.49221126697577, 0.00365606715836, 1.48855519981740, 0.00549668809117,-0.00000000000000, 0.00818212363988, 1.48465969775818, 0.00000000000000, 1.48831576491654,18.99773638615118,    0.00000000000000,
  138,    2, 1.71875000000000, 0.01875000000000, 1.49221126697577, 0.00365606715836, 1.48855519981740, 0.00549668809117,-0.00000000000000, 0.00818212363988, 1.48465969775818, 0.00000000000000, 1.48831576491654,18.99773638615118,    0.00000000000000,
  138,    3, 1.71875000000000, 0.03125000000000, 1.49221126697577, 0.00365606715836, 1.48855519981740, 0.00549668809117,-0.00000000000000, 0.00818212363988, 1.48465969775818, 0.00000000000000, 1.48831576491654,18.99773638615118,    0.00000000000000,
  138,    4, 1.71875000000000, 0.04375000000000, 1.49221126697577, 0.00365606715836, 1.48855519981740, 0.00549668809117,-0.00000000000000, 0.00818212363988, 1.48465969775818, 0.00000000000000, 1.48831576491654,18.99773638615118,    0.00000000000000,
  138,    5, 1.71875000000000, 0.05625000000000, 1.49221126697577, 0.00365606715836, 1.48855519981740, 0.00549668809117,-0.00000000000000, 0.00818212363988, 1.48465969775818, 0.00000000000000, 1.48831576491654,18.99773638615118,    0.00000000000000,
  139,    1, 1.73125000000000, 0.00625000000000, 1.50887004805281, 0.00335747562089, 1.50551257243192, 0.00543819993908, 0.00000000000000, 0.00818727837968, 1.50166111542494, 0.00000000000000, 1.50501859104582,20.14833828161734,    0.00000000000000,
  139,    2, 1.73125000000000, 0.01875000000000, 1.50887004805281, 0.00335747562089, 1.50551257243192, 0.00543819993908, 0.00000000000000, 0.00818727837968, 1.50166111542494, 0.00000000000000, 1.50501859104582,20.14833828161734,    0.00000000000000,
  139,    3, 1.73125000000000, 0.03125000000000, 1.50887004805281, 0.00335747562089, 1.50551257243192, 0.00543819993908, 0.00000000000000, 0.00818727837968, 1.50166111542494, 0.00000000000000, 1.50501859104582,20.14833828161734,    0.00000000000000,
  139,    4, 1.73125000000000, 0.04375000000000, 1.50887004805281, 0.00335747562089, 1.50551257243192, 0.00543819993908, 0.00000000000000, 0.00818727837968, 1.50166111542494, 0.00000000000000, 1.50501859104582,20.14833828161734,    0.00000000000000,
  139,    5, 1.73125000000000, 0.05625000000000, 1.50887004805281, 0.00335747562089, 1.50551257243192, 0.00543819993908, 0.00000000000000, 0.00818727837968, 1.50166111542494, 0.00000000000000, 1.50501859104582,20.14833828161734,    0.00000000000000,
  140,    1, 1.74375000000000, 0.00625000000000, 1.52630655824413, 0.00306912637454, 1.52323743186959, 0.00537810052800, 0.00000000000000, 0.00819212403661, 1.51943093553139, 0.00000000000000, 1.52250006190593,21.29942018037780,    0.00000000000000,
  140,    2, 1.74375000000000, 0.01875000000000, 1.52630655824413, 0.00306912637454, 1.52323743186959, 0.00537810052800, 0.00000000000000, 0.00819212403661, 1.51943093553139, 0.00000000000000, 1.52250006190593,21.29942018037780,    0.00000000000000,
  140,    3, 1.74375000000000, 0.03125000000000, 1.52630655824413, 0.00306912637454, 1.52323743186959, 0.00537810052800, 0.00000000000000, 0.00819212403661, 1.51943093553139, 0.00000000000000, 1.52250006190593,21.29942018037780,    0.00000000000000,
  140,    4, 1.74375000000000, 0.04375000000000, 1.52630655824413, 0.00306912637454, 1.52323743186959, 0.00537810052800, 0.00000000000000, 0.00819212403661, 1.51943093553139, 0.00000000000000, 1.52250006190593,21.29942018037780,    0.00000000000000,
  140,    5, 1.74375000000000, 0.05625000000000, 1.52630655824413, 0.00306912637454, 1.52323743186959, 0.00537810052800, 0.00000000000000, 0.00819212403661, 1.51943093553139, 0.00000000000000, 1.52250006190593,21.29942018037780,    0.00000000000000,
  141,    1, 1.75625000000000, 0.00625000000000, 1.54449401996638, 0.00279146403297, 1.54170255593341, 0.00531662296531, 0.00000000000000, 0.00819665121455, 1.53794175830291, 0.00000000000000, 1.54073322233588,22.44943944624189,    0.00000000000000,
  141,    2, 1.75625000000000, 0.01875000000000, 1.54449401996638, 0.00279146403297, 1.54170255593341, 0.00531662296531, 0.00000000000000, 0.00819665121455, 1.53794175830291, 0.00000000000000, 1.54073322233588,22.44943944624189,    0.00000000000000,
  141,    3, 1.75625000000000, 0.03125000000000, 1.54449401996638, 0.00279146403297, 1.54170255593341, 0.00531662296531, 0.00000000000000, 0.00819665121455, 1.53794175830291, 0.00000000000000, 1.54073322233588,22.44943944624189,    0.00000000000000,
  141,    4, 1.75625000000000, 0.04375000000000, 1.54449401996638, 0.00279146403297, 1.54170255593341, 0.00531662296531, 0.00000000000000, 0.00819665121455, 1.53794175830291, 0.00000000000000, 1.54073322233588,22.44943944624189,    0.00000000000000,
  141,    5, 1.75625000000000, 0.05625000000000, 1.54449401996638, 0.00279146403297, 1.54170255593341, 0.00531662296531, 0.00000000000000, 0.00819665121455, 1.53794175830291, 0.00000000000000, 1.54073322233588,22.44943944624189,    0.00000000000000,
  142,    1, 1.76875000000000, 0.00625000000000, 1.56340449033752, 0.00252491673137, 1.56087957360615, 0.00525399383993, 0.00000000000000, 0.00820085166459, 1.55716504139248, 0.00000000000000, 1.55968995812385,23.59666012675975,    0.00000000000000,
  142,    2, 1.76875000000000, 0.01875000000000, 1.56340449033752, 0.00252491673137, 1.56087957360615, 0.00525399383993, 0.00000000000000, 0.00820085166459, 1.55716504139248, 0.00000000000000, 1.55968995812385,23.59666012675975,    0.00000000000000,
  142,    3, 1.76875000000000, 0.03125000000000, 1.56340449033752, 0.00252491673137, 1.56087957360615, 0.00525399383993, 0.00000000000000, 0.00820085166459, 1.55716504139248, 0.00000000000000, 1.55968995812385,23.59666012675975,    0.00000000000000,
  142,    4, 1.76875000000000, 0.04375000000000, 1.56340449033752, 0.00252491673137, 1.56087957360615, 0.00525399383993, 0.00000000000000, 0.00820085166459, 1.55716504139248, 0.00000000000000, 1.55968995812385,23.59666012675975,    0.00000000000000,
  142,    5, 1.76875000000000, 0.05625000000000, 1.56340449033752, 0.00252491673137, 1.56087957360615, 0.00525399383993, 0.00000000000000, 0.00820085166459, 1.55716504139248, 0.00000000000000, 1.55968995812385,23.59666012675975,    0.00000000000000,
  143,    1, 1.78125000000000, 0.00625000000000, 1.58300890364153, 0.00226989546637, 1.58073900817516, 0.00519043201741, 0.00000000000000, 0.00820471835920, 1.57707114389090, 0.00000000000000, 1.57934103935728,24.73915540000561,    0.00000000000000,
  143,    2, 1.78125000000000, 0.01875000000000, 1.58300890364153, 0.00226989546637, 1.58073900817516, 0.00519043201741, 0.00000000000000, 0.00820471835920, 1.57707114389090, 0.00000000000000, 1.57934103935728,24.73915540000561,    0.00000000000000,
  143,    3, 1.78125000000000, 0.03125000000000, 1.58300890364153, 0.00226989546637, 1.58073900817516, 0.00519043201741, 0.00000000000000, 0.00820471835920, 1.57707114389090, 0.00000000000000, 1.57934103935728,24.73915540000561,    0.00000000000000,
  143,    4, 1.78125000000000, 0.04375000000000, 1.58300890364153, 0.00226989546637, 1.58073900817516, 0.00519043201741, 0.00000000000000, 0.00820471835920, 1.57707114389090, 0.00000000000000, 1.57934103935728,24.73915540000561,    0.00000000000000,
  143,    5, 1.78125000000000, 0.05625000000000, 1.58300890364153, 0.00226989546637, 1.58073900817516, 0.00519043201741, 0.00000000000000, 0.00820471835920, 1.57707114389090, 0.00000000000000, 1.57934103935728,24.73915540000561,    0.00000000000000,
  144,    1, 1.79375000000000, 0.00625000000000, 1.60327711566520, 0.00202679346227, 1.60125032220292, 0.00512614761803, 0.00000000000000, 0.00820824552504, 1.59762937203095, 0.00000000000000, 1.59965616549323,25.87481151904704,    0.00000000000000,
  144,    2, 1.79375000000000, 0.01875000000000, 1.60327711566520, 0.00202679346227, 1.60125032220292, 0.00512614761803, 0.00000000000000, 0.00820824552504, 1.59762937203095, 0.00000000000000, 1.59965616549323,25.87481151904704,    0.00000000000000,
  144,    3, 1.79375000000000, 0.03125000000000, 1.60327711566520, 0.00202679346227, 1.60125032220292, 0.00512614761803, 0.00000000000000, 0.00820824552504, 1.59762937203095, 0.00000000000000, 1.59965616549323,25.87481151904704,    0.00000000000000,
  144,    4, 1.79375000000000, 0.04375000000000, 1.60327711566520, 0.00202679346227, 1.60125032220292, 0.00512614761803, 0.00000000000000, 0.00820824552504, 1.59762937203095, 0.00000000000000, 1.59965616549323,25.87481151904704,    0.00000000000000,
  144,    5, 1.79375000000000, 0.05625000000000, 1.60327711566520, 0.00202679346227, 1.60125032220292, 0.00512614761803, 0.00000000000000, 0.00820824552504, 1.59762937203095, 0.00000000000000, 1.59965616549323,25.87481151904704,    0.00000000000000,
  145,    1, 1.80625000000000, 0.00625000000000, 1.62417794983212, 0.00179598556474, 1.62238196426738, 0.00506134121723, 0.00000000000000, 0.00821142870583, 1.61880802651493, 0.00000000000000, 1.62060401207967,27.00133324201529,    0.00000000000000,
  145,    2, 1.80625000000000, 0.01875000000000, 1.62417794983212, 0.00179598556474, 1.62238196426738, 0.00506134121723, 0.00000000000000, 0.00821142870583, 1.61880802651493, 0.00000000000000, 1.62060401207967,27.00133324201529,    0.00000000000000,
  145,    3, 1.80625000000000, 0.03125000000000, 1.62417794983212, 0.00179598556474, 1.62238196426738, 0.00506134121723, 0.00000000000000, 0.00821142870583, 1.61880802651493, 0.00000000000000, 1.62060401207967,27.00133324201529,    0.00000000000000,
  145,    4, 1.80625000000000, 0.04375000000000, 1.62417794983212, 0.00179598556474, 1.62238196426738, 0.00506134121723, 0.00000000000000, 0.00821142870583, 1.61880802651493, 0.00000000000000, 1.62060401207967,27.00133324201529,    0.00000000000000,
  145,    5, 1.80625000000000, 0.05625000000000, 1.62417794983212, 0.00179598556474, 1.62238196426738, 0.00506134121723, 0.00000000000000, 0.00821142870583, 1.61880802651493, 0.00000000000000, 1.62060401207967,27.00133324201529,    0.00000000000000,
  146,    1, 1.81875000000000, 0.00625000000000, 1.64567924505550, 0.00157782766284, 1.64410141739267, 0.00499620321024, 0.00000000000000, 0.00821426477953, 1.64057445139267, 0.00000000000000, 1.64215227905550,28.11625072602139,    0.00000000000000,
  146,    2, 1.81875000000000, 0.01875000000000, 1.64567924505550, 0.00157782766284, 1.64410141739267, 0.00499620321024, 0.00000000000000, 0.00821426477953, 1.64057445139267, 0.00000000000000, 1.64215227905550,28.11625072602139,    0.00000000000000,
  146,    3, 1.81875000000000, 0.03125000000000, 1.64567924505550, 0.00157782766284, 1.64410141739267, 0.00499620321024, 0.00000000000000, 0.00821426477953, 1.64057445139267, 0.00000000000000, 1.64215227905550,28.11625072602139,    0.00000000000000,
  146,    4, 1.81875000000000, 0.04375000000000, 1.64567924505550, 0.00157782766284, 1.64410141739267, 0.00499620321024, 0.00000000000000, 0.00821426477953, 1.64057445139267, 0.00000000000000, 1.64215227905550,28.11625072602139,    0.00000000000000,
  146,    5, 1.81875000000000, 0.05625000000000, 1.64567924505550, 0.00157782766284, 1.64410141739267, 0.00499620321024, 0.00000000000000, 0.00821426477953, 1.64057445139267, 0.00000000000000, 1.64215227905550,28.11625072602139,    0.00000000000000,
  147,    1, 1.83125000000000, 0.00625000000000, 1.66774790522720, 0.00137265614022, 1.66637524908698, 0.00493091337370, 0.00000000000000, 0.00821675200133, 1.66289508441468, 0.00000000000000, 1.66426774055490,29.21692785360314,    0.00000000000000,
  147,    2, 1.83125000000000, 0.01875000000000, 1.66774790522720, 0.00137265614022, 1.66637524908698, 0.00493091337370, 0.00000000000000, 0.00821675200133, 1.66289508441468, 0.00000000000000, 1.66426774055490,29.21692785360314,    0.00000000000000,
  147,    3, 1.83125000000000, 0.03125000000000, 1.66774790522720, 0.00137265614022, 1.66637524908698, 0.00493091337370, 0.00000000000000, 0.00821675200133, 1.66289508441468, 0.00000000000000, 1.66426774055490,29.21692785360314,    0.00000000000000,
  147,    4, 1.83125000000000, 0.04375000000000, 1.66774790522720, 0.00137265614022, 1.66637524908698, 0.00493091337370, 0.00000000000000, 0.00821675200133, 1.66289508441468, 0.00000000000000, 1.66426774055490,29.21692785360314,    0.00000000000000,
  147,    5, 1.83125000000000, 0.05625000000000, 1.66774790522720, 0.00137265614022, 1.66637524908698, 0.00493091337370, 0.00000000000000, 0.00821675200133, 1.66289508441468, 0.00000000000000, 1.66426774055490,29.21692785360314,    0.00000000000000,
  148,    1, 1.84375000000000, 0.00625000000000, 1.69034995025740, 0.00118078735652, 1.68916916290089, 0.00486564056347, 0.00000000000000, 0.00821888999758, 1.68573550878267, 0.00000000000000, 1.68691629613918,30.30057195100959,    0.00000000000000,
  148,    2, 1.84375000000000, 0.01875000000000, 1.69034995025740, 0.00118078735652, 1.68916916290089, 0.00486564056347, 0.00000000000000, 0.00821888999758, 1.68573550878267, 0.00000000000000, 1.68691629613918,30.30057195100959,    0.00000000000000,
  148,    3, 1.84375000000000, 0.03125000000000, 1.69034995025740, 0.00118078735652, 1.68916916290089, 0.00486564056347, 0.00000000000000, 0.00821888999758, 1.68573550878267, 0.00000000000000, 1.68691629613918,30.30057195100959,    0.00000000000000,
  148,    4, 1.84375000000000, 0.04375000000000, 1.69034995025740, 0.00118078735652, 1.68916916290089, 0.00486564056347, 0.00000000000000, 0.00821888999758, 1.68573550878267, 0.00000000000000, 1.68691629613918,30.30057195100959,    0.00000000000000,
  148,    5, 1.84375000000000, 0.05625000000000, 1.69034995025740, 0.00118078735652, 1.68916916290089, 0.00486564056347, 0.00000000000000, 0.00821888999758, 1.68573550878267, 0.00000000000000, 1.68691629613918,30.30057195100959,    0.00000000000000,
  149,    1, 1.85625000000000, 0.00625000000000, 1.71345056857606, 0.00100251715948, 1.71244805141658, 0.00480054257770, 0.00000000000000, 0.00822067978293, 1.70906050621777, 0.00000000000000, 1.71006302337725,31.36424484848134,    0.00000000000000,
  149,    2, 1.85625000000000, 0.01875000000000, 1.71345056857606, 0.00100251715948, 1.71244805141658, 0.00480054257770, 0.00000000000000, 0.00822067978293, 1.70906050621777, 0.00000000000000, 1.71006302337725,31.36424484848134,    0.00000000000000,
  149,    3, 1.85625000000000, 0.03125000000000, 1.71345056857606, 0.00100251715948, 1.71244805141658, 0.00480054257770, 0.00000000000000, 0.00822067978293, 1.70906050621777, 0.00000000000000, 1.71006302337725,31.36424484848134,    0.00000000000000,
  149,    4, 1.85625000000000, 0.04375000000000, 1.71345056857606, 0.00100251715948, 1.71244805141658, 0.00480054257770, 0.00000000000000, 0.00822067978293, 1.70906050621777, 0.00000000000000, 1.71006302337725,31.36424484848134,    0.00000000000000,
  149,    5, 1.85625000000000, 0.05625000000000, 1.71345056857606, 0.00100251715948, 1.71244805141658, 0.00480054257770, 0.00000000000000, 0.00822067978293, 1.70906050621777, 0.00000000000000, 1.71006302337725,31.36424484848134,    0.00000000000000,
  150,    1, 1.86875000000000, 0.00625000000000, 1.73701417100460, 0.00083812042883, 1.73617605057577, 0.00473576612446, 0.00000000000000, 0.00822212372642, 1.73283411126457, 0.00000000000000, 1.73367223169340,32.40487522383053,    0.00000000000000,
  150,    2, 1.86875000000000, 0.01875000000000, 1.73701417100460, 0.00083812042883, 1.73617605057577, 0.00473576612446, 0.00000000000000, 0.00822212372642, 1.73283411126457, 0.00000000000000, 1.73367223169340,32.40487522383053,    0.00000000000000,
  150,    3, 1.86875000000000, 0.03125000000000, 1.73701417100460, 0.00083812042883, 1.73617605057577, 0.00473576612446, 0.00000000000000, 0.00822212372642, 1.73283411126457, 0.00000000000000, 1.73367223169340,32.40487522383053,    0.00000000000000,
  150,    4, 1.86875000000000, 0.04375000000000, 1.73701417100460, 0.00083812042883, 1.73617605057577, 0.00473576612446, 0.00000000000000, 0.00822212372642, 1.73283411126457, 0.00000000000000, 1.73367223169340,32.40487522383053,    0.00000000000000,
  150,    5, 1.86875000000000, 0.05625000000000, 1.73701417100460, 0.00083812042883, 1.73617605057577, 0.00473576612446, 0.00000000000000, 0.00822212372642, 1.73283411126457, 0.00000000000000, 1.73367223169340,32.40487522383053,    0.00000000000000,
  151,    1, 1.88125000000000, 0.00625000000000, 1.76100444590408, 0.00068785065241, 1.76031659525167, 0.00467144692159, 0.00000000000000, 0.00822322553991, 1.75701966674723, 0.00000000000000, 1.75770751739965,33.41927216211794,    0.00000000000000,
  151,    2, 1.88125000000000, 0.01875000000000, 1.76100444590408, 0.00068785065241, 1.76031659525167, 0.00467144692159, 0.00000000000000, 0.00822322553991, 1.75701966674723, 0.00000000000000, 1.75770751739965,33.41927216211794,    0.00000000000000,
  151,    3, 1.88125000000000, 0.03125000000000, 1.76100444590408, 0.00068785065241, 1.76031659525167, 0.00467144692159, 0.00000000000000, 0.00822322553991, 1.75701966674723, 0.00000000000000, 1.75770751739965,33.41927216211794,    0.00000000000000,
  151,    4, 1.88125000000000, 0.04375000000000, 1.76100444590408, 0.00068785065241, 1.76031659525167, 0.00467144692159, 0.00000000000000, 0.00822322553991, 1.75701966674723, 0.00000000000000, 1.75770751739965,33.41927216211794,    0.00000000000000,
  151,    5, 1.88125000000000, 0.05625000000000, 1.76100444590408, 0.00068785065241, 1.76031659525167, 0.00467144692159, 0.00000000000000, 0.00822322553991, 1.75701966674723, 0.00000000000000, 1.75770751739965,33.41927216211794,    0.00000000000000,
  152,    1, 1.89375000000000, 0.00625000000000, 1.78538441550398, 0.00055193953533, 1.78483247596865, 0.00460770986981, 0.00000000000000, 0.00822399021548, 1.78157988029220, 0.00000000000000, 1.78213181982754,34.40413985611561,    0.00000000000000,
  152,    2, 1.89375000000000, 0.01875000000000, 1.78538441550398, 0.00055193953533, 1.78483247596865, 0.00460770986981, 0.00000000000000, 0.00822399021548, 1.78157988029220, 0.00000000000000, 1.78213181982754,34.40413985611561,    0.00000000000000,
  152,    3, 1.89375000000000, 0.03125000000000, 1.78538441550398, 0.00055193953533, 1.78483247596865, 0.00460770986981, 0.00000000000000, 0.00822399021548, 1.78157988029220, 0.00000000000000, 1.78213181982754,34.40413985611561,    0.00000000000000,
  152,    4, 1.89375000000000, 0.04375000000000, 1.78538441550398, 0.00055193953533, 1.78483247596865, 0.00460770986981, 0.00000000000000, 0.00822399021548, 1.78157988029220, 0.00000000000000, 1.78213181982754,34.40413985611561,    0.00000000000000,
  152,    5, 1.89375000000000, 0.05625000000000, 1.78538441550398, 0.00055193953533, 1.78483247596865, 0.00460770986981, 0.00000000000000, 0.00822399021548, 1.78157988029220, 0.00000000000000, 1.78213181982754,34.40413985611561,    0.00000000000000,
  153,    1, 1.90625000000000, 0.00625000000000, 1.81011649331392, 0.00043059664268, 1.80968589667124, 0.00454466932687, 0.00000000000000, 0.00822442398587, 1.80647688183036, 0.00000000000000, 1.80690747847304,35.35609336459002,    0.00000000000000,
  153,    2, 1.90625000000000, 0.01875000000000, 1.81011649331392, 0.00043059664268, 1.80968589667124, 0.00454466932687, 0.00000000000000, 0.00822442398587, 1.80647688183036, 0.00000000000000, 1.80690747847304,35.35609336459002,    0.00000000000000,
  153,    3, 1.90625000000000, 0.03125000000000, 1.81011649331392, 0.00043059664268, 1.80968589667124, 0.00454466932687, 0.00000000000000, 0.00822442398587, 1.80647688183036, 0.00000000000000, 1.80690747847304,35.35609336459002,    0.00000000000000,
  153,    4, 1.90625000000000, 0.04375000000000, 1.81011649331392, 0.00043059664268, 1.80968589667124, 0.00454466932687, 0.00000000000000, 0.00822442398587, 1.80647688183036, 0.00000000000000, 1.80690747847304,35.35609336459002,    0.00000000000000,
  153,    5, 1.90625000000000, 0.05625000000000, 1.81011649331392, 0.00043059664268, 1.80968589667124, 0.00454466932687, 0.00000000000000, 0.00822442398587, 1.80647688183036, 0.00000000000000, 1.80690747847304,35.35609336459002,    0.00000000000000,
  154,    1, 1.91875000000000, 0.00625000000000, 1.83516254251947, 0.00032400907640, 1.83483853344307, 0.00448242942674, 0.00000000000000, 0.00822453423562, 1.83167228198989, 0.00000000000000, 1.83199629106629,36.27167533828368,    0.00000000000000,
  154,    2, 1.91875000000000, 0.01875000000000, 1.83516254251947, 0.00032400907640, 1.83483853344307, 0.00448242942674, 0.00000000000000, 0.00822453423562, 1.83167228198989, 0.00000000000000, 1.83199629106629,36.27167533828368,    0.00000000000000,
  154,    3, 1.91875000000000, 0.03125000000000, 1.83516254251947, 0.00032400907640, 1.83483853344307, 0.00448242942674, 0.00000000000000, 0.00822453423562, 1.83167228198989, 0.00000000000000, 1.83199629106629,36.27167533828368,    0.00000000000000,
  154,    4, 1.91875000000000, 0.04375000000000, 1.83516254251947, 0.00032400907640, 1.83483853344307, 0.00448242942674, 0.00000000000000, 0.00822453423562, 1.83167228198989, 0.00000000000000, 1.83199629106629,36.27167533828368,    0.00000000000000,
  154,    5, 1.91875000000000, 0.05625000000000, 1.83516254251947, 0.00032400907640, 1.83483853344307, 0.00448242942674, 0.00000000000000, 0.00822453423562, 1.83167228198989, 0.00000000000000, 1.83199629106629,36.27167533828368,    0.00000000000000,
  155,    1, 1.93125000000000, 0.00625000000000, 1.86048393526209, 0.00023234118679, 1.86025159407530, 0.00442108447244, 0.00000000000000, 0.00822432943740, 1.85712723128997, 0.00000000000000, 1.85735957247676,37.14737361686283,    0.00000000000000,
  155,    2, 1.93125000000000, 0.01875000000000, 1.86048393526209, 0.00023234118679, 1.86025159407530, 0.00442108447244, 0.00000000000000, 0.00822432943740, 1.85712723128997, 0.00000000000000, 1.85735957247676,37.14737361686283,    0.00000000000000,
  155,    3, 1.93125000000000, 0.03125000000000, 1.86048393526209, 0.00023234118679, 1.86025159407530, 0.00442108447244, 0.00000000000000, 0.00822432943740, 1.85712723128997, 0.00000000000000, 1.85735957247676,37.14737361686283,    0.00000000000000,
  155,    4, 1.93125000000000, 0.04375000000000, 1.86048393526209, 0.00023234118679, 1.86025159407530, 0.00442108447244, 0.00000000000000, 0.00822432943740, 1.85712723128997, 0.00000000000000, 1.85735957247676,37.14737361686283,    0.00000000000000,
  155,    5, 1.93125000000000, 0.05625000000000, 1.86048393526209, 0.00023234118679, 1.86025159407530, 0.00442108447244, 0.00000000000000, 0.00822432943740, 1.85712723128997, 0.00000000000000, 1.85735957247676,37.14737361686283,    0.00000000000000,
  156,    1, 1.94375000000000, 0.00625000000000, 1.88604161270221, 0.00015573431910, 1.88588587838311, 0.00436071935006, 0.00000000000000, 0.00822381904186, 1.88280248004376, 0.00000000000000, 1.88295821436286,37.97963959407425,    0.00000000000000,
  156,    2, 1.94375000000000, 0.01875000000000, 1.88604161270221, 0.00015573431910, 1.88588587838311, 0.00436071935006, 0.00000000000000, 0.00822381904186, 1.88280248004376, 0.00000000000000, 1.88295821436286,37.97963959407425,    0.00000000000000,
  156,    3, 1.94375000000000, 0.03125000000000, 1.88604161270221, 0.00015573431910, 1.88588587838311, 0.00436071935006, 0.00000000000000, 0.00822381904186, 1.88280248004376, 0.00000000000000, 1.88295821436286,37.97963959407425,    0.00000000000000,
  156,    4, 1.94375000000000, 0.04375000000000, 1.88604161270221, 0.00015573431910, 1.88588587838311, 0.00436071935006, 0.00000000000000, 0.00822381904186, 1.88280248004376, 0.00000000000000, 1.88295821436286,37.97963959407425,    0.00000000000000,
  156,    5, 1.94375000000000, 0.05625000000000, 1.88604161270221, 0.00015573431910, 1.88588587838311, 0.00436071935006, 0.00000000000000, 0.00822381904186, 1.88280248004376, 0.00000000000000, 1.88295821436286,37.97963959407425,    0.00000000000000,
  157,    1, 1.95625000000000, 0.00625000000000, 1.91179614576429, 0.00009430659556, 1.91170183916873, 0.00430140999370, 0.00000000000000, 0.00822301339598, 1.90865843887869, 0.00000000000000, 1.90875274547425,38.76490724295439,    0.00000000000000,
  157,    2, 1.95625000000000, 0.01875000000000, 1.91179614576429, 0.00009430659556, 1.91170183916873, 0.00430140999370, 0.00000000000000, 0.00822301339598, 1.90865843887869, 0.00000000000000, 1.90875274547425,38.76490724295439,    0.00000000000000,
  157,    3, 1.95625000000000, 0.03125000000000, 1.91179614576429, 0.00009430659556, 1.91170183916873, 0.00430140999370, 0.00000000000000, 0.00822301339598, 1.90865843887869, 0.00000000000000, 1.90875274547425,38.76490724295439,    0.00000000000000,
  157,    4, 1.95625000000000, 0.04375000000000, 1.91179614576429, 0.00009430659556, 1.91170183916873, 0.00430140999370, 0.00000000000000, 0.00822301339598, 1.90865843887869, 0.00000000000000, 1.90875274547425,38.76490724295439,    0.00000000000000,
  157,    5, 1.95625000000000, 0.05625000000000, 1.91179614576429, 0.00009430659556, 1.91170183916873, 0.00430140999370, 0.00000000000000, 0.00822301339598, 1.90865843887869, 0.00000000000000, 1.90875274547425,38.76490724295439,    0.00000000000000,
  158,    1, 1.96875000000000, 0.00625000000000, 1.93770779646214, 0.00004815273328, 1.93765964372886, 0.00424322385252, 0.00000000000000, 0.00822192361834, 1.93465523978029, 0.00000000000000, 1.93470339251357,39.49961268819336,    0.00000000000000,
  158,    2, 1.96875000000000, 0.01875000000000, 1.93770779646214, 0.00004815273328, 1.93765964372886, 0.00424322385252, 0.00000000000000, 0.00822192361834, 1.93465523978029, 0.00000000000000, 1.93470339251357,39.49961268819336,    0.00000000000000,
  158,    3, 1.96875000000000, 0.03125000000000, 1.93770779646214, 0.00004815273328, 1.93765964372886, 0.00424322385252, 0.00000000000000, 0.00822192361834, 1.93465523978029, 0.00000000000000, 1.93470339251357,39.49961268819336,    0.00000000000000,
  158,    4, 1.96875000000000, 0.04375000000000, 1.93770779646214, 0.00004815273328, 1.93765964372886, 0.00424322385252, 0.00000000000000, 0.00822192361834, 1.93465523978029, 0.00000000000000, 1.93470339251357,39.49961268819336,    0.00000000000000,
  158,    5, 1.96875000000000, 0.05625000000000, 1.93770779646214, 0.00004815273328, 1.93765964372886, 0.00424322385252, 0.00000000000000, 0.00822192361834, 1.93465523978029, 0.00000000000000, 1.93470339251357,39.49961268819336,    0.00000000000000,
  159,    1, 1.98125000000000, 0.00625000000000, 1.96373657970267, 0.00001734389815, 1.96371923580452, 0.00418622039077, 0.00000000000000, 0.00822056150667, 1.96075279756587, 0.00000000000000, 1.96077014146403,40.18021420870512,    0.00000000000000,
  159,    2, 1.98125000000000, 0.01875000000000, 1.96373657970267, 0.00001734389815, 1.96371923580452, 0.00418622039077, 0.00000000000000, 0.00822056150667, 1.96075279756587, 0.00000000000000, 1.96077014146403,40.18021420870512,    0.00000000000000,
  159,    3, 1.98125000000000, 0.03125000000000, 1.96373657970267, 0.00001734389815, 1.96371923580452, 0.00418622039077, 0.00000000000000, 0.00822056150667, 1.96075279756587, 0.00000000000000, 1.96077014146403,40.18021420870512,    0.00000000000000,
  159,    4, 1.98125000000000, 0.04375000000000, 1.96373657970267, 0.00001734389815, 1.96371923580452, 0.00418622039077, 0.00000000000000, 0.00822056150667, 1.96075279756587, 0.00000000000000, 1.96077014146403,40.18021420870512,    0.00000000000000,
  159,    5, 1.98125000000000, 0.05625000000000, 1.96373657970267, 0.00001734389815, 1.96371923580452, 0.00418622039077, 0.00000000000000, 0.00822056150667, 1.96075279756587, 0.00000000000000, 1.96077014146403,40.18021420870512,    0.00000000000000,
  160,    1, 1.99375000000000, 0.00625000000000, 1.98984232546662, 0.00000192759518, 1.98984039787144, 0.00413045157534, 0.00000000000000, 0.00821893940606, 1.98691087169291, 0.00000000000000, 1.98691279928809,40.80321255011862,    0.00000000000000,
  160,    2, 1.99375000000000, 0.01875000000000, 1.98984232546662, 0.00000192759518, 1.98984039787144, 0.00413045157534, 0.00000000000000, 0.00821893940606, 1.98691087169291, 0.00000000000000, 1.98691279928809,40.80321255011862,    0.00000000000000,
  160,    3, 1.99375000000000, 0.03125000000000, 1.98984232546662, 0.00000192759518, 1.98984039787144, 0.00413045157534, 0.00000000000000, 0.00821893940606, 1.98691087169291, 0.00000000000000, 1.98691279928809,40.80321255011862,    0.00000000000000,
  160,    4, 1.99375000000000, 0.04375000000000, 1.98984232546662, 0.00000192759518, 1.98984039787144, 0.00413045157534, 0.00000000000000, 0.00821893940606, 1.98691087169291, 0.00000000000000, 1.98691279928809,40.80321255011862,    0.00000000000000,
  160,    5, 1.99375000000000, 0.05625000000000, 1.98984232546662, 0.00000192759518, 1.98984039787144, 0.00413045157534, 0.00000000000000, 0.00821893940606, 1.98691087169291, 0.00000000000000, 1.98691279928809,40.80321255011862,    0.00000000000000,
