x (nodes),y (nodes),x (m),y (m),h + zb (m),zb (m),h (m),u (m/s),v (m/s), q (m^2/s), h analytical (m), u analytical (m/s), h analytical + zb (m) , Fx (m^2/s^2), Fy (m^2/s^2)
    1,    1,    0.01250000000000,    0.01250000000000,    2.05056131721295,    0.00000000000000,    2.05056131721295,    0.00000023343918,   -0.00000000000000,    0.00000047868136,    2.02617321050605,    0.00000000000000,    2.02617321050605,   41.59769383173931,    0.00000000000000,
    1,    2,    0.01250000000000,    0.03750000000000,    2.05056131721295,    0.00000000000000,    2.05056131721295,    0.00000023343918,   -0.00000000000000,    0.00000047868136,    2.02617321050605,    0.00000000000000,    2.02617321050605,   41.59769383173931,    0.00000000000000,
    1,    3,    0.01250000000000,    0.06250000000000,    2.05056131721295,    0.00000000000000,    2.05056131721295,    0.00000023343918,   -0.00000000000000,    0.00000047868136,    2.02617321050605,    0.00000000000000,    2.02617321050605,   41.59769383173931,    0.00000000000000,
    1,    4,    0.01250000000000,    0.08750000000000,    2.05056131721295,    0.00000000000000,    2.05056131721295,    0.00000023343918,   -0.00000000000000,    0.00000047868136,    2.02617321050605,    0.00000000000000,    2.02617321050605,   41.59769383173931,    0.00000000000000,
    1,    5,    0.01250000000000,    0.11250000000000,    2.05056131721295,    0.00000000000000,    2.05056131721295,    0.00000023343918,   -0.00000000000000,    0.00000047868136,    2.02617321050605,    0.00000000000000,    2.02617321050605,   41.59769383173931,    0.00000000000000,
    2,    1,    0.03750000000000,    0.01250000000000,    2.10215519431732,    0.00000000000000,    2.10215519431732,    0.00000020746239,    0.00000000000000,    0.00000043611813,    2.07835826497189,    0.00000000000000,    2.07835826497189,   42.40599325828556,    0.00000000000000,
    2,    2,    0.03750000000000,    0.03750000000000,    2.10215519431732,    0.00000000000000,    2.10215519431732,    0.00000020746239,    0.00000000000000,    0.00000043611813,    2.07835826497189,    0.00000000000000,    2.07835826497189,   42.40599325828556,    0.00000000000000,
    2,    3,    0.03750000000000,    0.06250000000000,    2.10215519431732,    0.00000000000000,    2.10215519431732,    0.00000020746239,    0.00000000000000,    0.00000043611813,    2.07835826497189,    0.00000000000000,    2.07835826497189,   42.40599325828556,    0.00000000000000,
    2,    4,    0.03750000000000,    0.08750000000000,    2.10215519431732,    0.00000000000000,    2.10215519431732,    0.00000020746239,    0.00000000000000,    0.00000043611813,    2.07835826497189,    0.00000000000000,    2.07835826497189,   42.40599325828556,    0.00000000000000,
    2,    5,    0.03750000000000,    0.11250000000000,    2.10215519431732,    0.00000000000000,    2.10215519431732,    0.00000020746239,    0.00000000000000,    0.00000043611813,    2.07835826497189,    0.00000000000000,    2.07835826497189,   42.40599325828556,    0.00000000000000,
    3,    1,    0.06250000000000,    0.01250000000000,    2.15330082038523,    0.00000000000000,    2.15330082038523,    0.00000018302685,    0.00000000000000,    0.00000039411188,    2.13006021467742,    0.00000000000000,    2.13006021467742,   42.92333517647729,    0.00000000000000,
    3,    2,    0.06250000000000,    0.03750000000000,    2.15330082038523,    0.00000000000000,    2.15330082038523,    0.00000018302685,    0.00000000000000,    0.00000039411188,    2.13006021467742,    0.00000000000000,    2.13006021467742,   42.92333517647729,    0.00000000000000,
    3,    3,    0.06250000000000,    0.06250000000000,    2.15330082038523,    0.00000000000000,    2.15330082038523,    0.00000018302685,    0.00000000000000,    0.00000039411188,    2.13006021467742,    0.00000000000000,    2.13006021467742,   42.92333517647729,    0.00000000000000,
    3,    4,    0.06250000000000,    0.08750000000000,    2.15330082038523,    0.00000000000000,    2.15330082038523,    0.00000018302685,    0.00000000000000,    0.00000039411188,    2.13006021467742,    0.00000000000000,    2.13006021467742,   42.92333517647729,    0.00000000000000,
    3,    5,    0.06250000000000,    0.11250000000000,    2.15330082038523,    0.00000000000000,    2.15330082038523,    0.00000018302685,    0.00000000000000,    0.00000039411188,    2.13006021467742,    0.00000000000000,    2.13006021467742,   42.92333517647729,    0.00000000000000,
    4,    1,    0.08750000000000,    0.01250000000000,    2.20367979254443,    0.00000000000000,    2.20367979254443,    0.00000016032278,    0.00000000000000,    0.00000035330006,    2.18096029991005,    0.00000000000000,    2.18096029991005,   43.12766441433456,    0.00000000000000,
    4,    2,    0.08750000000000,    0.03750000000000,    2.20367979254443,    0.00000000000000,    2.20367979254443,    0.00000016032278,    0.00000000000000,    0.00000035330006,    2.18096029991005,    0.00000000000000,    2.18096029991005,   43.12766441433456,    0.00000000000000,
    4,    3,    0.08750000000000,    0.06250000000000,    2.20367979254443,    0.00000000000000,    2.20367979254443,    0.00000016032278,    0.00000000000000,    0.00000035330006,    2.18096029991005,    0.00000000000000,    2.18096029991005,   43.12766441433456,    0.00000000000000,
    4,    4,    0.08750000000000,    0.08750000000000,    2.20367979254443,    0.00000000000000,    2.20367979254443,    0.00000016032278,    0.00000000000000,    0.00000035330006,    2.18096029991005,    0.00000000000000,    2.18096029991005,   43.12766441433456,    0.00000000000000,
    4,    5,    0.08750000000000,    0.11250000000000,    2.20367979254443,    0.00000000000000,    2.20367979254443,    0.00000016032278,    0.00000000000000,    0.00000035330006,    2.18096029991005,    0.00000000000000,    2.18096029991005,   43.12766441433456,    0.00000000000000,
    5,    1,    0.11250000000000,    0.01250000000000,    2.25297831223483,    0.00000000000000,    2.25297831223483,    0.00000013945859,    0.00000000000000,    0.00000031419718,    2.23074470471833,    0.00000000000000,    2.23074470471833,   43.00004680593045,    0.00000000000000,
    5,    2,    0.11250000000000,    0.03750000000000,    2.25297831223483,    0.00000000000000,    2.25297831223483,    0.00000013945859,    0.00000000000000,    0.00000031419718,    2.23074470471833,    0.00000000000000,    2.23074470471833,   43.00004680593045,    0.00000000000000,
    5,    3,    0.11250000000000,    0.06250000000000,    2.25297831223483,    0.00000000000000,    2.25297831223483,    0.00000013945859,    0.00000000000000,    0.00000031419718,    2.23074470471833,    0.00000000000000,    2.23074470471833,   43.00004680593045,    0.00000000000000,
    5,    4,    0.11250000000000,    0.08750000000000,    2.25297831223483,    0.00000000000000,    2.25297831223483,    0.00000013945859,    0.00000000000000,    0.00000031419718,    2.23074470471833,    0.00000000000000,    2.23074470471833,   43.00004680593045,    0.00000000000000,
    5,    5,    0.11250000000000,    0.11250000000000,    2.25297831223483,    0.00000000000000,    2.25297831223483,    0.00000013945859,    0.00000000000000,    0.00000031419718,    2.23074470471833,    0.00000000000000,    2.23074470471833,   43.00004680593045,    0.00000000000000,
    6,    1,    0.13750000000000,    0.01250000000000,    2.30088919488644,    0.00000000000000,    2.30088919488644,    0.00000012047552,   -0.00000000000000,    0.00000027720082,    2.27910649169162,    0.00000000000000,    2.27910649169162,   42.52522112940878,    0.00000000000000,
    6,    2,    0.13750000000000,    0.03750000000000,    2.30088919488644,    0.00000000000000,    2.30088919488644,    0.00000012047552,   -0.00000000000000,    0.00000027720082,    2.27910649169162,    0.00000000000000,    2.27910649169162,   42.52522112940878,    0.00000000000000,
    6,    3,    0.13750000000000,    0.06250000000000,    2.30088919488644,    0.00000000000000,    2.30088919488644,    0.00000012047552,   -0.00000000000000,    0.00000027720082,    2.27910649169162,    0.00000000000000,    2.27910649169162,   42.52522112940878,    0.00000000000000,
    6,    4,    0.13750000000000,    0.08750000000000,    2.30088919488644,    0.00000000000000,    2.30088919488644,    0.00000012047552,   -0.00000000000000,    0.00000027720082,    2.27910649169162,    0.00000000000000,    2.27910649169162,   42.52522112940878,    0.00000000000000,
    6,    5,    0.13750000000000,    0.11250000000000,    2.30088919488644,    0.00000000000000,    2.30088919488644,    0.00000012047552,   -0.00000000000000,    0.00000027720082,    2.27910649169162,    0.00000000000000,    2.27910649169162,   42.52522112940878,    0.00000000000000,
    7,    1,    0.16250000000000,    0.01250000000000,    2.34711382754413,    0.00000000000000,    2.34711382754413,    0.00000010336098,   -0.00000000000000,    0.00000024259998,    2.32574749433130,    0.00000000000000,    2.32574749433130,   41.69208835317315,    0.00000000000000,
    7,    2,    0.16250000000000,    0.03750000000000,    2.34711382754413,    0.00000000000000,    2.34711382754413,    0.00000010336098,   -0.00000000000000,    0.00000024259998,    2.32574749433130,    0.00000000000000,    2.32574749433130,   41.69208835317315,    0.00000000000000,
    7,    3,    0.16250000000000,    0.06250000000000,    2.34711382754413,    0.00000000000000,    2.34711382754413,    0.00000010336098,   -0.00000000000000,    0.00000024259998,    2.32574749433130,    0.00000000000000,    2.32574749433130,   41.69208835317315,    0.00000000000000,
    7,    4,    0.16250000000000,    0.08750000000000,    2.34711382754413,    0.00000000000000,    2.34711382754413,    0.00000010336098,   -0.00000000000000,    0.00000024259998,    2.32574749433130,    0.00000000000000,    2.32574749433130,   41.69208835317315,    0.00000000000000,
    7,    5,    0.16250000000000,    0.11250000000000,    2.34711382754413,    0.00000000000000,    2.34711382754413,    0.00000010336098,   -0.00000000000000,    0.00000024259998,    2.32574749433130,    0.00000000000000,    2.32574749433130,   41.69208835317315,    0.00000000000000,
    8,    1,    0.18750000000000,    0.01250000000000,    2.39136406322914,    0.00000000000000,    2.39136406322914,    0.00000008806047,   -0.00000000000000,    0.00000021058465,    2.37038015534640,    0.00000000000000,    2.37038015534640,   40.49412544383733,    0.00000000000000,
    8,    2,    0.18750000000000,    0.03750000000000,    2.39136406322914,    0.00000000000000,    2.39136406322914,    0.00000008806047,   -0.00000000000000,    0.00000021058465,    2.37038015534640,    0.00000000000000,    2.37038015534640,   40.49412544383733,    0.00000000000000,
    8,    3,    0.18750000000000,    0.06250000000000,    2.39136406322914,    0.00000000000000,    2.39136406322914,    0.00000008806047,   -0.00000000000000,    0.00000021058465,    2.37038015534640,    0.00000000000000,    2.37038015534640,   40.49412544383733,    0.00000000000000,
    8,    4,    0.18750000000000,    0.08750000000000,    2.39136406322914,    0.00000000000000,    2.39136406322914,    0.00000008806047,   -0.00000000000000,    0.00000021058465,    2.37038015534640,    0.00000000000000,    2.37038015534640,   40.49412544383733,    0.00000000000000,
    8,    5,    0.18750000000000,    0.11250000000000,    2.39136406322914,    0.00000000000000,    2.39136406322914,    0.00000008806047,   -0.00000000000000,    0.00000021058465,    2.37038015534640,    0.00000000000000,    2.37038015534640,   40.49412544383733,    0.00000000000000,
    9,    1,    0.21250000000000,    0.01250000000000,    2.43336404141657,    0.00000000000000,    2.43336404141657,    0.00000007448786,   -0.00000000000000,    0.00000018125608,    2.41272929953989,    0.00000000000000,    2.41272929953989,   38.92971268030296,    0.00000000000000,
    9,    2,    0.21250000000000,    0.03750000000000,    2.43336404141657,    0.00000000000000,    2.43336404141657,    0.00000007448786,   -0.00000000000000,    0.00000018125608,    2.41272929953989,    0.00000000000000,    2.41272929953989,   38.92971268030296,    0.00000000000000,
    9,    3,    0.21250000000000,    0.06250000000000,    2.43336404141657,    0.00000000000000,    2.43336404141657,    0.00000007448786,   -0.00000000000000,    0.00000018125608,    2.41272929953989,    0.00000000000000,    2.41272929953989,   38.92971268030296,    0.00000000000000,
    9,    4,    0.21250000000000,    0.08750000000000,    2.43336404141657,    0.00000000000000,    2.43336404141657,    0.00000007448786,   -0.00000000000000,    0.00000018125608,    2.41272929953989,    0.00000000000000,    2.41272929953989,   38.92971268030296,    0.00000000000000,
    9,    5,    0.21250000000000,    0.11250000000000,    2.43336404141657,    0.00000000000000,    2.43336404141657,    0.00000007448786,   -0.00000000000000,    0.00000018125608,    2.41272929953989,    0.00000000000000,    2.41272929953989,   38.92971268030296,    0.00000000000000,
   10,    1,    0.23750000000000,    0.01250000000000,    2.47285192454570,    0.00000000000000,    2.47285192454570,    0.00000006253391,   -0.00000000000000,    0.00000015463711,    2.45253383035529,    0.00000000000000,    2.45253383035529,   37.00236538667328,    0.00000000000000,
   10,    2,    0.23750000000000,    0.03750000000000,    2.47285192454570,    0.00000000000000,    2.47285192454570,    0.00000006253391,   -0.00000000000000,    0.00000015463711,    2.45253383035529,    0.00000000000000,    2.45253383035529,   37.00236538667328,    0.00000000000000,
   10,    3,    0.23750000000000,    0.06250000000000,    2.47285192454570,    0.00000000000000,    2.47285192454570,    0.00000006253391,   -0.00000000000000,    0.00000015463711,    2.45253383035529,    0.00000000000000,    2.45253383035529,   37.00236538667328,    0.00000000000000,
   10,    4,    0.23750000000000,    0.08750000000000,    2.47285192454570,    0.00000000000000,    2.47285192454570,    0.00000006253391,   -0.00000000000000,    0.00000015463711,    2.45253383035529,    0.00000000000000,    2.45253383035529,   37.00236538667328,    0.00000000000000,
   10,    5,    0.23750000000000,    0.11250000000000,    2.47285192454570,    0.00000000000000,    2.47285192454570,    0.00000006253391,   -0.00000000000000,    0.00000015463711,    2.45253383035529,    0.00000000000000,    2.45253383035529,   37.00236538667328,    0.00000000000000,
   11,    1,    0.26250000000000,    0.01250000000000,    2.50958154099811,    0.00000000000000,    2.50958154099811,    0.00000005207329,   -0.00000000000000,    0.00000013068217,    2.48954833962379,    0.00000000000000,    2.48954833962379,   34.72086319515044,    0.00000000000000,
   11,    2,    0.26250000000000,    0.03750000000000,    2.50958154099811,    0.00000000000000,    2.50958154099811,    0.00000005207329,   -0.00000000000000,    0.00000013068217,    2.48954833962379,    0.00000000000000,    2.48954833962379,   34.72086319515044,    0.00000000000000,
   11,    3,    0.26250000000000,    0.06250000000000,    2.50958154099811,    0.00000000000000,    2.50958154099811,    0.00000005207329,   -0.00000000000000,    0.00000013068217,    2.48954833962379,    0.00000000000000,    2.48954833962379,   34.72086319515044,    0.00000000000000,
   11,    4,    0.26250000000000,    0.08750000000000,    2.50958154099811,    0.00000000000000,    2.50958154099811,    0.00000005207329,   -0.00000000000000,    0.00000013068217,    2.48954833962379,    0.00000000000000,    2.48954833962379,   34.72086319515044,    0.00000000000000,
   11,    5,    0.26250000000000,    0.11250000000000,    2.50958154099811,    0.00000000000000,    2.50958154099811,    0.00000005207329,   -0.00000000000000,    0.00000013068217,    2.48954833962379,    0.00000000000000,    2.48954833962379,   34.72086319515044,    0.00000000000000,
   12,    1,    0.28750000000000,    0.01250000000000,    2.54332392550165,    0.00000000000000,    2.54332392550165,    0.00000004297008,   -0.00000000000000,    0.00000010928683,    2.52354462058716,    0.00000000000000,    2.52354462058716,   32.09927232542168,    0.00000000000000,
   12,    2,    0.28750000000000,    0.03750000000000,    2.54332392550165,    0.00000000000000,    2.54332392550165,    0.00000004297008,   -0.00000000000000,    0.00000010928683,    2.52354462058716,    0.00000000000000,    2.52354462058716,   32.09927232542168,    0.00000000000000,
   12,    3,    0.28750000000000,    0.06250000000000,    2.54332392550165,    0.00000000000000,    2.54332392550165,    0.00000004297008,   -0.00000000000000,    0.00000010928683,    2.52354462058716,    0.00000000000000,    2.52354462058716,   32.09927232542168,    0.00000000000000,
   12,    4,    0.28750000000000,    0.08750000000000,    2.54332392550165,    0.00000000000000,    2.54332392550165,    0.00000004297008,   -0.00000000000000,    0.00000010928683,    2.52354462058716,    0.00000000000000,    2.52354462058716,   32.09927232542168,    0.00000000000000,
   12,    5,    0.28750000000000,    0.11250000000000,    2.54332392550165,    0.00000000000000,    2.54332392550165,    0.00000004297008,   -0.00000000000000,    0.00000010928683,    2.52354462058716,    0.00000000000000,    2.52354462058716,   32.09927232542168,    0.00000000000000,
   13,    1,    0.31250000000000,    0.01250000000000,    2.57386874846363,    0.00000000000000,    2.57386874846363,    0.00000003508202,   -0.00000000000000,    0.00000009029651,    2.55431307486836,    0.00000000000000,    2.55431307486836,   29.15685886173734,    0.00000000000000,
   13,    2,    0.31250000000000,    0.03750000000000,    2.57386874846363,    0.00000000000000,    2.57386874846363,    0.00000003508202,   -0.00000000000000,    0.00000009029651,    2.55431307486836,    0.00000000000000,    2.55431307486836,   29.15685886173734,    0.00000000000000,
   13,    3,    0.31250000000000,    0.06250000000000,    2.57386874846363,    0.00000000000000,    2.57386874846363,    0.00000003508202,   -0.00000000000000,    0.00000009029651,    2.55431307486836,    0.00000000000000,    2.55431307486836,   29.15685886173734,    0.00000000000000,
   13,    4,    0.31250000000000,    0.08750000000000,    2.57386874846363,    0.00000000000000,    2.57386874846363,    0.00000003508202,   -0.00000000000000,    0.00000009029651,    2.55431307486836,    0.00000000000000,    2.55431307486836,   29.15685886173734,    0.00000000000000,
   13,    5,    0.31250000000000,    0.11250000000000,    2.57386874846363,    0.00000000000000,    2.57386874846363,    0.00000003508202,   -0.00000000000000,    0.00000009029651,    2.55431307486836,    0.00000000000000,    2.55431307486836,   29.15685886173734,    0.00000000000000,
   14,    1,    0.33750000000000,    0.01250000000000,    2.60102562631713,    0.00000000000000,    2.60102562631713,    0.00000002826366,    0.00000000000000,    0.00000007351449,    2.58166400471520,    0.00000000000000,    2.58166400471520,   25.91789356235679,    0.00000000000000,
   14,    2,    0.33750000000000,    0.03750000000000,    2.60102562631713,    0.00000000000000,    2.60102562631713,    0.00000002826366,    0.00000000000000,    0.00000007351449,    2.58166400471520,    0.00000000000000,    2.58166400471520,   25.91789356235679,    0.00000000000000,
   14,    3,    0.33750000000000,    0.06250000000000,    2.60102562631713,    0.00000000000000,    2.60102562631713,    0.00000002826366,    0.00000000000000,    0.00000007351449,    2.58166400471520,    0.00000000000000,    2.58166400471520,   25.91789356235679,    0.00000000000000,
   14,    4,    0.33750000000000,    0.08750000000000,    2.60102562631713,    0.00000000000000,    2.60102562631713,    0.00000002826366,    0.00000000000000,    0.00000007351449,    2.58166400471520,    0.00000000000000,    2.58166400471520,   25.91789356235679,    0.00000000000000,
   14,    5,    0.33750000000000,    0.11250000000000,    2.60102562631713,    0.00000000000000,    2.60102562631713,    0.00000002826366,    0.00000000000000,    0.00000007351449,    2.58166400471520,    0.00000000000000,    2.58166400471520,   25.91789356235679,    0.00000000000000,
   15,    1,    0.36250000000000,    0.01250000000000,    2.62462530558645,    0.00000000000000,    2.62462530558645,    0.00000002236856,    0.00000000000000,    0.00000005870909,    2.60542878255005,    0.00000000000000,    2.60542878255005,   22.41135128621349,    0.00000000000000,
   15,    2,    0.36250000000000,    0.03750000000000,    2.62462530558645,    0.00000000000000,    2.62462530558645,    0.00000002236856,    0.00000000000000,    0.00000005870909,    2.60542878255005,    0.00000000000000,    2.60542878255005,   22.41135128621349,    0.00000000000000,
   15,    3,    0.36250000000000,    0.06250000000000,    2.62462530558645,    0.00000000000000,    2.62462530558645,    0.00000002236856,    0.00000000000000,    0.00000005870909,    2.60542878255005,    0.00000000000000,    2.60542878255005,   22.41135128621349,    0.00000000000000,
   15,    4,    0.36250000000000,    0.08750000000000,    2.62462530558645,    0.00000000000000,    2.62462530558645,    0.00000002236856,    0.00000000000000,    0.00000005870909,    2.60542878255005,    0.00000000000000,    2.60542878255005,   22.41135128621349,    0.00000000000000,
   15,    5,    0.36250000000000,    0.11250000000000,    2.62462530558645,    0.00000000000000,    2.62462530558645,    0.00000002236856,    0.00000000000000,    0.00000005870909,    2.60542878255005,    0.00000000000000,    2.60542878255005,   22.41135128621349,    0.00000000000000,
   16,    1,    0.38750000000000,    0.01250000000000,    2.64452071404516,    0.00000000000000,    2.64452071404516,    0.00000001725078,   -0.00000000000000,    0.00000004562003,    2.62546089061499,    0.00000000000000,    2.62546089061499,   18.67051060648000,    0.00000000000000,
   16,    2,    0.38750000000000,    0.03750000000000,    2.64452071404516,    0.00000000000000,    2.64452071404516,    0.00000001725078,   -0.00000000000000,    0.00000004562003,    2.62546089061499,    0.00000000000000,    2.62546089061499,   18.67051060648000,    0.00000000000000,
   16,    3,    0.38750000000000,    0.06250000000000,    2.64452071404516,    0.00000000000000,    2.64452071404516,    0.00000001725078,   -0.00000000000000,    0.00000004562003,    2.62546089061499,    0.00000000000000,    2.62546089061499,   18.67051060648000,    0.00000000000000,
   16,    4,    0.38750000000000,    0.08750000000000,    2.64452071404516,    0.00000000000000,    2.64452071404516,    0.00000001725078,   -0.00000000000000,    0.00000004562003,    2.62546089061499,    0.00000000000000,    2.62546089061499,   18.67051060648000,    0.00000000000000,
   16,    5,    0.38750000000000,    0.11250000000000,    2.64452071404516,    0.00000000000000,    2.64452071404516,    0.00000001725078,   -0.00000000000000,    0.00000004562003,    2.62546089061499,    0.00000000000000,    2.62546089061499,   18.67051060648000,    0.00000000000000,
   17,    1,    0.41250000000000,    0.01250000000000,    2.66058787305295,    0.00000000000000,    2.66058787305295,    0.00000001276566,   -0.00000000000000,    0.00000003396416,    2.64163682430243,    0.00000000000000,    2.64163682430243,   14.73246153969031,    0.00000000000000,
   17,    2,    0.41250000000000,    0.03750000000000,    2.66058787305295,    0.00000000000000,    2.66058787305295,    0.00000001276566,   -0.00000000000000,    0.00000003396416,    2.64163682430243,    0.00000000000000,    2.64163682430243,   14.73246153969031,    0.00000000000000,
   17,    3,    0.41250000000000,    0.06250000000000,    2.66058787305295,    0.00000000000000,    2.66058787305295,    0.00000001276566,   -0.00000000000000,    0.00000003396416,    2.64163682430243,    0.00000000000000,    2.64163682430243,   14.73246153969031,    0.00000000000000,
   17,    4,    0.41250000000000,    0.08750000000000,    2.66058787305295,    0.00000000000000,    2.66058787305295,    0.00000001276566,   -0.00000000000000,    0.00000003396416,    2.64163682430243,    0.00000000000000,    2.64163682430243,   14.73246153969031,    0.00000000000000,
   17,    5,    0.41250000000000,    0.11250000000000,    2.66058787305295,    0.00000000000000,    2.66058787305295,    0.00000001276566,   -0.00000000000000,    0.00000003396416,    2.64163682430243,    0.00000000000000,    2.64163682430243,   14.73246153969031,    0.00000000000000,
   18,    1,    0.43750000000000,    0.01250000000000,    2.67272666591340,    0.00000000000000,    2.67272666591340,    0.00000000877025,   -0.00000000000000,    0.00000002344047,    2.65385685360215,    0.00000000000000,    2.65385685360215,   10.63753149472453,    0.00000000000000,
   18,    2,    0.43750000000000,    0.03750000000000,    2.67272666591340,    0.00000000000000,    2.67272666591340,    0.00000000877025,   -0.00000000000000,    0.00000002344047,    2.65385685360215,    0.00000000000000,    2.65385685360215,   10.63753149472453,    0.00000000000000,
   18,    3,    0.43750000000000,    0.06250000000000,    2.67272666591340,    0.00000000000000,    2.67272666591340,    0.00000000877025,   -0.00000000000000,    0.00000002344047,    2.65385685360215,    0.00000000000000,    2.65385685360215,   10.63753149472453,    0.00000000000000,
   18,    4,    0.43750000000000,    0.08750000000000,    2.67272666591340,    0.00000000000000,    2.67272666591340,    0.00000000877025,   -0.00000000000000,    0.00000002344047,    2.65385685360215,    0.00000000000000,    2.65385685360215,   10.63753149472453,    0.00000000000000,
   18,    5,    0.43750000000000,    0.11250000000000,    2.67272666591340,    0.00000000000000,    2.67272666591340,    0.00000000877025,   -0.00000000000000,    0.00000002344047,    2.65385685360215,    0.00000000000000,    2.65385685360215,   10.63753149472453,    0.00000000000000,
   19,    1,    0.46250000000000,    0.01250000000000,    2.68086145789022,    0.00000000000000,    2.68086145789022,    0.00000000512321,   -0.00000000000000,    0.00000001373463,    2.66204563796995,    0.00000000000000,    2.66204563796995,    6.42864148524149,    0.00000000000000,
   19,    2,    0.46250000000000,    0.03750000000000,    2.68086145789022,    0.00000000000000,    2.68086145789022,    0.00000000512321,   -0.00000000000000,    0.00000001373463,    2.66204563796995,    0.00000000000000,    2.66204563796995,    6.42864148524149,    0.00000000000000,
   19,    3,    0.46250000000000,    0.06250000000000,    2.68086145789022,    0.00000000000000,    2.68086145789022,    0.00000000512321,   -0.00000000000000,    0.00000001373463,    2.66204563796995,    0.00000000000000,    2.66204563796995,    6.42864148524149,    0.00000000000000,
   19,    4,    0.46250000000000,    0.08750000000000,    2.68086145789022,    0.00000000000000,    2.68086145789022,    0.00000000512321,   -0.00000000000000,    0.00000001373463,    2.66204563796995,    0.00000000000000,    2.66204563796995,    6.42864148524149,    0.00000000000000,
   19,    5,    0.46250000000000,    0.11250000000000,    2.68086145789022,    0.00000000000000,    2.68086145789022,    0.00000000512321,   -0.00000000000000,    0.00000001373463,    2.66204563796995,    0.00000000000000,    2.66204563796995,    6.42864148524149,    0.00000000000000,
   20,    1,    0.48750000000000,    0.01250000000000,    2.68494156434895,    0.00000000000000,    2.68494156434895,    0.00000000168461,   -0.00000000000000,    0.00000000452309,    2.66615269082715,    0.00000000000000,    2.66615269082715,    2.15060630476822,    0.00000000000000,
   20,    2,    0.48750000000000,    0.03750000000000,    2.68494156434895,    0.00000000000000,    2.68494156434895,    0.00000000168461,   -0.00000000000000,    0.00000000452309,    2.66615269082715,    0.00000000000000,    2.66615269082715,    2.15060630476822,    0.00000000000000,
   20,    3,    0.48750000000000,    0.06250000000000,    2.68494156434895,    0.00000000000000,    2.68494156434895,    0.00000000168461,   -0.00000000000000,    0.00000000452309,    2.66615269082715,    0.00000000000000,    2.66615269082715,    2.15060630476822,    0.00000000000000,
   20,    4,    0.48750000000000,    0.08750000000000,    2.68494156434895,    0.00000000000000,    2.68494156434895,    0.00000000168461,   -0.00000000000000,    0.00000000452309,    2.66615269082715,    0.00000000000000,    2.66615269082715,    2.15060630476822,    0.00000000000000,
   20,    5,    0.48750000000000,    0.11250000000000,    2.68494156434895,    0.00000000000000,    2.68494156434895,    0.00000000168461,   -0.00000000000000,    0.00000000452309,    2.66615269082715,    0.00000000000000,    2.66615269082715,    2.15060630476822,    0.00000000000000,
   21,    1,    0.51250000000000,    0.01250000000000,    2.68494156434895,    0.00000000000000,    2.68494156434895,   -0.00000000168461,   -0.00000000000000,   -0.00000000452308,    2.66615269082715,    0.00000000000000,    2.66615269082715,   -2.15060630476824,    0.00000000000000,
   21,    2,    0.51250000000000,    0.03750000000000,    2.68494156434895,    0.00000000000000,    2.68494156434895,   -0.00000000168461,   -0.00000000000000,   -0.00000000452308,    2.66615269082715,    0.00000000000000,    2.66615269082715,   -2.15060630476824,    0.00000000000000,
   21,    3,    0.51250000000000,    0.06250000000000,    2.68494156434895,    0.00000000000000,    2.68494156434895,   -0.00000000168461,   -0.00000000000000,   -0.00000000452308,    2.66615269082715,    0.00000000000000,    2.66615269082715,   -2.15060630476824,    0.00000000000000,
   21,    4,    0.51250000000000,    0.08750000000000,    2.68494156434895,    0.00000000000000,    2.68494156434895,   -0.00000000168461,   -0.00000000000000,   -0.00000000452308,    2.66615269082715,    0.00000000000000,    2.66615269082715,   -2.15060630476824,    0.00000000000000,
   21,    5,    0.51250000000000,    0.11250000000000,    2.68494156434895,    0.00000000000000,    2.68494156434895,   -0.00000000168461,   -0.00000000000000,   -0.00000000452308,    2.66615269082715,    0.00000000000000,    2.66615269082715,   -2.15060630476824,    0.00000000000000,
   22,    1,    0.53750000000000,    0.01250000000000,    2.68086145789022,    0.00000000000000,    2.68086145789022,   -0.00000000512321,   -0.00000000000000,   -0.00000001373461,    2.66204563796995,    0.00000000000000,    2.66204563796995,   -6.42864148524148,    0.00000000000000,
   22,    2,    0.53750000000000,    0.03750000000000,    2.68086145789022,    0.00000000000000,    2.68086145789022,   -0.00000000512321,   -0.00000000000000,   -0.00000001373461,    2.66204563796995,    0.00000000000000,    2.66204563796995,   -6.42864148524148,    0.00000000000000,
   22,    3,    0.53750000000000,    0.06250000000000,    2.68086145789022,    0.00000000000000,    2.68086145789022,   -0.00000000512321,   -0.00000000000000,   -0.00000001373461,    2.66204563796995,    0.00000000000000,    2.66204563796995,   -6.42864148524148,    0.00000000000000,
   22,    4,    0.53750000000000,    0.08750000000000,    2.68086145789022,    0.00000000000000,    2.68086145789022,   -0.00000000512321,   -0.00000000000000,   -0.00000001373461,    2.66204563796995,    0.00000000000000,    2.66204563796995,   -6.42864148524148,    0.00000000000000,
   22,    5,    0.53750000000000,    0.11250000000000,    2.68086145789022,    0.00000000000000,    2.68086145789022,   -0.00000000512321,   -0.00000000000000,   -0.00000001373461,    2.66204563796995,    0.00000000000000,    2.66204563796995,   -6.42864148524148,    0.00000000000000,
   23,    1,    0.56250000000000,    0.01250000000000,    2.67272666591340,    0.00000000000000,    2.67272666591340,   -0.00000000877024,   -0.00000000000000,   -0.00000002344046,    2.65385685360215,    0.00000000000000,    2.65385685360215,  -10.63753149472453,    0.00000000000000,
   23,    2,    0.56250000000000,    0.03750000000000,    2.67272666591340,    0.00000000000000,    2.67272666591340,   -0.00000000877024,   -0.00000000000000,   -0.00000002344046,    2.65385685360215,    0.00000000000000,    2.65385685360215,  -10.63753149472453,    0.00000000000000,
   23,    3,    0.56250000000000,    0.06250000000000,    2.67272666591340,    0.00000000000000,    2.67272666591340,   -0.00000000877024,   -0.00000000000000,   -0.00000002344046,    2.65385685360215,    0.00000000000000,    2.65385685360215,  -10.63753149472453,    0.00000000000000,
   23,    4,    0.56250000000000,    0.08750000000000,    2.67272666591340,    0.00000000000000,    2.67272666591340,   -0.00000000877024,   -0.00000000000000,   -0.00000002344046,    2.65385685360215,    0.00000000000000,    2.65385685360215,  -10.63753149472453,    0.00000000000000,
   23,    5,    0.56250000000000,    0.11250000000000,    2.67272666591340,    0.00000000000000,    2.67272666591340,   -0.00000000877024,   -0.00000000000000,   -0.00000002344046,    2.65385685360215,    0.00000000000000,    2.65385685360215,  -10.63753149472453,    0.00000000000000,
   24,    1,    0.58750000000000,    0.01250000000000,    2.66058787305295,    0.00000000000000,    2.66058787305295,   -0.00000001276566,   -0.00000000000000,   -0.00000003396415,    2.64163682430243,    0.00000000000000,    2.64163682430243,  -14.73246153969030,    0.00000000000000,
   24,    2,    0.58750000000000,    0.03750000000000,    2.66058787305295,    0.00000000000000,    2.66058787305295,   -0.00000001276566,   -0.00000000000000,   -0.00000003396415,    2.64163682430243,    0.00000000000000,    2.64163682430243,  -14.73246153969030,    0.00000000000000,
   24,    3,    0.58750000000000,    0.06250000000000,    2.66058787305295,    0.00000000000000,    2.66058787305295,   -0.00000001276566,   -0.00000000000000,   -0.00000003396415,    2.64163682430243,    0.00000000000000,    2.64163682430243,  -14.73246153969030,    0.00000000000000,
   24,    4,    0.58750000000000,    0.08750000000000,    2.66058787305295,    0.00000000000000,    2.66058787305295,   -0.00000001276566,   -0.00000000000000,   -0.00000003396415,    2.64163682430243,    0.00000000000000,    2.64163682430243,  -14.73246153969030,    0.00000000000000,
   24,    5,    0.58750000000000,    0.11250000000000,    2.66058787305295,    0.00000000000000,    2.66058787305295,   -0.00000001276566,   -0.00000000000000,   -0.00000003396415,    2.64163682430243,    0.00000000000000,    2.64163682430243,  -14.73246153969030,    0.00000000000000,
   25,    1,    0.61250000000000,    0.01250000000000,    2.64452071404516,    0.00000000000000,    2.64452071404516,   -0.00000001725077,   -0.00000000000000,   -0.00000004562002,    2.62546089061499,    0.00000000000000,    2.62546089061499,  -18.67051060648000,    0.00000000000000,
   25,    2,    0.61250000000000,    0.03750000000000,    2.64452071404516,    0.00000000000000,    2.64452071404516,   -0.00000001725077,   -0.00000000000000,   -0.00000004562002,    2.62546089061499,    0.00000000000000,    2.62546089061499,  -18.67051060648000,    0.00000000000000,
   25,    3,    0.61250000000000,    0.06250000000000,    2.64452071404516,    0.00000000000000,    2.64452071404516,   -0.00000001725077,   -0.00000000000000,   -0.00000004562002,    2.62546089061499,    0.00000000000000,    2.62546089061499,  -18.67051060648000,    0.00000000000000,
   25,    4,    0.61250000000000,    0.08750000000000,    2.64452071404516,    0.00000000000000,    2.64452071404516,   -0.00000001725077,   -0.00000000000000,   -0.00000004562002,    2.62546089061499,    0.00000000000000,    2.62546089061499,  -18.67051060648000,    0.00000000000000,
   25,    5,    0.61250000000000,    0.11250000000000,    2.64452071404516,    0.00000000000000,    2.64452071404516,   -0.00000001725077,   -0.00000000000000,   -0.00000004562002,    2.62546089061499,    0.00000000000000,    2.62546089061499,  -18.67051060648000,    0.00000000000000,
   26,    1,    0.63750000000000,    0.01250000000000,    2.62462530558645,    0.00000000000000,    2.62462530558645,   -0.00000002236855,   -0.00000000000000,   -0.00000005870908,    2.60542878255005,    0.00000000000000,    2.60542878255005,  -22.41135128621351,    0.00000000000000,
   26,    2,    0.63750000000000,    0.03750000000000,    2.62462530558645,    0.00000000000000,    2.62462530558645,   -0.00000002236855,   -0.00000000000000,   -0.00000005870908,    2.60542878255005,    0.00000000000000,    2.60542878255005,  -22.41135128621351,    0.00000000000000,
   26,    3,    0.63750000000000,    0.06250000000000,    2.62462530558645,    0.00000000000000,    2.62462530558645,   -0.00000002236855,   -0.00000000000000,   -0.00000005870908,    2.60542878255005,    0.00000000000000,    2.60542878255005,  -22.41135128621351,    0.00000000000000,
   26,    4,    0.63750000000000,    0.08750000000000,    2.62462530558645,    0.00000000000000,    2.62462530558645,   -0.00000002236855,   -0.00000000000000,   -0.00000005870908,    2.60542878255005,    0.00000000000000,    2.60542878255005,  -22.41135128621351,    0.00000000000000,
   26,    5,    0.63750000000000,    0.11250000000000,    2.62462530558645,    0.00000000000000,    2.62462530558645,   -0.00000002236855,   -0.00000000000000,   -0.00000005870908,    2.60542878255005,    0.00000000000000,    2.60542878255005,  -22.41135128621351,    0.00000000000000,
   27,    1,    0.66250000000000,    0.01250000000000,    2.60102562631713,    0.00000000000000,    2.60102562631713,   -0.00000002826365,   -0.00000000000000,   -0.00000007351448,    2.58166400471520,    0.00000000000000,    2.58166400471520,  -25.91789356235680,    0.00000000000000,
   27,    2,    0.66250000000000,    0.03750000000000,    2.60102562631713,    0.00000000000000,    2.60102562631713,   -0.00000002826365,   -0.00000000000000,   -0.00000007351448,    2.58166400471520,    0.00000000000000,    2.58166400471520,  -25.91789356235680,    0.00000000000000,
   27,    3,    0.66250000000000,    0.06250000000000,    2.60102562631713,    0.00000000000000,    2.60102562631713,   -0.00000002826365,   -0.00000000000000,   -0.00000007351448,    2.58166400471520,    0.00000000000000,    2.58166400471520,  -25.91789356235680,    0.00000000000000,
   27,    4,    0.66250000000000,    0.08750000000000,    2.60102562631713,    0.00000000000000,    2.60102562631713,   -0.00000002826365,   -0.00000000000000,   -0.00000007351448,    2.58166400471520,    0.00000000000000,    2.58166400471520,  -25.91789356235680,    0.00000000000000,
   27,    5,    0.66250000000000,    0.11250000000000,    2.60102562631713,    0.00000000000000,    2.60102562631713,   -0.00000002826365,   -0.00000000000000,   -0.00000007351448,    2.58166400471520,    0.00000000000000,    2.58166400471520,  -25.91789356235680,    0.00000000000000,
   28,    1,    0.68750000000000,    0.01250000000000,    2.57386874846363,    0.00000000000000,    2.57386874846363,   -0.00000003508201,   -0.00000000000000,   -0.00000009029650,    2.55431307486836,    0.00000000000000,    2.55431307486836,  -29.15685886173732,    0.00000000000000,
   28,    2,    0.68750000000000,    0.03750000000000,    2.57386874846363,    0.00000000000000,    2.57386874846363,   -0.00000003508201,   -0.00000000000000,   -0.00000009029650,    2.55431307486836,    0.00000000000000,    2.55431307486836,  -29.15685886173732,    0.00000000000000,
   28,    3,    0.68750000000000,    0.06250000000000,    2.57386874846363,    0.00000000000000,    2.57386874846363,   -0.00000003508201,   -0.00000000000000,   -0.00000009029650,    2.55431307486836,    0.00000000000000,    2.55431307486836,  -29.15685886173732,    0.00000000000000,
   28,    4,    0.68750000000000,    0.08750000000000,    2.57386874846363,    0.00000000000000,    2.57386874846363,   -0.00000003508201,   -0.00000000000000,   -0.00000009029650,    2.55431307486836,    0.00000000000000,    2.55431307486836,  -29.15685886173732,    0.00000000000000,
   28,    5,    0.68750000000000,    0.11250000000000,    2.57386874846363,    0.00000000000000,    2.57386874846363,   -0.00000003508201,   -0.00000000000000,   -0.00000009029650,    2.55431307486836,    0.00000000000000,    2.55431307486836,  -29.15685886173732,    0.00000000000000,
   29,    1,    0.71250000000000,    0.01250000000000,    2.54332392550165,    0.00000000000000,    2.54332392550165,   -0.00000004297007,   -0.00000000000000,   -0.00000010928682,    2.52354462058716,    0.00000000000000,    2.52354462058716,  -32.09927232542169,    0.00000000000000,
   29,    2,    0.71250000000000,    0.03750000000000,    2.54332392550165,    0.00000000000000,    2.54332392550165,   -0.00000004297007,   -0.00000000000000,   -0.00000010928682,    2.52354462058716,    0.00000000000000,    2.52354462058716,  -32.09927232542169,    0.00000000000000,
   29,    3,    0.71250000000000,    0.06250000000000,    2.54332392550165,    0.00000000000000,    2.54332392550165,   -0.00000004297007,   -0.00000000000000,   -0.00000010928682,    2.52354462058716,    0.00000000000000,    2.52354462058716,  -32.09927232542169,    0.00000000000000,
   29,    4,    0.71250000000000,    0.08750000000000,    2.54332392550165,    0.00000000000000,    2.54332392550165,   -0.00000004297007,   -0.00000000000000,   -0.00000010928682,    2.52354462058716,    0.00000000000000,    2.52354462058716,  -32.09927232542169,    0.00000000000000,
   29,    5,    0.71250000000000,    0.11250000000000,    2.54332392550165,    0.00000000000000,    2.54332392550165,   -0.00000004297007,   -0.00000000000000,   -0.00000010928682,    2.52354462058716,    0.00000000000000,    2.52354462058716,  -32.09927232542169,    0.00000000000000,
   30,    1,    0.73750000000000,    0.01250000000000,    2.50958154099811,    0.00000000000000,    2.50958154099811,   -0.00000005207329,   -0.00000000000000,   -0.00000013068216,    2.48954833962379,    0.00000000000000,    2.48954833962379,  -34.72086319515045,    0.00000000000000,
   30,    2,    0.73750000000000,    0.03750000000000,    2.50958154099811,    0.00000000000000,    2.50958154099811,   -0.00000005207329,   -0.00000000000000,   -0.00000013068216,    2.48954833962379,    0.00000000000000,    2.48954833962379,  -34.72086319515045,    0.00000000000000,
   30,    3,    0.73750000000000,    0.06250000000000,    2.50958154099811,    0.00000000000000,    2.50958154099811,   -0.00000005207329,   -0.00000000000000,   -0.00000013068216,    2.48954833962379,    0.00000000000000,    2.48954833962379,  -34.72086319515045,    0.00000000000000,
   30,    4,    0.73750000000000,    0.08750000000000,    2.50958154099811,    0.00000000000000,    2.50958154099811,   -0.00000005207329,   -0.00000000000000,   -0.00000013068216,    2.48954833962379,    0.00000000000000,    2.48954833962379,  -34.72086319515045,    0.00000000000000,
   30,    5,    0.73750000000000,    0.11250000000000,    2.50958154099811,    0.00000000000000,    2.50958154099811,   -0.00000005207329,   -0.00000000000000,   -0.00000013068216,    2.48954833962379,    0.00000000000000,    2.48954833962379,  -34.72086319515045,    0.00000000000000,
   31,    1,    0.76250000000000,    0.01250000000000,    2.47285192454570,    0.00000000000000,    2.47285192454570,   -0.00000006253391,   -0.00000000000000,   -0.00000015463709,    2.45253383035529,    0.00000000000000,    2.45253383035529,  -37.00236538667328,    0.00000000000000,
   31,    2,    0.76250000000000,    0.03750000000000,    2.47285192454570,    0.00000000000000,    2.47285192454570,   -0.00000006253391,   -0.00000000000000,   -0.00000015463709,    2.45253383035529,    0.00000000000000,    2.45253383035529,  -37.00236538667328,    0.00000000000000,
   31,    3,    0.76250000000000,    0.06250000000000,    2.47285192454570,    0.00000000000000,    2.47285192454570,   -0.00000006253391,   -0.00000000000000,   -0.00000015463709,    2.45253383035529,    0.00000000000000,    2.45253383035529,  -37.00236538667328,    0.00000000000000,
   31,    4,    0.76250000000000,    0.08750000000000,    2.47285192454570,    0.00000000000000,    2.47285192454570,   -0.00000006253391,   -0.00000000000000,   -0.00000015463709,    2.45253383035529,    0.00000000000000,    2.45253383035529,  -37.00236538667328,    0.00000000000000,
   31,    5,    0.76250000000000,    0.11250000000000,    2.47285192454570,    0.00000000000000,    2.47285192454570,   -0.00000006253391,   -0.00000000000000,   -0.00000015463709,    2.45253383035529,    0.00000000000000,    2.45253383035529,  -37.00236538667328,    0.00000000000000,
   32,    1,    0.78750000000000,    0.01250000000000,    2.43336404141657,    0.00000000000000,    2.43336404141657,   -0.00000007448786,   -0.00000000000000,   -0.00000018125607,    2.41272929953989,    0.00000000000000,    2.41272929953989,  -38.92971268030296,    0.00000000000000,
   32,    2,    0.78750000000000,    0.03750000000000,    2.43336404141657,    0.00000000000000,    2.43336404141657,   -0.00000007448786,   -0.00000000000000,   -0.00000018125607,    2.41272929953989,    0.00000000000000,    2.41272929953989,  -38.92971268030296,    0.00000000000000,
   32,    3,    0.78750000000000,    0.06250000000000,    2.43336404141657,    0.00000000000000,    2.43336404141657,   -0.00000007448786,   -0.00000000000000,   -0.00000018125607,    2.41272929953989,    0.00000000000000,    2.41272929953989,  -38.92971268030296,    0.00000000000000,
   32,    4,    0.78750000000000,    0.08750000000000,    2.43336404141657,    0.00000000000000,    2.43336404141657,   -0.00000007448786,   -0.00000000000000,   -0.00000018125607,    2.41272929953989,    0.00000000000000,    2.41272929953989,  -38.92971268030296,    0.00000000000000,
   32,    5,    0.78750000000000,    0.11250000000000,    2.43336404141657,    0.00000000000000,    2.43336404141657,   -0.00000007448786,   -0.00000000000000,   -0.00000018125607,    2.41272929953989,    0.00000000000000,    2.41272929953989,  -38.92971268030296,    0.00000000000000,
   33,    1,    0.81250000000000,    0.01250000000000,    2.39136406322914,    0.00000000000000,    2.39136406322914,   -0.00000008806047,   -0.00000000000000,   -0.00000021058464,    2.37038015534640,    0.00000000000000,    2.37038015534640,  -40.49412544383734,    0.00000000000000,
   33,    2,    0.81250000000000,    0.03750000000000,    2.39136406322914,    0.00000000000000,    2.39136406322914,   -0.00000008806047,   -0.00000000000000,   -0.00000021058464,    2.37038015534640,    0.00000000000000,    2.37038015534640,  -40.49412544383734,    0.00000000000000,
   33,    3,    0.81250000000000,    0.06250000000000,    2.39136406322914,    0.00000000000000,    2.39136406322914,   -0.00000008806047,   -0.00000000000000,   -0.00000021058464,    2.37038015534640,    0.00000000000000,    2.37038015534640,  -40.49412544383734,    0.00000000000000,
   33,    4,    0.81250000000000,    0.08750000000000,    2.39136406322914,    0.00000000000000,    2.39136406322914,   -0.00000008806047,   -0.00000000000000,   -0.00000021058464,    2.37038015534640,    0.00000000000000,    2.37038015534640,  -40.49412544383734,    0.00000000000000,
   33,    5,    0.81250000000000,    0.11250000000000,    2.39136406322914,    0.00000000000000,    2.39136406322914,   -0.00000008806047,   -0.00000000000000,   -0.00000021058464,    2.37038015534640,    0.00000000000000,    2.37038015534640,  -40.49412544383734,    0.00000000000000,
   34,    1,    0.83750000000000,    0.01250000000000,    2.34711382754413,    0.00000000000000,    2.34711382754413,   -0.00000010336097,    0.00000000000000,   -0.00000024259997,    2.32574749433130,    0.00000000000000,    2.32574749433130,  -41.69208835317315,    0.00000000000000,
   34,    2,    0.83750000000000,    0.03750000000000,    2.34711382754413,    0.00000000000000,    2.34711382754413,   -0.00000010336097,    0.00000000000000,   -0.00000024259997,    2.32574749433130,    0.00000000000000,    2.32574749433130,  -41.69208835317315,    0.00000000000000,
   34,    3,    0.83750000000000,    0.06250000000000,    2.34711382754413,    0.00000000000000,    2.34711382754413,   -0.00000010336097,    0.00000000000000,   -0.00000024259997,    2.32574749433130,    0.00000000000000,    2.32574749433130,  -41.69208835317315,    0.00000000000000,
   34,    4,    0.83750000000000,    0.08750000000000,    2.34711382754413,    0.00000000000000,    2.34711382754413,   -0.00000010336097,    0.00000000000000,   -0.00000024259997,    2.32574749433130,    0.00000000000000,    2.32574749433130,  -41.69208835317315,    0.00000000000000,
   34,    5,    0.83750000000000,    0.11250000000000,    2.34711382754413,    0.00000000000000,    2.34711382754413,   -0.00000010336097,    0.00000000000000,   -0.00000024259997,    2.32574749433130,    0.00000000000000,    2.32574749433130,  -41.69208835317315,    0.00000000000000,
   35,    1,    0.86250000000000,    0.01250000000000,    2.30088919488644,    0.00000000000000,    2.30088919488644,   -0.00000012047551,   -0.00000000000000,   -0.00000027720081,    2.27910649169162,    0.00000000000000,    2.27910649169162,  -42.52522112940878,    0.00000000000000,
   35,    2,    0.86250000000000,    0.03750000000000,    2.30088919488644,    0.00000000000000,    2.30088919488644,   -0.00000012047551,   -0.00000000000000,   -0.00000027720081,    2.27910649169162,    0.00000000000000,    2.27910649169162,  -42.52522112940878,    0.00000000000000,
   35,    3,    0.86250000000000,    0.06250000000000,    2.30088919488644,    0.00000000000000,    2.30088919488644,   -0.00000012047551,   -0.00000000000000,   -0.00000027720081,    2.27910649169162,    0.00000000000000,    2.27910649169162,  -42.52522112940878,    0.00000000000000,
   35,    4,    0.86250000000000,    0.08750000000000,    2.30088919488644,    0.00000000000000,    2.30088919488644,   -0.00000012047551,   -0.00000000000000,   -0.00000027720081,    2.27910649169162,    0.00000000000000,    2.27910649169162,  -42.52522112940878,    0.00000000000000,
   35,    5,    0.86250000000000,    0.11250000000000,    2.30088919488644,    0.00000000000000,    2.30088919488644,   -0.00000012047551,   -0.00000000000000,   -0.00000027720081,    2.27910649169162,    0.00000000000000,    2.27910649169162,  -42.52522112940878,    0.00000000000000,
   36,    1,    0.88750000000000,    0.01250000000000,    2.25297831223483,    0.00000000000000,    2.25297831223483,   -0.00000013945859,   -0.00000000000000,   -0.00000031419717,    2.23074470471833,    0.00000000000000,    2.23074470471833,  -43.00004680593045,    0.00000000000000,
   36,    2,    0.88750000000000,    0.03750000000000,    2.25297831223483,    0.00000000000000,    2.25297831223483,   -0.00000013945859,   -0.00000000000000,   -0.00000031419717,    2.23074470471833,    0.00000000000000,    2.23074470471833,  -43.00004680593045,    0.00000000000000,
   36,    3,    0.88750000000000,    0.06250000000000,    2.25297831223483,    0.00000000000000,    2.25297831223483,   -0.00000013945859,   -0.00000000000000,   -0.00000031419717,    2.23074470471833,    0.00000000000000,    2.23074470471833,  -43.00004680593045,    0.00000000000000,
   36,    4,    0.88750000000000,    0.08750000000000,    2.25297831223483,    0.00000000000000,    2.25297831223483,   -0.00000013945859,   -0.00000000000000,   -0.00000031419717,    2.23074470471833,    0.00000000000000,    2.23074470471833,  -43.00004680593045,    0.00000000000000,
   36,    5,    0.88750000000000,    0.11250000000000,    2.25297831223483,    0.00000000000000,    2.25297831223483,   -0.00000013945859,   -0.00000000000000,   -0.00000031419717,    2.23074470471833,    0.00000000000000,    2.23074470471833,  -43.00004680593045,    0.00000000000000,
   37,    1,    0.91250000000000,    0.01250000000000,    2.20367979254443,    0.00000000000000,    2.20367979254443,   -0.00000016032277,    0.00000000000000,   -0.00000035330005,    2.18096029991005,    0.00000000000000,    2.18096029991005,  -43.12766441433456,    0.00000000000000,
   37,    2,    0.91250000000000,    0.03750000000000,    2.20367979254443,    0.00000000000000,    2.20367979254443,   -0.00000016032277,    0.00000000000000,   -0.00000035330005,    2.18096029991005,    0.00000000000000,    2.18096029991005,  -43.12766441433456,    0.00000000000000,
   37,    3,    0.91250000000000,    0.06250000000000,    2.20367979254443,    0.00000000000000,    2.20367979254443,   -0.00000016032277,    0.00000000000000,   -0.00000035330005,    2.18096029991005,    0.00000000000000,    2.18096029991005,  -43.12766441433456,    0.00000000000000,
   37,    4,    0.91250000000000,    0.08750000000000,    2.20367979254443,    0.00000000000000,    2.20367979254443,   -0.00000016032277,    0.00000000000000,   -0.00000035330005,    2.18096029991005,    0.00000000000000,    2.18096029991005,  -43.12766441433456,    0.00000000000000,
   37,    5,    0.91250000000000,    0.11250000000000,    2.20367979254443,    0.00000000000000,    2.20367979254443,   -0.00000016032277,    0.00000000000000,   -0.00000035330005,    2.18096029991005,    0.00000000000000,    2.18096029991005,  -43.12766441433456,    0.00000000000000,
   38,    1,    0.93750000000000,    0.01250000000000,    2.15330082038523,    0.00000000000000,    2.15330082038523,   -0.00000018302685,   -0.00000000000000,   -0.00000039411186,    2.13006021467742,    0.00000000000000,    2.13006021467742,  -42.92333517647729,    0.00000000000000,
   38,    2,    0.93750000000000,    0.03750000000000,    2.15330082038523,    0.00000000000000,    2.15330082038523,   -0.00000018302685,   -0.00000000000000,   -0.00000039411186,    2.13006021467742,    0.00000000000000,    2.13006021467742,  -42.92333517647729,    0.00000000000000,
   38,    3,    0.93750000000000,    0.06250000000000,    2.15330082038523,    0.00000000000000,    2.15330082038523,   -0.00000018302685,   -0.00000000000000,   -0.00000039411186,    2.13006021467742,    0.00000000000000,    2.13006021467742,  -42.92333517647729,    0.00000000000000,
   38,    4,    0.93750000000000,    0.08750000000000,    2.15330082038523,    0.00000000000000,    2.15330082038523,   -0.00000018302685,   -0.00000000000000,   -0.00000039411186,    2.13006021467742,    0.00000000000000,    2.13006021467742,  -42.92333517647729,    0.00000000000000,
   38,    5,    0.93750000000000,    0.11250000000000,    2.15330082038523,    0.00000000000000,    2.15330082038523,   -0.00000018302685,   -0.00000000000000,   -0.00000039411186,    2.13006021467742,    0.00000000000000,    2.13006021467742,  -42.92333517647729,    0.00000000000000,
   39,    1,    0.96250000000000,    0.01250000000000,    2.10215519431732,    0.00000000000000,    2.10215519431732,   -0.00000020746238,    0.00000000000000,   -0.00000043611812,    2.07835826497189,    0.00000000000000,    2.07835826497189,  -42.40599325828556,    0.00000000000000,
   39,    2,    0.96250000000000,    0.03750000000000,    2.10215519431732,    0.00000000000000,    2.10215519431732,   -0.00000020746238,    0.00000000000000,   -0.00000043611812,    2.07835826497189,    0.00000000000000,    2.07835826497189,  -42.40599325828556,    0.00000000000000,
   39,    3,    0.96250000000000,    0.06250000000000,    2.10215519431732,    0.00000000000000,    2.10215519431732,   -0.00000020746238,    0.00000000000000,   -0.00000043611812,    2.07835826497189,    0.00000000000000,    2.07835826497189,  -42.40599325828556,    0.00000000000000,
   39,    4,    0.96250000000000,    0.08750000000000,    2.10215519431732,    0.00000000000000,    2.10215519431732,   -0.00000020746238,    0.00000000000000,   -0.00000043611812,    2.07835826497189,    0.00000000000000,    2.07835826497189,  -42.40599325828556,    0.00000000000000,
   39,    5,    0.96250000000000,    0.11250000000000,    2.10215519431732,    0.00000000000000,    2.10215519431732,   -0.00000020746238,    0.00000000000000,   -0.00000043611812,    2.07835826497189,    0.00000000000000,    2.07835826497189,  -42.40599325828556,    0.00000000000000,
   40,    1,    0.98750000000000,    0.01250000000000,    2.05056131721295,    0.00000000000000,    2.05056131721295,   -0.00000023343918,    0.00000000000000,   -0.00000047868134,    2.02617321050605,    0.00000000000000,    2.02617321050605,  -41.59769383173931,    0.00000000000000,
   40,    2,    0.98750000000000,    0.03750000000000,    2.05056131721295,    0.00000000000000,    2.05056131721295,   -0.00000023343918,    0.00000000000000,   -0.00000047868134,    2.02617321050605,    0.00000000000000,    2.02617321050605,  -41.59769383173931,    0.00000000000000,
   40,    3,    0.98750000000000,    0.06250000000000,    2.05056131721295,    0.00000000000000,    2.05056131721295,   -0.00000023343918,    0.00000000000000,   -0.00000047868134,    2.02617321050605,    0.00000000000000,    2.02617321050605,  -41.59769383173931,    0.00000000000000,
   40,    4,    0.98750000000000,    0.08750000000000,    2.05056131721295,    0.00000000000000,    2.05056131721295,   -0.00000023343918,    0.00000000000000,   -0.00000047868134,    2.02617321050605,    0.00000000000000,    2.02617321050605,  -41.59769383173931,    0.00000000000000,
   40,    5,    0.98750000000000,    0.11250000000000,    2.05056131721295,    0.00000000000000,    2.05056131721295,   -0.00000023343918,    0.00000000000000,   -0.00000047868134,    2.02617321050605,    0.00000000000000,    2.02617321050605,  -41.59769383173931,    0.00000000000000,
   41,    1,    1.01250000000000,    0.01250000000000,    1.99884014641312,    0.00000000000000,    1.99884014641312,   -0.00000026067024,    0.00000000000000,   -0.00000052103815,    1.97382678949395,    0.00000000000000,    1.97382678949395,  -40.52301256403837,    0.00000000000000,
   41,    2,    1.01250000000000,    0.03750000000000,    1.99884014641312,    0.00000000000000,    1.99884014641312,   -0.00000026067024,    0.00000000000000,   -0.00000052103815,    1.97382678949395,    0.00000000000000,    1.97382678949395,  -40.52301256403837,    0.00000000000000,
   41,    3,    1.01250000000000,    0.06250000000000,    1.99884014641312,    0.00000000000000,    1.99884014641312,   -0.00000026067024,    0.00000000000000,   -0.00000052103815,    1.97382678949395,    0.00000000000000,    1.97382678949395,  -40.52301256403837,    0.00000000000000,
   41,    4,    1.01250000000000,    0.08750000000000,    1.99884014641312,    0.00000000000000,    1.99884014641312,   -0.00000026067024,    0.00000000000000,   -0.00000052103815,    1.97382678949395,    0.00000000000000,    1.97382678949395,  -40.52301256403837,    0.00000000000000,
   41,    5,    1.01250000000000,    0.11250000000000,    1.99884014641312,    0.00000000000000,    1.99884014641312,   -0.00000026067024,    0.00000000000000,   -0.00000052103815,    1.97382678949395,    0.00000000000000,    1.97382678949395,  -40.52301256403837,    0.00000000000000,
   42,    1,    1.03750000000000,    0.01250000000000,    1.94731311641519,    0.00000000000000,    1.94731311641519,   -0.00000028875721,    0.00000000000000,   -0.00000056230071,    1.92164173502811,    0.00000000000000,    1.92164173502811,  -39.20841167465620,    0.00000000000000,
   42,    2,    1.03750000000000,    0.03750000000000,    1.94731311641519,    0.00000000000000,    1.94731311641519,   -0.00000028875721,    0.00000000000000,   -0.00000056230071,    1.92164173502811,    0.00000000000000,    1.92164173502811,  -39.20841167465620,    0.00000000000000,
   42,    3,    1.03750000000000,    0.06250000000000,    1.94731311641519,    0.00000000000000,    1.94731311641519,   -0.00000028875721,    0.00000000000000,   -0.00000056230071,    1.92164173502811,    0.00000000000000,    1.92164173502811,  -39.20841167465620,    0.00000000000000,
   42,    4,    1.03750000000000,    0.08750000000000,    1.94731311641519,    0.00000000000000,    1.94731311641519,   -0.00000028875721,    0.00000000000000,   -0.00000056230071,    1.92164173502811,    0.00000000000000,    1.92164173502811,  -39.20841167465620,    0.00000000000000,
   42,    5,    1.03750000000000,    0.11250000000000,    1.94731311641519,    0.00000000000000,    1.94731311641519,   -0.00000028875721,    0.00000000000000,   -0.00000056230071,    1.92164173502811,    0.00000000000000,    1.92164173502811,  -39.20841167465620,    0.00000000000000,
   43,    1,    1.06250000000000,    0.01250000000000,    1.89630004776848,    0.00000000000000,    1.89630004776848,   -0.00000031717754,    0.00000000000000,   -0.00000060146379,    1.86993978532258,    0.00000000000000,    1.86993978532258,  -37.68158834767330,    0.00000000000000,
   43,    2,    1.06250000000000,    0.03750000000000,    1.89630004776848,    0.00000000000000,    1.89630004776848,   -0.00000031717754,    0.00000000000000,   -0.00000060146379,    1.86993978532258,    0.00000000000000,    1.86993978532258,  -37.68158834767330,    0.00000000000000,
   43,    3,    1.06250000000000,    0.06250000000000,    1.89630004776848,    0.00000000000000,    1.89630004776848,   -0.00000031717754,    0.00000000000000,   -0.00000060146379,    1.86993978532258,    0.00000000000000,    1.86993978532258,  -37.68158834767330,    0.00000000000000,
   43,    4,    1.06250000000000,    0.08750000000000,    1.89630004776848,    0.00000000000000,    1.89630004776848,   -0.00000031717754,    0.00000000000000,   -0.00000060146379,    1.86993978532258,    0.00000000000000,    1.86993978532258,  -37.68158834767330,    0.00000000000000,
   43,    5,    1.06250000000000,    0.11250000000000,    1.89630004776848,    0.00000000000000,    1.89630004776848,   -0.00000031717754,    0.00000000000000,   -0.00000060146379,    1.86993978532258,    0.00000000000000,    1.86993978532258,  -37.68158834767330,    0.00000000000000,
   44,    1,    1.08750000000000,    0.01250000000000,    1.84611705704104,    0.00000000000000,    1.84611705704104,   -0.00000034527523,    0.00000000000000,   -0.00000063741850,    1.81903970008995,    0.00000000000000,    1.81903970008995,  -35.97082154364147,    0.00000000000000,
   44,    2,    1.08750000000000,    0.03750000000000,    1.84611705704104,    0.00000000000000,    1.84611705704104,   -0.00000034527523,    0.00000000000000,   -0.00000063741850,    1.81903970008995,    0.00000000000000,    1.81903970008995,  -35.97082154364147,    0.00000000000000,
   44,    3,    1.08750000000000,    0.06250000000000,    1.84611705704104,    0.00000000000000,    1.84611705704104,   -0.00000034527523,    0.00000000000000,   -0.00000063741850,    1.81903970008995,    0.00000000000000,    1.81903970008995,  -35.97082154364147,    0.00000000000000,
   44,    4,    1.08750000000000,    0.08750000000000,    1.84611705704104,    0.00000000000000,    1.84611705704104,   -0.00000034527523,    0.00000000000000,   -0.00000063741850,    1.81903970008995,    0.00000000000000,    1.81903970008995,  -35.97082154364147,    0.00000000000000,
   44,    5,    1.08750000000000,    0.11250000000000,    1.84611705704104,    0.00000000000000,    1.84611705704104,   -0.00000034527523,    0.00000000000000,   -0.00000063741850,    1.81903970008995,    0.00000000000000,    1.81903970008995,  -35.97082154364147,    0.00000000000000,
   45,    1,    1.11250000000000,    0.01250000000000,    1.79707448412505,    0.00000000000000,    1.79707448412505,   -0.00000037225715,    0.00000000000000,   -0.00000066897383,    1.76925529528167,    0.00000000000000,    1.76925529528167,  -34.10433311702442,    0.00000000000000,
   45,    2,    1.11250000000000,    0.03750000000000,    1.79707448412505,    0.00000000000000,    1.79707448412505,   -0.00000037225715,    0.00000000000000,   -0.00000066897383,    1.76925529528167,    0.00000000000000,    1.76925529528167,  -34.10433311702442,    0.00000000000000,
   45,    3,    1.11250000000000,    0.06250000000000,    1.79707448412505,    0.00000000000000,    1.79707448412505,   -0.00000037225715,    0.00000000000000,   -0.00000066897383,    1.76925529528167,    0.00000000000000,    1.76925529528167,  -34.10433311702442,    0.00000000000000,
   45,    4,    1.11250000000000,    0.08750000000000,    1.79707448412505,    0.00000000000000,    1.79707448412505,   -0.00000037225715,    0.00000000000000,   -0.00000066897383,    1.76925529528167,    0.00000000000000,    1.76925529528167,  -34.10433311702442,    0.00000000000000,
   45,    5,    1.11250000000000,    0.11250000000000,    1.79707448412505,    0.00000000000000,    1.79707448412505,   -0.00000037225715,    0.00000000000000,   -0.00000066897383,    1.76925529528167,    0.00000000000000,    1.76925529528167,  -34.10433311702442,    0.00000000000000,
   46,    1,    1.13750000000000,    0.01250000000000,    1.74947485474861,    0.00000000000000,    1.74947485474861,   -0.00000039719731,    0.00000000000000,   -0.00000069488670,    1.72089350830838,    0.00000000000000,    1.72089350830838,  -32.10967861649179,    0.00000000000000,
   46,    2,    1.13750000000000,    0.03750000000000,    1.74947485474861,    0.00000000000000,    1.74947485474861,   -0.00000039719731,    0.00000000000000,   -0.00000069488670,    1.72089350830838,    0.00000000000000,    1.72089350830838,  -32.10967861649179,    0.00000000000000,
   46,    3,    1.13750000000000,    0.06250000000000,    1.74947485474861,    0.00000000000000,    1.74947485474861,   -0.00000039719731,    0.00000000000000,   -0.00000069488670,    1.72089350830838,    0.00000000000000,    1.72089350830838,  -32.10967861649179,    0.00000000000000,
   46,    4,    1.13750000000000,    0.08750000000000,    1.74947485474861,    0.00000000000000,    1.74947485474861,   -0.00000039719731,    0.00000000000000,   -0.00000069488670,    1.72089350830838,    0.00000000000000,    1.72089350830838,  -32.10967861649179,    0.00000000000000,
   46,    5,    1.13750000000000,    0.11250000000000,    1.74947485474861,    0.00000000000000,    1.74947485474861,   -0.00000039719731,    0.00000000000000,   -0.00000069488670,    1.72089350830838,    0.00000000000000,    1.72089350830838,  -32.10967861649179,    0.00000000000000,
   47,    1,    1.16250000000000,    0.01250000000000,    1.70361089777887,    0.00000000000000,    1.70361089777887,   -0.00000041905139,    0.00000000000000,   -0.00000071390051,    1.67425250566870,    0.00000000000000,    1.67425250566870,  -30.01318224011697,    0.00000000000000,
   47,    2,    1.16250000000000,    0.03750000000000,    1.70361089777887,    0.00000000000000,    1.70361089777887,   -0.00000041905139,    0.00000000000000,   -0.00000071390051,    1.67425250566870,    0.00000000000000,    1.67425250566870,  -30.01318224011697,    0.00000000000000,
   47,    3,    1.16250000000000,    0.06250000000000,    1.70361089777887,    0.00000000000000,    1.70361089777887,   -0.00000041905139,    0.00000000000000,   -0.00000071390051,    1.67425250566870,    0.00000000000000,    1.67425250566870,  -30.01318224011697,    0.00000000000000,
   47,    4,    1.16250000000000,    0.08750000000000,    1.70361089777887,    0.00000000000000,    1.70361089777887,   -0.00000041905139,    0.00000000000000,   -0.00000071390051,    1.67425250566870,    0.00000000000000,    1.67425250566870,  -30.01318224011697,    0.00000000000000,
   47,    5,    1.16250000000000,    0.11250000000000,    1.70361089777887,    0.00000000000000,    1.70361089777887,   -0.00000041905139,    0.00000000000000,   -0.00000071390051,    1.67425250566870,    0.00000000000000,    1.67425250566870,  -30.01318224011697,    0.00000000000000,
   48,    1,    1.18750000000000,    0.01250000000000,    1.65976363858024,    0.00000000000000,    1.65976363858024,   -0.00000043668384,    0.00000000000000,   -0.00000072479197,    1.62961984465360,    0.00000000000000,    1.62961984465360,  -27.83942915921262,    0.00000000000000,
   48,    2,    1.18750000000000,    0.03750000000000,    1.65976363858024,    0.00000000000000,    1.65976363858024,   -0.00000043668384,    0.00000000000000,   -0.00000072479197,    1.62961984465360,    0.00000000000000,    1.62961984465360,  -27.83942915921262,    0.00000000000000,
   48,    3,    1.18750000000000,    0.06250000000000,    1.65976363858024,    0.00000000000000,    1.65976363858024,   -0.00000043668384,    0.00000000000000,   -0.00000072479197,    1.62961984465360,    0.00000000000000,    1.62961984465360,  -27.83942915921262,    0.00000000000000,
   48,    4,    1.18750000000000,    0.08750000000000,    1.65976363858024,    0.00000000000000,    1.65976363858024,   -0.00000043668384,    0.00000000000000,   -0.00000072479197,    1.62961984465360,    0.00000000000000,    1.62961984465360,  -27.83942915921262,    0.00000000000000,
   48,    5,    1.18750000000000,    0.11250000000000,    1.65976363858024,    0.00000000000000,    1.65976363858024,   -0.00000043668384,    0.00000000000000,   -0.00000072479197,    1.62961984465360,    0.00000000000000,    1.62961984465360,  -27.83942915921262,    0.00000000000000,
   49,    1,    1.21250000000000,    0.01250000000000,    1.61820059108352,    0.00000000000000,    1.61820059108352,   -0.00000044890882,    0.00000000000000,   -0.00000072642451,    1.58727070046011,    0.00000000000000,    1.58727070046011,  -25.61082684516624,    0.00000000000000,
   49,    2,    1.21250000000000,    0.03750000000000,    1.61820059108352,    0.00000000000000,    1.61820059108352,   -0.00000044890882,    0.00000000000000,   -0.00000072642451,    1.58727070046011,    0.00000000000000,    1.58727070046011,  -25.61082684516624,    0.00000000000000,
   49,    3,    1.21250000000000,    0.06250000000000,    1.61820059108352,    0.00000000000000,    1.61820059108352,   -0.00000044890882,    0.00000000000000,   -0.00000072642451,    1.58727070046011,    0.00000000000000,    1.58727070046011,  -25.61082684516624,    0.00000000000000,
   49,    4,    1.21250000000000,    0.08750000000000,    1.61820059108352,    0.00000000000000,    1.61820059108352,   -0.00000044890882,    0.00000000000000,   -0.00000072642451,    1.58727070046011,    0.00000000000000,    1.58727070046011,  -25.61082684516624,    0.00000000000000,
   49,    5,    1.21250000000000,    0.11250000000000,    1.61820059108352,    0.00000000000000,    1.61820059108352,   -0.00000044890882,    0.00000000000000,   -0.00000072642451,    1.58727070046011,    0.00000000000000,    1.58727070046011,  -25.61082684516624,    0.00000000000000,
   50,    1,    1.23750000000000,    0.01250000000000,    1.57917407197730,    0.00000000000000,    1.57917407197730,   -0.00000045454548,   -0.00000000000000,   -0.00000071780644,    1.54746616964471,    0.00000000000000,    1.54746616964471,  -23.34724517313344,    0.00000000000000,
   50,    2,    1.23750000000000,    0.03750000000000,    1.57917407197730,    0.00000000000000,    1.57917407197730,   -0.00000045454548,   -0.00000000000000,   -0.00000071780644,    1.54746616964471,    0.00000000000000,    1.54746616964471,  -23.34724517313344,    0.00000000000000,
   50,    3,    1.23750000000000,    0.06250000000000,    1.57917407197730,    0.00000000000000,    1.57917407197730,   -0.00000045454548,   -0.00000000000000,   -0.00000071780644,    1.54746616964471,    0.00000000000000,    1.54746616964471,  -23.34724517313344,    0.00000000000000,
   50,    4,    1.23750000000000,    0.08750000000000,    1.57917407197730,    0.00000000000000,    1.57917407197730,   -0.00000045454548,   -0.00000000000000,   -0.00000071780644,    1.54746616964471,    0.00000000000000,    1.54746616964471,  -23.34724517313344,    0.00000000000000,
   50,    5,    1.23750000000000,    0.11250000000000,    1.57917407197730,    0.00000000000000,    1.57917407197730,   -0.00000045454548,   -0.00000000000000,   -0.00000071780644,    1.54746616964471,    0.00000000000000,    1.54746616964471,  -23.34724517313344,    0.00000000000000,
   51,    1,    1.26250000000000,    0.01250000000000,    1.54291966012166,    0.00000000000000,    1.54291966012166,   -0.00000045248650,    0.00000000000000,   -0.00000069815032,    1.51045166037621,    0.00000000000000,    1.51045166037621,  -21.06574298161059,    0.00000000000000,
   51,    2,    1.26250000000000,    0.03750000000000,    1.54291966012166,    0.00000000000000,    1.54291966012166,   -0.00000045248650,    0.00000000000000,   -0.00000069815032,    1.51045166037621,    0.00000000000000,    1.51045166037621,  -21.06574298161059,    0.00000000000000,
   51,    3,    1.26250000000000,    0.06250000000000,    1.54291966012166,    0.00000000000000,    1.54291966012166,   -0.00000045248650,    0.00000000000000,   -0.00000069815032,    1.51045166037621,    0.00000000000000,    1.51045166037621,  -21.06574298161059,    0.00000000000000,
   51,    4,    1.26250000000000,    0.08750000000000,    1.54291966012166,    0.00000000000000,    1.54291966012166,   -0.00000045248650,    0.00000000000000,   -0.00000069815032,    1.51045166037621,    0.00000000000000,    1.51045166037621,  -21.06574298161059,    0.00000000000000,
   51,    5,    1.26250000000000,    0.11250000000000,    1.54291966012166,    0.00000000000000,    1.54291966012166,   -0.00000045248650,    0.00000000000000,   -0.00000069815032,    1.51045166037621,    0.00000000000000,    1.51045166037621,  -21.06574298161059,    0.00000000000000,
   52,    1,    1.28750000000000,    0.01250000000000,    1.50965482243853,    0.00000000000000,    1.50965482243853,   -0.00000044177649,   -0.00000000000000,   -0.00000066693001,    1.47645537941284,    0.00000000000000,    1.47645537941284,  -18.78038649028494,    0.00000000000000,
   52,    2,    1.28750000000000,    0.03750000000000,    1.50965482243853,    0.00000000000000,    1.50965482243853,   -0.00000044177649,   -0.00000000000000,   -0.00000066693001,    1.47645537941284,    0.00000000000000,    1.47645537941284,  -18.78038649028494,    0.00000000000000,
   52,    3,    1.28750000000000,    0.06250000000000,    1.50965482243853,    0.00000000000000,    1.50965482243853,   -0.00000044177649,   -0.00000000000000,   -0.00000066693001,    1.47645537941284,    0.00000000000000,    1.47645537941284,  -18.78038649028494,    0.00000000000000,
   52,    4,    1.28750000000000,    0.08750000000000,    1.50965482243853,    0.00000000000000,    1.50965482243853,   -0.00000044177649,   -0.00000000000000,   -0.00000066693001,    1.47645537941284,    0.00000000000000,    1.47645537941284,  -18.78038649028494,    0.00000000000000,
   52,    5,    1.28750000000000,    0.11250000000000,    1.50965482243853,    0.00000000000000,    1.50965482243853,   -0.00000044177649,   -0.00000000000000,   -0.00000066693001,    1.47645537941284,    0.00000000000000,    1.47645537941284,  -18.78038649028494,    0.00000000000000,
   53,    1,    1.31250000000000,    0.01250000000000,    1.47957772373804,    0.00000000000000,    1.47957772373804,   -0.00000042169539,   -0.00000000000000,   -0.00000062393110,    1.44568692513164,    0.00000000000000,    1.44568692513164,  -16.50216257711261,    0.00000000000000,
   53,    2,    1.31250000000000,    0.03750000000000,    1.47957772373804,    0.00000000000000,    1.47957772373804,   -0.00000042169539,   -0.00000000000000,   -0.00000062393110,    1.44568692513164,    0.00000000000000,    1.44568692513164,  -16.50216257711261,    0.00000000000000,
   53,    3,    1.31250000000000,    0.06250000000000,    1.47957772373804,    0.00000000000000,    1.47957772373804,   -0.00000042169539,   -0.00000000000000,   -0.00000062393110,    1.44568692513164,    0.00000000000000,    1.44568692513164,  -16.50216257711261,    0.00000000000000,
   53,    4,    1.31250000000000,    0.08750000000000,    1.47957772373804,    0.00000000000000,    1.47957772373804,   -0.00000042169539,   -0.00000000000000,   -0.00000062393110,    1.44568692513164,    0.00000000000000,    1.44568692513164,  -16.50216257711261,    0.00000000000000,
   53,    5,    1.31250000000000,    0.11250000000000,    1.47957772373804,    0.00000000000000,    1.47957772373804,   -0.00000042169539,   -0.00000000000000,   -0.00000062393110,    1.44568692513164,    0.00000000000000,    1.44568692513164,  -16.50216257711261,    0.00000000000000,
   54,    1,    1.33750000000000,    0.01250000000000,    1.45286623195710,    0.00000000000000,    1.45286623195710,   -0.00000039183945,   -0.00000000000000,   -0.00000056929030,    1.41833599528480,    0.00000000000000,    1.41833599528480,  -14.23898744930060,    0.00000000000000,
   54,    2,    1.33750000000000,    0.03750000000000,    1.45286623195710,    0.00000000000000,    1.45286623195710,   -0.00000039183945,   -0.00000000000000,   -0.00000056929030,    1.41833599528480,    0.00000000000000,    1.41833599528480,  -14.23898744930060,    0.00000000000000,
   54,    3,    1.33750000000000,    0.06250000000000,    1.45286623195710,    0.00000000000000,    1.45286623195710,   -0.00000039183945,   -0.00000000000000,   -0.00000056929030,    1.41833599528480,    0.00000000000000,    1.41833599528480,  -14.23898744930060,    0.00000000000000,
   54,    4,    1.33750000000000,    0.08750000000000,    1.45286623195710,    0.00000000000000,    1.45286623195710,   -0.00000039183945,   -0.00000000000000,   -0.00000056929030,    1.41833599528480,    0.00000000000000,    1.41833599528480,  -14.23898744930060,    0.00000000000000,
   54,    5,    1.33750000000000,    0.11250000000000,    1.45286623195710,    0.00000000000000,    1.45286623195710,   -0.00000039183945,   -0.00000000000000,   -0.00000056929030,    1.41833599528480,    0.00000000000000,    1.41833599528480,  -14.23898744930060,    0.00000000000000,
   55,    1,    1.36250000000000,    0.01250000000000,    1.42967712219305,    0.00000000000000,    1.42967712219305,   -0.00000035219149,   -0.00000000000000,   -0.00000050352012,    1.39457121744995,    0.00000000000000,    1.39457121744995,  -11.99580877329650,    0.00000000000000,
   55,    2,    1.36250000000000,    0.03750000000000,    1.42967712219305,    0.00000000000000,    1.42967712219305,   -0.00000035219149,   -0.00000000000000,   -0.00000050352012,    1.39457121744995,    0.00000000000000,    1.39457121744995,  -11.99580877329650,    0.00000000000000,
   55,    3,    1.36250000000000,    0.06250000000000,    1.42967712219305,    0.00000000000000,    1.42967712219305,   -0.00000035219149,   -0.00000000000000,   -0.00000050352012,    1.39457121744995,    0.00000000000000,    1.39457121744995,  -11.99580877329650,    0.00000000000000,
   55,    4,    1.36250000000000,    0.08750000000000,    1.42967712219305,    0.00000000000000,    1.42967712219305,   -0.00000035219149,   -0.00000000000000,   -0.00000050352012,    1.39457121744995,    0.00000000000000,    1.39457121744995,  -11.99580877329650,    0.00000000000000,
   55,    5,    1.36250000000000,    0.11250000000000,    1.42967712219305,    0.00000000000000,    1.42967712219305,   -0.00000035219149,   -0.00000000000000,   -0.00000050352012,    1.39457121744995,    0.00000000000000,    1.39457121744995,  -11.99580877329650,    0.00000000000000,
   56,    1,    1.38750000000000,    0.01250000000000,    1.41014547322974,    0.00000000000000,    1.41014547322974,   -0.00000030317131,   -0.00000000000000,   -0.00000042751565,    1.37453910938501,    0.00000000000000,    1.37453910938501,   -9.77479691757395,    0.00000000000000,
   56,    2,    1.38750000000000,    0.03750000000000,    1.41014547322974,    0.00000000000000,    1.41014547322974,   -0.00000030317131,   -0.00000000000000,   -0.00000042751565,    1.37453910938501,    0.00000000000000,    1.37453910938501,   -9.77479691757395,    0.00000000000000,
   56,    3,    1.38750000000000,    0.06250000000000,    1.41014547322974,    0.00000000000000,    1.41014547322974,   -0.00000030317131,   -0.00000000000000,   -0.00000042751565,    1.37453910938501,    0.00000000000000,    1.37453910938501,   -9.77479691757395,    0.00000000000000,
   56,    4,    1.38750000000000,    0.08750000000000,    1.41014547322974,    0.00000000000000,    1.41014547322974,   -0.00000030317131,   -0.00000000000000,   -0.00000042751565,    1.37453910938501,    0.00000000000000,    1.37453910938501,   -9.77479691757395,    0.00000000000000,
   56,    5,    1.38750000000000,    0.11250000000000,    1.41014547322974,    0.00000000000000,    1.41014547322974,   -0.00000030317131,   -0.00000000000000,   -0.00000042751565,    1.37453910938501,    0.00000000000000,    1.37453910938501,   -9.77479691757395,    0.00000000000000,
   57,    1,    1.41250000000000,    0.01250000000000,    1.39438423999174,    0.00000000000000,    1.39438423999174,   -0.00000024565801,   -0.00000000000000,   -0.00000034254166,    1.35836317569757,    0.00000000000000,    1.35836317569757,   -7.57561866899721,    0.00000000000000,
   57,    2,    1.41250000000000,    0.03750000000000,    1.39438423999174,    0.00000000000000,    1.39438423999174,   -0.00000024565801,   -0.00000000000000,   -0.00000034254166,    1.35836317569757,    0.00000000000000,    1.35836317569757,   -7.57561866899721,    0.00000000000000,
   57,    3,    1.41250000000000,    0.06250000000000,    1.39438423999174,    0.00000000000000,    1.39438423999174,   -0.00000024565801,   -0.00000000000000,   -0.00000034254166,    1.35836317569757,    0.00000000000000,    1.35836317569757,   -7.57561866899721,    0.00000000000000,
   57,    4,    1.41250000000000,    0.08750000000000,    1.39438423999174,    0.00000000000000,    1.39438423999174,   -0.00000024565801,   -0.00000000000000,   -0.00000034254166,    1.35836317569757,    0.00000000000000,    1.35836317569757,   -7.57561866899721,    0.00000000000000,
   57,    5,    1.41250000000000,    0.11250000000000,    1.39438423999174,    0.00000000000000,    1.39438423999174,   -0.00000024565801,   -0.00000000000000,   -0.00000034254166,    1.35836317569757,    0.00000000000000,    1.35836317569757,   -7.57561866899721,    0.00000000000000,
   58,    1,    1.43750000000000,    0.01250000000000,    1.38248397597029,    0.00000000000000,    1.38248397597029,   -0.00000018097832,   -0.00000000000000,   -0.00000025019962,    1.34614314639785,    0.00000000000000,    1.34614314639785,   -5.39578466592056,    0.00000000000000,
   58,    2,    1.43750000000000,    0.03750000000000,    1.38248397597029,    0.00000000000000,    1.38248397597029,   -0.00000018097832,   -0.00000000000000,   -0.00000025019962,    1.34614314639785,    0.00000000000000,    1.34614314639785,   -5.39578466592056,    0.00000000000000,
   58,    3,    1.43750000000000,    0.06250000000000,    1.38248397597029,    0.00000000000000,    1.38248397597029,   -0.00000018097832,   -0.00000000000000,   -0.00000025019962,    1.34614314639785,    0.00000000000000,    1.34614314639785,   -5.39578466592056,    0.00000000000000,
   58,    4,    1.43750000000000,    0.08750000000000,    1.38248397597029,    0.00000000000000,    1.38248397597029,   -0.00000018097832,   -0.00000000000000,   -0.00000025019962,    1.34614314639785,    0.00000000000000,    1.34614314639785,   -5.39578466592056,    0.00000000000000,
   58,    5,    1.43750000000000,    0.11250000000000,    1.38248397597029,    0.00000000000000,    1.38248397597029,   -0.00000018097832,   -0.00000000000000,   -0.00000025019962,    1.34614314639785,    0.00000000000000,    1.34614314639785,   -5.39578466592056,    0.00000000000000,
   59,    1,    1.46250000000000,    0.01250000000000,    1.37451267280658,    0.00000000000000,    1.37451267280658,   -0.00000011085801,   -0.00000000000000,   -0.00000015237575,    1.33795436203005,    0.00000000000000,    1.33795436203005,   -3.23105990161213,    0.00000000000000,
   59,    2,    1.46250000000000,    0.03750000000000,    1.37451267280658,    0.00000000000000,    1.37451267280658,   -0.00000011085801,   -0.00000000000000,   -0.00000015237575,    1.33795436203005,    0.00000000000000,    1.33795436203005,   -3.23105990161213,    0.00000000000000,
   59,    3,    1.46250000000000,    0.06250000000000,    1.37451267280658,    0.00000000000000,    1.37451267280658,   -0.00000011085801,   -0.00000000000000,   -0.00000015237575,    1.33795436203005,    0.00000000000000,    1.33795436203005,   -3.23105990161213,    0.00000000000000,
   59,    4,    1.46250000000000,    0.08750000000000,    1.37451267280658,    0.00000000000000,    1.37451267280658,   -0.00000011085801,   -0.00000000000000,   -0.00000015237575,    1.33795436203005,    0.00000000000000,    1.33795436203005,   -3.23105990161213,    0.00000000000000,
   59,    5,    1.46250000000000,    0.11250000000000,    1.37451267280658,    0.00000000000000,    1.37451267280658,   -0.00000011085801,   -0.00000000000000,   -0.00000015237575,    1.33795436203005,    0.00000000000000,    1.33795436203005,   -3.23105990161213,    0.00000000000000,
   60,    1,    1.48750000000000,    0.01250000000000,    1.37051568143000,    0.00000000000000,    1.37051568143000,   -0.00000003733814,   -0.00000000000000,   -0.00000005117250,    1.33384730917285,    0.00000000000000,    1.33384730917285,   -1.07592503706731,    0.00000000000000,
   60,    2,    1.48750000000000,    0.03750000000000,    1.37051568143000,    0.00000000000000,    1.37051568143000,   -0.00000003733814,   -0.00000000000000,   -0.00000005117250,    1.33384730917285,    0.00000000000000,    1.33384730917285,   -1.07592503706731,    0.00000000000000,
   60,    3,    1.48750000000000,    0.06250000000000,    1.37051568143000,    0.00000000000000,    1.37051568143000,   -0.00000003733814,   -0.00000000000000,   -0.00000005117250,    1.33384730917285,    0.00000000000000,    1.33384730917285,   -1.07592503706731,    0.00000000000000,
   60,    4,    1.48750000000000,    0.08750000000000,    1.37051568143000,    0.00000000000000,    1.37051568143000,   -0.00000003733814,   -0.00000000000000,   -0.00000005117250,    1.33384730917285,    0.00000000000000,    1.33384730917285,   -1.07592503706731,    0.00000000000000,
   60,    5,    1.48750000000000,    0.11250000000000,    1.37051568143000,    0.00000000000000,    1.37051568143000,   -0.00000003733814,   -0.00000000000000,   -0.00000005117250,    1.33384730917285,    0.00000000000000,    1.33384730917285,   -1.07592503706731,    0.00000000000000,
   61,    1,    1.51250000000000,    0.01250000000000,    1.37051568143000,    0.00000000000000,    1.37051568143000,    0.00000003733815,   -0.00000000000000,    0.00000005117252,    1.33384730917285,    0.00000000000000,    1.33384730917285,    1.07592503706730,    0.00000000000000,
   61,    2,    1.51250000000000,    0.03750000000000,    1.37051568143000,    0.00000000000000,    1.37051568143000,    0.00000003733815,   -0.00000000000000,    0.00000005117252,    1.33384730917285,    0.00000000000000,    1.33384730917285,    1.07592503706730,    0.00000000000000,
   61,    3,    1.51250000000000,    0.06250000000000,    1.37051568143000,    0.00000000000000,    1.37051568143000,    0.00000003733815,   -0.00000000000000,    0.00000005117252,    1.33384730917285,    0.00000000000000,    1.33384730917285,    1.07592503706730,    0.00000000000000,
   61,    4,    1.51250000000000,    0.08750000000000,    1.37051568143000,    0.00000000000000,    1.37051568143000,    0.00000003733815,   -0.00000000000000,    0.00000005117252,    1.33384730917285,    0.00000000000000,    1.33384730917285,    1.07592503706730,    0.00000000000000,
   61,    5,    1.51250000000000,    0.11250000000000,    1.37051568143000,    0.00000000000000,    1.37051568143000,    0.00000003733815,   -0.00000000000000,    0.00000005117252,    1.33384730917285,    0.00000000000000,    1.33384730917285,    1.07592503706730,    0.00000000000000,
   62,    1,    1.53750000000000,    0.01250000000000,    1.37451267280658,    0.00000000000000,    1.37451267280658,    0.00000011085802,   -0.00000000000000,    0.00000015237576,    1.33795436203005,    0.00000000000000,    1.33795436203005,    3.23105990161214,    0.00000000000000,
   62,    2,    1.53750000000000,    0.03750000000000,    1.37451267280658,    0.00000000000000,    1.37451267280658,    0.00000011085802,   -0.00000000000000,    0.00000015237576,    1.33795436203005,    0.00000000000000,    1.33795436203005,    3.23105990161214,    0.00000000000000,
   62,    3,    1.53750000000000,    0.06250000000000,    1.37451267280658,    0.00000000000000,    1.37451267280658,    0.00000011085802,   -0.00000000000000,    0.00000015237576,    1.33795436203005,    0.00000000000000,    1.33795436203005,    3.23105990161214,    0.00000000000000,
   62,    4,    1.53750000000000,    0.08750000000000,    1.37451267280658,    0.00000000000000,    1.37451267280658,    0.00000011085802,   -0.00000000000000,    0.00000015237576,    1.33795436203005,    0.00000000000000,    1.33795436203005,    3.23105990161214,    0.00000000000000,
   62,    5,    1.53750000000000,    0.11250000000000,    1.37451267280658,    0.00000000000000,    1.37451267280658,    0.00000011085802,   -0.00000000000000,    0.00000015237576,    1.33795436203005,    0.00000000000000,    1.33795436203005,    3.23105990161214,    0.00000000000000,
   63,    1,    1.56250000000000,    0.01250000000000,    1.38248397597029,    0.00000000000000,    1.38248397597029,    0.00000018097833,   -0.00000000000000,    0.00000025019964,    1.34614314639785,    0.00000000000000,    1.34614314639785,    5.39578466592055,    0.00000000000000,
   63,    2,    1.56250000000000,    0.03750000000000,    1.38248397597029,    0.00000000000000,    1.38248397597029,    0.00000018097833,   -0.00000000000000,    0.00000025019964,    1.34614314639785,    0.00000000000000,    1.34614314639785,    5.39578466592055,    0.00000000000000,
   63,    3,    1.56250000000000,    0.06250000000000,    1.38248397597029,    0.00000000000000,    1.38248397597029,    0.00000018097833,   -0.00000000000000,    0.00000025019964,    1.34614314639785,    0.00000000000000,    1.34614314639785,    5.39578466592055,    0.00000000000000,
   63,    4,    1.56250000000000,    0.08750000000000,    1.38248397597029,    0.00000000000000,    1.38248397597029,    0.00000018097833,   -0.00000000000000,    0.00000025019964,    1.34614314639785,    0.00000000000000,    1.34614314639785,    5.39578466592055,    0.00000000000000,
   63,    5,    1.56250000000000,    0.11250000000000,    1.38248397597029,    0.00000000000000,    1.38248397597029,    0.00000018097833,   -0.00000000000000,    0.00000025019964,    1.34614314639785,    0.00000000000000,    1.34614314639785,    5.39578466592055,    0.00000000000000,
   64,    1,    1.58750000000000,    0.01250000000000,    1.39438423999174,    0.00000000000000,    1.39438423999174,    0.00000024565802,   -0.00000000000000,    0.00000034254167,    1.35836317569757,    0.00000000000000,    1.35836317569757,    7.57561866899723,    0.00000000000000,
   64,    2,    1.58750000000000,    0.03750000000000,    1.39438423999174,    0.00000000000000,    1.39438423999174,    0.00000024565802,   -0.00000000000000,    0.00000034254167,    1.35836317569757,    0.00000000000000,    1.35836317569757,    7.57561866899723,    0.00000000000000,
   64,    3,    1.58750000000000,    0.06250000000000,    1.39438423999174,    0.00000000000000,    1.39438423999174,    0.00000024565802,   -0.00000000000000,    0.00000034254167,    1.35836317569757,    0.00000000000000,    1.35836317569757,    7.57561866899723,    0.00000000000000,
   64,    4,    1.58750000000000,    0.08750000000000,    1.39438423999174,    0.00000000000000,    1.39438423999174,    0.00000024565802,   -0.00000000000000,    0.00000034254167,    1.35836317569757,    0.00000000000000,    1.35836317569757,    7.57561866899723,    0.00000000000000,
   64,    5,    1.58750000000000,    0.11250000000000,    1.39438423999174,    0.00000000000000,    1.39438423999174,    0.00000024565802,   -0.00000000000000,    0.00000034254167,    1.35836317569757,    0.00000000000000,    1.35836317569757,    7.57561866899723,    0.00000000000000,
   65,    1,    1.61250000000000,    0.01250000000000,    1.41014547322974,    0.00000000000000,    1.41014547322974,    0.00000030317132,   -0.00000000000000,    0.00000042751567,    1.37453910938501,    0.00000000000000,    1.37453910938501,    9.77479691757397,    0.00000000000000,
   65,    2,    1.61250000000000,    0.03750000000000,    1.41014547322974,    0.00000000000000,    1.41014547322974,    0.00000030317132,   -0.00000000000000,    0.00000042751567,    1.37453910938501,    0.00000000000000,    1.37453910938501,    9.77479691757397,    0.00000000000000,
   65,    3,    1.61250000000000,    0.06250000000000,    1.41014547322974,    0.00000000000000,    1.41014547322974,    0.00000030317132,   -0.00000000000000,    0.00000042751567,    1.37453910938501,    0.00000000000000,    1.37453910938501,    9.77479691757397,    0.00000000000000,
   65,    4,    1.61250000000000,    0.08750000000000,    1.41014547322974,    0.00000000000000,    1.41014547322974,    0.00000030317132,   -0.00000000000000,    0.00000042751567,    1.37453910938501,    0.00000000000000,    1.37453910938501,    9.77479691757397,    0.00000000000000,
   65,    5,    1.61250000000000,    0.11250000000000,    1.41014547322974,    0.00000000000000,    1.41014547322974,    0.00000030317132,   -0.00000000000000,    0.00000042751567,    1.37453910938501,    0.00000000000000,    1.37453910938501,    9.77479691757397,    0.00000000000000,
   66,    1,    1.63750000000000,    0.01250000000000,    1.42967712219305,    0.00000000000000,    1.42967712219305,    0.00000035219150,   -0.00000000000000,    0.00000050352014,    1.39457121744995,    0.00000000000000,    1.39457121744995,   11.99580877329652,    0.00000000000000,
   66,    2,    1.63750000000000,    0.03750000000000,    1.42967712219305,    0.00000000000000,    1.42967712219305,    0.00000035219150,   -0.00000000000000,    0.00000050352014,    1.39457121744995,    0.00000000000000,    1.39457121744995,   11.99580877329652,    0.00000000000000,
   66,    3,    1.63750000000000,    0.06250000000000,    1.42967712219305,    0.00000000000000,    1.42967712219305,    0.00000035219150,   -0.00000000000000,    0.00000050352014,    1.39457121744995,    0.00000000000000,    1.39457121744995,   11.99580877329652,    0.00000000000000,
   66,    4,    1.63750000000000,    0.08750000000000,    1.42967712219305,    0.00000000000000,    1.42967712219305,    0.00000035219150,   -0.00000000000000,    0.00000050352014,    1.39457121744995,    0.00000000000000,    1.39457121744995,   11.99580877329652,    0.00000000000000,
   66,    5,    1.63750000000000,    0.11250000000000,    1.42967712219305,    0.00000000000000,    1.42967712219305,    0.00000035219150,   -0.00000000000000,    0.00000050352014,    1.39457121744995,    0.00000000000000,    1.39457121744995,   11.99580877329652,    0.00000000000000,
   67,    1,    1.66250000000000,    0.01250000000000,    1.45286623195710,    0.00000000000000,    1.45286623195710,    0.00000039183946,    0.00000000000000,    0.00000056929031,    1.41833599528480,    0.00000000000000,    1.41833599528480,   14.23898744930062,    0.00000000000000,
   67,    2,    1.66250000000000,    0.03750000000000,    1.45286623195710,    0.00000000000000,    1.45286623195710,    0.00000039183946,    0.00000000000000,    0.00000056929031,    1.41833599528480,    0.00000000000000,    1.41833599528480,   14.23898744930062,    0.00000000000000,
   67,    3,    1.66250000000000,    0.06250000000000,    1.45286623195710,    0.00000000000000,    1.45286623195710,    0.00000039183946,    0.00000000000000,    0.00000056929031,    1.41833599528480,    0.00000000000000,    1.41833599528480,   14.23898744930062,    0.00000000000000,
   67,    4,    1.66250000000000,    0.08750000000000,    1.45286623195710,    0.00000000000000,    1.45286623195710,    0.00000039183946,    0.00000000000000,    0.00000056929031,    1.41833599528480,    0.00000000000000,    1.41833599528480,   14.23898744930062,    0.00000000000000,
   67,    5,    1.66250000000000,    0.11250000000000,    1.45286623195710,    0.00000000000000,    1.45286623195710,    0.00000039183946,    0.00000000000000,    0.00000056929031,    1.41833599528480,    0.00000000000000,    1.41833599528480,   14.23898744930062,    0.00000000000000,
   68,    1,    1.68750000000000,    0.01250000000000,    1.47957772373804,    0.00000000000000,    1.47957772373804,    0.00000042169539,    0.00000000000000,    0.00000062393111,    1.44568692513164,    0.00000000000000,    1.44568692513164,   16.50216257711260,    0.00000000000000,
   68,    2,    1.68750000000000,    0.03750000000000,    1.47957772373804,    0.00000000000000,    1.47957772373804,    0.00000042169539,    0.00000000000000,    0.00000062393111,    1.44568692513164,    0.00000000000000,    1.44568692513164,   16.50216257711260,    0.00000000000000,
   68,    3,    1.68750000000000,    0.06250000000000,    1.47957772373804,    0.00000000000000,    1.47957772373804,    0.00000042169539,    0.00000000000000,    0.00000062393111,    1.44568692513164,    0.00000000000000,    1.44568692513164,   16.50216257711260,    0.00000000000000,
   68,    4,    1.68750000000000,    0.08750000000000,    1.47957772373804,    0.00000000000000,    1.47957772373804,    0.00000042169539,    0.00000000000000,    0.00000062393111,    1.44568692513164,    0.00000000000000,    1.44568692513164,   16.50216257711260,    0.00000000000000,
   68,    5,    1.68750000000000,    0.11250000000000,    1.47957772373804,    0.00000000000000,    1.47957772373804,    0.00000042169539,    0.00000000000000,    0.00000062393111,    1.44568692513164,    0.00000000000000,    1.44568692513164,   16.50216257711260,    0.00000000000000,
   69,    1,    1.71250000000000,    0.01250000000000,    1.50965482243853,    0.00000000000000,    1.50965482243853,    0.00000044177650,    0.00000000000000,    0.00000066693003,    1.47645537941284,    0.00000000000000,    1.47645537941284,   18.78038649028496,    0.00000000000000,
   69,    2,    1.71250000000000,    0.03750000000000,    1.50965482243853,    0.00000000000000,    1.50965482243853,    0.00000044177650,    0.00000000000000,    0.00000066693003,    1.47645537941284,    0.00000000000000,    1.47645537941284,   18.78038649028496,    0.00000000000000,
   69,    3,    1.71250000000000,    0.06250000000000,    1.50965482243853,    0.00000000000000,    1.50965482243853,    0.00000044177650,    0.00000000000000,    0.00000066693003,    1.47645537941284,    0.00000000000000,    1.47645537941284,   18.78038649028496,    0.00000000000000,
   69,    4,    1.71250000000000,    0.08750000000000,    1.50965482243853,    0.00000000000000,    1.50965482243853,    0.00000044177650,    0.00000000000000,    0.00000066693003,    1.47645537941284,    0.00000000000000,    1.47645537941284,   18.78038649028496,    0.00000000000000,
   69,    5,    1.71250000000000,    0.11250000000000,    1.50965482243853,    0.00000000000000,    1.50965482243853,    0.00000044177650,    0.00000000000000,    0.00000066693003,    1.47645537941284,    0.00000000000000,    1.47645537941284,   18.78038649028496,    0.00000000000000,
   70,    1,    1.73750000000000,    0.01250000000000,    1.54291966012166,    0.00000000000000,    1.54291966012166,    0.00000045248651,   -0.00000000000000,    0.00000069815033,    1.51045166037621,    0.00000000000000,    1.51045166037621,   21.06574298161060,    0.00000000000000,
   70,    2,    1.73750000000000,    0.03750000000000,    1.54291966012166,    0.00000000000000,    1.54291966012166,    0.00000045248651,   -0.00000000000000,    0.00000069815033,    1.51045166037621,    0.00000000000000,    1.51045166037621,   21.06574298161060,    0.00000000000000,
   70,    3,    1.73750000000000,    0.06250000000000,    1.54291966012166,    0.00000000000000,    1.54291966012166,    0.00000045248651,   -0.00000000000000,    0.00000069815033,    1.51045166037621,    0.00000000000000,    1.51045166037621,   21.06574298161060,    0.00000000000000,
   70,    4,    1.73750000000000,    0.08750000000000,    1.54291966012166,    0.00000000000000,    1.54291966012166,    0.00000045248651,   -0.00000000000000,    0.00000069815033,    1.51045166037621,    0.00000000000000,    1.51045166037621,   21.06574298161060,    0.00000000000000,
   70,    5,    1.73750000000000,    0.11250000000000,    1.54291966012166,    0.00000000000000,    1.54291966012166,    0.00000045248651,   -0.00000000000000,    0.00000069815033,    1.51045166037621,    0.00000000000000,    1.51045166037621,   21.06574298161060,    0.00000000000000,
   71,    1,    1.76250000000000,    0.01250000000000,    1.57917407197730,    0.00000000000000,    1.57917407197730,    0.00000045454549,   -0.00000000000000,    0.00000071780646,    1.54746616964471,    0.00000000000000,    1.54746616964471,   23.34724517313344,    0.00000000000000,
   71,    2,    1.76250000000000,    0.03750000000000,    1.57917407197730,    0.00000000000000,    1.57917407197730,    0.00000045454549,   -0.00000000000000,    0.00000071780646,    1.54746616964471,    0.00000000000000,    1.54746616964471,   23.34724517313344,    0.00000000000000,
   71,    3,    1.76250000000000,    0.06250000000000,    1.57917407197730,    0.00000000000000,    1.57917407197730,    0.00000045454549,   -0.00000000000000,    0.00000071780646,    1.54746616964471,    0.00000000000000,    1.54746616964471,   23.34724517313344,    0.00000000000000,
   71,    4,    1.76250000000000,    0.08750000000000,    1.57917407197730,    0.00000000000000,    1.57917407197730,    0.00000045454549,   -0.00000000000000,    0.00000071780646,    1.54746616964471,    0.00000000000000,    1.54746616964471,   23.34724517313344,    0.00000000000000,
   71,    5,    1.76250000000000,    0.11250000000000,    1.57917407197730,    0.00000000000000,    1.57917407197730,    0.00000045454549,   -0.00000000000000,    0.00000071780646,    1.54746616964471,    0.00000000000000,    1.54746616964471,   23.34724517313344,    0.00000000000000,
   72,    1,    1.78750000000000,    0.01250000000000,    1.61820059108352,    0.00000000000000,    1.61820059108352,    0.00000044890883,   -0.00000000000000,    0.00000072642453,    1.58727070046011,    0.00000000000000,    1.58727070046011,   25.61082684516626,    0.00000000000000,
   72,    2,    1.78750000000000,    0.03750000000000,    1.61820059108352,    0.00000000000000,    1.61820059108352,    0.00000044890883,   -0.00000000000000,    0.00000072642453,    1.58727070046011,    0.00000000000000,    1.58727070046011,   25.61082684516626,    0.00000000000000,
   72,    3,    1.78750000000000,    0.06250000000000,    1.61820059108352,    0.00000000000000,    1.61820059108352,    0.00000044890883,   -0.00000000000000,    0.00000072642453,    1.58727070046011,    0.00000000000000,    1.58727070046011,   25.61082684516626,    0.00000000000000,
   72,    4,    1.78750000000000,    0.08750000000000,    1.61820059108352,    0.00000000000000,    1.61820059108352,    0.00000044890883,   -0.00000000000000,    0.00000072642453,    1.58727070046011,    0.00000000000000,    1.58727070046011,   25.61082684516626,    0.00000000000000,
   72,    5,    1.78750000000000,    0.11250000000000,    1.61820059108352,    0.00000000000000,    1.61820059108352,    0.00000044890883,   -0.00000000000000,    0.00000072642453,    1.58727070046011,    0.00000000000000,    1.58727070046011,   25.61082684516626,    0.00000000000000,
   73,    1,    1.81250000000000,    0.01250000000000,    1.65976363858024,    0.00000000000000,    1.65976363858024,    0.00000043668385,    0.00000000000000,    0.00000072479198,    1.62961984465360,    0.00000000000000,    1.62961984465360,   27.83942915921261,    0.00000000000000,
   73,    2,    1.81250000000000,    0.03750000000000,    1.65976363858024,    0.00000000000000,    1.65976363858024,    0.00000043668385,    0.00000000000000,    0.00000072479198,    1.62961984465360,    0.00000000000000,    1.62961984465360,   27.83942915921261,    0.00000000000000,
   73,    3,    1.81250000000000,    0.06250000000000,    1.65976363858024,    0.00000000000000,    1.65976363858024,    0.00000043668385,    0.00000000000000,    0.00000072479198,    1.62961984465360,    0.00000000000000,    1.62961984465360,   27.83942915921261,    0.00000000000000,
   73,    4,    1.81250000000000,    0.08750000000000,    1.65976363858024,    0.00000000000000,    1.65976363858024,    0.00000043668385,    0.00000000000000,    0.00000072479198,    1.62961984465360,    0.00000000000000,    1.62961984465360,   27.83942915921261,    0.00000000000000,
   73,    5,    1.81250000000000,    0.11250000000000,    1.65976363858024,    0.00000000000000,    1.65976363858024,    0.00000043668385,    0.00000000000000,    0.00000072479198,    1.62961984465360,    0.00000000000000,    1.62961984465360,   27.83942915921261,    0.00000000000000,
   74,    1,    1.83750000000000,    0.01250000000000,    1.70361089777887,    0.00000000000000,    1.70361089777887,    0.00000041905140,    0.00000000000000,    0.00000071390053,    1.67425250566870,    0.00000000000000,    1.67425250566870,   30.01318224011698,    0.00000000000000,
   74,    2,    1.83750000000000,    0.03750000000000,    1.70361089777887,    0.00000000000000,    1.70361089777887,    0.00000041905140,    0.00000000000000,    0.00000071390053,    1.67425250566870,    0.00000000000000,    1.67425250566870,   30.01318224011698,    0.00000000000000,
   74,    3,    1.83750000000000,    0.06250000000000,    1.70361089777887,    0.00000000000000,    1.70361089777887,    0.00000041905140,    0.00000000000000,    0.00000071390053,    1.67425250566870,    0.00000000000000,    1.67425250566870,   30.01318224011698,    0.00000000000000,
   74,    4,    1.83750000000000,    0.08750000000000,    1.70361089777887,    0.00000000000000,    1.70361089777887,    0.00000041905140,    0.00000000000000,    0.00000071390053,    1.67425250566870,    0.00000000000000,    1.67425250566870,   30.01318224011698,    0.00000000000000,
   74,    5,    1.83750000000000,    0.11250000000000,    1.70361089777887,    0.00000000000000,    1.70361089777887,    0.00000041905140,    0.00000000000000,    0.00000071390053,    1.67425250566870,    0.00000000000000,    1.67425250566870,   30.01318224011698,    0.00000000000000,
   75,    1,    1.86250000000000,    0.01250000000000,    1.74947485474861,    0.00000000000000,    1.74947485474861,    0.00000039719731,    0.00000000000000,    0.00000069488671,    1.72089350830838,    0.00000000000000,    1.72089350830838,   32.10967861649178,    0.00000000000000,
   75,    2,    1.86250000000000,    0.03750000000000,    1.74947485474861,    0.00000000000000,    1.74947485474861,    0.00000039719731,    0.00000000000000,    0.00000069488671,    1.72089350830838,    0.00000000000000,    1.72089350830838,   32.10967861649178,    0.00000000000000,
   75,    3,    1.86250000000000,    0.06250000000000,    1.74947485474861,    0.00000000000000,    1.74947485474861,    0.00000039719731,    0.00000000000000,    0.00000069488671,    1.72089350830838,    0.00000000000000,    1.72089350830838,   32.10967861649178,    0.00000000000000,
   75,    4,    1.86250000000000,    0.08750000000000,    1.74947485474861,    0.00000000000000,    1.74947485474861,    0.00000039719731,    0.00000000000000,    0.00000069488671,    1.72089350830838,    0.00000000000000,    1.72089350830838,   32.10967861649178,    0.00000000000000,
   75,    5,    1.86250000000000,    0.11250000000000,    1.74947485474861,    0.00000000000000,    1.74947485474861,    0.00000039719731,    0.00000000000000,    0.00000069488671,    1.72089350830838,    0.00000000000000,    1.72089350830838,   32.10967861649178,    0.00000000000000,
   76,    1,    1.88750000000000,    0.01250000000000,    1.79707448412505,    0.00000000000000,    1.79707448412505,    0.00000037225716,    0.00000000000000,    0.00000066897385,    1.76925529528167,    0.00000000000000,    1.76925529528167,   34.10433311702444,    0.00000000000000,
   76,    2,    1.88750000000000,    0.03750000000000,    1.79707448412505,    0.00000000000000,    1.79707448412505,    0.00000037225716,    0.00000000000000,    0.00000066897385,    1.76925529528167,    0.00000000000000,    1.76925529528167,   34.10433311702444,    0.00000000000000,
   76,    3,    1.88750000000000,    0.06250000000000,    1.79707448412505,    0.00000000000000,    1.79707448412505,    0.00000037225716,    0.00000000000000,    0.00000066897385,    1.76925529528167,    0.00000000000000,    1.76925529528167,   34.10433311702444,    0.00000000000000,
   76,    4,    1.88750000000000,    0.08750000000000,    1.79707448412505,    0.00000000000000,    1.79707448412505,    0.00000037225716,    0.00000000000000,    0.00000066897385,    1.76925529528167,    0.00000000000000,    1.76925529528167,   34.10433311702444,    0.00000000000000,
   76,    5,    1.88750000000000,    0.11250000000000,    1.79707448412505,    0.00000000000000,    1.79707448412505,    0.00000037225716,    0.00000000000000,    0.00000066897385,    1.76925529528167,    0.00000000000000,    1.76925529528167,   34.10433311702444,    0.00000000000000,
   77,    1,    1.91250000000000,    0.01250000000000,    1.84611705704104,    0.00000000000000,    1.84611705704104,    0.00000034527524,    0.00000000000000,    0.00000063741851,    1.81903970008995,    0.00000000000000,    1.81903970008995,   35.97082154364147,    0.00000000000000,
   77,    2,    1.91250000000000,    0.03750000000000,    1.84611705704104,    0.00000000000000,    1.84611705704104,    0.00000034527524,    0.00000000000000,    0.00000063741851,    1.81903970008995,    0.00000000000000,    1.81903970008995,   35.97082154364147,    0.00000000000000,
   77,    3,    1.91250000000000,    0.06250000000000,    1.84611705704104,    0.00000000000000,    1.84611705704104,    0.00000034527524,    0.00000000000000,    0.00000063741851,    1.81903970008995,    0.00000000000000,    1.81903970008995,   35.97082154364147,    0.00000000000000,
   77,    4,    1.91250000000000,    0.08750000000000,    1.84611705704104,    0.00000000000000,    1.84611705704104,    0.00000034527524,    0.00000000000000,    0.00000063741851,    1.81903970008995,    0.00000000000000,    1.81903970008995,   35.97082154364147,    0.00000000000000,
   77,    5,    1.91250000000000,    0.11250000000000,    1.84611705704104,    0.00000000000000,    1.84611705704104,    0.00000034527524,    0.00000000000000,    0.00000063741851,    1.81903970008995,    0.00000000000000,    1.81903970008995,   35.97082154364147,    0.00000000000000,
   78,    1,    1.93750000000000,    0.01250000000000,    1.89630004776848,    0.00000000000000,    1.89630004776848,    0.00000031717755,    0.00000000000000,    0.00000060146381,    1.86993978532258,    0.00000000000000,    1.86993978532258,   37.68158834767329,    0.00000000000000,
   78,    2,    1.93750000000000,    0.03750000000000,    1.89630004776848,    0.00000000000000,    1.89630004776848,    0.00000031717755,    0.00000000000000,    0.00000060146381,    1.86993978532258,    0.00000000000000,    1.86993978532258,   37.68158834767329,    0.00000000000000,
   78,    3,    1.93750000000000,    0.06250000000000,    1.89630004776848,    0.00000000000000,    1.89630004776848,    0.00000031717755,    0.00000000000000,    0.00000060146381,    1.86993978532258,    0.00000000000000,    1.86993978532258,   37.68158834767329,    0.00000000000000,
   78,    4,    1.93750000000000,    0.08750000000000,    1.89630004776848,    0.00000000000000,    1.89630004776848,    0.00000031717755,    0.00000000000000,    0.00000060146381,    1.86993978532258,    0.00000000000000,    1.86993978532258,   37.68158834767329,    0.00000000000000,
   78,    5,    1.93750000000000,    0.11250000000000,    1.89630004776848,    0.00000000000000,    1.89630004776848,    0.00000031717755,    0.00000000000000,    0.00000060146381,    1.86993978532258,    0.00000000000000,    1.86993978532258,   37.68158834767329,    0.00000000000000,
   79,    1,    1.96250000000000,    0.01250000000000,    1.94731311641519,    0.00000000000000,    1.94731311641519,    0.00000028875722,   -0.00000000000000,    0.00000056230073,    1.92164173502811,    0.00000000000000,    1.92164173502811,   39.20841167465620,    0.00000000000000,
   79,    2,    1.96250000000000,    0.03750000000000,    1.94731311641519,    0.00000000000000,    1.94731311641519,    0.00000028875722,   -0.00000000000000,    0.00000056230073,    1.92164173502811,    0.00000000000000,    1.92164173502811,   39.20841167465620,    0.00000000000000,
   79,    3,    1.96250000000000,    0.06250000000000,    1.94731311641519,    0.00000000000000,    1.94731311641519,    0.00000028875722,   -0.00000000000000,    0.00000056230073,    1.92164173502811,    0.00000000000000,    1.92164173502811,   39.20841167465620,    0.00000000000000,
   79,    4,    1.96250000000000,    0.08750000000000,    1.94731311641519,    0.00000000000000,    1.94731311641519,    0.00000028875722,   -0.00000000000000,    0.00000056230073,    1.92164173502811,    0.00000000000000,    1.92164173502811,   39.20841167465620,    0.00000000000000,
   79,    5,    1.96250000000000,    0.11250000000000,    1.94731311641519,    0.00000000000000,    1.94731311641519,    0.00000028875722,   -0.00000000000000,    0.00000056230073,    1.92164173502811,    0.00000000000000,    1.92164173502811,   39.20841167465620,    0.00000000000000,
   80,    1,    1.98750000000000,    0.01250000000000,    1.99884014641312,    0.00000000000000,    1.99884014641312,    0.00000026067025,   -0.00000000000000,    0.00000052103816,    1.97382678949395,    0.00000000000000,    1.97382678949395,   40.52301256403836,    0.00000000000000,
   80,    2,    1.98750000000000,    0.03750000000000,    1.99884014641312,    0.00000000000000,    1.99884014641312,    0.00000026067025,   -0.00000000000000,    0.00000052103816,    1.97382678949395,    0.00000000000000,    1.97382678949395,   40.52301256403836,    0.00000000000000,
   80,    3,    1.98750000000000,    0.06250000000000,    1.99884014641312,    0.00000000000000,    1.99884014641312,    0.00000026067025,   -0.00000000000000,    0.00000052103816,    1.97382678949395,    0.00000000000000,    1.97382678949395,   40.52301256403836,    0.00000000000000,
   80,    4,    1.98750000000000,    0.08750000000000,    1.99884014641312,    0.00000000000000,    1.99884014641312,    0.00000026067025,   -0.00000000000000,    0.00000052103816,    1.97382678949395,    0.00000000000000,    1.97382678949395,   40.52301256403836,    0.00000000000000,
   80,    5,    1.98750000000000,    0.11250000000000,    1.99884014641312,    0.00000000000000,    1.99884014641312,    0.00000026067025,   -0.00000000000000,    0.00000052103816,    1.97382678949395,    0.00000000000000,    1.97382678949395,   40.52301256403836,    0.00000000000000,
